{
    "type": "FeatureCollection",
    "features": [
        {
            "type": "Feature",
            "properties": {
                "HYRIV_ID": 41397237,
                "NEXT_DOWN": 0,
                "MAIN_RIV": 41397237,
                "LENGTH_KM": 1.5700001,
                "DIST_DN_KM": 0.0,
                "DIST_UP_KM": 137.89999,
                "CATCH_SKM": 2.76,
                "UPLAND_SKM": 1661.0,
                "ENDORHEIC": 0,
                "DIS_AV_CMS": 24.546,
                "ORD_STRA": 4,
                "ORD_CLAS": 1,
                "ORD_FLOW": 5,
                "HYBAS_L12": 4120049560.0,
                "Shape_Length": 0.014225889843248485
            },
            "geometry": {
                "type": "LineString",
                "coordinates": [
                    [
                        81.0062499999996,
                        8.910416666666542
                    ],
                    [
                        81.01041666666632,
                        8.914583333333205
                    ],
                    [
                        81.01874999999964,
                        8.914583333333205
                    ]
                ]
            }
        },
        {
            "type": "Feature",
            "properties": {
                "HYRIV_ID": 41397480,
                "NEXT_DOWN": 41397481,
                "MAIN_RIV": 41397237,
                "LENGTH_KM": 1.14,
                "DIST_DN_KM": 10.2,
                "DIST_UP_KM": 4.6,
                "CATCH_SKM": 9.12,
                "UPLAND_SKM": 9.1,
                "ENDORHEIC": 0,
                "DIS_AV_CMS": 0.138,
                "ORD_STRA": 1,
                "ORD_CLAS": 2,
                "ORD_FLOW": 7,
                "HYBAS_L12": 4120049560.0,
                "Shape_Length": 0.010416666666628771
            },
            "geometry": {
                "type": "LineString",
                "coordinates": [
                    [
                        80.9416666666663,
                        8.868749999999885
                    ],
                    [
                        80.95208333333292,
                        8.868749999999885
                    ]
                ]
            }
        },
        {
            "type": "Feature",
            "properties": {
                "HYRIV_ID": 41397481,
                "NEXT_DOWN": 41397237,
                "MAIN_RIV": 41397237,
                "LENGTH_KM": 8.4300003,
                "DIST_DN_KM": 1.8,
                "DIST_UP_KM": 136.3,
                "CATCH_SKM": 26.93,
                "UPLAND_SKM": 1574.9,
                "ENDORHEIC": 0,
                "DIS_AV_CMS": 23.408001,
                "ORD_STRA": 4,
                "ORD_CLAS": 1,
                "ORD_FLOW": 5,
                "HYBAS_L12": 4120049560.0,
                "Shape_Length": 0.07630711874576072
            },
            "geometry": {
                "type": "LineString",
                "coordinates": [
                    [
                        80.95208333333292,
                        8.868749999999885
                    ],
                    [
                        80.95208333333292,
                        8.872916666666534
                    ],
                    [
                        80.96041666666625,
                        8.88124999999986
                    ],
                    [
                        80.96874999999969,
                        8.88124999999986
                    ],
                    [
                        80.9729166666664,
                        8.88541666666655
                    ],
                    [
                        80.9729166666664,
                        8.88958333333317
                    ],
                    [
                        80.97708333333296,
                        8.893749999999876
                    ],
                    [
                        80.98124999999962,
                        8.893749999999876
                    ],
                    [
                        80.98958333333294,
                        8.902083333333188
                    ],
                    [
                        80.99374999999961,
                        8.902083333333188
                    ],
                    [
                        81.00208333333299,
                        8.910416666666542
                    ],
                    [
                        81.0062499999996,
                        8.910416666666542
                    ]
                ]
            }
        },
        {
            "type": "Feature",
            "properties": {
                "HYRIV_ID": 41397529,
                "NEXT_DOWN": 41397237,
                "MAIN_RIV": 41397237,
                "LENGTH_KM": 8.1700001,
                "DIST_DN_KM": 2.0,
                "DIST_UP_KM": 22.9,
                "CATCH_SKM": 21.629999,
                "UPLAND_SKM": 84.0,
                "ENDORHEIC": 0,
                "DIS_AV_CMS": 1.25,
                "ORD_STRA": 2,
                "ORD_CLAS": 2,
                "ORD_FLOW": 6,
                "HYBAS_L12": 4120049560.0,
                "Shape_Length": 0.07386634192241698
            },
            "geometry": {
                "type": "LineString",
                "coordinates": [
                    [
                        80.98541666666628,
                        8.860416666666517
                    ],
                    [
                        80.98124999999962,
                        8.864583333333222
                    ],
                    [
                        80.98124999999962,
                        8.868749999999885
                    ],
                    [
                        80.98958333333294,
                        8.877083333333196
                    ],
                    [
                        80.98541666666628,
                        8.88124999999986
                    ],
                    [
                        80.98958333333294,
                        8.88541666666655
                    ],
                    [
                        80.99374999999961,
                        8.88541666666655
                    ],
                    [
                        80.99791666666627,
                        8.88958333333317
                    ],
                    [
                        81.00208333333299,
                        8.88958333333317
                    ],
                    [
                        81.01041666666632,
                        8.897916666666525
                    ],
                    [
                        81.01041666666632,
                        8.906249999999893
                    ],
                    [
                        81.0062499999996,
                        8.910416666666542
                    ]
                ]
            }
        },
        {
            "type": "Feature",
            "properties": {
                "HYRIV_ID": 41397559,
                "NEXT_DOWN": 41397481,
                "MAIN_RIV": 41397237,
                "LENGTH_KM": 1.95,
                "DIST_DN_KM": 10.4,
                "DIST_UP_KM": 127.7,
                "CATCH_SKM": 4.0300002,
                "UPLAND_SKM": 1538.8,
                "ENDORHEIC": 0,
                "DIS_AV_CMS": 23.107,
                "ORD_STRA": 4,
                "ORD_CLAS": 1,
                "ORD_FLOW": 5,
                "HYBAS_L12": 4120049560.0,
                "Shape_Length": 0.017677669529627512
            },
            "geometry": {
                "type": "LineString",
                "coordinates": [
                    [
                        80.93958333333299,
                        8.856249999999868
                    ],
                    [
                        80.95208333333292,
                        8.868749999999885
                    ]
                ]
            }
        },
        {
            "type": "Feature",
            "properties": {
                "HYRIV_ID": 41397620,
                "NEXT_DOWN": 41397621,
                "MAIN_RIV": 41397237,
                "LENGTH_KM": 1.16,
                "DIST_DN_KM": 15.0,
                "DIST_UP_KM": 4.5,
                "CATCH_SKM": 8.2700005,
                "UPLAND_SKM": 8.3,
                "ENDORHEIC": 0,
                "DIS_AV_CMS": 0.125,
                "ORD_STRA": 1,
                "ORD_CLAS": 2,
                "ORD_FLOW": 7,
                "HYBAS_L12": 4121600540.0,
                "Shape_Length": 0.010416666666657193
            },
            "geometry": {
                "type": "LineString",
                "coordinates": [
                    [
                        80.91874999999968,
                        8.854166666666536
                    ],
                    [
                        80.91874999999968,
                        8.84374999999988
                    ]
                ]
            }
        },
        {
            "type": "Feature",
            "properties": {
                "HYRIV_ID": 41397621,
                "NEXT_DOWN": 41397559,
                "MAIN_RIV": 41397237,
                "LENGTH_KM": 2.87,
                "DIST_DN_KM": 12.4,
                "DIST_UP_KM": 125.8,
                "CATCH_SKM": 4.6700001,
                "UPLAND_SKM": 1522.3,
                "ENDORHEIC": 0,
                "DIS_AV_CMS": 22.896999,
                "ORD_STRA": 4,
                "ORD_CLAS": 1,
                "ORD_FLOW": 5,
                "HYBAS_L12": 4121600540.0,
                "Shape_Length": 0.02601100286297336
            },
            "geometry": {
                "type": "LineString",
                "coordinates": [
                    [
                        80.91874999999968,
                        8.84374999999988
                    ],
                    [
                        80.927083333333,
                        8.852083333333205
                    ],
                    [
                        80.93541666666633,
                        8.852083333333205
                    ],
                    [
                        80.93958333333299,
                        8.856249999999868
                    ]
                ]
            }
        },
        {
            "type": "Feature",
            "properties": {
                "HYRIV_ID": 41397683,
                "NEXT_DOWN": 41397559,
                "MAIN_RIV": 41397237,
                "LENGTH_KM": 3.3900001,
                "DIST_DN_KM": 12.4,
                "DIST_UP_KM": 7.0,
                "CATCH_SKM": 12.52,
                "UPLAND_SKM": 12.5,
                "ENDORHEIC": 0,
                "DIS_AV_CMS": 0.19,
                "ORD_STRA": 1,
                "ORD_CLAS": 2,
                "ORD_FLOW": 7,
                "HYBAS_L12": 4121600540.0,
                "Shape_Length": 0.030535113019834297
            },
            "geometry": {
                "type": "LineString",
                "coordinates": [
                    [
                        80.93958333333299,
                        8.829166666666545
                    ],
                    [
                        80.93958333333299,
                        8.839583333333188
                    ],
                    [
                        80.94374999999971,
                        8.84374999999988
                    ],
                    [
                        80.94374999999971,
                        8.852083333333205
                    ],
                    [
                        80.93958333333299,
                        8.856249999999868
                    ]
                ]
            }
        },
        {
            "type": "Feature",
            "properties": {
                "HYRIV_ID": 41397707,
                "NEXT_DOWN": 41397621,
                "MAIN_RIV": 41397237,
                "LENGTH_KM": 2.23,
                "DIST_DN_KM": 15.2,
                "DIST_UP_KM": 122.9,
                "CATCH_SKM": 12.94,
                "UPLAND_SKM": 1509.3,
                "ENDORHEIC": 0,
                "DIS_AV_CMS": 22.77,
                "ORD_STRA": 4,
                "ORD_CLAS": 1,
                "ORD_FLOW": 5,
                "HYBAS_L12": 4121600540.0,
                "Shape_Length": 0.02011844635314107
            },
            "geometry": {
                "type": "LineString",
                "coordinates": [
                    [
                        80.9104166666663,
                        8.827083333333213
                    ],
                    [
                        80.91458333333296,
                        8.831249999999862
                    ],
                    [
                        80.91458333333296,
                        8.839583333333188
                    ],
                    [
                        80.91874999999968,
                        8.84374999999988
                    ]
                ]
            }
        },
        {
            "type": "Feature",
            "properties": {
                "HYRIV_ID": 41397708,
                "NEXT_DOWN": 41397529,
                "MAIN_RIV": 41397237,
                "LENGTH_KM": 5.6100001,
                "DIST_DN_KM": 10.2,
                "DIST_UP_KM": 9.0,
                "CATCH_SKM": 25.879999,
                "UPLAND_SKM": 25.9,
                "ENDORHEIC": 0,
                "DIS_AV_CMS": 0.387,
                "ORD_STRA": 1,
                "ORD_CLAS": 3,
                "ORD_FLOW": 7,
                "HYBAS_L12": 4120049560.0,
                "Shape_Length": 0.050653559373006224
            },
            "geometry": {
                "type": "LineString",
                "coordinates": [
                    [
                        81.00208333333299,
                        8.82499999999984
                    ],
                    [
                        81.00208333333299,
                        8.84374999999988
                    ],
                    [
                        80.99791666666627,
                        8.8479166666665
                    ],
                    [
                        81.00208333333299,
                        8.852083333333205
                    ],
                    [
                        80.99791666666627,
                        8.856249999999868
                    ],
                    [
                        80.98958333333294,
                        8.856249999999868
                    ],
                    [
                        80.98541666666628,
                        8.860416666666517
                    ]
                ]
            }
        },
        {
            "type": "Feature",
            "properties": {
                "HYRIV_ID": 41397733,
                "NEXT_DOWN": 41397707,
                "MAIN_RIV": 41397237,
                "LENGTH_KM": 0.46,
                "DIST_DN_KM": 17.3,
                "DIST_UP_KM": 120.9,
                "CATCH_SKM": 2.12,
                "UPLAND_SKM": 1429.4,
                "ENDORHEIC": 0,
                "DIS_AV_CMS": 21.615999,
                "ORD_STRA": 4,
                "ORD_CLAS": 1,
                "ORD_FLOW": 5,
                "HYBAS_L12": 4121600540.0,
                "Shape_Length": 0.00416666666670551
            },
            "geometry": {
                "type": "LineString",
                "coordinates": [
                    [
                        80.9104166666663,
                        8.822916666666508
                    ],
                    [
                        80.9104166666663,
                        8.827083333333213
                    ]
                ]
            }
        },
        {
            "type": "Feature",
            "properties": {
                "HYRIV_ID": 41397776,
                "NEXT_DOWN": 41397777,
                "MAIN_RIV": 41397237,
                "LENGTH_KM": 1.9,
                "DIST_DN_KM": 23.5,
                "DIST_UP_KM": 5.2,
                "CATCH_SKM": 8.2700005,
                "UPLAND_SKM": 8.3,
                "ENDORHEIC": 0,
                "DIS_AV_CMS": 0.126,
                "ORD_STRA": 1,
                "ORD_CLAS": 3,
                "ORD_FLOW": 7,
                "HYBAS_L12": 4121600540.0,
                "Shape_Length": 0.017172168098145396
            },
            "geometry": {
                "type": "LineString",
                "coordinates": [
                    [
                        80.85833333333298,
                        8.829166666666545
                    ],
                    [
                        80.86458333333294,
                        8.822916666666508
                    ],
                    [
                        80.86458333333294,
                        8.814583333333196
                    ]
                ]
            }
        },
        {
            "type": "Feature",
            "properties": {
                "HYRIV_ID": 41397777,
                "NEXT_DOWN": 41397707,
                "MAIN_RIV": 41397237,
                "LENGTH_KM": 6.27,
                "DIST_DN_KM": 17.5,
                "DIST_UP_KM": 16.6,
                "CATCH_SKM": 18.879999,
                "UPLAND_SKM": 67.0,
                "ENDORHEIC": 0,
                "DIS_AV_CMS": 1.011,
                "ORD_STRA": 2,
                "ORD_CLAS": 2,
                "ORD_FLOW": 6,
                "HYBAS_L12": 4121600540.0,
                "Shape_Length": 0.056903559372906656
            },
            "geometry": {
                "type": "LineString",
                "coordinates": [
                    [
                        80.86458333333294,
                        8.814583333333196
                    ],
                    [
                        80.86874999999961,
                        8.814583333333196
                    ],
                    [
                        80.87291666666627,
                        8.818749999999845
                    ],
                    [
                        80.87291666666627,
                        8.822916666666508
                    ],
                    [
                        80.88541666666632,
                        8.822916666666508
                    ],
                    [
                        80.88958333333292,
                        8.827083333333213
                    ],
                    [
                        80.90208333333297,
                        8.827083333333213
                    ],
                    [
                        80.90624999999963,
                        8.831249999999862
                    ],
                    [
                        80.9104166666663,
                        8.827083333333213
                    ]
                ]
            }
        },
        {
            "type": "Feature",
            "properties": {
                "HYRIV_ID": 41397778,
                "NEXT_DOWN": 41397733,
                "MAIN_RIV": 41397237,
                "LENGTH_KM": 1.35,
                "DIST_DN_KM": 17.9,
                "DIST_UP_KM": 6.0,
                "CATCH_SKM": 7.64,
                "UPLAND_SKM": 7.6,
                "ENDORHEIC": 0,
                "DIS_AV_CMS": 0.117,
                "ORD_STRA": 1,
                "ORD_CLAS": 2,
                "ORD_FLOW": 7,
                "HYBAS_L12": 4121600540.0,
                "Shape_Length": 0.01214255650986264
            },
            "geometry": {
                "type": "LineString",
                "coordinates": [
                    [
                        80.91458333333296,
                        8.812499999999865
                    ],
                    [
                        80.91458333333296,
                        8.818749999999845
                    ],
                    [
                        80.9104166666663,
                        8.822916666666508
                    ]
                ]
            }
        },
        {
            "type": "Feature",
            "properties": {
                "HYRIV_ID": 41397792,
                "NEXT_DOWN": 41397793,
                "MAIN_RIV": 41397237,
                "LENGTH_KM": 3.1700001,
                "DIST_DN_KM": 25.6,
                "DIST_UP_KM": 6.3,
                "CATCH_SKM": 15.27,
                "UPLAND_SKM": 15.3,
                "ENDORHEIC": 0,
                "DIS_AV_CMS": 0.23100001,
                "ORD_STRA": 1,
                "ORD_CLAS": 3,
                "ORD_FLOW": 7,
                "HYBAS_L12": 4121600540.0,
                "Shape_Length": 0.02880922317655678
            },
            "geometry": {
                "type": "LineString",
                "coordinates": [
                    [
                        80.82083333333296,
                        8.814583333333196
                    ],
                    [
                        80.83958333333308,
                        8.814583333333196
                    ],
                    [
                        80.84374999999974,
                        8.810416666666534
                    ],
                    [
                        80.8479166666663,
                        8.810416666666534
                    ]
                ]
            }
        },
        {
            "type": "Feature",
            "properties": {
                "HYRIV_ID": 41397793,
                "NEXT_DOWN": 41397777,
                "MAIN_RIV": 41397237,
                "LENGTH_KM": 2.02,
                "DIST_DN_KM": 23.5,
                "DIST_UP_KM": 10.5,
                "CATCH_SKM": 5.3,
                "UPLAND_SKM": 39.900002,
                "ENDORHEIC": 0,
                "DIS_AV_CMS": 0.60399997,
                "ORD_STRA": 2,
                "ORD_CLAS": 2,
                "ORD_FLOW": 7,
                "HYBAS_L12": 4121600540.0,
                "Shape_Length": 0.018392556509871167
            },
            "geometry": {
                "type": "LineString",
                "coordinates": [
                    [
                        80.8479166666663,
                        8.810416666666534
                    ],
                    [
                        80.85208333333296,
                        8.814583333333196
                    ],
                    [
                        80.86458333333294,
                        8.814583333333196
                    ]
                ]
            }
        },
        {
            "type": "Feature",
            "properties": {
                "HYRIV_ID": 41397918,
                "NEXT_DOWN": 41397733,
                "MAIN_RIV": 41397237,
                "LENGTH_KM": 5.02,
                "DIST_DN_KM": 17.9,
                "DIST_UP_KM": 120.2,
                "CATCH_SKM": 23.34,
                "UPLAND_SKM": 1419.6,
                "ENDORHEIC": 0,
                "DIS_AV_CMS": 21.48,
                "ORD_STRA": 4,
                "ORD_CLAS": 1,
                "ORD_FLOW": 5,
                "HYBAS_L12": 4121600540.0,
                "Shape_Length": 0.04541456223587667
            },
            "geometry": {
                "type": "LineString",
                "coordinates": [
                    [
                        80.8812499999996,
                        8.789583333333205
                    ],
                    [
                        80.89374999999964,
                        8.802083333333222
                    ],
                    [
                        80.89374999999964,
                        8.80624999999987
                    ],
                    [
                        80.9104166666663,
                        8.822916666666508
                    ]
                ]
            }
        },
        {
            "type": "Feature",
            "properties": {
                "HYRIV_ID": 41397944,
                "NEXT_DOWN": 41397793,
                "MAIN_RIV": 41397237,
                "LENGTH_KM": 4.6799998,
                "DIST_DN_KM": 25.8,
                "DIST_UP_KM": 8.3,
                "CATCH_SKM": 19.3,
                "UPLAND_SKM": 19.3,
                "ENDORHEIC": 0,
                "DIS_AV_CMS": 0.29300001,
                "ORD_STRA": 1,
                "ORD_CLAS": 2,
                "ORD_FLOW": 7,
                "HYBAS_L12": 4121600540.0,
                "Shape_Length": 0.04232022603944965
            },
            "geometry": {
                "type": "LineString",
                "coordinates": [
                    [
                        80.82291666666637,
                        8.78333333333321
                    ],
                    [
                        80.82291666666637,
                        8.789583333333205
                    ],
                    [
                        80.82708333333292,
                        8.789583333333205
                    ],
                    [
                        80.8312499999997,
                        8.793749999999854
                    ],
                    [
                        80.8312499999997,
                        8.797916666666517
                    ],
                    [
                        80.83958333333308,
                        8.80624999999987
                    ],
                    [
                        80.84374999999974,
                        8.80624999999987
                    ],
                    [
                        80.8479166666663,
                        8.810416666666534
                    ]
                ]
            }
        },
        {
            "type": "Feature",
            "properties": {
                "HYRIV_ID": 41398004,
                "NEXT_DOWN": 41397918,
                "MAIN_RIV": 41397237,
                "LENGTH_KM": 1.58,
                "DIST_DN_KM": 22.8,
                "DIST_UP_KM": 115.4,
                "CATCH_SKM": 4.6700001,
                "UPLAND_SKM": 1381.2,
                "ENDORHEIC": 0,
                "DIS_AV_CMS": 20.993,
                "ORD_STRA": 4,
                "ORD_CLAS": 1,
                "ORD_FLOW": 5,
                "HYBAS_L12": 4121600610.0,
                "Shape_Length": 0.014225889843153885
            },
            "geometry": {
                "type": "LineString",
                "coordinates": [
                    [
                        80.87708333333299,
                        8.77708333333323
                    ],
                    [
                        80.87708333333299,
                        8.78124999999988
                    ],
                    [
                        80.8812499999996,
                        8.785416666666542
                    ],
                    [
                        80.8812499999996,
                        8.789583333333205
                    ]
                ]
            }
        },
        {
            "type": "Feature",
            "properties": {
                "HYRIV_ID": 41398005,
                "NEXT_DOWN": 41397529,
                "MAIN_RIV": 41397237,
                "LENGTH_KM": 11.93,
                "DIST_DN_KM": 10.0,
                "DIST_UP_KM": 15.0,
                "CATCH_SKM": 36.490002,
                "UPLAND_SKM": 36.5,
                "ENDORHEIC": 0,
                "DIS_AV_CMS": 0.55400002,
                "ORD_STRA": 1,
                "ORD_CLAS": 2,
                "ORD_FLOW": 7,
                "HYBAS_L12": 4120049560.0,
                "Shape_Length": 0.10770517668692105
            },
            "geometry": {
                "type": "LineString",
                "coordinates": [
                    [
                        80.94583333333296,
                        8.774999999999899
                    ],
                    [
                        80.95208333333292,
                        8.78124999999988
                    ],
                    [
                        80.95208333333292,
                        8.785416666666542
                    ],
                    [
                        80.94791666666637,
                        8.789583333333205
                    ],
                    [
                        80.94791666666637,
                        8.793749999999854
                    ],
                    [
                        80.95208333333292,
                        8.797916666666517
                    ],
                    [
                        80.95208333333292,
                        8.80624999999987
                    ],
                    [
                        80.9562499999997,
                        8.810416666666534
                    ],
                    [
                        80.96041666666625,
                        8.810416666666534
                    ],
                    [
                        80.9729166666664,
                        8.822916666666508
                    ],
                    [
                        80.9729166666664,
                        8.831249999999862
                    ],
                    [
                        80.98124999999962,
                        8.839583333333188
                    ],
                    [
                        80.98124999999962,
                        8.852083333333205
                    ],
                    [
                        80.98541666666628,
                        8.856249999999868
                    ],
                    [
                        80.98541666666628,
                        8.860416666666517
                    ]
                ]
            }
        },
        {
            "type": "Feature",
            "properties": {
                "HYRIV_ID": 41398029,
                "NEXT_DOWN": 41398030,
                "MAIN_RIV": 41397237,
                "LENGTH_KM": 1.4400001,
                "DIST_DN_KM": 25.4,
                "DIST_UP_KM": 5.5,
                "CATCH_SKM": 8.0600004,
                "UPLAND_SKM": 8.1,
                "ENDORHEIC": 0,
                "DIS_AV_CMS": 0.123,
                "ORD_STRA": 1,
                "ORD_CLAS": 3,
                "ORD_FLOW": 7,
                "HYBAS_L12": 4121600610.0,
                "Shape_Length": 0.013005501431456536
            },
            "geometry": {
                "type": "LineString",
                "coordinates": [
                    [
                        80.85833333333298,
                        8.779166666666505
                    ],
                    [
                        80.86458333333294,
                        8.772916666666525
                    ],
                    [
                        80.86874999999961,
                        8.772916666666525
                    ]
                ]
            }
        },
        {
            "type": "Feature",
            "properties": {
                "HYRIV_ID": 41398030,
                "NEXT_DOWN": 41398004,
                "MAIN_RIV": 41397237,
                "LENGTH_KM": 1.11,
                "DIST_DN_KM": 24.3,
                "DIST_UP_KM": 7.3,
                "CATCH_SKM": 2.76,
                "UPLAND_SKM": 24.6,
                "ENDORHEIC": 0,
                "DIS_AV_CMS": 0.377,
                "ORD_STRA": 2,
                "ORD_CLAS": 2,
                "ORD_FLOW": 7,
                "HYBAS_L12": 4121600610.0,
                "Shape_Length": 0.010059223176632402
            },
            "geometry": {
                "type": "LineString",
                "coordinates": [
                    [
                        80.86874999999961,
                        8.772916666666525
                    ],
                    [
                        80.87291666666627,
                        8.77708333333323
                    ],
                    [
                        80.87708333333299,
                        8.77708333333323
                    ]
                ]
            }
        },
        {
            "type": "Feature",
            "properties": {
                "HYRIV_ID": 41398031,
                "NEXT_DOWN": 41397918,
                "MAIN_RIV": 41397237,
                "LENGTH_KM": 2.9200001,
                "DIST_DN_KM": 22.8,
                "DIST_UP_KM": 8.4,
                "CATCH_SKM": 15.06,
                "UPLAND_SKM": 15.1,
                "ENDORHEIC": 0,
                "DIS_AV_CMS": 0.232,
                "ORD_STRA": 1,
                "ORD_CLAS": 2,
                "ORD_FLOW": 7,
                "HYBAS_L12": 4121600610.0,
                "Shape_Length": 0.02636844635317457
            },
            "geometry": {
                "type": "LineString",
                "coordinates": [
                    [
                        80.89374999999964,
                        8.770833333333194
                    ],
                    [
                        80.89374999999964,
                        8.77708333333323
                    ],
                    [
                        80.88958333333292,
                        8.78124999999988
                    ],
                    [
                        80.88958333333292,
                        8.785416666666542
                    ],
                    [
                        80.88541666666632,
                        8.789583333333205
                    ],
                    [
                        80.8812499999996,
                        8.789583333333205
                    ]
                ]
            }
        },
        {
            "type": "Feature",
            "properties": {
                "HYRIV_ID": 41398103,
                "NEXT_DOWN": 41398030,
                "MAIN_RIV": 41397237,
                "LENGTH_KM": 2.09,
                "DIST_DN_KM": 25.6,
                "DIST_UP_KM": 6.0,
                "CATCH_SKM": 13.79,
                "UPLAND_SKM": 13.8,
                "ENDORHEIC": 0,
                "DIS_AV_CMS": 0.212,
                "ORD_STRA": 1,
                "ORD_CLAS": 2,
                "ORD_FLOW": 7,
                "HYBAS_L12": 4121600610.0,
                "Shape_Length": 0.018898057941365055
            },
            "geometry": {
                "type": "LineString",
                "coordinates": [
                    [
                        80.85833333333298,
                        8.758333333333177
                    ],
                    [
                        80.86458333333294,
                        8.764583333333213
                    ],
                    [
                        80.86458333333294,
                        8.768749999999862
                    ],
                    [
                        80.86874999999961,
                        8.772916666666525
                    ]
                ]
            }
        },
        {
            "type": "Feature",
            "properties": {
                "HYRIV_ID": 41398152,
                "NEXT_DOWN": 41398004,
                "MAIN_RIV": 41397237,
                "LENGTH_KM": 2.78,
                "DIST_DN_KM": 24.3,
                "DIST_UP_KM": 113.8,
                "CATCH_SKM": 5.9400001,
                "UPLAND_SKM": 1351.9,
                "ENDORHEIC": 0,
                "DIS_AV_CMS": 20.582001,
                "ORD_STRA": 4,
                "ORD_CLAS": 1,
                "ORD_FLOW": 5,
                "HYBAS_L12": 4121600610.0,
                "Shape_Length": 0.025000000000034106
            },
            "geometry": {
                "type": "LineString",
                "coordinates": [
                    [
                        80.87708333333299,
                        8.752083333333196
                    ],
                    [
                        80.87708333333299,
                        8.77708333333323
                    ]
                ]
            }
        },
        {
            "type": "Feature",
            "properties": {
                "HYRIV_ID": 41398204,
                "NEXT_DOWN": 41398152,
                "MAIN_RIV": 41397237,
                "LENGTH_KM": 1.11,
                "DIST_DN_KM": 27.3,
                "DIST_UP_KM": 110.8,
                "CATCH_SKM": 4.8800001,
                "UPLAND_SKM": 1249.7,
                "ENDORHEIC": 0,
                "DIS_AV_CMS": 19.087,
                "ORD_STRA": 4,
                "ORD_CLAS": 1,
                "ORD_FLOW": 5,
                "HYBAS_L12": 4121600660.0,
                "Shape_Length": 0.01005922317650522
            },
            "geometry": {
                "type": "LineString",
                "coordinates": [
                    [
                        80.8812499999996,
                        8.74374999999987
                    ],
                    [
                        80.8812499999996,
                        8.747916666666534
                    ],
                    [
                        80.87708333333299,
                        8.752083333333196
                    ]
                ]
            }
        },
        {
            "type": "Feature",
            "properties": {
                "HYRIV_ID": 41398357,
                "NEXT_DOWN": 41398358,
                "MAIN_RIV": 41397237,
                "LENGTH_KM": 3.1,
                "DIST_DN_KM": 33.3,
                "DIST_UP_KM": 6.4,
                "CATCH_SKM": 16.34,
                "UPLAND_SKM": 16.3,
                "ENDORHEIC": 0,
                "DIS_AV_CMS": 0.25,
                "ORD_STRA": 1,
                "ORD_CLAS": 3,
                "ORD_FLOW": 7,
                "HYBAS_L12": 4121600660.0,
                "Shape_Length": 0.028094336196417064
            },
            "geometry": {
                "type": "LineString",
                "coordinates": [
                    [
                        80.82083333333296,
                        8.73541666666656
                    ],
                    [
                        80.82708333333292,
                        8.73541666666656
                    ],
                    [
                        80.83958333333308,
                        8.722916666666542
                    ],
                    [
                        80.83958333333308,
                        8.71874999999988
                    ]
                ]
            }
        },
        {
            "type": "Feature",
            "properties": {
                "HYRIV_ID": 41398358,
                "NEXT_DOWN": 41398152,
                "MAIN_RIV": 41397237,
                "LENGTH_KM": 6.21,
                "DIST_DN_KM": 27.1,
                "DIST_UP_KM": 22.1,
                "CATCH_SKM": 10.18,
                "UPLAND_SKM": 96.300003,
                "ENDORHEIC": 0,
                "DIS_AV_CMS": 1.477,
                "ORD_STRA": 2,
                "ORD_CLAS": 2,
                "ORD_FLOW": 6,
                "HYBAS_L12": 4121600660.0,
                "Shape_Length": 0.05618867239259611
            },
            "geometry": {
                "type": "LineString",
                "coordinates": [
                    [
                        80.83958333333308,
                        8.71874999999988
                    ],
                    [
                        80.84374999999974,
                        8.71874999999988
                    ],
                    [
                        80.85208333333296,
                        8.72708333333319
                    ],
                    [
                        80.85208333333296,
                        8.731249999999854
                    ],
                    [
                        80.86458333333294,
                        8.74374999999987
                    ],
                    [
                        80.86458333333294,
                        8.747916666666534
                    ],
                    [
                        80.86874999999961,
                        8.752083333333196
                    ],
                    [
                        80.87708333333299,
                        8.752083333333196
                    ]
                ]
            }
        },
        {
            "type": "Feature",
            "properties": {
                "HYRIV_ID": 41398404,
                "NEXT_DOWN": 41398204,
                "MAIN_RIV": 41397237,
                "LENGTH_KM": 4.54,
                "DIST_DN_KM": 28.200001,
                "DIST_UP_KM": 109.9,
                "CATCH_SKM": 17.190001,
                "UPLAND_SKM": 1206.4,
                "ENDORHEIC": 0,
                "DIS_AV_CMS": 18.438,
                "ORD_STRA": 4,
                "ORD_CLAS": 1,
                "ORD_FLOW": 5,
                "HYBAS_L12": 4121600660.0,
                "Shape_Length": 0.04095177968646307
            },
            "geometry": {
                "type": "LineString",
                "coordinates": [
                    [
                        80.89374999999964,
                        8.710416666666525
                    ],
                    [
                        80.88958333333292,
                        8.714583333333174
                    ],
                    [
                        80.88541666666632,
                        8.714583333333174
                    ],
                    [
                        80.8812499999996,
                        8.71874999999988
                    ],
                    [
                        80.8812499999996,
                        8.74374999999987
                    ]
                ]
            }
        },
        {
            "type": "Feature",
            "properties": {
                "HYRIV_ID": 41398405,
                "NEXT_DOWN": 41398404,
                "MAIN_RIV": 41397237,
                "LENGTH_KM": 2.54,
                "DIST_DN_KM": 32.8,
                "DIST_UP_KM": 5.1,
                "CATCH_SKM": 9.5500002,
                "UPLAND_SKM": 9.5,
                "ENDORHEIC": 0,
                "DIS_AV_CMS": 0.148,
                "ORD_STRA": 1,
                "ORD_CLAS": 2,
                "ORD_FLOW": 7,
                "HYBAS_L12": 4121600660.0,
                "Shape_Length": 0.023064724608032095
            },
            "geometry": {
                "type": "LineString",
                "coordinates": [
                    [
                        80.9124999999996,
                        8.72083333333321
                    ],
                    [
                        80.90624999999963,
                        8.714583333333174
                    ],
                    [
                        80.90208333333297,
                        8.714583333333174
                    ],
                    [
                        80.8979166666663,
                        8.710416666666525
                    ],
                    [
                        80.89374999999964,
                        8.710416666666525
                    ]
                ]
            }
        },
        {
            "type": "Feature",
            "properties": {
                "HYRIV_ID": 41398508,
                "NEXT_DOWN": 41398404,
                "MAIN_RIV": 41397237,
                "LENGTH_KM": 2.23,
                "DIST_DN_KM": 33.0,
                "DIST_UP_KM": 105.2,
                "CATCH_SKM": 5.9400001,
                "UPLAND_SKM": 1179.6,
                "ENDORHEIC": 0,
                "DIS_AV_CMS": 18.120001,
                "ORD_STRA": 4,
                "ORD_CLAS": 1,
                "ORD_FLOW": 5,
                "HYBAS_L12": 4121600660.0,
                "Shape_Length": 0.020118446353076615
            },
            "geometry": {
                "type": "LineString",
                "coordinates": [
                    [
                        80.90208333333297,
                        8.693749999999888
                    ],
                    [
                        80.90208333333297,
                        8.7020833333332
                    ],
                    [
                        80.89374999999964,
                        8.710416666666525
                    ]
                ]
            }
        },
        {
            "type": "Feature",
            "properties": {
                "HYRIV_ID": 41398543,
                "NEXT_DOWN": 41398544,
                "MAIN_RIV": 41397237,
                "LENGTH_KM": 1.9,
                "DIST_DN_KM": 38.400002,
                "DIST_UP_KM": 4.9,
                "CATCH_SKM": 9.1300001,
                "UPLAND_SKM": 9.1,
                "ENDORHEIC": 0,
                "DIS_AV_CMS": 0.141,
                "ORD_STRA": 1,
                "ORD_CLAS": 3,
                "ORD_FLOW": 7,
                "HYBAS_L12": 4121600660.0,
                "Shape_Length": 0.017172168098242437
            },
            "geometry": {
                "type": "LineString",
                "coordinates": [
                    [
                        80.80416666666625,
                        8.683333333333202
                    ],
                    [
                        80.81041666666633,
                        8.689583333333182
                    ],
                    [
                        80.81458333333305,
                        8.689583333333182
                    ],
                    [
                        80.81458333333305,
                        8.685416666666534
                    ]
                ]
            }
        },
        {
            "type": "Feature",
            "properties": {
                "HYRIV_ID": 41398544,
                "NEXT_DOWN": 41398358,
                "MAIN_RIV": 41397237,
                "LENGTH_KM": 5.1100001,
                "DIST_DN_KM": 33.5,
                "DIST_UP_KM": 15.7,
                "CATCH_SKM": 22.280001,
                "UPLAND_SKM": 69.800003,
                "ENDORHEIC": 0,
                "DIS_AV_CMS": 1.077,
                "ORD_STRA": 2,
                "ORD_CLAS": 2,
                "ORD_FLOW": 6,
                "HYBAS_L12": 4121600660.0,
                "Shape_Length": 0.04612944921610956
            },
            "geometry": {
                "type": "LineString",
                "coordinates": [
                    [
                        80.81458333333305,
                        8.685416666666534
                    ],
                    [
                        80.81874999999971,
                        8.689583333333182
                    ],
                    [
                        80.81874999999971,
                        8.7020833333332
                    ],
                    [
                        80.8312499999997,
                        8.714583333333174
                    ],
                    [
                        80.83541666666625,
                        8.714583333333174
                    ],
                    [
                        80.83958333333308,
                        8.71874999999988
                    ]
                ]
            }
        },
        {
            "type": "Feature",
            "properties": {
                "HYRIV_ID": 41398545,
                "NEXT_DOWN": 41398508,
                "MAIN_RIV": 41397237,
                "LENGTH_KM": 1.3,
                "DIST_DN_KM": 35.200001,
                "DIST_UP_KM": 102.9,
                "CATCH_SKM": 2.76,
                "UPLAND_SKM": 1162.0,
                "ENDORHEIC": 0,
                "DIS_AV_CMS": 17.886999,
                "ORD_STRA": 4,
                "ORD_CLAS": 1,
                "ORD_FLOW": 5,
                "HYBAS_L12": 4121600660.0,
                "Shape_Length": 0.01178511301978517
            },
            "geometry": {
                "type": "LineString",
                "coordinates": [
                    [
                        80.9104166666663,
                        8.685416666666534
                    ],
                    [
                        80.90208333333297,
                        8.693749999999888
                    ]
                ]
            }
        },
        {
            "type": "Feature",
            "properties": {
                "HYRIV_ID": 41398564,
                "NEXT_DOWN": 41398545,
                "MAIN_RIV": 41397237,
                "LENGTH_KM": 1.5700001,
                "DIST_DN_KM": 36.3,
                "DIST_UP_KM": 8.2,
                "CATCH_SKM": 4.0300002,
                "UPLAND_SKM": 39.700001,
                "ENDORHEIC": 0,
                "DIS_AV_CMS": 0.62400001,
                "ORD_STRA": 2,
                "ORD_CLAS": 2,
                "ORD_FLOW": 7,
                "HYBAS_L12": 4121600770.0,
                "Shape_Length": 0.014225889843265133
            },
            "geometry": {
                "type": "LineString",
                "coordinates": [
                    [
                        80.92291666666634,
                        8.68124999999987
                    ],
                    [
                        80.91874999999968,
                        8.685416666666534
                    ],
                    [
                        80.9104166666663,
                        8.685416666666534
                    ]
                ]
            }
        },
        {
            "type": "Feature",
            "properties": {
                "HYRIV_ID": 41398565,
                "NEXT_DOWN": 41398564,
                "MAIN_RIV": 41397237,
                "LENGTH_KM": 2.45,
                "DIST_DN_KM": 38.099998,
                "DIST_UP_KM": 6.5,
                "CATCH_SKM": 18.25,
                "UPLAND_SKM": 18.200001,
                "ENDORHEIC": 0,
                "DIS_AV_CMS": 0.28600001,
                "ORD_STRA": 1,
                "ORD_CLAS": 2,
                "ORD_FLOW": 7,
                "HYBAS_L12": 4121600770.0,
                "Shape_Length": 0.022201779686393842
            },
            "geometry": {
                "type": "LineString",
                "coordinates": [
                    [
                        80.9416666666663,
                        8.68124999999987
                    ],
                    [
                        80.93541666666633,
                        8.68124999999987
                    ],
                    [
                        80.93124999999966,
                        8.685416666666534
                    ],
                    [
                        80.927083333333,
                        8.685416666666534
                    ],
                    [
                        80.92291666666634,
                        8.68124999999987
                    ]
                ]
            }
        },
        {
            "type": "Feature",
            "properties": {
                "HYRIV_ID": 41398587,
                "NEXT_DOWN": 41398508,
                "MAIN_RIV": 41397237,
                "LENGTH_KM": 3.3800001,
                "DIST_DN_KM": 35.0,
                "DIST_UP_KM": 7.1,
                "CATCH_SKM": 11.67,
                "UPLAND_SKM": 11.7,
                "ENDORHEIC": 0,
                "DIS_AV_CMS": 0.183,
                "ORD_STRA": 1,
                "ORD_CLAS": 2,
                "ORD_FLOW": 7,
                "HYBAS_L12": 4121600660.0,
                "Shape_Length": 0.030535113019735532
            },
            "geometry": {
                "type": "LineString",
                "coordinates": [
                    [
                        80.88333333333301,
                        8.677083333333208
                    ],
                    [
                        80.88958333333292,
                        8.677083333333208
                    ],
                    [
                        80.89374999999964,
                        8.68124999999987
                    ],
                    [
                        80.89374999999964,
                        8.685416666666534
                    ],
                    [
                        80.8979166666663,
                        8.685416666666534
                    ],
                    [
                        80.90208333333297,
                        8.689583333333182
                    ],
                    [
                        80.90208333333297,
                        8.693749999999888
                    ]
                ]
            }
        },
        {
            "type": "Feature",
            "properties": {
                "HYRIV_ID": 41398689,
                "NEXT_DOWN": 41398564,
                "MAIN_RIV": 41397237,
                "LENGTH_KM": 3.2,
                "DIST_DN_KM": 37.900002,
                "DIST_UP_KM": 6.5,
                "CATCH_SKM": 17.4,
                "UPLAND_SKM": 17.4,
                "ENDORHEIC": 0,
                "DIS_AV_CMS": 0.27500001,
                "ORD_STRA": 1,
                "ORD_CLAS": 3,
                "ORD_FLOW": 7,
                "HYBAS_L12": 4121600770.0,
                "Shape_Length": 0.028809223176589367
            },
            "geometry": {
                "type": "LineString",
                "coordinates": [
                    [
                        80.927083333333,
                        8.654166666666505
                    ],
                    [
                        80.927083333333,
                        8.67291666666656
                    ],
                    [
                        80.92291666666634,
                        8.677083333333208
                    ],
                    [
                        80.92291666666634,
                        8.68124999999987
                    ]
                ]
            }
        },
        {
            "type": "Feature",
            "properties": {
                "HYRIV_ID": 41398700,
                "NEXT_DOWN": 41398204,
                "MAIN_RIV": 41397237,
                "LENGTH_KM": 13.13,
                "DIST_DN_KM": 28.200001,
                "DIST_UP_KM": 17.3,
                "CATCH_SKM": 38.41,
                "UPLAND_SKM": 38.400002,
                "ENDORHEIC": 0,
                "DIS_AV_CMS": 0.597,
                "ORD_STRA": 1,
                "ORD_CLAS": 2,
                "ORD_FLOW": 7,
                "HYBAS_L12": 4121600660.0,
                "Shape_Length": 0.11847928684388928
            },
            "geometry": {
                "type": "LineString",
                "coordinates": [
                    [
                        80.83333333333294,
                        8.649999999999885
                    ],
                    [
                        80.83958333333308,
                        8.65624999999988
                    ],
                    [
                        80.83958333333308,
                        8.66458333333319
                    ],
                    [
                        80.85208333333296,
                        8.677083333333208
                    ],
                    [
                        80.85624999999962,
                        8.677083333333208
                    ],
                    [
                        80.86041666666628,
                        8.68124999999987
                    ],
                    [
                        80.86041666666628,
                        8.685416666666534
                    ],
                    [
                        80.86458333333294,
                        8.689583333333182
                    ],
                    [
                        80.86458333333294,
                        8.714583333333174
                    ],
                    [
                        80.86874999999961,
                        8.71874999999988
                    ],
                    [
                        80.86874999999961,
                        8.722916666666542
                    ],
                    [
                        80.87291666666627,
                        8.72708333333319
                    ],
                    [
                        80.87291666666627,
                        8.739583333333208
                    ],
                    [
                        80.87708333333299,
                        8.74374999999987
                    ],
                    [
                        80.8812499999996,
                        8.74374999999987
                    ]
                ]
            }
        },
        {
            "type": "Feature",
            "properties": {
                "HYRIV_ID": 41398701,
                "NEXT_DOWN": 41398545,
                "MAIN_RIV": 41397237,
                "LENGTH_KM": 4.46,
                "DIST_DN_KM": 36.3,
                "DIST_UP_KM": 101.8,
                "CATCH_SKM": 11.04,
                "UPLAND_SKM": 1119.6,
                "ENDORHEIC": 0,
                "DIS_AV_CMS": 17.240999,
                "ORD_STRA": 4,
                "ORD_CLAS": 1,
                "ORD_FLOW": 5,
                "HYBAS_L12": 4121600770.0,
                "Shape_Length": 0.04023689270618754
            },
            "geometry": {
                "type": "LineString",
                "coordinates": [
                    [
                        80.90208333333297,
                        8.652083333333216
                    ],
                    [
                        80.90208333333297,
                        8.65624999999988
                    ],
                    [
                        80.9104166666663,
                        8.66458333333319
                    ],
                    [
                        80.9104166666663,
                        8.668749999999854
                    ],
                    [
                        80.91458333333296,
                        8.67291666666656
                    ],
                    [
                        80.91458333333296,
                        8.677083333333208
                    ],
                    [
                        80.9104166666663,
                        8.68124999999987
                    ],
                    [
                        80.9104166666663,
                        8.685416666666534
                    ]
                ]
            }
        },
        {
            "type": "Feature",
            "properties": {
                "HYRIV_ID": 41398772,
                "NEXT_DOWN": 41398701,
                "MAIN_RIV": 41397237,
                "LENGTH_KM": 1.77,
                "DIST_DN_KM": 41.0,
                "DIST_UP_KM": 97.199997,
                "CATCH_SKM": 3.4,
                "UPLAND_SKM": 1089.7,
                "ENDORHEIC": 0,
                "DIS_AV_CMS": 16.848,
                "ORD_STRA": 4,
                "ORD_CLAS": 1,
                "ORD_FLOW": 5,
                "HYBAS_L12": 4121600770.0,
                "Shape_Length": 0.015951779686443884
            },
            "geometry": {
                "type": "LineString",
                "coordinates": [
                    [
                        80.89374999999964,
                        8.6395833333332
                    ],
                    [
                        80.8979166666663,
                        8.643749999999862
                    ],
                    [
                        80.8979166666663,
                        8.64791666666651
                    ],
                    [
                        80.90208333333297,
                        8.652083333333216
                    ]
                ]
            }
        },
        {
            "type": "Feature",
            "properties": {
                "HYRIV_ID": 41398799,
                "NEXT_DOWN": 41398544,
                "MAIN_RIV": 41397237,
                "LENGTH_KM": 6.64,
                "DIST_DN_KM": 38.400002,
                "DIST_UP_KM": 10.8,
                "CATCH_SKM": 38.41,
                "UPLAND_SKM": 38.400002,
                "ENDORHEIC": 0,
                "DIS_AV_CMS": 0.59600002,
                "ORD_STRA": 1,
                "ORD_CLAS": 2,
                "ORD_FLOW": 7,
                "HYBAS_L12": 4121600660.0,
                "Shape_Length": 0.05984983762791166
            },
            "geometry": {
                "type": "LineString",
                "coordinates": [
                    [
                        80.79583333333292,
                        8.63333333333322
                    ],
                    [
                        80.81041666666633,
                        8.64791666666651
                    ],
                    [
                        80.81041666666633,
                        8.65624999999988
                    ],
                    [
                        80.81458333333305,
                        8.660416666666542
                    ],
                    [
                        80.81458333333305,
                        8.685416666666534
                    ]
                ]
            }
        },
        {
            "type": "Feature",
            "properties": {
                "HYRIV_ID": 41398800,
                "NEXT_DOWN": 41398772,
                "MAIN_RIV": 41397237,
                "LENGTH_KM": 3.1700001,
                "DIST_DN_KM": 42.5,
                "DIST_UP_KM": 6.5,
                "CATCH_SKM": 17.83,
                "UPLAND_SKM": 17.8,
                "ENDORHEIC": 0,
                "DIS_AV_CMS": 0.28200001,
                "ORD_STRA": 1,
                "ORD_CLAS": 2,
                "ORD_FLOW": 7,
                "HYBAS_L12": 4121600770.0,
                "Shape_Length": 0.028809223176516588
            },
            "geometry": {
                "type": "LineString",
                "coordinates": [
                    [
                        80.86666666666636,
                        8.635416666666536
                    ],
                    [
                        80.87708333333299,
                        8.635416666666536
                    ],
                    [
                        80.8812499999996,
                        8.6395833333332
                    ],
                    [
                        80.89374999999964,
                        8.6395833333332
                    ]
                ]
            }
        },
        {
            "type": "Feature",
            "properties": {
                "HYRIV_ID": 41398874,
                "NEXT_DOWN": 41398701,
                "MAIN_RIV": 41397237,
                "LENGTH_KM": 4.5100002,
                "DIST_DN_KM": 41.0,
                "DIST_UP_KM": 7.9,
                "CATCH_SKM": 18.889999,
                "UPLAND_SKM": 18.9,
                "ENDORHEIC": 0,
                "DIS_AV_CMS": 0.301,
                "ORD_STRA": 1,
                "ORD_CLAS": 2,
                "ORD_FLOW": 7,
                "HYBAS_L12": 4121600770.0,
                "Shape_Length": 0.04074239413772578
            },
            "geometry": {
                "type": "LineString",
                "coordinates": [
                    [
                        80.92499999999964,
                        8.620833333333202
                    ],
                    [
                        80.9104166666663,
                        8.635416666666536
                    ],
                    [
                        80.9104166666663,
                        8.6395833333332
                    ],
                    [
                        80.90624999999963,
                        8.643749999999862
                    ],
                    [
                        80.90624999999963,
                        8.64791666666651
                    ],
                    [
                        80.90208333333297,
                        8.652083333333216
                    ]
                ]
            }
        },
        {
            "type": "Feature",
            "properties": {
                "HYRIV_ID": 41399031,
                "NEXT_DOWN": 41398772,
                "MAIN_RIV": 41397237,
                "LENGTH_KM": 6.5,
                "DIST_DN_KM": 42.5,
                "DIST_UP_KM": 95.599998,
                "CATCH_SKM": 23.98,
                "UPLAND_SKM": 1068.4,
                "ENDORHEIC": 0,
                "DIS_AV_CMS": 16.542,
                "ORD_STRA": 4,
                "ORD_CLAS": 1,
                "ORD_FLOW": 5,
                "HYBAS_L12": 4121600770.0,
                "Shape_Length": 0.05862944921611728
            },
            "geometry": {
                "type": "LineString",
                "coordinates": [
                    [
                        80.8812499999996,
                        8.589583333333216
                    ],
                    [
                        80.8812499999996,
                        8.597916666666528
                    ],
                    [
                        80.88958333333292,
                        8.606249999999896
                    ],
                    [
                        80.88958333333292,
                        8.614583333333208
                    ],
                    [
                        80.8979166666663,
                        8.62291666666652
                    ],
                    [
                        80.8979166666663,
                        8.631249999999888
                    ],
                    [
                        80.89374999999964,
                        8.635416666666536
                    ],
                    [
                        80.89374999999964,
                        8.6395833333332
                    ]
                ]
            }
        },
        {
            "type": "Feature",
            "properties": {
                "HYRIV_ID": 41399074,
                "NEXT_DOWN": 41399075,
                "MAIN_RIV": 41397237,
                "LENGTH_KM": 6.3400002,
                "DIST_DN_KM": 50.3,
                "DIST_UP_KM": 10.7,
                "CATCH_SKM": 27.59,
                "UPLAND_SKM": 27.6,
                "ENDORHEIC": 0,
                "DIS_AV_CMS": 0.43700001,
                "ORD_STRA": 1,
                "ORD_CLAS": 2,
                "ORD_FLOW": 7,
                "HYBAS_L12": 4121600850.0,
                "Shape_Length": 0.05740906080426776
            },
            "geometry": {
                "type": "LineString",
                "coordinates": [
                    [
                        80.83749999999966,
                        8.59999999999986
                    ],
                    [
                        80.84374999999974,
                        8.59374999999988
                    ],
                    [
                        80.84374999999974,
                        8.589583333333216
                    ],
                    [
                        80.83958333333308,
                        8.58541666666651
                    ],
                    [
                        80.84374999999974,
                        8.581249999999862
                    ],
                    [
                        80.85208333333296,
                        8.581249999999862
                    ],
                    [
                        80.85624999999962,
                        8.58541666666651
                    ],
                    [
                        80.86041666666628,
                        8.581249999999862
                    ],
                    [
                        80.87291666666627,
                        8.581249999999862
                    ]
                ]
            }
        },
        {
            "type": "Feature",
            "properties": {
                "HYRIV_ID": 41399075,
                "NEXT_DOWN": 41399031,
                "MAIN_RIV": 41397237,
                "LENGTH_KM": 1.3,
                "DIST_DN_KM": 49.200001,
                "DIST_UP_KM": 88.900002,
                "CATCH_SKM": 3.1800001,
                "UPLAND_SKM": 1028.8,
                "ENDORHEIC": 0,
                "DIS_AV_CMS": 16.023001,
                "ORD_STRA": 4,
                "ORD_CLAS": 1,
                "ORD_FLOW": 5,
                "HYBAS_L12": 4121600770.0,
                "Shape_Length": 0.01178511301978517
            },
            "geometry": {
                "type": "LineString",
                "coordinates": [
                    [
                        80.87291666666627,
                        8.581249999999862
                    ],
                    [
                        80.8812499999996,
                        8.589583333333216
                    ]
                ]
            }
        },
        {
            "type": "Feature",
            "properties": {
                "HYRIV_ID": 41399092,
                "NEXT_DOWN": 41399031,
                "MAIN_RIV": 41397237,
                "LENGTH_KM": 2.55,
                "DIST_DN_KM": 49.0,
                "DIST_UP_KM": 7.1,
                "CATCH_SKM": 15.71,
                "UPLAND_SKM": 15.7,
                "ENDORHEIC": 0,
                "DIS_AV_CMS": 0.253,
                "ORD_STRA": 1,
                "ORD_CLAS": 2,
                "ORD_FLOW": 7,
                "HYBAS_L12": 4121600770.0,
                "Shape_Length": 0.023064724608181816
            },
            "geometry": {
                "type": "LineString",
                "coordinates": [
                    [
                        80.89583333333306,
                        8.574999999999868
                    ],
                    [
                        80.88541666666632,
                        8.58541666666651
                    ],
                    [
                        80.8812499999996,
                        8.58541666666651
                    ],
                    [
                        80.8812499999996,
                        8.589583333333216
                    ]
                ]
            }
        },
        {
            "type": "Feature",
            "properties": {
                "HYRIV_ID": 41399166,
                "NEXT_DOWN": 41399206,
                "MAIN_RIV": 41397237,
                "LENGTH_KM": 0.69,
                "DIST_DN_KM": 65.800003,
                "DIST_UP_KM": 4.2,
                "CATCH_SKM": 10.61,
                "UPLAND_SKM": 10.6,
                "ENDORHEIC": 0,
                "DIS_AV_CMS": 0.166,
                "ORD_STRA": 1,
                "ORD_CLAS": 3,
                "ORD_FLOW": 7,
                "HYBAS_L12": 4121600850.0,
                "Shape_Length": 0.006250000000022737
            },
            "geometry": {
                "type": "LineString",
                "coordinates": [
                    [
                        80.77916666666627,
                        8.56041666666652
                    ],
                    [
                        80.7854166666663,
                        8.56041666666652
                    ]
                ]
            }
        },
        {
            "type": "Feature",
            "properties": {
                "HYRIV_ID": 41399167,
                "NEXT_DOWN": 41399206,
                "MAIN_RIV": 41397237,
                "LENGTH_KM": 2.46,
                "DIST_DN_KM": 65.800003,
                "DIST_UP_KM": 6.7,
                "CATCH_SKM": 19.32,
                "UPLAND_SKM": 19.3,
                "ENDORHEIC": 0,
                "DIS_AV_CMS": 0.301,
                "ORD_STRA": 1,
                "ORD_CLAS": 2,
                "ORD_FLOW": 7,
                "HYBAS_L12": 4121600850.0,
                "Shape_Length": 0.022201779686522753
            },
            "geometry": {
                "type": "LineString",
                "coordinates": [
                    [
                        80.7854166666663,
                        8.57916666666653
                    ],
                    [
                        80.7854166666663,
                        8.572916666666536
                    ],
                    [
                        80.78958333333301,
                        8.568749999999888
                    ],
                    [
                        80.7854166666663,
                        8.564583333333182
                    ],
                    [
                        80.7854166666663,
                        8.56041666666652
                    ]
                ]
            }
        },
        {
            "type": "Feature",
            "properties": {
                "HYRIV_ID": 41399206,
                "NEXT_DOWN": 41399321,
                "MAIN_RIV": 41397237,
                "LENGTH_KM": 3.59,
                "DIST_DN_KM": 62.200001,
                "DIST_UP_KM": 10.3,
                "CATCH_SKM": 13.37,
                "UPLAND_SKM": 43.3,
                "ENDORHEIC": 0,
                "DIS_AV_CMS": 0.676,
                "ORD_STRA": 2,
                "ORD_CLAS": 2,
                "ORD_FLOW": 7,
                "HYBAS_L12": 4121600850.0,
                "Shape_Length": 0.032618446353183096
            },
            "geometry": {
                "type": "LineString",
                "coordinates": [
                    [
                        80.7854166666663,
                        8.56041666666652
                    ],
                    [
                        80.79374999999968,
                        8.56041666666652
                    ],
                    [
                        80.79791666666634,
                        8.55624999999987
                    ],
                    [
                        80.80624999999966,
                        8.55624999999987
                    ],
                    [
                        80.81041666666633,
                        8.552083333333208
                    ],
                    [
                        80.81458333333305,
                        8.552083333333208
                    ]
                ]
            }
        },
        {
            "type": "Feature",
            "properties": {
                "HYRIV_ID": 41399207,
                "NEXT_DOWN": 41399321,
                "MAIN_RIV": 41397237,
                "LENGTH_KM": 2.27,
                "DIST_DN_KM": 62.200001,
                "DIST_UP_KM": 7.8,
                "CATCH_SKM": 10.19,
                "UPLAND_SKM": 10.2,
                "ENDORHEIC": 0,
                "DIS_AV_CMS": 0.161,
                "ORD_STRA": 1,
                "ORD_CLAS": 3,
                "ORD_FLOW": 7,
                "HYBAS_L12": 4121600850.0,
                "Shape_Length": 0.020475889843231027
            },
            "geometry": {
                "type": "LineString",
                "coordinates": [
                    [
                        80.82291666666637,
                        8.566666666666556
                    ],
                    [
                        80.82291666666637,
                        8.55624999999987
                    ],
                    [
                        80.81874999999971,
                        8.552083333333208
                    ],
                    [
                        80.81458333333305,
                        8.552083333333208
                    ]
                ]
            }
        },
        {
            "type": "Feature",
            "properties": {
                "HYRIV_ID": 41399228,
                "NEXT_DOWN": 41399075,
                "MAIN_RIV": 41397237,
                "LENGTH_KM": 3.71,
                "DIST_DN_KM": 50.3,
                "DIST_UP_KM": 87.800003,
                "CATCH_SKM": 16.98,
                "UPLAND_SKM": 998.0,
                "ENDORHEIC": 0,
                "DIS_AV_CMS": 15.554,
                "ORD_STRA": 4,
                "ORD_CLAS": 1,
                "ORD_FLOW": 5,
                "HYBAS_L12": 4121600850.0,
                "Shape_Length": 0.03333333333331723
            },
            "geometry": {
                "type": "LineString",
                "coordinates": [
                    [
                        80.87291666666627,
                        8.547916666666545
                    ],
                    [
                        80.87291666666627,
                        8.581249999999862
                    ]
                ]
            }
        },
        {
            "type": "Feature",
            "properties": {
                "HYRIV_ID": 41399321,
                "NEXT_DOWN": 41399322,
                "MAIN_RIV": 41397237,
                "LENGTH_KM": 5.0900002,
                "DIST_DN_KM": 57.3,
                "DIST_UP_KM": 15.2,
                "CATCH_SKM": 9.5500002,
                "UPLAND_SKM": 63.0,
                "ENDORHEIC": 0,
                "DIS_AV_CMS": 0.986,
                "ORD_STRA": 2,
                "ORD_CLAS": 2,
                "ORD_FLOW": 7,
                "HYBAS_L12": 4121600850.0,
                "Shape_Length": 0.046129449216010796
            },
            "geometry": {
                "type": "LineString",
                "coordinates": [
                    [
                        80.81458333333305,
                        8.552083333333208
                    ],
                    [
                        80.81874999999971,
                        8.547916666666545
                    ],
                    [
                        80.83541666666625,
                        8.547916666666545
                    ],
                    [
                        80.85208333333296,
                        8.531249999999865
                    ]
                ]
            }
        },
        {
            "type": "Feature",
            "properties": {
                "HYRIV_ID": 41399322,
                "NEXT_DOWN": 41399323,
                "MAIN_RIV": 41397237,
                "LENGTH_KM": 0.46,
                "DIST_DN_KM": 56.700001,
                "DIST_UP_KM": 15.8,
                "CATCH_SKM": 0.64,
                "UPLAND_SKM": 78.5,
                "ENDORHEIC": 0,
                "DIS_AV_CMS": 1.232,
                "ORD_STRA": 2,
                "ORD_CLAS": 2,
                "ORD_FLOW": 6,
                "HYBAS_L12": 4121600850.0,
                "Shape_Length": 0.004166666666662877
            },
            "geometry": {
                "type": "LineString",
                "coordinates": [
                    [
                        80.85208333333296,
                        8.531249999999865
                    ],
                    [
                        80.85624999999962,
                        8.531249999999865
                    ]
                ]
            }
        },
        {
            "type": "Feature",
            "properties": {
                "HYRIV_ID": 41399323,
                "NEXT_DOWN": 41399228,
                "MAIN_RIV": 41397237,
                "LENGTH_KM": 2.61,
                "DIST_DN_KM": 54.200001,
                "DIST_UP_KM": 83.900002,
                "CATCH_SKM": 5.31,
                "UPLAND_SKM": 961.29999,
                "ENDORHEIC": 0,
                "DIS_AV_CMS": 15.032,
                "ORD_STRA": 4,
                "ORD_CLAS": 1,
                "ORD_FLOW": 5,
                "HYBAS_L12": 4121600850.0,
                "Shape_Length": 0.023570226039550245
            },
            "geometry": {
                "type": "LineString",
                "coordinates": [
                    [
                        80.85624999999962,
                        8.531249999999865
                    ],
                    [
                        80.87291666666627,
                        8.547916666666545
                    ]
                ]
            }
        },
        {
            "type": "Feature",
            "properties": {
                "HYRIV_ID": 41399324,
                "NEXT_DOWN": 41399228,
                "MAIN_RIV": 41397237,
                "LENGTH_KM": 3.75,
                "DIST_DN_KM": 54.200001,
                "DIST_UP_KM": 7.1,
                "CATCH_SKM": 19.74,
                "UPLAND_SKM": 19.700001,
                "ENDORHEIC": 0,
                "DIS_AV_CMS": 0.32100001,
                "ORD_STRA": 1,
                "ORD_CLAS": 2,
                "ORD_FLOW": 7,
                "HYBAS_L12": 4121600850.0,
                "Shape_Length": 0.03398689270620256
            },
            "geometry": {
                "type": "LineString",
                "coordinates": [
                    [
                        80.89999999999961,
                        8.531249999999865
                    ],
                    [
                        80.89374999999964,
                        8.531249999999865
                    ],
                    [
                        80.8812499999996,
                        8.54374999999984
                    ],
                    [
                        80.87708333333299,
                        8.54374999999984
                    ],
                    [
                        80.87291666666627,
                        8.547916666666545
                    ]
                ]
            }
        },
        {
            "type": "Feature",
            "properties": {
                "HYRIV_ID": 41399375,
                "NEXT_DOWN": 41399322,
                "MAIN_RIV": 41397237,
                "LENGTH_KM": 4.5700002,
                "DIST_DN_KM": 57.099998,
                "DIST_UP_KM": 7.8,
                "CATCH_SKM": 14.86,
                "UPLAND_SKM": 14.9,
                "ENDORHEIC": 0,
                "DIS_AV_CMS": 0.237,
                "ORD_STRA": 1,
                "ORD_CLAS": 3,
                "ORD_FLOW": 7,
                "HYBAS_L12": 4121600850.0,
                "Shape_Length": 0.041457281117990255
            },
            "geometry": {
                "type": "LineString",
                "coordinates": [
                    [
                        80.8166666666663,
                        8.529166666666548
                    ],
                    [
                        80.82291666666637,
                        8.52291666666651
                    ],
                    [
                        80.82708333333292,
                        8.527083333333216
                    ],
                    [
                        80.83958333333308,
                        8.527083333333216
                    ],
                    [
                        80.84374999999974,
                        8.531249999999865
                    ],
                    [
                        80.85208333333296,
                        8.531249999999865
                    ]
                ]
            }
        },
        {
            "type": "Feature",
            "properties": {
                "HYRIV_ID": 41399376,
                "NEXT_DOWN": 41399323,
                "MAIN_RIV": 41397237,
                "LENGTH_KM": 0.93,
                "DIST_DN_KM": 56.700001,
                "DIST_UP_KM": 81.5,
                "CATCH_SKM": 2.12,
                "UPLAND_SKM": 877.40002,
                "ENDORHEIC": 0,
                "DIS_AV_CMS": 13.75,
                "ORD_STRA": 4,
                "ORD_CLAS": 1,
                "ORD_FLOW": 5,
                "HYBAS_L12": 4121600850.0,
                "Shape_Length": 0.008333333333354176
            },
            "geometry": {
                "type": "LineString",
                "coordinates": [
                    [
                        80.85624999999962,
                        8.52291666666651
                    ],
                    [
                        80.85624999999962,
                        8.531249999999865
                    ]
                ]
            }
        },
        {
            "type": "Feature",
            "properties": {
                "HYRIV_ID": 41399482,
                "NEXT_DOWN": 41399376,
                "MAIN_RIV": 41397237,
                "LENGTH_KM": 3.1500001,
                "DIST_DN_KM": 57.599998,
                "DIST_UP_KM": 25.5,
                "CATCH_SKM": 7.0100002,
                "UPLAND_SKM": 134.39999,
                "ENDORHEIC": 0,
                "DIS_AV_CMS": 2.1719999,
                "ORD_STRA": 3,
                "ORD_CLAS": 2,
                "ORD_FLOW": 6,
                "HYBAS_L12": 4121155820.0,
                "Shape_Length": 0.028451779686388158
            },
            "geometry": {
                "type": "LineString",
                "coordinates": [
                    [
                        80.86041666666628,
                        8.502083333333225
                    ],
                    [
                        80.86041666666628,
                        8.506249999999874
                    ],
                    [
                        80.86458333333294,
                        8.510416666666536
                    ],
                    [
                        80.86458333333294,
                        8.518749999999848
                    ],
                    [
                        80.86041666666628,
                        8.52291666666651
                    ],
                    [
                        80.85624999999962,
                        8.52291666666651
                    ]
                ]
            }
        },
        {
            "type": "Feature",
            "properties": {
                "HYRIV_ID": 41399504,
                "NEXT_DOWN": 41399482,
                "MAIN_RIV": 41397237,
                "LENGTH_KM": 0.65,
                "DIST_DN_KM": 60.900002,
                "DIST_UP_KM": 22.200001,
                "CATCH_SKM": 0.42,
                "UPLAND_SKM": 110.8,
                "ENDORHEIC": 0,
                "DIS_AV_CMS": 1.795,
                "ORD_STRA": 3,
                "ORD_CLAS": 2,
                "ORD_FLOW": 6,
                "HYBAS_L12": 4121155820.0,
                "Shape_Length": 0.005892556509912683
            },
            "geometry": {
                "type": "LineString",
                "coordinates": [
                    [
                        80.85624999999962,
                        8.49791666666652
                    ],
                    [
                        80.86041666666628,
                        8.502083333333225
                    ]
                ]
            }
        },
        {
            "type": "Feature",
            "properties": {
                "HYRIV_ID": 41399536,
                "NEXT_DOWN": 41399612,
                "MAIN_RIV": 41397237,
                "LENGTH_KM": 1.15,
                "DIST_DN_KM": 75.199997,
                "DIST_UP_KM": 6.3,
                "CATCH_SKM": 8.0699997,
                "UPLAND_SKM": 8.1,
                "ENDORHEIC": 0,
                "DIS_AV_CMS": 0.124,
                "ORD_STRA": 1,
                "ORD_CLAS": 2,
                "ORD_FLOW": 7,
                "HYBAS_L12": 4121600920.0,
                "Shape_Length": 0.010416666666628771
            },
            "geometry": {
                "type": "LineString",
                "coordinates": [
                    [
                        80.72083333333299,
                        8.489583333333208
                    ],
                    [
                        80.73124999999962,
                        8.489583333333208
                    ]
                ]
            }
        },
        {
            "type": "Feature",
            "properties": {
                "HYRIV_ID": 41399537,
                "NEXT_DOWN": 41399612,
                "MAIN_RIV": 41397237,
                "LENGTH_KM": 0.98,
                "DIST_DN_KM": 75.400002,
                "DIST_UP_KM": 4.2,
                "CATCH_SKM": 13.38,
                "UPLAND_SKM": 13.4,
                "ENDORHEIC": 0,
                "DIS_AV_CMS": 0.205,
                "ORD_STRA": 1,
                "ORD_CLAS": 3,
                "ORD_FLOW": 7,
                "HYBAS_L12": 4121600920.0,
                "Shape_Length": 0.00883883476479366
            },
            "geometry": {
                "type": "LineString",
                "coordinates": [
                    [
                        80.72499999999965,
                        8.495833333333188
                    ],
                    [
                        80.73124999999962,
                        8.489583333333208
                    ]
                ]
            }
        },
        {
            "type": "Feature",
            "properties": {
                "HYRIV_ID": 41399538,
                "NEXT_DOWN": 41399560,
                "MAIN_RIV": 41397237,
                "LENGTH_KM": 6.25,
                "DIST_DN_KM": 67.400002,
                "DIST_UP_KM": 10.1,
                "CATCH_SKM": 22.5,
                "UPLAND_SKM": 22.5,
                "ENDORHEIC": 0,
                "DIS_AV_CMS": 0.35100001,
                "ORD_STRA": 1,
                "ORD_CLAS": 2,
                "ORD_FLOW": 7,
                "HYBAS_L12": 4121155860.0,
                "Shape_Length": 0.05654611588279071
            },
            "geometry": {
                "type": "LineString",
                "coordinates": [
                    [
                        80.75208333333299,
                        8.52083333333318
                    ],
                    [
                        80.75208333333299,
                        8.5145833333332
                    ],
                    [
                        80.7562499999996,
                        8.510416666666536
                    ],
                    [
                        80.7562499999996,
                        8.506249999999874
                    ],
                    [
                        80.76458333333298,
                        8.506249999999874
                    ],
                    [
                        80.78124999999963,
                        8.489583333333208
                    ],
                    [
                        80.78958333333301,
                        8.489583333333208
                    ]
                ]
            }
        },
        {
            "type": "Feature",
            "properties": {
                "HYRIV_ID": 41399539,
                "NEXT_DOWN": 41399560,
                "MAIN_RIV": 41397237,
                "LENGTH_KM": 3.58,
                "DIST_DN_KM": 67.400002,
                "DIST_UP_KM": 8.5,
                "CATCH_SKM": 15.71,
                "UPLAND_SKM": 15.7,
                "ENDORHEIC": 0,
                "DIS_AV_CMS": 0.247,
                "ORD_STRA": 1,
                "ORD_CLAS": 3,
                "ORD_FLOW": 7,
                "HYBAS_L12": 4121155860.0,
                "Shape_Length": 0.032261002863026245
            },
            "geometry": {
                "type": "LineString",
                "coordinates": [
                    [
                        80.77708333333297,
                        8.51666666666653
                    ],
                    [
                        80.77708333333297,
                        8.510416666666536
                    ],
                    [
                        80.7854166666663,
                        8.502083333333225
                    ],
                    [
                        80.7854166666663,
                        8.49791666666652
                    ],
                    [
                        80.78958333333301,
                        8.493749999999856
                    ],
                    [
                        80.78958333333301,
                        8.489583333333208
                    ]
                ]
            }
        },
        {
            "type": "Feature",
            "properties": {
                "HYRIV_ID": 41399540,
                "NEXT_DOWN": 41399376,
                "MAIN_RIV": 41397237,
                "LENGTH_KM": 6.6700001,
                "DIST_DN_KM": 57.599998,
                "DIST_UP_KM": 80.5,
                "CATCH_SKM": 21.440001,
                "UPLAND_SKM": 740.90002,
                "ENDORHEIC": 0,
                "DIS_AV_CMS": 11.56,
                "ORD_STRA": 3,
                "ORD_CLAS": 1,
                "ORD_FLOW": 5,
                "HYBAS_L12": 4121155860.0,
                "Shape_Length": 0.06035533905924893
            },
            "geometry": {
                "type": "LineString",
                "coordinates": [
                    [
                        80.81458333333305,
                        8.489583333333208
                    ],
                    [
                        80.81874999999971,
                        8.489583333333208
                    ],
                    [
                        80.82291666666637,
                        8.493749999999856
                    ],
                    [
                        80.82708333333292,
                        8.493749999999856
                    ],
                    [
                        80.83541666666625,
                        8.502083333333225
                    ],
                    [
                        80.84374999999974,
                        8.502083333333225
                    ],
                    [
                        80.85208333333296,
                        8.510416666666536
                    ],
                    [
                        80.85208333333296,
                        8.5145833333332
                    ],
                    [
                        80.85624999999962,
                        8.518749999999848
                    ],
                    [
                        80.85624999999962,
                        8.52291666666651
                    ]
                ]
            }
        },
        {
            "type": "Feature",
            "properties": {
                "HYRIV_ID": 41399541,
                "NEXT_DOWN": 41399482,
                "MAIN_RIV": 41397237,
                "LENGTH_KM": 2.74,
                "DIST_DN_KM": 60.700001,
                "DIST_UP_KM": 6.7,
                "CATCH_SKM": 16.559999,
                "UPLAND_SKM": 16.6,
                "ENDORHEIC": 0,
                "DIS_AV_CMS": 0.27,
                "ORD_STRA": 1,
                "ORD_CLAS": 3,
                "ORD_FLOW": 7,
                "HYBAS_L12": 4121155820.0,
                "Shape_Length": 0.024790614451332144
            },
            "geometry": {
                "type": "LineString",
                "coordinates": [
                    [
                        80.87916666666635,
                        8.487499999999876
                    ],
                    [
                        80.86458333333294,
                        8.502083333333225
                    ],
                    [
                        80.86041666666628,
                        8.502083333333225
                    ]
                ]
            }
        },
        {
            "type": "Feature",
            "properties": {
                "HYRIV_ID": 41399560,
                "NEXT_DOWN": 41399561,
                "MAIN_RIV": 41397237,
                "LENGTH_KM": 1.11,
                "DIST_DN_KM": 66.300003,
                "DIST_UP_KM": 11.2,
                "CATCH_SKM": 1.49,
                "UPLAND_SKM": 39.700001,
                "ENDORHEIC": 0,
                "DIS_AV_CMS": 0.62,
                "ORD_STRA": 2,
                "ORD_CLAS": 2,
                "ORD_FLOW": 7,
                "HYBAS_L12": 4121155860.0,
                "Shape_Length": 0.010059223176545413
            },
            "geometry": {
                "type": "LineString",
                "coordinates": [
                    [
                        80.78958333333301,
                        8.489583333333208
                    ],
                    [
                        80.79374999999968,
                        8.485416666666545
                    ],
                    [
                        80.79791666666634,
                        8.485416666666545
                    ]
                ]
            }
        },
        {
            "type": "Feature",
            "properties": {
                "HYRIV_ID": 41399561,
                "NEXT_DOWN": 41399540,
                "MAIN_RIV": 41397237,
                "LENGTH_KM": 2.03,
                "DIST_DN_KM": 64.300003,
                "DIST_UP_KM": 73.900002,
                "CATCH_SKM": 4.25,
                "UPLAND_SKM": 685.20001,
                "ENDORHEIC": 0,
                "DIS_AV_CMS": 10.775,
                "ORD_STRA": 3,
                "ORD_CLAS": 1,
                "ORD_FLOW": 5,
                "HYBAS_L12": 4121155860.0,
                "Shape_Length": 0.01839255650992801
            },
            "geometry": {
                "type": "LineString",
                "coordinates": [
                    [
                        80.79791666666634,
                        8.485416666666545
                    ],
                    [
                        80.802083333333,
                        8.489583333333208
                    ],
                    [
                        80.81458333333305,
                        8.489583333333208
                    ]
                ]
            }
        },
        {
            "type": "Feature",
            "properties": {
                "HYRIV_ID": 41399592,
                "NEXT_DOWN": 41399561,
                "MAIN_RIV": 41397237,
                "LENGTH_KM": 1.11,
                "DIST_DN_KM": 66.300003,
                "DIST_UP_KM": 71.900002,
                "CATCH_SKM": 1.06,
                "UPLAND_SKM": 641.29999,
                "ENDORHEIC": 0,
                "DIS_AV_CMS": 10.132,
                "ORD_STRA": 3,
                "ORD_CLAS": 1,
                "ORD_FLOW": 5,
                "HYBAS_L12": 4121155860.0,
                "Shape_Length": 0.010059223176565511
            },
            "geometry": {
                "type": "LineString",
                "coordinates": [
                    [
                        80.79374999999968,
                        8.47708333333319
                    ],
                    [
                        80.79791666666634,
                        8.481249999999882
                    ],
                    [
                        80.79791666666634,
                        8.485416666666545
                    ]
                ]
            }
        },
        {
            "type": "Feature",
            "properties": {
                "HYRIV_ID": 41399612,
                "NEXT_DOWN": 41399613,
                "MAIN_RIV": 41397237,
                "LENGTH_KM": 5.81,
                "DIST_DN_KM": 69.400002,
                "DIST_UP_KM": 12.1,
                "CATCH_SKM": 14.86,
                "UPLAND_SKM": 36.3,
                "ENDORHEIC": 0,
                "DIS_AV_CMS": 0.55699998,
                "ORD_STRA": 2,
                "ORD_CLAS": 2,
                "ORD_FLOW": 7,
                "HYBAS_L12": 4121600920.0,
                "Shape_Length": 0.05273689270623058
            },
            "geometry": {
                "type": "LineString",
                "coordinates": [
                    [
                        80.73124999999962,
                        8.489583333333208
                    ],
                    [
                        80.73541666666628,
                        8.489583333333208
                    ],
                    [
                        80.73958333333294,
                        8.485416666666545
                    ],
                    [
                        80.74791666666627,
                        8.485416666666545
                    ],
                    [
                        80.75208333333299,
                        8.481249999999882
                    ],
                    [
                        80.76041666666632,
                        8.481249999999882
                    ],
                    [
                        80.76458333333298,
                        8.47708333333319
                    ],
                    [
                        80.76874999999964,
                        8.47708333333319
                    ],
                    [
                        80.7729166666663,
                        8.472916666666528
                    ],
                    [
                        80.77708333333297,
                        8.472916666666528
                    ]
                ]
            }
        },
        {
            "type": "Feature",
            "properties": {
                "HYRIV_ID": 41399613,
                "NEXT_DOWN": 41399592,
                "MAIN_RIV": 41397237,
                "LENGTH_KM": 2.03,
                "DIST_DN_KM": 67.400002,
                "DIST_UP_KM": 70.699997,
                "CATCH_SKM": 2.97,
                "UPLAND_SKM": 617.29999,
                "ENDORHEIC": 0,
                "DIS_AV_CMS": 9.7709999,
                "ORD_STRA": 3,
                "ORD_CLAS": 1,
                "ORD_FLOW": 6,
                "HYBAS_L12": 4121155860.0,
                "Shape_Length": 0.01839255650992801
            },
            "geometry": {
                "type": "LineString",
                "coordinates": [
                    [
                        80.77708333333297,
                        8.472916666666528
                    ],
                    [
                        80.78124999999963,
                        8.47708333333319
                    ],
                    [
                        80.79374999999968,
                        8.47708333333319
                    ]
                ]
            }
        },
        {
            "type": "Feature",
            "properties": {
                "HYRIV_ID": 41399642,
                "NEXT_DOWN": 41399504,
                "MAIN_RIV": 41397237,
                "LENGTH_KM": 5.4299998,
                "DIST_DN_KM": 61.599998,
                "DIST_UP_KM": 9.4,
                "CATCH_SKM": 17.41,
                "UPLAND_SKM": 17.4,
                "ENDORHEIC": 0,
                "DIS_AV_CMS": 0.281,
                "ORD_STRA": 1,
                "ORD_CLAS": 3,
                "ORD_FLOW": 7,
                "HYBAS_L12": 4121155820.0,
                "Shape_Length": 0.049075727470839804
            },
            "geometry": {
                "type": "LineString",
                "coordinates": [
                    [
                        80.84999999999965,
                        8.462499999999885
                    ],
                    [
                        80.84374999999974,
                        8.468749999999865
                    ],
                    [
                        80.84374999999974,
                        8.481249999999882
                    ],
                    [
                        80.83958333333308,
                        8.485416666666545
                    ],
                    [
                        80.84374999999974,
                        8.489583333333208
                    ],
                    [
                        80.8479166666663,
                        8.489583333333208
                    ],
                    [
                        80.85624999999962,
                        8.49791666666652
                    ]
                ]
            }
        },
        {
            "type": "Feature",
            "properties": {
                "HYRIV_ID": 41399643,
                "NEXT_DOWN": 41399504,
                "MAIN_RIV": 41397237,
                "LENGTH_KM": 4.6500001,
                "DIST_DN_KM": 61.400002,
                "DIST_UP_KM": 21.700001,
                "CATCH_SKM": 8.0699997,
                "UPLAND_SKM": 93.0,
                "ENDORHEIC": 0,
                "DIS_AV_CMS": 1.5089999,
                "ORD_STRA": 3,
                "ORD_CLAS": 2,
                "ORD_FLOW": 6,
                "HYBAS_L12": 4121155820.0,
                "Shape_Length": 0.04196278254940132
            },
            "geometry": {
                "type": "LineString",
                "coordinates": [
                    [
                        80.86041666666628,
                        8.464583333333216
                    ],
                    [
                        80.86458333333294,
                        8.468749999999865
                    ],
                    [
                        80.86458333333294,
                        8.47708333333319
                    ],
                    [
                        80.86874999999961,
                        8.481249999999882
                    ],
                    [
                        80.85624999999962,
                        8.493749999999856
                    ],
                    [
                        80.85624999999962,
                        8.49791666666652
                    ]
                ]
            }
        },
        {
            "type": "Feature",
            "properties": {
                "HYRIV_ID": 41399727,
                "NEXT_DOWN": 41399728,
                "MAIN_RIV": 41397237,
                "LENGTH_KM": 6.14,
                "DIST_DN_KM": 73.0,
                "DIST_UP_KM": 10.3,
                "CATCH_SKM": 28.879999,
                "UPLAND_SKM": 28.9,
                "ENDORHEIC": 0,
                "DIS_AV_CMS": 0.445,
                "ORD_STRA": 1,
                "ORD_CLAS": 2,
                "ORD_FLOW": 7,
                "HYBAS_L12": 4121600920.0,
                "Shape_Length": 0.055683170961118154
            },
            "geometry": {
                "type": "LineString",
                "coordinates": [
                    [
                        80.71249999999966,
                        8.45833333333318
                    ],
                    [
                        80.71874999999963,
                        8.4520833333332
                    ],
                    [
                        80.72708333333296,
                        8.4520833333332
                    ],
                    [
                        80.73124999999962,
                        8.456249999999848
                    ],
                    [
                        80.73958333333294,
                        8.456249999999848
                    ],
                    [
                        80.74791666666627,
                        8.447916666666536
                    ],
                    [
                        80.76041666666632,
                        8.447916666666536
                    ]
                ]
            }
        },
        {
            "type": "Feature",
            "properties": {
                "HYRIV_ID": 41399728,
                "NEXT_DOWN": 41399613,
                "MAIN_RIV": 41397237,
                "LENGTH_KM": 3.53,
                "DIST_DN_KM": 69.400002,
                "DIST_UP_KM": 68.699997,
                "CATCH_SKM": 9.1300001,
                "UPLAND_SKM": 578.0,
                "ENDORHEIC": 0,
                "DIS_AV_CMS": 9.2080002,
                "ORD_STRA": 3,
                "ORD_CLAS": 1,
                "ORD_FLOW": 6,
                "HYBAS_L12": 4121600920.0,
                "Shape_Length": 0.03190355937286179
            },
            "geometry": {
                "type": "LineString",
                "coordinates": [
                    [
                        80.76041666666632,
                        8.447916666666536
                    ],
                    [
                        80.77708333333297,
                        8.464583333333216
                    ],
                    [
                        80.77708333333297,
                        8.472916666666528
                    ]
                ]
            }
        },
        {
            "type": "Feature",
            "properties": {
                "HYRIV_ID": 41399747,
                "NEXT_DOWN": 41399643,
                "MAIN_RIV": 41397237,
                "LENGTH_KM": 2.5,
                "DIST_DN_KM": 66.0,
                "DIST_UP_KM": 17.1,
                "CATCH_SKM": 4.0300002,
                "UPLAND_SKM": 58.400002,
                "ENDORHEIC": 0,
                "DIS_AV_CMS": 0.95200002,
                "ORD_STRA": 2,
                "ORD_CLAS": 2,
                "ORD_FLOW": 7,
                "HYBAS_L12": 4121155820.0,
                "Shape_Length": 0.022559223176562466
            },
            "geometry": {
                "type": "LineString",
                "coordinates": [
                    [
                        80.85624999999962,
                        8.443749999999874
                    ],
                    [
                        80.86041666666628,
                        8.447916666666536
                    ],
                    [
                        80.86041666666628,
                        8.464583333333216
                    ]
                ]
            }
        },
        {
            "type": "Feature",
            "properties": {
                "HYRIV_ID": 41399748,
                "NEXT_DOWN": 41399643,
                "MAIN_RIV": 41397237,
                "LENGTH_KM": 3.72,
                "DIST_DN_KM": 66.0,
                "DIST_UP_KM": 8.6,
                "CATCH_SKM": 7.8600001,
                "UPLAND_SKM": 26.5,
                "ENDORHEIC": 0,
                "DIS_AV_CMS": 0.43700001,
                "ORD_STRA": 2,
                "ORD_CLAS": 3,
                "ORD_FLOW": 7,
                "HYBAS_L12": 4121155820.0,
                "Shape_Length": 0.03362944921613585
            },
            "geometry": {
                "type": "LineString",
                "coordinates": [
                    [
                        80.88541666666632,
                        8.443749999999874
                    ],
                    [
                        80.86458333333294,
                        8.464583333333216
                    ],
                    [
                        80.86041666666628,
                        8.464583333333216
                    ]
                ]
            }
        },
        {
            "type": "Feature",
            "properties": {
                "HYRIV_ID": 41399749,
                "NEXT_DOWN": 41399748,
                "MAIN_RIV": 41397237,
                "LENGTH_KM": 0.69,
                "DIST_DN_KM": 69.800003,
                "DIST_UP_KM": 3.6,
                "CATCH_SKM": 7.0100002,
                "UPLAND_SKM": 7.0,
                "ENDORHEIC": 0,
                "DIS_AV_CMS": 0.116,
                "ORD_STRA": 1,
                "ORD_CLAS": 4,
                "ORD_FLOW": 7,
                "HYBAS_L12": 4121155820.0,
                "Shape_Length": 0.006250000000079581
            },
            "geometry": {
                "type": "LineString",
                "coordinates": [
                    [
                        80.8916666666664,
                        8.443749999999874
                    ],
                    [
                        80.88541666666632,
                        8.443749999999874
                    ]
                ]
            }
        },
        {
            "type": "Feature",
            "properties": {
                "HYRIV_ID": 41399770,
                "NEXT_DOWN": 41399728,
                "MAIN_RIV": 41397237,
                "LENGTH_KM": 0.93,
                "DIST_DN_KM": 73.0,
                "DIST_UP_KM": 65.199997,
                "CATCH_SKM": 1.49,
                "UPLAND_SKM": 540.0,
                "ENDORHEIC": 0,
                "DIS_AV_CMS": 8.6759996,
                "ORD_STRA": 3,
                "ORD_CLAS": 1,
                "ORD_FLOW": 6,
                "HYBAS_L12": 4121600920.0,
                "Shape_Length": 0.008333333333325754
            },
            "geometry": {
                "type": "LineString",
                "coordinates": [
                    [
                        80.76041666666632,
                        8.43958333333321
                    ],
                    [
                        80.76041666666632,
                        8.447916666666536
                    ]
                ]
            }
        },
        {
            "type": "Feature",
            "properties": {
                "HYRIV_ID": 41399771,
                "NEXT_DOWN": 41399747,
                "MAIN_RIV": 41397237,
                "LENGTH_KM": 1.4400001,
                "DIST_DN_KM": 68.5,
                "DIST_UP_KM": 6.0,
                "CATCH_SKM": 6.79,
                "UPLAND_SKM": 6.8,
                "ENDORHEIC": 0,
                "DIS_AV_CMS": 0.112,
                "ORD_STRA": 1,
                "ORD_CLAS": 3,
                "ORD_FLOW": 7,
                "HYBAS_L12": 4121155820.0,
                "Shape_Length": 0.013005501431536925
            },
            "geometry": {
                "type": "LineString",
                "coordinates": [
                    [
                        80.86666666666636,
                        8.437499999999893
                    ],
                    [
                        80.86041666666628,
                        8.443749999999874
                    ],
                    [
                        80.85624999999962,
                        8.443749999999874
                    ]
                ]
            }
        },
        {
            "type": "Feature",
            "properties": {
                "HYRIV_ID": 41399820,
                "NEXT_DOWN": 41399770,
                "MAIN_RIV": 41397237,
                "LENGTH_KM": 1.63,
                "DIST_DN_KM": 74.099998,
                "DIST_UP_KM": 6.1,
                "CATCH_SKM": 8.4899998,
                "UPLAND_SKM": 8.5,
                "ENDORHEIC": 0,
                "DIS_AV_CMS": 0.13600001,
                "ORD_STRA": 1,
                "ORD_CLAS": 2,
                "ORD_FLOW": 7,
                "HYBAS_L12": 4121600920.0,
                "Shape_Length": 0.014731391274706343
            },
            "geometry": {
                "type": "LineString",
                "coordinates": [
                    [
                        80.77083333333294,
                        8.429166666666525
                    ],
                    [
                        80.76041666666632,
                        8.43958333333321
                    ]
                ]
            }
        },
        {
            "type": "Feature",
            "properties": {
                "HYRIV_ID": 41399821,
                "NEXT_DOWN": 41399748,
                "MAIN_RIV": 41397237,
                "LENGTH_KM": 2.09,
                "DIST_DN_KM": 69.800003,
                "DIST_UP_KM": 4.9,
                "CATCH_SKM": 11.68,
                "UPLAND_SKM": 11.7,
                "ENDORHEIC": 0,
                "DIS_AV_CMS": 0.19400001,
                "ORD_STRA": 1,
                "ORD_CLAS": 3,
                "ORD_FLOW": 7,
                "HYBAS_L12": 4121155820.0,
                "Shape_Length": 0.01889805794144961
            },
            "geometry": {
                "type": "LineString",
                "coordinates": [
                    [
                        80.89583333333306,
                        8.429166666666525
                    ],
                    [
                        80.88541666666632,
                        8.43958333333321
                    ],
                    [
                        80.88541666666632,
                        8.443749999999874
                    ]
                ]
            }
        },
        {
            "type": "Feature",
            "properties": {
                "HYRIV_ID": 41399846,
                "NEXT_DOWN": 41399770,
                "MAIN_RIV": 41397237,
                "LENGTH_KM": 1.58,
                "DIST_DN_KM": 74.099998,
                "DIST_UP_KM": 64.099998,
                "CATCH_SKM": 3.4,
                "UPLAND_SKM": 530.0,
                "ENDORHEIC": 0,
                "DIS_AV_CMS": 8.5349998,
                "ORD_STRA": 3,
                "ORD_CLAS": 1,
                "ORD_FLOW": 6,
                "HYBAS_L12": 4121600920.0,
                "Shape_Length": 0.014225889843268582
            },
            "geometry": {
                "type": "LineString",
                "coordinates": [
                    [
                        80.7562499999996,
                        8.427083333333194
                    ],
                    [
                        80.7562499999996,
                        8.43541666666652
                    ],
                    [
                        80.76041666666632,
                        8.43958333333321
                    ]
                ]
            }
        },
        {
            "type": "Feature",
            "properties": {
                "HYRIV_ID": 41399866,
                "NEXT_DOWN": 41399846,
                "MAIN_RIV": 41397237,
                "LENGTH_KM": 2.71,
                "DIST_DN_KM": 75.5,
                "DIST_UP_KM": 7.6,
                "CATCH_SKM": 17.200001,
                "UPLAND_SKM": 17.200001,
                "ENDORHEIC": 0,
                "DIS_AV_CMS": 0.26800001,
                "ORD_STRA": 1,
                "ORD_CLAS": 2,
                "ORD_FLOW": 7,
                "HYBAS_L12": 4121600920.0,
                "Shape_Length": 0.024642556509827013
            },
            "geometry": {
                "type": "LineString",
                "coordinates": [
                    [
                        80.73333333333298,
                        8.422916666666545
                    ],
                    [
                        80.74374999999961,
                        8.422916666666545
                    ],
                    [
                        80.74791666666627,
                        8.427083333333194
                    ],
                    [
                        80.7562499999996,
                        8.427083333333194
                    ]
                ]
            }
        },
        {
            "type": "Feature",
            "properties": {
                "HYRIV_ID": 41399867,
                "NEXT_DOWN": 41399592,
                "MAIN_RIV": 41397237,
                "LENGTH_KM": 8.3,
                "DIST_DN_KM": 67.400002,
                "DIST_UP_KM": 12.8,
                "CATCH_SKM": 22.93,
                "UPLAND_SKM": 22.9,
                "ENDORHEIC": 0,
                "DIS_AV_CMS": 0.36500001,
                "ORD_STRA": 1,
                "ORD_CLAS": 2,
                "ORD_FLOW": 7,
                "HYBAS_L12": 4121155860.0,
                "Shape_Length": 0.0749386723926293
            },
            "geometry": {
                "type": "LineString",
                "coordinates": [
                    [
                        80.802083333333,
                        8.420833333333213
                    ],
                    [
                        80.802083333333,
                        8.431249999999856
                    ],
                    [
                        80.79791666666634,
                        8.431249999999856
                    ],
                    [
                        80.79374999999968,
                        8.43541666666652
                    ],
                    [
                        80.79374999999968,
                        8.43958333333321
                    ],
                    [
                        80.78958333333301,
                        8.443749999999874
                    ],
                    [
                        80.78958333333301,
                        8.4520833333332
                    ],
                    [
                        80.79374999999968,
                        8.456249999999848
                    ],
                    [
                        80.79374999999968,
                        8.464583333333216
                    ],
                    [
                        80.802083333333,
                        8.472916666666528
                    ],
                    [
                        80.79791666666634,
                        8.47708333333319
                    ],
                    [
                        80.79374999999968,
                        8.47708333333319
                    ]
                ]
            }
        },
        {
            "type": "Feature",
            "properties": {
                "HYRIV_ID": 41399967,
                "NEXT_DOWN": 41399747,
                "MAIN_RIV": 41397237,
                "LENGTH_KM": 5.2,
                "DIST_DN_KM": 68.5,
                "DIST_UP_KM": 14.6,
                "CATCH_SKM": 14.65,
                "UPLAND_SKM": 47.599998,
                "ENDORHEIC": 0,
                "DIS_AV_CMS": 0.77899998,
                "ORD_STRA": 2,
                "ORD_CLAS": 2,
                "ORD_FLOW": 7,
                "HYBAS_L12": 4121155820.0,
                "Shape_Length": 0.04684433619631373
            },
            "geometry": {
                "type": "LineString",
                "coordinates": [
                    [
                        80.86041666666628,
                        8.402083333333202
                    ],
                    [
                        80.86041666666628,
                        8.410416666666528
                    ],
                    [
                        80.85624999999962,
                        8.41458333333322
                    ],
                    [
                        80.85624999999962,
                        8.41874999999984
                    ],
                    [
                        80.85208333333296,
                        8.422916666666545
                    ],
                    [
                        80.85624999999962,
                        8.427083333333194
                    ],
                    [
                        80.85624999999962,
                        8.443749999999874
                    ]
                ]
            }
        },
        {
            "type": "Feature",
            "properties": {
                "HYRIV_ID": 41399989,
                "NEXT_DOWN": 41399846,
                "MAIN_RIV": 41397237,
                "LENGTH_KM": 3.81,
                "DIST_DN_KM": 75.699997,
                "DIST_UP_KM": 62.5,
                "CATCH_SKM": 10.19,
                "UPLAND_SKM": 509.39999,
                "ENDORHEIC": 0,
                "DIS_AV_CMS": 8.2390003,
                "ORD_STRA": 3,
                "ORD_CLAS": 1,
                "ORD_FLOW": 6,
                "HYBAS_L12": 4121600920.0,
                "Shape_Length": 0.03434433619633515
            },
            "geometry": {
                "type": "LineString",
                "coordinates": [
                    [
                        80.75208333333299,
                        8.397916666666553
                    ],
                    [
                        80.75208333333299,
                        8.406249999999865
                    ],
                    [
                        80.76041666666632,
                        8.41458333333322
                    ],
                    [
                        80.76041666666632,
                        8.422916666666545
                    ],
                    [
                        80.7562499999996,
                        8.427083333333194
                    ]
                ]
            }
        },
        {
            "type": "Feature",
            "properties": {
                "HYRIV_ID": 41400011,
                "NEXT_DOWN": 41399540,
                "MAIN_RIV": 41397237,
                "LENGTH_KM": 12.39,
                "DIST_DN_KM": 64.300003,
                "DIST_UP_KM": 16.200001,
                "CATCH_SKM": 34.189999,
                "UPLAND_SKM": 34.200001,
                "ENDORHEIC": 0,
                "DIS_AV_CMS": 0.54799998,
                "ORD_STRA": 1,
                "ORD_CLAS": 2,
                "ORD_FLOW": 7,
                "HYBAS_L12": 4121155860.0,
                "Shape_Length": 0.11172378541250816
            },
            "geometry": {
                "type": "LineString",
                "coordinates": [
                    [
                        80.82291666666637,
                        8.391666666666517
                    ],
                    [
                        80.82291666666637,
                        8.422916666666545
                    ],
                    [
                        80.81458333333305,
                        8.431249999999856
                    ],
                    [
                        80.81458333333305,
                        8.43541666666652
                    ],
                    [
                        80.80624999999966,
                        8.443749999999874
                    ],
                    [
                        80.80624999999966,
                        8.4520833333332
                    ],
                    [
                        80.81041666666633,
                        8.456249999999848
                    ],
                    [
                        80.80624999999966,
                        8.460416666666553
                    ],
                    [
                        80.81041666666633,
                        8.464583333333216
                    ],
                    [
                        80.81041666666633,
                        8.47708333333319
                    ],
                    [
                        80.81458333333305,
                        8.481249999999882
                    ],
                    [
                        80.81458333333305,
                        8.489583333333208
                    ]
                ]
            }
        },
        {
            "type": "Feature",
            "properties": {
                "HYRIV_ID": 41400056,
                "NEXT_DOWN": 41400057,
                "MAIN_RIV": 41397237,
                "LENGTH_KM": 2.71,
                "DIST_DN_KM": 80.699997,
                "DIST_UP_KM": 6.3,
                "CATCH_SKM": 10.62,
                "UPLAND_SKM": 10.6,
                "ENDORHEIC": 0,
                "DIS_AV_CMS": 0.166,
                "ORD_STRA": 1,
                "ORD_CLAS": 3,
                "ORD_FLOW": 7,
                "HYBAS_L12": 4121601010.0,
                "Shape_Length": 0.024642556509883857
            },
            "geometry": {
                "type": "LineString",
                "coordinates": [
                    [
                        80.72916666666632,
                        8.389583333333185
                    ],
                    [
                        80.74374999999961,
                        8.389583333333185
                    ],
                    [
                        80.74791666666627,
                        8.385416666666536
                    ],
                    [
                        80.75208333333299,
                        8.385416666666536
                    ]
                ]
            }
        },
        {
            "type": "Feature",
            "properties": {
                "HYRIV_ID": 41400057,
                "NEXT_DOWN": 41399989,
                "MAIN_RIV": 41397237,
                "LENGTH_KM": 1.39,
                "DIST_DN_KM": 79.300003,
                "DIST_UP_KM": 58.900002,
                "CATCH_SKM": 3.61,
                "UPLAND_SKM": 472.10001,
                "ENDORHEIC": 0,
                "DIS_AV_CMS": 7.6989999,
                "ORD_STRA": 3,
                "ORD_CLAS": 1,
                "ORD_FLOW": 6,
                "HYBAS_L12": 4121600920.0,
                "Shape_Length": 0.012500000000017053
            },
            "geometry": {
                "type": "LineString",
                "coordinates": [
                    [
                        80.75208333333299,
                        8.385416666666536
                    ],
                    [
                        80.75208333333299,
                        8.397916666666553
                    ]
                ]
            }
        },
        {
            "type": "Feature",
            "properties": {
                "HYRIV_ID": 41400098,
                "NEXT_DOWN": 41399967,
                "MAIN_RIV": 41397237,
                "LENGTH_KM": 4.5100002,
                "DIST_DN_KM": 73.900002,
                "DIST_UP_KM": 8.5,
                "CATCH_SKM": 14.44,
                "UPLAND_SKM": 14.4,
                "ENDORHEIC": 0,
                "DIS_AV_CMS": 0.23800001,
                "ORD_STRA": 1,
                "ORD_CLAS": 3,
                "ORD_FLOW": 7,
                "HYBAS_L12": 4121155820.0,
                "Shape_Length": 0.040742394137669655
            },
            "geometry": {
                "type": "LineString",
                "coordinates": [
                    [
                        80.84166666666633,
                        8.37499999999988
                    ],
                    [
                        80.85208333333296,
                        8.385416666666536
                    ],
                    [
                        80.8479166666663,
                        8.389583333333185
                    ],
                    [
                        80.8479166666663,
                        8.393749999999848
                    ],
                    [
                        80.85208333333296,
                        8.397916666666553
                    ],
                    [
                        80.85624999999962,
                        8.397916666666553
                    ],
                    [
                        80.86041666666628,
                        8.402083333333202
                    ]
                ]
            }
        },
        {
            "type": "Feature",
            "properties": {
                "HYRIV_ID": 41400119,
                "NEXT_DOWN": 41399989,
                "MAIN_RIV": 41397237,
                "LENGTH_KM": 5.5500002,
                "DIST_DN_KM": 79.300003,
                "DIST_UP_KM": 10.5,
                "CATCH_SKM": 12.74,
                "UPLAND_SKM": 27.200001,
                "ENDORHEIC": 0,
                "DIS_AV_CMS": 0.438,
                "ORD_STRA": 2,
                "ORD_CLAS": 2,
                "ORD_FLOW": 7,
                "HYBAS_L12": 4121600920.0,
                "Shape_Length": 0.05029611588277731
            },
            "geometry": {
                "type": "LineString",
                "coordinates": [
                    [
                        80.78958333333301,
                        8.372916666666562
                    ],
                    [
                        80.7854166666663,
                        8.37708333333321
                    ],
                    [
                        80.7854166666663,
                        8.381249999999874
                    ],
                    [
                        80.76874999999964,
                        8.397916666666553
                    ],
                    [
                        80.75208333333299,
                        8.397916666666553
                    ]
                ]
            }
        },
        {
            "type": "Feature",
            "properties": {
                "HYRIV_ID": 41400120,
                "NEXT_DOWN": 41400119,
                "MAIN_RIV": 41397237,
                "LENGTH_KM": 0.69,
                "DIST_DN_KM": 84.800003,
                "DIST_UP_KM": 4.8,
                "CATCH_SKM": 7.6500001,
                "UPLAND_SKM": 7.6,
                "ENDORHEIC": 0,
                "DIS_AV_CMS": 0.125,
                "ORD_STRA": 1,
                "ORD_CLAS": 3,
                "ORD_FLOW": 7,
                "HYBAS_L12": 4121600920.0,
                "Shape_Length": 0.0062499999999090505
            },
            "geometry": {
                "type": "LineString",
                "coordinates": [
                    [
                        80.79583333333292,
                        8.372916666666562
                    ],
                    [
                        80.78958333333301,
                        8.372916666666562
                    ]
                ]
            }
        },
        {
            "type": "Feature",
            "properties": {
                "HYRIV_ID": 41400140,
                "NEXT_DOWN": 41400119,
                "MAIN_RIV": 41397237,
                "LENGTH_KM": 0.98,
                "DIST_DN_KM": 85.0,
                "DIST_UP_KM": 4.7,
                "CATCH_SKM": 6.8,
                "UPLAND_SKM": 6.8,
                "ENDORHEIC": 0,
                "DIS_AV_CMS": 0.111,
                "ORD_STRA": 1,
                "ORD_CLAS": 2,
                "ORD_FLOW": 7,
                "HYBAS_L12": 4121600920.0,
                "Shape_Length": 0.008838834764833853
            },
            "geometry": {
                "type": "LineString",
                "coordinates": [
                    [
                        80.78333333333305,
                        8.366666666666525
                    ],
                    [
                        80.78958333333301,
                        8.372916666666562
                    ]
                ]
            }
        },
        {
            "type": "Feature",
            "properties": {
                "HYRIV_ID": 41400162,
                "NEXT_DOWN": 41400163,
                "MAIN_RIV": 41397237,
                "LENGTH_KM": 4.77,
                "DIST_DN_KM": 83.699997,
                "DIST_UP_KM": 8.1,
                "CATCH_SKM": 19.959999,
                "UPLAND_SKM": 20.0,
                "ENDORHEIC": 0,
                "DIS_AV_CMS": 0.313,
                "ORD_STRA": 1,
                "ORD_CLAS": 2,
                "ORD_FLOW": 7,
                "HYBAS_L12": 4121601010.0,
                "Shape_Length": 0.043183170961143026
            },
            "geometry": {
                "type": "LineString",
                "coordinates": [
                    [
                        80.70416666666628,
                        8.362499999999862
                    ],
                    [
                        80.71041666666642,
                        8.368749999999856
                    ],
                    [
                        80.71458333333308,
                        8.368749999999856
                    ],
                    [
                        80.71874999999963,
                        8.364583333333194
                    ],
                    [
                        80.72708333333296,
                        8.364583333333194
                    ],
                    [
                        80.73124999999962,
                        8.368749999999856
                    ],
                    [
                        80.73541666666628,
                        8.368749999999856
                    ],
                    [
                        80.73958333333294,
                        8.364583333333194
                    ]
                ]
            }
        },
        {
            "type": "Feature",
            "properties": {
                "HYRIV_ID": 41400163,
                "NEXT_DOWN": 41400057,
                "MAIN_RIV": 41397237,
                "LENGTH_KM": 2.8800001,
                "DIST_DN_KM": 80.800003,
                "DIST_UP_KM": 57.3,
                "CATCH_SKM": 4.46,
                "UPLAND_SKM": 386.70001,
                "ENDORHEIC": 0,
                "DIS_AV_CMS": 6.3410001,
                "ORD_STRA": 2,
                "ORD_CLAS": 1,
                "ORD_FLOW": 6,
                "HYBAS_L12": 4121601010.0,
                "Shape_Length": 0.026011002863041977
            },
            "geometry": {
                "type": "LineString",
                "coordinates": [
                    [
                        80.73958333333294,
                        8.364583333333194
                    ],
                    [
                        80.74374999999961,
                        8.368749999999856
                    ],
                    [
                        80.74374999999961,
                        8.37708333333321
                    ],
                    [
                        80.75208333333299,
                        8.385416666666536
                    ]
                ]
            }
        },
        {
            "type": "Feature",
            "properties": {
                "HYRIV_ID": 41400190,
                "NEXT_DOWN": 41399967,
                "MAIN_RIV": 41397237,
                "LENGTH_KM": 5.62,
                "DIST_DN_KM": 73.900002,
                "DIST_UP_KM": 9.2,
                "CATCH_SKM": 18.48,
                "UPLAND_SKM": 18.5,
                "ENDORHEIC": 0,
                "DIS_AV_CMS": 0.306,
                "ORD_STRA": 1,
                "ORD_CLAS": 2,
                "ORD_FLOW": 7,
                "HYBAS_L12": 4121155820.0,
                "Shape_Length": 0.0506535593728631
            },
            "geometry": {
                "type": "LineString",
                "coordinates": [
                    [
                        80.86874999999961,
                        8.358333333333213
                    ],
                    [
                        80.86874999999961,
                        8.364583333333194
                    ],
                    [
                        80.86458333333294,
                        8.368749999999856
                    ],
                    [
                        80.86458333333294,
                        8.385416666666536
                    ],
                    [
                        80.86874999999961,
                        8.389583333333185
                    ],
                    [
                        80.86874999999961,
                        8.393749999999848
                    ],
                    [
                        80.86041666666628,
                        8.402083333333202
                    ]
                ]
            }
        },
        {
            "type": "Feature",
            "properties": {
                "HYRIV_ID": 41400349,
                "NEXT_DOWN": 41400163,
                "MAIN_RIV": 41397237,
                "LENGTH_KM": 4.5500002,
                "DIST_DN_KM": 83.5,
                "DIST_UP_KM": 54.599998,
                "CATCH_SKM": 21.879999,
                "UPLAND_SKM": 362.29999,
                "ENDORHEIC": 0,
                "DIS_AV_CMS": 5.9899998,
                "ORD_STRA": 2,
                "ORD_CLAS": 1,
                "ORD_FLOW": 6,
                "HYBAS_L12": 4121601010.0,
                "Shape_Length": 0.040951779686439524
            },
            "geometry": {
                "type": "LineString",
                "coordinates": [
                    [
                        80.73958333333294,
                        8.327083333333185
                    ],
                    [
                        80.73958333333294,
                        8.339583333333202
                    ],
                    [
                        80.74374999999961,
                        8.343749999999865
                    ],
                    [
                        80.73958333333294,
                        8.347916666666556
                    ],
                    [
                        80.73958333333294,
                        8.364583333333194
                    ]
                ]
            }
        },
        {
            "type": "Feature",
            "properties": {
                "HYRIV_ID": 41400350,
                "NEXT_DOWN": 41400057,
                "MAIN_RIV": 41397237,
                "LENGTH_KM": 8.5299997,
                "DIST_DN_KM": 80.800003,
                "DIST_UP_KM": 19.4,
                "CATCH_SKM": 21.030001,
                "UPLAND_SKM": 71.199997,
                "ENDORHEIC": 0,
                "DIS_AV_CMS": 1.158,
                "ORD_STRA": 2,
                "ORD_CLAS": 2,
                "ORD_FLOW": 6,
                "HYBAS_L12": 4121601010.0,
                "Shape_Length": 0.07702200572596174
            },
            "geometry": {
                "type": "LineString",
                "coordinates": [
                    [
                        80.7854166666663,
                        8.327083333333185
                    ],
                    [
                        80.77708333333297,
                        8.327083333333185
                    ],
                    [
                        80.7729166666663,
                        8.33124999999989
                    ],
                    [
                        80.7729166666663,
                        8.352083333333177
                    ],
                    [
                        80.76041666666632,
                        8.364583333333194
                    ],
                    [
                        80.76041666666632,
                        8.368749999999856
                    ],
                    [
                        80.7562499999996,
                        8.372916666666562
                    ],
                    [
                        80.7562499999996,
                        8.381249999999874
                    ],
                    [
                        80.75208333333299,
                        8.385416666666536
                    ]
                ]
            }
        },
        {
            "type": "Feature",
            "properties": {
                "HYRIV_ID": 41400406,
                "NEXT_DOWN": 41400349,
                "MAIN_RIV": 41397237,
                "LENGTH_KM": 1.58,
                "DIST_DN_KM": 88.099998,
                "DIST_UP_KM": 50.0,
                "CATCH_SKM": 1.91,
                "UPLAND_SKM": 321.89999,
                "ENDORHEIC": 0,
                "DIS_AV_CMS": 5.4,
                "ORD_STRA": 2,
                "ORD_CLAS": 1,
                "ORD_FLOW": 6,
                "HYBAS_L12": 4121601010.0,
                "Shape_Length": 0.014225889843194079
            },
            "geometry": {
                "type": "LineString",
                "coordinates": [
                    [
                        80.73541666666628,
                        8.31458333333321
                    ],
                    [
                        80.73958333333294,
                        8.318749999999874
                    ],
                    [
                        80.73958333333294,
                        8.327083333333185
                    ]
                ]
            }
        },
        {
            "type": "Feature",
            "properties": {
                "HYRIV_ID": 41400407,
                "NEXT_DOWN": 41400350,
                "MAIN_RIV": 41397237,
                "LENGTH_KM": 2.09,
                "DIST_DN_KM": 89.199997,
                "DIST_UP_KM": 6.2,
                "CATCH_SKM": 10.83,
                "UPLAND_SKM": 10.8,
                "ENDORHEIC": 0,
                "DIS_AV_CMS": 0.18,
                "ORD_STRA": 1,
                "ORD_CLAS": 3,
                "ORD_FLOW": 7,
                "HYBAS_L12": 4121601010.0,
                "Shape_Length": 0.018898057941339072
            },
            "geometry": {
                "type": "LineString",
                "coordinates": [
                    [
                        80.79583333333292,
                        8.31249999999988
                    ],
                    [
                        80.7854166666663,
                        8.322916666666522
                    ],
                    [
                        80.7854166666663,
                        8.327083333333185
                    ]
                ]
            }
        },
        {
            "type": "Feature",
            "properties": {
                "HYRIV_ID": 41400428,
                "NEXT_DOWN": 41400349,
                "MAIN_RIV": 41397237,
                "LENGTH_KM": 4.77,
                "DIST_DN_KM": 88.099998,
                "DIST_UP_KM": 8.2,
                "CATCH_SKM": 18.48,
                "UPLAND_SKM": 18.5,
                "ENDORHEIC": 0,
                "DIS_AV_CMS": 0.29300001,
                "ORD_STRA": 1,
                "ORD_CLAS": 2,
                "ORD_FLOW": 7,
                "HYBAS_L12": 4121601010.0,
                "Shape_Length": 0.043183170961119774
            },
            "geometry": {
                "type": "LineString",
                "coordinates": [
                    [
                        80.70416666666628,
                        8.308333333333188
                    ],
                    [
                        80.71458333333308,
                        8.318749999999874
                    ],
                    [
                        80.72708333333296,
                        8.318749999999874
                    ],
                    [
                        80.73541666666628,
                        8.327083333333185
                    ],
                    [
                        80.73958333333294,
                        8.327083333333185
                    ]
                ]
            }
        },
        {
            "type": "Feature",
            "properties": {
                "HYRIV_ID": 41400469,
                "NEXT_DOWN": 41400470,
                "MAIN_RIV": 41397237,
                "LENGTH_KM": 1.15,
                "DIST_DN_KM": 91.199997,
                "DIST_UP_KM": 5.7,
                "CATCH_SKM": 11.26,
                "UPLAND_SKM": 11.3,
                "ENDORHEIC": 0,
                "DIS_AV_CMS": 0.181,
                "ORD_STRA": 1,
                "ORD_CLAS": 2,
                "ORD_FLOW": 7,
                "HYBAS_L12": 4121601080.0,
                "Shape_Length": 0.010416666666628771
            },
            "geometry": {
                "type": "LineString",
                "coordinates": [
                    [
                        80.72083333333299,
                        8.302083333333194
                    ],
                    [
                        80.73124999999962,
                        8.302083333333194
                    ]
                ]
            }
        },
        {
            "type": "Feature",
            "properties": {
                "HYRIV_ID": 41400470,
                "NEXT_DOWN": 41400406,
                "MAIN_RIV": 41397237,
                "LENGTH_KM": 1.58,
                "DIST_DN_KM": 89.900002,
                "DIST_UP_KM": 48.3,
                "CATCH_SKM": 3.4,
                "UPLAND_SKM": 282.39999,
                "ENDORHEIC": 0,
                "DIS_AV_CMS": 4.7670002,
                "ORD_STRA": 2,
                "ORD_CLAS": 1,
                "ORD_FLOW": 6,
                "HYBAS_L12": 4121601080.0,
                "Shape_Length": 0.014225889843236712
            },
            "geometry": {
                "type": "LineString",
                "coordinates": [
                    [
                        80.73124999999962,
                        8.302083333333194
                    ],
                    [
                        80.73124999999962,
                        8.310416666666548
                    ],
                    [
                        80.73541666666628,
                        8.31458333333321
                    ]
                ]
            }
        },
        {
            "type": "Feature",
            "properties": {
                "HYRIV_ID": 41400529,
                "NEXT_DOWN": 41400350,
                "MAIN_RIV": 41397237,
                "LENGTH_KM": 7.4499998,
                "DIST_DN_KM": 89.199997,
                "DIST_UP_KM": 11.0,
                "CATCH_SKM": 39.3,
                "UPLAND_SKM": 39.3,
                "ENDORHEIC": 0,
                "DIS_AV_CMS": 0.653,
                "ORD_STRA": 1,
                "ORD_CLAS": 2,
                "ORD_FLOW": 7,
                "HYBAS_L12": 4121601010.0,
                "Shape_Length": 0.0673202260396082
            },
            "geometry": {
                "type": "LineString",
                "coordinates": [
                    [
                        80.82291666666637,
                        8.287499999999888
                    ],
                    [
                        80.82291666666637,
                        8.302083333333194
                    ],
                    [
                        80.81874999999971,
                        8.306249999999856
                    ],
                    [
                        80.81874999999971,
                        8.310416666666548
                    ],
                    [
                        80.81458333333305,
                        8.31458333333321
                    ],
                    [
                        80.81458333333305,
                        8.318749999999874
                    ],
                    [
                        80.81041666666633,
                        8.318749999999874
                    ],
                    [
                        80.802083333333,
                        8.327083333333185
                    ],
                    [
                        80.7854166666663,
                        8.327083333333185
                    ]
                ]
            }
        },
        {
            "type": "Feature",
            "properties": {
                "HYRIV_ID": 41400650,
                "NEXT_DOWN": 41400406,
                "MAIN_RIV": 41397237,
                "LENGTH_KM": 10.25,
                "DIST_DN_KM": 89.699997,
                "DIST_UP_KM": 13.8,
                "CATCH_SKM": 37.599998,
                "UPLAND_SKM": 37.599998,
                "ENDORHEIC": 0,
                "DIS_AV_CMS": 0.61900002,
                "ORD_STRA": 1,
                "ORD_CLAS": 2,
                "ORD_FLOW": 7,
                "HYBAS_L12": 4121601080.0,
                "Shape_Length": 0.09261634192241759
            },
            "geometry": {
                "type": "LineString",
                "coordinates": [
                    [
                        80.78124999999963,
                        8.254166666666542
                    ],
                    [
                        80.78124999999963,
                        8.264583333333185
                    ],
                    [
                        80.77708333333297,
                        8.26874999999989
                    ],
                    [
                        80.77708333333297,
                        8.27291666666654
                    ],
                    [
                        80.7562499999996,
                        8.293749999999882
                    ],
                    [
                        80.76041666666632,
                        8.29791666666653
                    ],
                    [
                        80.76041666666632,
                        8.302083333333194
                    ],
                    [
                        80.7562499999996,
                        8.306249999999856
                    ],
                    [
                        80.7562499999996,
                        8.310416666666548
                    ],
                    [
                        80.75208333333299,
                        8.31458333333321
                    ],
                    [
                        80.73541666666628,
                        8.31458333333321
                    ]
                ]
            }
        },
        {
            "type": "Feature",
            "properties": {
                "HYRIV_ID": 41400686,
                "NEXT_DOWN": 41400687,
                "MAIN_RIV": 41397237,
                "LENGTH_KM": 0.98,
                "DIST_DN_KM": 98.400002,
                "DIST_UP_KM": 5.1,
                "CATCH_SKM": 9.9799995,
                "UPLAND_SKM": 10.0,
                "ENDORHEIC": 0,
                "DIS_AV_CMS": 0.164,
                "ORD_STRA": 1,
                "ORD_CLAS": 2,
                "ORD_FLOW": 7,
                "HYBAS_L12": 4121601080.0,
                "Shape_Length": 0.008838834764803707
            },
            "geometry": {
                "type": "LineString",
                "coordinates": [
                    [
                        80.72083333333299,
                        8.254166666666542
                    ],
                    [
                        80.72708333333296,
                        8.247916666666548
                    ]
                ]
            }
        },
        {
            "type": "Feature",
            "properties": {
                "HYRIV_ID": 41400687,
                "NEXT_DOWN": 41400470,
                "MAIN_RIV": 41397237,
                "LENGTH_KM": 6.9699998,
                "DIST_DN_KM": 91.400002,
                "DIST_UP_KM": 46.700001,
                "CATCH_SKM": 40.150002,
                "UPLAND_SKM": 267.70001,
                "ENDORHEIC": 0,
                "DIS_AV_CMS": 4.5450001,
                "ORD_STRA": 2,
                "ORD_CLAS": 1,
                "ORD_FLOW": 6,
                "HYBAS_L12": 4121601080.0,
                "Shape_Length": 0.0627961158827358
            },
            "geometry": {
                "type": "LineString",
                "coordinates": [
                    [
                        80.72708333333296,
                        8.247916666666548
                    ],
                    [
                        80.73124999999962,
                        8.25208333333321
                    ],
                    [
                        80.73124999999962,
                        8.256249999999874
                    ],
                    [
                        80.72708333333296,
                        8.260416666666522
                    ],
                    [
                        80.72708333333296,
                        8.264583333333185
                    ],
                    [
                        80.73124999999962,
                        8.26874999999989
                    ],
                    [
                        80.73124999999962,
                        8.277083333333202
                    ],
                    [
                        80.73541666666628,
                        8.281249999999865
                    ],
                    [
                        80.73541666666628,
                        8.29791666666653
                    ],
                    [
                        80.73124999999962,
                        8.302083333333194
                    ]
                ]
            }
        },
        {
            "type": "Feature",
            "properties": {
                "HYRIV_ID": 41400732,
                "NEXT_DOWN": 41400687,
                "MAIN_RIV": 41397237,
                "LENGTH_KM": 0.93,
                "DIST_DN_KM": 98.199997,
                "DIST_UP_KM": 39.900002,
                "CATCH_SKM": 1.49,
                "UPLAND_SKM": 217.60001,
                "ENDORHEIC": 0,
                "DIS_AV_CMS": 3.779,
                "ORD_STRA": 2,
                "ORD_CLAS": 1,
                "ORD_FLOW": 6,
                "HYBAS_L12": 4121601080.0,
                "Shape_Length": 0.008333333333354176
            },
            "geometry": {
                "type": "LineString",
                "coordinates": [
                    [
                        80.72708333333296,
                        8.239583333333194
                    ],
                    [
                        80.72708333333296,
                        8.247916666666548
                    ]
                ]
            }
        },
        {
            "type": "Feature",
            "properties": {
                "HYRIV_ID": 41400733,
                "NEXT_DOWN": 41400732,
                "MAIN_RIV": 41397237,
                "LENGTH_KM": 1.15,
                "DIST_DN_KM": 99.099998,
                "DIST_UP_KM": 5.6,
                "CATCH_SKM": 7.2199998,
                "UPLAND_SKM": 7.2,
                "ENDORHEIC": 0,
                "DIS_AV_CMS": 0.121,
                "ORD_STRA": 1,
                "ORD_CLAS": 2,
                "ORD_FLOW": 7,
                "HYBAS_L12": 4121601080.0,
                "Shape_Length": 0.010416666666742458
            },
            "geometry": {
                "type": "LineString",
                "coordinates": [
                    [
                        80.7374999999997,
                        8.239583333333194
                    ],
                    [
                        80.72708333333296,
                        8.239583333333194
                    ]
                ]
            }
        },
        {
            "type": "Feature",
            "properties": {
                "HYRIV_ID": 41400837,
                "NEXT_DOWN": 41400732,
                "MAIN_RIV": 41397237,
                "LENGTH_KM": 2.5,
                "DIST_DN_KM": 99.099998,
                "DIST_UP_KM": 39.0,
                "CATCH_SKM": 7.4400001,
                "UPLAND_SKM": 208.89999,
                "ENDORHEIC": 0,
                "DIS_AV_CMS": 3.6400001,
                "ORD_STRA": 2,
                "ORD_CLAS": 1,
                "ORD_FLOW": 6,
                "HYBAS_L12": 4121601080.0,
                "Shape_Length": 0.022559223176562466
            },
            "geometry": {
                "type": "LineString",
                "coordinates": [
                    [
                        80.73124999999962,
                        8.21874999999985
                    ],
                    [
                        80.73124999999962,
                        8.222916666666556
                    ],
                    [
                        80.72708333333296,
                        8.22708333333322
                    ],
                    [
                        80.72708333333296,
                        8.239583333333194
                    ]
                ]
            }
        },
        {
            "type": "Feature",
            "properties": {
                "HYRIV_ID": 41400851,
                "NEXT_DOWN": 41400837,
                "MAIN_RIV": 41397237,
                "LENGTH_KM": 1.8,
                "DIST_DN_KM": 101.6,
                "DIST_UP_KM": 5.3,
                "CATCH_SKM": 11.47,
                "UPLAND_SKM": 11.5,
                "ENDORHEIC": 0,
                "DIS_AV_CMS": 0.191,
                "ORD_STRA": 1,
                "ORD_CLAS": 2,
                "ORD_FLOW": 7,
                "HYBAS_L12": 4121601080.0,
                "Shape_Length": 0.01630922317650126
            },
            "geometry": {
                "type": "LineString",
                "coordinates": [
                    [
                        80.71666666666633,
                        8.214583333333202
                    ],
                    [
                        80.7229166666663,
                        8.214583333333202
                    ],
                    [
                        80.72708333333296,
                        8.21874999999985
                    ],
                    [
                        80.73124999999962,
                        8.21874999999985
                    ]
                ]
            }
        },
        {
            "type": "Feature",
            "properties": {
                "HYRIV_ID": 41400887,
                "NEXT_DOWN": 41400837,
                "MAIN_RIV": 41397237,
                "LENGTH_KM": 1.39,
                "DIST_DN_KM": 101.6,
                "DIST_UP_KM": 36.5,
                "CATCH_SKM": 5.52,
                "UPLAND_SKM": 190.0,
                "ENDORHEIC": 0,
                "DIS_AV_CMS": 3.3429999,
                "ORD_STRA": 2,
                "ORD_CLAS": 1,
                "ORD_FLOW": 6,
                "HYBAS_L12": 4121601080.0,
                "Shape_Length": 0.01249999999997442
            },
            "geometry": {
                "type": "LineString",
                "coordinates": [
                    [
                        80.73124999999962,
                        8.206249999999876
                    ],
                    [
                        80.73124999999962,
                        8.21874999999985
                    ]
                ]
            }
        },
        {
            "type": "Feature",
            "properties": {
                "HYRIV_ID": 41400916,
                "NEXT_DOWN": 41400887,
                "MAIN_RIV": 41397237,
                "LENGTH_KM": 2.45,
                "DIST_DN_KM": 103.0,
                "DIST_UP_KM": 6.9,
                "CATCH_SKM": 17.209999,
                "UPLAND_SKM": 17.200001,
                "ENDORHEIC": 0,
                "DIS_AV_CMS": 0.294,
                "ORD_STRA": 1,
                "ORD_CLAS": 2,
                "ORD_FLOW": 7,
                "HYBAS_L12": 4121601080.0,
                "Shape_Length": 0.022201779686527628
            },
            "geometry": {
                "type": "LineString",
                "coordinates": [
                    [
                        80.74999999999969,
                        8.197916666666522
                    ],
                    [
                        80.74374999999961,
                        8.197916666666522
                    ],
                    [
                        80.73541666666628,
                        8.206249999999876
                    ],
                    [
                        80.73124999999962,
                        8.206249999999876
                    ]
                ]
            }
        },
        {
            "type": "Feature",
            "properties": {
                "HYRIV_ID": 41400973,
                "NEXT_DOWN": 41400887,
                "MAIN_RIV": 41397237,
                "LENGTH_KM": 2.78,
                "DIST_DN_KM": 103.0,
                "DIST_UP_KM": 35.099998,
                "CATCH_SKM": 7.2199998,
                "UPLAND_SKM": 167.3,
                "ENDORHEIC": 0,
                "DIS_AV_CMS": 2.9660001,
                "ORD_STRA": 2,
                "ORD_CLAS": 1,
                "ORD_FLOW": 6,
                "HYBAS_L12": 4121601080.0,
                "Shape_Length": 0.025000000000034106
            },
            "geometry": {
                "type": "LineString",
                "coordinates": [
                    [
                        80.73124999999962,
                        8.181249999999842
                    ],
                    [
                        80.73124999999962,
                        8.206249999999876
                    ]
                ]
            }
        },
        {
            "type": "Feature",
            "properties": {
                "HYRIV_ID": 41401100,
                "NEXT_DOWN": 41400973,
                "MAIN_RIV": 41397237,
                "LENGTH_KM": 5.4299998,
                "DIST_DN_KM": 105.8,
                "DIST_UP_KM": 8.6,
                "CATCH_SKM": 21.25,
                "UPLAND_SKM": 21.200001,
                "ENDORHEIC": 0,
                "DIS_AV_CMS": 0.36500001,
                "ORD_STRA": 1,
                "ORD_CLAS": 2,
                "ORD_FLOW": 7,
                "HYBAS_L12": 4121601140.0,
                "Shape_Length": 0.04892766952954296
            },
            "geometry": {
                "type": "LineString",
                "coordinates": [
                    [
                        80.71458333333308,
                        8.141666666666545
                    ],
                    [
                        80.71458333333308,
                        8.168749999999868
                    ],
                    [
                        80.72708333333296,
                        8.181249999999842
                    ],
                    [
                        80.73124999999962,
                        8.181249999999842
                    ]
                ]
            }
        },
        {
            "type": "Feature",
            "properties": {
                "HYRIV_ID": 41401227,
                "NEXT_DOWN": 41400973,
                "MAIN_RIV": 41397237,
                "LENGTH_KM": 8.7299995,
                "DIST_DN_KM": 105.8,
                "DIST_UP_KM": 32.3,
                "CATCH_SKM": 36.759998,
                "UPLAND_SKM": 138.8,
                "ENDORHEIC": 0,
                "DIS_AV_CMS": 2.4960001,
                "ORD_STRA": 2,
                "ORD_CLAS": 1,
                "ORD_FLOW": 6,
                "HYBAS_L12": 4121601140.0,
                "Shape_Length": 0.07874789556917552
            },
            "geometry": {
                "type": "LineString",
                "coordinates": [
                    [
                        80.73541666666628,
                        8.11458333333318
                    ],
                    [
                        80.73958333333294,
                        8.118749999999885
                    ],
                    [
                        80.73541666666628,
                        8.122916666666548
                    ],
                    [
                        80.73541666666628,
                        8.143749999999876
                    ],
                    [
                        80.73958333333294,
                        8.14791666666654
                    ],
                    [
                        80.73958333333294,
                        8.15208333333323
                    ],
                    [
                        80.73124999999962,
                        8.160416666666556
                    ],
                    [
                        80.73541666666628,
                        8.16458333333322
                    ],
                    [
                        80.73541666666628,
                        8.17291666666653
                    ],
                    [
                        80.73124999999962,
                        8.177083333333236
                    ],
                    [
                        80.73124999999962,
                        8.181249999999842
                    ]
                ]
            }
        },
        {
            "type": "Feature",
            "properties": {
                "HYRIV_ID": 41401277,
                "NEXT_DOWN": 41401227,
                "MAIN_RIV": 41397237,
                "LENGTH_KM": 2.46,
                "DIST_DN_KM": 114.6,
                "DIST_UP_KM": 4.7,
                "CATCH_SKM": 6.5900002,
                "UPLAND_SKM": 6.6,
                "ENDORHEIC": 0,
                "DIS_AV_CMS": 0.117,
                "ORD_STRA": 1,
                "ORD_CLAS": 2,
                "ORD_FLOW": 7,
                "HYBAS_L12": 4121601140.0,
                "Shape_Length": 0.02220177968636715
            },
            "geometry": {
                "type": "LineString",
                "coordinates": [
                    [
                        80.72083333333299,
                        8.102083333333205
                    ],
                    [
                        80.72708333333296,
                        8.102083333333205
                    ],
                    [
                        80.73541666666628,
                        8.110416666666573
                    ],
                    [
                        80.73541666666628,
                        8.11458333333318
                    ]
                ]
            }
        },
        {
            "type": "Feature",
            "properties": {
                "HYRIV_ID": 41401298,
                "NEXT_DOWN": 41401227,
                "MAIN_RIV": 41397237,
                "LENGTH_KM": 2.04,
                "DIST_DN_KM": 114.7,
                "DIST_UP_KM": 23.4,
                "CATCH_SKM": 4.89,
                "UPLAND_SKM": 95.400002,
                "ENDORHEIC": 0,
                "DIS_AV_CMS": 1.7690001,
                "ORD_STRA": 2,
                "ORD_CLAS": 1,
                "ORD_FLOW": 6,
                "HYBAS_L12": 4121601140.0,
                "Shape_Length": 0.018392556509859395
            },
            "geometry": {
                "type": "LineString",
                "coordinates": [
                    [
                        80.73958333333294,
                        8.097916666666556
                    ],
                    [
                        80.73958333333294,
                        8.110416666666573
                    ],
                    [
                        80.73541666666628,
                        8.11458333333318
                    ]
                ]
            }
        },
        {
            "type": "Feature",
            "properties": {
                "HYRIV_ID": 41401332,
                "NEXT_DOWN": 41401298,
                "MAIN_RIV": 41397237,
                "LENGTH_KM": 1.35,
                "DIST_DN_KM": 116.8,
                "DIST_UP_KM": 4.3,
                "CATCH_SKM": 7.4400001,
                "UPLAND_SKM": 7.4,
                "ENDORHEIC": 0,
                "DIS_AV_CMS": 0.13500001,
                "ORD_STRA": 1,
                "ORD_CLAS": 2,
                "ORD_FLOW": 7,
                "HYBAS_L12": 4121601140.0,
                "Shape_Length": 0.012142556509906997
            },
            "geometry": {
                "type": "LineString",
                "coordinates": [
                    [
                        80.73541666666628,
                        8.087499999999856
                    ],
                    [
                        80.73541666666628,
                        8.09374999999985
                    ],
                    [
                        80.73958333333294,
                        8.097916666666556
                    ]
                ]
            }
        },
        {
            "type": "Feature",
            "properties": {
                "HYRIV_ID": 41401488,
                "NEXT_DOWN": 41401298,
                "MAIN_RIV": 41397237,
                "LENGTH_KM": 5.9400001,
                "DIST_DN_KM": 116.8,
                "DIST_UP_KM": 21.3,
                "CATCH_SKM": 13.81,
                "UPLAND_SKM": 83.099998,
                "ENDORHEIC": 0,
                "DIS_AV_CMS": 1.554,
                "ORD_STRA": 2,
                "ORD_CLAS": 1,
                "ORD_FLOW": 6,
                "HYBAS_L12": 4121601140.0,
                "Shape_Length": 0.05345177968642399
            },
            "geometry": {
                "type": "LineString",
                "coordinates": [
                    [
                        80.74791666666627,
                        8.04791666666656
                    ],
                    [
                        80.74791666666627,
                        8.077083333333213
                    ],
                    [
                        80.74374999999961,
                        8.081249999999876
                    ],
                    [
                        80.74374999999961,
                        8.09374999999985
                    ],
                    [
                        80.73958333333294,
                        8.097916666666556
                    ]
                ]
            }
        },
        {
            "type": "Feature",
            "properties": {
                "HYRIV_ID": 41401489,
                "NEXT_DOWN": 41401488,
                "MAIN_RIV": 41397237,
                "LENGTH_KM": 1.15,
                "DIST_DN_KM": 122.5,
                "DIST_UP_KM": 4.0,
                "CATCH_SKM": 6.5900002,
                "UPLAND_SKM": 6.6,
                "ENDORHEIC": 0,
                "DIS_AV_CMS": 0.123,
                "ORD_STRA": 1,
                "ORD_CLAS": 2,
                "ORD_FLOW": 7,
                "HYBAS_L12": 4121601140.0,
                "Shape_Length": 0.010416666666742458
            },
            "geometry": {
                "type": "LineString",
                "coordinates": [
                    [
                        80.75833333333301,
                        8.04791666666656
                    ],
                    [
                        80.74791666666627,
                        8.04791666666656
                    ]
                ]
            }
        },
        {
            "type": "Feature",
            "properties": {
                "HYRIV_ID": 41401553,
                "NEXT_DOWN": 41401488,
                "MAIN_RIV": 41397237,
                "LENGTH_KM": 2.04,
                "DIST_DN_KM": 122.7,
                "DIST_UP_KM": 15.4,
                "CATCH_SKM": 4.89,
                "UPLAND_SKM": 62.700001,
                "ENDORHEIC": 0,
                "DIS_AV_CMS": 1.194,
                "ORD_STRA": 2,
                "ORD_CLAS": 1,
                "ORD_FLOW": 6,
                "HYBAS_L12": 4121601140.0,
                "Shape_Length": 0.018392556509877055
            },
            "geometry": {
                "type": "LineString",
                "coordinates": [
                    [
                        80.74374999999961,
                        8.031249999999893
                    ],
                    [
                        80.74374999999961,
                        8.043749999999868
                    ],
                    [
                        80.74791666666627,
                        8.04791666666656
                    ]
                ]
            }
        },
        {
            "type": "Feature",
            "properties": {
                "HYRIV_ID": 41401563,
                "NEXT_DOWN": 41401553,
                "MAIN_RIV": 41397237,
                "LENGTH_KM": 0.98,
                "DIST_DN_KM": 124.8,
                "DIST_UP_KM": 3.7,
                "CATCH_SKM": 5.7399998,
                "UPLAND_SKM": 5.7,
                "ENDORHEIC": 0,
                "DIS_AV_CMS": 0.109,
                "ORD_STRA": 1,
                "ORD_CLAS": 2,
                "ORD_FLOW": 7,
                "HYBAS_L12": 4121601140.0,
                "Shape_Length": 0.008838834764914243
            },
            "geometry": {
                "type": "LineString",
                "coordinates": [
                    [
                        80.74999999999969,
                        8.024999999999856
                    ],
                    [
                        80.74374999999961,
                        8.031249999999893
                    ]
                ]
            }
        },
        {
            "type": "Feature",
            "properties": {
                "HYRIV_ID": 41401674,
                "NEXT_DOWN": 41401553,
                "MAIN_RIV": 41397237,
                "LENGTH_KM": 3.62,
                "DIST_DN_KM": 124.8,
                "DIST_UP_KM": 13.4,
                "CATCH_SKM": 14.03,
                "UPLAND_SKM": 52.099998,
                "ENDORHEIC": 0,
                "DIS_AV_CMS": 0.99900001,
                "ORD_STRA": 2,
                "ORD_CLAS": 1,
                "ORD_FLOW": 7,
                "HYBAS_L12": 4121601140.0,
                "Shape_Length": 0.03261844635311549
            },
            "geometry": {
                "type": "LineString",
                "coordinates": [
                    [
                        80.74374999999961,
                        8.002083333333196
                    ],
                    [
                        80.74374999999961,
                        8.00624999999986
                    ],
                    [
                        80.73958333333294,
                        8.01041666666655
                    ],
                    [
                        80.73958333333294,
                        8.027083333333188
                    ],
                    [
                        80.74374999999961,
                        8.031249999999893
                    ]
                ]
            }
        },
        {
            "type": "Feature",
            "properties": {
                "HYRIV_ID": 41401750,
                "NEXT_DOWN": 41401674,
                "MAIN_RIV": 41397237,
                "LENGTH_KM": 2.56,
                "DIST_DN_KM": 128.39999,
                "DIST_UP_KM": 4.7,
                "CATCH_SKM": 11.48,
                "UPLAND_SKM": 11.5,
                "ENDORHEIC": 0,
                "DIS_AV_CMS": 0.221,
                "ORD_STRA": 1,
                "ORD_CLAS": 2,
                "ORD_FLOW": 7,
                "HYBAS_L12": 4121601140.0,
                "Shape_Length": 0.023064724608010272
            },
            "geometry": {
                "type": "LineString",
                "coordinates": [
                    [
                        80.73333333333298,
                        7.983333333333228
                    ],
                    [
                        80.73958333333294,
                        7.989583333333179
                    ],
                    [
                        80.73958333333294,
                        7.997916666666534
                    ],
                    [
                        80.74374999999961,
                        8.002083333333196
                    ]
                ]
            }
        },
        {
            "type": "Feature",
            "properties": {
                "HYRIV_ID": 41401860,
                "NEXT_DOWN": 41401674,
                "MAIN_RIV": 41397237,
                "LENGTH_KM": 6.1700001,
                "DIST_DN_KM": 128.2,
                "DIST_UP_KM": 9.9,
                "CATCH_SKM": 26.57,
                "UPLAND_SKM": 26.6,
                "ENDORHEIC": 0,
                "DIS_AV_CMS": 0.519,
                "ORD_STRA": 1,
                "ORD_CLAS": 1,
                "ORD_FLOW": 7,
                "HYBAS_L12": 4121601140.0,
                "Shape_Length": 0.05553511301979806
            },
            "geometry": {
                "type": "LineString",
                "coordinates": [
                    [
                        80.75208333333299,
                        7.949999999999882
                    ],
                    [
                        80.75208333333299,
                        7.977083333333205
                    ],
                    [
                        80.74791666666627,
                        7.981249999999868
                    ],
                    [
                        80.74791666666627,
                        7.993749999999885
                    ],
                    [
                        80.74374999999961,
                        7.997916666666534
                    ],
                    [
                        80.74374999999961,
                        8.002083333333196
                    ]
                ]
            }
        }
    ]
}