{
    "type": "FeatureCollection",
    "features": [
        {
            "type": "Feature",
            "properties": {
                "HYRIV_ID": 41397833,
                "NEXT_DOWN": 41397865,
                "MAIN_RIV": 41397865,
                "LENGTH_KM": 3.37,
                "DIST_DN_KM": 6.3,
                "DIST_UP_KM": 9.0,
                "CATCH_SKM": 19.940001,
                "UPLAND_SKM": 19.9,
                "ENDORHEIC": 0,
                "DIS_AV_CMS": 0.189,
                "ORD_STRA": 1,
                "ORD_CLAS": 2,
                "ORD_FLOW": 7,
                "HYBAS_L12": 4120049300.0,
                "Shape_Length": 0.03053511301976223
            },
            "geometry": {
                "type": "LineString",
                "coordinates": [
                    [
                        79.9916666666663,
                        8.814583333333196
                    ],
                    [
                        79.98541666666634,
                        8.814583333333196
                    ],
                    [
                        79.98124999999968,
                        8.810416666666534
                    ],
                    [
                        79.9729166666663,
                        8.810416666666534
                    ],
                    [
                        79.96874999999963,
                        8.80624999999987
                    ],
                    [
                        79.96874999999963,
                        8.802083333333222
                    ]
                ]
            }
        },
        {
            "type": "Feature",
            "properties": {
                "HYRIV_ID": 41397834,
                "NEXT_DOWN": 41397890,
                "MAIN_RIV": 41397865,
                "LENGTH_KM": 1.35,
                "DIST_DN_KM": 24.6,
                "DIST_UP_KM": 7.1,
                "CATCH_SKM": 11.88,
                "UPLAND_SKM": 11.9,
                "ENDORHEIC": 0,
                "DIS_AV_CMS": 0.109,
                "ORD_STRA": 1,
                "ORD_CLAS": 3,
                "ORD_FLOW": 7,
                "HYBAS_L12": 4121600650.0,
                "Shape_Length": 0.012142556509906997
            },
            "geometry": {
                "type": "LineString",
                "coordinates": [
                    [
                        80.10624999999962,
                        8.812499999999865
                    ],
                    [
                        80.10624999999962,
                        8.80624999999987
                    ],
                    [
                        80.11041666666634,
                        8.802083333333222
                    ]
                ]
            }
        },
        {
            "type": "Feature",
            "properties": {
                "HYRIV_ID": 41397835,
                "NEXT_DOWN": 41397890,
                "MAIN_RIV": 41397865,
                "LENGTH_KM": 5.6,
                "DIST_DN_KM": 24.5,
                "DIST_UP_KM": 10.0,
                "CATCH_SKM": 28.0,
                "UPLAND_SKM": 28.0,
                "ENDORHEIC": 0,
                "DIS_AV_CMS": 0.253,
                "ORD_STRA": 1,
                "ORD_CLAS": 2,
                "ORD_FLOW": 7,
                "HYBAS_L12": 4121600650.0,
                "Shape_Length": 0.05065355937282636
            },
            "geometry": {
                "type": "LineString",
                "coordinates": [
                    [
                        80.13124999999965,
                        8.833333333333194
                    ],
                    [
                        80.13124999999965,
                        8.827083333333213
                    ],
                    [
                        80.12291666666633,
                        8.818749999999845
                    ],
                    [
                        80.12291666666633,
                        8.814583333333196
                    ],
                    [
                        80.11874999999966,
                        8.810416666666534
                    ],
                    [
                        80.12291666666633,
                        8.80624999999987
                    ],
                    [
                        80.12291666666633,
                        8.802083333333222
                    ],
                    [
                        80.11041666666634,
                        8.802083333333222
                    ]
                ]
            }
        },
        {
            "type": "Feature",
            "properties": {
                "HYRIV_ID": 41397865,
                "NEXT_DOWN": 0,
                "MAIN_RIV": 41397865,
                "LENGTH_KM": 6.08,
                "DIST_DN_KM": 0.0,
                "DIST_UP_KM": 161.3,
                "CATCH_SKM": 21.639999,
                "UPLAND_SKM": 3344.8999,
                "ENDORHEIC": 0,
                "DIS_AV_CMS": 32.097,
                "ORD_STRA": 4,
                "ORD_CLAS": 1,
                "ORD_FLOW": 5,
                "HYBAS_L12": 4120049300.0,
                "Shape_Length": 0.055177669529720585
            },
            "geometry": {
                "type": "LineString",
                "coordinates": [
                    [
                        79.96874999999963,
                        8.802083333333222
                    ],
                    [
                        79.95208333333298,
                        8.802083333333222
                    ],
                    [
                        79.94791666666632,
                        8.797916666666517
                    ],
                    [
                        79.93541666666627,
                        8.797916666666517
                    ],
                    [
                        79.92708333333294,
                        8.80624999999987
                    ],
                    [
                        79.91874999999962,
                        8.80624999999987
                    ]
                ]
            }
        },
        {
            "type": "Feature",
            "properties": {
                "HYRIV_ID": 41397866,
                "NEXT_DOWN": 41397889,
                "MAIN_RIV": 41397865,
                "LENGTH_KM": 2.29,
                "DIST_DN_KM": 10.5,
                "DIST_UP_KM": 151.0,
                "CATCH_SKM": 4.0300002,
                "UPLAND_SKM": 3256.7,
                "ENDORHEIC": 0,
                "DIS_AV_CMS": 31.738001,
                "ORD_STRA": 4,
                "ORD_CLAS": 1,
                "ORD_FLOW": 5,
                "HYBAS_L12": 4120049300.0,
                "Shape_Length": 0.02083333333337123
            },
            "geometry": {
                "type": "LineString",
                "coordinates": [
                    [
                        80.02291666666636,
                        8.797916666666517
                    ],
                    [
                        80.00208333333299,
                        8.797916666666517
                    ]
                ]
            }
        },
        {
            "type": "Feature",
            "properties": {
                "HYRIV_ID": 41397867,
                "NEXT_DOWN": 41397866,
                "MAIN_RIV": 41397865,
                "LENGTH_KM": 1.9,
                "DIST_DN_KM": 12.8,
                "DIST_UP_KM": 7.5,
                "CATCH_SKM": 15.48,
                "UPLAND_SKM": 15.5,
                "ENDORHEIC": 0,
                "DIS_AV_CMS": 0.14300001,
                "ORD_STRA": 1,
                "ORD_CLAS": 2,
                "ORD_FLOW": 7,
                "HYBAS_L12": 4120049300.0,
                "Shape_Length": 0.017172168098162046
            },
            "geometry": {
                "type": "LineString",
                "coordinates": [
                    [
                        80.03333333333299,
                        8.808333333333202
                    ],
                    [
                        80.02708333333302,
                        8.802083333333222
                    ],
                    [
                        80.02708333333302,
                        8.797916666666517
                    ],
                    [
                        80.02291666666636,
                        8.797916666666517
                    ]
                ]
            }
        },
        {
            "type": "Feature",
            "properties": {
                "HYRIV_ID": 41397888,
                "NEXT_DOWN": 41397865,
                "MAIN_RIV": 41397865,
                "LENGTH_KM": 1.3,
                "DIST_DN_KM": 6.5,
                "DIST_UP_KM": 155.0,
                "CATCH_SKM": 3.3900001,
                "UPLAND_SKM": 3303.6001,
                "ENDORHEIC": 0,
                "DIS_AV_CMS": 31.948999,
                "ORD_STRA": 4,
                "ORD_CLAS": 1,
                "ORD_FLOW": 5,
                "HYBAS_L12": 4120049300.0,
                "Shape_Length": 0.011785113019795219
            },
            "geometry": {
                "type": "LineString",
                "coordinates": [
                    [
                        79.97708333333296,
                        8.793749999999854
                    ],
                    [
                        79.96874999999963,
                        8.802083333333222
                    ]
                ]
            }
        },
        {
            "type": "Feature",
            "properties": {
                "HYRIV_ID": 41397889,
                "NEXT_DOWN": 41397888,
                "MAIN_RIV": 41397865,
                "LENGTH_KM": 2.9400001,
                "DIST_DN_KM": 7.6,
                "DIST_UP_KM": 153.89999,
                "CATCH_SKM": 4.6700001,
                "UPLAND_SKM": 3274.8999,
                "ENDORHEIC": 0,
                "DIS_AV_CMS": 31.718,
                "ORD_STRA": 4,
                "ORD_CLAS": 1,
                "ORD_FLOW": 5,
                "HYBAS_L12": 4120049300.0,
                "Shape_Length": 0.026725889843253765
            },
            "geometry": {
                "type": "LineString",
                "coordinates": [
                    [
                        80.00208333333299,
                        8.797916666666517
                    ],
                    [
                        79.99374999999966,
                        8.797916666666517
                    ],
                    [
                        79.989583333333,
                        8.793749999999854
                    ],
                    [
                        79.97708333333296,
                        8.793749999999854
                    ]
                ]
            }
        },
        {
            "type": "Feature",
            "properties": {
                "HYRIV_ID": 41397890,
                "NEXT_DOWN": 41397943,
                "MAIN_RIV": 41397865,
                "LENGTH_KM": 1.3,
                "DIST_DN_KM": 23.3,
                "DIST_UP_KM": 11.1,
                "CATCH_SKM": 1.27,
                "UPLAND_SKM": 41.099998,
                "ENDORHEIC": 0,
                "DIS_AV_CMS": 0.37200001,
                "ORD_STRA": 2,
                "ORD_CLAS": 2,
                "ORD_FLOW": 7,
                "HYBAS_L12": 4121600650.0,
                "Shape_Length": 0.011785113019835413
            },
            "geometry": {
                "type": "LineString",
                "coordinates": [
                    [
                        80.11041666666634,
                        8.802083333333222
                    ],
                    [
                        80.10208333333296,
                        8.793749999999854
                    ]
                ]
            }
        },
        {
            "type": "Feature",
            "properties": {
                "HYRIV_ID": 41397914,
                "NEXT_DOWN": 41397889,
                "MAIN_RIV": 41397865,
                "LENGTH_KM": 1.16,
                "DIST_DN_KM": 10.5,
                "DIST_UP_KM": 9.2,
                "CATCH_SKM": 13.58,
                "UPLAND_SKM": 13.6,
                "ENDORHEIC": 0,
                "DIS_AV_CMS": 0.127,
                "ORD_STRA": 1,
                "ORD_CLAS": 2,
                "ORD_FLOW": 7,
                "HYBAS_L12": 4120049300.0,
                "Shape_Length": 0.010416666666642982
            },
            "geometry": {
                "type": "LineString",
                "coordinates": [
                    [
                        80.00208333333299,
                        8.787499999999874
                    ],
                    [
                        80.00208333333299,
                        8.797916666666517
                    ]
                ]
            }
        },
        {
            "type": "Feature",
            "properties": {
                "HYRIV_ID": 41397915,
                "NEXT_DOWN": 41397940,
                "MAIN_RIV": 41397865,
                "LENGTH_KM": 2.09,
                "DIST_DN_KM": 16.8,
                "DIST_UP_KM": 7.4,
                "CATCH_SKM": 12.3,
                "UPLAND_SKM": 12.3,
                "ENDORHEIC": 0,
                "DIS_AV_CMS": 0.113,
                "ORD_STRA": 1,
                "ORD_CLAS": 2,
                "ORD_FLOW": 7,
                "HYBAS_L12": 4120049300.0,
                "Shape_Length": 0.018898057941419168
            },
            "geometry": {
                "type": "LineString",
                "coordinates": [
                    [
                        80.06249999999969,
                        8.79999999999989
                    ],
                    [
                        80.05624999999978,
                        8.793749999999854
                    ],
                    [
                        80.05208333333294,
                        8.793749999999854
                    ],
                    [
                        80.0479166666664,
                        8.789583333333205
                    ]
                ]
            }
        },
        {
            "type": "Feature",
            "properties": {
                "HYRIV_ID": 41397940,
                "NEXT_DOWN": 41397866,
                "MAIN_RIV": 41397865,
                "LENGTH_KM": 3.79,
                "DIST_DN_KM": 13.0,
                "DIST_UP_KM": 148.5,
                "CATCH_SKM": 12.3,
                "UPLAND_SKM": 3237.2,
                "ENDORHEIC": 0,
                "DIS_AV_CMS": 32.000999,
                "ORD_STRA": 4,
                "ORD_CLAS": 1,
                "ORD_FLOW": 5,
                "HYBAS_L12": 4120049300.0,
                "Shape_Length": 0.034344336196358405
            },
            "geometry": {
                "type": "LineString",
                "coordinates": [
                    [
                        80.0479166666664,
                        8.789583333333205
                    ],
                    [
                        80.03958333333296,
                        8.789583333333205
                    ],
                    [
                        80.0354166666664,
                        8.785416666666542
                    ],
                    [
                        80.03124999999974,
                        8.785416666666542
                    ],
                    [
                        80.02708333333302,
                        8.789583333333205
                    ],
                    [
                        80.02708333333302,
                        8.793749999999854
                    ],
                    [
                        80.02291666666636,
                        8.797916666666517
                    ]
                ]
            }
        },
        {
            "type": "Feature",
            "properties": {
                "HYRIV_ID": 41397941,
                "NEXT_DOWN": 41397940,
                "MAIN_RIV": 41397865,
                "LENGTH_KM": 0.65,
                "DIST_DN_KM": 16.8,
                "DIST_UP_KM": 144.7,
                "CATCH_SKM": 0.42,
                "UPLAND_SKM": 3212.6001,
                "ENDORHEIC": 0,
                "DIS_AV_CMS": 32.391998,
                "ORD_STRA": 4,
                "ORD_CLAS": 1,
                "ORD_FLOW": 5,
                "HYBAS_L12": 4121600650.0,
                "Shape_Length": 0.005892556509802148
            },
            "geometry": {
                "type": "LineString",
                "coordinates": [
                    [
                        80.05208333333294,
                        8.785416666666542
                    ],
                    [
                        80.0479166666664,
                        8.789583333333205
                    ]
                ]
            }
        },
        {
            "type": "Feature",
            "properties": {
                "HYRIV_ID": 41397942,
                "NEXT_DOWN": 41397941,
                "MAIN_RIV": 41397865,
                "LENGTH_KM": 1.37,
                "DIST_DN_KM": 17.3,
                "DIST_UP_KM": 144.2,
                "CATCH_SKM": 1.7,
                "UPLAND_SKM": 3167.8,
                "ENDORHEIC": 0,
                "DIS_AV_CMS": 32.070999,
                "ORD_STRA": 4,
                "ORD_CLAS": 1,
                "ORD_FLOW": 5,
                "HYBAS_L12": 4121600650.0,
                "Shape_Length": 0.012500000000045475
            },
            "geometry": {
                "type": "LineString",
                "coordinates": [
                    [
                        80.06458333333299,
                        8.785416666666542
                    ],
                    [
                        80.05208333333294,
                        8.785416666666542
                    ]
                ]
            }
        },
        {
            "type": "Feature",
            "properties": {
                "HYRIV_ID": 41397943,
                "NEXT_DOWN": 41397942,
                "MAIN_RIV": 41397865,
                "LENGTH_KM": 4.5100002,
                "DIST_DN_KM": 18.6,
                "DIST_UP_KM": 142.89999,
                "CATCH_SKM": 9.33,
                "UPLAND_SKM": 3150.3999,
                "ENDORHEIC": 0,
                "DIS_AV_CMS": 32.173,
                "ORD_STRA": 4,
                "ORD_CLAS": 1,
                "ORD_FLOW": 5,
                "HYBAS_L12": 4121600650.0,
                "Shape_Length": 0.040951779686395164
            },
            "geometry": {
                "type": "LineString",
                "coordinates": [
                    [
                        80.10208333333296,
                        8.793749999999854
                    ],
                    [
                        80.09374999999963,
                        8.793749999999854
                    ],
                    [
                        80.08958333333297,
                        8.789583333333205
                    ],
                    [
                        80.0854166666663,
                        8.789583333333205
                    ],
                    [
                        80.08124999999964,
                        8.785416666666542
                    ],
                    [
                        80.06458333333299,
                        8.785416666666542
                    ]
                ]
            }
        },
        {
            "type": "Feature",
            "properties": {
                "HYRIV_ID": 41398001,
                "NEXT_DOWN": 41397942,
                "MAIN_RIV": 41397865,
                "LENGTH_KM": 1.8,
                "DIST_DN_KM": 18.700001,
                "DIST_UP_KM": 7.2,
                "CATCH_SKM": 15.7,
                "UPLAND_SKM": 15.7,
                "ENDORHEIC": 0,
                "DIS_AV_CMS": 0.144,
                "ORD_STRA": 1,
                "ORD_CLAS": 2,
                "ORD_FLOW": 7,
                "HYBAS_L12": 4121600650.0,
                "Shape_Length": 0.016309223176574753
            },
            "geometry": {
                "type": "LineString",
                "coordinates": [
                    [
                        80.07499999999968,
                        8.77708333333323
                    ],
                    [
                        80.0687499999996,
                        8.77708333333323
                    ],
                    [
                        80.06458333333299,
                        8.78124999999988
                    ],
                    [
                        80.06458333333299,
                        8.785416666666542
                    ]
                ]
            }
        },
        {
            "type": "Feature",
            "properties": {
                "HYRIV_ID": 41398102,
                "NEXT_DOWN": 41397943,
                "MAIN_RIV": 41397865,
                "LENGTH_KM": 7.77,
                "DIST_DN_KM": 23.3,
                "DIST_UP_KM": 138.2,
                "CATCH_SKM": 45.400002,
                "UPLAND_SKM": 3099.8999,
                "ENDORHEIC": 0,
                "DIS_AV_CMS": 32.495998,
                "ORD_STRA": 4,
                "ORD_CLAS": 1,
                "ORD_FLOW": 5,
                "HYBAS_L12": 4121600650.0,
                "Shape_Length": 0.07041456223593158
            },
            "geometry": {
                "type": "LineString",
                "coordinates": [
                    [
                        80.15624999999969,
                        8.76041666666655
                    ],
                    [
                        80.15624999999969,
                        8.764583333333213
                    ],
                    [
                        80.14791666666636,
                        8.772916666666525
                    ],
                    [
                        80.1437499999997,
                        8.772916666666525
                    ],
                    [
                        80.13958333333304,
                        8.77708333333323
                    ],
                    [
                        80.12708333333299,
                        8.77708333333323
                    ],
                    [
                        80.114583333333,
                        8.789583333333205
                    ],
                    [
                        80.10624999999962,
                        8.789583333333205
                    ],
                    [
                        80.10208333333296,
                        8.793749999999854
                    ]
                ]
            }
        },
        {
            "type": "Feature",
            "properties": {
                "HYRIV_ID": 41398131,
                "NEXT_DOWN": 41397888,
                "MAIN_RIV": 41397865,
                "LENGTH_KM": 5.1500001,
                "DIST_DN_KM": 7.6,
                "DIST_UP_KM": 11.0,
                "CATCH_SKM": 25.25,
                "UPLAND_SKM": 25.200001,
                "ENDORHEIC": 0,
                "DIS_AV_CMS": 0.24,
                "ORD_STRA": 1,
                "ORD_CLAS": 2,
                "ORD_FLOW": 7,
                "HYBAS_L12": 4120049300.0,
                "Shape_Length": 0.04648689270626296
            },
            "geometry": {
                "type": "LineString",
                "coordinates": [
                    [
                        79.99374999999966,
                        8.754166666666514
                    ],
                    [
                        79.99374999999966,
                        8.768749999999862
                    ],
                    [
                        79.989583333333,
                        8.772916666666525
                    ],
                    [
                        79.989583333333,
                        8.77708333333323
                    ],
                    [
                        79.97708333333296,
                        8.789583333333205
                    ],
                    [
                        79.97708333333296,
                        8.793749999999854
                    ]
                ]
            }
        },
        {
            "type": "Feature",
            "properties": {
                "HYRIV_ID": 41398151,
                "NEXT_DOWN": 41398102,
                "MAIN_RIV": 41397865,
                "LENGTH_KM": 1.16,
                "DIST_DN_KM": 30.9,
                "DIST_UP_KM": 7.0,
                "CATCH_SKM": 17.82,
                "UPLAND_SKM": 17.8,
                "ENDORHEIC": 0,
                "DIS_AV_CMS": 0.164,
                "ORD_STRA": 1,
                "ORD_CLAS": 2,
                "ORD_FLOW": 7,
                "HYBAS_L12": 4121600650.0,
                "Shape_Length": 0.010416666666685614
            },
            "geometry": {
                "type": "LineString",
                "coordinates": [
                    [
                        80.15624999999969,
                        8.749999999999865
                    ],
                    [
                        80.15624999999969,
                        8.76041666666655
                    ]
                ]
            }
        },
        {
            "type": "Feature",
            "properties": {
                "HYRIV_ID": 41398201,
                "NEXT_DOWN": 41398102,
                "MAIN_RIV": 41397865,
                "LENGTH_KM": 3.06,
                "DIST_DN_KM": 31.1,
                "DIST_UP_KM": 130.39999,
                "CATCH_SKM": 8.9099998,
                "UPLAND_SKM": 3036.7,
                "ENDORHEIC": 0,
                "DIS_AV_CMS": 33.112999,
                "ORD_STRA": 4,
                "ORD_CLAS": 1,
                "ORD_FLOW": 5,
                "HYBAS_L12": 4121600650.0,
                "Shape_Length": 0.027736892706139625
            },
            "geometry": {
                "type": "LineString",
                "coordinates": [
                    [
                        80.17708333333294,
                        8.74374999999987
                    ],
                    [
                        80.16874999999962,
                        8.752083333333196
                    ],
                    [
                        80.16458333333307,
                        8.752083333333196
                    ],
                    [
                        80.15624999999969,
                        8.76041666666655
                    ]
                ]
            }
        },
        {
            "type": "Feature",
            "properties": {
                "HYRIV_ID": 41398202,
                "NEXT_DOWN": 41398201,
                "MAIN_RIV": 41397865,
                "LENGTH_KM": 0.46,
                "DIST_DN_KM": 34.0,
                "DIST_UP_KM": 127.5,
                "CATCH_SKM": 1.06,
                "UPLAND_SKM": 3009.1001,
                "ENDORHEIC": 0,
                "DIS_AV_CMS": 33.279999,
                "ORD_STRA": 4,
                "ORD_CLAS": 1,
                "ORD_FLOW": 5,
                "HYBAS_L12": 4121600680.0,
                "Shape_Length": 0.004166666666776564
            },
            "geometry": {
                "type": "LineString",
                "coordinates": [
                    [
                        80.18124999999972,
                        8.74374999999987
                    ],
                    [
                        80.17708333333294,
                        8.74374999999987
                    ]
                ]
            }
        },
        {
            "type": "Feature",
            "properties": {
                "HYRIV_ID": 41398203,
                "NEXT_DOWN": 41398202,
                "MAIN_RIV": 41397865,
                "LENGTH_KM": 1.15,
                "DIST_DN_KM": 34.400002,
                "DIST_UP_KM": 9.6,
                "CATCH_SKM": 20.370001,
                "UPLAND_SKM": 20.4,
                "ENDORHEIC": 0,
                "DIS_AV_CMS": 0.18700001,
                "ORD_STRA": 1,
                "ORD_CLAS": 2,
                "ORD_FLOW": 7,
                "HYBAS_L12": 4121600680.0,
                "Shape_Length": 0.010416666666543506
            },
            "geometry": {
                "type": "LineString",
                "coordinates": [
                    [
                        80.18541666666627,
                        8.749999999999865
                    ],
                    [
                        80.18541666666627,
                        8.74374999999987
                    ],
                    [
                        80.18124999999972,
                        8.74374999999987
                    ]
                ]
            }
        },
        {
            "type": "Feature",
            "properties": {
                "HYRIV_ID": 41398268,
                "NEXT_DOWN": 41397941,
                "MAIN_RIV": 41397865,
                "LENGTH_KM": 8.7700005,
                "DIST_DN_KM": 17.3,
                "DIST_UP_KM": 14.3,
                "CATCH_SKM": 44.34,
                "UPLAND_SKM": 44.3,
                "ENDORHEIC": 0,
                "DIS_AV_CMS": 0.405,
                "ORD_STRA": 1,
                "ORD_CLAS": 2,
                "ORD_FLOW": 7,
                "HYBAS_L12": 4121600650.0,
                "Shape_Length": 0.07925339700060667
            },
            "geometry": {
                "type": "LineString",
                "coordinates": [
                    [
                        80.08749999999972,
                        8.729166666666522
                    ],
                    [
                        80.08124999999964,
                        8.73541666666656
                    ],
                    [
                        80.07708333333298,
                        8.73541666666656
                    ],
                    [
                        80.0687499999996,
                        8.74374999999987
                    ],
                    [
                        80.06458333333299,
                        8.74374999999987
                    ],
                    [
                        80.06041666666627,
                        8.747916666666534
                    ],
                    [
                        80.06041666666627,
                        8.756249999999845
                    ],
                    [
                        80.0479166666664,
                        8.768749999999862
                    ],
                    [
                        80.0479166666664,
                        8.772916666666525
                    ],
                    [
                        80.05208333333294,
                        8.77708333333323
                    ],
                    [
                        80.05208333333294,
                        8.785416666666542
                    ]
                ]
            }
        },
        {
            "type": "Feature",
            "properties": {
                "HYRIV_ID": 41398269,
                "NEXT_DOWN": 41398202,
                "MAIN_RIV": 41397865,
                "LENGTH_KM": 2.22,
                "DIST_DN_KM": 34.599998,
                "DIST_UP_KM": 126.9,
                "CATCH_SKM": 4.0300002,
                "UPLAND_SKM": 2987.7,
                "ENDORHEIC": 0,
                "DIS_AV_CMS": 33.167,
                "ORD_STRA": 4,
                "ORD_CLAS": 1,
                "ORD_FLOW": 5,
                "HYBAS_L12": 4121600680.0,
                "Shape_Length": 0.020118446352976427
            },
            "geometry": {
                "type": "LineString",
                "coordinates": [
                    [
                        80.1937499999996,
                        8.731249999999854
                    ],
                    [
                        80.1895833333331,
                        8.731249999999854
                    ],
                    [
                        80.18541666666627,
                        8.73541666666656
                    ],
                    [
                        80.18541666666627,
                        8.739583333333208
                    ],
                    [
                        80.18124999999972,
                        8.74374999999987
                    ]
                ]
            }
        },
        {
            "type": "Feature",
            "properties": {
                "HYRIV_ID": 41398270,
                "NEXT_DOWN": 41398269,
                "MAIN_RIV": 41397865,
                "LENGTH_KM": 3.85,
                "DIST_DN_KM": 36.700001,
                "DIST_UP_KM": 8.6,
                "CATCH_SKM": 19.73,
                "UPLAND_SKM": 19.700001,
                "ENDORHEIC": 0,
                "DIS_AV_CMS": 0.183,
                "ORD_STRA": 1,
                "ORD_CLAS": 2,
                "ORD_FLOW": 7,
                "HYBAS_L12": 4121600680.0,
                "Shape_Length": 0.03484983762792019
            },
            "geometry": {
                "type": "LineString",
                "coordinates": [
                    [
                        80.21666666666638,
                        8.754166666666514
                    ],
                    [
                        80.20624999999964,
                        8.74374999999987
                    ],
                    [
                        80.20208333333298,
                        8.74374999999987
                    ],
                    [
                        80.1937499999996,
                        8.73541666666656
                    ],
                    [
                        80.1937499999996,
                        8.731249999999854
                    ]
                ]
            }
        },
        {
            "type": "Feature",
            "properties": {
                "HYRIV_ID": 41398294,
                "NEXT_DOWN": 41398269,
                "MAIN_RIV": 41397865,
                "LENGTH_KM": 0.65,
                "DIST_DN_KM": 36.900002,
                "DIST_UP_KM": 124.6,
                "CATCH_SKM": 1.49,
                "UPLAND_SKM": 2963.8999,
                "ENDORHEIC": 0,
                "DIS_AV_CMS": 33.282001,
                "ORD_STRA": 4,
                "ORD_CLAS": 1,
                "ORD_FLOW": 5,
                "HYBAS_L12": 4121600680.0,
                "Shape_Length": 0.005892556509922731
            },
            "geometry": {
                "type": "LineString",
                "coordinates": [
                    [
                        80.19791666666632,
                        8.72708333333319
                    ],
                    [
                        80.1937499999996,
                        8.731249999999854
                    ]
                ]
            }
        },
        {
            "type": "Feature",
            "properties": {
                "HYRIV_ID": 41398295,
                "NEXT_DOWN": 41398294,
                "MAIN_RIV": 41397865,
                "LENGTH_KM": 5.87,
                "DIST_DN_KM": 37.3,
                "DIST_UP_KM": 10.2,
                "CATCH_SKM": 23.969999,
                "UPLAND_SKM": 24.0,
                "ENDORHEIC": 0,
                "DIS_AV_CMS": 0.22400001,
                "ORD_STRA": 1,
                "ORD_CLAS": 2,
                "ORD_FLOW": 7,
                "HYBAS_L12": 4121600680.0,
                "Shape_Length": 0.05324239413778892
            },
            "geometry": {
                "type": "LineString",
                "coordinates": [
                    [
                        80.24166666666642,
                        8.749999999999865
                    ],
                    [
                        80.23541666666628,
                        8.74374999999987
                    ],
                    [
                        80.2229166666663,
                        8.74374999999987
                    ],
                    [
                        80.21874999999963,
                        8.739583333333208
                    ],
                    [
                        80.21458333333297,
                        8.739583333333208
                    ],
                    [
                        80.20208333333298,
                        8.72708333333319
                    ],
                    [
                        80.19791666666632,
                        8.72708333333319
                    ]
                ]
            }
        },
        {
            "type": "Feature",
            "properties": {
                "HYRIV_ID": 41398399,
                "NEXT_DOWN": 41398294,
                "MAIN_RIV": 41397865,
                "LENGTH_KM": 2.4200001,
                "DIST_DN_KM": 37.5,
                "DIST_UP_KM": 124.0,
                "CATCH_SKM": 7.64,
                "UPLAND_SKM": 2938.5,
                "ENDORHEIC": 0,
                "DIS_AV_CMS": 33.126999,
                "ORD_STRA": 4,
                "ORD_CLAS": 1,
                "ORD_FLOW": 5,
                "HYBAS_L12": 4121600680.0,
                "Shape_Length": 0.021844336196320535
            },
            "geometry": {
                "type": "LineString",
                "coordinates": [
                    [
                        80.2104166666663,
                        8.710416666666525
                    ],
                    [
                        80.20208333333298,
                        8.71874999999988
                    ],
                    [
                        80.20208333333298,
                        8.722916666666542
                    ],
                    [
                        80.19791666666632,
                        8.72708333333319
                    ]
                ]
            }
        },
        {
            "type": "Feature",
            "properties": {
                "HYRIV_ID": 41398400,
                "NEXT_DOWN": 41398399,
                "MAIN_RIV": 41397865,
                "LENGTH_KM": 5.6799998,
                "DIST_DN_KM": 39.900002,
                "DIST_UP_KM": 11.8,
                "CATCH_SKM": 27.790001,
                "UPLAND_SKM": 27.8,
                "ENDORHEIC": 0,
                "DIS_AV_CMS": 0.264,
                "ORD_STRA": 1,
                "ORD_CLAS": 2,
                "ORD_FLOW": 7,
                "HYBAS_L12": 4121600680.0,
                "Shape_Length": 0.05151650429450552
            },
            "geometry": {
                "type": "LineString",
                "coordinates": [
                    [
                        80.2541666666663,
                        8.716666666666548
                    ],
                    [
                        80.24791666666633,
                        8.722916666666542
                    ],
                    [
                        80.23541666666628,
                        8.722916666666542
                    ],
                    [
                        80.23124999999962,
                        8.71874999999988
                    ],
                    [
                        80.2229166666663,
                        8.71874999999988
                    ],
                    [
                        80.21874999999963,
                        8.714583333333174
                    ],
                    [
                        80.21458333333297,
                        8.714583333333174
                    ],
                    [
                        80.2104166666663,
                        8.710416666666525
                    ]
                ]
            }
        },
        {
            "type": "Feature",
            "properties": {
                "HYRIV_ID": 41398401,
                "NEXT_DOWN": 41398431,
                "MAIN_RIV": 41397865,
                "LENGTH_KM": 8.3800001,
                "DIST_DN_KM": 79.099998,
                "DIST_UP_KM": 11.9,
                "CATCH_SKM": 33.52,
                "UPLAND_SKM": 33.5,
                "ENDORHEIC": 0,
                "DIS_AV_CMS": 0.427,
                "ORD_STRA": 1,
                "ORD_CLAS": 3,
                "ORD_FLOW": 7,
                "HYBAS_L12": 4121600750.0,
                "Shape_Length": 0.07594967525561047
            },
            "geometry": {
                "type": "LineString",
                "coordinates": [
                    [
                        80.54583333333292,
                        8.714583333333174
                    ],
                    [
                        80.53958333333301,
                        8.714583333333174
                    ],
                    [
                        80.53541666666635,
                        8.71874999999988
                    ],
                    [
                        80.53124999999969,
                        8.71874999999988
                    ],
                    [
                        80.5229166666663,
                        8.72708333333319
                    ],
                    [
                        80.51874999999964,
                        8.722916666666542
                    ],
                    [
                        80.51458333333298,
                        8.72708333333319
                    ],
                    [
                        80.50624999999965,
                        8.72708333333319
                    ],
                    [
                        80.50208333333299,
                        8.722916666666542
                    ],
                    [
                        80.49791666666627,
                        8.722916666666542
                    ],
                    [
                        80.48541666666628,
                        8.710416666666525
                    ]
                ]
            }
        },
        {
            "type": "Feature",
            "properties": {
                "HYRIV_ID": 41398428,
                "NEXT_DOWN": 41398201,
                "MAIN_RIV": 41397865,
                "LENGTH_KM": 5.25,
                "DIST_DN_KM": 34.0,
                "DIST_UP_KM": 10.9,
                "CATCH_SKM": 18.67,
                "UPLAND_SKM": 18.700001,
                "ENDORHEIC": 0,
                "DIS_AV_CMS": 0.173,
                "ORD_STRA": 1,
                "ORD_CLAS": 2,
                "ORD_FLOW": 7,
                "HYBAS_L12": 4121600680.0,
                "Shape_Length": 0.047349837627655884
            },
            "geometry": {
                "type": "LineString",
                "coordinates": [
                    [
                        80.16666666666632,
                        8.70416666666653
                    ],
                    [
                        80.17708333333294,
                        8.714583333333174
                    ],
                    [
                        80.17708333333294,
                        8.71874999999988
                    ],
                    [
                        80.1729166666664,
                        8.722916666666542
                    ],
                    [
                        80.17708333333294,
                        8.72708333333319
                    ],
                    [
                        80.17708333333294,
                        8.74374999999987
                    ]
                ]
            }
        },
        {
            "type": "Feature",
            "properties": {
                "HYRIV_ID": 41398429,
                "NEXT_DOWN": 41398399,
                "MAIN_RIV": 41397865,
                "LENGTH_KM": 0.69,
                "DIST_DN_KM": 39.700001,
                "DIST_UP_KM": 7.0,
                "CATCH_SKM": 11.46,
                "UPLAND_SKM": 11.5,
                "ENDORHEIC": 0,
                "DIS_AV_CMS": 0.109,
                "ORD_STRA": 1,
                "ORD_CLAS": 3,
                "ORD_FLOW": 7,
                "HYBAS_L12": 4121600680.0,
                "Shape_Length": 0.006249999999994316
            },
            "geometry": {
                "type": "LineString",
                "coordinates": [
                    [
                        80.2104166666663,
                        8.70416666666653
                    ],
                    [
                        80.2104166666663,
                        8.710416666666525
                    ]
                ]
            }
        },
        {
            "type": "Feature",
            "properties": {
                "HYRIV_ID": 41398430,
                "NEXT_DOWN": 41398507,
                "MAIN_RIV": 41397865,
                "LENGTH_KM": 1.81,
                "DIST_DN_KM": 73.800003,
                "DIST_UP_KM": 5.8,
                "CATCH_SKM": 13.15,
                "UPLAND_SKM": 13.2,
                "ENDORHEIC": 0,
                "DIS_AV_CMS": 0.151,
                "ORD_STRA": 1,
                "ORD_CLAS": 4,
                "ORD_FLOW": 7,
                "HYBAS_L12": 4121600750.0,
                "Shape_Length": 0.016309223176692898
            },
            "geometry": {
                "type": "LineString",
                "coordinates": [
                    [
                        80.44791666666643,
                        8.72083333333321
                    ],
                    [
                        80.44791666666643,
                        8.714583333333174
                    ],
                    [
                        80.4437499999996,
                        8.710416666666525
                    ],
                    [
                        80.4437499999996,
                        8.706249999999862
                    ]
                ]
            }
        },
        {
            "type": "Feature",
            "properties": {
                "HYRIV_ID": 41398431,
                "NEXT_DOWN": 41398507,
                "MAIN_RIV": 41397865,
                "LENGTH_KM": 5.1599998,
                "DIST_DN_KM": 73.800003,
                "DIST_UP_KM": 17.3,
                "CATCH_SKM": 20.370001,
                "UPLAND_SKM": 76.199997,
                "ENDORHEIC": 0,
                "DIS_AV_CMS": 0.93199998,
                "ORD_STRA": 2,
                "ORD_CLAS": 3,
                "ORD_FLOW": 7,
                "HYBAS_L12": 4121600750.0,
                "Shape_Length": 0.046844336196307845
            },
            "geometry": {
                "type": "LineString",
                "coordinates": [
                    [
                        80.48541666666628,
                        8.710416666666525
                    ],
                    [
                        80.48124999999962,
                        8.710416666666525
                    ],
                    [
                        80.47708333333296,
                        8.714583333333174
                    ],
                    [
                        80.4729166666663,
                        8.710416666666525
                    ],
                    [
                        80.45624999999964,
                        8.710416666666525
                    ],
                    [
                        80.45208333333292,
                        8.706249999999862
                    ],
                    [
                        80.4437499999996,
                        8.706249999999862
                    ]
                ]
            }
        },
        {
            "type": "Feature",
            "properties": {
                "HYRIV_ID": 41398459,
                "NEXT_DOWN": 41398480,
                "MAIN_RIV": 41397865,
                "LENGTH_KM": 8.87,
                "DIST_DN_KM": 57.3,
                "DIST_UP_KM": 13.2,
                "CATCH_SKM": 46.459999,
                "UPLAND_SKM": 46.5,
                "ENDORHEIC": 0,
                "DIS_AV_CMS": 0.47,
                "ORD_STRA": 1,
                "ORD_CLAS": 3,
                "ORD_FLOW": 7,
                "HYBAS_L12": 4121155600.0,
                "Shape_Length": 0.0801163419223711
            },
            "geometry": {
                "type": "LineString",
                "coordinates": [
                    [
                        80.3624999999997,
                        8.752083333333196
                    ],
                    [
                        80.35624999999962,
                        8.752083333333196
                    ],
                    [
                        80.35208333333296,
                        8.747916666666534
                    ],
                    [
                        80.3479166666663,
                        8.752083333333196
                    ],
                    [
                        80.33958333333297,
                        8.74374999999987
                    ],
                    [
                        80.33958333333297,
                        8.73541666666656
                    ],
                    [
                        80.34374999999963,
                        8.731249999999854
                    ],
                    [
                        80.34374999999963,
                        8.722916666666542
                    ],
                    [
                        80.33958333333297,
                        8.71874999999988
                    ],
                    [
                        80.33958333333297,
                        8.714583333333174
                    ],
                    [
                        80.34374999999963,
                        8.710416666666525
                    ],
                    [
                        80.3354166666663,
                        8.7020833333332
                    ]
                ]
            }
        },
        {
            "type": "Feature",
            "properties": {
                "HYRIV_ID": 41398460,
                "NEXT_DOWN": 41398481,
                "MAIN_RIV": 41397865,
                "LENGTH_KM": 7.46,
                "DIST_DN_KM": 60.700001,
                "DIST_UP_KM": 11.4,
                "CATCH_SKM": 41.369999,
                "UPLAND_SKM": 41.400002,
                "ENDORHEIC": 0,
                "DIS_AV_CMS": 0.443,
                "ORD_STRA": 1,
                "ORD_CLAS": 3,
                "ORD_FLOW": 7,
                "HYBAS_L12": 4121155600.0,
                "Shape_Length": 0.06746828398096016
            },
            "geometry": {
                "type": "LineString",
                "coordinates": [
                    [
                        80.40416666666627,
                        8.745833333333202
                    ],
                    [
                        80.39374999999964,
                        8.73541666666656
                    ],
                    [
                        80.39374999999964,
                        8.731249999999854
                    ],
                    [
                        80.38958333333298,
                        8.72708333333319
                    ],
                    [
                        80.38958333333298,
                        8.722916666666542
                    ],
                    [
                        80.38541666666632,
                        8.71874999999988
                    ],
                    [
                        80.38541666666632,
                        8.710416666666525
                    ],
                    [
                        80.38124999999965,
                        8.706249999999862
                    ],
                    [
                        80.37291666666633,
                        8.706249999999862
                    ],
                    [
                        80.36874999999966,
                        8.7020833333332
                    ],
                    [
                        80.36458333333294,
                        8.7020833333332
                    ]
                ]
            }
        },
        {
            "type": "Feature",
            "properties": {
                "HYRIV_ID": 41398479,
                "NEXT_DOWN": 41398603,
                "MAIN_RIV": 41397865,
                "LENGTH_KM": 1.4400001,
                "DIST_DN_KM": 53.3,
                "DIST_UP_KM": 6.8,
                "CATCH_SKM": 19.1,
                "UPLAND_SKM": 19.1,
                "ENDORHEIC": 0,
                "DIS_AV_CMS": 0.189,
                "ORD_STRA": 1,
                "ORD_CLAS": 3,
                "ORD_FLOW": 7,
                "HYBAS_L12": 4121155600.0,
                "Shape_Length": 0.013005501431492568
            },
            "geometry": {
                "type": "LineString",
                "coordinates": [
                    [
                        80.30833333333297,
                        8.708333333333194
                    ],
                    [
                        80.30208333333294,
                        8.7020833333332
                    ],
                    [
                        80.30208333333294,
                        8.69791666666655
                    ]
                ]
            }
        },
        {
            "type": "Feature",
            "properties": {
                "HYRIV_ID": 41398480,
                "NEXT_DOWN": 41398603,
                "MAIN_RIV": 41397865,
                "LENGTH_KM": 3.86,
                "DIST_DN_KM": 53.3,
                "DIST_UP_KM": 43.200001,
                "CATCH_SKM": 14.64,
                "UPLAND_SKM": 456.20001,
                "ENDORHEIC": 0,
                "DIS_AV_CMS": 4.994,
                "ORD_STRA": 3,
                "ORD_CLAS": 2,
                "ORD_FLOW": 6,
                "HYBAS_L12": 4121155600.0,
                "Shape_Length": 0.035059223176536175
            },
            "geometry": {
                "type": "LineString",
                "coordinates": [
                    [
                        80.3354166666663,
                        8.7020833333332
                    ],
                    [
                        80.31458333333305,
                        8.7020833333332
                    ],
                    [
                        80.31041666666627,
                        8.69791666666655
                    ],
                    [
                        80.30208333333294,
                        8.69791666666655
                    ]
                ]
            }
        },
        {
            "type": "Feature",
            "properties": {
                "HYRIV_ID": 41398481,
                "NEXT_DOWN": 41398480,
                "MAIN_RIV": 41397865,
                "LENGTH_KM": 3.59,
                "DIST_DN_KM": 57.3,
                "DIST_UP_KM": 39.200001,
                "CATCH_SKM": 11.25,
                "UPLAND_SKM": 395.10001,
                "ENDORHEIC": 0,
                "DIS_AV_CMS": 4.4619999,
                "ORD_STRA": 3,
                "ORD_CLAS": 2,
                "ORD_FLOW": 6,
                "HYBAS_L12": 4121155600.0,
                "Shape_Length": 0.03261844635305936
            },
            "geometry": {
                "type": "LineString",
                "coordinates": [
                    [
                        80.36458333333294,
                        8.7020833333332
                    ],
                    [
                        80.36041666666628,
                        8.69791666666655
                    ],
                    [
                        80.33958333333297,
                        8.69791666666655
                    ],
                    [
                        80.3354166666663,
                        8.7020833333332
                    ]
                ]
            }
        },
        {
            "type": "Feature",
            "properties": {
                "HYRIV_ID": 41398507,
                "NEXT_DOWN": 41398585,
                "MAIN_RIV": 41397865,
                "LENGTH_KM": 1.95,
                "DIST_DN_KM": 72.0,
                "DIST_UP_KM": 19.1,
                "CATCH_SKM": 1.91,
                "UPLAND_SKM": 91.199997,
                "ENDORHEIC": 0,
                "DIS_AV_CMS": 1.098,
                "ORD_STRA": 2,
                "ORD_CLAS": 3,
                "ORD_FLOW": 6,
                "HYBAS_L12": 4121600750.0,
                "Shape_Length": 0.017677669529637563
            },
            "geometry": {
                "type": "LineString",
                "coordinates": [
                    [
                        80.4437499999996,
                        8.706249999999862
                    ],
                    [
                        80.43124999999961,
                        8.693749999999888
                    ]
                ]
            }
        },
        {
            "type": "Feature",
            "properties": {
                "HYRIV_ID": 41398525,
                "NEXT_DOWN": 41398399,
                "MAIN_RIV": 41397865,
                "LENGTH_KM": 3.07,
                "DIST_DN_KM": 39.900002,
                "DIST_UP_KM": 121.6,
                "CATCH_SKM": 9.5500002,
                "UPLAND_SKM": 2891.6001,
                "ENDORHEIC": 0,
                "DIS_AV_CMS": 33.013,
                "ORD_STRA": 4,
                "ORD_CLAS": 1,
                "ORD_FLOW": 5,
                "HYBAS_L12": 4121600680.0,
                "Shape_Length": 0.027736892706213122
            },
            "geometry": {
                "type": "LineString",
                "coordinates": [
                    [
                        80.22708333333296,
                        8.689583333333182
                    ],
                    [
                        80.2229166666663,
                        8.693749999999888
                    ],
                    [
                        80.2229166666663,
                        8.69791666666655
                    ],
                    [
                        80.2104166666663,
                        8.710416666666525
                    ]
                ]
            }
        },
        {
            "type": "Feature",
            "properties": {
                "HYRIV_ID": 41398542,
                "NEXT_DOWN": 41398431,
                "MAIN_RIV": 41397865,
                "LENGTH_KM": 5.23,
                "DIST_DN_KM": 79.099998,
                "DIST_UP_KM": 8.5,
                "CATCH_SKM": 22.280001,
                "UPLAND_SKM": 22.3,
                "ENDORHEIC": 0,
                "DIS_AV_CMS": 0.28,
                "ORD_STRA": 1,
                "ORD_CLAS": 4,
                "ORD_FLOW": 7,
                "HYBAS_L12": 4121600750.0,
                "Shape_Length": 0.04734983762781179
            },
            "geometry": {
                "type": "LineString",
                "coordinates": [
                    [
                        80.51666666666628,
                        8.683333333333202
                    ],
                    [
                        80.50624999999965,
                        8.693749999999888
                    ],
                    [
                        80.49374999999966,
                        8.693749999999888
                    ],
                    [
                        80.48958333333294,
                        8.69791666666655
                    ],
                    [
                        80.48958333333294,
                        8.706249999999862
                    ],
                    [
                        80.48541666666628,
                        8.710416666666525
                    ]
                ]
            }
        },
        {
            "type": "Feature",
            "properties": {
                "HYRIV_ID": 41398562,
                "NEXT_DOWN": 41398481,
                "MAIN_RIV": 41397865,
                "LENGTH_KM": 3.34,
                "DIST_DN_KM": 60.900002,
                "DIST_UP_KM": 35.599998,
                "CATCH_SKM": 5.3,
                "UPLAND_SKM": 342.5,
                "ENDORHEIC": 0,
                "DIS_AV_CMS": 3.9690001,
                "ORD_STRA": 3,
                "ORD_CLAS": 2,
                "ORD_FLOW": 6,
                "HYBAS_L12": 4121155600.0,
                "Shape_Length": 0.03017766952969897
            },
            "geometry": {
                "type": "LineString",
                "coordinates": [
                    [
                        80.37291666666633,
                        8.68124999999987
                    ],
                    [
                        80.37291666666633,
                        8.685416666666534
                    ],
                    [
                        80.37708333333299,
                        8.689583333333182
                    ],
                    [
                        80.37708333333299,
                        8.693749999999888
                    ],
                    [
                        80.37291666666633,
                        8.69791666666655
                    ],
                    [
                        80.36874999999966,
                        8.69791666666655
                    ],
                    [
                        80.36458333333294,
                        8.7020833333332
                    ]
                ]
            }
        },
        {
            "type": "Feature",
            "properties": {
                "HYRIV_ID": 41398582,
                "NEXT_DOWN": 41398525,
                "MAIN_RIV": 41397865,
                "LENGTH_KM": 2.28,
                "DIST_DN_KM": 43.0,
                "DIST_UP_KM": 7.1,
                "CATCH_SKM": 18.459999,
                "UPLAND_SKM": 18.5,
                "ENDORHEIC": 0,
                "DIS_AV_CMS": 0.177,
                "ORD_STRA": 1,
                "ORD_CLAS": 2,
                "ORD_FLOW": 7,
                "HYBAS_L12": 4121600680.0,
                "Shape_Length": 0.020623947784558734
            },
            "geometry": {
                "type": "LineString",
                "coordinates": [
                    [
                        80.21249999999966,
                        8.674999999999876
                    ],
                    [
                        80.22708333333296,
                        8.689583333333182
                    ]
                ]
            }
        },
        {
            "type": "Feature",
            "properties": {
                "HYRIV_ID": 41398583,
                "NEXT_DOWN": 41398525,
                "MAIN_RIV": 41397865,
                "LENGTH_KM": 1.77,
                "DIST_DN_KM": 43.0,
                "DIST_UP_KM": 118.5,
                "CATCH_SKM": 8.7,
                "UPLAND_SKM": 2863.6001,
                "ENDORHEIC": 0,
                "DIS_AV_CMS": 33.153999,
                "ORD_STRA": 4,
                "ORD_CLAS": 1,
                "ORD_FLOW": 5,
                "HYBAS_L12": 4121600680.0,
                "Shape_Length": 0.0159517796864179
            },
            "geometry": {
                "type": "LineString",
                "coordinates": [
                    [
                        80.23541666666628,
                        8.677083333333208
                    ],
                    [
                        80.23541666666628,
                        8.68124999999987
                    ],
                    [
                        80.22708333333296,
                        8.689583333333182
                    ]
                ]
            }
        },
        {
            "type": "Feature",
            "properties": {
                "HYRIV_ID": 41398584,
                "NEXT_DOWN": 41398562,
                "MAIN_RIV": 41397865,
                "LENGTH_KM": 4.7,
                "DIST_DN_KM": 64.199997,
                "DIST_UP_KM": 32.200001,
                "CATCH_SKM": 13.58,
                "UPLAND_SKM": 315.5,
                "ENDORHEIC": 0,
                "DIS_AV_CMS": 3.7260001,
                "ORD_STRA": 3,
                "ORD_CLAS": 2,
                "ORD_FLOW": 6,
                "HYBAS_L12": 4121600780.0,
                "Shape_Length": 0.04267766952968172
            },
            "geometry": {
                "type": "LineString",
                "coordinates": [
                    [
                        80.41041666666635,
                        8.677083333333208
                    ],
                    [
                        80.39374999999964,
                        8.677083333333208
                    ],
                    [
                        80.38958333333298,
                        8.68124999999987
                    ],
                    [
                        80.38541666666632,
                        8.68124999999987
                    ],
                    [
                        80.38124999999965,
                        8.677083333333208
                    ],
                    [
                        80.37708333333299,
                        8.677083333333208
                    ],
                    [
                        80.37291666666633,
                        8.68124999999987
                    ]
                ]
            }
        },
        {
            "type": "Feature",
            "properties": {
                "HYRIV_ID": 41398585,
                "NEXT_DOWN": 41398584,
                "MAIN_RIV": 41397865,
                "LENGTH_KM": 3.06,
                "DIST_DN_KM": 68.699997,
                "DIST_UP_KM": 27.700001,
                "CATCH_SKM": 14.64,
                "UPLAND_SKM": 233.0,
                "ENDORHEIC": 0,
                "DIS_AV_CMS": 2.8329999,
                "ORD_STRA": 3,
                "ORD_CLAS": 2,
                "ORD_FLOW": 6,
                "HYBAS_L12": 4121600780.0,
                "Shape_Length": 0.027736892706172928
            },
            "geometry": {
                "type": "LineString",
                "coordinates": [
                    [
                        80.43124999999961,
                        8.693749999999888
                    ],
                    [
                        80.41458333333301,
                        8.677083333333208
                    ],
                    [
                        80.41041666666635,
                        8.677083333333208
                    ]
                ]
            }
        },
        {
            "type": "Feature",
            "properties": {
                "HYRIV_ID": 41398602,
                "NEXT_DOWN": 41398583,
                "MAIN_RIV": 41397865,
                "LENGTH_KM": 1.5700001,
                "DIST_DN_KM": 44.599998,
                "DIST_UP_KM": 51.900002,
                "CATCH_SKM": 2.76,
                "UPLAND_SKM": 642.29999,
                "ENDORHEIC": 0,
                "DIS_AV_CMS": 6.71,
                "ORD_STRA": 3,
                "ORD_CLAS": 2,
                "ORD_FLOW": 6,
                "HYBAS_L12": 4121155570.0,
                "Shape_Length": 0.014225889843238436
            },
            "geometry": {
                "type": "LineString",
                "coordinates": [
                    [
                        80.24791666666633,
                        8.67291666666656
                    ],
                    [
                        80.24374999999966,
                        8.67291666666656
                    ],
                    [
                        80.23958333333294,
                        8.677083333333208
                    ],
                    [
                        80.23541666666628,
                        8.677083333333208
                    ]
                ]
            }
        },
        {
            "type": "Feature",
            "properties": {
                "HYRIV_ID": 41398603,
                "NEXT_DOWN": 41398602,
                "MAIN_RIV": 41397865,
                "LENGTH_KM": 7.12,
                "DIST_DN_KM": 46.099998,
                "DIST_UP_KM": 50.3,
                "CATCH_SKM": 23.34,
                "UPLAND_SKM": 498.70001,
                "ENDORHEIC": 0,
                "DIS_AV_CMS": 5.263,
                "ORD_STRA": 3,
                "ORD_CLAS": 2,
                "ORD_FLOW": 6,
                "HYBAS_L12": 4121155600.0,
                "Shape_Length": 0.06452200572597871
            },
            "geometry": {
                "type": "LineString",
                "coordinates": [
                    [
                        80.30208333333294,
                        8.69791666666655
                    ],
                    [
                        80.29374999999973,
                        8.689583333333182
                    ],
                    [
                        80.28541666666635,
                        8.689583333333182
                    ],
                    [
                        80.27708333333302,
                        8.68124999999987
                    ],
                    [
                        80.27291666666636,
                        8.68124999999987
                    ],
                    [
                        80.2687499999997,
                        8.677083333333208
                    ],
                    [
                        80.26041666666632,
                        8.677083333333208
                    ],
                    [
                        80.25624999999965,
                        8.67291666666656
                    ],
                    [
                        80.24791666666633,
                        8.67291666666656
                    ]
                ]
            }
        },
        {
            "type": "Feature",
            "properties": {
                "HYRIV_ID": 41398646,
                "NEXT_DOWN": 41398562,
                "MAIN_RIV": 41397865,
                "LENGTH_KM": 4.48,
                "DIST_DN_KM": 64.0,
                "DIST_UP_KM": 8.1,
                "CATCH_SKM": 21.65,
                "UPLAND_SKM": 21.6,
                "ENDORHEIC": 0,
                "DIS_AV_CMS": 0.237,
                "ORD_STRA": 1,
                "ORD_CLAS": 3,
                "ORD_FLOW": 7,
                "HYBAS_L12": 4121600780.0,
                "Shape_Length": 0.04059433619639392
            },
            "geometry": {
                "type": "LineString",
                "coordinates": [
                    [
                        80.38541666666632,
                        8.66249999999986
                    ],
                    [
                        80.38541666666632,
                        8.668749999999854
                    ],
                    [
                        80.37291666666633,
                        8.668749999999854
                    ],
                    [
                        80.36458333333294,
                        8.677083333333208
                    ],
                    [
                        80.36874999999966,
                        8.68124999999987
                    ],
                    [
                        80.37291666666633,
                        8.68124999999987
                    ]
                ]
            }
        },
        {
            "type": "Feature",
            "properties": {
                "HYRIV_ID": 41398687,
                "NEXT_DOWN": 41398699,
                "MAIN_RIV": 41397865,
                "LENGTH_KM": 5.2,
                "DIST_DN_KM": 53.700001,
                "DIST_UP_KM": 9.4,
                "CATCH_SKM": 18.889999,
                "UPLAND_SKM": 18.9,
                "ENDORHEIC": 0,
                "DIS_AV_CMS": 0.196,
                "ORD_STRA": 1,
                "ORD_CLAS": 4,
                "ORD_FLOW": 7,
                "HYBAS_L12": 4121155620.0,
                "Shape_Length": 0.047201779686367656
            },
            "geometry": {
                "type": "LineString",
                "coordinates": [
                    [
                        80.33749999999966,
                        8.660416666666542
                    ],
                    [
                        80.33124999999964,
                        8.660416666666542
                    ],
                    [
                        80.32708333333292,
                        8.66458333333319
                    ],
                    [
                        80.30208333333294,
                        8.66458333333319
                    ],
                    [
                        80.2979166666664,
                        8.660416666666542
                    ],
                    [
                        80.2979166666664,
                        8.65624999999988
                    ]
                ]
            }
        },
        {
            "type": "Feature",
            "properties": {
                "HYRIV_ID": 41398699,
                "NEXT_DOWN": 41398602,
                "MAIN_RIV": 41397865,
                "LENGTH_KM": 7.58,
                "DIST_DN_KM": 46.099998,
                "DIST_UP_KM": 32.0,
                "CATCH_SKM": 17.83,
                "UPLAND_SKM": 140.89999,
                "ENDORHEIC": 0,
                "DIS_AV_CMS": 1.466,
                "ORD_STRA": 2,
                "ORD_CLAS": 3,
                "ORD_FLOW": 6,
                "HYBAS_L12": 4121155620.0,
                "Shape_Length": 0.06868867239272786
            },
            "geometry": {
                "type": "LineString",
                "coordinates": [
                    [
                        80.2979166666664,
                        8.65624999999988
                    ],
                    [
                        80.29374999999973,
                        8.65624999999988
                    ],
                    [
                        80.28958333333301,
                        8.660416666666542
                    ],
                    [
                        80.28541666666635,
                        8.65624999999988
                    ],
                    [
                        80.28124999999969,
                        8.65624999999988
                    ],
                    [
                        80.27708333333302,
                        8.652083333333216
                    ],
                    [
                        80.27291666666636,
                        8.652083333333216
                    ],
                    [
                        80.2687499999997,
                        8.65624999999988
                    ],
                    [
                        80.26041666666632,
                        8.65624999999988
                    ],
                    [
                        80.25208333333299,
                        8.66458333333319
                    ],
                    [
                        80.24791666666633,
                        8.66458333333319
                    ],
                    [
                        80.24791666666633,
                        8.67291666666656
                    ]
                ]
            }
        },
        {
            "type": "Feature",
            "properties": {
                "HYRIV_ID": 41398718,
                "NEXT_DOWN": 41398583,
                "MAIN_RIV": 41397865,
                "LENGTH_KM": 3.4300001,
                "DIST_DN_KM": 44.599998,
                "DIST_UP_KM": 116.9,
                "CATCH_SKM": 8.2799997,
                "UPLAND_SKM": 2212.5,
                "ENDORHEIC": 0,
                "DIS_AV_CMS": 26.601999,
                "ORD_STRA": 4,
                "ORD_CLAS": 1,
                "ORD_FLOW": 5,
                "HYBAS_L12": 4121155590.0,
                "Shape_Length": 0.03089255650991664
            },
            "geometry": {
                "type": "LineString",
                "coordinates": [
                    [
                        80.23124999999962,
                        8.64791666666651
                    ],
                    [
                        80.23124999999962,
                        8.65624999999988
                    ],
                    [
                        80.23541666666628,
                        8.660416666666542
                    ],
                    [
                        80.23541666666628,
                        8.677083333333208
                    ]
                ]
            }
        },
        {
            "type": "Feature",
            "properties": {
                "HYRIV_ID": 41398719,
                "NEXT_DOWN": 41398748,
                "MAIN_RIV": 41397865,
                "LENGTH_KM": 5.79,
                "DIST_DN_KM": 86.0,
                "DIST_UP_KM": 9.8,
                "CATCH_SKM": 29.07,
                "UPLAND_SKM": 29.1,
                "ENDORHEIC": 0,
                "DIS_AV_CMS": 0.389,
                "ORD_STRA": 1,
                "ORD_CLAS": 3,
                "ORD_FLOW": 7,
                "HYBAS_L12": 4121600750.0,
                "Shape_Length": 0.052379449216061955
            },
            "geometry": {
                "type": "LineString",
                "coordinates": [
                    [
                        80.56249999999963,
                        8.68124999999987
                    ],
                    [
                        80.55624999999972,
                        8.68124999999987
                    ],
                    [
                        80.55624999999972,
                        8.677083333333208
                    ],
                    [
                        80.55208333333306,
                        8.67291666666656
                    ],
                    [
                        80.55208333333306,
                        8.668749999999854
                    ],
                    [
                        80.54791666666634,
                        8.66458333333319
                    ],
                    [
                        80.54791666666634,
                        8.660416666666542
                    ],
                    [
                        80.53958333333301,
                        8.652083333333216
                    ],
                    [
                        80.53541666666635,
                        8.652083333333216
                    ],
                    [
                        80.53124999999969,
                        8.64791666666651
                    ]
                ]
            }
        },
        {
            "type": "Feature",
            "properties": {
                "HYRIV_ID": 41398745,
                "NEXT_DOWN": 41398718,
                "MAIN_RIV": 41397865,
                "LENGTH_KM": 1.8,
                "DIST_DN_KM": 48.200001,
                "DIST_UP_KM": 5.6,
                "CATCH_SKM": 12.73,
                "UPLAND_SKM": 12.7,
                "ENDORHEIC": 0,
                "DIS_AV_CMS": 0.125,
                "ORD_STRA": 1,
                "ORD_CLAS": 2,
                "ORD_FLOW": 7,
                "HYBAS_L12": 4121155590.0,
                "Shape_Length": 0.016309223176444416
            },
            "geometry": {
                "type": "LineString",
                "coordinates": [
                    [
                        80.21666666666638,
                        8.643749999999862
                    ],
                    [
                        80.22708333333296,
                        8.643749999999862
                    ],
                    [
                        80.23124999999962,
                        8.64791666666651
                    ]
                ]
            }
        },
        {
            "type": "Feature",
            "properties": {
                "HYRIV_ID": 41398746,
                "NEXT_DOWN": 41398584,
                "MAIN_RIV": 41397865,
                "LENGTH_KM": 6.4,
                "DIST_DN_KM": 68.699997,
                "DIST_UP_KM": 14.4,
                "CATCH_SKM": 28.860001,
                "UPLAND_SKM": 69.0,
                "ENDORHEIC": 0,
                "DIS_AV_CMS": 0.81400001,
                "ORD_STRA": 2,
                "ORD_CLAS": 3,
                "ORD_FLOW": 7,
                "HYBAS_L12": 4121600780.0,
                "Shape_Length": 0.057914562235765105
            },
            "geometry": {
                "type": "LineString",
                "coordinates": [
                    [
                        80.45208333333292,
                        8.643749999999862
                    ],
                    [
                        80.44791666666643,
                        8.643749999999862
                    ],
                    [
                        80.4437499999996,
                        8.64791666666651
                    ],
                    [
                        80.43541666666627,
                        8.64791666666651
                    ],
                    [
                        80.41041666666635,
                        8.67291666666656
                    ],
                    [
                        80.41041666666635,
                        8.677083333333208
                    ]
                ]
            }
        },
        {
            "type": "Feature",
            "properties": {
                "HYRIV_ID": 41398747,
                "NEXT_DOWN": 41398585,
                "MAIN_RIV": 41397865,
                "LENGTH_KM": 12.48,
                "DIST_DN_KM": 71.800003,
                "DIST_UP_KM": 24.6,
                "CATCH_SKM": 41.8,
                "UPLAND_SKM": 127.1,
                "ENDORHEIC": 0,
                "DIS_AV_CMS": 1.599,
                "ORD_STRA": 2,
                "ORD_CLAS": 2,
                "ORD_FLOW": 6,
                "HYBAS_L12": 4121600750.0,
                "Shape_Length": 0.11309223176564832
            },
            "geometry": {
                "type": "LineString",
                "coordinates": [
                    [
                        80.51874999999964,
                        8.643749999999862
                    ],
                    [
                        80.51458333333298,
                        8.64791666666651
                    ],
                    [
                        80.51458333333298,
                        8.652083333333216
                    ],
                    [
                        80.49791666666627,
                        8.668749999999854
                    ],
                    [
                        80.48958333333294,
                        8.668749999999854
                    ],
                    [
                        80.48124999999962,
                        8.677083333333208
                    ],
                    [
                        80.47708333333296,
                        8.677083333333208
                    ],
                    [
                        80.4729166666663,
                        8.68124999999987
                    ],
                    [
                        80.46458333333297,
                        8.68124999999987
                    ],
                    [
                        80.4604166666663,
                        8.685416666666534
                    ],
                    [
                        80.4604166666663,
                        8.689583333333182
                    ],
                    [
                        80.45208333333292,
                        8.689583333333182
                    ],
                    [
                        80.44791666666643,
                        8.693749999999888
                    ],
                    [
                        80.43124999999961,
                        8.693749999999888
                    ]
                ]
            }
        },
        {
            "type": "Feature",
            "properties": {
                "HYRIV_ID": 41398748,
                "NEXT_DOWN": 41398747,
                "MAIN_RIV": 41397865,
                "LENGTH_KM": 1.5700001,
                "DIST_DN_KM": 84.300003,
                "DIST_UP_KM": 11.6,
                "CATCH_SKM": 5.3,
                "UPLAND_SKM": 46.700001,
                "ENDORHEIC": 0,
                "DIS_AV_CMS": 0.62300003,
                "ORD_STRA": 2,
                "ORD_CLAS": 3,
                "ORD_FLOW": 7,
                "HYBAS_L12": 4121600750.0,
                "Shape_Length": 0.014225889843255086
            },
            "geometry": {
                "type": "LineString",
                "coordinates": [
                    [
                        80.53124999999969,
                        8.64791666666651
                    ],
                    [
                        80.52708333333302,
                        8.643749999999862
                    ],
                    [
                        80.51874999999964,
                        8.643749999999862
                    ]
                ]
            }
        },
        {
            "type": "Feature",
            "properties": {
                "HYRIV_ID": 41398770,
                "NEXT_DOWN": 41398748,
                "MAIN_RIV": 41397865,
                "LENGTH_KM": 3.0,
                "DIST_DN_KM": 86.0,
                "DIST_UP_KM": 6.9,
                "CATCH_SKM": 12.31,
                "UPLAND_SKM": 12.3,
                "ENDORHEIC": 0,
                "DIS_AV_CMS": 0.166,
                "ORD_STRA": 1,
                "ORD_CLAS": 4,
                "ORD_FLOW": 7,
                "HYBAS_L12": 4121600750.0,
                "Shape_Length": 0.027231391274664826
            },
            "geometry": {
                "type": "LineString",
                "coordinates": [
                    [
                        80.5541666666663,
                        8.637499999999868
                    ],
                    [
                        80.54791666666634,
                        8.643749999999862
                    ],
                    [
                        80.53541666666635,
                        8.643749999999862
                    ],
                    [
                        80.53124999999969,
                        8.64791666666651
                    ]
                ]
            }
        },
        {
            "type": "Feature",
            "properties": {
                "HYRIV_ID": 41398798,
                "NEXT_DOWN": 41398746,
                "MAIN_RIV": 41397865,
                "LENGTH_KM": 1.16,
                "DIST_DN_KM": 75.099998,
                "DIST_UP_KM": 5.0,
                "CATCH_SKM": 9.5500002,
                "UPLAND_SKM": 9.6,
                "ENDORHEIC": 0,
                "DIS_AV_CMS": 0.115,
                "ORD_STRA": 1,
                "ORD_CLAS": 4,
                "ORD_FLOW": 7,
                "HYBAS_L12": 4121600780.0,
                "Shape_Length": 0.010416666666642982
            },
            "geometry": {
                "type": "LineString",
                "coordinates": [
                    [
                        80.45208333333292,
                        8.63333333333322
                    ],
                    [
                        80.45208333333292,
                        8.643749999999862
                    ]
                ]
            }
        },
        {
            "type": "Feature",
            "properties": {
                "HYRIV_ID": 41398825,
                "NEXT_DOWN": 41398746,
                "MAIN_RIV": 41397865,
                "LENGTH_KM": 2.4100001,
                "DIST_DN_KM": 75.300003,
                "DIST_UP_KM": 7.8,
                "CATCH_SKM": 7.0,
                "UPLAND_SKM": 30.6,
                "ENDORHEIC": 0,
                "DIS_AV_CMS": 0.377,
                "ORD_STRA": 2,
                "ORD_CLAS": 3,
                "ORD_FLOW": 7,
                "HYBAS_L12": 4121600780.0,
                "Shape_Length": 0.02184433619634063
            },
            "geometry": {
                "type": "LineString",
                "coordinates": [
                    [
                        80.46874999999963,
                        8.631249999999888
                    ],
                    [
                        80.46458333333297,
                        8.635416666666536
                    ],
                    [
                        80.4604166666663,
                        8.635416666666536
                    ],
                    [
                        80.45208333333292,
                        8.643749999999862
                    ]
                ]
            }
        },
        {
            "type": "Feature",
            "properties": {
                "HYRIV_ID": 41398826,
                "NEXT_DOWN": 41398825,
                "MAIN_RIV": 41397865,
                "LENGTH_KM": 0.69,
                "DIST_DN_KM": 77.599998,
                "DIST_UP_KM": 5.5,
                "CATCH_SKM": 10.82,
                "UPLAND_SKM": 10.8,
                "ENDORHEIC": 0,
                "DIS_AV_CMS": 0.13600001,
                "ORD_STRA": 1,
                "ORD_CLAS": 3,
                "ORD_FLOW": 7,
                "HYBAS_L12": 4121600780.0,
                "Shape_Length": 0.006250000000079581
            },
            "geometry": {
                "type": "LineString",
                "coordinates": [
                    [
                        80.47499999999971,
                        8.631249999999888
                    ],
                    [
                        80.46874999999963,
                        8.631249999999888
                    ]
                ]
            }
        },
        {
            "type": "Feature",
            "properties": {
                "HYRIV_ID": 41398846,
                "NEXT_DOWN": 41398825,
                "MAIN_RIV": 41397865,
                "LENGTH_KM": 0.69,
                "DIST_DN_KM": 77.599998,
                "DIST_UP_KM": 4.7,
                "CATCH_SKM": 12.73,
                "UPLAND_SKM": 12.7,
                "ENDORHEIC": 0,
                "DIS_AV_CMS": 0.15800001,
                "ORD_STRA": 1,
                "ORD_CLAS": 4,
                "ORD_FLOW": 7,
                "HYBAS_L12": 4121600780.0,
                "Shape_Length": 0.006250000000036948
            },
            "geometry": {
                "type": "LineString",
                "coordinates": [
                    [
                        80.46874999999963,
                        8.62499999999985
                    ],
                    [
                        80.46874999999963,
                        8.631249999999888
                    ]
                ]
            }
        },
        {
            "type": "Feature",
            "properties": {
                "HYRIV_ID": 41398891,
                "NEXT_DOWN": 41398718,
                "MAIN_RIV": 41397865,
                "LENGTH_KM": 3.81,
                "DIST_DN_KM": 48.200001,
                "DIST_UP_KM": 113.3,
                "CATCH_SKM": 16.129999,
                "UPLAND_SKM": 2191.5,
                "ENDORHEIC": 0,
                "DIS_AV_CMS": 26.856001,
                "ORD_STRA": 4,
                "ORD_CLAS": 1,
                "ORD_FLOW": 5,
                "HYBAS_L12": 4121155590.0,
                "Shape_Length": 0.034344336196347636
            },
            "geometry": {
                "type": "LineString",
                "coordinates": [
                    [
                        80.24374999999966,
                        8.61874999999987
                    ],
                    [
                        80.23541666666628,
                        8.627083333333182
                    ],
                    [
                        80.23541666666628,
                        8.643749999999862
                    ],
                    [
                        80.23124999999962,
                        8.64791666666651
                    ]
                ]
            }
        },
        {
            "type": "Feature",
            "properties": {
                "HYRIV_ID": 41398908,
                "NEXT_DOWN": 41398909,
                "MAIN_RIV": 41397865,
                "LENGTH_KM": 0.69,
                "DIST_DN_KM": 52.5,
                "DIST_UP_KM": 5.1,
                "CATCH_SKM": 10.82,
                "UPLAND_SKM": 10.8,
                "ENDORHEIC": 0,
                "DIS_AV_CMS": 0.109,
                "ORD_STRA": 1,
                "ORD_CLAS": 3,
                "ORD_FLOW": 7,
                "HYBAS_L12": 4121155590.0,
                "Shape_Length": 0.0062499999999090505
            },
            "geometry": {
                "type": "LineString",
                "coordinates": [
                    [
                        80.23333333333304,
                        8.614583333333208
                    ],
                    [
                        80.23958333333294,
                        8.614583333333208
                    ]
                ]
            }
        },
        {
            "type": "Feature",
            "properties": {
                "HYRIV_ID": 41398909,
                "NEXT_DOWN": 41398891,
                "MAIN_RIV": 41397865,
                "LENGTH_KM": 0.65,
                "DIST_DN_KM": 52.0,
                "DIST_UP_KM": 6.8,
                "CATCH_SKM": 0.21,
                "UPLAND_SKM": 29.5,
                "ENDORHEIC": 0,
                "DIS_AV_CMS": 0.301,
                "ORD_STRA": 2,
                "ORD_CLAS": 2,
                "ORD_FLOW": 7,
                "HYBAS_L12": 4121155590.0,
                "Shape_Length": 0.005892556509922731
            },
            "geometry": {
                "type": "LineString",
                "coordinates": [
                    [
                        80.23958333333294,
                        8.614583333333208
                    ],
                    [
                        80.24374999999966,
                        8.61874999999987
                    ]
                ]
            }
        },
        {
            "type": "Feature",
            "properties": {
                "HYRIV_ID": 41398910,
                "NEXT_DOWN": 41398747,
                "MAIN_RIV": 41397865,
                "LENGTH_KM": 9.2600002,
                "DIST_DN_KM": 84.300003,
                "DIST_UP_KM": 12.2,
                "CATCH_SKM": 38.630001,
                "UPLAND_SKM": 38.599998,
                "ENDORHEIC": 0,
                "DIS_AV_CMS": 0.519,
                "ORD_STRA": 1,
                "ORD_CLAS": 2,
                "ORD_FLOW": 7,
                "HYBAS_L12": 4121600750.0,
                "Shape_Length": 0.08398689270617891
            },
            "geometry": {
                "type": "LineString",
                "coordinates": [
                    [
                        80.583333333333,
                        8.614583333333208
                    ],
                    [
                        80.57291666666637,
                        8.614583333333208
                    ],
                    [
                        80.5687499999996,
                        8.61874999999987
                    ],
                    [
                        80.56458333333305,
                        8.61874999999987
                    ],
                    [
                        80.56041666666627,
                        8.62291666666652
                    ],
                    [
                        80.53124999999969,
                        8.62291666666652
                    ],
                    [
                        80.52708333333302,
                        8.627083333333182
                    ],
                    [
                        80.5229166666663,
                        8.627083333333182
                    ],
                    [
                        80.5229166666663,
                        8.635416666666536
                    ],
                    [
                        80.51874999999964,
                        8.6395833333332
                    ],
                    [
                        80.51874999999964,
                        8.643749999999862
                    ]
                ]
            }
        },
        {
            "type": "Feature",
            "properties": {
                "HYRIV_ID": 41398942,
                "NEXT_DOWN": 41398699,
                "MAIN_RIV": 41397865,
                "LENGTH_KM": 7.71,
                "DIST_DN_KM": 53.900002,
                "DIST_UP_KM": 24.200001,
                "CATCH_SKM": 31.620001,
                "UPLAND_SKM": 104.2,
                "ENDORHEIC": 0,
                "DIS_AV_CMS": 1.131,
                "ORD_STRA": 2,
                "ORD_CLAS": 3,
                "ORD_FLOW": 6,
                "HYBAS_L12": 4121155620.0,
                "Shape_Length": 0.0696996752555784
            },
            "geometry": {
                "type": "LineString",
                "coordinates": [
                    [
                        80.33958333333297,
                        8.606249999999896
                    ],
                    [
                        80.3354166666663,
                        8.610416666666545
                    ],
                    [
                        80.33124999999964,
                        8.610416666666545
                    ],
                    [
                        80.31458333333305,
                        8.627083333333182
                    ],
                    [
                        80.31458333333305,
                        8.635416666666536
                    ],
                    [
                        80.30624999999961,
                        8.643749999999862
                    ],
                    [
                        80.30624999999961,
                        8.64791666666651
                    ],
                    [
                        80.2979166666664,
                        8.65624999999988
                    ]
                ]
            }
        },
        {
            "type": "Feature",
            "properties": {
                "HYRIV_ID": 41398943,
                "NEXT_DOWN": 41398942,
                "MAIN_RIV": 41397865,
                "LENGTH_KM": 4.1100001,
                "DIST_DN_KM": 61.599998,
                "DIST_UP_KM": 8.4,
                "CATCH_SKM": 20.16,
                "UPLAND_SKM": 20.200001,
                "ENDORHEIC": 0,
                "DIS_AV_CMS": 0.22400001,
                "ORD_STRA": 1,
                "ORD_CLAS": 4,
                "ORD_FLOW": 7,
                "HYBAS_L12": 4121155620.0,
                "Shape_Length": 0.03729061445133082
            },
            "geometry": {
                "type": "LineString",
                "coordinates": [
                    [
                        80.37083333333308,
                        8.620833333333202
                    ],
                    [
                        80.36458333333294,
                        8.614583333333208
                    ],
                    [
                        80.35624999999962,
                        8.614583333333208
                    ],
                    [
                        80.35208333333296,
                        8.610416666666545
                    ],
                    [
                        80.34374999999963,
                        8.610416666666545
                    ],
                    [
                        80.33958333333297,
                        8.606249999999896
                    ]
                ]
            }
        },
        {
            "type": "Feature",
            "properties": {
                "HYRIV_ID": 41398972,
                "NEXT_DOWN": 41398909,
                "MAIN_RIV": 41397865,
                "LENGTH_KM": 1.62,
                "DIST_DN_KM": 52.5,
                "DIST_UP_KM": 6.3,
                "CATCH_SKM": 18.469999,
                "UPLAND_SKM": 18.5,
                "ENDORHEIC": 0,
                "DIS_AV_CMS": 0.19,
                "ORD_STRA": 1,
                "ORD_CLAS": 2,
                "ORD_FLOW": 7,
                "HYBAS_L12": 4121155590.0,
                "Shape_Length": 0.014583333333348492
            },
            "geometry": {
                "type": "LineString",
                "coordinates": [
                    [
                        80.23958333333294,
                        8.59999999999986
                    ],
                    [
                        80.23958333333294,
                        8.614583333333208
                    ]
                ]
            }
        },
        {
            "type": "Feature",
            "properties": {
                "HYRIV_ID": 41399051,
                "NEXT_DOWN": 41399073,
                "MAIN_RIV": 41397865,
                "LENGTH_KM": 2.45,
                "DIST_DN_KM": 69.199997,
                "DIST_UP_KM": 6.0,
                "CATCH_SKM": 12.95,
                "UPLAND_SKM": 12.9,
                "ENDORHEIC": 0,
                "DIS_AV_CMS": 0.151,
                "ORD_STRA": 1,
                "ORD_CLAS": 4,
                "ORD_FLOW": 7,
                "HYBAS_L12": 4121155620.0,
                "Shape_Length": 0.02220177968640978
            },
            "geometry": {
                "type": "LineString",
                "coordinates": [
                    [
                        80.40416666666627,
                        8.597916666666528
                    ],
                    [
                        80.39791666666636,
                        8.597916666666528
                    ],
                    [
                        80.38958333333298,
                        8.589583333333216
                    ],
                    [
                        80.38958333333298,
                        8.58541666666651
                    ]
                ]
            }
        },
        {
            "type": "Feature",
            "properties": {
                "HYRIV_ID": 41399071,
                "NEXT_DOWN": 41398891,
                "MAIN_RIV": 41397865,
                "LENGTH_KM": 6.9400001,
                "DIST_DN_KM": 52.0,
                "DIST_UP_KM": 109.5,
                "CATCH_SKM": 37.779999,
                "UPLAND_SKM": 2145.8999,
                "ENDORHEIC": 0,
                "DIS_AV_CMS": 26.849001,
                "ORD_STRA": 4,
                "ORD_CLAS": 1,
                "ORD_FLOW": 5,
                "HYBAS_L12": 4121155590.0,
                "Shape_Length": 0.06279611588281934
            },
            "geometry": {
                "type": "LineString",
                "coordinates": [
                    [
                        80.28124999999969,
                        8.581249999999862
                    ],
                    [
                        80.28124999999969,
                        8.589583333333216
                    ],
                    [
                        80.27708333333302,
                        8.59374999999988
                    ],
                    [
                        80.27708333333302,
                        8.597916666666528
                    ],
                    [
                        80.27291666666636,
                        8.60208333333319
                    ],
                    [
                        80.27291666666636,
                        8.606249999999896
                    ],
                    [
                        80.2687499999997,
                        8.610416666666545
                    ],
                    [
                        80.25208333333299,
                        8.610416666666545
                    ],
                    [
                        80.24374999999966,
                        8.61874999999987
                    ]
                ]
            }
        },
        {
            "type": "Feature",
            "properties": {
                "HYRIV_ID": 41399072,
                "NEXT_DOWN": 41399071,
                "MAIN_RIV": 41397865,
                "LENGTH_KM": 0.69,
                "DIST_DN_KM": 58.8,
                "DIST_UP_KM": 5.2,
                "CATCH_SKM": 10.82,
                "UPLAND_SKM": 10.8,
                "ENDORHEIC": 0,
                "DIS_AV_CMS": 0.117,
                "ORD_STRA": 1,
                "ORD_CLAS": 2,
                "ORD_FLOW": 7,
                "HYBAS_L12": 4121155590.0,
                "Shape_Length": 0.0062499999999090505
            },
            "geometry": {
                "type": "LineString",
                "coordinates": [
                    [
                        80.2874999999996,
                        8.581249999999862
                    ],
                    [
                        80.28124999999969,
                        8.581249999999862
                    ]
                ]
            }
        },
        {
            "type": "Feature",
            "properties": {
                "HYRIV_ID": 41399073,
                "NEXT_DOWN": 41398942,
                "MAIN_RIV": 41397865,
                "LENGTH_KM": 7.7800002,
                "DIST_DN_KM": 61.599998,
                "DIST_UP_KM": 16.5,
                "CATCH_SKM": 20.379999,
                "UPLAND_SKM": 52.400002,
                "ENDORHEIC": 0,
                "DIS_AV_CMS": 0.597,
                "ORD_STRA": 2,
                "ORD_CLAS": 3,
                "ORD_FLOW": 7,
                "HYBAS_L12": 4121155620.0,
                "Shape_Length": 0.07041456223597765
            },
            "geometry": {
                "type": "LineString",
                "coordinates": [
                    [
                        80.38958333333298,
                        8.58541666666651
                    ],
                    [
                        80.38541666666632,
                        8.58541666666651
                    ],
                    [
                        80.38124999999965,
                        8.589583333333216
                    ],
                    [
                        80.37708333333299,
                        8.58541666666651
                    ],
                    [
                        80.36458333333294,
                        8.58541666666651
                    ],
                    [
                        80.36041666666628,
                        8.581249999999862
                    ],
                    [
                        80.35624999999962,
                        8.581249999999862
                    ],
                    [
                        80.35208333333296,
                        8.58541666666651
                    ],
                    [
                        80.35208333333296,
                        8.59374999999988
                    ],
                    [
                        80.33958333333297,
                        8.606249999999896
                    ]
                ]
            }
        },
        {
            "type": "Feature",
            "properties": {
                "HYRIV_ID": 41399091,
                "NEXT_DOWN": 41399073,
                "MAIN_RIV": 41397865,
                "LENGTH_KM": 4.02,
                "DIST_DN_KM": 69.199997,
                "DIST_UP_KM": 8.9,
                "CATCH_SKM": 19.1,
                "UPLAND_SKM": 19.1,
                "ENDORHEIC": 0,
                "DIS_AV_CMS": 0.227,
                "ORD_STRA": 1,
                "ORD_CLAS": 3,
                "ORD_FLOW": 7,
                "HYBAS_L12": 4121155620.0,
                "Shape_Length": 0.036427669529575435
            },
            "geometry": {
                "type": "LineString",
                "coordinates": [
                    [
                        80.42083333333292,
                        8.581249999999862
                    ],
                    [
                        80.41458333333301,
                        8.581249999999862
                    ],
                    [
                        80.41041666666635,
                        8.5770833333332
                    ],
                    [
                        80.40208333333302,
                        8.5770833333332
                    ],
                    [
                        80.39374999999964,
                        8.58541666666651
                    ],
                    [
                        80.38958333333298,
                        8.58541666666651
                    ]
                ]
            }
        },
        {
            "type": "Feature",
            "properties": {
                "HYRIV_ID": 41399151,
                "NEXT_DOWN": 41399071,
                "MAIN_RIV": 41397865,
                "LENGTH_KM": 2.04,
                "DIST_DN_KM": 59.0,
                "DIST_UP_KM": 102.5,
                "CATCH_SKM": 11.89,
                "UPLAND_SKM": 2097.3,
                "ENDORHEIC": 0,
                "DIS_AV_CMS": 27.167999,
                "ORD_STRA": 4,
                "ORD_CLAS": 1,
                "ORD_FLOW": 5,
                "HYBAS_L12": 4121155590.0,
                "Shape_Length": 0.01839255650989959
            },
            "geometry": {
                "type": "LineString",
                "coordinates": [
                    [
                        80.28541666666635,
                        8.564583333333182
                    ],
                    [
                        80.28541666666635,
                        8.5770833333332
                    ],
                    [
                        80.28124999999969,
                        8.581249999999862
                    ]
                ]
            }
        },
        {
            "type": "Feature",
            "properties": {
                "HYRIV_ID": 41399307,
                "NEXT_DOWN": 41399320,
                "MAIN_RIV": 41397865,
                "LENGTH_KM": 3.11,
                "DIST_DN_KM": 105.7,
                "DIST_UP_KM": 6.7,
                "CATCH_SKM": 22.5,
                "UPLAND_SKM": 22.5,
                "ENDORHEIC": 0,
                "DIS_AV_CMS": 0.32800001,
                "ORD_STRA": 1,
                "ORD_CLAS": 5,
                "ORD_FLOW": 7,
                "HYBAS_L12": 4121155850.0,
                "Shape_Length": 0.028094336196350884
            },
            "geometry": {
                "type": "LineString",
                "coordinates": [
                    [
                        80.63124999999965,
                        8.558333333333188
                    ],
                    [
                        80.63124999999965,
                        8.547916666666545
                    ],
                    [
                        80.61874999999961,
                        8.535416666666528
                    ]
                ]
            }
        },
        {
            "type": "Feature",
            "properties": {
                "HYRIV_ID": 41399320,
                "NEXT_DOWN": 41399349,
                "MAIN_RIV": 41397865,
                "LENGTH_KM": 4.3200002,
                "DIST_DN_KM": 101.2,
                "DIST_UP_KM": 12.3,
                "CATCH_SKM": 19.530001,
                "UPLAND_SKM": 69.800003,
                "ENDORHEIC": 0,
                "DIS_AV_CMS": 1.017,
                "ORD_STRA": 2,
                "ORD_CLAS": 4,
                "ORD_FLOW": 6,
                "HYBAS_L12": 4121155850.0,
                "Shape_Length": 0.03922588984307186
            },
            "geometry": {
                "type": "LineString",
                "coordinates": [
                    [
                        80.61874999999961,
                        8.535416666666528
                    ],
                    [
                        80.60624999999962,
                        8.535416666666528
                    ],
                    [
                        80.60208333333296,
                        8.531249999999865
                    ],
                    [
                        80.58124999999976,
                        8.531249999999865
                    ]
                ]
            }
        },
        {
            "type": "Feature",
            "properties": {
                "HYRIV_ID": 41399346,
                "NEXT_DOWN": 41399441,
                "MAIN_RIV": 41397865,
                "LENGTH_KM": 1.4400001,
                "DIST_DN_KM": 83.199997,
                "DIST_UP_KM": 6.5,
                "CATCH_SKM": 13.16,
                "UPLAND_SKM": 13.2,
                "ENDORHEIC": 0,
                "DIS_AV_CMS": 0.163,
                "ORD_STRA": 1,
                "ORD_CLAS": 4,
                "ORD_FLOW": 7,
                "HYBAS_L12": 4121155750.0,
                "Shape_Length": 0.013005501431532764
            },
            "geometry": {
                "type": "LineString",
                "coordinates": [
                    [
                        80.44999999999968,
                        8.53749999999986
                    ],
                    [
                        80.4437499999996,
                        8.531249999999865
                    ],
                    [
                        80.4437499999996,
                        8.527083333333216
                    ]
                ]
            }
        },
        {
            "type": "Feature",
            "properties": {
                "HYRIV_ID": 41399347,
                "NEXT_DOWN": 41399441,
                "MAIN_RIV": 41397865,
                "LENGTH_KM": 1.89,
                "DIST_DN_KM": 83.199997,
                "DIST_UP_KM": 7.9,
                "CATCH_SKM": 14.22,
                "UPLAND_SKM": 14.2,
                "ENDORHEIC": 0,
                "DIS_AV_CMS": 0.18,
                "ORD_STRA": 1,
                "ORD_CLAS": 3,
                "ORD_FLOW": 7,
                "HYBAS_L12": 4121155750.0,
                "Shape_Length": 0.017172168098199804
            },
            "geometry": {
                "type": "LineString",
                "coordinates": [
                    [
                        80.458333333333,
                        8.533333333333196
                    ],
                    [
                        80.45208333333292,
                        8.527083333333216
                    ],
                    [
                        80.4437499999996,
                        8.527083333333216
                    ]
                ]
            }
        },
        {
            "type": "Feature",
            "properties": {
                "HYRIV_ID": 41399348,
                "NEXT_DOWN": 41399389,
                "MAIN_RIV": 41397865,
                "LENGTH_KM": 8.7799997,
                "DIST_DN_KM": 99.699997,
                "DIST_UP_KM": 12.9,
                "CATCH_SKM": 36.080002,
                "UPLAND_SKM": 36.099998,
                "ENDORHEIC": 0,
                "DIS_AV_CMS": 0.50700003,
                "ORD_STRA": 1,
                "ORD_CLAS": 5,
                "ORD_FLOW": 7,
                "HYBAS_L12": 4121155850.0,
                "Shape_Length": 0.07925339700058143
            },
            "geometry": {
                "type": "LineString",
                "coordinates": [
                    [
                        80.59583333333299,
                        8.591666666666548
                    ],
                    [
                        80.5854166666663,
                        8.581249999999862
                    ],
                    [
                        80.5854166666663,
                        8.5770833333332
                    ],
                    [
                        80.57708333333292,
                        8.568749999999888
                    ],
                    [
                        80.57708333333292,
                        8.552083333333208
                    ],
                    [
                        80.5687499999996,
                        8.54374999999984
                    ],
                    [
                        80.5687499999996,
                        8.53958333333319
                    ],
                    [
                        80.56458333333305,
                        8.535416666666528
                    ],
                    [
                        80.5687499999996,
                        8.531249999999865
                    ],
                    [
                        80.5687499999996,
                        8.527083333333216
                    ]
                ]
            }
        },
        {
            "type": "Feature",
            "properties": {
                "HYRIV_ID": 41399349,
                "NEXT_DOWN": 41399389,
                "MAIN_RIV": 41397865,
                "LENGTH_KM": 1.5700001,
                "DIST_DN_KM": 99.800003,
                "DIST_UP_KM": 13.7,
                "CATCH_SKM": 1.91,
                "UPLAND_SKM": 80.199997,
                "ENDORHEIC": 0,
                "DIS_AV_CMS": 1.164,
                "ORD_STRA": 2,
                "ORD_CLAS": 4,
                "ORD_FLOW": 6,
                "HYBAS_L12": 4121155850.0,
                "Shape_Length": 0.014225889843335475
            },
            "geometry": {
                "type": "LineString",
                "coordinates": [
                    [
                        80.58124999999976,
                        8.531249999999865
                    ],
                    [
                        80.57291666666637,
                        8.531249999999865
                    ],
                    [
                        80.5687499999996,
                        8.527083333333216
                    ]
                ]
            }
        },
        {
            "type": "Feature",
            "properties": {
                "HYRIV_ID": 41399350,
                "NEXT_DOWN": 41399349,
                "MAIN_RIV": 41397865,
                "LENGTH_KM": 0.69,
                "DIST_DN_KM": 101.2,
                "DIST_UP_KM": 4.7,
                "CATCH_SKM": 8.4899998,
                "UPLAND_SKM": 8.5,
                "ENDORHEIC": 0,
                "DIS_AV_CMS": 0.122,
                "ORD_STRA": 1,
                "ORD_CLAS": 5,
                "ORD_FLOW": 7,
                "HYBAS_L12": 4121155850.0,
                "Shape_Length": 0.006249999999980105
            },
            "geometry": {
                "type": "LineString",
                "coordinates": [
                    [
                        80.58124999999976,
                        8.524999999999885
                    ],
                    [
                        80.58124999999976,
                        8.531249999999865
                    ]
                ]
            }
        },
        {
            "type": "Feature",
            "properties": {
                "HYRIV_ID": 41399372,
                "NEXT_DOWN": 41399151,
                "MAIN_RIV": 41397865,
                "LENGTH_KM": 14.43,
                "DIST_DN_KM": 61.0,
                "DIST_UP_KM": 67.900002,
                "CATCH_SKM": 81.730003,
                "UPLAND_SKM": 966.09998,
                "ENDORHEIC": 0,
                "DIS_AV_CMS": 12.13,
                "ORD_STRA": 4,
                "ORD_CLAS": 2,
                "ORD_FLOW": 5,
                "HYBAS_L12": 4121155750.0,
                "Shape_Length": 0.13076990129528132
            },
            "geometry": {
                "type": "LineString",
                "coordinates": [
                    [
                        80.38958333333298,
                        8.52291666666651
                    ],
                    [
                        80.38541666666632,
                        8.527083333333216
                    ],
                    [
                        80.38124999999965,
                        8.52291666666651
                    ],
                    [
                        80.37708333333299,
                        8.52291666666651
                    ],
                    [
                        80.36874999999966,
                        8.531249999999865
                    ],
                    [
                        80.36458333333294,
                        8.531249999999865
                    ],
                    [
                        80.36041666666628,
                        8.535416666666528
                    ],
                    [
                        80.36041666666628,
                        8.53958333333319
                    ],
                    [
                        80.35624999999962,
                        8.54374999999984
                    ],
                    [
                        80.35208333333296,
                        8.54374999999984
                    ],
                    [
                        80.3479166666663,
                        8.547916666666545
                    ],
                    [
                        80.34374999999963,
                        8.54374999999984
                    ],
                    [
                        80.33124999999964,
                        8.54374999999984
                    ],
                    [
                        80.32708333333292,
                        8.547916666666545
                    ],
                    [
                        80.31458333333305,
                        8.547916666666545
                    ],
                    [
                        80.30624999999961,
                        8.55624999999987
                    ],
                    [
                        80.30208333333294,
                        8.55624999999987
                    ],
                    [
                        80.2979166666664,
                        8.56041666666652
                    ],
                    [
                        80.28958333333301,
                        8.56041666666652
                    ],
                    [
                        80.28541666666635,
                        8.564583333333182
                    ]
                ]
            }
        },
        {
            "type": "Feature",
            "properties": {
                "HYRIV_ID": 41399373,
                "NEXT_DOWN": 41399372,
                "MAIN_RIV": 41397865,
                "LENGTH_KM": 4.02,
                "DIST_DN_KM": 75.400002,
                "DIST_UP_KM": 6.9,
                "CATCH_SKM": 22.290001,
                "UPLAND_SKM": 22.3,
                "ENDORHEIC": 0,
                "DIS_AV_CMS": 0.26800001,
                "ORD_STRA": 1,
                "ORD_CLAS": 3,
                "ORD_FLOW": 7,
                "HYBAS_L12": 4121155750.0,
                "Shape_Length": 0.03642766952973348
            },
            "geometry": {
                "type": "LineString",
                "coordinates": [
                    [
                        80.41458333333301,
                        8.541666666666565
                    ],
                    [
                        80.41458333333301,
                        8.535416666666528
                    ],
                    [
                        80.41041666666635,
                        8.531249999999865
                    ],
                    [
                        80.39791666666636,
                        8.531249999999865
                    ],
                    [
                        80.38958333333298,
                        8.52291666666651
                    ]
                ]
            }
        },
        {
            "type": "Feature",
            "properties": {
                "HYRIV_ID": 41399374,
                "NEXT_DOWN": 41399409,
                "MAIN_RIV": 41397865,
                "LENGTH_KM": 6.54,
                "DIST_DN_KM": 95.900002,
                "DIST_UP_KM": 10.9,
                "CATCH_SKM": 30.57,
                "UPLAND_SKM": 30.6,
                "ENDORHEIC": 0,
                "DIS_AV_CMS": 0.41600001,
                "ORD_STRA": 1,
                "ORD_CLAS": 5,
                "ORD_FLOW": 7,
                "HYBAS_L12": 4121155850.0,
                "Shape_Length": 0.058986892706239816
            },
            "geometry": {
                "type": "LineString",
                "coordinates": [
                    [
                        80.54791666666634,
                        8.574999999999868
                    ],
                    [
                        80.54791666666634,
                        8.564583333333182
                    ],
                    [
                        80.54374999999968,
                        8.56041666666652
                    ],
                    [
                        80.54374999999968,
                        8.552083333333208
                    ],
                    [
                        80.54791666666634,
                        8.547916666666545
                    ],
                    [
                        80.54791666666634,
                        8.53958333333319
                    ],
                    [
                        80.54374999999968,
                        8.535416666666528
                    ],
                    [
                        80.54374999999968,
                        8.531249999999865
                    ],
                    [
                        80.53958333333301,
                        8.527083333333216
                    ],
                    [
                        80.53958333333301,
                        8.52291666666651
                    ]
                ]
            }
        },
        {
            "type": "Feature",
            "properties": {
                "HYRIV_ID": 41399389,
                "NEXT_DOWN": 41399409,
                "MAIN_RIV": 41397865,
                "LENGTH_KM": 3.79,
                "DIST_DN_KM": 95.900002,
                "DIST_UP_KM": 17.6,
                "CATCH_SKM": 10.4,
                "UPLAND_SKM": 126.7,
                "ENDORHEIC": 0,
                "DIS_AV_CMS": 1.811,
                "ORD_STRA": 2,
                "ORD_CLAS": 4,
                "ORD_FLOW": 6,
                "HYBAS_L12": 4121155850.0,
                "Shape_Length": 0.03434433619627242
            },
            "geometry": {
                "type": "LineString",
                "coordinates": [
                    [
                        80.5687499999996,
                        8.527083333333216
                    ],
                    [
                        80.56041666666627,
                        8.518749999999848
                    ],
                    [
                        80.55624999999972,
                        8.518749999999848
                    ],
                    [
                        80.55208333333306,
                        8.52291666666651
                    ],
                    [
                        80.53958333333301,
                        8.52291666666651
                    ]
                ]
            }
        },
        {
            "type": "Feature",
            "properties": {
                "HYRIV_ID": 41399407,
                "NEXT_DOWN": 41399372,
                "MAIN_RIV": 41397865,
                "LENGTH_KM": 2.22,
                "DIST_DN_KM": 75.400002,
                "DIST_UP_KM": 53.5,
                "CATCH_SKM": 3.61,
                "UPLAND_SKM": 862.09998,
                "ENDORHEIC": 0,
                "DIS_AV_CMS": 11.618,
                "ORD_STRA": 4,
                "ORD_CLAS": 2,
                "ORD_FLOW": 5,
                "HYBAS_L12": 4121155750.0,
                "Shape_Length": 0.02011844635313762
            },
            "geometry": {
                "type": "LineString",
                "coordinates": [
                    [
                        80.40624999999969,
                        8.5145833333332
                    ],
                    [
                        80.40208333333302,
                        8.518749999999848
                    ],
                    [
                        80.39374999999964,
                        8.518749999999848
                    ],
                    [
                        80.38958333333298,
                        8.52291666666651
                    ]
                ]
            }
        },
        {
            "type": "Feature",
            "properties": {
                "HYRIV_ID": 41399408,
                "NEXT_DOWN": 41399519,
                "MAIN_RIV": 41397865,
                "LENGTH_KM": 7.75,
                "DIST_DN_KM": 89.599998,
                "DIST_UP_KM": 11.2,
                "CATCH_SKM": 43.73,
                "UPLAND_SKM": 43.700001,
                "ENDORHEIC": 0,
                "DIS_AV_CMS": 0.56199998,
                "ORD_STRA": 1,
                "ORD_CLAS": 4,
                "ORD_FLOW": 7,
                "HYBAS_L12": 4121155940.0,
                "Shape_Length": 0.06976100286301812
            },
            "geometry": {
                "type": "LineString",
                "coordinates": [
                    [
                        80.50208333333299,
                        8.57916666666653
                    ],
                    [
                        80.50208333333299,
                        8.55624999999987
                    ],
                    [
                        80.49791666666627,
                        8.552083333333208
                    ],
                    [
                        80.49791666666627,
                        8.527083333333216
                    ],
                    [
                        80.48958333333294,
                        8.518749999999848
                    ],
                    [
                        80.48958333333294,
                        8.5145833333332
                    ]
                ]
            }
        },
        {
            "type": "Feature",
            "properties": {
                "HYRIV_ID": 41399409,
                "NEXT_DOWN": 41399442,
                "MAIN_RIV": 41397865,
                "LENGTH_KM": 3.59,
                "DIST_DN_KM": 92.5,
                "DIST_UP_KM": 21.0,
                "CATCH_SKM": 14.22,
                "UPLAND_SKM": 171.5,
                "ENDORHEIC": 0,
                "DIS_AV_CMS": 2.4119999,
                "ORD_STRA": 2,
                "ORD_CLAS": 4,
                "ORD_FLOW": 6,
                "HYBAS_L12": 4121155850.0,
                "Shape_Length": 0.03261844635312625
            },
            "geometry": {
                "type": "LineString",
                "coordinates": [
                    [
                        80.53958333333301,
                        8.52291666666651
                    ],
                    [
                        80.51874999999964,
                        8.52291666666651
                    ],
                    [
                        80.51041666666632,
                        8.5145833333332
                    ]
                ]
            }
        },
        {
            "type": "Feature",
            "properties": {
                "HYRIV_ID": 41399410,
                "NEXT_DOWN": 41399320,
                "MAIN_RIV": 41397865,
                "LENGTH_KM": 4.96,
                "DIST_DN_KM": 105.7,
                "DIST_UP_KM": 7.8,
                "CATCH_SKM": 27.809999,
                "UPLAND_SKM": 27.8,
                "ENDORHEIC": 0,
                "DIS_AV_CMS": 0.412,
                "ORD_STRA": 1,
                "ORD_CLAS": 4,
                "ORD_FLOW": 7,
                "HYBAS_L12": 4121155850.0,
                "Shape_Length": 0.04490906080437273
            },
            "geometry": {
                "type": "LineString",
                "coordinates": [
                    [
                        80.65416666666627,
                        8.512499999999868
                    ],
                    [
                        80.64374999999964,
                        8.52291666666651
                    ],
                    [
                        80.63124999999965,
                        8.52291666666651
                    ],
                    [
                        80.61874999999961,
                        8.535416666666528
                    ]
                ]
            }
        },
        {
            "type": "Feature",
            "properties": {
                "HYRIV_ID": 41399440,
                "NEXT_DOWN": 41399407,
                "MAIN_RIV": 41397865,
                "LENGTH_KM": 2.4100001,
                "DIST_DN_KM": 77.5,
                "DIST_UP_KM": 51.400002,
                "CATCH_SKM": 8.0699997,
                "UPLAND_SKM": 848.70001,
                "ENDORHEIC": 0,
                "DIS_AV_CMS": 11.553,
                "ORD_STRA": 4,
                "ORD_CLAS": 2,
                "ORD_FLOW": 5,
                "HYBAS_L12": 4121155750.0,
                "Shape_Length": 0.021844336196330583
            },
            "geometry": {
                "type": "LineString",
                "coordinates": [
                    [
                        80.4229166666664,
                        8.510416666666536
                    ],
                    [
                        80.41458333333301,
                        8.518749999999848
                    ],
                    [
                        80.41041666666635,
                        8.5145833333332
                    ],
                    [
                        80.40624999999969,
                        8.5145833333332
                    ]
                ]
            }
        },
        {
            "type": "Feature",
            "properties": {
                "HYRIV_ID": 41399441,
                "NEXT_DOWN": 41399440,
                "MAIN_RIV": 41397865,
                "LENGTH_KM": 3.33,
                "DIST_DN_KM": 79.900002,
                "DIST_UP_KM": 11.2,
                "CATCH_SKM": 4.6700001,
                "UPLAND_SKM": 32.099998,
                "ENDORHEIC": 0,
                "DIS_AV_CMS": 0.398,
                "ORD_STRA": 2,
                "ORD_CLAS": 3,
                "ORD_FLOW": 7,
                "HYBAS_L12": 4121155750.0,
                "Shape_Length": 0.03017766952954265
            },
            "geometry": {
                "type": "LineString",
                "coordinates": [
                    [
                        80.4437499999996,
                        8.527083333333216
                    ],
                    [
                        80.43958333333305,
                        8.52291666666651
                    ],
                    [
                        80.43958333333305,
                        8.518749999999848
                    ],
                    [
                        80.43124999999961,
                        8.510416666666536
                    ],
                    [
                        80.4229166666664,
                        8.510416666666536
                    ]
                ]
            }
        },
        {
            "type": "Feature",
            "properties": {
                "HYRIV_ID": 41399442,
                "NEXT_DOWN": 41399519,
                "MAIN_RIV": 41397865,
                "LENGTH_KM": 2.6800001,
                "DIST_DN_KM": 89.599998,
                "DIST_UP_KM": 25.3,
                "CATCH_SKM": 7.0100002,
                "UPLAND_SKM": 284.0,
                "ENDORHEIC": 0,
                "DIS_AV_CMS": 3.9809999,
                "ORD_STRA": 3,
                "ORD_CLAS": 3,
                "ORD_FLOW": 6,
                "HYBAS_L12": 4121155940.0,
                "Shape_Length": 0.024285113019810546
            },
            "geometry": {
                "type": "LineString",
                "coordinates": [
                    [
                        80.51041666666632,
                        8.5145833333332
                    ],
                    [
                        80.50208333333299,
                        8.5145833333332
                    ],
                    [
                        80.49791666666627,
                        8.510416666666536
                    ],
                    [
                        80.49374999999966,
                        8.5145833333332
                    ],
                    [
                        80.48958333333294,
                        8.5145833333332
                    ]
                ]
            }
        },
        {
            "type": "Feature",
            "properties": {
                "HYRIV_ID": 41399459,
                "NEXT_DOWN": 41399407,
                "MAIN_RIV": 41397865,
                "LENGTH_KM": 1.16,
                "DIST_DN_KM": 77.5,
                "DIST_UP_KM": 6.3,
                "CATCH_SKM": 9.7700005,
                "UPLAND_SKM": 9.8,
                "ENDORHEIC": 0,
                "DIS_AV_CMS": 0.123,
                "ORD_STRA": 1,
                "ORD_CLAS": 3,
                "ORD_FLOW": 7,
                "HYBAS_L12": 4121155750.0,
                "Shape_Length": 0.010416666666657193
            },
            "geometry": {
                "type": "LineString",
                "coordinates": [
                    [
                        80.40624999999969,
                        8.504166666666542
                    ],
                    [
                        80.40624999999969,
                        8.5145833333332
                    ]
                ]
            }
        },
        {
            "type": "Feature",
            "properties": {
                "HYRIV_ID": 41399519,
                "NEXT_DOWN": 41399535,
                "MAIN_RIV": 41397865,
                "LENGTH_KM": 3.72,
                "DIST_DN_KM": 85.900002,
                "DIST_UP_KM": 29.0,
                "CATCH_SKM": 13.38,
                "UPLAND_SKM": 341.10001,
                "ENDORHEIC": 0,
                "DIS_AV_CMS": 4.6719999,
                "ORD_STRA": 3,
                "ORD_CLAS": 3,
                "ORD_FLOW": 6,
                "HYBAS_L12": 4121155940.0,
                "Shape_Length": 0.03362944921609566
            },
            "geometry": {
                "type": "LineString",
                "coordinates": [
                    [
                        80.48958333333294,
                        8.5145833333332
                    ],
                    [
                        80.46874999999963,
                        8.493749999999856
                    ],
                    [
                        80.46458333333297,
                        8.493749999999856
                    ]
                ]
            }
        },
        {
            "type": "Feature",
            "properties": {
                "HYRIV_ID": 41399534,
                "NEXT_DOWN": 41399440,
                "MAIN_RIV": 41397865,
                "LENGTH_KM": 4.4499998,
                "DIST_DN_KM": 80.099998,
                "DIST_UP_KM": 48.8,
                "CATCH_SKM": 16.77,
                "UPLAND_SKM": 808.59998,
                "ENDORHEIC": 0,
                "DIS_AV_CMS": 11.154,
                "ORD_STRA": 4,
                "ORD_CLAS": 2,
                "ORD_FLOW": 5,
                "HYBAS_L12": 4121155750.0,
                "Shape_Length": 0.04023689270611132
            },
            "geometry": {
                "type": "LineString",
                "coordinates": [
                    [
                        80.45208333333292,
                        8.489583333333208
                    ],
                    [
                        80.4437499999996,
                        8.489583333333208
                    ],
                    [
                        80.43958333333305,
                        8.493749999999856
                    ],
                    [
                        80.43958333333305,
                        8.49791666666652
                    ],
                    [
                        80.43541666666627,
                        8.502083333333225
                    ],
                    [
                        80.43124999999961,
                        8.502083333333225
                    ],
                    [
                        80.4229166666664,
                        8.510416666666536
                    ]
                ]
            }
        },
        {
            "type": "Feature",
            "properties": {
                "HYRIV_ID": 41399535,
                "NEXT_DOWN": 41399534,
                "MAIN_RIV": 41397865,
                "LENGTH_KM": 1.5700001,
                "DIST_DN_KM": 84.300003,
                "DIST_UP_KM": 44.599998,
                "CATCH_SKM": 3.4,
                "UPLAND_SKM": 775.0,
                "ENDORHEIC": 0,
                "DIS_AV_CMS": 10.837,
                "ORD_STRA": 4,
                "ORD_CLAS": 2,
                "ORD_FLOW": 5,
                "HYBAS_L12": 4121155750.0,
                "Shape_Length": 0.014225889843255086
            },
            "geometry": {
                "type": "LineString",
                "coordinates": [
                    [
                        80.46458333333297,
                        8.493749999999856
                    ],
                    [
                        80.4604166666663,
                        8.493749999999856
                    ],
                    [
                        80.45624999999964,
                        8.489583333333208
                    ],
                    [
                        80.45208333333292,
                        8.489583333333208
                    ]
                ]
            }
        },
        {
            "type": "Feature",
            "properties": {
                "HYRIV_ID": 41399572,
                "NEXT_DOWN": 41399442,
                "MAIN_RIV": 41397865,
                "LENGTH_KM": 6.02,
                "DIST_DN_KM": 92.5,
                "DIST_UP_KM": 22.5,
                "CATCH_SKM": 16.139999,
                "UPLAND_SKM": 105.5,
                "ENDORHEIC": 0,
                "DIS_AV_CMS": 1.498,
                "ORD_STRA": 2,
                "ORD_CLAS": 3,
                "ORD_FLOW": 6,
                "HYBAS_L12": 4121155880.0,
                "Shape_Length": 0.054462782549436026
            },
            "geometry": {
                "type": "LineString",
                "coordinates": [
                    [
                        80.54374999999968,
                        8.481249999999882
                    ],
                    [
                        80.54374999999968,
                        8.485416666666545
                    ],
                    [
                        80.53958333333301,
                        8.489583333333208
                    ],
                    [
                        80.53541666666635,
                        8.489583333333208
                    ],
                    [
                        80.53124999999969,
                        8.493749999999856
                    ],
                    [
                        80.53124999999969,
                        8.49791666666652
                    ],
                    [
                        80.52708333333302,
                        8.502083333333225
                    ],
                    [
                        80.52708333333302,
                        8.506249999999874
                    ],
                    [
                        80.5229166666663,
                        8.510416666666536
                    ],
                    [
                        80.51458333333298,
                        8.510416666666536
                    ],
                    [
                        80.51041666666632,
                        8.5145833333332
                    ]
                ]
            }
        },
        {
            "type": "Feature",
            "properties": {
                "HYRIV_ID": 41399573,
                "NEXT_DOWN": 41399572,
                "MAIN_RIV": 41397865,
                "LENGTH_KM": 1.89,
                "DIST_DN_KM": 98.300003,
                "DIST_UP_KM": 5.0,
                "CATCH_SKM": 8.71,
                "UPLAND_SKM": 8.7,
                "ENDORHEIC": 0,
                "DIS_AV_CMS": 0.124,
                "ORD_STRA": 1,
                "ORD_CLAS": 4,
                "ORD_FLOW": 7,
                "HYBAS_L12": 4121155880.0,
                "Shape_Length": 0.01717216809814611
            },
            "geometry": {
                "type": "LineString",
                "coordinates": [
                    [
                        80.55833333333297,
                        8.487499999999876
                    ],
                    [
                        80.55208333333306,
                        8.481249999999882
                    ],
                    [
                        80.54374999999968,
                        8.481249999999882
                    ]
                ]
            }
        },
        {
            "type": "Feature",
            "properties": {
                "HYRIV_ID": 41399590,
                "NEXT_DOWN": 41399151,
                "MAIN_RIV": 41397865,
                "LENGTH_KM": 12.53,
                "DIST_DN_KM": 60.8,
                "DIST_UP_KM": 100.7,
                "CATCH_SKM": 77.699997,
                "UPLAND_SKM": 1119.3,
                "ENDORHEIC": 0,
                "DIS_AV_CMS": 15.164,
                "ORD_STRA": 3,
                "ORD_CLAS": 1,
                "ORD_FLOW": 5,
                "HYBAS_L12": 4121155740.0,
                "Shape_Length": 0.11309223176542785
            },
            "geometry": {
                "type": "LineString",
                "coordinates": [
                    [
                        80.32708333333292,
                        8.47708333333319
                    ],
                    [
                        80.32708333333292,
                        8.481249999999882
                    ],
                    [
                        80.32291666666643,
                        8.485416666666545
                    ],
                    [
                        80.32291666666643,
                        8.489583333333208
                    ],
                    [
                        80.30208333333294,
                        8.510416666666536
                    ],
                    [
                        80.29374999999973,
                        8.510416666666536
                    ],
                    [
                        80.28541666666635,
                        8.518749999999848
                    ],
                    [
                        80.28541666666635,
                        8.52291666666651
                    ],
                    [
                        80.28124999999969,
                        8.527083333333216
                    ],
                    [
                        80.28124999999969,
                        8.531249999999865
                    ],
                    [
                        80.28541666666635,
                        8.535416666666528
                    ],
                    [
                        80.28541666666635,
                        8.564583333333182
                    ]
                ]
            }
        },
        {
            "type": "Feature",
            "properties": {
                "HYRIV_ID": 41399591,
                "NEXT_DOWN": 41399535,
                "MAIN_RIV": 41397865,
                "LENGTH_KM": 3.52,
                "DIST_DN_KM": 86.099998,
                "DIST_UP_KM": 42.8,
                "CATCH_SKM": 8.9200001,
                "UPLAND_SKM": 430.5,
                "ENDORHEIC": 0,
                "DIS_AV_CMS": 6.1490002,
                "ORD_STRA": 3,
                "ORD_CLAS": 2,
                "ORD_FLOW": 6,
                "HYBAS_L12": 4121155950.0,
                "Shape_Length": 0.03190355937286595
            },
            "geometry": {
                "type": "LineString",
                "coordinates": [
                    [
                        80.48958333333294,
                        8.47708333333319
                    ],
                    [
                        80.48541666666628,
                        8.481249999999882
                    ],
                    [
                        80.48124999999962,
                        8.481249999999882
                    ],
                    [
                        80.47708333333296,
                        8.485416666666545
                    ],
                    [
                        80.4729166666663,
                        8.485416666666545
                    ],
                    [
                        80.46458333333297,
                        8.493749999999856
                    ]
                ]
            }
        },
        {
            "type": "Feature",
            "properties": {
                "HYRIV_ID": 41399611,
                "NEXT_DOWN": 41399534,
                "MAIN_RIV": 41397865,
                "LENGTH_KM": 2.37,
                "DIST_DN_KM": 84.300003,
                "DIST_UP_KM": 6.1,
                "CATCH_SKM": 16.77,
                "UPLAND_SKM": 16.8,
                "ENDORHEIC": 0,
                "DIS_AV_CMS": 0.222,
                "ORD_STRA": 1,
                "ORD_CLAS": 3,
                "ORD_FLOW": 7,
                "HYBAS_L12": 4121155750.0,
                "Shape_Length": 0.02133883476490115
            },
            "geometry": {
                "type": "LineString",
                "coordinates": [
                    [
                        80.458333333333,
                        8.470833333333196
                    ],
                    [
                        80.45208333333292,
                        8.47708333333319
                    ],
                    [
                        80.45208333333292,
                        8.489583333333208
                    ]
                ]
            }
        },
        {
            "type": "Feature",
            "properties": {
                "HYRIV_ID": 41399658,
                "NEXT_DOWN": 41399676,
                "MAIN_RIV": 41397865,
                "LENGTH_KM": 2.27,
                "DIST_DN_KM": 106.2,
                "DIST_UP_KM": 5.8,
                "CATCH_SKM": 11.46,
                "UPLAND_SKM": 11.5,
                "ENDORHEIC": 0,
                "DIS_AV_CMS": 0.167,
                "ORD_STRA": 1,
                "ORD_CLAS": 5,
                "ORD_FLOW": 7,
                "HYBAS_L12": 4121155880.0,
                "Shape_Length": 0.02047588984322098
            },
            "geometry": {
                "type": "LineString",
                "coordinates": [
                    [
                        80.5979166666663,
                        8.47916666666655
                    ],
                    [
                        80.5979166666663,
                        8.468749999999865
                    ],
                    [
                        80.59374999999963,
                        8.464583333333216
                    ],
                    [
                        80.59374999999963,
                        8.460416666666553
                    ]
                ]
            }
        },
        {
            "type": "Feature",
            "properties": {
                "HYRIV_ID": 41399659,
                "NEXT_DOWN": 41399676,
                "MAIN_RIV": 41397865,
                "LENGTH_KM": 5.0,
                "DIST_DN_KM": 106.2,
                "DIST_UP_KM": 8.4,
                "CATCH_SKM": 23.99,
                "UPLAND_SKM": 24.0,
                "ENDORHEIC": 0,
                "DIS_AV_CMS": 0.354,
                "ORD_STRA": 1,
                "ORD_CLAS": 4,
                "ORD_FLOW": 7,
                "HYBAS_L12": 4121155880.0,
                "Shape_Length": 0.04547588984320829
            },
            "geometry": {
                "type": "LineString",
                "coordinates": [
                    [
                        80.63749999999962,
                        8.464583333333216
                    ],
                    [
                        80.61041666666628,
                        8.464583333333216
                    ],
                    [
                        80.60624999999962,
                        8.460416666666553
                    ],
                    [
                        80.59374999999963,
                        8.460416666666553
                    ]
                ]
            }
        },
        {
            "type": "Feature",
            "properties": {
                "HYRIV_ID": 41399672,
                "NEXT_DOWN": 41399590,
                "MAIN_RIV": 41397865,
                "LENGTH_KM": 3.11,
                "DIST_DN_KM": 73.5,
                "DIST_UP_KM": 7.0,
                "CATCH_SKM": 19.75,
                "UPLAND_SKM": 19.700001,
                "ENDORHEIC": 0,
                "DIS_AV_CMS": 0.241,
                "ORD_STRA": 1,
                "ORD_CLAS": 2,
                "ORD_FLOW": 7,
                "HYBAS_L12": 4121155740.0,
                "Shape_Length": 0.028094336196457972
            },
            "geometry": {
                "type": "LineString",
                "coordinates": [
                    [
                        80.32291666666643,
                        8.454166666666517
                    ],
                    [
                        80.32291666666643,
                        8.464583333333216
                    ],
                    [
                        80.3187499999996,
                        8.468749999999865
                    ],
                    [
                        80.32708333333292,
                        8.47708333333319
                    ]
                ]
            }
        },
        {
            "type": "Feature",
            "properties": {
                "HYRIV_ID": 41399673,
                "NEXT_DOWN": 41399590,
                "MAIN_RIV": 41397865,
                "LENGTH_KM": 4.9,
                "DIST_DN_KM": 73.5,
                "DIST_UP_KM": 88.0,
                "CATCH_SKM": 18.68,
                "UPLAND_SKM": 1021.9,
                "ENDORHEIC": 0,
                "DIS_AV_CMS": 14.702,
                "ORD_STRA": 3,
                "ORD_CLAS": 1,
                "ORD_FLOW": 5,
                "HYBAS_L12": 4121155740.0,
                "Shape_Length": 0.04440355937290483
            },
            "geometry": {
                "type": "LineString",
                "coordinates": [
                    [
                        80.36041666666628,
                        8.456249999999848
                    ],
                    [
                        80.35624999999962,
                        8.456249999999848
                    ],
                    [
                        80.35208333333296,
                        8.460416666666553
                    ],
                    [
                        80.35208333333296,
                        8.464583333333216
                    ],
                    [
                        80.3479166666663,
                        8.468749999999865
                    ],
                    [
                        80.3354166666663,
                        8.468749999999865
                    ],
                    [
                        80.32708333333292,
                        8.47708333333319
                    ]
                ]
            }
        },
        {
            "type": "Feature",
            "properties": {
                "HYRIV_ID": 41399674,
                "NEXT_DOWN": 41399673,
                "MAIN_RIV": 41397865,
                "LENGTH_KM": 1.4400001,
                "DIST_DN_KM": 78.199997,
                "DIST_UP_KM": 5.7,
                "CATCH_SKM": 13.8,
                "UPLAND_SKM": 13.8,
                "ENDORHEIC": 0,
                "DIS_AV_CMS": 0.174,
                "ORD_STRA": 1,
                "ORD_CLAS": 3,
                "ORD_FLOW": 7,
                "HYBAS_L12": 4121600940.0,
                "Shape_Length": 0.013005501431617314
            },
            "geometry": {
                "type": "LineString",
                "coordinates": [
                    [
                        80.37083333333308,
                        8.462499999999885
                    ],
                    [
                        80.36458333333294,
                        8.456249999999848
                    ],
                    [
                        80.36041666666628,
                        8.456249999999848
                    ]
                ]
            }
        },
        {
            "type": "Feature",
            "properties": {
                "HYRIV_ID": 41399675,
                "NEXT_DOWN": 41399572,
                "MAIN_RIV": 41397865,
                "LENGTH_KM": 3.62,
                "DIST_DN_KM": 98.300003,
                "DIST_UP_KM": 16.6,
                "CATCH_SKM": 8.2799997,
                "UPLAND_SKM": 80.699997,
                "ENDORHEIC": 0,
                "DIS_AV_CMS": 1.163,
                "ORD_STRA": 2,
                "ORD_CLAS": 3,
                "ORD_FLOW": 6,
                "HYBAS_L12": 4121155880.0,
                "Shape_Length": 0.03261844635316401
            },
            "geometry": {
                "type": "LineString",
                "coordinates": [
                    [
                        80.55624999999972,
                        8.456249999999848
                    ],
                    [
                        80.55208333333306,
                        8.456249999999848
                    ],
                    [
                        80.54791666666634,
                        8.460416666666553
                    ],
                    [
                        80.54791666666634,
                        8.472916666666528
                    ],
                    [
                        80.54374999999968,
                        8.47708333333319
                    ],
                    [
                        80.54374999999968,
                        8.481249999999882
                    ]
                ]
            }
        },
        {
            "type": "Feature",
            "properties": {
                "HYRIV_ID": 41399676,
                "NEXT_DOWN": 41399675,
                "MAIN_RIV": 41397865,
                "LENGTH_KM": 4.3200002,
                "DIST_DN_KM": 102.1,
                "DIST_UP_KM": 12.5,
                "CATCH_SKM": 9.1300001,
                "UPLAND_SKM": 44.599998,
                "ENDORHEIC": 0,
                "DIS_AV_CMS": 0.64700001,
                "ORD_STRA": 2,
                "ORD_CLAS": 4,
                "ORD_FLOW": 7,
                "HYBAS_L12": 4121155880.0,
                "Shape_Length": 0.039225889843192155
            },
            "geometry": {
                "type": "LineString",
                "coordinates": [
                    [
                        80.59374999999963,
                        8.460416666666553
                    ],
                    [
                        80.56041666666627,
                        8.460416666666553
                    ],
                    [
                        80.55624999999972,
                        8.456249999999848
                    ]
                ]
            }
        },
        {
            "type": "Feature",
            "properties": {
                "HYRIV_ID": 41399706,
                "NEXT_DOWN": 41399591,
                "MAIN_RIV": 41397865,
                "LENGTH_KM": 3.48,
                "DIST_DN_KM": 89.400002,
                "DIST_UP_KM": 7.7,
                "CATCH_SKM": 13.8,
                "UPLAND_SKM": 13.8,
                "ENDORHEIC": 0,
                "DIS_AV_CMS": 0.188,
                "ORD_STRA": 1,
                "ORD_CLAS": 3,
                "ORD_FLOW": 7,
                "HYBAS_L12": 4121155950.0,
                "Shape_Length": 0.03139805794139632
            },
            "geometry": {
                "type": "LineString",
                "coordinates": [
                    [
                        80.4874999999997,
                        8.449999999999868
                    ],
                    [
                        80.49374999999966,
                        8.456249999999848
                    ],
                    [
                        80.49374999999966,
                        8.460416666666553
                    ],
                    [
                        80.48958333333294,
                        8.464583333333216
                    ],
                    [
                        80.48958333333294,
                        8.47708333333319
                    ]
                ]
            }
        },
        {
            "type": "Feature",
            "properties": {
                "HYRIV_ID": 41399746,
                "NEXT_DOWN": 41399675,
                "MAIN_RIV": 41397865,
                "LENGTH_KM": 7.9699998,
                "DIST_DN_KM": 101.9,
                "DIST_UP_KM": 13.0,
                "CATCH_SKM": 27.82,
                "UPLAND_SKM": 27.8,
                "ENDORHEIC": 0,
                "DIS_AV_CMS": 0.406,
                "ORD_STRA": 1,
                "ORD_CLAS": 3,
                "ORD_FLOW": 7,
                "HYBAS_L12": 4121155880.0,
                "Shape_Length": 0.07234983762772317
            },
            "geometry": {
                "type": "LineString",
                "coordinates": [
                    [
                        80.62083333333302,
                        8.449999999999868
                    ],
                    [
                        80.61458333333294,
                        8.443749999999874
                    ],
                    [
                        80.5979166666663,
                        8.443749999999874
                    ],
                    [
                        80.59374999999963,
                        8.447916666666536
                    ],
                    [
                        80.58958333333297,
                        8.447916666666536
                    ],
                    [
                        80.5854166666663,
                        8.4520833333332
                    ],
                    [
                        80.56458333333305,
                        8.4520833333332
                    ],
                    [
                        80.56041666666627,
                        8.456249999999848
                    ],
                    [
                        80.55624999999972,
                        8.456249999999848
                    ]
                ]
            }
        },
        {
            "type": "Feature",
            "properties": {
                "HYRIV_ID": 41399769,
                "NEXT_DOWN": 41399673,
                "MAIN_RIV": 41397865,
                "LENGTH_KM": 2.27,
                "DIST_DN_KM": 78.199997,
                "DIST_UP_KM": 6.4,
                "CATCH_SKM": 14.65,
                "UPLAND_SKM": 14.7,
                "ENDORHEIC": 0,
                "DIS_AV_CMS": 0.186,
                "ORD_STRA": 1,
                "ORD_CLAS": 2,
                "ORD_FLOW": 7,
                "HYBAS_L12": 4121600940.0,
                "Shape_Length": 0.020475889843174184
            },
            "geometry": {
                "type": "LineString",
                "coordinates": [
                    [
                        80.35624999999962,
                        8.437499999999893
                    ],
                    [
                        80.35624999999962,
                        8.447916666666536
                    ],
                    [
                        80.36041666666628,
                        8.4520833333332
                    ],
                    [
                        80.36041666666628,
                        8.456249999999848
                    ]
                ]
            }
        },
        {
            "type": "Feature",
            "properties": {
                "HYRIV_ID": 41399818,
                "NEXT_DOWN": 41399673,
                "MAIN_RIV": 41397865,
                "LENGTH_KM": 3.53,
                "DIST_DN_KM": 78.400002,
                "DIST_UP_KM": 83.099998,
                "CATCH_SKM": 8.4899998,
                "UPLAND_SKM": 974.70001,
                "ENDORHEIC": 0,
                "DIS_AV_CMS": 14.235,
                "ORD_STRA": 3,
                "ORD_CLAS": 1,
                "ORD_FLOW": 5,
                "HYBAS_L12": 4121600940.0,
                "Shape_Length": 0.031903559372914475
            },
            "geometry": {
                "type": "LineString",
                "coordinates": [
                    [
                        80.37708333333299,
                        8.431249999999856
                    ],
                    [
                        80.37708333333299,
                        8.43958333333321
                    ],
                    [
                        80.36041666666628,
                        8.456249999999848
                    ]
                ]
            }
        },
        {
            "type": "Feature",
            "properties": {
                "HYRIV_ID": 41399819,
                "NEXT_DOWN": 41399818,
                "MAIN_RIV": 41397865,
                "LENGTH_KM": 2.45,
                "DIST_DN_KM": 81.800003,
                "DIST_UP_KM": 6.0,
                "CATCH_SKM": 11.68,
                "UPLAND_SKM": 11.7,
                "ENDORHEIC": 0,
                "DIS_AV_CMS": 0.151,
                "ORD_STRA": 1,
                "ORD_CLAS": 2,
                "ORD_FLOW": 7,
                "HYBAS_L12": 4121600940.0,
                "Shape_Length": 0.02220177968641394
            },
            "geometry": {
                "type": "LineString",
                "coordinates": [
                    [
                        80.39583333333294,
                        8.43958333333321
                    ],
                    [
                        80.38958333333298,
                        8.43958333333321
                    ],
                    [
                        80.38124999999965,
                        8.431249999999856
                    ],
                    [
                        80.37708333333299,
                        8.431249999999856
                    ]
                ]
            }
        },
        {
            "type": "Feature",
            "properties": {
                "HYRIV_ID": 41399864,
                "NEXT_DOWN": 41399591,
                "MAIN_RIV": 41397865,
                "LENGTH_KM": 7.6100001,
                "DIST_DN_KM": 89.599998,
                "DIST_UP_KM": 39.3,
                "CATCH_SKM": 42.889999,
                "UPLAND_SKM": 407.79999,
                "ENDORHEIC": 0,
                "DIS_AV_CMS": 5.8740001,
                "ORD_STRA": 3,
                "ORD_CLAS": 2,
                "ORD_FLOW": 6,
                "HYBAS_L12": 4121155950.0,
                "Shape_Length": 0.06868867239265852
            },
            "geometry": {
                "type": "LineString",
                "coordinates": [
                    [
                        80.51874999999964,
                        8.422916666666545
                    ],
                    [
                        80.51458333333298,
                        8.427083333333194
                    ],
                    [
                        80.51458333333298,
                        8.431249999999856
                    ],
                    [
                        80.51041666666632,
                        8.43541666666652
                    ],
                    [
                        80.51041666666632,
                        8.447916666666536
                    ],
                    [
                        80.50208333333299,
                        8.456249999999848
                    ],
                    [
                        80.50208333333299,
                        8.468749999999865
                    ],
                    [
                        80.49791666666627,
                        8.472916666666528
                    ],
                    [
                        80.49374999999966,
                        8.472916666666528
                    ],
                    [
                        80.48958333333294,
                        8.47708333333319
                    ]
                ]
            }
        },
        {
            "type": "Feature",
            "properties": {
                "HYRIV_ID": 41399865,
                "NEXT_DOWN": 41399864,
                "MAIN_RIV": 41397865,
                "LENGTH_KM": 1.8,
                "DIST_DN_KM": 97.0,
                "DIST_UP_KM": 6.0,
                "CATCH_SKM": 11.47,
                "UPLAND_SKM": 11.5,
                "ENDORHEIC": 0,
                "DIS_AV_CMS": 0.164,
                "ORD_STRA": 1,
                "ORD_CLAS": 3,
                "ORD_FLOW": 7,
                "HYBAS_L12": 4121155950.0,
                "Shape_Length": 0.016309223176541453
            },
            "geometry": {
                "type": "LineString",
                "coordinates": [
                    [
                        80.53333333333299,
                        8.427083333333194
                    ],
                    [
                        80.52708333333302,
                        8.427083333333194
                    ],
                    [
                        80.5229166666663,
                        8.422916666666545
                    ],
                    [
                        80.51874999999964,
                        8.422916666666545
                    ]
                ]
            }
        },
        {
            "type": "Feature",
            "properties": {
                "HYRIV_ID": 41399880,
                "NEXT_DOWN": 41399818,
                "MAIN_RIV": 41397865,
                "LENGTH_KM": 1.96,
                "DIST_DN_KM": 82.0,
                "DIST_UP_KM": 79.5,
                "CATCH_SKM": 6.37,
                "UPLAND_SKM": 954.59998,
                "ENDORHEIC": 0,
                "DIS_AV_CMS": 14.054,
                "ORD_STRA": 3,
                "ORD_CLAS": 1,
                "ORD_FLOW": 5,
                "HYBAS_L12": 4121600940.0,
                "Shape_Length": 0.017677669529667706
            },
            "geometry": {
                "type": "LineString",
                "coordinates": [
                    [
                        80.38958333333298,
                        8.41874999999984
                    ],
                    [
                        80.37708333333299,
                        8.431249999999856
                    ]
                ]
            }
        },
        {
            "type": "Feature",
            "properties": {
                "HYRIV_ID": 41399923,
                "NEXT_DOWN": 41399880,
                "MAIN_RIV": 41397865,
                "LENGTH_KM": 1.76,
                "DIST_DN_KM": 83.900002,
                "DIST_UP_KM": 77.599998,
                "CATCH_SKM": 2.97,
                "UPLAND_SKM": 935.70001,
                "ENDORHEIC": 0,
                "DIS_AV_CMS": 13.845,
                "ORD_STRA": 3,
                "ORD_CLAS": 1,
                "ORD_FLOW": 5,
                "HYBAS_L12": 4121600940.0,
                "Shape_Length": 0.015951779686474744
            },
            "geometry": {
                "type": "LineString",
                "coordinates": [
                    [
                        80.40208333333302,
                        8.410416666666528
                    ],
                    [
                        80.39791666666636,
                        8.41458333333322
                    ],
                    [
                        80.39374999999964,
                        8.41458333333322
                    ],
                    [
                        80.38958333333298,
                        8.41874999999984
                    ]
                ]
            }
        },
        {
            "type": "Feature",
            "properties": {
                "HYRIV_ID": 41399924,
                "NEXT_DOWN": 41399923,
                "MAIN_RIV": 41397865,
                "LENGTH_KM": 3.56,
                "DIST_DN_KM": 85.5,
                "DIST_UP_KM": 8.2,
                "CATCH_SKM": 14.23,
                "UPLAND_SKM": 14.2,
                "ENDORHEIC": 0,
                "DIS_AV_CMS": 0.188,
                "ORD_STRA": 1,
                "ORD_CLAS": 2,
                "ORD_FLOW": 7,
                "HYBAS_L12": 4121600940.0,
                "Shape_Length": 0.032261002862936816
            },
            "geometry": {
                "type": "LineString",
                "coordinates": [
                    [
                        80.42499999999964,
                        8.427083333333194
                    ],
                    [
                        80.41874999999968,
                        8.427083333333194
                    ],
                    [
                        80.41041666666635,
                        8.41874999999984
                    ],
                    [
                        80.41041666666635,
                        8.41458333333322
                    ],
                    [
                        80.40624999999969,
                        8.410416666666528
                    ],
                    [
                        80.40208333333302,
                        8.410416666666528
                    ]
                ]
            }
        },
        {
            "type": "Feature",
            "properties": {
                "HYRIV_ID": 41399946,
                "NEXT_DOWN": 41399880,
                "MAIN_RIV": 41397865,
                "LENGTH_KM": 2.09,
                "DIST_DN_KM": 83.699997,
                "DIST_UP_KM": 6.2,
                "CATCH_SKM": 12.53,
                "UPLAND_SKM": 12.5,
                "ENDORHEIC": 0,
                "DIS_AV_CMS": 0.16500001,
                "ORD_STRA": 1,
                "ORD_CLAS": 2,
                "ORD_FLOW": 7,
                "HYBAS_L12": 4121600940.0,
                "Shape_Length": 0.01889805794136678
            },
            "geometry": {
                "type": "LineString",
                "coordinates": [
                    [
                        80.3791666666663,
                        8.404166666666534
                    ],
                    [
                        80.38958333333298,
                        8.41458333333322
                    ],
                    [
                        80.38958333333298,
                        8.41874999999984
                    ]
                ]
            }
        },
        {
            "type": "Feature",
            "properties": {
                "HYRIV_ID": 41399947,
                "NEXT_DOWN": 41399923,
                "MAIN_RIV": 41397865,
                "LENGTH_KM": 0.65,
                "DIST_DN_KM": 85.699997,
                "DIST_UP_KM": 75.800003,
                "CATCH_SKM": 0.64,
                "UPLAND_SKM": 918.5,
                "ENDORHEIC": 0,
                "DIS_AV_CMS": 13.655,
                "ORD_STRA": 3,
                "ORD_CLAS": 1,
                "ORD_FLOW": 5,
                "HYBAS_L12": 4121600940.0,
                "Shape_Length": 0.0058925565098825365
            },
            "geometry": {
                "type": "LineString",
                "coordinates": [
                    [
                        80.40624999999969,
                        8.406249999999865
                    ],
                    [
                        80.40208333333302,
                        8.410416666666528
                    ]
                ]
            }
        },
        {
            "type": "Feature",
            "properties": {
                "HYRIV_ID": 41399948,
                "NEXT_DOWN": 41399864,
                "MAIN_RIV": 41397865,
                "LENGTH_KM": 2.23,
                "DIST_DN_KM": 97.199997,
                "DIST_UP_KM": 31.700001,
                "CATCH_SKM": 6.37,
                "UPLAND_SKM": 353.39999,
                "ENDORHEIC": 0,
                "DIS_AV_CMS": 5.1939998,
                "ORD_STRA": 3,
                "ORD_CLAS": 2,
                "ORD_FLOW": 6,
                "HYBAS_L12": 4121155950.0,
                "Shape_Length": 0.020118446353146958
            },
            "geometry": {
                "type": "LineString",
                "coordinates": [
                    [
                        80.52708333333302,
                        8.406249999999865
                    ],
                    [
                        80.5229166666663,
                        8.410416666666528
                    ],
                    [
                        80.5229166666663,
                        8.41874999999984
                    ],
                    [
                        80.51874999999964,
                        8.422916666666545
                    ]
                ]
            }
        },
        {
            "type": "Feature",
            "properties": {
                "HYRIV_ID": 41399966,
                "NEXT_DOWN": 41399988,
                "MAIN_RIV": 41397865,
                "LENGTH_KM": 7.2800002,
                "DIST_DN_KM": 113.3,
                "DIST_UP_KM": 9.8,
                "CATCH_SKM": 37.580002,
                "UPLAND_SKM": 37.599998,
                "ENDORHEIC": 0,
                "DIS_AV_CMS": 0.57,
                "ORD_STRA": 1,
                "ORD_CLAS": 4,
                "ORD_FLOW": 7,
                "HYBAS_L12": 4121156140.0,
                "Shape_Length": 0.0658904520791219
            },
            "geometry": {
                "type": "LineString",
                "coordinates": [
                    [
                        80.677083333333,
                        8.441666666666542
                    ],
                    [
                        80.677083333333,
                        8.43541666666652
                    ],
                    [
                        80.65624999999963,
                        8.41458333333322
                    ],
                    [
                        80.64374999999964,
                        8.41458333333322
                    ],
                    [
                        80.63124999999965,
                        8.402083333333202
                    ]
                ]
            }
        },
        {
            "type": "Feature",
            "properties": {
                "HYRIV_ID": 41399988,
                "NEXT_DOWN": 41400010,
                "MAIN_RIV": 41397865,
                "LENGTH_KM": 2.03,
                "DIST_DN_KM": 111.3,
                "DIST_UP_KM": 13.6,
                "CATCH_SKM": 8.4899998,
                "UPLAND_SKM": 72.599998,
                "ENDORHEIC": 0,
                "DIS_AV_CMS": 1.1,
                "ORD_STRA": 2,
                "ORD_CLAS": 3,
                "ORD_FLOW": 6,
                "HYBAS_L12": 4121156140.0,
                "Shape_Length": 0.018392556509917963
            },
            "geometry": {
                "type": "LineString",
                "coordinates": [
                    [
                        80.63124999999965,
                        8.402083333333202
                    ],
                    [
                        80.61874999999961,
                        8.402083333333202
                    ],
                    [
                        80.61458333333294,
                        8.397916666666553
                    ]
                ]
            }
        },
        {
            "type": "Feature",
            "properties": {
                "HYRIV_ID": 41400009,
                "NEXT_DOWN": 41399947,
                "MAIN_RIV": 41397865,
                "LENGTH_KM": 8.1,
                "DIST_DN_KM": 86.099998,
                "DIST_UP_KM": 12.0,
                "CATCH_SKM": 36.310001,
                "UPLAND_SKM": 36.3,
                "ENDORHEIC": 0,
                "DIS_AV_CMS": 0.495,
                "ORD_STRA": 1,
                "ORD_CLAS": 2,
                "ORD_FLOW": 7,
                "HYBAS_L12": 4121600940.0,
                "Shape_Length": 0.07336084049087915
            },
            "geometry": {
                "type": "LineString",
                "coordinates": [
                    [
                        80.46666666666633,
                        8.391666666666517
                    ],
                    [
                        80.4604166666663,
                        8.397916666666553
                    ],
                    [
                        80.45208333333292,
                        8.397916666666553
                    ],
                    [
                        80.44791666666643,
                        8.402083333333202
                    ],
                    [
                        80.4437499999996,
                        8.402083333333202
                    ],
                    [
                        80.43958333333305,
                        8.397916666666553
                    ],
                    [
                        80.43124999999961,
                        8.397916666666553
                    ],
                    [
                        80.42708333333306,
                        8.402083333333202
                    ],
                    [
                        80.4229166666664,
                        8.402083333333202
                    ],
                    [
                        80.41458333333301,
                        8.410416666666528
                    ],
                    [
                        80.41041666666635,
                        8.406249999999865
                    ],
                    [
                        80.40624999999969,
                        8.406249999999865
                    ]
                ]
            }
        },
        {
            "type": "Feature",
            "properties": {
                "HYRIV_ID": 41400010,
                "NEXT_DOWN": 41400030,
                "MAIN_RIV": 41397865,
                "LENGTH_KM": 3.33,
                "DIST_DN_KM": 107.7,
                "DIST_UP_KM": 17.1,
                "CATCH_SKM": 7.8600001,
                "UPLAND_SKM": 113.8,
                "ENDORHEIC": 0,
                "DIS_AV_CMS": 1.715,
                "ORD_STRA": 2,
                "ORD_CLAS": 3,
                "ORD_FLOW": 6,
                "HYBAS_L12": 4121156140.0,
                "Shape_Length": 0.03017766952964629
            },
            "geometry": {
                "type": "LineString",
                "coordinates": [
                    [
                        80.61458333333294,
                        8.397916666666553
                    ],
                    [
                        80.61041666666628,
                        8.397916666666553
                    ],
                    [
                        80.60624999999962,
                        8.402083333333202
                    ],
                    [
                        80.60208333333296,
                        8.402083333333202
                    ],
                    [
                        80.59374999999963,
                        8.393749999999848
                    ],
                    [
                        80.58958333333297,
                        8.393749999999848
                    ]
                ]
            }
        },
        {
            "type": "Feature",
            "properties": {
                "HYRIV_ID": 41400028,
                "NEXT_DOWN": 41399948,
                "MAIN_RIV": 41397865,
                "LENGTH_KM": 2.46,
                "DIST_DN_KM": 99.400002,
                "DIST_UP_KM": 6.5,
                "CATCH_SKM": 12.53,
                "UPLAND_SKM": 12.5,
                "ENDORHEIC": 0,
                "DIS_AV_CMS": 0.178,
                "ORD_STRA": 1,
                "ORD_CLAS": 3,
                "ORD_FLOW": 7,
                "HYBAS_L12": 4121155950.0,
                "Shape_Length": 0.022201779686478393
            },
            "geometry": {
                "type": "LineString",
                "coordinates": [
                    [
                        80.51874999999964,
                        8.387499999999854
                    ],
                    [
                        80.51874999999964,
                        8.393749999999848
                    ],
                    [
                        80.5229166666663,
                        8.397916666666553
                    ],
                    [
                        80.5229166666663,
                        8.402083333333202
                    ],
                    [
                        80.52708333333302,
                        8.406249999999865
                    ]
                ]
            }
        },
        {
            "type": "Feature",
            "properties": {
                "HYRIV_ID": 41400029,
                "NEXT_DOWN": 41399948,
                "MAIN_RIV": 41397865,
                "LENGTH_KM": 2.8800001,
                "DIST_DN_KM": 99.199997,
                "DIST_UP_KM": 29.6,
                "CATCH_SKM": 7.2199998,
                "UPLAND_SKM": 334.5,
                "ENDORHEIC": 0,
                "DIS_AV_CMS": 4.947,
                "ORD_STRA": 3,
                "ORD_CLAS": 2,
                "ORD_FLOW": 6,
                "HYBAS_L12": 4121155950.0,
                "Shape_Length": 0.02601100286300595
            },
            "geometry": {
                "type": "LineString",
                "coordinates": [
                    [
                        80.54374999999968,
                        8.389583333333185
                    ],
                    [
                        80.53958333333301,
                        8.393749999999848
                    ],
                    [
                        80.53958333333301,
                        8.397916666666553
                    ],
                    [
                        80.53124999999969,
                        8.406249999999865
                    ],
                    [
                        80.52708333333302,
                        8.406249999999865
                    ]
                ]
            }
        },
        {
            "type": "Feature",
            "properties": {
                "HYRIV_ID": 41400030,
                "NEXT_DOWN": 41400029,
                "MAIN_RIV": 41397865,
                "LENGTH_KM": 5.62,
                "DIST_DN_KM": 102.1,
                "DIST_UP_KM": 22.700001,
                "CATCH_SKM": 24.629999,
                "UPLAND_SKM": 146.3,
                "ENDORHEIC": 0,
                "DIS_AV_CMS": 2.171,
                "ORD_STRA": 2,
                "ORD_CLAS": 3,
                "ORD_FLOW": 6,
                "HYBAS_L12": 4121156140.0,
                "Shape_Length": 0.051011002862994266
            },
            "geometry": {
                "type": "LineString",
                "coordinates": [
                    [
                        80.58958333333297,
                        8.393749999999848
                    ],
                    [
                        80.5854166666663,
                        8.393749999999848
                    ],
                    [
                        80.58124999999976,
                        8.397916666666553
                    ],
                    [
                        80.56458333333305,
                        8.397916666666553
                    ],
                    [
                        80.56041666666627,
                        8.393749999999848
                    ],
                    [
                        80.55208333333306,
                        8.393749999999848
                    ],
                    [
                        80.54791666666634,
                        8.389583333333185
                    ],
                    [
                        80.54374999999968,
                        8.389583333333185
                    ]
                ]
            }
        },
        {
            "type": "Feature",
            "properties": {
                "HYRIV_ID": 41400031,
                "NEXT_DOWN": 41400030,
                "MAIN_RIV": 41397865,
                "LENGTH_KM": 0.69,
                "DIST_DN_KM": 107.7,
                "DIST_UP_KM": 4.0,
                "CATCH_SKM": 7.8600001,
                "UPLAND_SKM": 7.9,
                "ENDORHEIC": 0,
                "DIS_AV_CMS": 0.117,
                "ORD_STRA": 1,
                "ORD_CLAS": 4,
                "ORD_FLOW": 7,
                "HYBAS_L12": 4121156140.0,
                "Shape_Length": 0.006249999999994316
            },
            "geometry": {
                "type": "LineString",
                "coordinates": [
                    [
                        80.58958333333297,
                        8.387499999999854
                    ],
                    [
                        80.58958333333297,
                        8.393749999999848
                    ]
                ]
            }
        },
        {
            "type": "Feature",
            "properties": {
                "HYRIV_ID": 41400054,
                "NEXT_DOWN": 41399947,
                "MAIN_RIV": 41397865,
                "LENGTH_KM": 2.5,
                "DIST_DN_KM": 86.300003,
                "DIST_UP_KM": 75.199997,
                "CATCH_SKM": 6.1599998,
                "UPLAND_SKM": 881.5,
                "ENDORHEIC": 0,
                "DIS_AV_CMS": 13.164,
                "ORD_STRA": 3,
                "ORD_CLAS": 1,
                "ORD_FLOW": 5,
                "HYBAS_L12": 4121600940.0,
                "Shape_Length": 0.022559223176548255
            },
            "geometry": {
                "type": "LineString",
                "coordinates": [
                    [
                        80.41041666666635,
                        8.385416666666536
                    ],
                    [
                        80.41041666666635,
                        8.402083333333202
                    ],
                    [
                        80.40624999999969,
                        8.406249999999865
                    ]
                ]
            }
        },
        {
            "type": "Feature",
            "properties": {
                "HYRIV_ID": 41400055,
                "NEXT_DOWN": 41399988,
                "MAIN_RIV": 41397865,
                "LENGTH_KM": 6.33,
                "DIST_DN_KM": 113.3,
                "DIST_UP_KM": 11.6,
                "CATCH_SKM": 26.549999,
                "UPLAND_SKM": 26.5,
                "ENDORHEIC": 0,
                "DIS_AV_CMS": 0.40700001,
                "ORD_STRA": 1,
                "ORD_CLAS": 3,
                "ORD_FLOW": 7,
                "HYBAS_L12": 4121156140.0,
                "Shape_Length": 0.05740906080436796
            },
            "geometry": {
                "type": "LineString",
                "coordinates": [
                    [
                        80.6791666666663,
                        8.391666666666517
                    ],
                    [
                        80.67291666666634,
                        8.385416666666536
                    ],
                    [
                        80.65208333333297,
                        8.385416666666536
                    ],
                    [
                        80.64374999999964,
                        8.393749999999848
                    ],
                    [
                        80.63958333333298,
                        8.393749999999848
                    ],
                    [
                        80.63124999999965,
                        8.402083333333202
                    ]
                ]
            }
        },
        {
            "type": "Feature",
            "properties": {
                "HYRIV_ID": 41400074,
                "NEXT_DOWN": 41400029,
                "MAIN_RIV": 41397865,
                "LENGTH_KM": 1.11,
                "DIST_DN_KM": 102.3,
                "DIST_UP_KM": 26.6,
                "CATCH_SKM": 0.85,
                "UPLAND_SKM": 181.0,
                "ENDORHEIC": 0,
                "DIS_AV_CMS": 2.697,
                "ORD_STRA": 2,
                "ORD_CLAS": 2,
                "ORD_FLOW": 6,
                "HYBAS_L12": 4121156170.0,
                "Shape_Length": 0.010059223176535365
            },
            "geometry": {
                "type": "LineString",
                "coordinates": [
                    [
                        80.54791666666634,
                        8.381249999999874
                    ],
                    [
                        80.54791666666634,
                        8.385416666666536
                    ],
                    [
                        80.54374999999968,
                        8.389583333333185
                    ]
                ]
            }
        },
        {
            "type": "Feature",
            "properties": {
                "HYRIV_ID": 41400096,
                "NEXT_DOWN": 41400054,
                "MAIN_RIV": 41397865,
                "LENGTH_KM": 3.37,
                "DIST_DN_KM": 88.800003,
                "DIST_UP_KM": 7.6,
                "CATCH_SKM": 17.84,
                "UPLAND_SKM": 17.8,
                "ENDORHEIC": 0,
                "DIS_AV_CMS": 0.24600001,
                "ORD_STRA": 1,
                "ORD_CLAS": 2,
                "ORD_FLOW": 7,
                "HYBAS_L12": 4121600940.0,
                "Shape_Length": 0.030535113019702947
            },
            "geometry": {
                "type": "LineString",
                "coordinates": [
                    [
                        80.43749999999963,
                        8.37708333333321
                    ],
                    [
                        80.4229166666664,
                        8.37708333333321
                    ],
                    [
                        80.41874999999968,
                        8.381249999999874
                    ],
                    [
                        80.41458333333301,
                        8.381249999999874
                    ],
                    [
                        80.41041666666635,
                        8.385416666666536
                    ]
                ]
            }
        },
        {
            "type": "Feature",
            "properties": {
                "HYRIV_ID": 41400097,
                "NEXT_DOWN": 41400074,
                "MAIN_RIV": 41397865,
                "LENGTH_KM": 0.46,
                "DIST_DN_KM": 103.2,
                "DIST_UP_KM": 25.700001,
                "CATCH_SKM": 0.42,
                "UPLAND_SKM": 169.89999,
                "ENDORHEIC": 0,
                "DIS_AV_CMS": 2.543,
                "ORD_STRA": 2,
                "ORD_CLAS": 2,
                "ORD_FLOW": 6,
                "HYBAS_L12": 4121156170.0,
                "Shape_Length": 0.004166666666662877
            },
            "geometry": {
                "type": "LineString",
                "coordinates": [
                    [
                        80.54791666666634,
                        8.37708333333321
                    ],
                    [
                        80.54791666666634,
                        8.381249999999874
                    ]
                ]
            }
        },
        {
            "type": "Feature",
            "properties": {
                "HYRIV_ID": 41400138,
                "NEXT_DOWN": 41400054,
                "MAIN_RIV": 41397865,
                "LENGTH_KM": 1.85,
                "DIST_DN_KM": 88.599998,
                "DIST_UP_KM": 72.900002,
                "CATCH_SKM": 6.37,
                "UPLAND_SKM": 857.5,
                "ENDORHEIC": 0,
                "DIS_AV_CMS": 12.896,
                "ORD_STRA": 3,
                "ORD_CLAS": 1,
                "ORD_FLOW": 5,
                "HYBAS_L12": 4121600940.0,
                "Shape_Length": 0.01666666666667993
            },
            "geometry": {
                "type": "LineString",
                "coordinates": [
                    [
                        80.41041666666635,
                        8.368749999999856
                    ],
                    [
                        80.41041666666635,
                        8.385416666666536
                    ]
                ]
            }
        },
        {
            "type": "Feature",
            "properties": {
                "HYRIV_ID": 41400139,
                "NEXT_DOWN": 41400074,
                "MAIN_RIV": 41397865,
                "LENGTH_KM": 2.55,
                "DIST_DN_KM": 103.2,
                "DIST_UP_KM": 6.3,
                "CATCH_SKM": 10.19,
                "UPLAND_SKM": 10.2,
                "ENDORHEIC": 0,
                "DIS_AV_CMS": 0.147,
                "ORD_STRA": 1,
                "ORD_CLAS": 3,
                "ORD_FLOW": 7,
                "HYBAS_L12": 4121156170.0,
                "Shape_Length": 0.02306472460806813
            },
            "geometry": {
                "type": "LineString",
                "coordinates": [
                    [
                        80.53333333333299,
                        8.366666666666525
                    ],
                    [
                        80.53958333333301,
                        8.372916666666562
                    ],
                    [
                        80.53958333333301,
                        8.37708333333321
                    ],
                    [
                        80.54374999999968,
                        8.381249999999874
                    ],
                    [
                        80.54791666666634,
                        8.381249999999874
                    ]
                ]
            }
        },
        {
            "type": "Feature",
            "properties": {
                "HYRIV_ID": 41400161,
                "NEXT_DOWN": 41400138,
                "MAIN_RIV": 41397865,
                "LENGTH_KM": 1.89,
                "DIST_DN_KM": 90.5,
                "DIST_UP_KM": 5.8,
                "CATCH_SKM": 12.96,
                "UPLAND_SKM": 13.0,
                "ENDORHEIC": 0,
                "DIS_AV_CMS": 0.175,
                "ORD_STRA": 1,
                "ORD_CLAS": 2,
                "ORD_FLOW": 7,
                "HYBAS_L12": 4121601020.0,
                "Shape_Length": 0.01717216809820985
            },
            "geometry": {
                "type": "LineString",
                "coordinates": [
                    [
                        80.39583333333294,
                        8.362499999999862
                    ],
                    [
                        80.40208333333302,
                        8.368749999999856
                    ],
                    [
                        80.41041666666635,
                        8.368749999999856
                    ]
                ]
            }
        },
        {
            "type": "Feature",
            "properties": {
                "HYRIV_ID": 41400213,
                "NEXT_DOWN": 41400010,
                "MAIN_RIV": 41397865,
                "LENGTH_KM": 7.29,
                "DIST_DN_KM": 111.1,
                "DIST_UP_KM": 10.9,
                "CATCH_SKM": 33.34,
                "UPLAND_SKM": 33.3,
                "ENDORHEIC": 0,
                "DIS_AV_CMS": 0.50800002,
                "ORD_STRA": 1,
                "ORD_CLAS": 4,
                "ORD_FLOW": 7,
                "HYBAS_L12": 4121156140.0,
                "Shape_Length": 0.06589045207928482
            },
            "geometry": {
                "type": "LineString",
                "coordinates": [
                    [
                        80.6583333333331,
                        8.356249999999882
                    ],
                    [
                        80.65208333333297,
                        8.356249999999882
                    ],
                    [
                        80.64374999999964,
                        8.364583333333194
                    ],
                    [
                        80.64374999999964,
                        8.368749999999856
                    ],
                    [
                        80.62708333333299,
                        8.385416666666536
                    ],
                    [
                        80.62291666666627,
                        8.385416666666536
                    ],
                    [
                        80.61458333333294,
                        8.393749999999848
                    ],
                    [
                        80.61458333333294,
                        8.397916666666553
                    ]
                ]
            }
        },
        {
            "type": "Feature",
            "properties": {
                "HYRIV_ID": 41400239,
                "NEXT_DOWN": 41400138,
                "MAIN_RIV": 41397865,
                "LENGTH_KM": 1.85,
                "DIST_DN_KM": 90.5,
                "DIST_UP_KM": 71.0,
                "CATCH_SKM": 3.82,
                "UPLAND_SKM": 838.20001,
                "ENDORHEIC": 0,
                "DIS_AV_CMS": 12.683,
                "ORD_STRA": 3,
                "ORD_CLAS": 1,
                "ORD_FLOW": 5,
                "HYBAS_L12": 4121601020.0,
                "Shape_Length": 0.01666666666667993
            },
            "geometry": {
                "type": "LineString",
                "coordinates": [
                    [
                        80.41041666666635,
                        8.352083333333177
                    ],
                    [
                        80.41041666666635,
                        8.368749999999856
                    ]
                ]
            }
        },
        {
            "type": "Feature",
            "properties": {
                "HYRIV_ID": 41400240,
                "NEXT_DOWN": 41400097,
                "MAIN_RIV": 41397865,
                "LENGTH_KM": 5.79,
                "DIST_DN_KM": 103.7,
                "DIST_UP_KM": 9.1,
                "CATCH_SKM": 24.0,
                "UPLAND_SKM": 24.0,
                "ENDORHEIC": 0,
                "DIS_AV_CMS": 0.357,
                "ORD_STRA": 1,
                "ORD_CLAS": 3,
                "ORD_FLOW": 7,
                "HYBAS_L12": 4121156170.0,
                "Shape_Length": 0.052379449216127125
            },
            "geometry": {
                "type": "LineString",
                "coordinates": [
                    [
                        80.58749999999966,
                        8.352083333333177
                    ],
                    [
                        80.57708333333292,
                        8.352083333333177
                    ],
                    [
                        80.57291666666637,
                        8.356249999999882
                    ],
                    [
                        80.57291666666637,
                        8.360416666666545
                    ],
                    [
                        80.5687499999996,
                        8.364583333333194
                    ],
                    [
                        80.56458333333305,
                        8.364583333333194
                    ],
                    [
                        80.55208333333306,
                        8.37708333333321
                    ],
                    [
                        80.54791666666634,
                        8.37708333333321
                    ]
                ]
            }
        },
        {
            "type": "Feature",
            "properties": {
                "HYRIV_ID": 41400256,
                "NEXT_DOWN": 41400097,
                "MAIN_RIV": 41397865,
                "LENGTH_KM": 3.62,
                "DIST_DN_KM": 103.7,
                "DIST_UP_KM": 25.200001,
                "CATCH_SKM": 9.1300001,
                "UPLAND_SKM": 145.5,
                "ENDORHEIC": 0,
                "DIS_AV_CMS": 2.1830001,
                "ORD_STRA": 2,
                "ORD_CLAS": 2,
                "ORD_FLOW": 6,
                "HYBAS_L12": 4121156170.0,
                "Shape_Length": 0.03261844635309367
            },
            "geometry": {
                "type": "LineString",
                "coordinates": [
                    [
                        80.54791666666634,
                        8.347916666666556
                    ],
                    [
                        80.54791666666634,
                        8.356249999999882
                    ],
                    [
                        80.54374999999968,
                        8.360416666666545
                    ],
                    [
                        80.54374999999968,
                        8.364583333333194
                    ],
                    [
                        80.54791666666634,
                        8.368749999999856
                    ],
                    [
                        80.54791666666634,
                        8.37708333333321
                    ]
                ]
            }
        },
        {
            "type": "Feature",
            "properties": {
                "HYRIV_ID": 41400270,
                "NEXT_DOWN": 41400256,
                "MAIN_RIV": 41397865,
                "LENGTH_KM": 0.65,
                "DIST_DN_KM": 107.5,
                "DIST_UP_KM": 21.4,
                "CATCH_SKM": 0.64,
                "UPLAND_SKM": 120.6,
                "ENDORHEIC": 0,
                "DIS_AV_CMS": 1.8329999,
                "ORD_STRA": 2,
                "ORD_CLAS": 2,
                "ORD_FLOW": 6,
                "HYBAS_L12": 4121156170.0,
                "Shape_Length": 0.005892556509942829
            },
            "geometry": {
                "type": "LineString",
                "coordinates": [
                    [
                        80.55208333333306,
                        8.343749999999865
                    ],
                    [
                        80.54791666666634,
                        8.347916666666556
                    ]
                ]
            }
        },
        {
            "type": "Feature",
            "properties": {
                "HYRIV_ID": 41400302,
                "NEXT_DOWN": 41400256,
                "MAIN_RIV": 41397865,
                "LENGTH_KM": 2.74,
                "DIST_DN_KM": 107.5,
                "DIST_UP_KM": 5.7,
                "CATCH_SKM": 15.72,
                "UPLAND_SKM": 15.7,
                "ENDORHEIC": 0,
                "DIS_AV_CMS": 0.23100001,
                "ORD_STRA": 1,
                "ORD_CLAS": 3,
                "ORD_FLOW": 7,
                "HYBAS_L12": 4121156170.0,
                "Shape_Length": 0.024790614451322093
            },
            "geometry": {
                "type": "LineString",
                "coordinates": [
                    [
                        80.52916666666627,
                        8.333333333333222
                    ],
                    [
                        80.53541666666635,
                        8.339583333333202
                    ],
                    [
                        80.53958333333301,
                        8.339583333333202
                    ],
                    [
                        80.54791666666634,
                        8.347916666666556
                    ]
                ]
            }
        },
        {
            "type": "Feature",
            "properties": {
                "HYRIV_ID": 41400347,
                "NEXT_DOWN": 41400371,
                "MAIN_RIV": 41397865,
                "LENGTH_KM": 2.72,
                "DIST_DN_KM": 98.900002,
                "DIST_UP_KM": 6.7,
                "CATCH_SKM": 16.99,
                "UPLAND_SKM": 17.0,
                "ENDORHEIC": 0,
                "DIS_AV_CMS": 0.243,
                "ORD_STRA": 1,
                "ORD_CLAS": 3,
                "ORD_FLOW": 7,
                "HYBAS_L12": 4121601020.0,
                "Shape_Length": 0.024642556509966683
            },
            "geometry": {
                "type": "LineString",
                "coordinates": [
                    [
                        80.47499999999971,
                        8.33541666666654
                    ],
                    [
                        80.46458333333297,
                        8.33541666666654
                    ],
                    [
                        80.46458333333297,
                        8.33124999999989
                    ],
                    [
                        80.4604166666663,
                        8.327083333333185
                    ],
                    [
                        80.45624999999964,
                        8.327083333333185
                    ]
                ]
            }
        },
        {
            "type": "Feature",
            "properties": {
                "HYRIV_ID": 41400348,
                "NEXT_DOWN": 41400270,
                "MAIN_RIV": 41397865,
                "LENGTH_KM": 2.56,
                "DIST_DN_KM": 108.0,
                "DIST_UP_KM": 6.6,
                "CATCH_SKM": 9.7700005,
                "UPLAND_SKM": 9.8,
                "ENDORHEIC": 0,
                "DIS_AV_CMS": 0.146,
                "ORD_STRA": 1,
                "ORD_CLAS": 3,
                "ORD_FLOW": 7,
                "HYBAS_L12": 4121156170.0,
                "Shape_Length": 0.023064724608108322
            },
            "geometry": {
                "type": "LineString",
                "coordinates": [
                    [
                        80.54166666666632,
                        8.324999999999854
                    ],
                    [
                        80.54791666666634,
                        8.33124999999989
                    ],
                    [
                        80.54791666666634,
                        8.33541666666654
                    ],
                    [
                        80.55208333333306,
                        8.339583333333202
                    ],
                    [
                        80.55208333333306,
                        8.343749999999865
                    ]
                ]
            }
        },
        {
            "type": "Feature",
            "properties": {
                "HYRIV_ID": 41400370,
                "NEXT_DOWN": 41400239,
                "MAIN_RIV": 41397865,
                "LENGTH_KM": 5.02,
                "DIST_DN_KM": 92.300003,
                "DIST_UP_KM": 16.6,
                "CATCH_SKM": 21.24,
                "UPLAND_SKM": 84.300003,
                "ENDORHEIC": 0,
                "DIS_AV_CMS": 1.202,
                "ORD_STRA": 2,
                "ORD_CLAS": 2,
                "ORD_FLOW": 6,
                "HYBAS_L12": 4121601020.0,
                "Shape_Length": 0.04541456223581049
            },
            "geometry": {
                "type": "LineString",
                "coordinates": [
                    [
                        80.4437499999996,
                        8.322916666666522
                    ],
                    [
                        80.41458333333301,
                        8.352083333333177
                    ],
                    [
                        80.41041666666635,
                        8.352083333333177
                    ]
                ]
            }
        },
        {
            "type": "Feature",
            "properties": {
                "HYRIV_ID": 41400371,
                "NEXT_DOWN": 41400370,
                "MAIN_RIV": 41397865,
                "LENGTH_KM": 1.5700001,
                "DIST_DN_KM": 97.400002,
                "DIST_UP_KM": 8.3,
                "CATCH_SKM": 2.97,
                "UPLAND_SKM": 30.6,
                "ENDORHEIC": 0,
                "DIS_AV_CMS": 0.438,
                "ORD_STRA": 2,
                "ORD_CLAS": 3,
                "ORD_FLOW": 7,
                "HYBAS_L12": 4121601020.0,
                "Shape_Length": 0.014225889843248485
            },
            "geometry": {
                "type": "LineString",
                "coordinates": [
                    [
                        80.45624999999964,
                        8.327083333333185
                    ],
                    [
                        80.45208333333292,
                        8.322916666666522
                    ],
                    [
                        80.4437499999996,
                        8.322916666666522
                    ]
                ]
            }
        },
        {
            "type": "Feature",
            "properties": {
                "HYRIV_ID": 41400387,
                "NEXT_DOWN": 41400371,
                "MAIN_RIV": 41397865,
                "LENGTH_KM": 2.74,
                "DIST_DN_KM": 99.099998,
                "DIST_UP_KM": 6.5,
                "CATCH_SKM": 10.62,
                "UPLAND_SKM": 10.6,
                "ENDORHEIC": 0,
                "DIS_AV_CMS": 0.154,
                "ORD_STRA": 1,
                "ORD_CLAS": 4,
                "ORD_FLOW": 7,
                "HYBAS_L12": 4121601020.0,
                "Shape_Length": 0.02479061445129195
            },
            "geometry": {
                "type": "LineString",
                "coordinates": [
                    [
                        80.47499999999971,
                        8.324999999999854
                    ],
                    [
                        80.46874999999963,
                        8.318749999999874
                    ],
                    [
                        80.46458333333297,
                        8.318749999999874
                    ],
                    [
                        80.45624999999964,
                        8.327083333333185
                    ]
                ]
            }
        },
        {
            "type": "Feature",
            "properties": {
                "HYRIV_ID": 41400405,
                "NEXT_DOWN": 41400427,
                "MAIN_RIV": 41397865,
                "LENGTH_KM": 1.4400001,
                "DIST_DN_KM": 118.0,
                "DIST_UP_KM": 5.7,
                "CATCH_SKM": 8.2799997,
                "UPLAND_SKM": 8.3,
                "ENDORHEIC": 0,
                "DIS_AV_CMS": 0.12800001,
                "ORD_STRA": 1,
                "ORD_CLAS": 3,
                "ORD_FLOW": 7,
                "HYBAS_L12": 4121156170.0,
                "Shape_Length": 0.013005501431546974
            },
            "geometry": {
                "type": "LineString",
                "coordinates": [
                    [
                        80.62499999999969,
                        8.320833333333205
                    ],
                    [
                        80.61874999999961,
                        8.31458333333321
                    ],
                    [
                        80.61458333333294,
                        8.31458333333321
                    ]
                ]
            }
        },
        {
            "type": "Feature",
            "properties": {
                "HYRIV_ID": 41400426,
                "NEXT_DOWN": 41400270,
                "MAIN_RIV": 41397865,
                "LENGTH_KM": 6.21,
                "DIST_DN_KM": 108.2,
                "DIST_UP_KM": 20.700001,
                "CATCH_SKM": 27.190001,
                "UPLAND_SKM": 110.2,
                "ENDORHEIC": 0,
                "DIS_AV_CMS": 1.68,
                "ORD_STRA": 2,
                "ORD_CLAS": 2,
                "ORD_FLOW": 6,
                "HYBAS_L12": 4121156170.0,
                "Shape_Length": 0.0561886723928789
            },
            "geometry": {
                "type": "LineString",
                "coordinates": [
                    [
                        80.58124999999976,
                        8.310416666666548
                    ],
                    [
                        80.5687499999996,
                        8.310416666666548
                    ],
                    [
                        80.56041666666627,
                        8.318749999999874
                    ],
                    [
                        80.56458333333305,
                        8.322916666666522
                    ],
                    [
                        80.56041666666627,
                        8.327083333333185
                    ],
                    [
                        80.56041666666627,
                        8.33541666666654
                    ],
                    [
                        80.55208333333306,
                        8.343749999999865
                    ]
                ]
            }
        },
        {
            "type": "Feature",
            "properties": {
                "HYRIV_ID": 41400427,
                "NEXT_DOWN": 41400426,
                "MAIN_RIV": 41397865,
                "LENGTH_KM": 3.86,
                "DIST_DN_KM": 114.4,
                "DIST_UP_KM": 14.5,
                "CATCH_SKM": 15.51,
                "UPLAND_SKM": 70.300003,
                "ENDORHEIC": 0,
                "DIS_AV_CMS": 1.0880001,
                "ORD_STRA": 2,
                "ORD_CLAS": 2,
                "ORD_FLOW": 6,
                "HYBAS_L12": 4121156170.0,
                "Shape_Length": 0.035059223176442285
            },
            "geometry": {
                "type": "LineString",
                "coordinates": [
                    [
                        80.61458333333294,
                        8.31458333333321
                    ],
                    [
                        80.5854166666663,
                        8.31458333333321
                    ],
                    [
                        80.58124999999976,
                        8.310416666666548
                    ]
                ]
            }
        },
        {
            "type": "Feature",
            "properties": {
                "HYRIV_ID": 41400466,
                "NEXT_DOWN": 41400426,
                "MAIN_RIV": 41397865,
                "LENGTH_KM": 1.4400001,
                "DIST_DN_KM": 114.2,
                "DIST_UP_KM": 5.3,
                "CATCH_SKM": 12.74,
                "UPLAND_SKM": 12.7,
                "ENDORHEIC": 0,
                "DIS_AV_CMS": 0.197,
                "ORD_STRA": 1,
                "ORD_CLAS": 3,
                "ORD_FLOW": 7,
                "HYBAS_L12": 4121156170.0,
                "Shape_Length": 0.013005501431454812
            },
            "geometry": {
                "type": "LineString",
                "coordinates": [
                    [
                        80.58749999999966,
                        8.299999999999862
                    ],
                    [
                        80.58124999999976,
                        8.306249999999856
                    ],
                    [
                        80.58124999999976,
                        8.310416666666548
                    ]
                ]
            }
        },
        {
            "type": "Feature",
            "properties": {
                "HYRIV_ID": 41400467,
                "NEXT_DOWN": 41400427,
                "MAIN_RIV": 41397865,
                "LENGTH_KM": 2.87,
                "DIST_DN_KM": 118.2,
                "DIST_UP_KM": 10.7,
                "CATCH_SKM": 12.74,
                "UPLAND_SKM": 46.5,
                "ENDORHEIC": 0,
                "DIS_AV_CMS": 0.73,
                "ORD_STRA": 2,
                "ORD_CLAS": 2,
                "ORD_FLOW": 7,
                "HYBAS_L12": 4121156170.0,
                "Shape_Length": 0.026011002863033657
            },
            "geometry": {
                "type": "LineString",
                "coordinates": [
                    [
                        80.63541666666632,
                        8.302083333333194
                    ],
                    [
                        80.62708333333299,
                        8.302083333333194
                    ],
                    [
                        80.61458333333294,
                        8.31458333333321
                    ]
                ]
            }
        },
        {
            "type": "Feature",
            "properties": {
                "HYRIV_ID": 41400468,
                "NEXT_DOWN": 41400467,
                "MAIN_RIV": 41397865,
                "LENGTH_KM": 2.9100001,
                "DIST_DN_KM": 120.9,
                "DIST_UP_KM": 6.0,
                "CATCH_SKM": 11.47,
                "UPLAND_SKM": 11.5,
                "ENDORHEIC": 0,
                "DIS_AV_CMS": 0.18,
                "ORD_STRA": 1,
                "ORD_CLAS": 3,
                "ORD_FLOW": 7,
                "HYBAS_L12": 4121156170.0,
                "Shape_Length": 0.026368446353076818
            },
            "geometry": {
                "type": "LineString",
                "coordinates": [
                    [
                        80.65416666666627,
                        8.31458333333321
                    ],
                    [
                        80.6479166666663,
                        8.31458333333321
                    ],
                    [
                        80.64374999999964,
                        8.310416666666548
                    ],
                    [
                        80.63958333333298,
                        8.310416666666548
                    ],
                    [
                        80.63541666666632,
                        8.306249999999856
                    ],
                    [
                        80.63541666666632,
                        8.302083333333194
                    ]
                ]
            }
        },
        {
            "type": "Feature",
            "properties": {
                "HYRIV_ID": 41400485,
                "NEXT_DOWN": 41400239,
                "MAIN_RIV": 41397865,
                "LENGTH_KM": 7.1500001,
                "DIST_DN_KM": 92.5,
                "DIST_UP_KM": 69.0,
                "CATCH_SKM": 29.950001,
                "UPLAND_SKM": 750.0,
                "ENDORHEIC": 0,
                "DIS_AV_CMS": 11.474,
                "ORD_STRA": 3,
                "ORD_CLAS": 1,
                "ORD_FLOW": 5,
                "HYBAS_L12": 4121601020.0,
                "Shape_Length": 0.0645220057260123
            },
            "geometry": {
                "type": "LineString",
                "coordinates": [
                    [
                        80.39374999999964,
                        8.29791666666653
                    ],
                    [
                        80.39374999999964,
                        8.310416666666548
                    ],
                    [
                        80.38958333333298,
                        8.31458333333321
                    ],
                    [
                        80.38958333333298,
                        8.318749999999874
                    ],
                    [
                        80.39374999999964,
                        8.322916666666522
                    ],
                    [
                        80.39374999999964,
                        8.327083333333185
                    ],
                    [
                        80.40624999999969,
                        8.339583333333202
                    ],
                    [
                        80.40624999999969,
                        8.347916666666556
                    ],
                    [
                        80.41041666666635,
                        8.352083333333177
                    ]
                ]
            }
        },
        {
            "type": "Feature",
            "properties": {
                "HYRIV_ID": 41400486,
                "NEXT_DOWN": 41400370,
                "MAIN_RIV": 41397865,
                "LENGTH_KM": 7.8400002,
                "DIST_DN_KM": 97.400002,
                "DIST_UP_KM": 11.6,
                "CATCH_SKM": 32.5,
                "UPLAND_SKM": 32.5,
                "ENDORHEIC": 0,
                "DIS_AV_CMS": 0.473,
                "ORD_STRA": 1,
                "ORD_CLAS": 2,
                "ORD_FLOW": 7,
                "HYBAS_L12": 4121601020.0,
                "Shape_Length": 0.07092006366745247
            },
            "geometry": {
                "type": "LineString",
                "coordinates": [
                    [
                        80.49583333333302,
                        8.304166666666568
                    ],
                    [
                        80.48958333333294,
                        8.29791666666653
                    ],
                    [
                        80.48541666666628,
                        8.29791666666653
                    ],
                    [
                        80.47708333333296,
                        8.306249999999856
                    ],
                    [
                        80.4729166666663,
                        8.306249999999856
                    ],
                    [
                        80.46874999999963,
                        8.302083333333194
                    ],
                    [
                        80.4604166666663,
                        8.302083333333194
                    ],
                    [
                        80.4437499999996,
                        8.318749999999874
                    ],
                    [
                        80.4437499999996,
                        8.322916666666522
                    ]
                ]
            }
        },
        {
            "type": "Feature",
            "properties": {
                "HYRIV_ID": 41400505,
                "NEXT_DOWN": 41400485,
                "MAIN_RIV": 41397865,
                "LENGTH_KM": 1.9,
                "DIST_DN_KM": 99.5,
                "DIST_UP_KM": 5.4,
                "CATCH_SKM": 13.38,
                "UPLAND_SKM": 13.4,
                "ENDORHEIC": 0,
                "DIS_AV_CMS": 0.188,
                "ORD_STRA": 1,
                "ORD_CLAS": 2,
                "ORD_FLOW": 7,
                "HYBAS_L12": 4121601020.0,
                "Shape_Length": 0.017172168098159607
            },
            "geometry": {
                "type": "LineString",
                "coordinates": [
                    [
                        80.3791666666663,
                        8.29166666666655
                    ],
                    [
                        80.38541666666632,
                        8.29791666666653
                    ],
                    [
                        80.39374999999964,
                        8.29791666666653
                    ]
                ]
            }
        },
        {
            "type": "Feature",
            "properties": {
                "HYRIV_ID": 41400549,
                "NEXT_DOWN": 41400467,
                "MAIN_RIV": 41397865,
                "LENGTH_KM": 4.77,
                "DIST_DN_KM": 120.9,
                "DIST_UP_KM": 8.0,
                "CATCH_SKM": 22.3,
                "UPLAND_SKM": 22.3,
                "ENDORHEIC": 0,
                "DIS_AV_CMS": 0.354,
                "ORD_STRA": 1,
                "ORD_CLAS": 2,
                "ORD_FLOW": 7,
                "HYBAS_L12": 4121156170.0,
                "Shape_Length": 0.043183170961122924
            },
            "geometry": {
                "type": "LineString",
                "coordinates": [
                    [
                        80.67083333333292,
                        8.283333333333182
                    ],
                    [
                        80.66458333333301,
                        8.28958333333322
                    ],
                    [
                        80.66041666666635,
                        8.28958333333322
                    ],
                    [
                        80.65208333333297,
                        8.29791666666653
                    ],
                    [
                        80.6479166666663,
                        8.29791666666653
                    ],
                    [
                        80.64374999999964,
                        8.302083333333194
                    ],
                    [
                        80.63541666666632,
                        8.302083333333194
                    ]
                ]
            }
        },
        {
            "type": "Feature",
            "properties": {
                "HYRIV_ID": 41400563,
                "NEXT_DOWN": 41400485,
                "MAIN_RIV": 41397865,
                "LENGTH_KM": 2.4200001,
                "DIST_DN_KM": 99.699997,
                "DIST_UP_KM": 61.8,
                "CATCH_SKM": 5.7399998,
                "UPLAND_SKM": 706.70001,
                "ENDORHEIC": 0,
                "DIS_AV_CMS": 11.004,
                "ORD_STRA": 3,
                "ORD_CLAS": 1,
                "ORD_FLOW": 5,
                "HYBAS_L12": 4121601020.0,
                "Shape_Length": 0.021844336196360732
            },
            "geometry": {
                "type": "LineString",
                "coordinates": [
                    [
                        80.40624999999969,
                        8.281249999999865
                    ],
                    [
                        80.40208333333302,
                        8.285416666666556
                    ],
                    [
                        80.40208333333302,
                        8.28958333333322
                    ],
                    [
                        80.39374999999964,
                        8.29791666666653
                    ]
                ]
            }
        },
        {
            "type": "Feature",
            "properties": {
                "HYRIV_ID": 41400648,
                "NEXT_DOWN": 41400563,
                "MAIN_RIV": 41397865,
                "LENGTH_KM": 7.12,
                "DIST_DN_KM": 101.9,
                "DIST_UP_KM": 59.599998,
                "CATCH_SKM": 29.1,
                "UPLAND_SKM": 630.0,
                "ENDORHEIC": 0,
                "DIS_AV_CMS": 9.9040003,
                "ORD_STRA": 3,
                "ORD_CLAS": 1,
                "ORD_FLOW": 6,
                "HYBAS_L12": 4121601100.0,
                "Shape_Length": 0.06452200572589548
            },
            "geometry": {
                "type": "LineString",
                "coordinates": [
                    [
                        80.4604166666663,
                        8.256249999999874
                    ],
                    [
                        80.45208333333292,
                        8.256249999999874
                    ],
                    [
                        80.4437499999996,
                        8.264583333333185
                    ],
                    [
                        80.43958333333305,
                        8.264583333333185
                    ],
                    [
                        80.43541666666627,
                        8.26874999999989
                    ],
                    [
                        80.42708333333306,
                        8.26874999999989
                    ],
                    [
                        80.41874999999968,
                        8.277083333333202
                    ],
                    [
                        80.41458333333301,
                        8.277083333333202
                    ],
                    [
                        80.41041666666635,
                        8.281249999999865
                    ],
                    [
                        80.40624999999969,
                        8.281249999999865
                    ]
                ]
            }
        },
        {
            "type": "Feature",
            "properties": {
                "HYRIV_ID": 41400649,
                "NEXT_DOWN": 41400648,
                "MAIN_RIV": 41397865,
                "LENGTH_KM": 2.72,
                "DIST_DN_KM": 109.0,
                "DIST_UP_KM": 8.0,
                "CATCH_SKM": 17.42,
                "UPLAND_SKM": 17.4,
                "ENDORHEIC": 0,
                "DIS_AV_CMS": 0.259,
                "ORD_STRA": 1,
                "ORD_CLAS": 2,
                "ORD_FLOW": 7,
                "HYBAS_L12": 4121601100.0,
                "Shape_Length": 0.024642556509936537
            },
            "geometry": {
                "type": "LineString",
                "coordinates": [
                    [
                        80.47916666666637,
                        8.264583333333185
                    ],
                    [
                        80.46874999999963,
                        8.264583333333185
                    ],
                    [
                        80.46458333333297,
                        8.260416666666522
                    ],
                    [
                        80.46458333333297,
                        8.256249999999874
                    ],
                    [
                        80.4604166666663,
                        8.256249999999874
                    ]
                ]
            }
        },
        {
            "type": "Feature",
            "properties": {
                "HYRIV_ID": 41400707,
                "NEXT_DOWN": 41400648,
                "MAIN_RIV": 41397865,
                "LENGTH_KM": 2.87,
                "DIST_DN_KM": 109.2,
                "DIST_UP_KM": 52.3,
                "CATCH_SKM": 14.23,
                "UPLAND_SKM": 583.5,
                "ENDORHEIC": 0,
                "DIS_AV_CMS": 9.3330002,
                "ORD_STRA": 3,
                "ORD_CLAS": 1,
                "ORD_FLOW": 6,
                "HYBAS_L12": 4121601100.0,
                "Shape_Length": 0.02601100286297336
            },
            "geometry": {
                "type": "LineString",
                "coordinates": [
                    [
                        80.48124999999962,
                        8.243749999999885
                    ],
                    [
                        80.47708333333296,
                        8.243749999999885
                    ],
                    [
                        80.46874999999963,
                        8.25208333333321
                    ],
                    [
                        80.46458333333297,
                        8.25208333333321
                    ],
                    [
                        80.4604166666663,
                        8.256249999999874
                    ]
                ]
            }
        },
        {
            "type": "Feature",
            "properties": {
                "HYRIV_ID": 41400708,
                "NEXT_DOWN": 41400707,
                "MAIN_RIV": 41397865,
                "LENGTH_KM": 2.75,
                "DIST_DN_KM": 111.9,
                "DIST_UP_KM": 49.599998,
                "CATCH_SKM": 7.8600001,
                "UPLAND_SKM": 526.59998,
                "ENDORHEIC": 0,
                "DIS_AV_CMS": 8.4899998,
                "ORD_STRA": 3,
                "ORD_CLAS": 1,
                "ORD_FLOW": 6,
                "HYBAS_L12": 4121601130.0,
                "Shape_Length": 0.025000000000034106
            },
            "geometry": {
                "type": "LineString",
                "coordinates": [
                    [
                        80.50624999999965,
                        8.243749999999885
                    ],
                    [
                        80.48124999999962,
                        8.243749999999885
                    ]
                ]
            }
        },
        {
            "type": "Feature",
            "properties": {
                "HYRIV_ID": 41400709,
                "NEXT_DOWN": 41400708,
                "MAIN_RIV": 41397865,
                "LENGTH_KM": 2.29,
                "DIST_DN_KM": 114.7,
                "DIST_UP_KM": 46.8,
                "CATCH_SKM": 7.2199998,
                "UPLAND_SKM": 499.79999,
                "ENDORHEIC": 0,
                "DIS_AV_CMS": 8.1210003,
                "ORD_STRA": 3,
                "ORD_CLAS": 1,
                "ORD_FLOW": 6,
                "HYBAS_L12": 4121601130.0,
                "Shape_Length": 0.02083333333337123
            },
            "geometry": {
                "type": "LineString",
                "coordinates": [
                    [
                        80.52708333333302,
                        8.243749999999885
                    ],
                    [
                        80.50624999999965,
                        8.243749999999885
                    ]
                ]
            }
        },
        {
            "type": "Feature",
            "properties": {
                "HYRIV_ID": 41400710,
                "NEXT_DOWN": 41400709,
                "MAIN_RIV": 41397865,
                "LENGTH_KM": 1.4400001,
                "DIST_DN_KM": 117.0,
                "DIST_UP_KM": 4.5,
                "CATCH_SKM": 11.05,
                "UPLAND_SKM": 11.0,
                "ENDORHEIC": 0,
                "DIS_AV_CMS": 0.168,
                "ORD_STRA": 1,
                "ORD_CLAS": 2,
                "ORD_FLOW": 7,
                "HYBAS_L12": 4121601130.0,
                "Shape_Length": 0.013005501431466584
            },
            "geometry": {
                "type": "LineString",
                "coordinates": [
                    [
                        80.53333333333299,
                        8.254166666666542
                    ],
                    [
                        80.52708333333302,
                        8.247916666666548
                    ],
                    [
                        80.52708333333302,
                        8.243749999999885
                    ]
                ]
            }
        },
        {
            "type": "Feature",
            "properties": {
                "HYRIV_ID": 41400711,
                "NEXT_DOWN": 41400709,
                "MAIN_RIV": 41397865,
                "LENGTH_KM": 1.38,
                "DIST_DN_KM": 117.0,
                "DIST_UP_KM": 44.5,
                "CATCH_SKM": 4.25,
                "UPLAND_SKM": 481.5,
                "ENDORHEIC": 0,
                "DIS_AV_CMS": 7.8850002,
                "ORD_STRA": 3,
                "ORD_CLAS": 1,
                "ORD_FLOW": 6,
                "HYBAS_L12": 4121601130.0,
                "Shape_Length": 0.012499999999988631
            },
            "geometry": {
                "type": "LineString",
                "coordinates": [
                    [
                        80.53958333333301,
                        8.243749999999885
                    ],
                    [
                        80.52708333333302,
                        8.243749999999885
                    ]
                ]
            }
        },
        {
            "type": "Feature",
            "properties": {
                "HYRIV_ID": 41400729,
                "NEXT_DOWN": 41400711,
                "MAIN_RIV": 41397865,
                "LENGTH_KM": 0.65,
                "DIST_DN_KM": 118.5,
                "DIST_UP_KM": 43.0,
                "CATCH_SKM": 1.06,
                "UPLAND_SKM": 430.89999,
                "ENDORHEIC": 0,
                "DIS_AV_CMS": 7.1009998,
                "ORD_STRA": 3,
                "ORD_CLAS": 1,
                "ORD_FLOW": 6,
                "HYBAS_L12": 4121601130.0,
                "Shape_Length": 0.005892556509902633
            },
            "geometry": {
                "type": "LineString",
                "coordinates": [
                    [
                        80.54374999999968,
                        8.239583333333194
                    ],
                    [
                        80.53958333333301,
                        8.243749999999885
                    ]
                ]
            }
        },
        {
            "type": "Feature",
            "properties": {
                "HYRIV_ID": 41400730,
                "NEXT_DOWN": 41400729,
                "MAIN_RIV": 41397865,
                "LENGTH_KM": 2.28,
                "DIST_DN_KM": 119.2,
                "DIST_UP_KM": 5.3,
                "CATCH_SKM": 12.11,
                "UPLAND_SKM": 12.1,
                "ENDORHEIC": 0,
                "DIS_AV_CMS": 0.18700001,
                "ORD_STRA": 1,
                "ORD_CLAS": 2,
                "ORD_FLOW": 7,
                "HYBAS_L12": 4121601130.0,
                "Shape_Length": 0.02062394778458888
            },
            "geometry": {
                "type": "LineString",
                "coordinates": [
                    [
                        80.55833333333297,
                        8.254166666666542
                    ],
                    [
                        80.54374999999968,
                        8.239583333333194
                    ]
                ]
            }
        },
        {
            "type": "Feature",
            "properties": {
                "HYRIV_ID": 41400731,
                "NEXT_DOWN": 41400797,
                "MAIN_RIV": 41397865,
                "LENGTH_KM": 5.8800001,
                "DIST_DN_KM": 129.3,
                "DIST_UP_KM": 9.2,
                "CATCH_SKM": 27.83,
                "UPLAND_SKM": 27.8,
                "ENDORHEIC": 0,
                "DIS_AV_CMS": 0.445,
                "ORD_STRA": 1,
                "ORD_CLAS": 3,
                "ORD_FLOW": 7,
                "HYBAS_L12": 4121156440.0,
                "Shape_Length": 0.05324239413784576
            },
            "geometry": {
                "type": "LineString",
                "coordinates": [
                    [
                        80.6583333333331,
                        8.237499999999862
                    ],
                    [
                        80.65208333333297,
                        8.243749999999885
                    ],
                    [
                        80.6479166666663,
                        8.243749999999885
                    ],
                    [
                        80.64374999999964,
                        8.247916666666548
                    ],
                    [
                        80.63541666666632,
                        8.247916666666548
                    ],
                    [
                        80.63124999999965,
                        8.25208333333321
                    ],
                    [
                        80.62291666666627,
                        8.25208333333321
                    ],
                    [
                        80.61458333333294,
                        8.243749999999885
                    ]
                ]
            }
        },
        {
            "type": "Feature",
            "properties": {
                "HYRIV_ID": 41400796,
                "NEXT_DOWN": 41400729,
                "MAIN_RIV": 41397865,
                "LENGTH_KM": 2.87,
                "DIST_DN_KM": 119.2,
                "DIST_UP_KM": 42.3,
                "CATCH_SKM": 7.2199998,
                "UPLAND_SKM": 417.79999,
                "ENDORHEIC": 0,
                "DIS_AV_CMS": 6.9039998,
                "ORD_STRA": 3,
                "ORD_CLAS": 1,
                "ORD_FLOW": 6,
                "HYBAS_L12": 4121601130.0,
                "Shape_Length": 0.02601100286298686
            },
            "geometry": {
                "type": "LineString",
                "coordinates": [
                    [
                        80.56458333333305,
                        8.22708333333322
                    ],
                    [
                        80.56041666666627,
                        8.231249999999868
                    ],
                    [
                        80.55624999999972,
                        8.231249999999868
                    ],
                    [
                        80.55208333333306,
                        8.23541666666653
                    ],
                    [
                        80.54791666666634,
                        8.23541666666653
                    ],
                    [
                        80.54374999999968,
                        8.239583333333194
                    ]
                ]
            }
        },
        {
            "type": "Feature",
            "properties": {
                "HYRIV_ID": 41400797,
                "NEXT_DOWN": 41400796,
                "MAIN_RIV": 41397865,
                "LENGTH_KM": 7.2,
                "DIST_DN_KM": 121.9,
                "DIST_UP_KM": 28.9,
                "CATCH_SKM": 23.58,
                "UPLAND_SKM": 137.2,
                "ENDORHEIC": 0,
                "DIS_AV_CMS": 2.207,
                "ORD_STRA": 2,
                "ORD_CLAS": 2,
                "ORD_FLOW": 6,
                "HYBAS_L12": 4121156440.0,
                "Shape_Length": 0.06523689270609132
            },
            "geometry": {
                "type": "LineString",
                "coordinates": [
                    [
                        80.61458333333294,
                        8.243749999999885
                    ],
                    [
                        80.61041666666628,
                        8.243749999999885
                    ],
                    [
                        80.60624999999962,
                        8.247916666666548
                    ],
                    [
                        80.5979166666663,
                        8.247916666666548
                    ],
                    [
                        80.59374999999963,
                        8.243749999999885
                    ],
                    [
                        80.5854166666663,
                        8.243749999999885
                    ],
                    [
                        80.58124999999976,
                        8.239583333333194
                    ],
                    [
                        80.58124999999976,
                        8.23541666666653
                    ],
                    [
                        80.57708333333292,
                        8.231249999999868
                    ],
                    [
                        80.57708333333292,
                        8.22708333333322
                    ],
                    [
                        80.56458333333305,
                        8.22708333333322
                    ]
                ]
            }
        },
        {
            "type": "Feature",
            "properties": {
                "HYRIV_ID": 41400820,
                "NEXT_DOWN": 41400796,
                "MAIN_RIV": 41397865,
                "LENGTH_KM": 0.65,
                "DIST_DN_KM": 122.0,
                "DIST_UP_KM": 39.5,
                "CATCH_SKM": 0.42,
                "UPLAND_SKM": 273.29999,
                "ENDORHEIC": 0,
                "DIS_AV_CMS": 4.619,
                "ORD_STRA": 3,
                "ORD_CLAS": 1,
                "ORD_FLOW": 6,
                "HYBAS_L12": 4121156450.0,
                "Shape_Length": 0.005892556509802148
            },
            "geometry": {
                "type": "LineString",
                "coordinates": [
                    [
                        80.5687499999996,
                        8.222916666666556
                    ],
                    [
                        80.56458333333305,
                        8.22708333333322
                    ]
                ]
            }
        },
        {
            "type": "Feature",
            "properties": {
                "HYRIV_ID": 41400821,
                "NEXT_DOWN": 41400797,
                "MAIN_RIV": 41397865,
                "LENGTH_KM": 2.8800001,
                "DIST_DN_KM": 129.10001,
                "DIST_UP_KM": 21.700001,
                "CATCH_SKM": 6.1599998,
                "UPLAND_SKM": 85.800003,
                "ENDORHEIC": 0,
                "DIS_AV_CMS": 1.418,
                "ORD_STRA": 2,
                "ORD_CLAS": 2,
                "ORD_FLOW": 6,
                "HYBAS_L12": 4121156440.0,
                "Shape_Length": 0.026011002863031932
            },
            "geometry": {
                "type": "LineString",
                "coordinates": [
                    [
                        80.62708333333299,
                        8.222916666666556
                    ],
                    [
                        80.61458333333294,
                        8.23541666666653
                    ],
                    [
                        80.61458333333294,
                        8.243749999999885
                    ]
                ]
            }
        },
        {
            "type": "Feature",
            "properties": {
                "HYRIV_ID": 41400836,
                "NEXT_DOWN": 41400821,
                "MAIN_RIV": 41397865,
                "LENGTH_KM": 0.98,
                "DIST_DN_KM": 132.10001,
                "DIST_UP_KM": 4.5,
                "CATCH_SKM": 6.8,
                "UPLAND_SKM": 6.8,
                "ENDORHEIC": 0,
                "DIS_AV_CMS": 0.111,
                "ORD_STRA": 1,
                "ORD_CLAS": 3,
                "ORD_FLOW": 7,
                "HYBAS_L12": 4121156440.0,
                "Shape_Length": 0.008838834764823805
            },
            "geometry": {
                "type": "LineString",
                "coordinates": [
                    [
                        80.62083333333302,
                        8.216666666666534
                    ],
                    [
                        80.62708333333299,
                        8.222916666666556
                    ]
                ]
            }
        },
        {
            "type": "Feature",
            "properties": {
                "HYRIV_ID": 41400850,
                "NEXT_DOWN": 41400820,
                "MAIN_RIV": 41397865,
                "LENGTH_KM": 2.55,
                "DIST_DN_KM": 122.7,
                "DIST_UP_KM": 6.0,
                "CATCH_SKM": 8.71,
                "UPLAND_SKM": 8.7,
                "ENDORHEIC": 0,
                "DIS_AV_CMS": 0.14,
                "ORD_STRA": 1,
                "ORD_CLAS": 2,
                "ORD_FLOW": 7,
                "HYBAS_L12": 4121156450.0,
                "Shape_Length": 0.023064724608129136
            },
            "geometry": {
                "type": "LineString",
                "coordinates": [
                    [
                        80.58749999999966,
                        8.21249999999987
                    ],
                    [
                        80.58124999999976,
                        8.21874999999985
                    ],
                    [
                        80.57291666666637,
                        8.21874999999985
                    ],
                    [
                        80.5687499999996,
                        8.222916666666556
                    ]
                ]
            }
        },
        {
            "type": "Feature",
            "properties": {
                "HYRIV_ID": 41400885,
                "NEXT_DOWN": 41400821,
                "MAIN_RIV": 41397865,
                "LENGTH_KM": 3.52,
                "DIST_DN_KM": 131.89999,
                "DIST_UP_KM": 18.8,
                "CATCH_SKM": 11.26,
                "UPLAND_SKM": 72.900002,
                "ENDORHEIC": 0,
                "DIS_AV_CMS": 1.214,
                "ORD_STRA": 2,
                "ORD_CLAS": 2,
                "ORD_FLOW": 6,
                "HYBAS_L12": 4121156440.0,
                "Shape_Length": 0.03190355937287599
            },
            "geometry": {
                "type": "LineString",
                "coordinates": [
                    [
                        80.65208333333297,
                        8.206249999999876
                    ],
                    [
                        80.6479166666663,
                        8.21041666666654
                    ],
                    [
                        80.64374999999964,
                        8.21041666666654
                    ],
                    [
                        80.63124999999965,
                        8.222916666666556
                    ],
                    [
                        80.62708333333299,
                        8.222916666666556
                    ]
                ]
            }
        },
        {
            "type": "Feature",
            "properties": {
                "HYRIV_ID": 41400886,
                "NEXT_DOWN": 41400885,
                "MAIN_RIV": 41397865,
                "LENGTH_KM": 0.69,
                "DIST_DN_KM": 135.5,
                "DIST_UP_KM": 4.6,
                "CATCH_SKM": 7.2199998,
                "UPLAND_SKM": 7.2,
                "ENDORHEIC": 0,
                "DIS_AV_CMS": 0.119,
                "ORD_STRA": 1,
                "ORD_CLAS": 3,
                "ORD_FLOW": 7,
                "HYBAS_L12": 4121156440.0,
                "Shape_Length": 0.006250000000136424
            },
            "geometry": {
                "type": "LineString",
                "coordinates": [
                    [
                        80.6583333333331,
                        8.206249999999876
                    ],
                    [
                        80.65208333333297,
                        8.206249999999876
                    ]
                ]
            }
        },
        {
            "type": "Feature",
            "properties": {
                "HYRIV_ID": 41400914,
                "NEXT_DOWN": 41400820,
                "MAIN_RIV": 41397865,
                "LENGTH_KM": 3.53,
                "DIST_DN_KM": 122.5,
                "DIST_UP_KM": 39.0,
                "CATCH_SKM": 7.2199998,
                "UPLAND_SKM": 264.20001,
                "ENDORHEIC": 0,
                "DIS_AV_CMS": 4.4770002,
                "ORD_STRA": 3,
                "ORD_CLAS": 1,
                "ORD_FLOW": 6,
                "HYBAS_L12": 4121156450.0,
                "Shape_Length": 0.03190355937306936
            },
            "geometry": {
                "type": "LineString",
                "coordinates": [
                    [
                        80.57708333333292,
                        8.197916666666522
                    ],
                    [
                        80.5687499999996,
                        8.206249999999876
                    ],
                    [
                        80.5687499999996,
                        8.21041666666654
                    ],
                    [
                        80.57291666666637,
                        8.214583333333202
                    ],
                    [
                        80.5687499999996,
                        8.21874999999985
                    ],
                    [
                        80.5687499999996,
                        8.222916666666556
                    ]
                ]
            }
        },
        {
            "type": "Feature",
            "properties": {
                "HYRIV_ID": 41400915,
                "NEXT_DOWN": 41400914,
                "MAIN_RIV": 41397865,
                "LENGTH_KM": 0.69,
                "DIST_DN_KM": 126.0,
                "DIST_UP_KM": 4.5,
                "CATCH_SKM": 7.6500001,
                "UPLAND_SKM": 7.6,
                "ENDORHEIC": 0,
                "DIS_AV_CMS": 0.125,
                "ORD_STRA": 1,
                "ORD_CLAS": 2,
                "ORD_FLOW": 7,
                "HYBAS_L12": 4121156450.0,
                "Shape_Length": 0.006250000000079581
            },
            "geometry": {
                "type": "LineString",
                "coordinates": [
                    [
                        80.583333333333,
                        8.197916666666522
                    ],
                    [
                        80.57708333333292,
                        8.197916666666522
                    ]
                ]
            }
        },
        {
            "type": "Feature",
            "properties": {
                "HYRIV_ID": 41400929,
                "NEXT_DOWN": 41400885,
                "MAIN_RIV": 41397865,
                "LENGTH_KM": 2.4100001,
                "DIST_DN_KM": 135.7,
                "DIST_UP_KM": 15.1,
                "CATCH_SKM": 10.62,
                "UPLAND_SKM": 54.400002,
                "ENDORHEIC": 0,
                "DIS_AV_CMS": 0.91799998,
                "ORD_STRA": 2,
                "ORD_CLAS": 2,
                "ORD_FLOW": 7,
                "HYBAS_L12": 4121156440.0,
                "Shape_Length": 0.02184433619638743
            },
            "geometry": {
                "type": "LineString",
                "coordinates": [
                    [
                        80.66874999999968,
                        8.19374999999986
                    ],
                    [
                        80.66041666666635,
                        8.202083333333228
                    ],
                    [
                        80.65624999999963,
                        8.202083333333228
                    ],
                    [
                        80.65208333333297,
                        8.206249999999876
                    ]
                ]
            }
        },
        {
            "type": "Feature",
            "properties": {
                "HYRIV_ID": 41400951,
                "NEXT_DOWN": 41400563,
                "MAIN_RIV": 41397865,
                "LENGTH_KM": 13.79,
                "DIST_DN_KM": 102.1,
                "DIST_UP_KM": 16.5,
                "CATCH_SKM": 70.959999,
                "UPLAND_SKM": 71.0,
                "ENDORHEIC": 0,
                "DIS_AV_CMS": 1.058,
                "ORD_STRA": 1,
                "ORD_CLAS": 2,
                "ORD_FLOW": 6,
                "HYBAS_L12": 4121601100.0,
                "Shape_Length": 0.12451990129520386
            },
            "geometry": {
                "type": "LineString",
                "coordinates": [
                    [
                        80.44999999999968,
                        8.185416666666548
                    ],
                    [
                        80.4437499999996,
                        8.185416666666548
                    ],
                    [
                        80.43541666666627,
                        8.19374999999986
                    ],
                    [
                        80.43541666666627,
                        8.21874999999985
                    ],
                    [
                        80.4229166666664,
                        8.231249999999868
                    ],
                    [
                        80.4229166666664,
                        8.23541666666653
                    ],
                    [
                        80.41874999999968,
                        8.239583333333194
                    ],
                    [
                        80.41874999999968,
                        8.243749999999885
                    ],
                    [
                        80.41458333333301,
                        8.247916666666548
                    ],
                    [
                        80.41458333333301,
                        8.25208333333321
                    ],
                    [
                        80.40624999999969,
                        8.260416666666522
                    ],
                    [
                        80.40624999999969,
                        8.264583333333185
                    ],
                    [
                        80.40208333333302,
                        8.26874999999989
                    ],
                    [
                        80.40624999999969,
                        8.27291666666654
                    ],
                    [
                        80.40208333333302,
                        8.277083333333202
                    ],
                    [
                        80.40624999999969,
                        8.281249999999865
                    ]
                ]
            }
        },
        {
            "type": "Feature",
            "properties": {
                "HYRIV_ID": 41400952,
                "NEXT_DOWN": 41400708,
                "MAIN_RIV": 41397865,
                "LENGTH_KM": 7.4699998,
                "DIST_DN_KM": 114.7,
                "DIST_UP_KM": 11.3,
                "CATCH_SKM": 18.91,
                "UPLAND_SKM": 18.9,
                "ENDORHEIC": 0,
                "DIS_AV_CMS": 0.297,
                "ORD_STRA": 1,
                "ORD_CLAS": 2,
                "ORD_FLOW": 7,
                "HYBAS_L12": 4121601130.0,
                "Shape_Length": 0.06732022603955137
            },
            "geometry": {
                "type": "LineString",
                "coordinates": [
                    [
                        80.5229166666663,
                        8.183333333333216
                    ],
                    [
                        80.5229166666663,
                        8.21041666666654
                    ],
                    [
                        80.51874999999964,
                        8.214583333333202
                    ],
                    [
                        80.51874999999964,
                        8.22708333333322
                    ],
                    [
                        80.50624999999965,
                        8.239583333333194
                    ],
                    [
                        80.50624999999965,
                        8.243749999999885
                    ]
                ]
            }
        },
        {
            "type": "Feature",
            "properties": {
                "HYRIV_ID": 41400972,
                "NEXT_DOWN": 41400929,
                "MAIN_RIV": 41397865,
                "LENGTH_KM": 1.62,
                "DIST_DN_KM": 137.89999,
                "DIST_UP_KM": 5.7,
                "CATCH_SKM": 8.0699997,
                "UPLAND_SKM": 8.1,
                "ENDORHEIC": 0,
                "DIS_AV_CMS": 0.13600001,
                "ORD_STRA": 1,
                "ORD_CLAS": 3,
                "ORD_FLOW": 7,
                "HYBAS_L12": 4121156440.0,
                "Shape_Length": 0.014583333333305859
            },
            "geometry": {
                "type": "LineString",
                "coordinates": [
                    [
                        80.66874999999968,
                        8.179166666666553
                    ],
                    [
                        80.66874999999968,
                        8.19374999999986
                    ]
                ]
            }
        },
        {
            "type": "Feature",
            "properties": {
                "HYRIV_ID": 41401000,
                "NEXT_DOWN": 41400914,
                "MAIN_RIV": 41397865,
                "LENGTH_KM": 2.78,
                "DIST_DN_KM": 126.0,
                "DIST_UP_KM": 35.5,
                "CATCH_SKM": 8.71,
                "UPLAND_SKM": 249.3,
                "ENDORHEIC": 0,
                "DIS_AV_CMS": 4.2639999,
                "ORD_STRA": 3,
                "ORD_CLAS": 1,
                "ORD_FLOW": 6,
                "HYBAS_L12": 4121156450.0,
                "Shape_Length": 0.024999999999991473
            },
            "geometry": {
                "type": "LineString",
                "coordinates": [
                    [
                        80.57708333333292,
                        8.17291666666653
                    ],
                    [
                        80.57708333333292,
                        8.197916666666522
                    ]
                ]
            }
        },
        {
            "type": "Feature",
            "properties": {
                "HYRIV_ID": 41401018,
                "NEXT_DOWN": 41401000,
                "MAIN_RIV": 41397865,
                "LENGTH_KM": 4.29,
                "DIST_DN_KM": 128.8,
                "DIST_UP_KM": 7.8,
                "CATCH_SKM": 17.85,
                "UPLAND_SKM": 17.8,
                "ENDORHEIC": 0,
                "DIS_AV_CMS": 0.294,
                "ORD_STRA": 1,
                "ORD_CLAS": 2,
                "ORD_FLOW": 7,
                "HYBAS_L12": 4121156450.0,
                "Shape_Length": 0.03886844635321588
            },
            "geometry": {
                "type": "LineString",
                "coordinates": [
                    [
                        80.6124999999997,
                        8.17291666666653
                    ],
                    [
                        80.60208333333296,
                        8.17291666666653
                    ],
                    [
                        80.5979166666663,
                        8.168749999999868
                    ],
                    [
                        80.58958333333297,
                        8.168749999999868
                    ],
                    [
                        80.5854166666663,
                        8.17291666666653
                    ],
                    [
                        80.57708333333292,
                        8.17291666666653
                    ]
                ]
            }
        },
        {
            "type": "Feature",
            "properties": {
                "HYRIV_ID": 41401031,
                "NEXT_DOWN": 41400707,
                "MAIN_RIV": 41397865,
                "LENGTH_KM": 9.79,
                "DIST_DN_KM": 111.9,
                "DIST_UP_KM": 13.0,
                "CATCH_SKM": 42.709999,
                "UPLAND_SKM": 42.700001,
                "ENDORHEIC": 0,
                "DIS_AV_CMS": 0.66799998,
                "ORD_STRA": 1,
                "ORD_CLAS": 2,
                "ORD_FLOW": 7,
                "HYBAS_L12": 4121601130.0,
                "Shape_Length": 0.08815355937286747
            },
            "geometry": {
                "type": "LineString",
                "coordinates": [
                    [
                        80.49791666666627,
                        8.162499999999888
                    ],
                    [
                        80.49791666666627,
                        8.21874999999985
                    ],
                    [
                        80.49374999999966,
                        8.222916666666556
                    ],
                    [
                        80.49374999999966,
                        8.22708333333322
                    ],
                    [
                        80.48124999999962,
                        8.239583333333194
                    ],
                    [
                        80.48124999999962,
                        8.243749999999885
                    ]
                ]
            }
        },
        {
            "type": "Feature",
            "properties": {
                "HYRIV_ID": 41401064,
                "NEXT_DOWN": 41401000,
                "MAIN_RIV": 41397865,
                "LENGTH_KM": 2.6900001,
                "DIST_DN_KM": 129.0,
                "DIST_UP_KM": 32.5,
                "CATCH_SKM": 5.9499998,
                "UPLAND_SKM": 222.7,
                "ENDORHEIC": 0,
                "DIS_AV_CMS": 3.8540001,
                "ORD_STRA": 3,
                "ORD_CLAS": 1,
                "ORD_FLOW": 6,
                "HYBAS_L12": 4121156450.0,
                "Shape_Length": 0.024285113019792175
            },
            "geometry": {
                "type": "LineString",
                "coordinates": [
                    [
                        80.5854166666663,
                        8.15208333333323
                    ],
                    [
                        80.58124999999976,
                        8.15624999999985
                    ],
                    [
                        80.58124999999976,
                        8.168749999999868
                    ],
                    [
                        80.57708333333292,
                        8.17291666666653
                    ]
                ]
            }
        },
        {
            "type": "Feature",
            "properties": {
                "HYRIV_ID": 41401078,
                "NEXT_DOWN": 41401064,
                "MAIN_RIV": 41397865,
                "LENGTH_KM": 7.1599998,
                "DIST_DN_KM": 131.5,
                "DIST_UP_KM": 9.8,
                "CATCH_SKM": 16.57,
                "UPLAND_SKM": 16.6,
                "ENDORHEIC": 0,
                "DIS_AV_CMS": 0.278,
                "ORD_STRA": 1,
                "ORD_CLAS": 2,
                "ORD_FLOW": 7,
                "HYBAS_L12": 4121156450.0,
                "Shape_Length": 0.06487944921605891
            },
            "geometry": {
                "type": "LineString",
                "coordinates": [
                    [
                        80.64166666666628,
                        8.14791666666654
                    ],
                    [
                        80.62708333333299,
                        8.14791666666654
                    ],
                    [
                        80.62291666666627,
                        8.15208333333323
                    ],
                    [
                        80.61874999999961,
                        8.15208333333323
                    ],
                    [
                        80.61458333333294,
                        8.15624999999985
                    ],
                    [
                        80.61041666666628,
                        8.15208333333323
                    ],
                    [
                        80.60624999999962,
                        8.15208333333323
                    ],
                    [
                        80.60208333333296,
                        8.14791666666654
                    ],
                    [
                        80.5979166666663,
                        8.15208333333323
                    ],
                    [
                        80.5854166666663,
                        8.15208333333323
                    ]
                ]
            }
        },
        {
            "type": "Feature",
            "properties": {
                "HYRIV_ID": 41401148,
                "NEXT_DOWN": 41400929,
                "MAIN_RIV": 41397865,
                "LENGTH_KM": 8.1300001,
                "DIST_DN_KM": 138.10001,
                "DIST_UP_KM": 12.7,
                "CATCH_SKM": 35.700001,
                "UPLAND_SKM": 35.700001,
                "ENDORHEIC": 0,
                "DIS_AV_CMS": 0.60799998,
                "ORD_STRA": 1,
                "ORD_CLAS": 2,
                "ORD_FLOW": 7,
                "HYBAS_L12": 4121156440.0,
                "Shape_Length": 0.07336084049073907
            },
            "geometry": {
                "type": "LineString",
                "coordinates": [
                    [
                        80.68749999999963,
                        8.13333333333319
                    ],
                    [
                        80.6937499999996,
                        8.139583333333213
                    ],
                    [
                        80.6937499999996,
                        8.15208333333323
                    ],
                    [
                        80.68541666666638,
                        8.160416666666556
                    ],
                    [
                        80.68541666666638,
                        8.168749999999868
                    ],
                    [
                        80.677083333333,
                        8.177083333333236
                    ],
                    [
                        80.677083333333,
                        8.185416666666548
                    ],
                    [
                        80.66874999999968,
                        8.19374999999986
                    ]
                ]
            }
        },
        {
            "type": "Feature",
            "properties": {
                "HYRIV_ID": 41401177,
                "NEXT_DOWN": 41400711,
                "MAIN_RIV": 41397865,
                "LENGTH_KM": 14.62,
                "DIST_DN_KM": 118.3,
                "DIST_UP_KM": 17.200001,
                "CATCH_SKM": 46.32,
                "UPLAND_SKM": 46.3,
                "ENDORHEIC": 0,
                "DIS_AV_CMS": 0.74299997,
                "ORD_STRA": 1,
                "ORD_CLAS": 2,
                "ORD_FLOW": 7,
                "HYBAS_L12": 4121601130.0,
                "Shape_Length": 0.13169417382416218
            },
            "geometry": {
                "type": "LineString",
                "coordinates": [
                    [
                        80.56249999999963,
                        8.12499999999988
                    ],
                    [
                        80.55624999999972,
                        8.13124999999986
                    ],
                    [
                        80.55624999999972,
                        8.160416666666556
                    ],
                    [
                        80.54791666666634,
                        8.168749999999868
                    ],
                    [
                        80.54791666666634,
                        8.177083333333236
                    ],
                    [
                        80.54374999999968,
                        8.181249999999842
                    ],
                    [
                        80.54374999999968,
                        8.206249999999876
                    ],
                    [
                        80.53958333333301,
                        8.21041666666654
                    ],
                    [
                        80.53958333333301,
                        8.22708333333322
                    ],
                    [
                        80.53541666666635,
                        8.231249999999868
                    ],
                    [
                        80.53541666666635,
                        8.23541666666653
                    ],
                    [
                        80.53958333333301,
                        8.239583333333194
                    ],
                    [
                        80.53958333333301,
                        8.243749999999885
                    ]
                ]
            }
        },
        {
            "type": "Feature",
            "properties": {
                "HYRIV_ID": 41401178,
                "NEXT_DOWN": 41401064,
                "MAIN_RIV": 41397865,
                "LENGTH_KM": 3.1600001,
                "DIST_DN_KM": 131.5,
                "DIST_UP_KM": 30.0,
                "CATCH_SKM": 9.9899998,
                "UPLAND_SKM": 200.2,
                "ENDORHEIC": 0,
                "DIS_AV_CMS": 3.497,
                "ORD_STRA": 3,
                "ORD_CLAS": 1,
                "ORD_FLOW": 6,
                "HYBAS_L12": 4121156450.0,
                "Shape_Length": 0.028451779686477587
            },
            "geometry": {
                "type": "LineString",
                "coordinates": [
                    [
                        80.59374999999963,
                        8.127083333333196
                    ],
                    [
                        80.58958333333297,
                        8.13124999999986
                    ],
                    [
                        80.58958333333297,
                        8.135416666666565
                    ],
                    [
                        80.5854166666663,
                        8.139583333333213
                    ],
                    [
                        80.5854166666663,
                        8.15208333333323
                    ]
                ]
            }
        },
        {
            "type": "Feature",
            "properties": {
                "HYRIV_ID": 41401190,
                "NEXT_DOWN": 41401178,
                "MAIN_RIV": 41397865,
                "LENGTH_KM": 0.65,
                "DIST_DN_KM": 134.89999,
                "DIST_UP_KM": 26.6,
                "CATCH_SKM": 0.21,
                "UPLAND_SKM": 181.10001,
                "ENDORHEIC": 0,
                "DIS_AV_CMS": 3.194,
                "ORD_STRA": 3,
                "ORD_CLAS": 1,
                "ORD_FLOW": 6,
                "HYBAS_L12": 4121156450.0,
                "Shape_Length": 0.005892556509872488
            },
            "geometry": {
                "type": "LineString",
                "coordinates": [
                    [
                        80.5979166666663,
                        8.122916666666548
                    ],
                    [
                        80.59374999999963,
                        8.127083333333196
                    ]
                ]
            }
        },
        {
            "type": "Feature",
            "properties": {
                "HYRIV_ID": 41401226,
                "NEXT_DOWN": 41401178,
                "MAIN_RIV": 41397865,
                "LENGTH_KM": 2.09,
                "DIST_DN_KM": 134.89999,
                "DIST_UP_KM": 5.2,
                "CATCH_SKM": 9.1400003,
                "UPLAND_SKM": 9.1,
                "ENDORHEIC": 0,
                "DIS_AV_CMS": 0.156,
                "ORD_STRA": 1,
                "ORD_CLAS": 2,
                "ORD_FLOW": 7,
                "HYBAS_L12": 4121156450.0,
                "Shape_Length": 0.01889805794135917
            },
            "geometry": {
                "type": "LineString",
                "coordinates": [
                    [
                        80.583333333333,
                        8.112499999999862
                    ],
                    [
                        80.58958333333297,
                        8.118749999999885
                    ],
                    [
                        80.58958333333297,
                        8.122916666666548
                    ],
                    [
                        80.59374999999963,
                        8.127083333333196
                    ]
                ]
            }
        },
        {
            "type": "Feature",
            "properties": {
                "HYRIV_ID": 41401341,
                "NEXT_DOWN": 41401190,
                "MAIN_RIV": 41397865,
                "LENGTH_KM": 7.33,
                "DIST_DN_KM": 135.3,
                "DIST_UP_KM": 26.200001,
                "CATCH_SKM": 27.84,
                "UPLAND_SKM": 154.89999,
                "ENDORHEIC": 0,
                "DIS_AV_CMS": 2.743,
                "ORD_STRA": 3,
                "ORD_CLAS": 1,
                "ORD_FLOW": 6,
                "HYBAS_L12": 4121156450.0,
                "Shape_Length": 0.06624789556921358
            },
            "geometry": {
                "type": "LineString",
                "coordinates": [
                    [
                        80.63541666666632,
                        8.08541666666654
                    ],
                    [
                        80.63124999999965,
                        8.089583333333188
                    ],
                    [
                        80.63124999999965,
                        8.102083333333205
                    ],
                    [
                        80.61458333333294,
                        8.118749999999885
                    ],
                    [
                        80.61458333333294,
                        8.122916666666548
                    ],
                    [
                        80.61041666666628,
                        8.127083333333196
                    ],
                    [
                        80.60624999999962,
                        8.122916666666548
                    ],
                    [
                        80.5979166666663,
                        8.122916666666548
                    ]
                ]
            }
        },
        {
            "type": "Feature",
            "properties": {
                "HYRIV_ID": 41401376,
                "NEXT_DOWN": 41401190,
                "MAIN_RIV": 41397865,
                "LENGTH_KM": 5.9899998,
                "DIST_DN_KM": 135.3,
                "DIST_UP_KM": 9.0,
                "CATCH_SKM": 25.93,
                "UPLAND_SKM": 25.9,
                "ENDORHEIC": 0,
                "DIS_AV_CMS": 0.45100001,
                "ORD_STRA": 1,
                "ORD_CLAS": 2,
                "ORD_FLOW": 7,
                "HYBAS_L12": 4121156450.0,
                "Shape_Length": 0.053957281117969845
            },
            "geometry": {
                "type": "LineString",
                "coordinates": [
                    [
                        80.6124999999997,
                        8.074999999999882
                    ],
                    [
                        80.60624999999962,
                        8.081249999999876
                    ],
                    [
                        80.60624999999962,
                        8.09374999999985
                    ],
                    [
                        80.60208333333296,
                        8.097916666666556
                    ],
                    [
                        80.60208333333296,
                        8.11458333333318
                    ],
                    [
                        80.5979166666663,
                        8.118749999999885
                    ],
                    [
                        80.5979166666663,
                        8.122916666666548
                    ]
                ]
            }
        },
        {
            "type": "Feature",
            "properties": {
                "HYRIV_ID": 41401390,
                "NEXT_DOWN": 41401341,
                "MAIN_RIV": 41397865,
                "LENGTH_KM": 4.25,
                "DIST_DN_KM": 142.7,
                "DIST_UP_KM": 10.9,
                "CATCH_SKM": 12.75,
                "UPLAND_SKM": 31.0,
                "ENDORHEIC": 0,
                "DIS_AV_CMS": 0.547,
                "ORD_STRA": 2,
                "ORD_CLAS": 2,
                "ORD_FLOW": 7,
                "HYBAS_L12": 4121601210.0,
                "Shape_Length": 0.03851100286300879
            },
            "geometry": {
                "type": "LineString",
                "coordinates": [
                    [
                        80.66874999999968,
                        8.072916666666565
                    ],
                    [
                        80.65624999999963,
                        8.072916666666565
                    ],
                    [
                        80.6479166666663,
                        8.081249999999876
                    ],
                    [
                        80.64374999999964,
                        8.081249999999876
                    ],
                    [
                        80.63958333333298,
                        8.08541666666654
                    ],
                    [
                        80.63541666666632,
                        8.08541666666654
                    ]
                ]
            }
        },
        {
            "type": "Feature",
            "properties": {
                "HYRIV_ID": 41401391,
                "NEXT_DOWN": 41401390,
                "MAIN_RIV": 41397865,
                "LENGTH_KM": 2.56,
                "DIST_DN_KM": 147.10001,
                "DIST_UP_KM": 6.5,
                "CATCH_SKM": 8.5,
                "UPLAND_SKM": 8.5,
                "ENDORHEIC": 0,
                "DIS_AV_CMS": 0.15,
                "ORD_STRA": 1,
                "ORD_CLAS": 2,
                "ORD_FLOW": 7,
                "HYBAS_L12": 4121601210.0,
                "Shape_Length": 0.0230647246079919
            },
            "geometry": {
                "type": "LineString",
                "coordinates": [
                    [
                        80.6791666666663,
                        8.09166666666652
                    ],
                    [
                        80.67291666666634,
                        8.08541666666654
                    ],
                    [
                        80.67291666666634,
                        8.077083333333213
                    ],
                    [
                        80.66874999999968,
                        8.072916666666565
                    ]
                ]
            }
        },
        {
            "type": "Feature",
            "properties": {
                "HYRIV_ID": 41401392,
                "NEXT_DOWN": 41401390,
                "MAIN_RIV": 41397865,
                "LENGTH_KM": 1.8,
                "DIST_DN_KM": 146.89999,
                "DIST_UP_KM": 5.1,
                "CATCH_SKM": 9.7799997,
                "UPLAND_SKM": 9.8,
                "ENDORHEIC": 0,
                "DIS_AV_CMS": 0.175,
                "ORD_STRA": 1,
                "ORD_CLAS": 3,
                "ORD_FLOW": 7,
                "HYBAS_L12": 4121601210.0,
                "Shape_Length": 0.01630922317650126
            },
            "geometry": {
                "type": "LineString",
                "coordinates": [
                    [
                        80.68333333333297,
                        8.077083333333213
                    ],
                    [
                        80.677083333333,
                        8.077083333333213
                    ],
                    [
                        80.67291666666634,
                        8.072916666666565
                    ],
                    [
                        80.66874999999968,
                        8.072916666666565
                    ]
                ]
            }
        },
        {
            "type": "Feature",
            "properties": {
                "HYRIV_ID": 41401405,
                "NEXT_DOWN": 41401341,
                "MAIN_RIV": 41397865,
                "LENGTH_KM": 2.04,
                "DIST_DN_KM": 142.7,
                "DIST_UP_KM": 18.8,
                "CATCH_SKM": 4.6799998,
                "UPLAND_SKM": 96.099998,
                "ENDORHEIC": 0,
                "DIS_AV_CMS": 1.749,
                "ORD_STRA": 2,
                "ORD_CLAS": 1,
                "ORD_FLOW": 6,
                "HYBAS_L12": 4121601210.0,
                "Shape_Length": 0.018392556509887102
            },
            "geometry": {
                "type": "LineString",
                "coordinates": [
                    [
                        80.63958333333298,
                        8.06874999999986
                    ],
                    [
                        80.63541666666632,
                        8.072916666666565
                    ],
                    [
                        80.63541666666632,
                        8.08541666666654
                    ]
                ]
            }
        },
        {
            "type": "Feature",
            "properties": {
                "HYRIV_ID": 41401418,
                "NEXT_DOWN": 41401405,
                "MAIN_RIV": 41397865,
                "LENGTH_KM": 0.69,
                "DIST_DN_KM": 144.7,
                "DIST_UP_KM": 3.8,
                "CATCH_SKM": 6.3800001,
                "UPLAND_SKM": 6.4,
                "ENDORHEIC": 0,
                "DIS_AV_CMS": 0.115,
                "ORD_STRA": 1,
                "ORD_CLAS": 2,
                "ORD_FLOW": 7,
                "HYBAS_L12": 4121601210.0,
                "Shape_Length": 0.006249999999994316
            },
            "geometry": {
                "type": "LineString",
                "coordinates": [
                    [
                        80.63958333333298,
                        8.062499999999865
                    ],
                    [
                        80.63958333333298,
                        8.06874999999986
                    ]
                ]
            }
        },
        {
            "type": "Feature",
            "properties": {
                "HYRIV_ID": 41401472,
                "NEXT_DOWN": 41401405,
                "MAIN_RIV": 41397865,
                "LENGTH_KM": 4.4400001,
                "DIST_DN_KM": 144.89999,
                "DIST_UP_KM": 16.6,
                "CATCH_SKM": 13.6,
                "UPLAND_SKM": 85.0,
                "ENDORHEIC": 0,
                "DIS_AV_CMS": 1.558,
                "ORD_STRA": 2,
                "ORD_CLAS": 1,
                "ORD_FLOW": 6,
                "HYBAS_L12": 4121601210.0,
                "Shape_Length": 0.0402368927062118
            },
            "geometry": {
                "type": "LineString",
                "coordinates": [
                    [
                        80.67291666666634,
                        8.052083333333222
                    ],
                    [
                        80.66874999999968,
                        8.056249999999885
                    ],
                    [
                        80.66041666666635,
                        8.056249999999885
                    ],
                    [
                        80.65624999999963,
                        8.060416666666548
                    ],
                    [
                        80.65208333333297,
                        8.060416666666548
                    ],
                    [
                        80.6479166666663,
                        8.064583333333196
                    ],
                    [
                        80.64374999999964,
                        8.064583333333196
                    ],
                    [
                        80.63958333333298,
                        8.06874999999986
                    ]
                ]
            }
        },
        {
            "type": "Feature",
            "properties": {
                "HYRIV_ID": 41401473,
                "NEXT_DOWN": 41401472,
                "MAIN_RIV": 41397865,
                "LENGTH_KM": 4.48,
                "DIST_DN_KM": 149.3,
                "DIST_UP_KM": 7.7,
                "CATCH_SKM": 20.620001,
                "UPLAND_SKM": 20.6,
                "ENDORHEIC": 0,
                "DIS_AV_CMS": 0.375,
                "ORD_STRA": 1,
                "ORD_CLAS": 2,
                "ORD_FLOW": 7,
                "HYBAS_L12": 4121601210.0,
                "Shape_Length": 0.04059433619633161
            },
            "geometry": {
                "type": "LineString",
                "coordinates": [
                    [
                        80.70833333333294,
                        8.056249999999885
                    ],
                    [
                        80.70208333333292,
                        8.056249999999885
                    ],
                    [
                        80.69791666666637,
                        8.052083333333222
                    ],
                    [
                        80.6937499999996,
                        8.052083333333222
                    ],
                    [
                        80.68958333333305,
                        8.056249999999885
                    ],
                    [
                        80.677083333333,
                        8.056249999999885
                    ],
                    [
                        80.67291666666634,
                        8.052083333333222
                    ]
                ]
            }
        },
        {
            "type": "Feature",
            "properties": {
                "HYRIV_ID": 41401523,
                "NEXT_DOWN": 41401472,
                "MAIN_RIV": 41397865,
                "LENGTH_KM": 1.77,
                "DIST_DN_KM": 149.3,
                "DIST_UP_KM": 12.2,
                "CATCH_SKM": 2.55,
                "UPLAND_SKM": 50.8,
                "ENDORHEIC": 0,
                "DIS_AV_CMS": 0.94800001,
                "ORD_STRA": 2,
                "ORD_CLAS": 1,
                "ORD_FLOW": 7,
                "HYBAS_L12": 4121601210.0,
                "Shape_Length": 0.015951779686448047
            },
            "geometry": {
                "type": "LineString",
                "coordinates": [
                    [
                        80.68124999999966,
                        8.039583333333205
                    ],
                    [
                        80.68124999999966,
                        8.043749999999868
                    ],
                    [
                        80.67291666666634,
                        8.052083333333222
                    ]
                ]
            }
        },
        {
            "type": "Feature",
            "properties": {
                "HYRIV_ID": 41401581,
                "NEXT_DOWN": 41401523,
                "MAIN_RIV": 41397865,
                "LENGTH_KM": 3.85,
                "DIST_DN_KM": 150.89999,
                "DIST_UP_KM": 7.6,
                "CATCH_SKM": 13.6,
                "UPLAND_SKM": 13.6,
                "ENDORHEIC": 0,
                "DIS_AV_CMS": 0.25400001,
                "ORD_STRA": 1,
                "ORD_CLAS": 2,
                "ORD_FLOW": 7,
                "HYBAS_L12": 4121601210.0,
                "Shape_Length": 0.03484983762777047
            },
            "geometry": {
                "type": "LineString",
                "coordinates": [
                    [
                        80.70833333333294,
                        8.020833333333208
                    ],
                    [
                        80.70208333333292,
                        8.027083333333188
                    ],
                    [
                        80.69791666666637,
                        8.027083333333188
                    ],
                    [
                        80.68541666666638,
                        8.039583333333205
                    ],
                    [
                        80.68124999999966,
                        8.039583333333205
                    ]
                ]
            }
        },
        {
            "type": "Feature",
            "properties": {
                "HYRIV_ID": 41401673,
                "NEXT_DOWN": 41401523,
                "MAIN_RIV": 41397865,
                "LENGTH_KM": 4.5500002,
                "DIST_DN_KM": 150.89999,
                "DIST_UP_KM": 10.6,
                "CATCH_SKM": 13.82,
                "UPLAND_SKM": 34.599998,
                "ENDORHEIC": 0,
                "DIS_AV_CMS": 0.65100002,
                "ORD_STRA": 2,
                "ORD_CLAS": 1,
                "ORD_FLOW": 7,
                "HYBAS_L12": 4121601210.0,
                "Shape_Length": 0.04095177968651991
            },
            "geometry": {
                "type": "LineString",
                "coordinates": [
                    [
                        80.68124999999966,
                        8.002083333333196
                    ],
                    [
                        80.68124999999966,
                        8.018749999999876
                    ],
                    [
                        80.68541666666638,
                        8.022916666666525
                    ],
                    [
                        80.68541666666638,
                        8.027083333333188
                    ],
                    [
                        80.68124999999966,
                        8.031249999999893
                    ],
                    [
                        80.68124999999966,
                        8.039583333333205
                    ]
                ]
            }
        },
        {
            "type": "Feature",
            "properties": {
                "HYRIV_ID": 41401709,
                "NEXT_DOWN": 41401673,
                "MAIN_RIV": 41397865,
                "LENGTH_KM": 2.09,
                "DIST_DN_KM": 155.7,
                "DIST_UP_KM": 4.8,
                "CATCH_SKM": 8.5,
                "UPLAND_SKM": 8.5,
                "ENDORHEIC": 0,
                "DIS_AV_CMS": 0.162,
                "ORD_STRA": 1,
                "ORD_CLAS": 2,
                "ORD_FLOW": 7,
                "HYBAS_L12": 4121601210.0,
                "Shape_Length": 0.018898057941339072
            },
            "geometry": {
                "type": "LineString",
                "coordinates": [
                    [
                        80.69583333333296,
                        7.991666666666553
                    ],
                    [
                        80.68958333333305,
                        7.997916666666534
                    ],
                    [
                        80.68541666666638,
                        7.997916666666534
                    ],
                    [
                        80.68124999999966,
                        8.002083333333196
                    ]
                ]
            }
        },
        {
            "type": "Feature",
            "properties": {
                "HYRIV_ID": 41401768,
                "NEXT_DOWN": 41401673,
                "MAIN_RIV": 41397865,
                "LENGTH_KM": 2.9300001,
                "DIST_DN_KM": 155.7,
                "DIST_UP_KM": 5.8,
                "CATCH_SKM": 12.33,
                "UPLAND_SKM": 12.3,
                "ENDORHEIC": 0,
                "DIS_AV_CMS": 0.235,
                "ORD_STRA": 1,
                "ORD_CLAS": 1,
                "ORD_FLOW": 7,
                "HYBAS_L12": 4121601210.0,
                "Shape_Length": 0.02636844635311184
            },
            "geometry": {
                "type": "LineString",
                "coordinates": [
                    [
                        80.68124999999966,
                        7.979166666666536
                    ],
                    [
                        80.68124999999966,
                        7.985416666666559
                    ],
                    [
                        80.677083333333,
                        7.989583333333179
                    ],
                    [
                        80.677083333333,
                        7.997916666666534
                    ],
                    [
                        80.68124999999966,
                        8.002083333333196
                    ]
                ]
            }
        }
    ]
}