{
    "type": "FeatureCollection",
    "features": [
        {
            "type": "Feature",
            "properties": {
                "HYRIV_ID": 41396817,
                "NEXT_DOWN": 41396907,
                "MAIN_RIV": 41397058,
                "LENGTH_KM": 3.11,
                "DIST_DN_KM": 19.1,
                "DIST_UP_KM": 6.9,
                "CATCH_SKM": 16.540001,
                "UPLAND_SKM": 16.5,
                "ENDORHEIC": 0,
                "DIS_AV_CMS": 0.24,
                "ORD_STRA": 1,
                "ORD_CLAS": 3,
                "ORD_FLOW": 7,
                "HYBAS_L12": 4120049540.0,
                "Shape_Length": 0.028094336196310687
            },
            "geometry": {
                "type": "LineString",
                "coordinates": [
                    [
                        80.7729166666663,
                        9.00833333333319
                    ],
                    [
                        80.7729166666663,
                        9.002083333333196
                    ],
                    [
                        80.7854166666663,
                        8.98958333333318
                    ],
                    [
                        80.7854166666663,
                        8.98541666666653
                    ]
                ]
            }
        },
        {
            "type": "Feature",
            "properties": {
                "HYRIV_ID": 41396818,
                "NEXT_DOWN": 41396907,
                "MAIN_RIV": 41397058,
                "LENGTH_KM": 2.27,
                "DIST_DN_KM": 19.3,
                "DIST_UP_KM": 5.4,
                "CATCH_SKM": 11.87,
                "UPLAND_SKM": 11.9,
                "ENDORHEIC": 0,
                "DIS_AV_CMS": 0.173,
                "ORD_STRA": 1,
                "ORD_CLAS": 4,
                "ORD_FLOW": 7,
                "HYBAS_L12": 4120049540.0,
                "Shape_Length": 0.020475889843261173
            },
            "geometry": {
                "type": "LineString",
                "coordinates": [
                    [
                        80.78958333333301,
                        9.004166666666528
                    ],
                    [
                        80.78958333333301,
                        8.98958333333318
                    ],
                    [
                        80.7854166666663,
                        8.98541666666653
                    ]
                ]
            }
        },
        {
            "type": "Feature",
            "properties": {
                "HYRIV_ID": 41396907,
                "NEXT_DOWN": 41397029,
                "MAIN_RIV": 41397058,
                "LENGTH_KM": 2.6,
                "DIST_DN_KM": 16.700001,
                "DIST_UP_KM": 9.3,
                "CATCH_SKM": 7.21,
                "UPLAND_SKM": 35.599998,
                "ENDORHEIC": 0,
                "DIS_AV_CMS": 0.51800001,
                "ORD_STRA": 2,
                "ORD_CLAS": 3,
                "ORD_FLOW": 7,
                "HYBAS_L12": 4120049540.0,
                "Shape_Length": 0.023570226039590438
            },
            "geometry": {
                "type": "LineString",
                "coordinates": [
                    [
                        80.7854166666663,
                        8.98541666666653
                    ],
                    [
                        80.802083333333,
                        8.96874999999985
                    ]
                ]
            }
        },
        {
            "type": "Feature",
            "properties": {
                "HYRIV_ID": 41396938,
                "NEXT_DOWN": 41396959,
                "MAIN_RIV": 41397058,
                "LENGTH_KM": 5.8,
                "DIST_DN_KM": 20.5,
                "DIST_UP_KM": 9.0,
                "CATCH_SKM": 26.5,
                "UPLAND_SKM": 26.5,
                "ENDORHEIC": 0,
                "DIS_AV_CMS": 0.38100001,
                "ORD_STRA": 1,
                "ORD_CLAS": 2,
                "ORD_FLOW": 7,
                "HYBAS_L12": 4120049540.0,
                "Shape_Length": 0.052527507157464876
            },
            "geometry": {
                "type": "LineString",
                "coordinates": [
                    [
                        80.73333333333298,
                        8.9833333333332
                    ],
                    [
                        80.73958333333294,
                        8.98958333333318
                    ],
                    [
                        80.74791666666627,
                        8.98958333333318
                    ],
                    [
                        80.7729166666663,
                        8.964583333333188
                    ]
                ]
            }
        },
        {
            "type": "Feature",
            "properties": {
                "HYRIV_ID": 41396959,
                "NEXT_DOWN": 41397029,
                "MAIN_RIV": 41397058,
                "LENGTH_KM": 3.78,
                "DIST_DN_KM": 16.5,
                "DIST_UP_KM": 13.0,
                "CATCH_SKM": 7.6300001,
                "UPLAND_SKM": 46.599998,
                "ENDORHEIC": 0,
                "DIS_AV_CMS": 0.67299998,
                "ORD_STRA": 2,
                "ORD_CLAS": 2,
                "ORD_FLOW": 7,
                "HYBAS_L12": 4120049540.0,
                "Shape_Length": 0.03434433619633587
            },
            "geometry": {
                "type": "LineString",
                "coordinates": [
                    [
                        80.7729166666663,
                        8.964583333333188
                    ],
                    [
                        80.77708333333297,
                        8.964583333333188
                    ],
                    [
                        80.78124999999963,
                        8.96041666666654
                    ],
                    [
                        80.78958333333301,
                        8.96041666666654
                    ],
                    [
                        80.79791666666634,
                        8.96874999999985
                    ],
                    [
                        80.802083333333,
                        8.96874999999985
                    ]
                ]
            }
        },
        {
            "type": "Feature",
            "properties": {
                "HYRIV_ID": 41396975,
                "NEXT_DOWN": 41396994,
                "MAIN_RIV": 41397058,
                "LENGTH_KM": 0.98,
                "DIST_DN_KM": 34.3,
                "DIST_UP_KM": 4.4,
                "CATCH_SKM": 8.2700005,
                "UPLAND_SKM": 8.3,
                "ENDORHEIC": 0,
                "DIS_AV_CMS": 0.114,
                "ORD_STRA": 1,
                "ORD_CLAS": 5,
                "ORD_FLOW": 7,
                "HYBAS_L12": 4121155040.0,
                "Shape_Length": 0.008838834764874048
            },
            "geometry": {
                "type": "LineString",
                "coordinates": [
                    [
                        80.6624999999996,
                        8.962499999999856
                    ],
                    [
                        80.66874999999968,
                        8.956249999999876
                    ]
                ]
            }
        },
        {
            "type": "Feature",
            "properties": {
                "HYRIV_ID": 41396976,
                "NEXT_DOWN": 41396959,
                "MAIN_RIV": 41397058,
                "LENGTH_KM": 2.6400001,
                "DIST_DN_KM": 20.5,
                "DIST_UP_KM": 6.7,
                "CATCH_SKM": 12.51,
                "UPLAND_SKM": 12.5,
                "ENDORHEIC": 0,
                "DIS_AV_CMS": 0.181,
                "ORD_STRA": 1,
                "ORD_CLAS": 3,
                "ORD_FLOW": 7,
                "HYBAS_L12": 4120049540.0,
                "Shape_Length": 0.023927669529603457
            },
            "geometry": {
                "type": "LineString",
                "coordinates": [
                    [
                        80.75416666666635,
                        8.96041666666654
                    ],
                    [
                        80.76041666666632,
                        8.96041666666654
                    ],
                    [
                        80.76458333333298,
                        8.956249999999876
                    ],
                    [
                        80.7729166666663,
                        8.964583333333188
                    ]
                ]
            }
        },
        {
            "type": "Feature",
            "properties": {
                "HYRIV_ID": 41396994,
                "NEXT_DOWN": 41397133,
                "MAIN_RIV": 41397058,
                "LENGTH_KM": 1.11,
                "DIST_DN_KM": 33.200001,
                "DIST_UP_KM": 10.9,
                "CATCH_SKM": 1.91,
                "UPLAND_SKM": 53.599998,
                "ENDORHEIC": 0,
                "DIS_AV_CMS": 0.732,
                "ORD_STRA": 2,
                "ORD_CLAS": 4,
                "ORD_FLOW": 7,
                "HYBAS_L12": 4121155040.0,
                "Shape_Length": 0.010059223176575559
            },
            "geometry": {
                "type": "LineString",
                "coordinates": [
                    [
                        80.66874999999968,
                        8.956249999999876
                    ],
                    [
                        80.67291666666634,
                        8.956249999999876
                    ],
                    [
                        80.677083333333,
                        8.95208333333317
                    ]
                ]
            }
        },
        {
            "type": "Feature",
            "properties": {
                "HYRIV_ID": 41396995,
                "NEXT_DOWN": 41397133,
                "MAIN_RIV": 41397058,
                "LENGTH_KM": 7.83,
                "DIST_DN_KM": 33.0,
                "DIST_UP_KM": 12.0,
                "CATCH_SKM": 25.66,
                "UPLAND_SKM": 25.700001,
                "ENDORHEIC": 0,
                "DIS_AV_CMS": 0.353,
                "ORD_STRA": 1,
                "ORD_CLAS": 3,
                "ORD_FLOW": 7,
                "HYBAS_L12": 4121155040.0,
                "Shape_Length": 0.0707720057260669
            },
            "geometry": {
                "type": "LineString",
                "coordinates": [
                    [
                        80.64583333333294,
                        8.997916666666548
                    ],
                    [
                        80.65624999999963,
                        8.997916666666548
                    ],
                    [
                        80.66458333333301,
                        8.98958333333318
                    ],
                    [
                        80.66874999999968,
                        8.98958333333318
                    ],
                    [
                        80.68124999999966,
                        8.977083333333205
                    ],
                    [
                        80.677083333333,
                        8.972916666666514
                    ],
                    [
                        80.677083333333,
                        8.95208333333317
                    ]
                ]
            }
        },
        {
            "type": "Feature",
            "properties": {
                "HYRIV_ID": 41397029,
                "NEXT_DOWN": 41397058,
                "MAIN_RIV": 41397058,
                "LENGTH_KM": 4.71,
                "DIST_DN_KM": 11.8,
                "DIST_UP_KM": 17.700001,
                "CATCH_SKM": 8.6899996,
                "UPLAND_SKM": 91.0,
                "ENDORHEIC": 0,
                "DIS_AV_CMS": 1.313,
                "ORD_STRA": 3,
                "ORD_CLAS": 2,
                "ORD_FLOW": 6,
                "HYBAS_L12": 4120049540.0,
                "Shape_Length": 0.042677669529664355
            },
            "geometry": {
                "type": "LineString",
                "coordinates": [
                    [
                        80.802083333333,
                        8.96874999999985
                    ],
                    [
                        80.81041666666633,
                        8.96874999999985
                    ],
                    [
                        80.81874999999971,
                        8.96041666666654
                    ],
                    [
                        80.82708333333292,
                        8.96041666666654
                    ],
                    [
                        80.8312499999997,
                        8.956249999999876
                    ],
                    [
                        80.8312499999997,
                        8.947916666666508
                    ]
                ]
            }
        },
        {
            "type": "Feature",
            "properties": {
                "HYRIV_ID": 41397056,
                "NEXT_DOWN": 41397057,
                "MAIN_RIV": 41397058,
                "LENGTH_KM": 1.37,
                "DIST_DN_KM": 13.4,
                "DIST_UP_KM": 72.599998,
                "CATCH_SKM": 2.12,
                "UPLAND_SKM": 984.79999,
                "ENDORHEIC": 0,
                "DIS_AV_CMS": 13.836,
                "ORD_STRA": 4,
                "ORD_CLAS": 1,
                "ORD_FLOW": 5,
                "HYBAS_L12": 4120049540.0,
                "Shape_Length": 0.012500000000045475
            },
            "geometry": {
                "type": "LineString",
                "coordinates": [
                    [
                        80.80624999999966,
                        8.94374999999986
                    ],
                    [
                        80.81874999999971,
                        8.94374999999986
                    ]
                ]
            }
        },
        {
            "type": "Feature",
            "properties": {
                "HYRIV_ID": 41397057,
                "NEXT_DOWN": 41397058,
                "MAIN_RIV": 41397058,
                "LENGTH_KM": 1.5700001,
                "DIST_DN_KM": 11.8,
                "DIST_UP_KM": 74.099998,
                "CATCH_SKM": 2.33,
                "UPLAND_SKM": 999.40002,
                "ENDORHEIC": 0,
                "DIS_AV_CMS": 14.03,
                "ORD_STRA": 4,
                "ORD_CLAS": 1,
                "ORD_FLOW": 5,
                "HYBAS_L12": 4120049540.0,
                "Shape_Length": 0.014225889843198242
            },
            "geometry": {
                "type": "LineString",
                "coordinates": [
                    [
                        80.81874999999971,
                        8.94374999999986
                    ],
                    [
                        80.82291666666637,
                        8.947916666666508
                    ],
                    [
                        80.8312499999997,
                        8.947916666666508
                    ]
                ]
            }
        },
        {
            "type": "Feature",
            "properties": {
                "HYRIV_ID": 41397058,
                "NEXT_DOWN": 0,
                "MAIN_RIV": 41397058,
                "LENGTH_KM": 11.68,
                "DIST_DN_KM": 0.0,
                "DIST_UP_KM": 85.599998,
                "CATCH_SKM": 39.439999,
                "UPLAND_SKM": 1129.2,
                "ENDORHEIC": 0,
                "DIS_AV_CMS": 15.743,
                "ORD_STRA": 4,
                "ORD_CLAS": 1,
                "ORD_FLOW": 5,
                "HYBAS_L12": 4120049540.0,
                "Shape_Length": 0.10576990129523067
            },
            "geometry": {
                "type": "LineString",
                "coordinates": [
                    [
                        80.8312499999997,
                        8.947916666666508
                    ],
                    [
                        80.83541666666625,
                        8.94374999999986
                    ],
                    [
                        80.84374999999974,
                        8.94374999999986
                    ],
                    [
                        80.86041666666628,
                        8.96041666666654
                    ],
                    [
                        80.86458333333294,
                        8.96041666666654
                    ],
                    [
                        80.87708333333299,
                        8.972916666666514
                    ],
                    [
                        80.87708333333299,
                        8.977083333333205
                    ],
                    [
                        80.8812499999996,
                        8.981249999999868
                    ],
                    [
                        80.88541666666632,
                        8.981249999999868
                    ],
                    [
                        80.89374999999964,
                        8.98958333333318
                    ],
                    [
                        80.8979166666663,
                        8.98958333333318
                    ],
                    [
                        80.90208333333297,
                        8.993749999999842
                    ],
                    [
                        80.90208333333297,
                        8.997916666666548
                    ],
                    [
                        80.90624999999963,
                        9.002083333333196
                    ]
                ]
            }
        },
        {
            "type": "Feature",
            "properties": {
                "HYRIV_ID": 41397082,
                "NEXT_DOWN": 41396994,
                "MAIN_RIV": 41397058,
                "LENGTH_KM": 6.33,
                "DIST_DN_KM": 34.099998,
                "DIST_UP_KM": 10.0,
                "CATCH_SKM": 43.470001,
                "UPLAND_SKM": 43.5,
                "ENDORHEIC": 0,
                "DIS_AV_CMS": 0.59200001,
                "ORD_STRA": 1,
                "ORD_CLAS": 4,
                "ORD_FLOW": 7,
                "HYBAS_L12": 4121155040.0,
                "Shape_Length": 0.05740906080440055
            },
            "geometry": {
                "type": "LineString",
                "coordinates": [
                    [
                        80.62499999999969,
                        8.941666666666528
                    ],
                    [
                        80.63124999999965,
                        8.935416666666534
                    ],
                    [
                        80.63958333333298,
                        8.935416666666534
                    ],
                    [
                        80.6479166666663,
                        8.94374999999986
                    ],
                    [
                        80.65208333333297,
                        8.94374999999986
                    ],
                    [
                        80.65624999999963,
                        8.947916666666508
                    ],
                    [
                        80.66458333333301,
                        8.947916666666508
                    ],
                    [
                        80.66874999999968,
                        8.95208333333317
                    ],
                    [
                        80.66874999999968,
                        8.956249999999876
                    ]
                ]
            }
        },
        {
            "type": "Feature",
            "properties": {
                "HYRIV_ID": 41397083,
                "NEXT_DOWN": 41397056,
                "MAIN_RIV": 41397058,
                "LENGTH_KM": 5.1599998,
                "DIST_DN_KM": 14.8,
                "DIST_UP_KM": 71.199997,
                "CATCH_SKM": 8.6899996,
                "UPLAND_SKM": 954.5,
                "ENDORHEIC": 0,
                "DIS_AV_CMS": 13.411,
                "ORD_STRA": 4,
                "ORD_CLAS": 1,
                "ORD_FLOW": 5,
                "HYBAS_L12": 4120049540.0,
                "Shape_Length": 0.046844336196344594
            },
            "geometry": {
                "type": "LineString",
                "coordinates": [
                    [
                        80.76874999999964,
                        8.935416666666534
                    ],
                    [
                        80.76874999999964,
                        8.939583333333196
                    ],
                    [
                        80.7729166666663,
                        8.94374999999986
                    ],
                    [
                        80.78124999999963,
                        8.94374999999986
                    ],
                    [
                        80.7854166666663,
                        8.939583333333196
                    ],
                    [
                        80.78958333333301,
                        8.939583333333196
                    ],
                    [
                        80.79374999999968,
                        8.94374999999986
                    ],
                    [
                        80.80624999999966,
                        8.94374999999986
                    ]
                ]
            }
        },
        {
            "type": "Feature",
            "properties": {
                "HYRIV_ID": 41397133,
                "NEXT_DOWN": 41397205,
                "MAIN_RIV": 41397058,
                "LENGTH_KM": 4.1799998,
                "DIST_DN_KM": 28.8,
                "DIST_UP_KM": 16.200001,
                "CATCH_SKM": 17.389999,
                "UPLAND_SKM": 96.699997,
                "ENDORHEIC": 0,
                "DIS_AV_CMS": 1.326,
                "ORD_STRA": 2,
                "ORD_CLAS": 3,
                "ORD_FLOW": 6,
                "HYBAS_L12": 4121155040.0,
                "Shape_Length": 0.03779611588273743
            },
            "geometry": {
                "type": "LineString",
                "coordinates": [
                    [
                        80.677083333333,
                        8.95208333333317
                    ],
                    [
                        80.68124999999966,
                        8.947916666666508
                    ],
                    [
                        80.68541666666638,
                        8.947916666666508
                    ],
                    [
                        80.70208333333292,
                        8.931249999999885
                    ],
                    [
                        80.70208333333292,
                        8.92708333333318
                    ]
                ]
            }
        },
        {
            "type": "Feature",
            "properties": {
                "HYRIV_ID": 41397156,
                "NEXT_DOWN": 41397157,
                "MAIN_RIV": 41397058,
                "LENGTH_KM": 0.69,
                "DIST_DN_KM": 24.6,
                "DIST_UP_KM": 6.0,
                "CATCH_SKM": 11.88,
                "UPLAND_SKM": 11.9,
                "ENDORHEIC": 0,
                "DIS_AV_CMS": 0.171,
                "ORD_STRA": 1,
                "ORD_CLAS": 3,
                "ORD_FLOW": 7,
                "HYBAS_L12": 4121155020.0,
                "Shape_Length": 0.006249999999994316
            },
            "geometry": {
                "type": "LineString",
                "coordinates": [
                    [
                        80.73124999999962,
                        8.92916666666651
                    ],
                    [
                        80.73124999999962,
                        8.922916666666517
                    ]
                ]
            }
        },
        {
            "type": "Feature",
            "properties": {
                "HYRIV_ID": 41397157,
                "NEXT_DOWN": 41397083,
                "MAIN_RIV": 41397058,
                "LENGTH_KM": 4.7,
                "DIST_DN_KM": 19.9,
                "DIST_UP_KM": 30.6,
                "CATCH_SKM": 10.39,
                "UPLAND_SKM": 300.29999,
                "ENDORHEIC": 0,
                "DIS_AV_CMS": 4.14,
                "ORD_STRA": 3,
                "ORD_CLAS": 2,
                "ORD_FLOW": 6,
                "HYBAS_L12": 4121155020.0,
                "Shape_Length": 0.04267766952970181
            },
            "geometry": {
                "type": "LineString",
                "coordinates": [
                    [
                        80.73124999999962,
                        8.922916666666517
                    ],
                    [
                        80.73541666666628,
                        8.922916666666517
                    ],
                    [
                        80.74791666666627,
                        8.935416666666534
                    ],
                    [
                        80.76874999999964,
                        8.935416666666534
                    ]
                ]
            }
        },
        {
            "type": "Feature",
            "properties": {
                "HYRIV_ID": 41397158,
                "NEXT_DOWN": 41397057,
                "MAIN_RIV": 41397058,
                "LENGTH_KM": 2.83,
                "DIST_DN_KM": 13.4,
                "DIST_UP_KM": 6.6,
                "CATCH_SKM": 12.3,
                "UPLAND_SKM": 12.3,
                "ENDORHEIC": 0,
                "DIS_AV_CMS": 0.183,
                "ORD_STRA": 1,
                "ORD_CLAS": 2,
                "ORD_FLOW": 7,
                "HYBAS_L12": 4120049540.0,
                "Shape_Length": 0.025505501431433396
            },
            "geometry": {
                "type": "LineString",
                "coordinates": [
                    [
                        80.82499999999962,
                        8.9208333333332
                    ],
                    [
                        80.81874999999971,
                        8.92708333333318
                    ],
                    [
                        80.81874999999971,
                        8.94374999999986
                    ]
                ]
            }
        },
        {
            "type": "Feature",
            "properties": {
                "HYRIV_ID": 41397205,
                "NEXT_DOWN": 41397206,
                "MAIN_RIV": 41397058,
                "LENGTH_KM": 2.4100001,
                "DIST_DN_KM": 26.6,
                "DIST_UP_KM": 18.4,
                "CATCH_SKM": 4.6700001,
                "UPLAND_SKM": 133.0,
                "ENDORHEIC": 0,
                "DIS_AV_CMS": 1.827,
                "ORD_STRA": 2,
                "ORD_CLAS": 3,
                "ORD_FLOW": 6,
                "HYBAS_L12": 4121155040.0,
                "Shape_Length": 0.021844336196340634
            },
            "geometry": {
                "type": "LineString",
                "coordinates": [
                    [
                        80.70208333333292,
                        8.92708333333318
                    ],
                    [
                        80.71041666666642,
                        8.918749999999868
                    ],
                    [
                        80.71458333333308,
                        8.918749999999868
                    ],
                    [
                        80.71874999999963,
                        8.914583333333205
                    ]
                ]
            }
        },
        {
            "type": "Feature",
            "properties": {
                "HYRIV_ID": 41397206,
                "NEXT_DOWN": 41397157,
                "MAIN_RIV": 41397058,
                "LENGTH_KM": 1.76,
                "DIST_DN_KM": 24.6,
                "DIST_UP_KM": 25.9,
                "CATCH_SKM": 5.5100002,
                "UPLAND_SKM": 278.0,
                "ENDORHEIC": 0,
                "DIS_AV_CMS": 3.8380001,
                "ORD_STRA": 3,
                "ORD_CLAS": 2,
                "ORD_FLOW": 6,
                "HYBAS_L12": 4121155020.0,
                "Shape_Length": 0.0159517796864179
            },
            "geometry": {
                "type": "LineString",
                "coordinates": [
                    [
                        80.71874999999963,
                        8.914583333333205
                    ],
                    [
                        80.72708333333296,
                        8.922916666666517
                    ],
                    [
                        80.73124999999962,
                        8.922916666666517
                    ]
                ]
            }
        },
        {
            "type": "Feature",
            "properties": {
                "HYRIV_ID": 41397310,
                "NEXT_DOWN": 41397056,
                "MAIN_RIV": 41397058,
                "LENGTH_KM": 6.27,
                "DIST_DN_KM": 14.8,
                "DIST_UP_KM": 10.1,
                "CATCH_SKM": 28.209999,
                "UPLAND_SKM": 28.200001,
                "ENDORHEIC": 0,
                "DIS_AV_CMS": 0.41800001,
                "ORD_STRA": 1,
                "ORD_CLAS": 2,
                "ORD_FLOW": 7,
                "HYBAS_L12": 4120049540.0,
                "Shape_Length": 0.056546115882795886
            },
            "geometry": {
                "type": "LineString",
                "coordinates": [
                    [
                        80.7854166666663,
                        8.895833333333194
                    ],
                    [
                        80.7854166666663,
                        8.902083333333188
                    ],
                    [
                        80.78958333333301,
                        8.906249999999893
                    ],
                    [
                        80.78958333333301,
                        8.910416666666542
                    ],
                    [
                        80.79791666666634,
                        8.918749999999868
                    ],
                    [
                        80.79791666666634,
                        8.931249999999885
                    ],
                    [
                        80.80624999999966,
                        8.939583333333196
                    ],
                    [
                        80.80624999999966,
                        8.94374999999986
                    ]
                ]
            }
        },
        {
            "type": "Feature",
            "properties": {
                "HYRIV_ID": 41397334,
                "NEXT_DOWN": 41397205,
                "MAIN_RIV": 41397058,
                "LENGTH_KM": 9.6700001,
                "DIST_DN_KM": 28.8,
                "DIST_UP_KM": 14.0,
                "CATCH_SKM": 31.6,
                "UPLAND_SKM": 31.6,
                "ENDORHEIC": 0,
                "DIS_AV_CMS": 0.438,
                "ORD_STRA": 1,
                "ORD_CLAS": 4,
                "ORD_FLOW": 7,
                "HYBAS_L12": 4121155040.0,
                "Shape_Length": 0.0875867303339966
            },
            "geometry": {
                "type": "LineString",
                "coordinates": [
                    [
                        80.63749999999962,
                        8.891666666666545
                    ],
                    [
                        80.64374999999964,
                        8.897916666666525
                    ],
                    [
                        80.6479166666663,
                        8.893749999999876
                    ],
                    [
                        80.66041666666635,
                        8.893749999999876
                    ],
                    [
                        80.66874999999968,
                        8.902083333333188
                    ],
                    [
                        80.66874999999968,
                        8.906249999999893
                    ],
                    [
                        80.677083333333,
                        8.906249999999893
                    ],
                    [
                        80.68541666666638,
                        8.914583333333205
                    ],
                    [
                        80.68541666666638,
                        8.918749999999868
                    ],
                    [
                        80.6937499999996,
                        8.92708333333318
                    ],
                    [
                        80.70208333333292,
                        8.92708333333318
                    ]
                ]
            }
        },
        {
            "type": "Feature",
            "properties": {
                "HYRIV_ID": 41397369,
                "NEXT_DOWN": 41397083,
                "MAIN_RIV": 41397058,
                "LENGTH_KM": 6.2199998,
                "DIST_DN_KM": 19.9,
                "DIST_UP_KM": 66.0,
                "CATCH_SKM": 19.3,
                "UPLAND_SKM": 645.5,
                "ENDORHEIC": 0,
                "DIS_AV_CMS": 9.2189999,
                "ORD_STRA": 4,
                "ORD_CLAS": 1,
                "ORD_FLOW": 6,
                "HYBAS_L12": 4121155030.0,
                "Shape_Length": 0.0561886723926765
            },
            "geometry": {
                "type": "LineString",
                "coordinates": [
                    [
                        80.75208333333299,
                        8.88958333333317
                    ],
                    [
                        80.76041666666632,
                        8.897916666666525
                    ],
                    [
                        80.76041666666632,
                        8.910416666666542
                    ],
                    [
                        80.76458333333298,
                        8.914583333333205
                    ],
                    [
                        80.76041666666632,
                        8.918749999999868
                    ],
                    [
                        80.76874999999964,
                        8.92708333333318
                    ],
                    [
                        80.76874999999964,
                        8.935416666666534
                    ]
                ]
            }
        },
        {
            "type": "Feature",
            "properties": {
                "HYRIV_ID": 41397416,
                "NEXT_DOWN": 41397206,
                "MAIN_RIV": 41397058,
                "LENGTH_KM": 5.9400001,
                "DIST_DN_KM": 26.4,
                "DIST_UP_KM": 24.1,
                "CATCH_SKM": 16.540001,
                "UPLAND_SKM": 139.60001,
                "ENDORHEIC": 0,
                "DIS_AV_CMS": 1.938,
                "ORD_STRA": 3,
                "ORD_CLAS": 2,
                "ORD_FLOW": 6,
                "HYBAS_L12": 4121155060.0,
                "Shape_Length": 0.05374789556912578
            },
            "geometry": {
                "type": "LineString",
                "coordinates": [
                    [
                        80.68124999999966,
                        8.88124999999986
                    ],
                    [
                        80.68958333333305,
                        8.88958333333317
                    ],
                    [
                        80.6937499999996,
                        8.88958333333317
                    ],
                    [
                        80.69791666666637,
                        8.893749999999876
                    ],
                    [
                        80.69791666666637,
                        8.897916666666525
                    ],
                    [
                        80.71458333333308,
                        8.914583333333205
                    ],
                    [
                        80.71874999999963,
                        8.914583333333205
                    ]
                ]
            }
        },
        {
            "type": "Feature",
            "properties": {
                "HYRIV_ID": 41397417,
                "NEXT_DOWN": 41397369,
                "MAIN_RIV": 41397058,
                "LENGTH_KM": 4.02,
                "DIST_DN_KM": 26.1,
                "DIST_UP_KM": 8.2,
                "CATCH_SKM": 13.36,
                "UPLAND_SKM": 13.4,
                "ENDORHEIC": 0,
                "DIS_AV_CMS": 0.19400001,
                "ORD_STRA": 1,
                "ORD_CLAS": 2,
                "ORD_FLOW": 7,
                "HYBAS_L12": 4121155030.0,
                "Shape_Length": 0.03642766952962538
            },
            "geometry": {
                "type": "LineString",
                "coordinates": [
                    [
                        80.72708333333296,
                        8.879166666666528
                    ],
                    [
                        80.72708333333296,
                        8.88541666666655
                    ],
                    [
                        80.73124999999962,
                        8.88958333333317
                    ],
                    [
                        80.73958333333294,
                        8.88958333333317
                    ],
                    [
                        80.74374999999961,
                        8.88541666666655
                    ],
                    [
                        80.74791666666627,
                        8.88958333333317
                    ],
                    [
                        80.75208333333299,
                        8.88958333333317
                    ]
                ]
            }
        },
        {
            "type": "Feature",
            "properties": {
                "HYRIV_ID": 41397458,
                "NEXT_DOWN": 41397459,
                "MAIN_RIV": 41397058,
                "LENGTH_KM": 0.98,
                "DIST_DN_KM": 38.200001,
                "DIST_UP_KM": 5.3,
                "CATCH_SKM": 8.0600004,
                "UPLAND_SKM": 8.1,
                "ENDORHEIC": 0,
                "DIS_AV_CMS": 0.109,
                "ORD_STRA": 1,
                "ORD_CLAS": 4,
                "ORD_FLOW": 7,
                "HYBAS_L12": 4121155060.0,
                "Shape_Length": 0.008838834764763513
            },
            "geometry": {
                "type": "LineString",
                "coordinates": [
                    [
                        80.63333333333307,
                        8.879166666666528
                    ],
                    [
                        80.63958333333298,
                        8.872916666666534
                    ]
                ]
            }
        },
        {
            "type": "Feature",
            "properties": {
                "HYRIV_ID": 41397459,
                "NEXT_DOWN": 41397416,
                "MAIN_RIV": 41397058,
                "LENGTH_KM": 5.7399998,
                "DIST_DN_KM": 32.3,
                "DIST_UP_KM": 13.5,
                "CATCH_SKM": 11.66,
                "UPLAND_SKM": 40.700001,
                "ENDORHEIC": 0,
                "DIS_AV_CMS": 0.556,
                "ORD_STRA": 2,
                "ORD_CLAS": 3,
                "ORD_FLOW": 7,
                "HYBAS_L12": 4121155060.0,
                "Shape_Length": 0.052022005726067314
            },
            "geometry": {
                "type": "LineString",
                "coordinates": [
                    [
                        80.63958333333298,
                        8.872916666666534
                    ],
                    [
                        80.65208333333297,
                        8.88541666666655
                    ],
                    [
                        80.65624999999963,
                        8.88541666666655
                    ],
                    [
                        80.66041666666635,
                        8.88124999999986
                    ],
                    [
                        80.66458333333301,
                        8.88124999999986
                    ],
                    [
                        80.66874999999968,
                        8.88541666666655
                    ],
                    [
                        80.67291666666634,
                        8.88541666666655
                    ],
                    [
                        80.677083333333,
                        8.88124999999986
                    ],
                    [
                        80.68124999999966,
                        8.88124999999986
                    ]
                ]
            }
        },
        {
            "type": "Feature",
            "properties": {
                "HYRIV_ID": 41397460,
                "NEXT_DOWN": 41397416,
                "MAIN_RIV": 41397058,
                "LENGTH_KM": 0.93,
                "DIST_DN_KM": 32.3,
                "DIST_UP_KM": 18.200001,
                "CATCH_SKM": 1.91,
                "UPLAND_SKM": 82.300003,
                "ENDORHEIC": 0,
                "DIS_AV_CMS": 1.154,
                "ORD_STRA": 2,
                "ORD_CLAS": 2,
                "ORD_FLOW": 6,
                "HYBAS_L12": 4121155060.0,
                "Shape_Length": 0.008333333333325754
            },
            "geometry": {
                "type": "LineString",
                "coordinates": [
                    [
                        80.68124999999966,
                        8.872916666666534
                    ],
                    [
                        80.68124999999966,
                        8.88124999999986
                    ]
                ]
            }
        },
        {
            "type": "Feature",
            "properties": {
                "HYRIV_ID": 41397478,
                "NEXT_DOWN": 41397460,
                "MAIN_RIV": 41397058,
                "LENGTH_KM": 1.34,
                "DIST_DN_KM": 33.400002,
                "DIST_UP_KM": 4.8,
                "CATCH_SKM": 9.9700003,
                "UPLAND_SKM": 10.0,
                "ENDORHEIC": 0,
                "DIS_AV_CMS": 0.14,
                "ORD_STRA": 1,
                "ORD_CLAS": 3,
                "ORD_FLOW": 7,
                "HYBAS_L12": 4121155060.0,
                "Shape_Length": 0.012142556509952069
            },
            "geometry": {
                "type": "LineString",
                "coordinates": [
                    [
                        80.67083333333292,
                        8.868749999999885
                    ],
                    [
                        80.677083333333,
                        8.868749999999885
                    ],
                    [
                        80.68124999999966,
                        8.872916666666534
                    ]
                ]
            }
        },
        {
            "type": "Feature",
            "properties": {
                "HYRIV_ID": 41397504,
                "NEXT_DOWN": 41397369,
                "MAIN_RIV": 41397058,
                "LENGTH_KM": 3.34,
                "DIST_DN_KM": 26.1,
                "DIST_UP_KM": 59.8,
                "CATCH_SKM": 9.9700003,
                "UPLAND_SKM": 612.79999,
                "ENDORHEIC": 0,
                "DIS_AV_CMS": 8.7989998,
                "ORD_STRA": 4,
                "ORD_CLAS": 1,
                "ORD_FLOW": 6,
                "HYBAS_L12": 4121155030.0,
                "Shape_Length": 0.030177669529478913
            },
            "geometry": {
                "type": "LineString",
                "coordinates": [
                    [
                        80.7562499999996,
                        8.864583333333222
                    ],
                    [
                        80.75208333333299,
                        8.868749999999885
                    ],
                    [
                        80.75208333333299,
                        8.877083333333196
                    ],
                    [
                        80.7562499999996,
                        8.88124999999986
                    ],
                    [
                        80.75208333333299,
                        8.88541666666655
                    ],
                    [
                        80.75208333333299,
                        8.88958333333317
                    ]
                ]
            }
        },
        {
            "type": "Feature",
            "properties": {
                "HYRIV_ID": 41397527,
                "NEXT_DOWN": 41397459,
                "MAIN_RIV": 41397058,
                "LENGTH_KM": 2.27,
                "DIST_DN_KM": 38.0,
                "DIST_UP_KM": 7.8,
                "CATCH_SKM": 21.0,
                "UPLAND_SKM": 21.0,
                "ENDORHEIC": 0,
                "DIS_AV_CMS": 0.287,
                "ORD_STRA": 1,
                "ORD_CLAS": 3,
                "ORD_FLOW": 7,
                "HYBAS_L12": 4121155060.0,
                "Shape_Length": 0.020475889843231027
            },
            "geometry": {
                "type": "LineString",
                "coordinates": [
                    [
                        80.63124999999965,
                        8.858333333333185
                    ],
                    [
                        80.63124999999965,
                        8.864583333333222
                    ],
                    [
                        80.63541666666632,
                        8.864583333333222
                    ],
                    [
                        80.63958333333298,
                        8.868749999999885
                    ],
                    [
                        80.63958333333298,
                        8.872916666666534
                    ]
                ]
            }
        },
        {
            "type": "Feature",
            "properties": {
                "HYRIV_ID": 41397575,
                "NEXT_DOWN": 41397504,
                "MAIN_RIV": 41397058,
                "LENGTH_KM": 1.9,
                "DIST_DN_KM": 29.5,
                "DIST_UP_KM": 5.1,
                "CATCH_SKM": 11.67,
                "UPLAND_SKM": 11.7,
                "ENDORHEIC": 0,
                "DIS_AV_CMS": 0.174,
                "ORD_STRA": 1,
                "ORD_CLAS": 2,
                "ORD_FLOW": 7,
                "HYBAS_L12": 4121155030.0,
                "Shape_Length": 0.017172168098278467
            },
            "geometry": {
                "type": "LineString",
                "coordinates": [
                    [
                        80.76249999999973,
                        8.849999999999874
                    ],
                    [
                        80.7562499999996,
                        8.856249999999868
                    ],
                    [
                        80.7562499999996,
                        8.864583333333222
                    ]
                ]
            }
        },
        {
            "type": "Feature",
            "properties": {
                "HYRIV_ID": 41397619,
                "NEXT_DOWN": 41397504,
                "MAIN_RIV": 41397058,
                "LENGTH_KM": 2.8800001,
                "DIST_DN_KM": 29.700001,
                "DIST_UP_KM": 56.3,
                "CATCH_SKM": 8.0600004,
                "UPLAND_SKM": 591.20001,
                "ENDORHEIC": 0,
                "DIS_AV_CMS": 8.5080004,
                "ORD_STRA": 4,
                "ORD_CLAS": 1,
                "ORD_FLOW": 6,
                "HYBAS_L12": 4121155030.0,
                "Shape_Length": 0.02601100286299346
            },
            "geometry": {
                "type": "LineString",
                "coordinates": [
                    [
                        80.74374999999961,
                        8.84374999999988
                    ],
                    [
                        80.74374999999961,
                        8.852083333333205
                    ],
                    [
                        80.7562499999996,
                        8.864583333333222
                    ]
                ]
            }
        },
        {
            "type": "Feature",
            "properties": {
                "HYRIV_ID": 41397682,
                "NEXT_DOWN": 41397619,
                "MAIN_RIV": 41397058,
                "LENGTH_KM": 4.0100002,
                "DIST_DN_KM": 32.400002,
                "DIST_UP_KM": 8.8,
                "CATCH_SKM": 19.940001,
                "UPLAND_SKM": 19.9,
                "ENDORHEIC": 0,
                "DIS_AV_CMS": 0.289,
                "ORD_STRA": 1,
                "ORD_CLAS": 2,
                "ORD_FLOW": 7,
                "HYBAS_L12": 4121155030.0,
                "Shape_Length": 0.03642766952962223
            },
            "geometry": {
                "type": "LineString",
                "coordinates": [
                    [
                        80.71249999999966,
                        8.831249999999862
                    ],
                    [
                        80.71874999999963,
                        8.831249999999862
                    ],
                    [
                        80.72708333333296,
                        8.839583333333188
                    ],
                    [
                        80.73541666666628,
                        8.839583333333188
                    ],
                    [
                        80.73958333333294,
                        8.84374999999988
                    ],
                    [
                        80.74374999999961,
                        8.84374999999988
                    ]
                ]
            }
        },
        {
            "type": "Feature",
            "properties": {
                "HYRIV_ID": 41397731,
                "NEXT_DOWN": 41397460,
                "MAIN_RIV": 41397058,
                "LENGTH_KM": 7.06,
                "DIST_DN_KM": 33.400002,
                "DIST_UP_KM": 17.1,
                "CATCH_SKM": 18.67,
                "UPLAND_SKM": 70.400002,
                "ENDORHEIC": 0,
                "DIS_AV_CMS": 0.98799998,
                "ORD_STRA": 2,
                "ORD_CLAS": 2,
                "ORD_FLOW": 7,
                "HYBAS_L12": 4121155060.0,
                "Shape_Length": 0.0638071187458674
            },
            "geometry": {
                "type": "LineString",
                "coordinates": [
                    [
                        80.67291666666634,
                        8.822916666666508
                    ],
                    [
                        80.68124999999966,
                        8.831249999999862
                    ],
                    [
                        80.68124999999966,
                        8.835416666666525
                    ],
                    [
                        80.68958333333305,
                        8.84374999999988
                    ],
                    [
                        80.68541666666638,
                        8.8479166666665
                    ],
                    [
                        80.68541666666638,
                        8.856249999999868
                    ],
                    [
                        80.68958333333305,
                        8.860416666666517
                    ],
                    [
                        80.68958333333305,
                        8.864583333333222
                    ],
                    [
                        80.68124999999966,
                        8.872916666666534
                    ]
                ]
            }
        },
        {
            "type": "Feature",
            "properties": {
                "HYRIV_ID": 41397732,
                "NEXT_DOWN": 41397619,
                "MAIN_RIV": 41397058,
                "LENGTH_KM": 2.5,
                "DIST_DN_KM": 32.400002,
                "DIST_UP_KM": 53.599998,
                "CATCH_SKM": 7.4200001,
                "UPLAND_SKM": 563.20001,
                "ENDORHEIC": 0,
                "DIS_AV_CMS": 8.1239996,
                "ORD_STRA": 4,
                "ORD_CLAS": 1,
                "ORD_FLOW": 6,
                "HYBAS_L12": 4121155030.0,
                "Shape_Length": 0.022559223176590888
            },
            "geometry": {
                "type": "LineString",
                "coordinates": [
                    [
                        80.74791666666627,
                        8.822916666666508
                    ],
                    [
                        80.74791666666627,
                        8.835416666666525
                    ],
                    [
                        80.74374999999961,
                        8.839583333333188
                    ],
                    [
                        80.74374999999961,
                        8.84374999999988
                    ]
                ]
            }
        },
        {
            "type": "Feature",
            "properties": {
                "HYRIV_ID": 41397751,
                "NEXT_DOWN": 41397731,
                "MAIN_RIV": 41397058,
                "LENGTH_KM": 3.1,
                "DIST_DN_KM": 40.5,
                "DIST_UP_KM": 7.1,
                "CATCH_SKM": 15.27,
                "UPLAND_SKM": 15.3,
                "ENDORHEIC": 0,
                "DIS_AV_CMS": 0.213,
                "ORD_STRA": 1,
                "ORD_CLAS": 3,
                "ORD_FLOW": 7,
                "HYBAS_L12": 4121155060.0,
                "Shape_Length": 0.028094336196373415
            },
            "geometry": {
                "type": "LineString",
                "coordinates": [
                    [
                        80.64999999999961,
                        8.818749999999845
                    ],
                    [
                        80.65624999999963,
                        8.818749999999845
                    ],
                    [
                        80.66041666666635,
                        8.822916666666508
                    ],
                    [
                        80.66458333333301,
                        8.822916666666508
                    ],
                    [
                        80.66874999999968,
                        8.818749999999845
                    ],
                    [
                        80.67291666666634,
                        8.822916666666508
                    ]
                ]
            }
        },
        {
            "type": "Feature",
            "properties": {
                "HYRIV_ID": 41397836,
                "NEXT_DOWN": 41397731,
                "MAIN_RIV": 41397058,
                "LENGTH_KM": 2.6900001,
                "DIST_DN_KM": 40.3,
                "DIST_UP_KM": 10.2,
                "CATCH_SKM": 8.2700005,
                "UPLAND_SKM": 36.5,
                "ENDORHEIC": 0,
                "DIS_AV_CMS": 0.514,
                "ORD_STRA": 2,
                "ORD_CLAS": 2,
                "ORD_FLOW": 7,
                "HYBAS_L12": 4121155060.0,
                "Shape_Length": 0.024285113019729444
            },
            "geometry": {
                "type": "LineString",
                "coordinates": [
                    [
                        80.67291666666634,
                        8.802083333333222
                    ],
                    [
                        80.67291666666634,
                        8.810416666666534
                    ],
                    [
                        80.66874999999968,
                        8.814583333333196
                    ],
                    [
                        80.67291666666634,
                        8.818749999999845
                    ],
                    [
                        80.67291666666634,
                        8.822916666666508
                    ]
                ]
            }
        },
        {
            "type": "Feature",
            "properties": {
                "HYRIV_ID": 41397868,
                "NEXT_DOWN": 41397836,
                "MAIN_RIV": 41397058,
                "LENGTH_KM": 0.98,
                "DIST_DN_KM": 43.200001,
                "DIST_UP_KM": 4.8,
                "CATCH_SKM": 9.7600002,
                "UPLAND_SKM": 9.8,
                "ENDORHEIC": 0,
                "DIS_AV_CMS": 0.14,
                "ORD_STRA": 1,
                "ORD_CLAS": 3,
                "ORD_FLOW": 7,
                "HYBAS_L12": 4121155060.0,
                "Shape_Length": 0.008838834764833853
            },
            "geometry": {
                "type": "LineString",
                "coordinates": [
                    [
                        80.6791666666663,
                        8.795833333333185
                    ],
                    [
                        80.67291666666634,
                        8.802083333333222
                    ]
                ]
            }
        },
        {
            "type": "Feature",
            "properties": {
                "HYRIV_ID": 41397917,
                "NEXT_DOWN": 41397836,
                "MAIN_RIV": 41397058,
                "LENGTH_KM": 4.0100002,
                "DIST_DN_KM": 43.200001,
                "DIST_UP_KM": 7.3,
                "CATCH_SKM": 18.459999,
                "UPLAND_SKM": 18.5,
                "ENDORHEIC": 0,
                "DIS_AV_CMS": 0.258,
                "ORD_STRA": 1,
                "ORD_CLAS": 2,
                "ORD_FLOW": 7,
                "HYBAS_L12": 4121155060.0,
                "Shape_Length": 0.03642766952973592
            },
            "geometry": {
                "type": "LineString",
                "coordinates": [
                    [
                        80.64166666666628,
                        8.789583333333205
                    ],
                    [
                        80.6479166666663,
                        8.789583333333205
                    ],
                    [
                        80.65208333333297,
                        8.793749999999854
                    ],
                    [
                        80.66041666666635,
                        8.793749999999854
                    ],
                    [
                        80.66458333333301,
                        8.797916666666517
                    ],
                    [
                        80.66874999999968,
                        8.797916666666517
                    ],
                    [
                        80.67291666666634,
                        8.802083333333222
                    ]
                ]
            }
        },
        {
            "type": "Feature",
            "properties": {
                "HYRIV_ID": 41397973,
                "NEXT_DOWN": 41397732,
                "MAIN_RIV": 41397058,
                "LENGTH_KM": 5.2,
                "DIST_DN_KM": 35.099998,
                "DIST_UP_KM": 32.200001,
                "CATCH_SKM": 17.18,
                "UPLAND_SKM": 227.7,
                "ENDORHEIC": 0,
                "DIS_AV_CMS": 3.214,
                "ORD_STRA": 3,
                "ORD_CLAS": 2,
                "ORD_FLOW": 6,
                "HYBAS_L12": 4121155220.0,
                "Shape_Length": 0.046844336196291914
            },
            "geometry": {
                "type": "LineString",
                "coordinates": [
                    [
                        80.73541666666628,
                        8.78124999999988
                    ],
                    [
                        80.73541666666628,
                        8.810416666666534
                    ],
                    [
                        80.74791666666627,
                        8.822916666666508
                    ]
                ]
            }
        },
        {
            "type": "Feature",
            "properties": {
                "HYRIV_ID": 41398003,
                "NEXT_DOWN": 41397973,
                "MAIN_RIV": 41397058,
                "LENGTH_KM": 3.6300001,
                "DIST_DN_KM": 40.099998,
                "DIST_UP_KM": 6.3,
                "CATCH_SKM": 17.4,
                "UPLAND_SKM": 17.4,
                "ENDORHEIC": 0,
                "DIS_AV_CMS": 0.253,
                "ORD_STRA": 1,
                "ORD_CLAS": 3,
                "ORD_FLOW": 7,
                "HYBAS_L12": 4121155220.0,
                "Shape_Length": 0.03297588984320961
            },
            "geometry": {
                "type": "LineString",
                "coordinates": [
                    [
                        80.70416666666628,
                        8.77708333333323
                    ],
                    [
                        80.7229166666663,
                        8.77708333333323
                    ],
                    [
                        80.72708333333296,
                        8.78124999999988
                    ],
                    [
                        80.73541666666628,
                        8.78124999999988
                    ]
                ]
            }
        },
        {
            "type": "Feature",
            "properties": {
                "HYRIV_ID": 41398226,
                "NEXT_DOWN": 41398227,
                "MAIN_RIV": 41397058,
                "LENGTH_KM": 0.98,
                "DIST_DN_KM": 46.900002,
                "DIST_UP_KM": 5.2,
                "CATCH_SKM": 9.9700003,
                "UPLAND_SKM": 10.0,
                "ENDORHEIC": 0,
                "DIS_AV_CMS": 0.145,
                "ORD_STRA": 1,
                "ORD_CLAS": 3,
                "ORD_FLOW": 7,
                "HYBAS_L12": 4121155220.0,
                "Shape_Length": 0.00883883476492429
            },
            "geometry": {
                "type": "LineString",
                "coordinates": [
                    [
                        80.70416666666628,
                        8.745833333333202
                    ],
                    [
                        80.71041666666642,
                        8.739583333333208
                    ]
                ]
            }
        },
        {
            "type": "Feature",
            "properties": {
                "HYRIV_ID": 41398227,
                "NEXT_DOWN": 41397973,
                "MAIN_RIV": 41397058,
                "LENGTH_KM": 6.6799998,
                "DIST_DN_KM": 40.099998,
                "DIST_UP_KM": 27.200001,
                "CATCH_SKM": 23.76,
                "UPLAND_SKM": 193.10001,
                "ENDORHEIC": 0,
                "DIS_AV_CMS": 2.724,
                "ORD_STRA": 3,
                "ORD_CLAS": 2,
                "ORD_FLOW": 6,
                "HYBAS_L12": 4121155220.0,
                "Shape_Length": 0.06035533905918062
            },
            "geometry": {
                "type": "LineString",
                "coordinates": [
                    [
                        80.71041666666642,
                        8.739583333333208
                    ],
                    [
                        80.71458333333308,
                        8.74374999999987
                    ],
                    [
                        80.7229166666663,
                        8.74374999999987
                    ],
                    [
                        80.73958333333294,
                        8.76041666666655
                    ],
                    [
                        80.73958333333294,
                        8.772916666666525
                    ],
                    [
                        80.73541666666628,
                        8.77708333333323
                    ],
                    [
                        80.73541666666628,
                        8.78124999999988
                    ]
                ]
            }
        },
        {
            "type": "Feature",
            "properties": {
                "HYRIV_ID": 41398320,
                "NEXT_DOWN": 41398227,
                "MAIN_RIV": 41397058,
                "LENGTH_KM": 2.61,
                "DIST_DN_KM": 46.900002,
                "DIST_UP_KM": 20.3,
                "CATCH_SKM": 7.0,
                "UPLAND_SKM": 159.39999,
                "ENDORHEIC": 0,
                "DIS_AV_CMS": 2.2420001,
                "ORD_STRA": 3,
                "ORD_CLAS": 2,
                "ORD_FLOW": 6,
                "HYBAS_L12": 4121155220.0,
                "Shape_Length": 0.023570226039660778
            },
            "geometry": {
                "type": "LineString",
                "coordinates": [
                    [
                        80.6937499999996,
                        8.722916666666542
                    ],
                    [
                        80.71041666666642,
                        8.739583333333208
                    ]
                ]
            }
        },
        {
            "type": "Feature",
            "properties": {
                "HYRIV_ID": 41398321,
                "NEXT_DOWN": 41398322,
                "MAIN_RIV": 41397058,
                "LENGTH_KM": 2.09,
                "DIST_DN_KM": 48.700001,
                "DIST_UP_KM": 6.5,
                "CATCH_SKM": 13.79,
                "UPLAND_SKM": 13.8,
                "ENDORHEIC": 0,
                "DIS_AV_CMS": 0.208,
                "ORD_STRA": 1,
                "ORD_CLAS": 2,
                "ORD_FLOW": 7,
                "HYBAS_L12": 4121155230.0,
                "Shape_Length": 0.018898057941329025
            },
            "geometry": {
                "type": "LineString",
                "coordinates": [
                    [
                        80.75833333333301,
                        8.72083333333321
                    ],
                    [
                        80.76458333333298,
                        8.72708333333319
                    ],
                    [
                        80.76874999999964,
                        8.72708333333319
                    ],
                    [
                        80.7729166666663,
                        8.722916666666542
                    ]
                ]
            }
        },
        {
            "type": "Feature",
            "properties": {
                "HYRIV_ID": 41398322,
                "NEXT_DOWN": 41397732,
                "MAIN_RIV": 41397058,
                "LENGTH_KM": 13.65,
                "DIST_DN_KM": 35.099998,
                "DIST_UP_KM": 50.900002,
                "CATCH_SKM": 59.82,
                "UPLAND_SKM": 328.10001,
                "ENDORHEIC": 0,
                "DIS_AV_CMS": 4.823,
                "ORD_STRA": 3,
                "ORD_CLAS": 1,
                "ORD_FLOW": 6,
                "HYBAS_L12": 4121155230.0,
                "Shape_Length": 0.12315145494209354
            },
            "geometry": {
                "type": "LineString",
                "coordinates": [
                    [
                        80.7729166666663,
                        8.722916666666542
                    ],
                    [
                        80.77708333333297,
                        8.72708333333319
                    ],
                    [
                        80.77708333333297,
                        8.74374999999987
                    ],
                    [
                        80.78124999999963,
                        8.747916666666534
                    ],
                    [
                        80.78124999999963,
                        8.752083333333196
                    ],
                    [
                        80.7854166666663,
                        8.756249999999845
                    ],
                    [
                        80.7854166666663,
                        8.789583333333205
                    ],
                    [
                        80.78124999999963,
                        8.793749999999854
                    ],
                    [
                        80.77708333333297,
                        8.793749999999854
                    ],
                    [
                        80.74791666666627,
                        8.822916666666508
                    ]
                ]
            }
        },
        {
            "type": "Feature",
            "properties": {
                "HYRIV_ID": 41398352,
                "NEXT_DOWN": 41398353,
                "MAIN_RIV": 41397058,
                "LENGTH_KM": 1.15,
                "DIST_DN_KM": 55.0,
                "DIST_UP_KM": 5.4,
                "CATCH_SKM": 10.82,
                "UPLAND_SKM": 10.8,
                "ENDORHEIC": 0,
                "DIS_AV_CMS": 0.151,
                "ORD_STRA": 1,
                "ORD_CLAS": 4,
                "ORD_FLOW": 7,
                "HYBAS_L12": 4121155220.0,
                "Shape_Length": 0.010416666666685614
            },
            "geometry": {
                "type": "LineString",
                "coordinates": [
                    [
                        80.63749999999962,
                        8.722916666666542
                    ],
                    [
                        80.64374999999964,
                        8.722916666666542
                    ],
                    [
                        80.64374999999964,
                        8.71874999999988
                    ]
                ]
            }
        },
        {
            "type": "Feature",
            "properties": {
                "HYRIV_ID": 41398353,
                "NEXT_DOWN": 41398355,
                "MAIN_RIV": 41397058,
                "LENGTH_KM": 1.83,
                "DIST_DN_KM": 53.200001,
                "DIST_UP_KM": 12.5,
                "CATCH_SKM": 3.1800001,
                "UPLAND_SKM": 62.599998,
                "ENDORHEIC": 0,
                "DIS_AV_CMS": 0.86400002,
                "ORD_STRA": 2,
                "ORD_CLAS": 3,
                "ORD_FLOW": 7,
                "HYBAS_L12": 4121155220.0,
                "Shape_Length": 0.016666666666708352
            },
            "geometry": {
                "type": "LineString",
                "coordinates": [
                    [
                        80.64374999999964,
                        8.71874999999988
                    ],
                    [
                        80.66041666666635,
                        8.71874999999988
                    ]
                ]
            }
        },
        {
            "type": "Feature",
            "properties": {
                "HYRIV_ID": 41398354,
                "NEXT_DOWN": 41398355,
                "MAIN_RIV": 41397058,
                "LENGTH_KM": 2.27,
                "DIST_DN_KM": 53.200001,
                "DIST_UP_KM": 6.7,
                "CATCH_SKM": 10.82,
                "UPLAND_SKM": 10.8,
                "ENDORHEIC": 0,
                "DIS_AV_CMS": 0.153,
                "ORD_STRA": 1,
                "ORD_CLAS": 4,
                "ORD_FLOW": 7,
                "HYBAS_L12": 4121155220.0,
                "Shape_Length": 0.02047588984323275
            },
            "geometry": {
                "type": "LineString",
                "coordinates": [
                    [
                        80.65624999999963,
                        8.737499999999848
                    ],
                    [
                        80.65624999999963,
                        8.72708333333319
                    ],
                    [
                        80.66041666666635,
                        8.722916666666542
                    ],
                    [
                        80.66041666666635,
                        8.71874999999988
                    ]
                ]
            }
        },
        {
            "type": "Feature",
            "properties": {
                "HYRIV_ID": 41398355,
                "NEXT_DOWN": 41398356,
                "MAIN_RIV": 41397058,
                "LENGTH_KM": 0.46,
                "DIST_DN_KM": 52.8,
                "DIST_UP_KM": 13.0,
                "CATCH_SKM": 0.42,
                "UPLAND_SKM": 73.800003,
                "ENDORHEIC": 0,
                "DIS_AV_CMS": 1.023,
                "ORD_STRA": 2,
                "ORD_CLAS": 3,
                "ORD_FLOW": 6,
                "HYBAS_L12": 4121155220.0,
                "Shape_Length": 0.004166666666662877
            },
            "geometry": {
                "type": "LineString",
                "coordinates": [
                    [
                        80.66041666666635,
                        8.71874999999988
                    ],
                    [
                        80.66458333333301,
                        8.71874999999988
                    ]
                ]
            }
        },
        {
            "type": "Feature",
            "properties": {
                "HYRIV_ID": 41398356,
                "NEXT_DOWN": 41398320,
                "MAIN_RIV": 41397058,
                "LENGTH_KM": 3.4,
                "DIST_DN_KM": 49.400002,
                "DIST_UP_KM": 17.9,
                "CATCH_SKM": 14.64,
                "UPLAND_SKM": 139.2,
                "ENDORHEIC": 0,
                "DIS_AV_CMS": 1.951,
                "ORD_STRA": 3,
                "ORD_CLAS": 2,
                "ORD_FLOW": 6,
                "HYBAS_L12": 4121155220.0,
                "Shape_Length": 0.030892556509802955
            },
            "geometry": {
                "type": "LineString",
                "coordinates": [
                    [
                        80.66458333333301,
                        8.71874999999988
                    ],
                    [
                        80.66874999999968,
                        8.71874999999988
                    ],
                    [
                        80.67291666666634,
                        8.722916666666542
                    ],
                    [
                        80.6937499999996,
                        8.722916666666542
                    ]
                ]
            }
        },
        {
            "type": "Feature",
            "properties": {
                "HYRIV_ID": 41398402,
                "NEXT_DOWN": 41398403,
                "MAIN_RIV": 41397058,
                "LENGTH_KM": 2.45,
                "DIST_DN_KM": 57.0,
                "DIST_UP_KM": 6.0,
                "CATCH_SKM": 19.1,
                "UPLAND_SKM": 19.1,
                "ENDORHEIC": 0,
                "DIS_AV_CMS": 0.262,
                "ORD_STRA": 1,
                "ORD_CLAS": 4,
                "ORD_FLOW": 7,
                "HYBAS_L12": 4121155220.0,
                "Shape_Length": 0.02220177968641394
            },
            "geometry": {
                "type": "LineString",
                "coordinates": [
                    [
                        80.6124999999997,
                        8.71874999999988
                    ],
                    [
                        80.61874999999961,
                        8.71874999999988
                    ],
                    [
                        80.62291666666627,
                        8.714583333333174
                    ],
                    [
                        80.62708333333299,
                        8.714583333333174
                    ],
                    [
                        80.63124999999965,
                        8.710416666666525
                    ]
                ]
            }
        },
        {
            "type": "Feature",
            "properties": {
                "HYRIV_ID": 41398403,
                "NEXT_DOWN": 41398353,
                "MAIN_RIV": 41397058,
                "LENGTH_KM": 1.76,
                "DIST_DN_KM": 55.200001,
                "DIST_UP_KM": 10.5,
                "CATCH_SKM": 2.76,
                "UPLAND_SKM": 48.599998,
                "ENDORHEIC": 0,
                "DIS_AV_CMS": 0.66900003,
                "ORD_STRA": 2,
                "ORD_CLAS": 3,
                "ORD_FLOW": 7,
                "HYBAS_L12": 4121155220.0,
                "Shape_Length": 0.015951779686448047
            },
            "geometry": {
                "type": "LineString",
                "coordinates": [
                    [
                        80.63124999999965,
                        8.710416666666525
                    ],
                    [
                        80.63541666666632,
                        8.710416666666525
                    ],
                    [
                        80.64374999999964,
                        8.71874999999988
                    ]
                ]
            }
        },
        {
            "type": "Feature",
            "properties": {
                "HYRIV_ID": 41398432,
                "NEXT_DOWN": 41398320,
                "MAIN_RIV": 41397058,
                "LENGTH_KM": 2.56,
                "DIST_DN_KM": 49.400002,
                "DIST_UP_KM": 7.0,
                "CATCH_SKM": 13.16,
                "UPLAND_SKM": 13.2,
                "ENDORHEIC": 0,
                "DIS_AV_CMS": 0.193,
                "ORD_STRA": 1,
                "ORD_CLAS": 3,
                "ORD_FLOW": 7,
                "HYBAS_L12": 4121155220.0,
                "Shape_Length": 0.02306472460804458
            },
            "geometry": {
                "type": "LineString",
                "coordinates": [
                    [
                        80.68333333333297,
                        8.70416666666653
                    ],
                    [
                        80.6937499999996,
                        8.714583333333174
                    ],
                    [
                        80.6937499999996,
                        8.722916666666542
                    ]
                ]
            }
        },
        {
            "type": "Feature",
            "properties": {
                "HYRIV_ID": 41398461,
                "NEXT_DOWN": 41398322,
                "MAIN_RIV": 41397058,
                "LENGTH_KM": 2.6900001,
                "DIST_DN_KM": 48.5,
                "DIST_UP_KM": 37.400002,
                "CATCH_SKM": 5.73,
                "UPLAND_SKM": 254.5,
                "ENDORHEIC": 0,
                "DIS_AV_CMS": 3.7739999,
                "ORD_STRA": 3,
                "ORD_CLAS": 1,
                "ORD_FLOW": 6,
                "HYBAS_L12": 4121155230.0,
                "Shape_Length": 0.024285113019769638
            },
            "geometry": {
                "type": "LineString",
                "coordinates": [
                    [
                        80.7729166666663,
                        8.7020833333332
                    ],
                    [
                        80.7729166666663,
                        8.706249999999862
                    ],
                    [
                        80.77708333333297,
                        8.710416666666525
                    ],
                    [
                        80.77708333333297,
                        8.714583333333174
                    ],
                    [
                        80.7729166666663,
                        8.71874999999988
                    ],
                    [
                        80.7729166666663,
                        8.722916666666542
                    ]
                ]
            }
        },
        {
            "type": "Feature",
            "properties": {
                "HYRIV_ID": 41398482,
                "NEXT_DOWN": 41398483,
                "MAIN_RIV": 41397058,
                "LENGTH_KM": 1.15,
                "DIST_DN_KM": 58.599998,
                "DIST_UP_KM": 4.6,
                "CATCH_SKM": 11.03,
                "UPLAND_SKM": 11.0,
                "ENDORHEIC": 0,
                "DIS_AV_CMS": 0.152,
                "ORD_STRA": 1,
                "ORD_CLAS": 4,
                "ORD_FLOW": 7,
                "HYBAS_L12": 4121155220.0,
                "Shape_Length": 0.010416666666571928
            },
            "geometry": {
                "type": "LineString",
                "coordinates": [
                    [
                        80.6124999999997,
                        8.69791666666655
                    ],
                    [
                        80.62291666666627,
                        8.69791666666655
                    ]
                ]
            }
        },
        {
            "type": "Feature",
            "properties": {
                "HYRIV_ID": 41398483,
                "NEXT_DOWN": 41398403,
                "MAIN_RIV": 41397058,
                "LENGTH_KM": 1.77,
                "DIST_DN_KM": 56.8,
                "DIST_UP_KM": 8.9,
                "CATCH_SKM": 2.33,
                "UPLAND_SKM": 26.700001,
                "ENDORHEIC": 0,
                "DIS_AV_CMS": 0.37,
                "ORD_STRA": 2,
                "ORD_CLAS": 3,
                "ORD_FLOW": 7,
                "HYBAS_L12": 4121155220.0,
                "Shape_Length": 0.015951779686458098
            },
            "geometry": {
                "type": "LineString",
                "coordinates": [
                    [
                        80.62291666666627,
                        8.69791666666655
                    ],
                    [
                        80.63124999999965,
                        8.706249999999862
                    ],
                    [
                        80.63124999999965,
                        8.710416666666525
                    ]
                ]
            }
        },
        {
            "type": "Feature",
            "properties": {
                "HYRIV_ID": 41398484,
                "NEXT_DOWN": 41398356,
                "MAIN_RIV": 41397058,
                "LENGTH_KM": 2.8800001,
                "DIST_DN_KM": 52.8,
                "DIST_UP_KM": 14.5,
                "CATCH_SKM": 6.1500001,
                "UPLAND_SKM": 50.700001,
                "ENDORHEIC": 0,
                "DIS_AV_CMS": 0.723,
                "ORD_STRA": 2,
                "ORD_CLAS": 2,
                "ORD_FLOW": 7,
                "HYBAS_L12": 4121155220.0,
                "Shape_Length": 0.026011002863031932
            },
            "geometry": {
                "type": "LineString",
                "coordinates": [
                    [
                        80.65208333333297,
                        8.69791666666655
                    ],
                    [
                        80.66458333333301,
                        8.710416666666525
                    ],
                    [
                        80.66458333333301,
                        8.71874999999988
                    ]
                ]
            }
        },
        {
            "type": "Feature",
            "properties": {
                "HYRIV_ID": 41398485,
                "NEXT_DOWN": 41398461,
                "MAIN_RIV": 41397058,
                "LENGTH_KM": 3.1,
                "DIST_DN_KM": 51.200001,
                "DIST_UP_KM": 7.6,
                "CATCH_SKM": 11.88,
                "UPLAND_SKM": 11.9,
                "ENDORHEIC": 0,
                "DIS_AV_CMS": 0.17900001,
                "ORD_STRA": 1,
                "ORD_CLAS": 2,
                "ORD_FLOW": 7,
                "HYBAS_L12": 4121155230.0,
                "Shape_Length": 0.028094336196229586
            },
            "geometry": {
                "type": "LineString",
                "coordinates": [
                    [
                        80.74999999999969,
                        8.69791666666655
                    ],
                    [
                        80.7562499999996,
                        8.69791666666655
                    ],
                    [
                        80.76041666666632,
                        8.7020833333332
                    ],
                    [
                        80.76458333333298,
                        8.69791666666655
                    ],
                    [
                        80.76874999999964,
                        8.7020833333332
                    ],
                    [
                        80.7729166666663,
                        8.7020833333332
                    ]
                ]
            }
        },
        {
            "type": "Feature",
            "properties": {
                "HYRIV_ID": 41398563,
                "NEXT_DOWN": 41398483,
                "MAIN_RIV": 41397058,
                "LENGTH_KM": 2.27,
                "DIST_DN_KM": 58.599998,
                "DIST_UP_KM": 7.1,
                "CATCH_SKM": 13.37,
                "UPLAND_SKM": 13.4,
                "ENDORHEIC": 0,
                "DIS_AV_CMS": 0.186,
                "ORD_STRA": 1,
                "ORD_CLAS": 3,
                "ORD_FLOW": 7,
                "HYBAS_L12": 4121155220.0,
                "Shape_Length": 0.02047588984323519
            },
            "geometry": {
                "type": "LineString",
                "coordinates": [
                    [
                        80.61874999999961,
                        8.67916666666654
                    ],
                    [
                        80.61874999999961,
                        8.685416666666534
                    ],
                    [
                        80.62291666666627,
                        8.689583333333182
                    ],
                    [
                        80.62291666666627,
                        8.69791666666655
                    ]
                ]
            }
        },
        {
            "type": "Feature",
            "properties": {
                "HYRIV_ID": 41398586,
                "NEXT_DOWN": 41398461,
                "MAIN_RIV": 41397058,
                "LENGTH_KM": 3.1600001,
                "DIST_DN_KM": 51.200001,
                "DIST_UP_KM": 34.700001,
                "CATCH_SKM": 9.1300001,
                "UPLAND_SKM": 236.89999,
                "ENDORHEIC": 0,
                "DIS_AV_CMS": 3.5179999,
                "ORD_STRA": 3,
                "ORD_CLAS": 1,
                "ORD_FLOW": 6,
                "HYBAS_L12": 4121155230.0,
                "Shape_Length": 0.02845177968643079
            },
            "geometry": {
                "type": "LineString",
                "coordinates": [
                    [
                        80.76458333333298,
                        8.677083333333208
                    ],
                    [
                        80.7729166666663,
                        8.685416666666534
                    ],
                    [
                        80.7729166666663,
                        8.7020833333332
                    ]
                ]
            }
        },
        {
            "type": "Feature",
            "properties": {
                "HYRIV_ID": 41398604,
                "NEXT_DOWN": 41398586,
                "MAIN_RIV": 41397058,
                "LENGTH_KM": 2.87,
                "DIST_DN_KM": 54.400002,
                "DIST_UP_KM": 31.6,
                "CATCH_SKM": 5.52,
                "UPLAND_SKM": 205.7,
                "ENDORHEIC": 0,
                "DIS_AV_CMS": 3.05,
                "ORD_STRA": 3,
                "ORD_CLAS": 1,
                "ORD_FLOW": 6,
                "HYBAS_L12": 4121155230.0,
                "Shape_Length": 0.02601100286298686
            },
            "geometry": {
                "type": "LineString",
                "coordinates": [
                    [
                        80.74374999999961,
                        8.67291666666656
                    ],
                    [
                        80.75208333333299,
                        8.68124999999987
                    ],
                    [
                        80.7562499999996,
                        8.68124999999987
                    ],
                    [
                        80.76041666666632,
                        8.677083333333208
                    ],
                    [
                        80.76458333333298,
                        8.677083333333208
                    ]
                ]
            }
        },
        {
            "type": "Feature",
            "properties": {
                "HYRIV_ID": 41398647,
                "NEXT_DOWN": 41398604,
                "MAIN_RIV": 41397058,
                "LENGTH_KM": 1.16,
                "DIST_DN_KM": 57.200001,
                "DIST_UP_KM": 5.4,
                "CATCH_SKM": 9.1300001,
                "UPLAND_SKM": 9.1,
                "ENDORHEIC": 0,
                "DIS_AV_CMS": 0.139,
                "ORD_STRA": 1,
                "ORD_CLAS": 2,
                "ORD_FLOW": 7,
                "HYBAS_L12": 4121155230.0,
                "Shape_Length": 0.010416666666699825
            },
            "geometry": {
                "type": "LineString",
                "coordinates": [
                    [
                        80.74374999999961,
                        8.66249999999986
                    ],
                    [
                        80.74374999999961,
                        8.67291666666656
                    ]
                ]
            }
        },
        {
            "type": "Feature",
            "properties": {
                "HYRIV_ID": 41398668,
                "NEXT_DOWN": 41398669,
                "MAIN_RIV": 41397058,
                "LENGTH_KM": 1.15,
                "DIST_DN_KM": 61.0,
                "DIST_UP_KM": 4.6,
                "CATCH_SKM": 8.9099998,
                "UPLAND_SKM": 8.9,
                "ENDORHEIC": 0,
                "DIS_AV_CMS": 0.132,
                "ORD_STRA": 1,
                "ORD_CLAS": 2,
                "ORD_FLOW": 7,
                "HYBAS_L12": 4121155230.0,
                "Shape_Length": 0.01041666666661456
            },
            "geometry": {
                "type": "LineString",
                "coordinates": [
                    [
                        80.71249999999966,
                        8.66458333333319
                    ],
                    [
                        80.71874999999963,
                        8.66458333333319
                    ],
                    [
                        80.71874999999963,
                        8.660416666666542
                    ]
                ]
            }
        },
        {
            "type": "Feature",
            "properties": {
                "HYRIV_ID": 41398669,
                "NEXT_DOWN": 41398604,
                "MAIN_RIV": 41397058,
                "LENGTH_KM": 3.71,
                "DIST_DN_KM": 57.400002,
                "DIST_UP_KM": 28.5,
                "CATCH_SKM": 14.64,
                "UPLAND_SKM": 191.0,
                "ENDORHEIC": 0,
                "DIS_AV_CMS": 2.836,
                "ORD_STRA": 3,
                "ORD_CLAS": 1,
                "ORD_FLOW": 6,
                "HYBAS_L12": 4121155230.0,
                "Shape_Length": 0.03362944921607556
            },
            "geometry": {
                "type": "LineString",
                "coordinates": [
                    [
                        80.71874999999963,
                        8.660416666666542
                    ],
                    [
                        80.73124999999962,
                        8.67291666666656
                    ],
                    [
                        80.73541666666628,
                        8.67291666666656
                    ],
                    [
                        80.73958333333294,
                        8.677083333333208
                    ],
                    [
                        80.74374999999961,
                        8.67291666666656
                    ]
                ]
            }
        },
        {
            "type": "Feature",
            "properties": {
                "HYRIV_ID": 41398688,
                "NEXT_DOWN": 41398484,
                "MAIN_RIV": 41397058,
                "LENGTH_KM": 6.1799998,
                "DIST_DN_KM": 55.8,
                "DIST_UP_KM": 9.3,
                "CATCH_SKM": 19.950001,
                "UPLAND_SKM": 19.9,
                "ENDORHEIC": 0,
                "DIS_AV_CMS": 0.28200001,
                "ORD_STRA": 1,
                "ORD_CLAS": 3,
                "ORD_FLOW": 7,
                "HYBAS_L12": 4121155220.0,
                "Shape_Length": 0.05583122890261912
            },
            "geometry": {
                "type": "LineString",
                "coordinates": [
                    [
                        80.62291666666627,
                        8.654166666666505
                    ],
                    [
                        80.62291666666627,
                        8.66458333333319
                    ],
                    [
                        80.62708333333299,
                        8.668749999999854
                    ],
                    [
                        80.62708333333299,
                        8.67291666666656
                    ],
                    [
                        80.65208333333297,
                        8.69791666666655
                    ]
                ]
            }
        },
        {
            "type": "Feature",
            "properties": {
                "HYRIV_ID": 41398720,
                "NEXT_DOWN": 41398484,
                "MAIN_RIV": 41397058,
                "LENGTH_KM": 6.9200001,
                "DIST_DN_KM": 55.8,
                "DIST_UP_KM": 11.4,
                "CATCH_SKM": 24.620001,
                "UPLAND_SKM": 24.6,
                "ENDORHEIC": 0,
                "DIS_AV_CMS": 0.354,
                "ORD_STRA": 1,
                "ORD_CLAS": 2,
                "ORD_FLOW": 7,
                "HYBAS_L12": 4121155220.0,
                "Shape_Length": 0.06243867239267915
            },
            "geometry": {
                "type": "LineString",
                "coordinates": [
                    [
                        80.64374999999964,
                        8.645833333333194
                    ],
                    [
                        80.64374999999964,
                        8.652083333333216
                    ],
                    [
                        80.6479166666663,
                        8.65624999999988
                    ],
                    [
                        80.6479166666663,
                        8.66458333333319
                    ],
                    [
                        80.65208333333297,
                        8.668749999999854
                    ],
                    [
                        80.65208333333297,
                        8.67291666666656
                    ],
                    [
                        80.65624999999963,
                        8.677083333333208
                    ],
                    [
                        80.65208333333297,
                        8.68124999999987
                    ],
                    [
                        80.65624999999963,
                        8.685416666666534
                    ],
                    [
                        80.65624999999963,
                        8.693749999999888
                    ],
                    [
                        80.65208333333297,
                        8.69791666666655
                    ]
                ]
            }
        },
        {
            "type": "Feature",
            "properties": {
                "HYRIV_ID": 41398771,
                "NEXT_DOWN": 41398586,
                "MAIN_RIV": 41397058,
                "LENGTH_KM": 5.2399998,
                "DIST_DN_KM": 54.400002,
                "DIST_UP_KM": 9.0,
                "CATCH_SKM": 22.07,
                "UPLAND_SKM": 22.1,
                "ENDORHEIC": 0,
                "DIS_AV_CMS": 0.339,
                "ORD_STRA": 1,
                "ORD_CLAS": 2,
                "ORD_FLOW": 7,
                "HYBAS_L12": 4121155230.0,
                "Shape_Length": 0.04720177968643384
            },
            "geometry": {
                "type": "LineString",
                "coordinates": [
                    [
                        80.75208333333299,
                        8.637499999999868
                    ],
                    [
                        80.75208333333299,
                        8.643749999999862
                    ],
                    [
                        80.7562499999996,
                        8.643749999999862
                    ],
                    [
                        80.76041666666632,
                        8.64791666666651
                    ],
                    [
                        80.76041666666632,
                        8.660416666666542
                    ],
                    [
                        80.76458333333298,
                        8.66458333333319
                    ],
                    [
                        80.76458333333298,
                        8.677083333333208
                    ]
                ]
            }
        },
        {
            "type": "Feature",
            "properties": {
                "HYRIV_ID": 41398847,
                "NEXT_DOWN": 41398669,
                "MAIN_RIV": 41397058,
                "LENGTH_KM": 4.46,
                "DIST_DN_KM": 61.0,
                "DIST_UP_KM": 25.0,
                "CATCH_SKM": 20.59,
                "UPLAND_SKM": 167.5,
                "ENDORHEIC": 0,
                "DIS_AV_CMS": 2.493,
                "ORD_STRA": 3,
                "ORD_CLAS": 1,
                "ORD_FLOW": 6,
                "HYBAS_L12": 4121155230.0,
                "Shape_Length": 0.040236892706270365
            },
            "geometry": {
                "type": "LineString",
                "coordinates": [
                    [
                        80.70208333333292,
                        8.627083333333182
                    ],
                    [
                        80.71041666666642,
                        8.635416666666536
                    ],
                    [
                        80.71041666666642,
                        8.6395833333332
                    ],
                    [
                        80.71458333333308,
                        8.643749999999862
                    ],
                    [
                        80.71458333333308,
                        8.652083333333216
                    ],
                    [
                        80.71874999999963,
                        8.65624999999988
                    ],
                    [
                        80.71874999999963,
                        8.660416666666542
                    ]
                ]
            }
        },
        {
            "type": "Feature",
            "properties": {
                "HYRIV_ID": 41398871,
                "NEXT_DOWN": 41398872,
                "MAIN_RIV": 41397058,
                "LENGTH_KM": 1.81,
                "DIST_DN_KM": 68.400002,
                "DIST_UP_KM": 6.5,
                "CATCH_SKM": 11.67,
                "UPLAND_SKM": 11.7,
                "ENDORHEIC": 0,
                "DIS_AV_CMS": 0.171,
                "ORD_STRA": 1,
                "ORD_CLAS": 3,
                "ORD_FLOW": 7,
                "HYBAS_L12": 4121600800.0,
                "Shape_Length": 0.016309223176555664
            },
            "geometry": {
                "type": "LineString",
                "coordinates": [
                    [
                        80.67291666666634,
                        8.637499999999868
                    ],
                    [
                        80.67291666666634,
                        8.631249999999888
                    ],
                    [
                        80.677083333333,
                        8.627083333333182
                    ],
                    [
                        80.677083333333,
                        8.62291666666652
                    ]
                ]
            }
        },
        {
            "type": "Feature",
            "properties": {
                "HYRIV_ID": 41398872,
                "NEXT_DOWN": 41398847,
                "MAIN_RIV": 41397058,
                "LENGTH_KM": 2.9400001,
                "DIST_DN_KM": 65.400002,
                "DIST_UP_KM": 10.6,
                "CATCH_SKM": 4.25,
                "UPLAND_SKM": 39.900002,
                "ENDORHEIC": 0,
                "DIS_AV_CMS": 0.584,
                "ORD_STRA": 2,
                "ORD_CLAS": 2,
                "ORD_FLOW": 7,
                "HYBAS_L12": 4121600800.0,
                "Shape_Length": 0.02672588984310678
            },
            "geometry": {
                "type": "LineString",
                "coordinates": [
                    [
                        80.677083333333,
                        8.62291666666652
                    ],
                    [
                        80.6937499999996,
                        8.62291666666652
                    ],
                    [
                        80.69791666666637,
                        8.627083333333182
                    ],
                    [
                        80.70208333333292,
                        8.627083333333182
                    ]
                ]
            }
        },
        {
            "type": "Feature",
            "properties": {
                "HYRIV_ID": 41398873,
                "NEXT_DOWN": 41398847,
                "MAIN_RIV": 41397058,
                "LENGTH_KM": 0.65,
                "DIST_DN_KM": 65.599998,
                "DIST_UP_KM": 20.3,
                "CATCH_SKM": 1.06,
                "UPLAND_SKM": 107.0,
                "ENDORHEIC": 0,
                "DIS_AV_CMS": 1.6109999,
                "ORD_STRA": 2,
                "ORD_CLAS": 1,
                "ORD_FLOW": 6,
                "HYBAS_L12": 4121600800.0,
                "Shape_Length": 0.005892556509962925
            },
            "geometry": {
                "type": "LineString",
                "coordinates": [
                    [
                        80.7062499999997,
                        8.62291666666652
                    ],
                    [
                        80.70208333333292,
                        8.627083333333182
                    ]
                ]
            }
        },
        {
            "type": "Feature",
            "properties": {
                "HYRIV_ID": 41398973,
                "NEXT_DOWN": 41398872,
                "MAIN_RIV": 41397058,
                "LENGTH_KM": 3.85,
                "DIST_DN_KM": 68.5,
                "DIST_UP_KM": 7.4,
                "CATCH_SKM": 23.98,
                "UPLAND_SKM": 24.0,
                "ENDORHEIC": 0,
                "DIS_AV_CMS": 0.35100001,
                "ORD_STRA": 1,
                "ORD_CLAS": 2,
                "ORD_FLOW": 7,
                "HYBAS_L12": 4121600800.0,
                "Shape_Length": 0.03484983762786335
            },
            "geometry": {
                "type": "LineString",
                "coordinates": [
                    [
                        80.65416666666627,
                        8.59999999999986
                    ],
                    [
                        80.66041666666635,
                        8.606249999999896
                    ],
                    [
                        80.66458333333301,
                        8.606249999999896
                    ],
                    [
                        80.66458333333301,
                        8.610416666666545
                    ],
                    [
                        80.677083333333,
                        8.62291666666652
                    ]
                ]
            }
        },
        {
            "type": "Feature",
            "properties": {
                "HYRIV_ID": 41398974,
                "NEXT_DOWN": 41398873,
                "MAIN_RIV": 41397058,
                "LENGTH_KM": 3.4,
                "DIST_DN_KM": 66.300003,
                "DIST_UP_KM": 8.6,
                "CATCH_SKM": 12.52,
                "UPLAND_SKM": 12.5,
                "ENDORHEIC": 0,
                "DIS_AV_CMS": 0.186,
                "ORD_STRA": 1,
                "ORD_CLAS": 2,
                "ORD_FLOW": 7,
                "HYBAS_L12": 4121600800.0,
                "Shape_Length": 0.03068317096120047
            },
            "geometry": {
                "type": "LineString",
                "coordinates": [
                    [
                        80.68749999999963,
                        8.59999999999986
                    ],
                    [
                        80.6937499999996,
                        8.606249999999896
                    ],
                    [
                        80.6937499999996,
                        8.610416666666545
                    ],
                    [
                        80.7062499999997,
                        8.62291666666652
                    ]
                ]
            }
        },
        {
            "type": "Feature",
            "properties": {
                "HYRIV_ID": 41398975,
                "NEXT_DOWN": 41398873,
                "MAIN_RIV": 41397058,
                "LENGTH_KM": 2.5,
                "DIST_DN_KM": 66.300003,
                "DIST_UP_KM": 19.700001,
                "CATCH_SKM": 6.1599998,
                "UPLAND_SKM": 93.400002,
                "ENDORHEIC": 0,
                "DIS_AV_CMS": 1.41,
                "ORD_STRA": 2,
                "ORD_CLAS": 1,
                "ORD_FLOW": 6,
                "HYBAS_L12": 4121600800.0,
                "Shape_Length": 0.022559223176592612
            },
            "geometry": {
                "type": "LineString",
                "coordinates": [
                    [
                        80.71041666666642,
                        8.60208333333319
                    ],
                    [
                        80.71041666666642,
                        8.61874999999987
                    ],
                    [
                        80.7062499999997,
                        8.62291666666652
                    ]
                ]
            }
        },
        {
            "type": "Feature",
            "properties": {
                "HYRIV_ID": 41399106,
                "NEXT_DOWN": 41398975,
                "MAIN_RIV": 41397058,
                "LENGTH_KM": 4.7800002,
                "DIST_DN_KM": 68.599998,
                "DIST_UP_KM": 8.2,
                "CATCH_SKM": 18.040001,
                "UPLAND_SKM": 18.0,
                "ENDORHEIC": 0,
                "DIS_AV_CMS": 0.271,
                "ORD_STRA": 1,
                "ORD_CLAS": 2,
                "ORD_FLOW": 7,
                "HYBAS_L12": 4121600800.0,
                "Shape_Length": 0.043183170961245944
            },
            "geometry": {
                "type": "LineString",
                "coordinates": [
                    [
                        80.68749999999963,
                        8.570833333333205
                    ],
                    [
                        80.6937499999996,
                        8.5770833333332
                    ],
                    [
                        80.6937499999996,
                        8.581249999999862
                    ],
                    [
                        80.70208333333292,
                        8.589583333333216
                    ],
                    [
                        80.70208333333292,
                        8.597916666666528
                    ],
                    [
                        80.7062499999997,
                        8.60208333333319
                    ],
                    [
                        80.71041666666642,
                        8.60208333333319
                    ]
                ]
            }
        },
        {
            "type": "Feature",
            "properties": {
                "HYRIV_ID": 41399130,
                "NEXT_DOWN": 41398975,
                "MAIN_RIV": 41397058,
                "LENGTH_KM": 4.27,
                "DIST_DN_KM": 68.599998,
                "DIST_UP_KM": 17.4,
                "CATCH_SKM": 10.61,
                "UPLAND_SKM": 69.199997,
                "ENDORHEIC": 0,
                "DIS_AV_CMS": 1.049,
                "ORD_STRA": 2,
                "ORD_CLAS": 1,
                "ORD_FLOW": 6,
                "HYBAS_L12": 4121600800.0,
                "Shape_Length": 0.03851100286287328
            },
            "geometry": {
                "type": "LineString",
                "coordinates": [
                    [
                        80.7229166666663,
                        8.568749999999888
                    ],
                    [
                        80.7229166666663,
                        8.58541666666651
                    ],
                    [
                        80.71041666666642,
                        8.597916666666528
                    ],
                    [
                        80.71041666666642,
                        8.60208333333319
                    ]
                ]
            }
        },
        {
            "type": "Feature",
            "properties": {
                "HYRIV_ID": 41399131,
                "NEXT_DOWN": 41399130,
                "MAIN_RIV": 41397058,
                "LENGTH_KM": 1.6,
                "DIST_DN_KM": 72.800003,
                "DIST_UP_KM": 6.3,
                "CATCH_SKM": 10.61,
                "UPLAND_SKM": 10.6,
                "ENDORHEIC": 0,
                "DIS_AV_CMS": 0.164,
                "ORD_STRA": 1,
                "ORD_CLAS": 2,
                "ORD_FLOW": 7,
                "HYBAS_L12": 4121600800.0,
                "Shape_Length": 0.014583333333405335
            },
            "geometry": {
                "type": "LineString",
                "coordinates": [
                    [
                        80.7374999999997,
                        8.568749999999888
                    ],
                    [
                        80.7229166666663,
                        8.568749999999888
                    ]
                ]
            }
        },
        {
            "type": "Feature",
            "properties": {
                "HYRIV_ID": 41399205,
                "NEXT_DOWN": 41399130,
                "MAIN_RIV": 41397058,
                "LENGTH_KM": 2.4200001,
                "DIST_DN_KM": 72.800003,
                "DIST_UP_KM": 13.1,
                "CATCH_SKM": 7.85,
                "UPLAND_SKM": 48.0,
                "ENDORHEIC": 0,
                "DIS_AV_CMS": 0.727,
                "ORD_STRA": 2,
                "ORD_CLAS": 1,
                "ORD_FLOW": 7,
                "HYBAS_L12": 4121600800.0,
                "Shape_Length": 0.021844336196262682
            },
            "geometry": {
                "type": "LineString",
                "coordinates": [
                    [
                        80.71041666666642,
                        8.552083333333208
                    ],
                    [
                        80.7229166666663,
                        8.564583333333182
                    ],
                    [
                        80.7229166666663,
                        8.568749999999888
                    ]
                ]
            }
        },
        {
            "type": "Feature",
            "properties": {
                "HYRIV_ID": 41399227,
                "NEXT_DOWN": 41399205,
                "MAIN_RIV": 41397058,
                "LENGTH_KM": 1.4400001,
                "DIST_DN_KM": 75.300003,
                "DIST_UP_KM": 4.1,
                "CATCH_SKM": 7.2199998,
                "UPLAND_SKM": 7.2,
                "ENDORHEIC": 0,
                "DIS_AV_CMS": 0.111,
                "ORD_STRA": 1,
                "ORD_CLAS": 2,
                "ORD_FLOW": 7,
                "HYBAS_L12": 4121600800.0,
                "Shape_Length": 0.013005501431456536
            },
            "geometry": {
                "type": "LineString",
                "coordinates": [
                    [
                        80.72083333333299,
                        8.54583333333317
                    ],
                    [
                        80.71458333333308,
                        8.552083333333208
                    ],
                    [
                        80.71041666666642,
                        8.552083333333208
                    ]
                ]
            }
        },
        {
            "type": "Feature",
            "properties": {
                "HYRIV_ID": 41399443,
                "NEXT_DOWN": 41399205,
                "MAIN_RIV": 41397058,
                "LENGTH_KM": 6.5500002,
                "DIST_DN_KM": 75.5,
                "DIST_UP_KM": 10.5,
                "CATCH_SKM": 32.91,
                "UPLAND_SKM": 32.900002,
                "ENDORHEIC": 0,
                "DIS_AV_CMS": 0.49700001,
                "ORD_STRA": 1,
                "ORD_CLAS": 1,
                "ORD_FLOW": 7,
                "HYBAS_L12": 4121600800.0,
                "Shape_Length": 0.05913495064772313
            },
            "geometry": {
                "type": "LineString",
                "coordinates": [
                    [
                        80.6791666666663,
                        8.508333333333205
                    ],
                    [
                        80.68541666666638,
                        8.5145833333332
                    ],
                    [
                        80.68541666666638,
                        8.527083333333216
                    ],
                    [
                        80.68958333333305,
                        8.531249999999865
                    ],
                    [
                        80.68958333333305,
                        8.535416666666528
                    ],
                    [
                        80.6937499999996,
                        8.53958333333319
                    ],
                    [
                        80.69791666666637,
                        8.53958333333319
                    ],
                    [
                        80.71041666666642,
                        8.552083333333208
                    ]
                ]
            }
        }
    ]
}