{
    "type": "FeatureCollection",
    "features": [
        {
            "type": "Feature",
            "properties": {
                "HYRIV_ID": 41403750,
                "NEXT_DOWN": 41403869,
                "MAIN_RIV": 41404427,
                "LENGTH_KM": 1.4400001,
                "DIST_DN_KM": 62.8,
                "DIST_UP_KM": 4.2,
                "CATCH_SKM": 6.3800001,
                "UPLAND_SKM": 6.4,
                "ENDORHEIC": 0,
                "DIS_AV_CMS": 0.16500001,
                "ORD_STRA": 1,
                "ORD_CLAS": 3,
                "ORD_FLOW": 7,
                "HYBAS_L12": 4121158060.0,
                "Shape_Length": 0.013005501431575396
            },
            "geometry": {
                "type": "LineString",
                "coordinates": [
                    [
                        80.22916666666637,
                        7.458333333333222
                    ],
                    [
                        80.2229166666663,
                        7.452083333333228
                    ],
                    [
                        80.2229166666663,
                        7.447916666666536
                    ]
                ]
            }
        },
        {
            "type": "Feature",
            "properties": {
                "HYRIV_ID": 41403809,
                "NEXT_DOWN": 41403869,
                "MAIN_RIV": 41404427,
                "LENGTH_KM": 3.3800001,
                "DIST_DN_KM": 62.8,
                "DIST_UP_KM": 6.4,
                "CATCH_SKM": 16.18,
                "UPLAND_SKM": 16.200001,
                "ENDORHEIC": 0,
                "DIS_AV_CMS": 0.428,
                "ORD_STRA": 1,
                "ORD_CLAS": 2,
                "ORD_FLOW": 7,
                "HYBAS_L12": 4121158060.0,
                "Shape_Length": 0.030535113019774004
            },
            "geometry": {
                "type": "LineString",
                "coordinates": [
                    [
                        80.24374999999966,
                        7.433333333333231
                    ],
                    [
                        80.24374999999966,
                        7.439583333333211
                    ],
                    [
                        80.23958333333294,
                        7.44375
                    ],
                    [
                        80.23541666666628,
                        7.44375
                    ],
                    [
                        80.23124999999962,
                        7.447916666666536
                    ],
                    [
                        80.2229166666663,
                        7.447916666666536
                    ]
                ]
            }
        },
        {
            "type": "Feature",
            "properties": {
                "HYRIV_ID": 41403869,
                "NEXT_DOWN": 41403886,
                "MAIN_RIV": 41404427,
                "LENGTH_KM": 4.08,
                "DIST_DN_KM": 58.700001,
                "DIST_UP_KM": 10.5,
                "CATCH_SKM": 14.9,
                "UPLAND_SKM": 37.5,
                "ENDORHEIC": 0,
                "DIS_AV_CMS": 0.982,
                "ORD_STRA": 2,
                "ORD_CLAS": 2,
                "ORD_FLOW": 7,
                "HYBAS_L12": 4121158060.0,
                "Shape_Length": 0.03678511301978568
            },
            "geometry": {
                "type": "LineString",
                "coordinates": [
                    [
                        80.2229166666663,
                        7.447916666666536
                    ],
                    [
                        80.21874999999963,
                        7.44375
                    ],
                    [
                        80.21874999999963,
                        7.422916666666531
                    ],
                    [
                        80.21458333333297,
                        7.41875
                    ],
                    [
                        80.21458333333297,
                        7.414583333333219
                    ]
                ]
            }
        },
        {
            "type": "Feature",
            "properties": {
                "HYRIV_ID": 41403885,
                "NEXT_DOWN": 41403997,
                "MAIN_RIV": 41404427,
                "LENGTH_KM": 1.63,
                "DIST_DN_KM": 57.8,
                "DIST_UP_KM": 3.6,
                "CATCH_SKM": 5.1100001,
                "UPLAND_SKM": 5.1,
                "ENDORHEIC": 0,
                "DIS_AV_CMS": 0.13500001,
                "ORD_STRA": 1,
                "ORD_CLAS": 3,
                "ORD_FLOW": 7,
                "HYBAS_L12": 4121158060.0,
                "Shape_Length": 0.014731391274686246
            },
            "geometry": {
                "type": "LineString",
                "coordinates": [
                    [
                        80.19583333333301,
                        7.420833333333213
                    ],
                    [
                        80.20624999999964,
                        7.410416666666556
                    ]
                ]
            }
        },
        {
            "type": "Feature",
            "properties": {
                "HYRIV_ID": 41403886,
                "NEXT_DOWN": 41403997,
                "MAIN_RIV": 41404427,
                "LENGTH_KM": 1.11,
                "DIST_DN_KM": 57.599998,
                "DIST_UP_KM": 11.6,
                "CATCH_SKM": 1.06,
                "UPLAND_SKM": 48.099998,
                "ENDORHEIC": 0,
                "DIS_AV_CMS": 1.267,
                "ORD_STRA": 2,
                "ORD_CLAS": 2,
                "ORD_FLOW": 6,
                "HYBAS_L12": 4121158060.0,
                "Shape_Length": 0.010059223176545413
            },
            "geometry": {
                "type": "LineString",
                "coordinates": [
                    [
                        80.21458333333297,
                        7.414583333333219
                    ],
                    [
                        80.2104166666663,
                        7.410416666666556
                    ],
                    [
                        80.20624999999964,
                        7.410416666666556
                    ]
                ]
            }
        },
        {
            "type": "Feature",
            "properties": {
                "HYRIV_ID": 41403887,
                "NEXT_DOWN": 41403886,
                "MAIN_RIV": 41404427,
                "LENGTH_KM": 1.34,
                "DIST_DN_KM": 58.900002,
                "DIST_UP_KM": 4.5,
                "CATCH_SKM": 9.58,
                "UPLAND_SKM": 9.6,
                "ENDORHEIC": 0,
                "DIS_AV_CMS": 0.258,
                "ORD_STRA": 1,
                "ORD_CLAS": 3,
                "ORD_FLOW": 7,
                "HYBAS_L12": 4121158060.0,
                "Shape_Length": 0.01214255650984843
            },
            "geometry": {
                "type": "LineString",
                "coordinates": [
                    [
                        80.2249999999996,
                        7.410416666666556
                    ],
                    [
                        80.21874999999963,
                        7.410416666666556
                    ],
                    [
                        80.21458333333297,
                        7.414583333333219
                    ]
                ]
            }
        },
        {
            "type": "Feature",
            "properties": {
                "HYRIV_ID": 41403945,
                "NEXT_DOWN": 41403970,
                "MAIN_RIV": 41404427,
                "LENGTH_KM": 0.69,
                "DIST_DN_KM": 62.3,
                "DIST_UP_KM": 4.7,
                "CATCH_SKM": 6.1700001,
                "UPLAND_SKM": 6.2,
                "ENDORHEIC": 0,
                "DIS_AV_CMS": 0.167,
                "ORD_STRA": 1,
                "ORD_CLAS": 4,
                "ORD_FLOW": 7,
                "HYBAS_L12": 4121158060.0,
                "Shape_Length": 0.0062499999999090505
            },
            "geometry": {
                "type": "LineString",
                "coordinates": [
                    [
                        80.27916666666627,
                        7.393749999999891
                    ],
                    [
                        80.27291666666636,
                        7.393749999999891
                    ]
                ]
            }
        },
        {
            "type": "Feature",
            "properties": {
                "HYRIV_ID": 41403955,
                "NEXT_DOWN": 41403970,
                "MAIN_RIV": 41404427,
                "LENGTH_KM": 3.37,
                "DIST_DN_KM": 62.5,
                "DIST_UP_KM": 5.8,
                "CATCH_SKM": 14.26,
                "UPLAND_SKM": 14.3,
                "ENDORHEIC": 0,
                "DIS_AV_CMS": 0.39,
                "ORD_STRA": 1,
                "ORD_CLAS": 3,
                "ORD_FLOW": 7,
                "HYBAS_L12": 4121158060.0,
                "Shape_Length": 0.030535113019719597
            },
            "geometry": {
                "type": "LineString",
                "coordinates": [
                    [
                        80.29999999999964,
                        7.393749999999891
                    ],
                    [
                        80.28958333333301,
                        7.393749999999891
                    ],
                    [
                        80.28541666666635,
                        7.389583333333228
                    ],
                    [
                        80.27708333333302,
                        7.389583333333228
                    ],
                    [
                        80.27291666666636,
                        7.393749999999891
                    ]
                ]
            }
        },
        {
            "type": "Feature",
            "properties": {
                "HYRIV_ID": 41403969,
                "NEXT_DOWN": 41403998,
                "MAIN_RIV": 41404427,
                "LENGTH_KM": 1.38,
                "DIST_DN_KM": 56.0,
                "DIST_UP_KM": 12.3,
                "CATCH_SKM": 2.77,
                "UPLAND_SKM": 51.3,
                "ENDORHEIC": 0,
                "DIS_AV_CMS": 1.404,
                "ORD_STRA": 2,
                "ORD_CLAS": 3,
                "ORD_FLOW": 6,
                "HYBAS_L12": 4121158060.0,
                "Shape_Length": 0.012499999999988631
            },
            "geometry": {
                "type": "LineString",
                "coordinates": [
                    [
                        80.23541666666628,
                        7.385416666666565
                    ],
                    [
                        80.2229166666663,
                        7.385416666666565
                    ]
                ]
            }
        },
        {
            "type": "Feature",
            "properties": {
                "HYRIV_ID": 41403970,
                "NEXT_DOWN": 41403969,
                "MAIN_RIV": 41404427,
                "LENGTH_KM": 4.9099998,
                "DIST_DN_KM": 57.5,
                "DIST_UP_KM": 10.7,
                "CATCH_SKM": 16.389999,
                "UPLAND_SKM": 36.8,
                "ENDORHEIC": 0,
                "DIS_AV_CMS": 1.003,
                "ORD_STRA": 2,
                "ORD_CLAS": 3,
                "ORD_FLOW": 6,
                "HYBAS_L12": 4121158060.0,
                "Shape_Length": 0.044403559372921474
            },
            "geometry": {
                "type": "LineString",
                "coordinates": [
                    [
                        80.27291666666636,
                        7.393749999999891
                    ],
                    [
                        80.2687499999997,
                        7.393749999999891
                    ],
                    [
                        80.26458333333298,
                        7.397916666666539
                    ],
                    [
                        80.26041666666632,
                        7.397916666666539
                    ],
                    [
                        80.25208333333299,
                        7.389583333333228
                    ],
                    [
                        80.23958333333294,
                        7.389583333333228
                    ],
                    [
                        80.23541666666628,
                        7.385416666666565
                    ]
                ]
            }
        },
        {
            "type": "Feature",
            "properties": {
                "HYRIV_ID": 41403997,
                "NEXT_DOWN": 41404092,
                "MAIN_RIV": 41404427,
                "LENGTH_KM": 4.27,
                "DIST_DN_KM": 53.3,
                "DIST_UP_KM": 15.9,
                "CATCH_SKM": 9.79,
                "UPLAND_SKM": 63.0,
                "ENDORHEIC": 0,
                "DIS_AV_CMS": 1.661,
                "ORD_STRA": 2,
                "ORD_CLAS": 2,
                "ORD_FLOW": 6,
                "HYBAS_L12": 4121158060.0,
                "Shape_Length": 0.0385110028629963
            },
            "geometry": {
                "type": "LineString",
                "coordinates": [
                    [
                        80.20624999999964,
                        7.410416666666556
                    ],
                    [
                        80.20624999999964,
                        7.393749999999891
                    ],
                    [
                        80.20208333333298,
                        7.389583333333228
                    ],
                    [
                        80.20624999999964,
                        7.385416666666565
                    ],
                    [
                        80.20208333333298,
                        7.381249999999874
                    ],
                    [
                        80.20208333333298,
                        7.377083333333211
                    ]
                ]
            }
        },
        {
            "type": "Feature",
            "properties": {
                "HYRIV_ID": 41403998,
                "NEXT_DOWN": 41404092,
                "MAIN_RIV": 41404427,
                "LENGTH_KM": 2.6800001,
                "DIST_DN_KM": 53.3,
                "DIST_UP_KM": 15.0,
                "CATCH_SKM": 6.1700001,
                "UPLAND_SKM": 62.599998,
                "ENDORHEIC": 0,
                "DIS_AV_CMS": 1.7130001,
                "ORD_STRA": 2,
                "ORD_CLAS": 3,
                "ORD_FLOW": 6,
                "HYBAS_L12": 4121158060.0,
                "Shape_Length": 0.0242851130197738
            },
            "geometry": {
                "type": "LineString",
                "coordinates": [
                    [
                        80.2229166666663,
                        7.385416666666565
                    ],
                    [
                        80.21458333333297,
                        7.385416666666565
                    ],
                    [
                        80.20624999999964,
                        7.377083333333211
                    ],
                    [
                        80.20208333333298,
                        7.377083333333211
                    ]
                ]
            }
        },
        {
            "type": "Feature",
            "properties": {
                "HYRIV_ID": 41403999,
                "NEXT_DOWN": 41403998,
                "MAIN_RIV": 41404427,
                "LENGTH_KM": 1.16,
                "DIST_DN_KM": 56.0,
                "DIST_UP_KM": 3.4,
                "CATCH_SKM": 5.1100001,
                "UPLAND_SKM": 5.1,
                "ENDORHEIC": 0,
                "DIS_AV_CMS": 0.142,
                "ORD_STRA": 1,
                "ORD_CLAS": 4,
                "ORD_FLOW": 7,
                "HYBAS_L12": 4121158060.0,
                "Shape_Length": 0.010416666666685614
            },
            "geometry": {
                "type": "LineString",
                "coordinates": [
                    [
                        80.2229166666663,
                        7.374999999999879
                    ],
                    [
                        80.2229166666663,
                        7.385416666666565
                    ]
                ]
            }
        },
        {
            "type": "Feature",
            "properties": {
                "HYRIV_ID": 41404027,
                "NEXT_DOWN": 41404091,
                "MAIN_RIV": 41404427,
                "LENGTH_KM": 0.98,
                "DIST_DN_KM": 51.8,
                "DIST_UP_KM": 3.8,
                "CATCH_SKM": 5.1100001,
                "UPLAND_SKM": 5.1,
                "ENDORHEIC": 0,
                "DIS_AV_CMS": 0.14,
                "ORD_STRA": 1,
                "ORD_CLAS": 4,
                "ORD_FLOW": 7,
                "HYBAS_L12": 4121158060.0,
                "Shape_Length": 0.00883883476479366
            },
            "geometry": {
                "type": "LineString",
                "coordinates": [
                    [
                        80.17083333333298,
                        7.374999999999879
                    ],
                    [
                        80.17708333333294,
                        7.368749999999899
                    ]
                ]
            }
        },
        {
            "type": "Feature",
            "properties": {
                "HYRIV_ID": 41404028,
                "NEXT_DOWN": 41404091,
                "MAIN_RIV": 41404427,
                "LENGTH_KM": 5.98,
                "DIST_DN_KM": 51.599998,
                "DIST_UP_KM": 8.8,
                "CATCH_SKM": 22.139999,
                "UPLAND_SKM": 22.1,
                "ENDORHEIC": 0,
                "DIS_AV_CMS": 0.593,
                "ORD_STRA": 1,
                "ORD_CLAS": 3,
                "ORD_FLOW": 7,
                "HYBAS_L12": 4121158060.0,
                "Shape_Length": 0.053809223176453654
            },
            "geometry": {
                "type": "LineString",
                "coordinates": [
                    [
                        80.1729166666664,
                        7.420833333333213
                    ],
                    [
                        80.1729166666664,
                        7.377083333333211
                    ],
                    [
                        80.17708333333294,
                        7.372916666666548
                    ],
                    [
                        80.17708333333294,
                        7.368749999999899
                    ]
                ]
            }
        },
        {
            "type": "Feature",
            "properties": {
                "HYRIV_ID": 41404045,
                "NEXT_DOWN": 41403969,
                "MAIN_RIV": 41404427,
                "LENGTH_KM": 2.9300001,
                "DIST_DN_KM": 57.5,
                "DIST_UP_KM": 5.4,
                "CATCH_SKM": 11.71,
                "UPLAND_SKM": 11.7,
                "ENDORHEIC": 0,
                "DIS_AV_CMS": 0.327,
                "ORD_STRA": 1,
                "ORD_CLAS": 4,
                "ORD_FLOW": 7,
                "HYBAS_L12": 4121158060.0,
                "Shape_Length": 0.026368446353173855
            },
            "geometry": {
                "type": "LineString",
                "coordinates": [
                    [
                        80.24374999999966,
                        7.362499999999862
                    ],
                    [
                        80.24374999999966,
                        7.372916666666548
                    ],
                    [
                        80.23958333333294,
                        7.377083333333211
                    ],
                    [
                        80.23958333333294,
                        7.381249999999874
                    ],
                    [
                        80.23541666666628,
                        7.385416666666565
                    ]
                ]
            }
        },
        {
            "type": "Feature",
            "properties": {
                "HYRIV_ID": 41404056,
                "NEXT_DOWN": 41404198,
                "MAIN_RIV": 41404427,
                "LENGTH_KM": 3.37,
                "DIST_DN_KM": 74.599998,
                "DIST_UP_KM": 6.3,
                "CATCH_SKM": 14.9,
                "UPLAND_SKM": 14.9,
                "ENDORHEIC": 0,
                "DIS_AV_CMS": 0.417,
                "ORD_STRA": 1,
                "ORD_CLAS": 3,
                "ORD_FLOW": 7,
                "HYBAS_L12": 4121601690.0,
                "Shape_Length": 0.0305351130196863
            },
            "geometry": {
                "type": "LineString",
                "coordinates": [
                    [
                        80.29166666666632,
                        7.360416666666531
                    ],
                    [
                        80.30208333333294,
                        7.360416666666531
                    ],
                    [
                        80.30624999999961,
                        7.364583333333194
                    ],
                    [
                        80.31041666666627,
                        7.364583333333194
                    ],
                    [
                        80.31458333333305,
                        7.360416666666531
                    ],
                    [
                        80.3187499999996,
                        7.360416666666531
                    ]
                ]
            }
        },
        {
            "type": "Feature",
            "properties": {
                "HYRIV_ID": 41404057,
                "NEXT_DOWN": 41404198,
                "MAIN_RIV": 41404427,
                "LENGTH_KM": 2.74,
                "DIST_DN_KM": 74.599998,
                "DIST_UP_KM": 6.5,
                "CATCH_SKM": 12.35,
                "UPLAND_SKM": 12.3,
                "ENDORHEIC": 0,
                "DIS_AV_CMS": 0.34200001,
                "ORD_STRA": 1,
                "ORD_CLAS": 2,
                "ORD_FLOW": 7,
                "HYBAS_L12": 4121601690.0,
                "Shape_Length": 0.024642556510000278
            },
            "geometry": {
                "type": "LineString",
                "coordinates": [
                    [
                        80.32291666666643,
                        7.383333333333191
                    ],
                    [
                        80.32291666666643,
                        7.377083333333211
                    ],
                    [
                        80.3187499999996,
                        7.372916666666548
                    ],
                    [
                        80.3187499999996,
                        7.360416666666531
                    ]
                ]
            }
        },
        {
            "type": "Feature",
            "properties": {
                "HYRIV_ID": 41404058,
                "NEXT_DOWN": 41404198,
                "MAIN_RIV": 41404427,
                "LENGTH_KM": 2.53,
                "DIST_DN_KM": 74.599998,
                "DIST_UP_KM": 4.5,
                "CATCH_SKM": 6.39,
                "UPLAND_SKM": 6.4,
                "ENDORHEIC": 0,
                "DIS_AV_CMS": 0.17900001,
                "ORD_STRA": 1,
                "ORD_CLAS": 4,
                "ORD_FLOW": 7,
                "HYBAS_L12": 4121601690.0,
                "Shape_Length": 0.02291666666673109
            },
            "geometry": {
                "type": "LineString",
                "coordinates": [
                    [
                        80.34166666666633,
                        7.360416666666531
                    ],
                    [
                        80.3187499999996,
                        7.360416666666531
                    ]
                ]
            }
        },
        {
            "type": "Feature",
            "properties": {
                "HYRIV_ID": 41404081,
                "NEXT_DOWN": 41404127,
                "MAIN_RIV": 41404427,
                "LENGTH_KM": 6.3400002,
                "DIST_DN_KM": 82.800003,
                "DIST_UP_KM": 9.3,
                "CATCH_SKM": 30.440001,
                "UPLAND_SKM": 30.4,
                "ENDORHEIC": 0,
                "DIS_AV_CMS": 0.83700001,
                "ORD_STRA": 1,
                "ORD_CLAS": 3,
                "ORD_FLOW": 7,
                "HYBAS_L12": 4121158050.0,
                "Shape_Length": 0.05726100286294251
            },
            "geometry": {
                "type": "LineString",
                "coordinates": [
                    [
                        80.4416666666663,
                        7.389583333333228
                    ],
                    [
                        80.4229166666664,
                        7.389583333333228
                    ],
                    [
                        80.41874999999968,
                        7.385416666666565
                    ],
                    [
                        80.41874999999968,
                        7.377083333333211
                    ],
                    [
                        80.41458333333301,
                        7.372916666666548
                    ],
                    [
                        80.41458333333301,
                        7.364583333333194
                    ],
                    [
                        80.41041666666635,
                        7.360416666666531
                    ],
                    [
                        80.41041666666635,
                        7.356249999999882
                    ]
                ]
            }
        },
        {
            "type": "Feature",
            "properties": {
                "HYRIV_ID": 41404091,
                "NEXT_DOWN": 41404112,
                "MAIN_RIV": 41404427,
                "LENGTH_KM": 2.04,
                "DIST_DN_KM": 49.599998,
                "DIST_UP_KM": 10.9,
                "CATCH_SKM": 2.56,
                "UPLAND_SKM": 29.8,
                "ENDORHEIC": 0,
                "DIS_AV_CMS": 0.80299997,
                "ORD_STRA": 2,
                "ORD_CLAS": 3,
                "ORD_FLOW": 7,
                "HYBAS_L12": 4121158060.0,
                "Shape_Length": 0.018392556509984143
            },
            "geometry": {
                "type": "LineString",
                "coordinates": [
                    [
                        80.17708333333294,
                        7.368749999999899
                    ],
                    [
                        80.17708333333294,
                        7.360416666666531
                    ],
                    [
                        80.18124999999972,
                        7.356249999999882
                    ],
                    [
                        80.18124999999972,
                        7.352083333333219
                    ]
                ]
            }
        },
        {
            "type": "Feature",
            "properties": {
                "HYRIV_ID": 41404092,
                "NEXT_DOWN": 41404112,
                "MAIN_RIV": 41404427,
                "LENGTH_KM": 3.73,
                "DIST_DN_KM": 49.8,
                "DIST_UP_KM": 19.4,
                "CATCH_SKM": 7.2399998,
                "UPLAND_SKM": 132.8,
                "ENDORHEIC": 0,
                "DIS_AV_CMS": 3.563,
                "ORD_STRA": 3,
                "ORD_CLAS": 2,
                "ORD_FLOW": 6,
                "HYBAS_L12": 4121158060.0,
                "Shape_Length": 0.0336294492160579
            },
            "geometry": {
                "type": "LineString",
                "coordinates": [
                    [
                        80.20208333333298,
                        7.377083333333211
                    ],
                    [
                        80.1937499999996,
                        7.368749999999899
                    ],
                    [
                        80.1937499999996,
                        7.364583333333194
                    ],
                    [
                        80.18124999999972,
                        7.352083333333219
                    ]
                ]
            }
        },
        {
            "type": "Feature",
            "properties": {
                "HYRIV_ID": 41404112,
                "NEXT_DOWN": 41404138,
                "MAIN_RIV": 41404427,
                "LENGTH_KM": 0.46,
                "DIST_DN_KM": 49.099998,
                "DIST_UP_KM": 20.1,
                "CATCH_SKM": 1.49,
                "UPLAND_SKM": 164.10001,
                "ENDORHEIC": 0,
                "DIS_AV_CMS": 4.4050002,
                "ORD_STRA": 3,
                "ORD_CLAS": 2,
                "ORD_FLOW": 6,
                "HYBAS_L12": 4121158060.0,
                "Shape_Length": 0.004166666666662877
            },
            "geometry": {
                "type": "LineString",
                "coordinates": [
                    [
                        80.18124999999972,
                        7.352083333333219
                    ],
                    [
                        80.18124999999972,
                        7.347916666666556
                    ]
                ]
            }
        },
        {
            "type": "Feature",
            "properties": {
                "HYRIV_ID": 41404124,
                "NEXT_DOWN": 41404182,
                "MAIN_RIV": 41404427,
                "LENGTH_KM": 0.98,
                "DIST_DN_KM": 43.099998,
                "DIST_UP_KM": 3.3,
                "CATCH_SKM": 5.1100001,
                "UPLAND_SKM": 5.1,
                "ENDORHEIC": 0,
                "DIS_AV_CMS": 0.142,
                "ORD_STRA": 1,
                "ORD_CLAS": 3,
                "ORD_FLOW": 7,
                "HYBAS_L12": 4121601680.0,
                "Shape_Length": 0.008838834764843902
            },
            "geometry": {
                "type": "LineString",
                "coordinates": [
                    [
                        80.12499999999963,
                        7.349999999999888
                    ],
                    [
                        80.13124999999965,
                        7.343749999999893
                    ]
                ]
            }
        },
        {
            "type": "Feature",
            "properties": {
                "HYRIV_ID": 41404125,
                "NEXT_DOWN": 41404182,
                "MAIN_RIV": 41404427,
                "LENGTH_KM": 2.46,
                "DIST_DN_KM": 42.900002,
                "DIST_UP_KM": 4.9,
                "CATCH_SKM": 7.6599998,
                "UPLAND_SKM": 7.7,
                "ENDORHEIC": 0,
                "DIS_AV_CMS": 0.212,
                "ORD_STRA": 1,
                "ORD_CLAS": 2,
                "ORD_FLOW": 7,
                "HYBAS_L12": 4121601680.0,
                "Shape_Length": 0.02220177968644825
            },
            "geometry": {
                "type": "LineString",
                "coordinates": [
                    [
                        80.13958333333304,
                        7.362499999999862
                    ],
                    [
                        80.13958333333304,
                        7.356249999999882
                    ],
                    [
                        80.13124999999965,
                        7.347916666666556
                    ],
                    [
                        80.13124999999965,
                        7.343749999999893
                    ]
                ]
            }
        },
        {
            "type": "Feature",
            "properties": {
                "HYRIV_ID": 41404126,
                "NEXT_DOWN": 41404183,
                "MAIN_RIV": 41404427,
                "LENGTH_KM": 10.07,
                "DIST_DN_KM": 81.199997,
                "DIST_UP_KM": 12.2,
                "CATCH_SKM": 25.76,
                "UPLAND_SKM": 25.8,
                "ENDORHEIC": 0,
                "DIS_AV_CMS": 0.7,
                "ORD_STRA": 1,
                "ORD_CLAS": 3,
                "ORD_FLOW": 7,
                "HYBAS_L12": 4121158050.0,
                "Shape_Length": 0.09074239413780232
            },
            "geometry": {
                "type": "LineString",
                "coordinates": [
                    [
                        80.3916666666664,
                        7.424999999999862
                    ],
                    [
                        80.38541666666632,
                        7.41875
                    ],
                    [
                        80.38541666666632,
                        7.410416666666556
                    ],
                    [
                        80.38958333333298,
                        7.40625
                    ],
                    [
                        80.38958333333298,
                        7.397916666666539
                    ],
                    [
                        80.39374999999964,
                        7.393749999999891
                    ],
                    [
                        80.39374999999964,
                        7.364583333333194
                    ],
                    [
                        80.39791666666636,
                        7.360416666666531
                    ],
                    [
                        80.39791666666636,
                        7.347916666666556
                    ],
                    [
                        80.40208333333302,
                        7.343749999999893
                    ]
                ]
            }
        },
        {
            "type": "Feature",
            "properties": {
                "HYRIV_ID": 41404127,
                "NEXT_DOWN": 41404183,
                "MAIN_RIV": 41404427,
                "LENGTH_KM": 1.77,
                "DIST_DN_KM": 81.199997,
                "DIST_UP_KM": 19.200001,
                "CATCH_SKM": 1.7,
                "UPLAND_SKM": 108.4,
                "ENDORHEIC": 0,
                "DIS_AV_CMS": 3.0450001,
                "ORD_STRA": 3,
                "ORD_CLAS": 2,
                "ORD_FLOW": 6,
                "HYBAS_L12": 4121158050.0,
                "Shape_Length": 0.01595177968642795
            },
            "geometry": {
                "type": "LineString",
                "coordinates": [
                    [
                        80.41041666666635,
                        7.356249999999882
                    ],
                    [
                        80.40624999999969,
                        7.352083333333219
                    ],
                    [
                        80.40624999999969,
                        7.347916666666556
                    ],
                    [
                        80.40208333333302,
                        7.343749999999893
                    ]
                ]
            }
        },
        {
            "type": "Feature",
            "properties": {
                "HYRIV_ID": 41404137,
                "NEXT_DOWN": 41404150,
                "MAIN_RIV": 41404427,
                "LENGTH_KM": 2.75,
                "DIST_DN_KM": 47.8,
                "DIST_UP_KM": 6.0,
                "CATCH_SKM": 6.81,
                "UPLAND_SKM": 6.8,
                "ENDORHEIC": 0,
                "DIS_AV_CMS": 0.189,
                "ORD_STRA": 1,
                "ORD_CLAS": 3,
                "ORD_FLOW": 7,
                "HYBAS_L12": 4121158060.0,
                "Shape_Length": 0.024790614451287787
            },
            "geometry": {
                "type": "LineString",
                "coordinates": [
                    [
                        80.15833333333299,
                        7.358333333333199
                    ],
                    [
                        80.1729166666664,
                        7.343749999999893
                    ],
                    [
                        80.1729166666664,
                        7.339583333333245
                    ]
                ]
            }
        },
        {
            "type": "Feature",
            "properties": {
                "HYRIV_ID": 41404138,
                "NEXT_DOWN": 41404150,
                "MAIN_RIV": 41404427,
                "LENGTH_KM": 1.3,
                "DIST_DN_KM": 48.0,
                "DIST_UP_KM": 21.200001,
                "CATCH_SKM": 1.7,
                "UPLAND_SKM": 188.8,
                "ENDORHEIC": 0,
                "DIS_AV_CMS": 5.1020002,
                "ORD_STRA": 3,
                "ORD_CLAS": 2,
                "ORD_FLOW": 6,
                "HYBAS_L12": 4121158060.0,
                "Shape_Length": 0.011785113019755026
            },
            "geometry": {
                "type": "LineString",
                "coordinates": [
                    [
                        80.18124999999972,
                        7.347916666666556
                    ],
                    [
                        80.1729166666664,
                        7.339583333333245
                    ]
                ]
            }
        },
        {
            "type": "Feature",
            "properties": {
                "HYRIV_ID": 41404139,
                "NEXT_DOWN": 41404153,
                "MAIN_RIV": 41404427,
                "LENGTH_KM": 2.28,
                "DIST_DN_KM": 91.0,
                "DIST_UP_KM": 4.8,
                "CATCH_SKM": 7.6599998,
                "UPLAND_SKM": 7.7,
                "ENDORHEIC": 0,
                "DIS_AV_CMS": 0.215,
                "ORD_STRA": 1,
                "ORD_CLAS": 3,
                "ORD_FLOW": 7,
                "HYBAS_L12": 4121158050.0,
                "Shape_Length": 0.020623947784558734
            },
            "geometry": {
                "type": "LineString",
                "coordinates": [
                    [
                        80.46666666666633,
                        7.354166666666551
                    ],
                    [
                        80.47708333333296,
                        7.343749999999893
                    ],
                    [
                        80.4729166666663,
                        7.339583333333245
                    ]
                ]
            }
        },
        {
            "type": "Feature",
            "properties": {
                "HYRIV_ID": 41404140,
                "NEXT_DOWN": 41404153,
                "MAIN_RIV": 41404427,
                "LENGTH_KM": 2.09,
                "DIST_DN_KM": 90.800003,
                "DIST_UP_KM": 4.9,
                "CATCH_SKM": 8.9399996,
                "UPLAND_SKM": 8.9,
                "ENDORHEIC": 0,
                "DIS_AV_CMS": 0.253,
                "ORD_STRA": 1,
                "ORD_CLAS": 4,
                "ORD_FLOW": 7,
                "HYBAS_L12": 4121158050.0,
                "Shape_Length": 0.018898057941419463
            },
            "geometry": {
                "type": "LineString",
                "coordinates": [
                    [
                        80.4874999999997,
                        7.349999999999888
                    ],
                    [
                        80.47708333333296,
                        7.339583333333245
                    ],
                    [
                        80.4729166666663,
                        7.339583333333245
                    ]
                ]
            }
        },
        {
            "type": "Feature",
            "properties": {
                "HYRIV_ID": 41404150,
                "NEXT_DOWN": 41404238,
                "MAIN_RIV": 41404427,
                "LENGTH_KM": 0.46,
                "DIST_DN_KM": 47.3,
                "DIST_UP_KM": 21.8,
                "CATCH_SKM": 1.06,
                "UPLAND_SKM": 196.7,
                "ENDORHEIC": 0,
                "DIS_AV_CMS": 5.3179998,
                "ORD_STRA": 3,
                "ORD_CLAS": 2,
                "ORD_FLOW": 6,
                "HYBAS_L12": 4121158060.0,
                "Shape_Length": 0.00416666666670551
            },
            "geometry": {
                "type": "LineString",
                "coordinates": [
                    [
                        80.1729166666664,
                        7.339583333333245
                    ],
                    [
                        80.1729166666664,
                        7.335416666666539
                    ]
                ]
            }
        },
        {
            "type": "Feature",
            "properties": {
                "HYRIV_ID": 41404151,
                "NEXT_DOWN": 41404138,
                "MAIN_RIV": 41404427,
                "LENGTH_KM": 7.0,
                "DIST_DN_KM": 49.3,
                "DIST_UP_KM": 8.7,
                "CATCH_SKM": 22.99,
                "UPLAND_SKM": 23.0,
                "ENDORHEIC": 0,
                "DIS_AV_CMS": 0.65399998,
                "ORD_STRA": 1,
                "ORD_CLAS": 3,
                "ORD_FLOW": 7,
                "HYBAS_L12": 4121158060.0,
                "Shape_Length": 0.06330161731434408
            },
            "geometry": {
                "type": "LineString",
                "coordinates": [
                    [
                        80.23333333333304,
                        7.337499999999871
                    ],
                    [
                        80.22708333333296,
                        7.343749999999893
                    ],
                    [
                        80.2104166666663,
                        7.343749999999893
                    ],
                    [
                        80.20208333333298,
                        7.335416666666539
                    ],
                    [
                        80.19791666666632,
                        7.335416666666539
                    ],
                    [
                        80.1895833333331,
                        7.343749999999893
                    ],
                    [
                        80.18541666666627,
                        7.343749999999893
                    ],
                    [
                        80.18124999999972,
                        7.347916666666556
                    ]
                ]
            }
        },
        {
            "type": "Feature",
            "properties": {
                "HYRIV_ID": 41404152,
                "NEXT_DOWN": 41404127,
                "MAIN_RIV": 41404427,
                "LENGTH_KM": 7.4,
                "DIST_DN_KM": 82.800003,
                "DIST_UP_KM": 17.700001,
                "CATCH_SKM": 22.780001,
                "UPLAND_SKM": 76.199997,
                "ENDORHEIC": 0,
                "DIS_AV_CMS": 2.1659999,
                "ORD_STRA": 3,
                "ORD_CLAS": 2,
                "ORD_FLOW": 6,
                "HYBAS_L12": 4121158050.0,
                "Shape_Length": 0.06696278254938204
            },
            "geometry": {
                "type": "LineString",
                "coordinates": [
                    [
                        80.46874999999963,
                        7.335416666666539
                    ],
                    [
                        80.4604166666663,
                        7.335416666666539
                    ],
                    [
                        80.45624999999964,
                        7.339583333333245
                    ],
                    [
                        80.44791666666643,
                        7.339583333333245
                    ],
                    [
                        80.43958333333305,
                        7.347916666666556
                    ],
                    [
                        80.43541666666627,
                        7.347916666666556
                    ],
                    [
                        80.43124999999961,
                        7.352083333333219
                    ],
                    [
                        80.42708333333306,
                        7.352083333333219
                    ],
                    [
                        80.4229166666664,
                        7.356249999999882
                    ],
                    [
                        80.41041666666635,
                        7.356249999999882
                    ]
                ]
            }
        },
        {
            "type": "Feature",
            "properties": {
                "HYRIV_ID": 41404153,
                "NEXT_DOWN": 41404152,
                "MAIN_RIV": 41404427,
                "LENGTH_KM": 0.65,
                "DIST_DN_KM": 90.400002,
                "DIST_UP_KM": 5.5,
                "CATCH_SKM": 0.64,
                "UPLAND_SKM": 17.200001,
                "ENDORHEIC": 0,
                "DIS_AV_CMS": 0.48500001,
                "ORD_STRA": 2,
                "ORD_CLAS": 3,
                "ORD_FLOW": 7,
                "HYBAS_L12": 4121158050.0,
                "Shape_Length": 0.005892556509912683
            },
            "geometry": {
                "type": "LineString",
                "coordinates": [
                    [
                        80.4729166666663,
                        7.339583333333245
                    ],
                    [
                        80.46874999999963,
                        7.335416666666539
                    ]
                ]
            }
        },
        {
            "type": "Feature",
            "properties": {
                "HYRIV_ID": 41404168,
                "NEXT_DOWN": 41404152,
                "MAIN_RIV": 41404427,
                "LENGTH_KM": 0.65,
                "DIST_DN_KM": 90.400002,
                "DIST_UP_KM": 10.1,
                "CATCH_SKM": 0.43,
                "UPLAND_SKM": 36.200001,
                "ENDORHEIC": 0,
                "DIS_AV_CMS": 1.045,
                "ORD_STRA": 2,
                "ORD_CLAS": 2,
                "ORD_FLOW": 6,
                "HYBAS_L12": 4121158050.0,
                "Shape_Length": 0.0058925565098825365
            },
            "geometry": {
                "type": "LineString",
                "coordinates": [
                    [
                        80.4729166666663,
                        7.331249999999876
                    ],
                    [
                        80.46874999999963,
                        7.335416666666539
                    ]
                ]
            }
        },
        {
            "type": "Feature",
            "properties": {
                "HYRIV_ID": 41404182,
                "NEXT_DOWN": 41404257,
                "MAIN_RIV": 41404427,
                "LENGTH_KM": 2.4200001,
                "DIST_DN_KM": 40.700001,
                "DIST_UP_KM": 7.2,
                "CATCH_SKM": 7.0300002,
                "UPLAND_SKM": 19.8,
                "ENDORHEIC": 0,
                "DIS_AV_CMS": 0.552,
                "ORD_STRA": 2,
                "ORD_CLAS": 2,
                "ORD_FLOW": 7,
                "HYBAS_L12": 4121601680.0,
                "Shape_Length": 0.021844336196316375
            },
            "geometry": {
                "type": "LineString",
                "coordinates": [
                    [
                        80.13124999999965,
                        7.343749999999893
                    ],
                    [
                        80.13124999999965,
                        7.339583333333245
                    ],
                    [
                        80.12291666666633,
                        7.331249999999876
                    ],
                    [
                        80.12708333333299,
                        7.327083333333228
                    ]
                ]
            }
        },
        {
            "type": "Feature",
            "properties": {
                "HYRIV_ID": 41404183,
                "NEXT_DOWN": 41404200,
                "MAIN_RIV": 41404427,
                "LENGTH_KM": 2.61,
                "DIST_DN_KM": 78.599998,
                "DIST_UP_KM": 21.9,
                "CATCH_SKM": 5.54,
                "UPLAND_SKM": 139.7,
                "ENDORHEIC": 0,
                "DIS_AV_CMS": 3.895,
                "ORD_STRA": 3,
                "ORD_CLAS": 2,
                "ORD_FLOW": 6,
                "HYBAS_L12": 4121158050.0,
                "Shape_Length": 0.02357022603958039
            },
            "geometry": {
                "type": "LineString",
                "coordinates": [
                    [
                        80.40208333333302,
                        7.343749999999893
                    ],
                    [
                        80.38541666666632,
                        7.327083333333228
                    ]
                ]
            }
        },
        {
            "type": "Feature",
            "properties": {
                "HYRIV_ID": 41404192,
                "NEXT_DOWN": 41404302,
                "MAIN_RIV": 41404427,
                "LENGTH_KM": 0.69,
                "DIST_DN_KM": 20.3,
                "DIST_UP_KM": 4.0,
                "CATCH_SKM": 8.0900002,
                "UPLAND_SKM": 8.1,
                "ENDORHEIC": 0,
                "DIS_AV_CMS": 0.225,
                "ORD_STRA": 1,
                "ORD_CLAS": 2,
                "ORD_FLOW": 7,
                "HYBAS_L12": 4120049090.0,
                "Shape_Length": 0.006250000000036948
            },
            "geometry": {
                "type": "LineString",
                "coordinates": [
                    [
                        79.97708333333296,
                        7.329166666666559
                    ],
                    [
                        79.97708333333296,
                        7.322916666666522
                    ]
                ]
            }
        },
        {
            "type": "Feature",
            "properties": {
                "HYRIV_ID": 41404193,
                "NEXT_DOWN": 41404302,
                "MAIN_RIV": 41404427,
                "LENGTH_KM": 0.98,
                "DIST_DN_KM": 20.5,
                "DIST_UP_KM": 3.6,
                "CATCH_SKM": 4.9,
                "UPLAND_SKM": 4.9,
                "ENDORHEIC": 0,
                "DIS_AV_CMS": 0.137,
                "ORD_STRA": 1,
                "ORD_CLAS": 3,
                "ORD_FLOW": 7,
                "HYBAS_L12": 4120049090.0,
                "Shape_Length": 0.008838834764954437
            },
            "geometry": {
                "type": "LineString",
                "coordinates": [
                    [
                        79.98333333333309,
                        7.329166666666559
                    ],
                    [
                        79.97708333333296,
                        7.322916666666522
                    ]
                ]
            }
        },
        {
            "type": "Feature",
            "properties": {
                "HYRIV_ID": 41404194,
                "NEXT_DOWN": 41404220,
                "MAIN_RIV": 41404427,
                "LENGTH_KM": 0.98,
                "DIST_DN_KM": 26.700001,
                "DIST_UP_KM": 3.3,
                "CATCH_SKM": 4.9,
                "UPLAND_SKM": 4.9,
                "ENDORHEIC": 0,
                "DIS_AV_CMS": 0.137,
                "ORD_STRA": 1,
                "ORD_CLAS": 3,
                "ORD_FLOW": 7,
                "HYBAS_L12": 4121601680.0,
                "Shape_Length": 0.008838834764954437
            },
            "geometry": {
                "type": "LineString",
                "coordinates": [
                    [
                        80.02916666666627,
                        7.329166666666559
                    ],
                    [
                        80.0354166666664,
                        7.322916666666522
                    ]
                ]
            }
        },
        {
            "type": "Feature",
            "properties": {
                "HYRIV_ID": 41404195,
                "NEXT_DOWN": 41404220,
                "MAIN_RIV": 41404427,
                "LENGTH_KM": 1.8,
                "DIST_DN_KM": 26.5,
                "DIST_UP_KM": 4.6,
                "CATCH_SKM": 9.58,
                "UPLAND_SKM": 9.6,
                "ENDORHEIC": 0,
                "DIS_AV_CMS": 0.27,
                "ORD_STRA": 1,
                "ORD_CLAS": 2,
                "ORD_FLOW": 7,
                "HYBAS_L12": 4121601680.0,
                "Shape_Length": 0.01630922317648461
            },
            "geometry": {
                "type": "LineString",
                "coordinates": [
                    [
                        80.04999999999964,
                        7.327083333333228
                    ],
                    [
                        80.04374999999962,
                        7.327083333333228
                    ],
                    [
                        80.03958333333296,
                        7.322916666666522
                    ],
                    [
                        80.0354166666664,
                        7.322916666666522
                    ]
                ]
            }
        },
        {
            "type": "Feature",
            "properties": {
                "HYRIV_ID": 41404196,
                "NEXT_DOWN": 41404256,
                "MAIN_RIV": 41404427,
                "LENGTH_KM": 0.69,
                "DIST_DN_KM": 38.099998,
                "DIST_UP_KM": 2.9,
                "CATCH_SKM": 3.83,
                "UPLAND_SKM": 3.8,
                "ENDORHEIC": 0,
                "DIS_AV_CMS": 0.109,
                "ORD_STRA": 1,
                "ORD_CLAS": 4,
                "ORD_FLOW": 7,
                "HYBAS_L12": 4121601680.0,
                "Shape_Length": 0.0062499999999090505
            },
            "geometry": {
                "type": "LineString",
                "coordinates": [
                    [
                        80.08749999999972,
                        7.322916666666522
                    ],
                    [
                        80.09374999999963,
                        7.322916666666522
                    ]
                ]
            }
        },
        {
            "type": "Feature",
            "properties": {
                "HYRIV_ID": 41404197,
                "NEXT_DOWN": 41404256,
                "MAIN_RIV": 41404427,
                "LENGTH_KM": 1.91,
                "DIST_DN_KM": 38.099998,
                "DIST_UP_KM": 4.3,
                "CATCH_SKM": 5.96,
                "UPLAND_SKM": 6.0,
                "ENDORHEIC": 0,
                "DIS_AV_CMS": 0.167,
                "ORD_STRA": 1,
                "ORD_CLAS": 3,
                "ORD_FLOW": 7,
                "HYBAS_L12": 4121601680.0,
                "Shape_Length": 0.01717216809811769
            },
            "geometry": {
                "type": "LineString",
                "coordinates": [
                    [
                        80.08749999999972,
                        7.337499999999871
                    ],
                    [
                        80.09374999999963,
                        7.331249999999876
                    ],
                    [
                        80.09374999999963,
                        7.322916666666522
                    ]
                ]
            }
        },
        {
            "type": "Feature",
            "properties": {
                "HYRIV_ID": 41404198,
                "NEXT_DOWN": 41404222,
                "MAIN_RIV": 41404427,
                "LENGTH_KM": 4.9299998,
                "DIST_DN_KM": 69.699997,
                "DIST_UP_KM": 11.4,
                "CATCH_SKM": 14.69,
                "UPLAND_SKM": 48.3,
                "ENDORHEIC": 0,
                "DIS_AV_CMS": 1.351,
                "ORD_STRA": 2,
                "ORD_CLAS": 2,
                "ORD_FLOW": 6,
                "HYBAS_L12": 4121601690.0,
                "Shape_Length": 0.044403559372891324
            },
            "geometry": {
                "type": "LineString",
                "coordinates": [
                    [
                        80.3187499999996,
                        7.360416666666531
                    ],
                    [
                        80.3187499999996,
                        7.356249999999882
                    ],
                    [
                        80.31041666666627,
                        7.347916666666556
                    ],
                    [
                        80.31041666666627,
                        7.335416666666539
                    ],
                    [
                        80.3187499999996,
                        7.327083333333228
                    ],
                    [
                        80.3187499999996,
                        7.322916666666522
                    ]
                ]
            }
        },
        {
            "type": "Feature",
            "properties": {
                "HYRIV_ID": 41404199,
                "NEXT_DOWN": 41404226,
                "MAIN_RIV": 41404427,
                "LENGTH_KM": 6.7199998,
                "DIST_DN_KM": 77.5,
                "DIST_UP_KM": 9.4,
                "CATCH_SKM": 22.139999,
                "UPLAND_SKM": 22.1,
                "ENDORHEIC": 0,
                "DIS_AV_CMS": 0.61900002,
                "ORD_STRA": 1,
                "ORD_CLAS": 3,
                "ORD_FLOW": 7,
                "HYBAS_L12": 4121158050.0,
                "Shape_Length": 0.06056472460798794
            },
            "geometry": {
                "type": "LineString",
                "coordinates": [
                    [
                        80.37499999999974,
                        7.370833333333216
                    ],
                    [
                        80.38124999999965,
                        7.364583333333194
                    ],
                    [
                        80.38124999999965,
                        7.352083333333219
                    ],
                    [
                        80.37291666666633,
                        7.352083333333219
                    ],
                    [
                        80.37291666666633,
                        7.327083333333228
                    ],
                    [
                        80.37708333333299,
                        7.322916666666522
                    ]
                ]
            }
        },
        {
            "type": "Feature",
            "properties": {
                "HYRIV_ID": 41404200,
                "NEXT_DOWN": 41404226,
                "MAIN_RIV": 41404427,
                "LENGTH_KM": 1.11,
                "DIST_DN_KM": 77.5,
                "DIST_UP_KM": 23.0,
                "CATCH_SKM": 1.28,
                "UPLAND_SKM": 151.8,
                "ENDORHEIC": 0,
                "DIS_AV_CMS": 4.2389998,
                "ORD_STRA": 3,
                "ORD_CLAS": 2,
                "ORD_FLOW": 6,
                "HYBAS_L12": 4121158050.0,
                "Shape_Length": 0.010059223176575559
            },
            "geometry": {
                "type": "LineString",
                "coordinates": [
                    [
                        80.38541666666632,
                        7.327083333333228
                    ],
                    [
                        80.38124999999965,
                        7.327083333333228
                    ],
                    [
                        80.37708333333299,
                        7.322916666666522
                    ]
                ]
            }
        },
        {
            "type": "Feature",
            "properties": {
                "HYRIV_ID": 41404201,
                "NEXT_DOWN": 41404200,
                "MAIN_RIV": 41404427,
                "LENGTH_KM": 4.3200002,
                "DIST_DN_KM": 78.400002,
                "DIST_UP_KM": 7.1,
                "CATCH_SKM": 10.86,
                "UPLAND_SKM": 10.9,
                "ENDORHEIC": 0,
                "DIS_AV_CMS": 0.31200001,
                "ORD_STRA": 1,
                "ORD_CLAS": 3,
                "ORD_FLOW": 7,
                "HYBAS_L12": 4121158050.0,
                "Shape_Length": 0.03901650429454703
            },
            "geometry": {
                "type": "LineString",
                "coordinates": [
                    [
                        80.41666666666632,
                        7.337499999999871
                    ],
                    [
                        80.41041666666635,
                        7.331249999999876
                    ],
                    [
                        80.40624999999969,
                        7.331249999999876
                    ],
                    [
                        80.39791666666636,
                        7.322916666666522
                    ],
                    [
                        80.39374999999964,
                        7.322916666666522
                    ],
                    [
                        80.38958333333298,
                        7.327083333333228
                    ],
                    [
                        80.38541666666632,
                        7.327083333333228
                    ]
                ]
            }
        },
        {
            "type": "Feature",
            "properties": {
                "HYRIV_ID": 41404218,
                "NEXT_DOWN": 41404236,
                "MAIN_RIV": 41404427,
                "LENGTH_KM": 2.37,
                "DIST_DN_KM": 22.700001,
                "DIST_UP_KM": 5.2,
                "CATCH_SKM": 7.0300002,
                "UPLAND_SKM": 7.0,
                "ENDORHEIC": 0,
                "DIS_AV_CMS": 0.196,
                "ORD_STRA": 1,
                "ORD_CLAS": 2,
                "ORD_FLOW": 7,
                "HYBAS_L12": 4121601680.0,
                "Shape_Length": 0.021338834764737934
            },
            "geometry": {
                "type": "LineString",
                "coordinates": [
                    [
                        80.01249999999962,
                        7.337499999999871
                    ],
                    [
                        80.00624999999971,
                        7.331249999999876
                    ],
                    [
                        80.00624999999971,
                        7.31875
                    ]
                ]
            }
        },
        {
            "type": "Feature",
            "properties": {
                "HYRIV_ID": 41404219,
                "NEXT_DOWN": 41404236,
                "MAIN_RIV": 41404427,
                "LENGTH_KM": 2.6800001,
                "DIST_DN_KM": 22.9,
                "DIST_UP_KM": 96.300003,
                "CATCH_SKM": 3.62,
                "UPLAND_SKM": 1332.5,
                "ENDORHEIC": 0,
                "DIS_AV_CMS": 37.658001,
                "ORD_STRA": 4,
                "ORD_CLAS": 1,
                "ORD_FLOW": 5,
                "HYBAS_L12": 4121601680.0,
                "Shape_Length": 0.02428511301969341
            },
            "geometry": {
                "type": "LineString",
                "coordinates": [
                    [
                        80.02708333333302,
                        7.31875
                    ],
                    [
                        80.0187499999997,
                        7.31875
                    ],
                    [
                        80.01458333333304,
                        7.322916666666522
                    ],
                    [
                        80.01041666666637,
                        7.322916666666522
                    ],
                    [
                        80.00624999999971,
                        7.31875
                    ]
                ]
            }
        },
        {
            "type": "Feature",
            "properties": {
                "HYRIV_ID": 41404220,
                "NEXT_DOWN": 41404219,
                "MAIN_RIV": 41404427,
                "LENGTH_KM": 1.11,
                "DIST_DN_KM": 25.4,
                "DIST_UP_KM": 5.8,
                "CATCH_SKM": 1.49,
                "UPLAND_SKM": 16.0,
                "ENDORHEIC": 0,
                "DIS_AV_CMS": 0.45,
                "ORD_STRA": 2,
                "ORD_CLAS": 2,
                "ORD_FLOW": 7,
                "HYBAS_L12": 4121601680.0,
                "Shape_Length": 0.010059223176572112
            },
            "geometry": {
                "type": "LineString",
                "coordinates": [
                    [
                        80.0354166666664,
                        7.322916666666522
                    ],
                    [
                        80.03124999999974,
                        7.31875
                    ],
                    [
                        80.02708333333302,
                        7.31875
                    ]
                ]
            }
        },
        {
            "type": "Feature",
            "properties": {
                "HYRIV_ID": 41404221,
                "NEXT_DOWN": 41404261,
                "MAIN_RIV": 41404427,
                "LENGTH_KM": 1.4400001,
                "DIST_DN_KM": 65.0,
                "DIST_UP_KM": 4.8,
                "CATCH_SKM": 12.35,
                "UPLAND_SKM": 12.3,
                "ENDORHEIC": 0,
                "DIS_AV_CMS": 0.354,
                "ORD_STRA": 1,
                "ORD_CLAS": 2,
                "ORD_FLOW": 7,
                "HYBAS_L12": 4121601690.0,
                "Shape_Length": 0.013005501431534488
            },
            "geometry": {
                "type": "LineString",
                "coordinates": [
                    [
                        80.27499999999961,
                        7.329166666666559
                    ],
                    [
                        80.28124999999969,
                        7.322916666666522
                    ],
                    [
                        80.28124999999969,
                        7.31875
                    ]
                ]
            }
        },
        {
            "type": "Feature",
            "properties": {
                "HYRIV_ID": 41404222,
                "NEXT_DOWN": 41404239,
                "MAIN_RIV": 41404427,
                "LENGTH_KM": 1.5700001,
                "DIST_DN_KM": 68.300003,
                "DIST_UP_KM": 51.0,
                "CATCH_SKM": 2.56,
                "UPLAND_SKM": 611.5,
                "ENDORHEIC": 0,
                "DIS_AV_CMS": 18.049,
                "ORD_STRA": 4,
                "ORD_CLAS": 1,
                "ORD_FLOW": 5,
                "HYBAS_L12": 4121601690.0,
                "Shape_Length": 0.014225889843178146
            },
            "geometry": {
                "type": "LineString",
                "coordinates": [
                    [
                        80.3187499999996,
                        7.322916666666522
                    ],
                    [
                        80.31041666666627,
                        7.322916666666522
                    ],
                    [
                        80.30624999999961,
                        7.31875
                    ]
                ]
            }
        },
        {
            "type": "Feature",
            "properties": {
                "HYRIV_ID": 41404223,
                "NEXT_DOWN": 41404240,
                "MAIN_RIV": 41404427,
                "LENGTH_KM": 0.69,
                "DIST_DN_KM": 75.300003,
                "DIST_UP_KM": 2.7,
                "CATCH_SKM": 4.2600002,
                "UPLAND_SKM": 4.3,
                "ENDORHEIC": 0,
                "DIS_AV_CMS": 0.123,
                "ORD_STRA": 1,
                "ORD_CLAS": 2,
                "ORD_FLOW": 7,
                "HYBAS_L12": 4121601690.0,
                "Shape_Length": 0.006249999999994316
            },
            "geometry": {
                "type": "LineString",
                "coordinates": [
                    [
                        80.36041666666628,
                        7.324999999999896
                    ],
                    [
                        80.36041666666628,
                        7.31875
                    ]
                ]
            }
        },
        {
            "type": "Feature",
            "properties": {
                "HYRIV_ID": 41404224,
                "NEXT_DOWN": 41404240,
                "MAIN_RIV": 41404427,
                "LENGTH_KM": 0.46,
                "DIST_DN_KM": 75.300003,
                "DIST_UP_KM": 44.0,
                "CATCH_SKM": 0.43,
                "UPLAND_SKM": 540.59998,
                "ENDORHEIC": 0,
                "DIS_AV_CMS": 16.173,
                "ORD_STRA": 4,
                "ORD_CLAS": 1,
                "ORD_FLOW": 5,
                "HYBAS_L12": 4121601690.0,
                "Shape_Length": 0.004166666666662877
            },
            "geometry": {
                "type": "LineString",
                "coordinates": [
                    [
                        80.36458333333294,
                        7.31875
                    ],
                    [
                        80.36041666666628,
                        7.31875
                    ]
                ]
            }
        },
        {
            "type": "Feature",
            "properties": {
                "HYRIV_ID": 41404225,
                "NEXT_DOWN": 41404224,
                "MAIN_RIV": 41404427,
                "LENGTH_KM": 0.92,
                "DIST_DN_KM": 75.699997,
                "DIST_UP_KM": 43.599998,
                "CATCH_SKM": 1.7,
                "UPLAND_SKM": 530.0,
                "ENDORHEIC": 0,
                "DIS_AV_CMS": 15.866,
                "ORD_STRA": 4,
                "ORD_CLAS": 1,
                "ORD_FLOW": 5,
                "HYBAS_L12": 4121601690.0,
                "Shape_Length": 0.008333333333382598
            },
            "geometry": {
                "type": "LineString",
                "coordinates": [
                    [
                        80.37291666666633,
                        7.31875
                    ],
                    [
                        80.36458333333294,
                        7.31875
                    ]
                ]
            }
        },
        {
            "type": "Feature",
            "properties": {
                "HYRIV_ID": 41404226,
                "NEXT_DOWN": 41404225,
                "MAIN_RIV": 41404427,
                "LENGTH_KM": 0.65,
                "DIST_DN_KM": 76.800003,
                "DIST_UP_KM": 23.6,
                "CATCH_SKM": 3.1900001,
                "UPLAND_SKM": 177.10001,
                "ENDORHEIC": 0,
                "DIS_AV_CMS": 4.9489999,
                "ORD_STRA": 3,
                "ORD_CLAS": 2,
                "ORD_FLOW": 6,
                "HYBAS_L12": 4121158050.0,
                "Shape_Length": 0.005892556509852391
            },
            "geometry": {
                "type": "LineString",
                "coordinates": [
                    [
                        80.37708333333299,
                        7.322916666666522
                    ],
                    [
                        80.37291666666633,
                        7.31875
                    ]
                ]
            }
        },
        {
            "type": "Feature",
            "properties": {
                "HYRIV_ID": 41404227,
                "NEXT_DOWN": 41404168,
                "MAIN_RIV": 41404427,
                "LENGTH_KM": 2.1,
                "DIST_DN_KM": 91.0,
                "DIST_UP_KM": 4.8,
                "CATCH_SKM": 5.96,
                "UPLAND_SKM": 6.0,
                "ENDORHEIC": 0,
                "DIS_AV_CMS": 0.174,
                "ORD_STRA": 1,
                "ORD_CLAS": 3,
                "ORD_FLOW": 7,
                "HYBAS_L12": 4121158050.0,
                "Shape_Length": 0.01889805794134151
            },
            "geometry": {
                "type": "LineString",
                "coordinates": [
                    [
                        80.47083333333299,
                        7.316666666666585
                    ],
                    [
                        80.47708333333296,
                        7.322916666666522
                    ],
                    [
                        80.47708333333296,
                        7.327083333333228
                    ],
                    [
                        80.4729166666663,
                        7.331249999999876
                    ]
                ]
            }
        },
        {
            "type": "Feature",
            "properties": {
                "HYRIV_ID": 41404228,
                "NEXT_DOWN": 41404168,
                "MAIN_RIV": 41404427,
                "LENGTH_KM": 7.2600002,
                "DIST_DN_KM": 90.800003,
                "DIST_UP_KM": 9.6,
                "CATCH_SKM": 29.809999,
                "UPLAND_SKM": 29.8,
                "ENDORHEIC": 0,
                "DIS_AV_CMS": 0.86,
                "ORD_STRA": 1,
                "ORD_CLAS": 2,
                "ORD_FLOW": 7,
                "HYBAS_L12": 4121158050.0,
                "Shape_Length": 0.06574239413759668
            },
            "geometry": {
                "type": "LineString",
                "coordinates": [
                    [
                        80.52916666666627,
                        7.316666666666585
                    ],
                    [
                        80.5229166666663,
                        7.322916666666522
                    ],
                    [
                        80.51874999999964,
                        7.322916666666522
                    ],
                    [
                        80.51458333333298,
                        7.31875
                    ],
                    [
                        80.50624999999965,
                        7.31875
                    ],
                    [
                        80.50208333333299,
                        7.322916666666522
                    ],
                    [
                        80.49374999999966,
                        7.322916666666522
                    ],
                    [
                        80.48958333333294,
                        7.327083333333228
                    ],
                    [
                        80.48124999999962,
                        7.327083333333228
                    ],
                    [
                        80.47708333333296,
                        7.331249999999876
                    ],
                    [
                        80.4729166666663,
                        7.331249999999876
                    ]
                ]
            }
        },
        {
            "type": "Feature",
            "properties": {
                "HYRIV_ID": 41404236,
                "NEXT_DOWN": 41404304,
                "MAIN_RIV": 41404427,
                "LENGTH_KM": 1.11,
                "DIST_DN_KM": 21.8,
                "DIST_UP_KM": 97.5,
                "CATCH_SKM": 1.7,
                "UPLAND_SKM": 1341.2,
                "ENDORHEIC": 0,
                "DIS_AV_CMS": 37.855,
                "ORD_STRA": 4,
                "ORD_CLAS": 1,
                "ORD_FLOW": 5,
                "HYBAS_L12": 4120049090.0,
                "Shape_Length": 0.010059223176622355
            },
            "geometry": {
                "type": "LineString",
                "coordinates": [
                    [
                        80.00624999999971,
                        7.31875
                    ],
                    [
                        80.00208333333299,
                        7.31875
                    ],
                    [
                        79.99791666666633,
                        7.314583333333211
                    ]
                ]
            }
        },
        {
            "type": "Feature",
            "properties": {
                "HYRIV_ID": 41404237,
                "NEXT_DOWN": 41404257,
                "MAIN_RIV": 41404427,
                "LENGTH_KM": 2.8800001,
                "DIST_DN_KM": 40.5,
                "DIST_UP_KM": 78.800003,
                "CATCH_SKM": 7.8800001,
                "UPLAND_SKM": 1158.3,
                "ENDORHEIC": 0,
                "DIS_AV_CMS": 33.258999,
                "ORD_STRA": 4,
                "ORD_CLAS": 1,
                "ORD_FLOW": 5,
                "HYBAS_L12": 4121601680.0,
                "Shape_Length": 0.026011002863050303
            },
            "geometry": {
                "type": "LineString",
                "coordinates": [
                    [
                        80.14791666666636,
                        7.314583333333211
                    ],
                    [
                        80.13541666666637,
                        7.327083333333228
                    ],
                    [
                        80.12708333333299,
                        7.327083333333228
                    ]
                ]
            }
        },
        {
            "type": "Feature",
            "properties": {
                "HYRIV_ID": 41404238,
                "NEXT_DOWN": 41404237,
                "MAIN_RIV": 41404427,
                "LENGTH_KM": 3.99,
                "DIST_DN_KM": 43.3,
                "DIST_UP_KM": 25.8,
                "CATCH_SKM": 12.99,
                "UPLAND_SKM": 228.60001,
                "ENDORHEIC": 0,
                "DIS_AV_CMS": 6.2179999,
                "ORD_STRA": 3,
                "ORD_CLAS": 2,
                "ORD_FLOW": 6,
                "HYBAS_L12": 4121158060.0,
                "Shape_Length": 0.03607022603958151
            },
            "geometry": {
                "type": "LineString",
                "coordinates": [
                    [
                        80.1729166666664,
                        7.335416666666539
                    ],
                    [
                        80.16458333333307,
                        7.327083333333228
                    ],
                    [
                        80.16458333333307,
                        7.322916666666522
                    ],
                    [
                        80.15624999999969,
                        7.314583333333211
                    ],
                    [
                        80.14791666666636,
                        7.314583333333211
                    ]
                ]
            }
        },
        {
            "type": "Feature",
            "properties": {
                "HYRIV_ID": 41404239,
                "NEXT_DOWN": 41404261,
                "MAIN_RIV": 41404427,
                "LENGTH_KM": 3.1400001,
                "DIST_DN_KM": 65.199997,
                "DIST_UP_KM": 54.099998,
                "CATCH_SKM": 5.3200002,
                "UPLAND_SKM": 650.70001,
                "ENDORHEIC": 0,
                "DIS_AV_CMS": 19.146,
                "ORD_STRA": 4,
                "ORD_CLAS": 1,
                "ORD_FLOW": 5,
                "HYBAS_L12": 4121601690.0,
                "Shape_Length": 0.028451779686399933
            },
            "geometry": {
                "type": "LineString",
                "coordinates": [
                    [
                        80.30624999999961,
                        7.31875
                    ],
                    [
                        80.2979166666664,
                        7.31875
                    ],
                    [
                        80.29374999999973,
                        7.314583333333211
                    ],
                    [
                        80.28541666666635,
                        7.314583333333211
                    ],
                    [
                        80.28124999999969,
                        7.31875
                    ]
                ]
            }
        },
        {
            "type": "Feature",
            "properties": {
                "HYRIV_ID": 41404240,
                "NEXT_DOWN": 41404222,
                "MAIN_RIV": 41404427,
                "LENGTH_KM": 5.56,
                "DIST_DN_KM": 69.900002,
                "DIST_UP_KM": 49.400002,
                "CATCH_SKM": 15.76,
                "UPLAND_SKM": 560.70001,
                "ENDORHEIC": 0,
                "DIS_AV_CMS": 16.656,
                "ORD_STRA": 4,
                "ORD_CLAS": 1,
                "ORD_FLOW": 5,
                "HYBAS_L12": 4121601690.0,
                "Shape_Length": 0.05029611588278766
            },
            "geometry": {
                "type": "LineString",
                "coordinates": [
                    [
                        80.36041666666628,
                        7.31875
                    ],
                    [
                        80.35624999999962,
                        7.31875
                    ],
                    [
                        80.35208333333296,
                        7.314583333333211
                    ],
                    [
                        80.3479166666663,
                        7.31875
                    ],
                    [
                        80.34374999999963,
                        7.31875
                    ],
                    [
                        80.33958333333297,
                        7.322916666666522
                    ],
                    [
                        80.33124999999964,
                        7.322916666666522
                    ],
                    [
                        80.32708333333292,
                        7.327083333333228
                    ],
                    [
                        80.32291666666643,
                        7.327083333333228
                    ],
                    [
                        80.3187499999996,
                        7.322916666666522
                    ]
                ]
            }
        },
        {
            "type": "Feature",
            "properties": {
                "HYRIV_ID": 41404255,
                "NEXT_DOWN": 41404304,
                "MAIN_RIV": 41404427,
                "LENGTH_KM": 0.69,
                "DIST_DN_KM": 21.6,
                "DIST_UP_KM": 3.7,
                "CATCH_SKM": 4.04,
                "UPLAND_SKM": 4.0,
                "ENDORHEIC": 0,
                "DIS_AV_CMS": 0.117,
                "ORD_STRA": 1,
                "ORD_CLAS": 2,
                "ORD_FLOW": 7,
                "HYBAS_L12": 4120049090.0,
                "Shape_Length": 0.006249999999994316
            },
            "geometry": {
                "type": "LineString",
                "coordinates": [
                    [
                        79.99791666666633,
                        7.308333333333216
                    ],
                    [
                        79.99791666666633,
                        7.314583333333211
                    ]
                ]
            }
        },
        {
            "type": "Feature",
            "properties": {
                "HYRIV_ID": 41404256,
                "NEXT_DOWN": 41404279,
                "MAIN_RIV": 41404427,
                "LENGTH_KM": 1.58,
                "DIST_DN_KM": 36.5,
                "DIST_UP_KM": 5.8,
                "CATCH_SKM": 3.1900001,
                "UPLAND_SKM": 13.0,
                "ENDORHEIC": 0,
                "DIS_AV_CMS": 0.366,
                "ORD_STRA": 2,
                "ORD_CLAS": 3,
                "ORD_FLOW": 7,
                "HYBAS_L12": 4121601680.0,
                "Shape_Length": 0.014225889843185756
            },
            "geometry": {
                "type": "LineString",
                "coordinates": [
                    [
                        80.09374999999963,
                        7.322916666666522
                    ],
                    [
                        80.09374999999963,
                        7.31875
                    ],
                    [
                        80.0979166666663,
                        7.314583333333211
                    ],
                    [
                        80.0979166666663,
                        7.310416666666548
                    ]
                ]
            }
        },
        {
            "type": "Feature",
            "properties": {
                "HYRIV_ID": 41404257,
                "NEXT_DOWN": 41404279,
                "MAIN_RIV": 41404427,
                "LENGTH_KM": 3.99,
                "DIST_DN_KM": 36.700001,
                "DIST_UP_KM": 82.599998,
                "CATCH_SKM": 8.7299995,
                "UPLAND_SKM": 1186.8,
                "ENDORHEIC": 0,
                "DIS_AV_CMS": 33.918999,
                "ORD_STRA": 4,
                "ORD_CLAS": 1,
                "ORD_FLOW": 5,
                "HYBAS_L12": 4121601680.0,
                "Shape_Length": 0.03607022603957907
            },
            "geometry": {
                "type": "LineString",
                "coordinates": [
                    [
                        80.12708333333299,
                        7.327083333333228
                    ],
                    [
                        80.12291666666633,
                        7.322916666666522
                    ],
                    [
                        80.11041666666634,
                        7.322916666666522
                    ],
                    [
                        80.0979166666663,
                        7.310416666666548
                    ]
                ]
            }
        },
        {
            "type": "Feature",
            "properties": {
                "HYRIV_ID": 41404258,
                "NEXT_DOWN": 41404238,
                "MAIN_RIV": 41404427,
                "LENGTH_KM": 3.73,
                "DIST_DN_KM": 47.5,
                "DIST_UP_KM": 7.5,
                "CATCH_SKM": 8.0900002,
                "UPLAND_SKM": 18.9,
                "ENDORHEIC": 0,
                "DIS_AV_CMS": 0.552,
                "ORD_STRA": 2,
                "ORD_CLAS": 3,
                "ORD_FLOW": 7,
                "HYBAS_L12": 4121158060.0,
                "Shape_Length": 0.03362944921601771
            },
            "geometry": {
                "type": "LineString",
                "coordinates": [
                    [
                        80.1937499999996,
                        7.310416666666548
                    ],
                    [
                        80.18124999999972,
                        7.322916666666522
                    ],
                    [
                        80.18124999999972,
                        7.327083333333228
                    ],
                    [
                        80.1729166666664,
                        7.335416666666539
                    ]
                ]
            }
        },
        {
            "type": "Feature",
            "properties": {
                "HYRIV_ID": 41404259,
                "NEXT_DOWN": 41404258,
                "MAIN_RIV": 41404427,
                "LENGTH_KM": 1.34,
                "DIST_DN_KM": 51.3,
                "DIST_UP_KM": 3.8,
                "CATCH_SKM": 5.54,
                "UPLAND_SKM": 5.5,
                "ENDORHEIC": 0,
                "DIS_AV_CMS": 0.161,
                "ORD_STRA": 1,
                "ORD_CLAS": 3,
                "ORD_FLOW": 7,
                "HYBAS_L12": 4121158060.0,
                "Shape_Length": 0.012142556509945468
            },
            "geometry": {
                "type": "LineString",
                "coordinates": [
                    [
                        80.20416666666634,
                        7.314583333333211
                    ],
                    [
                        80.19791666666632,
                        7.314583333333211
                    ],
                    [
                        80.1937499999996,
                        7.310416666666548
                    ]
                ]
            }
        },
        {
            "type": "Feature",
            "properties": {
                "HYRIV_ID": 41404260,
                "NEXT_DOWN": 41404305,
                "MAIN_RIV": 41404427,
                "LENGTH_KM": 0.69,
                "DIST_DN_KM": 62.8,
                "DIST_UP_KM": 3.6,
                "CATCH_SKM": 3.83,
                "UPLAND_SKM": 3.8,
                "ENDORHEIC": 0,
                "DIS_AV_CMS": 0.111,
                "ORD_STRA": 1,
                "ORD_CLAS": 2,
                "ORD_FLOW": 7,
                "HYBAS_L12": 4121601730.0,
                "Shape_Length": 0.006250000000036948
            },
            "geometry": {
                "type": "LineString",
                "coordinates": [
                    [
                        80.26458333333298,
                        7.316666666666585
                    ],
                    [
                        80.26458333333298,
                        7.310416666666548
                    ]
                ]
            }
        },
        {
            "type": "Feature",
            "properties": {
                "HYRIV_ID": 41404261,
                "NEXT_DOWN": 41404305,
                "MAIN_RIV": 41404427,
                "LENGTH_KM": 2.22,
                "DIST_DN_KM": 63.0,
                "DIST_UP_KM": 56.3,
                "CATCH_SKM": 6.81,
                "UPLAND_SKM": 669.90002,
                "ENDORHEIC": 0,
                "DIS_AV_CMS": 19.653999,
                "ORD_STRA": 4,
                "ORD_CLAS": 1,
                "ORD_FLOW": 5,
                "HYBAS_L12": 4121601730.0,
                "Shape_Length": 0.020118446353151118
            },
            "geometry": {
                "type": "LineString",
                "coordinates": [
                    [
                        80.28124999999969,
                        7.31875
                    ],
                    [
                        80.27708333333302,
                        7.31875
                    ],
                    [
                        80.27291666666636,
                        7.314583333333211
                    ],
                    [
                        80.2687499999997,
                        7.314583333333211
                    ],
                    [
                        80.26458333333298,
                        7.310416666666548
                    ]
                ]
            }
        },
        {
            "type": "Feature",
            "properties": {
                "HYRIV_ID": 41404270,
                "NEXT_DOWN": 41404219,
                "MAIN_RIV": 41404427,
                "LENGTH_KM": 1.58,
                "DIST_DN_KM": 25.4,
                "DIST_UP_KM": 93.800003,
                "CATCH_SKM": 4.4699998,
                "UPLAND_SKM": 1312.9,
                "ENDORHEIC": 0,
                "DIS_AV_CMS": 37.220001,
                "ORD_STRA": 4,
                "ORD_CLAS": 1,
                "ORD_FLOW": 5,
                "HYBAS_L12": 4121601680.0,
                "Shape_Length": 0.014225889843276907
            },
            "geometry": {
                "type": "LineString",
                "coordinates": [
                    [
                        80.03124999999974,
                        7.306249999999885
                    ],
                    [
                        80.03124999999974,
                        7.310416666666548
                    ],
                    [
                        80.02708333333302,
                        7.314583333333211
                    ],
                    [
                        80.02708333333302,
                        7.31875
                    ]
                ]
            }
        },
        {
            "type": "Feature",
            "properties": {
                "HYRIV_ID": 41404271,
                "NEXT_DOWN": 41404258,
                "MAIN_RIV": 41404427,
                "LENGTH_KM": 0.69,
                "DIST_DN_KM": 51.099998,
                "DIST_UP_KM": 2.7,
                "CATCH_SKM": 5.3200002,
                "UPLAND_SKM": 5.3,
                "ENDORHEIC": 0,
                "DIS_AV_CMS": 0.15700001,
                "ORD_STRA": 1,
                "ORD_CLAS": 4,
                "ORD_FLOW": 7,
                "HYBAS_L12": 4121158060.0,
                "Shape_Length": 0.006249999999980105
            },
            "geometry": {
                "type": "LineString",
                "coordinates": [
                    [
                        80.1937499999996,
                        7.304166666666568
                    ],
                    [
                        80.1937499999996,
                        7.310416666666548
                    ]
                ]
            }
        },
        {
            "type": "Feature",
            "properties": {
                "HYRIV_ID": 41404272,
                "NEXT_DOWN": 41404239,
                "MAIN_RIV": 41404427,
                "LENGTH_KM": 1.77,
                "DIST_DN_KM": 68.099998,
                "DIST_UP_KM": 8.0,
                "CATCH_SKM": 7.8800001,
                "UPLAND_SKM": 33.900002,
                "ENDORHEIC": 0,
                "DIS_AV_CMS": 1.01,
                "ORD_STRA": 2,
                "ORD_CLAS": 2,
                "ORD_FLOW": 6,
                "HYBAS_L12": 4121601690.0,
                "Shape_Length": 0.01595177968653676
            },
            "geometry": {
                "type": "LineString",
                "coordinates": [
                    [
                        80.31458333333305,
                        7.306249999999885
                    ],
                    [
                        80.30624999999961,
                        7.314583333333211
                    ],
                    [
                        80.30624999999961,
                        7.31875
                    ]
                ]
            }
        },
        {
            "type": "Feature",
            "properties": {
                "HYRIV_ID": 41404279,
                "NEXT_DOWN": 41404339,
                "MAIN_RIV": 41404427,
                "LENGTH_KM": 2.22,
                "DIST_DN_KM": 34.400002,
                "DIST_UP_KM": 84.800003,
                "CATCH_SKM": 4.4699998,
                "UPLAND_SKM": 1239.6,
                "ENDORHEIC": 0,
                "DIS_AV_CMS": 35.391998,
                "ORD_STRA": 4,
                "ORD_CLAS": 1,
                "ORD_FLOW": 5,
                "HYBAS_L12": 4121601680.0,
                "Shape_Length": 0.020118446353080778
            },
            "geometry": {
                "type": "LineString",
                "coordinates": [
                    [
                        80.0979166666663,
                        7.310416666666548
                    ],
                    [
                        80.09374999999963,
                        7.306249999999885
                    ],
                    [
                        80.0854166666663,
                        7.306249999999885
                    ],
                    [
                        80.08124999999964,
                        7.302083333333236
                    ]
                ]
            }
        },
        {
            "type": "Feature",
            "properties": {
                "HYRIV_ID": 41404280,
                "NEXT_DOWN": 41404237,
                "MAIN_RIV": 41404427,
                "LENGTH_KM": 1.77,
                "DIST_DN_KM": 43.3,
                "DIST_UP_KM": 75.900002,
                "CATCH_SKM": 2.77,
                "UPLAND_SKM": 921.79999,
                "ENDORHEIC": 0,
                "DIS_AV_CMS": 26.913,
                "ORD_STRA": 4,
                "ORD_CLAS": 1,
                "ORD_FLOW": 5,
                "HYBAS_L12": 4121158080.0,
                "Shape_Length": 0.0159517796864179
            },
            "geometry": {
                "type": "LineString",
                "coordinates": [
                    [
                        80.14791666666636,
                        7.302083333333236
                    ],
                    [
                        80.1437499999997,
                        7.306249999999885
                    ],
                    [
                        80.14791666666636,
                        7.310416666666548
                    ],
                    [
                        80.14791666666636,
                        7.314583333333211
                    ]
                ]
            }
        },
        {
            "type": "Feature",
            "properties": {
                "HYRIV_ID": 41404294,
                "NEXT_DOWN": 41404339,
                "MAIN_RIV": 41404427,
                "LENGTH_KM": 1.4400001,
                "DIST_DN_KM": 34.3,
                "DIST_UP_KM": 3.7,
                "CATCH_SKM": 5.3200002,
                "UPLAND_SKM": 5.3,
                "ENDORHEIC": 0,
                "DIS_AV_CMS": 0.15700001,
                "ORD_STRA": 1,
                "ORD_CLAS": 2,
                "ORD_FLOW": 7,
                "HYBAS_L12": 4121601680.0,
                "Shape_Length": 0.01300550143149673
            },
            "geometry": {
                "type": "LineString",
                "coordinates": [
                    [
                        80.09166666666627,
                        7.295833333333199
                    ],
                    [
                        80.0854166666663,
                        7.302083333333236
                    ],
                    [
                        80.08124999999964,
                        7.302083333333236
                    ]
                ]
            }
        },
        {
            "type": "Feature",
            "properties": {
                "HYRIV_ID": 41404302,
                "NEXT_DOWN": 41404364,
                "MAIN_RIV": 41404427,
                "LENGTH_KM": 4.0,
                "DIST_DN_KM": 16.3,
                "DIST_UP_KM": 8.0,
                "CATCH_SKM": 10.22,
                "UPLAND_SKM": 23.200001,
                "ENDORHEIC": 0,
                "DIS_AV_CMS": 0.65200001,
                "ORD_STRA": 2,
                "ORD_CLAS": 2,
                "ORD_FLOW": 7,
                "HYBAS_L12": 4120049090.0,
                "Shape_Length": 0.03607022603948619
            },
            "geometry": {
                "type": "LineString",
                "coordinates": [
                    [
                        79.97708333333296,
                        7.322916666666522
                    ],
                    [
                        79.97708333333296,
                        7.31875
                    ],
                    [
                        79.9604166666663,
                        7.302083333333236
                    ],
                    [
                        79.9604166666663,
                        7.29375
                    ]
                ]
            }
        },
        {
            "type": "Feature",
            "properties": {
                "HYRIV_ID": 41404303,
                "NEXT_DOWN": 41404364,
                "MAIN_RIV": 41404427,
                "LENGTH_KM": 1.38,
                "DIST_DN_KM": 16.3,
                "DIST_UP_KM": 103.0,
                "CATCH_SKM": 2.98,
                "UPLAND_SKM": 1403.4,
                "ENDORHEIC": 0,
                "DIS_AV_CMS": 39.700001,
                "ORD_STRA": 4,
                "ORD_CLAS": 1,
                "ORD_FLOW": 5,
                "HYBAS_L12": 4120049090.0,
                "Shape_Length": 0.012499999999988631
            },
            "geometry": {
                "type": "LineString",
                "coordinates": [
                    [
                        79.9729166666663,
                        7.29375
                    ],
                    [
                        79.9604166666663,
                        7.29375
                    ]
                ]
            }
        },
        {
            "type": "Feature",
            "properties": {
                "HYRIV_ID": 41404304,
                "NEXT_DOWN": 41404303,
                "MAIN_RIV": 41404427,
                "LENGTH_KM": 3.99,
                "DIST_DN_KM": 17.8,
                "DIST_UP_KM": 101.4,
                "CATCH_SKM": 10.01,
                "UPLAND_SKM": 1355.3,
                "ENDORHEIC": 0,
                "DIS_AV_CMS": 38.259998,
                "ORD_STRA": 4,
                "ORD_CLAS": 1,
                "ORD_FLOW": 5,
                "HYBAS_L12": 4120049090.0,
                "Shape_Length": 0.036070226039548924
            },
            "geometry": {
                "type": "LineString",
                "coordinates": [
                    [
                        79.99791666666633,
                        7.314583333333211
                    ],
                    [
                        79.99374999999966,
                        7.314583333333211
                    ],
                    [
                        79.989583333333,
                        7.310416666666548
                    ],
                    [
                        79.989583333333,
                        7.306249999999885
                    ],
                    [
                        79.98541666666634,
                        7.306249999999885
                    ],
                    [
                        79.9729166666663,
                        7.29375
                    ]
                ]
            }
        },
        {
            "type": "Feature",
            "properties": {
                "HYRIV_ID": 41404305,
                "NEXT_DOWN": 41404430,
                "MAIN_RIV": 41404427,
                "LENGTH_KM": 3.53,
                "DIST_DN_KM": 59.400002,
                "DIST_UP_KM": 59.8,
                "CATCH_SKM": 13.63,
                "UPLAND_SKM": 687.29999,
                "ENDORHEIC": 0,
                "DIS_AV_CMS": 20.094999,
                "ORD_STRA": 4,
                "ORD_CLAS": 1,
                "ORD_FLOW": 5,
                "HYBAS_L12": 4121601730.0,
                "Shape_Length": 0.031903559372886046
            },
            "geometry": {
                "type": "LineString",
                "coordinates": [
                    [
                        80.26458333333298,
                        7.310416666666548
                    ],
                    [
                        80.26041666666632,
                        7.306249999999885
                    ],
                    [
                        80.25624999999965,
                        7.306249999999885
                    ],
                    [
                        80.24791666666633,
                        7.297916666666531
                    ],
                    [
                        80.24374999999966,
                        7.297916666666531
                    ],
                    [
                        80.23958333333294,
                        7.29375
                    ]
                ]
            }
        },
        {
            "type": "Feature",
            "properties": {
                "HYRIV_ID": 41404306,
                "NEXT_DOWN": 41404224,
                "MAIN_RIV": 41404427,
                "LENGTH_KM": 3.2,
                "DIST_DN_KM": 75.699997,
                "DIST_UP_KM": 6.2,
                "CATCH_SKM": 10.22,
                "UPLAND_SKM": 10.2,
                "ENDORHEIC": 0,
                "DIS_AV_CMS": 0.304,
                "ORD_STRA": 1,
                "ORD_CLAS": 2,
                "ORD_FLOW": 7,
                "HYBAS_L12": 4121601690.0,
                "Shape_Length": 0.02880922317662956
            },
            "geometry": {
                "type": "LineString",
                "coordinates": [
                    [
                        80.36874999999966,
                        7.291666666666536
                    ],
                    [
                        80.36874999999966,
                        7.302083333333236
                    ],
                    [
                        80.36458333333294,
                        7.306249999999885
                    ],
                    [
                        80.36458333333294,
                        7.31875
                    ]
                ]
            }
        },
        {
            "type": "Feature",
            "properties": {
                "HYRIV_ID": 41404307,
                "NEXT_DOWN": 41404225,
                "MAIN_RIV": 41404427,
                "LENGTH_KM": 3.35,
                "DIST_DN_KM": 76.800003,
                "DIST_UP_KM": 42.400002,
                "CATCH_SKM": 8.9399996,
                "UPLAND_SKM": 351.20001,
                "ENDORHEIC": 0,
                "DIS_AV_CMS": 10.886,
                "ORD_STRA": 3,
                "ORD_CLAS": 1,
                "ORD_FLOW": 5,
                "HYBAS_L12": 4121158070.0,
                "Shape_Length": 0.03017766952964629
            },
            "geometry": {
                "type": "LineString",
                "coordinates": [
                    [
                        80.38541666666632,
                        7.29375
                    ],
                    [
                        80.38541666666632,
                        7.302083333333236
                    ],
                    [
                        80.38124999999965,
                        7.306249999999885
                    ],
                    [
                        80.38124999999965,
                        7.310416666666548
                    ],
                    [
                        80.37291666666633,
                        7.31875
                    ]
                ]
            }
        },
        {
            "type": "Feature",
            "properties": {
                "HYRIV_ID": 41404318,
                "NEXT_DOWN": 41404280,
                "MAIN_RIV": 41404427,
                "LENGTH_KM": 1.62,
                "DIST_DN_KM": 45.099998,
                "DIST_UP_KM": 3.8,
                "CATCH_SKM": 6.6,
                "UPLAND_SKM": 6.6,
                "ENDORHEIC": 0,
                "DIS_AV_CMS": 0.196,
                "ORD_STRA": 1,
                "ORD_CLAS": 2,
                "ORD_FLOW": 7,
                "HYBAS_L12": 4121158080.0,
                "Shape_Length": 0.014583333333348492
            },
            "geometry": {
                "type": "LineString",
                "coordinates": [
                    [
                        80.14791666666636,
                        7.287499999999888
                    ],
                    [
                        80.14791666666636,
                        7.302083333333236
                    ]
                ]
            }
        },
        {
            "type": "Feature",
            "properties": {
                "HYRIV_ID": 41404319,
                "NEXT_DOWN": 41404272,
                "MAIN_RIV": 41404427,
                "LENGTH_KM": 2.46,
                "DIST_DN_KM": 70.099998,
                "DIST_UP_KM": 4.7,
                "CATCH_SKM": 9.58,
                "UPLAND_SKM": 9.6,
                "ENDORHEIC": 0,
                "DIS_AV_CMS": 0.287,
                "ORD_STRA": 1,
                "ORD_CLAS": 3,
                "ORD_FLOW": 7,
                "HYBAS_L12": 4121601690.0,
                "Shape_Length": 0.022201779686533515
            },
            "geometry": {
                "type": "LineString",
                "coordinates": [
                    [
                        80.30624999999961,
                        7.287499999999888
                    ],
                    [
                        80.30624999999961,
                        7.29375
                    ],
                    [
                        80.31041666666627,
                        7.297916666666531
                    ],
                    [
                        80.31041666666627,
                        7.302083333333236
                    ],
                    [
                        80.31458333333305,
                        7.306249999999885
                    ]
                ]
            }
        },
        {
            "type": "Feature",
            "properties": {
                "HYRIV_ID": 41404320,
                "NEXT_DOWN": 41404272,
                "MAIN_RIV": 41404427,
                "LENGTH_KM": 2.23,
                "DIST_DN_KM": 70.099998,
                "DIST_UP_KM": 6.0,
                "CATCH_SKM": 3.83,
                "UPLAND_SKM": 16.4,
                "ENDORHEIC": 0,
                "DIS_AV_CMS": 0.49200001,
                "ORD_STRA": 2,
                "ORD_CLAS": 2,
                "ORD_FLOW": 7,
                "HYBAS_L12": 4121601690.0,
                "Shape_Length": 0.020118446353136907
            },
            "geometry": {
                "type": "LineString",
                "coordinates": [
                    [
                        80.32291666666643,
                        7.289583333333219
                    ],
                    [
                        80.32291666666643,
                        7.297916666666531
                    ],
                    [
                        80.31458333333305,
                        7.306249999999885
                    ]
                ]
            }
        },
        {
            "type": "Feature",
            "properties": {
                "HYRIV_ID": 41404321,
                "NEXT_DOWN": 41404307,
                "MAIN_RIV": 41404427,
                "LENGTH_KM": 3.4100001,
                "DIST_DN_KM": 80.199997,
                "DIST_UP_KM": 39.099998,
                "CATCH_SKM": 8.5200005,
                "UPLAND_SKM": 305.60001,
                "ENDORHEIC": 0,
                "DIS_AV_CMS": 9.5480003,
                "ORD_STRA": 3,
                "ORD_CLAS": 1,
                "ORD_FLOW": 6,
                "HYBAS_L12": 4121158070.0,
                "Shape_Length": 0.03089255650993674
            },
            "geometry": {
                "type": "LineString",
                "coordinates": [
                    [
                        80.41458333333301,
                        7.289583333333219
                    ],
                    [
                        80.38958333333298,
                        7.289583333333219
                    ],
                    [
                        80.38541666666632,
                        7.29375
                    ]
                ]
            }
        },
        {
            "type": "Feature",
            "properties": {
                "HYRIV_ID": 41404322,
                "NEXT_DOWN": 41404321,
                "MAIN_RIV": 41404427,
                "LENGTH_KM": 2.27,
                "DIST_DN_KM": 83.400002,
                "DIST_UP_KM": 5.1,
                "CATCH_SKM": 8.9399996,
                "UPLAND_SKM": 8.9,
                "ENDORHEIC": 0,
                "DIS_AV_CMS": 0.26100001,
                "ORD_STRA": 1,
                "ORD_CLAS": 2,
                "ORD_FLOW": 7,
                "HYBAS_L12": 4121158070.0,
                "Shape_Length": 0.020475889843262898
            },
            "geometry": {
                "type": "LineString",
                "coordinates": [
                    [
                        80.4229166666664,
                        7.304166666666568
                    ],
                    [
                        80.4229166666664,
                        7.29375
                    ],
                    [
                        80.41874999999968,
                        7.289583333333219
                    ],
                    [
                        80.41458333333301,
                        7.289583333333219
                    ]
                ]
            }
        },
        {
            "type": "Feature",
            "properties": {
                "HYRIV_ID": 41404338,
                "NEXT_DOWN": 41404270,
                "MAIN_RIV": 41404427,
                "LENGTH_KM": 4.1799998,
                "DIST_DN_KM": 27.200001,
                "DIST_UP_KM": 92.099998,
                "CATCH_SKM": 13.41,
                "UPLAND_SKM": 1295.0,
                "ENDORHEIC": 0,
                "DIS_AV_CMS": 36.765999,
                "ORD_STRA": 4,
                "ORD_CLAS": 1,
                "ORD_FLOW": 5,
                "HYBAS_L12": 4121601680.0,
                "Shape_Length": 0.037796115882668097
            },
            "geometry": {
                "type": "LineString",
                "coordinates": [
                    [
                        80.06041666666627,
                        7.285416666666556
                    ],
                    [
                        80.0479166666664,
                        7.297916666666531
                    ],
                    [
                        80.04374999999962,
                        7.297916666666531
                    ],
                    [
                        80.03958333333296,
                        7.302083333333236
                    ],
                    [
                        80.0354166666664,
                        7.302083333333236
                    ],
                    [
                        80.03124999999974,
                        7.306249999999885
                    ]
                ]
            }
        },
        {
            "type": "Feature",
            "properties": {
                "HYRIV_ID": 41404339,
                "NEXT_DOWN": 41404338,
                "MAIN_RIV": 41404427,
                "LENGTH_KM": 3.07,
                "DIST_DN_KM": 31.4,
                "DIST_UP_KM": 87.900002,
                "CATCH_SKM": 10.01,
                "UPLAND_SKM": 1255.0,
                "ENDORHEIC": 0,
                "DIS_AV_CMS": 35.731998,
                "ORD_STRA": 4,
                "ORD_CLAS": 1,
                "ORD_FLOW": 5,
                "HYBAS_L12": 4121601680.0,
                "Shape_Length": 0.027736892706236665
            },
            "geometry": {
                "type": "LineString",
                "coordinates": [
                    [
                        80.08124999999964,
                        7.302083333333236
                    ],
                    [
                        80.0687499999996,
                        7.289583333333219
                    ],
                    [
                        80.06458333333299,
                        7.289583333333219
                    ],
                    [
                        80.06041666666627,
                        7.285416666666556
                    ]
                ]
            }
        },
        {
            "type": "Feature",
            "properties": {
                "HYRIV_ID": 41404340,
                "NEXT_DOWN": 41404320,
                "MAIN_RIV": 41404427,
                "LENGTH_KM": 1.4400001,
                "DIST_DN_KM": 72.099998,
                "DIST_UP_KM": 4.0,
                "CATCH_SKM": 5.3200002,
                "UPLAND_SKM": 5.3,
                "ENDORHEIC": 0,
                "DIS_AV_CMS": 0.161,
                "ORD_STRA": 1,
                "ORD_CLAS": 2,
                "ORD_FLOW": 7,
                "HYBAS_L12": 4121601690.0,
                "Shape_Length": 0.013005501431637114
            },
            "geometry": {
                "type": "LineString",
                "coordinates": [
                    [
                        80.31249999999963,
                        7.283333333333225
                    ],
                    [
                        80.3187499999996,
                        7.289583333333219
                    ],
                    [
                        80.32291666666643,
                        7.289583333333219
                    ]
                ]
            }
        },
        {
            "type": "Feature",
            "properties": {
                "HYRIV_ID": 41404341,
                "NEXT_DOWN": 41404320,
                "MAIN_RIV": 41404427,
                "LENGTH_KM": 0.98,
                "DIST_DN_KM": 72.300003,
                "DIST_UP_KM": 2.9,
                "CATCH_SKM": 7.2399998,
                "UPLAND_SKM": 7.2,
                "ENDORHEIC": 0,
                "DIS_AV_CMS": 0.218,
                "ORD_STRA": 1,
                "ORD_CLAS": 3,
                "ORD_FLOW": 7,
                "HYBAS_L12": 4121601690.0,
                "Shape_Length": 0.008838834764763513
            },
            "geometry": {
                "type": "LineString",
                "coordinates": [
                    [
                        80.32916666666634,
                        7.283333333333225
                    ],
                    [
                        80.32291666666643,
                        7.289583333333219
                    ]
                ]
            }
        },
        {
            "type": "Feature",
            "properties": {
                "HYRIV_ID": 41404342,
                "NEXT_DOWN": 41404369,
                "MAIN_RIV": 41404427,
                "LENGTH_KM": 1.4400001,
                "DIST_DN_KM": 88.099998,
                "DIST_UP_KM": 3.8,
                "CATCH_SKM": 4.9,
                "UPLAND_SKM": 4.9,
                "ENDORHEIC": 0,
                "DIS_AV_CMS": 0.144,
                "ORD_STRA": 1,
                "ORD_CLAS": 3,
                "ORD_FLOW": 7,
                "HYBAS_L12": 4121158070.0,
                "Shape_Length": 0.013005501431456536
            },
            "geometry": {
                "type": "LineString",
                "coordinates": [
                    [
                        80.44583333333296,
                        7.295833333333199
                    ],
                    [
                        80.45208333333292,
                        7.289583333333219
                    ],
                    [
                        80.45208333333292,
                        7.285416666666556
                    ]
                ]
            }
        },
        {
            "type": "Feature",
            "properties": {
                "HYRIV_ID": 41404363,
                "NEXT_DOWN": 41404389,
                "MAIN_RIV": 41404427,
                "LENGTH_KM": 1.16,
                "DIST_DN_KM": 11.8,
                "DIST_UP_KM": 4.1,
                "CATCH_SKM": 5.3200002,
                "UPLAND_SKM": 5.3,
                "ENDORHEIC": 0,
                "DIS_AV_CMS": 0.152,
                "ORD_STRA": 1,
                "ORD_CLAS": 2,
                "ORD_FLOW": 7,
                "HYBAS_L12": 4120049090.0,
                "Shape_Length": 0.010416666666642982
            },
            "geometry": {
                "type": "LineString",
                "coordinates": [
                    [
                        79.93124999999978,
                        7.291666666666536
                    ],
                    [
                        79.93124999999978,
                        7.281249999999893
                    ]
                ]
            }
        },
        {
            "type": "Feature",
            "properties": {
                "HYRIV_ID": 41404364,
                "NEXT_DOWN": 41404390,
                "MAIN_RIV": 41404427,
                "LENGTH_KM": 1.77,
                "DIST_DN_KM": 14.7,
                "DIST_UP_KM": 104.6,
                "CATCH_SKM": 4.4699998,
                "UPLAND_SKM": 1431.1,
                "ENDORHEIC": 0,
                "DIS_AV_CMS": 40.48,
                "ORD_STRA": 4,
                "ORD_CLAS": 1,
                "ORD_FLOW": 5,
                "HYBAS_L12": 4120049090.0,
                "Shape_Length": 0.015951779686448047
            },
            "geometry": {
                "type": "LineString",
                "coordinates": [
                    [
                        79.9604166666663,
                        7.29375
                    ],
                    [
                        79.95624999999964,
                        7.289583333333219
                    ],
                    [
                        79.95624999999964,
                        7.285416666666556
                    ],
                    [
                        79.95208333333298,
                        7.281249999999893
                    ]
                ]
            }
        },
        {
            "type": "Feature",
            "properties": {
                "HYRIV_ID": 41404365,
                "NEXT_DOWN": 41404390,
                "MAIN_RIV": 41404427,
                "LENGTH_KM": 0.69,
                "DIST_DN_KM": 14.5,
                "DIST_UP_KM": 2.7,
                "CATCH_SKM": 4.2600002,
                "UPLAND_SKM": 4.3,
                "ENDORHEIC": 0,
                "DIS_AV_CMS": 0.125,
                "ORD_STRA": 1,
                "ORD_CLAS": 2,
                "ORD_FLOW": 7,
                "HYBAS_L12": 4120049090.0,
                "Shape_Length": 0.006250000000079581
            },
            "geometry": {
                "type": "LineString",
                "coordinates": [
                    [
                        79.95833333333306,
                        7.281249999999893
                    ],
                    [
                        79.95208333333298,
                        7.281249999999893
                    ]
                ]
            }
        },
        {
            "type": "Feature",
            "properties": {
                "HYRIV_ID": 41404366,
                "NEXT_DOWN": 41404279,
                "MAIN_RIV": 41404427,
                "LENGTH_KM": 4.46,
                "DIST_DN_KM": 36.700001,
                "DIST_UP_KM": 13.7,
                "CATCH_SKM": 9.58,
                "UPLAND_SKM": 35.3,
                "ENDORHEIC": 0,
                "DIS_AV_CMS": 1.063,
                "ORD_STRA": 2,
                "ORD_CLAS": 2,
                "ORD_FLOW": 6,
                "HYBAS_L12": 4121601680.0,
                "Shape_Length": 0.04023689270621941
            },
            "geometry": {
                "type": "LineString",
                "coordinates": [
                    [
                        80.11874999999966,
                        7.281249999999893
                    ],
                    [
                        80.11874999999966,
                        7.289583333333219
                    ],
                    [
                        80.114583333333,
                        7.29375
                    ],
                    [
                        80.114583333333,
                        7.297916666666531
                    ],
                    [
                        80.10624999999962,
                        7.306249999999885
                    ],
                    [
                        80.10208333333296,
                        7.306249999999885
                    ],
                    [
                        80.0979166666663,
                        7.310416666666548
                    ]
                ]
            }
        },
        {
            "type": "Feature",
            "properties": {
                "HYRIV_ID": 41404367,
                "NEXT_DOWN": 41404280,
                "MAIN_RIV": 41404427,
                "LENGTH_KM": 3.53,
                "DIST_DN_KM": 45.3,
                "DIST_UP_KM": 74.0,
                "CATCH_SKM": 8.3,
                "UPLAND_SKM": 912.40002,
                "ENDORHEIC": 0,
                "DIS_AV_CMS": 26.684999,
                "ORD_STRA": 4,
                "ORD_CLAS": 1,
                "ORD_FLOW": 5,
                "HYBAS_L12": 4121158080.0,
                "Shape_Length": 0.031903559372852455
            },
            "geometry": {
                "type": "LineString",
                "coordinates": [
                    [
                        80.16874999999962,
                        7.281249999999893
                    ],
                    [
                        80.16874999999962,
                        7.285416666666556
                    ],
                    [
                        80.16458333333307,
                        7.289583333333219
                    ],
                    [
                        80.16041666666635,
                        7.289583333333219
                    ],
                    [
                        80.14791666666636,
                        7.302083333333236
                    ]
                ]
            }
        },
        {
            "type": "Feature",
            "properties": {
                "HYRIV_ID": 41404368,
                "NEXT_DOWN": 41404321,
                "MAIN_RIV": 41404427,
                "LENGTH_KM": 3.1400001,
                "DIST_DN_KM": 83.599998,
                "DIST_UP_KM": 35.700001,
                "CATCH_SKM": 7.4499998,
                "UPLAND_SKM": 288.10001,
                "ENDORHEIC": 0,
                "DIS_AV_CMS": 9.0719995,
                "ORD_STRA": 3,
                "ORD_CLAS": 1,
                "ORD_FLOW": 6,
                "HYBAS_L12": 4121158070.0,
                "Shape_Length": 0.028451779686440127
            },
            "geometry": {
                "type": "LineString",
                "coordinates": [
                    [
                        80.43958333333305,
                        7.281249999999893
                    ],
                    [
                        80.43541666666627,
                        7.285416666666556
                    ],
                    [
                        80.41874999999968,
                        7.285416666666556
                    ],
                    [
                        80.41458333333301,
                        7.289583333333219
                    ]
                ]
            }
        },
        {
            "type": "Feature",
            "properties": {
                "HYRIV_ID": 41404369,
                "NEXT_DOWN": 41404368,
                "MAIN_RIV": 41404427,
                "LENGTH_KM": 1.5700001,
                "DIST_DN_KM": 86.699997,
                "DIST_UP_KM": 6.1,
                "CATCH_SKM": 1.7,
                "UPLAND_SKM": 23.200001,
                "ENDORHEIC": 0,
                "DIS_AV_CMS": 0.68699998,
                "ORD_STRA": 2,
                "ORD_CLAS": 2,
                "ORD_FLOW": 7,
                "HYBAS_L12": 4121158070.0,
                "Shape_Length": 0.014225889843127903
            },
            "geometry": {
                "type": "LineString",
                "coordinates": [
                    [
                        80.45208333333292,
                        7.285416666666556
                    ],
                    [
                        80.4437499999996,
                        7.285416666666556
                    ],
                    [
                        80.43958333333305,
                        7.281249999999893
                    ]
                ]
            }
        },
        {
            "type": "Feature",
            "properties": {
                "HYRIV_ID": 41404388,
                "NEXT_DOWN": 41404428,
                "MAIN_RIV": 41404427,
                "LENGTH_KM": 1.4400001,
                "DIST_DN_KM": 8.0,
                "DIST_UP_KM": 4.0,
                "CATCH_SKM": 6.6,
                "UPLAND_SKM": 6.6,
                "ENDORHEIC": 0,
                "DIS_AV_CMS": 0.189,
                "ORD_STRA": 1,
                "ORD_CLAS": 2,
                "ORD_FLOW": 7,
                "HYBAS_L12": 4120049090.0,
                "Shape_Length": 0.01300550143141218
            },
            "geometry": {
                "type": "LineString",
                "coordinates": [
                    [
                        79.90833333333299,
                        7.287499999999888
                    ],
                    [
                        79.90208333333308,
                        7.281249999999893
                    ],
                    [
                        79.90208333333308,
                        7.277083333333245
                    ]
                ]
            }
        },
        {
            "type": "Feature",
            "properties": {
                "HYRIV_ID": 41404389,
                "NEXT_DOWN": 41404411,
                "MAIN_RIV": 41404427,
                "LENGTH_KM": 1.11,
                "DIST_DN_KM": 10.9,
                "DIST_UP_KM": 108.4,
                "CATCH_SKM": 1.28,
                "UPLAND_SKM": 1448.3,
                "ENDORHEIC": 0,
                "DIS_AV_CMS": 40.980999,
                "ORD_STRA": 4,
                "ORD_CLAS": 1,
                "ORD_FLOW": 5,
                "HYBAS_L12": 4120049090.0,
                "Shape_Length": 0.010059223176625507
            },
            "geometry": {
                "type": "LineString",
                "coordinates": [
                    [
                        79.93124999999978,
                        7.281249999999893
                    ],
                    [
                        79.92708333333294,
                        7.281249999999893
                    ],
                    [
                        79.9229166666664,
                        7.277083333333245
                    ]
                ]
            }
        },
        {
            "type": "Feature",
            "properties": {
                "HYRIV_ID": 41404390,
                "NEXT_DOWN": 41404389,
                "MAIN_RIV": 41404427,
                "LENGTH_KM": 2.6800001,
                "DIST_DN_KM": 11.8,
                "DIST_UP_KM": 107.5,
                "CATCH_SKM": 6.39,
                "UPLAND_SKM": 1441.7,
                "ENDORHEIC": 0,
                "DIS_AV_CMS": 40.792,
                "ORD_STRA": 4,
                "ORD_CLAS": 1,
                "ORD_FLOW": 5,
                "HYBAS_L12": 4120049090.0,
                "Shape_Length": 0.02428511301963657
            },
            "geometry": {
                "type": "LineString",
                "coordinates": [
                    [
                        79.95208333333298,
                        7.281249999999893
                    ],
                    [
                        79.94791666666632,
                        7.277083333333245
                    ],
                    [
                        79.9437499999996,
                        7.277083333333245
                    ],
                    [
                        79.93958333333299,
                        7.281249999999893
                    ],
                    [
                        79.93124999999978,
                        7.281249999999893
                    ]
                ]
            }
        },
        {
            "type": "Feature",
            "properties": {
                "HYRIV_ID": 41404391,
                "NEXT_DOWN": 41404270,
                "MAIN_RIV": 41404427,
                "LENGTH_KM": 4.79,
                "DIST_DN_KM": 27.0,
                "DIST_UP_KM": 6.9,
                "CATCH_SKM": 13.41,
                "UPLAND_SKM": 13.4,
                "ENDORHEIC": 0,
                "DIS_AV_CMS": 0.394,
                "ORD_STRA": 1,
                "ORD_CLAS": 2,
                "ORD_FLOW": 7,
                "HYBAS_L12": 4121601680.0,
                "Shape_Length": 0.043183170961151346
            },
            "geometry": {
                "type": "LineString",
                "coordinates": [
                    [
                        80.04583333333298,
                        7.275
                    ],
                    [
                        80.03124999999974,
                        7.289583333333219
                    ],
                    [
                        80.02708333333302,
                        7.289583333333219
                    ],
                    [
                        80.02708333333302,
                        7.297916666666531
                    ],
                    [
                        80.03124999999974,
                        7.302083333333236
                    ],
                    [
                        80.03124999999974,
                        7.306249999999885
                    ]
                ]
            }
        },
        {
            "type": "Feature",
            "properties": {
                "HYRIV_ID": 41404392,
                "NEXT_DOWN": 41404369,
                "MAIN_RIV": 41404427,
                "LENGTH_KM": 2.09,
                "DIST_DN_KM": 88.099998,
                "DIST_UP_KM": 4.7,
                "CATCH_SKM": 16.610001,
                "UPLAND_SKM": 16.6,
                "ENDORHEIC": 0,
                "DIS_AV_CMS": 0.494,
                "ORD_STRA": 1,
                "ORD_CLAS": 2,
                "ORD_FLOW": 7,
                "HYBAS_L12": 4121158070.0,
                "Shape_Length": 0.018898057941436112
            },
            "geometry": {
                "type": "LineString",
                "coordinates": [
                    [
                        80.46666666666633,
                        7.275
                    ],
                    [
                        80.45624999999964,
                        7.285416666666556
                    ],
                    [
                        80.45208333333292,
                        7.285416666666556
                    ]
                ]
            }
        },
        {
            "type": "Feature",
            "properties": {
                "HYRIV_ID": 41404410,
                "NEXT_DOWN": 41404428,
                "MAIN_RIV": 41404427,
                "LENGTH_KM": 1.11,
                "DIST_DN_KM": 8.2,
                "DIST_UP_KM": 111.1,
                "CATCH_SKM": 2.34,
                "UPLAND_SKM": 1478.1,
                "ENDORHEIC": 0,
                "DIS_AV_CMS": 41.862999,
                "ORD_STRA": 4,
                "ORD_CLAS": 1,
                "ORD_FLOW": 5,
                "HYBAS_L12": 4120049090.0,
                "Shape_Length": 0.010059223176461872
            },
            "geometry": {
                "type": "LineString",
                "coordinates": [
                    [
                        79.9104166666663,
                        7.272916666666539
                    ],
                    [
                        79.90624999999974,
                        7.272916666666539
                    ],
                    [
                        79.90208333333308,
                        7.277083333333245
                    ]
                ]
            }
        },
        {
            "type": "Feature",
            "properties": {
                "HYRIV_ID": 41404411,
                "NEXT_DOWN": 41404410,
                "MAIN_RIV": 41404427,
                "LENGTH_KM": 1.5700001,
                "DIST_DN_KM": 9.1,
                "DIST_UP_KM": 110.2,
                "CATCH_SKM": 2.77,
                "UPLAND_SKM": 1462.4,
                "ENDORHEIC": 0,
                "DIS_AV_CMS": 41.396,
                "ORD_STRA": 4,
                "ORD_CLAS": 1,
                "ORD_FLOW": 5,
                "HYBAS_L12": 4120049090.0,
                "Shape_Length": 0.014225889843352123
            },
            "geometry": {
                "type": "LineString",
                "coordinates": [
                    [
                        79.9229166666664,
                        7.277083333333245
                    ],
                    [
                        79.91874999999962,
                        7.277083333333245
                    ],
                    [
                        79.91458333333296,
                        7.272916666666539
                    ],
                    [
                        79.9104166666663,
                        7.272916666666539
                    ]
                ]
            }
        },
        {
            "type": "Feature",
            "properties": {
                "HYRIV_ID": 41404412,
                "NEXT_DOWN": 41404366,
                "MAIN_RIV": 41404427,
                "LENGTH_KM": 1.4400001,
                "DIST_DN_KM": 40.900002,
                "DIST_UP_KM": 3.8,
                "CATCH_SKM": 4.9,
                "UPLAND_SKM": 4.9,
                "ENDORHEIC": 0,
                "DIS_AV_CMS": 0.147,
                "ORD_STRA": 1,
                "ORD_CLAS": 3,
                "ORD_FLOW": 7,
                "HYBAS_L12": 4121601680.0,
                "Shape_Length": 0.013005501431442325
            },
            "geometry": {
                "type": "LineString",
                "coordinates": [
                    [
                        80.11249999999976,
                        7.270833333333208
                    ],
                    [
                        80.11874999999966,
                        7.277083333333245
                    ],
                    [
                        80.11874999999966,
                        7.281249999999893
                    ]
                ]
            }
        },
        {
            "type": "Feature",
            "properties": {
                "HYRIV_ID": 41404413,
                "NEXT_DOWN": 41404430,
                "MAIN_RIV": 41404427,
                "LENGTH_KM": 3.1500001,
                "DIST_DN_KM": 59.200001,
                "DIST_UP_KM": 24.5,
                "CATCH_SKM": 5.1100001,
                "UPLAND_SKM": 86.5,
                "ENDORHEIC": 0,
                "DIS_AV_CMS": 2.6470001,
                "ORD_STRA": 2,
                "ORD_CLAS": 2,
                "ORD_FLOW": 6,
                "HYBAS_L12": 4121601730.0,
                "Shape_Length": 0.02845177968653443
            },
            "geometry": {
                "type": "LineString",
                "coordinates": [
                    [
                        80.25208333333299,
                        7.272916666666539
                    ],
                    [
                        80.25208333333299,
                        7.277083333333245
                    ],
                    [
                        80.24791666666633,
                        7.281249999999893
                    ],
                    [
                        80.24791666666633,
                        7.285416666666556
                    ],
                    [
                        80.24374999999966,
                        7.289583333333219
                    ],
                    [
                        80.24374999999966,
                        7.29375
                    ],
                    [
                        80.23958333333294,
                        7.29375
                    ]
                ]
            }
        },
        {
            "type": "Feature",
            "properties": {
                "HYRIV_ID": 41404414,
                "NEXT_DOWN": 41404413,
                "MAIN_RIV": 41404427,
                "LENGTH_KM": 0.69,
                "DIST_DN_KM": 62.400002,
                "DIST_UP_KM": 2.9,
                "CATCH_SKM": 4.6799998,
                "UPLAND_SKM": 4.7,
                "ENDORHEIC": 0,
                "DIS_AV_CMS": 0.141,
                "ORD_STRA": 1,
                "ORD_CLAS": 3,
                "ORD_FLOW": 7,
                "HYBAS_L12": 4121601730.0,
                "Shape_Length": 0.006249999999965894
            },
            "geometry": {
                "type": "LineString",
                "coordinates": [
                    [
                        80.25833333333296,
                        7.272916666666539
                    ],
                    [
                        80.25208333333299,
                        7.272916666666539
                    ]
                ]
            }
        },
        {
            "type": "Feature",
            "properties": {
                "HYRIV_ID": 41404427,
                "NEXT_DOWN": 0,
                "MAIN_RIV": 41404427,
                "LENGTH_KM": 1.5700001,
                "DIST_DN_KM": 0.0,
                "DIST_UP_KM": 119.0,
                "CATCH_SKM": 4.0500002,
                "UPLAND_SKM": 1515.4,
                "ENDORHEIC": 0,
                "DIS_AV_CMS": 42.945,
                "ORD_STRA": 4,
                "ORD_CLAS": 1,
                "ORD_FLOW": 5,
                "HYBAS_L12": 4120049090.0,
                "Shape_Length": 0.014225889843265133
            },
            "geometry": {
                "type": "LineString",
                "coordinates": [
                    [
                        79.85624999999968,
                        7.268749999999876
                    ],
                    [
                        79.85208333333301,
                        7.272916666666539
                    ],
                    [
                        79.84374999999963,
                        7.272916666666539
                    ]
                ]
            }
        },
        {
            "type": "Feature",
            "properties": {
                "HYRIV_ID": 41404428,
                "NEXT_DOWN": 41404427,
                "MAIN_RIV": 41404427,
                "LENGTH_KM": 6.21,
                "DIST_DN_KM": 2.0,
                "DIST_UP_KM": 117.3,
                "CATCH_SKM": 12.78,
                "UPLAND_SKM": 1497.5,
                "ENDORHEIC": 0,
                "DIS_AV_CMS": 42.419998,
                "ORD_STRA": 4,
                "ORD_CLAS": 1,
                "ORD_FLOW": 5,
                "HYBAS_L12": 4120049090.0,
                "Shape_Length": 0.056188672392826926
            },
            "geometry": {
                "type": "LineString",
                "coordinates": [
                    [
                        79.90208333333308,
                        7.277083333333245
                    ],
                    [
                        79.8937499999997,
                        7.277083333333245
                    ],
                    [
                        79.88958333333304,
                        7.272916666666539
                    ],
                    [
                        79.88541666666637,
                        7.277083333333245
                    ],
                    [
                        79.8812499999996,
                        7.277083333333245
                    ],
                    [
                        79.87708333333305,
                        7.281249999999893
                    ],
                    [
                        79.87291666666633,
                        7.281249999999893
                    ],
                    [
                        79.864583333333,
                        7.272916666666539
                    ],
                    [
                        79.86041666666634,
                        7.272916666666539
                    ],
                    [
                        79.85624999999968,
                        7.268749999999876
                    ]
                ]
            }
        },
        {
            "type": "Feature",
            "properties": {
                "HYRIV_ID": 41404429,
                "NEXT_DOWN": 41404410,
                "MAIN_RIV": 41404427,
                "LENGTH_KM": 0.46,
                "DIST_DN_KM": 9.1,
                "DIST_UP_KM": 5.8,
                "CATCH_SKM": 0.21,
                "UPLAND_SKM": 13.4,
                "ENDORHEIC": 0,
                "DIS_AV_CMS": 0.398,
                "ORD_STRA": 2,
                "ORD_CLAS": 2,
                "ORD_FLOW": 7,
                "HYBAS_L12": 4120049090.0,
                "Shape_Length": 0.004166666666662877
            },
            "geometry": {
                "type": "LineString",
                "coordinates": [
                    [
                        79.9104166666663,
                        7.268749999999876
                    ],
                    [
                        79.9104166666663,
                        7.272916666666539
                    ]
                ]
            }
        },
        {
            "type": "Feature",
            "properties": {
                "HYRIV_ID": 41404430,
                "NEXT_DOWN": 41404450,
                "MAIN_RIV": 41404427,
                "LENGTH_KM": 4.3800001,
                "DIST_DN_KM": 55.099998,
                "DIST_UP_KM": 64.199997,
                "CATCH_SKM": 13.84,
                "UPLAND_SKM": 787.59998,
                "ENDORHEIC": 0,
                "DIS_AV_CMS": 23.059,
                "ORD_STRA": 4,
                "ORD_CLAS": 1,
                "ORD_FLOW": 5,
                "HYBAS_L12": 4121601730.0,
                "Shape_Length": 0.03952200572599829
            },
            "geometry": {
                "type": "LineString",
                "coordinates": [
                    [
                        80.23958333333294,
                        7.29375
                    ],
                    [
                        80.22708333333296,
                        7.281249999999893
                    ],
                    [
                        80.2229166666663,
                        7.281249999999893
                    ],
                    [
                        80.2104166666663,
                        7.268749999999876
                    ]
                ]
            }
        },
        {
            "type": "Feature",
            "properties": {
                "HYRIV_ID": 41404449,
                "NEXT_DOWN": 41404367,
                "MAIN_RIV": 41404427,
                "LENGTH_KM": 2.8800001,
                "DIST_DN_KM": 48.599998,
                "DIST_UP_KM": 70.599998,
                "CATCH_SKM": 6.81,
                "UPLAND_SKM": 876.70001,
                "ENDORHEIC": 0,
                "DIS_AV_CMS": 25.684,
                "ORD_STRA": 4,
                "ORD_CLAS": 1,
                "ORD_FLOW": 5,
                "HYBAS_L12": 4121158080.0,
                "Shape_Length": 0.026011002863029195
            },
            "geometry": {
                "type": "LineString",
                "coordinates": [
                    [
                        80.18541666666627,
                        7.264583333333228
                    ],
                    [
                        80.17708333333294,
                        7.272916666666539
                    ],
                    [
                        80.17708333333294,
                        7.277083333333245
                    ],
                    [
                        80.1729166666664,
                        7.281249999999893
                    ],
                    [
                        80.16874999999962,
                        7.281249999999893
                    ]
                ]
            }
        },
        {
            "type": "Feature",
            "properties": {
                "HYRIV_ID": 41404450,
                "NEXT_DOWN": 41404467,
                "MAIN_RIV": 41404427,
                "LENGTH_KM": 0.65,
                "DIST_DN_KM": 54.400002,
                "DIST_UP_KM": 64.900002,
                "CATCH_SKM": 2.1300001,
                "UPLAND_SKM": 798.90002,
                "ENDORHEIC": 0,
                "DIS_AV_CMS": 23.389999,
                "ORD_STRA": 4,
                "ORD_CLAS": 1,
                "ORD_FLOW": 5,
                "HYBAS_L12": 4121601730.0,
                "Shape_Length": 0.005892556509872488
            },
            "geometry": {
                "type": "LineString",
                "coordinates": [
                    [
                        80.2104166666663,
                        7.268749999999876
                    ],
                    [
                        80.20624999999964,
                        7.264583333333228
                    ]
                ]
            }
        },
        {
            "type": "Feature",
            "properties": {
                "HYRIV_ID": 41404451,
                "NEXT_DOWN": 41404413,
                "MAIN_RIV": 41404427,
                "LENGTH_KM": 1.12,
                "DIST_DN_KM": 62.400002,
                "DIST_UP_KM": 21.4,
                "CATCH_SKM": 2.34,
                "UPLAND_SKM": 76.699997,
                "ENDORHEIC": 0,
                "DIS_AV_CMS": 2.362,
                "ORD_STRA": 2,
                "ORD_CLAS": 2,
                "ORD_FLOW": 6,
                "HYBAS_L12": 4121601730.0,
                "Shape_Length": 0.010059223176535365
            },
            "geometry": {
                "type": "LineString",
                "coordinates": [
                    [
                        80.25624999999965,
                        7.264583333333228
                    ],
                    [
                        80.25208333333299,
                        7.268749999999876
                    ],
                    [
                        80.25208333333299,
                        7.272916666666539
                    ]
                ]
            }
        },
        {
            "type": "Feature",
            "properties": {
                "HYRIV_ID": 41404452,
                "NEXT_DOWN": 41404307,
                "MAIN_RIV": 41404427,
                "LENGTH_KM": 3.4300001,
                "DIST_DN_KM": 80.0,
                "DIST_UP_KM": 10.7,
                "CATCH_SKM": 10.65,
                "UPLAND_SKM": 36.599998,
                "ENDORHEIC": 0,
                "DIS_AV_CMS": 1.113,
                "ORD_STRA": 2,
                "ORD_CLAS": 2,
                "ORD_FLOW": 6,
                "HYBAS_L12": 4121158070.0,
                "Shape_Length": 0.03089255650990243
            },
            "geometry": {
                "type": "LineString",
                "coordinates": [
                    [
                        80.38124999999965,
                        7.264583333333228
                    ],
                    [
                        80.38124999999965,
                        7.268749999999876
                    ],
                    [
                        80.38541666666632,
                        7.272916666666539
                    ],
                    [
                        80.38541666666632,
                        7.29375
                    ]
                ]
            }
        },
        {
            "type": "Feature",
            "properties": {
                "HYRIV_ID": 41404453,
                "NEXT_DOWN": 41404368,
                "MAIN_RIV": 41404427,
                "LENGTH_KM": 2.23,
                "DIST_DN_KM": 86.5,
                "DIST_UP_KM": 32.700001,
                "CATCH_SKM": 3.62,
                "UPLAND_SKM": 257.5,
                "ENDORHEIC": 0,
                "DIS_AV_CMS": 8.1929998,
                "ORD_STRA": 3,
                "ORD_CLAS": 1,
                "ORD_FLOW": 6,
                "HYBAS_L12": 4121158070.0,
                "Shape_Length": 0.02011844635313691
            },
            "geometry": {
                "type": "LineString",
                "coordinates": [
                    [
                        80.44791666666643,
                        7.264583333333228
                    ],
                    [
                        80.4437499999996,
                        7.268749999999876
                    ],
                    [
                        80.4437499999996,
                        7.272916666666539
                    ],
                    [
                        80.43958333333305,
                        7.277083333333245
                    ],
                    [
                        80.43958333333305,
                        7.281249999999893
                    ]
                ]
            }
        },
        {
            "type": "Feature",
            "properties": {
                "HYRIV_ID": 41404461,
                "NEXT_DOWN": 41404427,
                "MAIN_RIV": 41404427,
                "LENGTH_KM": 1.5700001,
                "DIST_DN_KM": 1.8,
                "DIST_UP_KM": 6.8,
                "CATCH_SKM": 1.7,
                "UPLAND_SKM": 14.1,
                "ENDORHEIC": 0,
                "DIS_AV_CMS": 0.415,
                "ORD_STRA": 2,
                "ORD_CLAS": 2,
                "ORD_FLOW": 7,
                "HYBAS_L12": 4120049090.0,
                "Shape_Length": 0.014225889843198242
            },
            "geometry": {
                "type": "LineString",
                "coordinates": [
                    [
                        79.864583333333,
                        7.260416666666565
                    ],
                    [
                        79.864583333333,
                        7.264583333333228
                    ],
                    [
                        79.86041666666634,
                        7.268749999999876
                    ],
                    [
                        79.85624999999968,
                        7.268749999999876
                    ]
                ]
            }
        },
        {
            "type": "Feature",
            "properties": {
                "HYRIV_ID": 41404462,
                "NEXT_DOWN": 41404461,
                "MAIN_RIV": 41404427,
                "LENGTH_KM": 1.15,
                "DIST_DN_KM": 3.4,
                "DIST_UP_KM": 3.8,
                "CATCH_SKM": 5.1100001,
                "UPLAND_SKM": 5.1,
                "ENDORHEIC": 0,
                "DIS_AV_CMS": 0.15,
                "ORD_STRA": 1,
                "ORD_CLAS": 3,
                "ORD_FLOW": 7,
                "HYBAS_L12": 4120049090.0,
                "Shape_Length": 0.010416666666628771
            },
            "geometry": {
                "type": "LineString",
                "coordinates": [
                    [
                        79.87499999999963,
                        7.260416666666565
                    ],
                    [
                        79.864583333333,
                        7.260416666666565
                    ]
                ]
            }
        },
        {
            "type": "Feature",
            "properties": {
                "HYRIV_ID": 41404463,
                "NEXT_DOWN": 41404429,
                "MAIN_RIV": 41404427,
                "LENGTH_KM": 1.4400001,
                "DIST_DN_KM": 9.6,
                "DIST_UP_KM": 4.2,
                "CATCH_SKM": 7.0300002,
                "UPLAND_SKM": 7.0,
                "ENDORHEIC": 0,
                "DIS_AV_CMS": 0.20900001,
                "ORD_STRA": 1,
                "ORD_CLAS": 3,
                "ORD_FLOW": 7,
                "HYBAS_L12": 4120049090.0,
                "Shape_Length": 0.013005501431522714
            },
            "geometry": {
                "type": "LineString",
                "coordinates": [
                    [
                        79.91666666666632,
                        7.258333333333191
                    ],
                    [
                        79.9104166666663,
                        7.264583333333228
                    ],
                    [
                        79.9104166666663,
                        7.268749999999876
                    ]
                ]
            }
        },
        {
            "type": "Feature",
            "properties": {
                "HYRIV_ID": 41404464,
                "NEXT_DOWN": 41404338,
                "MAIN_RIV": 41404427,
                "LENGTH_KM": 3.62,
                "DIST_DN_KM": 31.200001,
                "DIST_UP_KM": 9.7,
                "CATCH_SKM": 8.3,
                "UPLAND_SKM": 26.6,
                "ENDORHEIC": 0,
                "DIS_AV_CMS": 0.8,
                "ORD_STRA": 2,
                "ORD_CLAS": 2,
                "ORD_FLOW": 7,
                "HYBAS_L12": 4121601680.0,
                "Shape_Length": 0.03261844635315051
            },
            "geometry": {
                "type": "LineString",
                "coordinates": [
                    [
                        80.07291666666632,
                        7.260416666666565
                    ],
                    [
                        80.0687499999996,
                        7.264583333333228
                    ],
                    [
                        80.0687499999996,
                        7.268749999999876
                    ],
                    [
                        80.06458333333299,
                        7.272916666666539
                    ],
                    [
                        80.06458333333299,
                        7.285416666666556
                    ],
                    [
                        80.06041666666627,
                        7.285416666666556
                    ]
                ]
            }
        },
        {
            "type": "Feature",
            "properties": {
                "HYRIV_ID": 41404465,
                "NEXT_DOWN": 41404464,
                "MAIN_RIV": 41404427,
                "LENGTH_KM": 1.4400001,
                "DIST_DN_KM": 34.8,
                "DIST_UP_KM": 3.6,
                "CATCH_SKM": 5.54,
                "UPLAND_SKM": 5.5,
                "ENDORHEIC": 0,
                "DIS_AV_CMS": 0.166,
                "ORD_STRA": 1,
                "ORD_CLAS": 3,
                "ORD_FLOW": 7,
                "HYBAS_L12": 4121601680.0,
                "Shape_Length": 0.013005501431536925
            },
            "geometry": {
                "type": "LineString",
                "coordinates": [
                    [
                        80.08333333333306,
                        7.266666666666545
                    ],
                    [
                        80.07708333333298,
                        7.260416666666565
                    ],
                    [
                        80.07291666666632,
                        7.260416666666565
                    ]
                ]
            }
        },
        {
            "type": "Feature",
            "properties": {
                "HYRIV_ID": 41404466,
                "NEXT_DOWN": 41404449,
                "MAIN_RIV": 41404427,
                "LENGTH_KM": 0.69,
                "DIST_DN_KM": 51.5,
                "DIST_UP_KM": 4.2,
                "CATCH_SKM": 6.81,
                "UPLAND_SKM": 6.8,
                "ENDORHEIC": 0,
                "DIS_AV_CMS": 0.21,
                "ORD_STRA": 1,
                "ORD_CLAS": 2,
                "ORD_FLOW": 7,
                "HYBAS_L12": 4121158080.0,
                "Shape_Length": 0.006250000000036948
            },
            "geometry": {
                "type": "LineString",
                "coordinates": [
                    [
                        80.18541666666627,
                        7.258333333333191
                    ],
                    [
                        80.18541666666627,
                        7.264583333333228
                    ]
                ]
            }
        },
        {
            "type": "Feature",
            "properties": {
                "HYRIV_ID": 41404467,
                "NEXT_DOWN": 41404449,
                "MAIN_RIV": 41404427,
                "LENGTH_KM": 2.6800001,
                "DIST_DN_KM": 51.5,
                "DIST_UP_KM": 67.800003,
                "CATCH_SKM": 6.39,
                "UPLAND_SKM": 863.0,
                "ENDORHEIC": 0,
                "DIS_AV_CMS": 25.348,
                "ORD_STRA": 4,
                "ORD_CLAS": 1,
                "ORD_FLOW": 5,
                "HYBAS_L12": 4121158080.0,
                "Shape_Length": 0.024285113019860492
            },
            "geometry": {
                "type": "LineString",
                "coordinates": [
                    [
                        80.20624999999964,
                        7.264583333333228
                    ],
                    [
                        80.20208333333298,
                        7.260416666666565
                    ],
                    [
                        80.1937499999996,
                        7.260416666666565
                    ],
                    [
                        80.1895833333331,
                        7.264583333333228
                    ],
                    [
                        80.18541666666627,
                        7.264583333333228
                    ]
                ]
            }
        },
        {
            "type": "Feature",
            "properties": {
                "HYRIV_ID": 41404478,
                "NEXT_DOWN": 41404429,
                "MAIN_RIV": 41404427,
                "LENGTH_KM": 2.46,
                "DIST_DN_KM": 9.8,
                "DIST_UP_KM": 5.1,
                "CATCH_SKM": 6.1700001,
                "UPLAND_SKM": 6.2,
                "ENDORHEIC": 0,
                "DIS_AV_CMS": 0.183,
                "ORD_STRA": 1,
                "ORD_CLAS": 2,
                "ORD_FLOW": 7,
                "HYBAS_L12": 4120049090.0,
                "Shape_Length": 0.022201779686431306
            },
            "geometry": {
                "type": "LineString",
                "coordinates": [
                    [
                        79.89791666666636,
                        7.254166666666528
                    ],
                    [
                        79.89791666666636,
                        7.260416666666565
                    ],
                    [
                        79.90208333333308,
                        7.260416666666565
                    ],
                    [
                        79.9104166666663,
                        7.268749999999876
                    ]
                ]
            }
        },
        {
            "type": "Feature",
            "properties": {
                "HYRIV_ID": 41404479,
                "NEXT_DOWN": 41404452,
                "MAIN_RIV": 41404427,
                "LENGTH_KM": 4.7,
                "DIST_DN_KM": 83.599998,
                "DIST_UP_KM": 7.1,
                "CATCH_SKM": 15.76,
                "UPLAND_SKM": 15.8,
                "ENDORHEIC": 0,
                "DIS_AV_CMS": 0.482,
                "ORD_STRA": 1,
                "ORD_CLAS": 2,
                "ORD_FLOW": 7,
                "HYBAS_L12": 4121158070.0,
                "Shape_Length": 0.04246828398104664
            },
            "geometry": {
                "type": "LineString",
                "coordinates": [
                    [
                        80.4124999999996,
                        7.254166666666528
                    ],
                    [
                        80.40624999999969,
                        7.260416666666565
                    ],
                    [
                        80.40208333333302,
                        7.256249999999859
                    ],
                    [
                        80.39791666666636,
                        7.260416666666565
                    ],
                    [
                        80.39374999999964,
                        7.260416666666565
                    ],
                    [
                        80.38958333333298,
                        7.256249999999859
                    ],
                    [
                        80.38124999999965,
                        7.264583333333228
                    ]
                ]
            }
        },
        {
            "type": "Feature",
            "properties": {
                "HYRIV_ID": 41404490,
                "NEXT_DOWN": 41404450,
                "MAIN_RIV": 41404427,
                "LENGTH_KM": 3.57,
                "DIST_DN_KM": 54.900002,
                "DIST_UP_KM": 5.8,
                "CATCH_SKM": 9.1599998,
                "UPLAND_SKM": 9.2,
                "ENDORHEIC": 0,
                "DIS_AV_CMS": 0.28200001,
                "ORD_STRA": 1,
                "ORD_CLAS": 2,
                "ORD_FLOW": 7,
                "HYBAS_L12": 4121601730.0,
                "Shape_Length": 0.032261002862973565
            },
            "geometry": {
                "type": "LineString",
                "coordinates": [
                    [
                        80.23124999999962,
                        7.249999999999879
                    ],
                    [
                        80.23124999999962,
                        7.256249999999859
                    ],
                    [
                        80.22708333333296,
                        7.260416666666565
                    ],
                    [
                        80.2229166666663,
                        7.260416666666565
                    ],
                    [
                        80.21458333333297,
                        7.268749999999876
                    ],
                    [
                        80.2104166666663,
                        7.268749999999876
                    ]
                ]
            }
        },
        {
            "type": "Feature",
            "properties": {
                "HYRIV_ID": 41404491,
                "NEXT_DOWN": 41404452,
                "MAIN_RIV": 41404427,
                "LENGTH_KM": 2.1,
                "DIST_DN_KM": 83.599998,
                "DIST_UP_KM": 4.5,
                "CATCH_SKM": 10.22,
                "UPLAND_SKM": 10.2,
                "ENDORHEIC": 0,
                "DIS_AV_CMS": 0.31400001,
                "ORD_STRA": 1,
                "ORD_CLAS": 3,
                "ORD_FLOW": 7,
                "HYBAS_L12": 4121158070.0,
                "Shape_Length": 0.01889805794134151
            },
            "geometry": {
                "type": "LineString",
                "coordinates": [
                    [
                        80.37083333333308,
                        7.249999999999879
                    ],
                    [
                        80.37708333333299,
                        7.256249999999859
                    ],
                    [
                        80.37708333333299,
                        7.260416666666565
                    ],
                    [
                        80.38124999999965,
                        7.264583333333228
                    ]
                ]
            }
        },
        {
            "type": "Feature",
            "properties": {
                "HYRIV_ID": 41404513,
                "NEXT_DOWN": 41404461,
                "MAIN_RIV": 41404427,
                "LENGTH_KM": 1.81,
                "DIST_DN_KM": 3.4,
                "DIST_UP_KM": 5.2,
                "CATCH_SKM": 7.2399998,
                "UPLAND_SKM": 7.2,
                "ENDORHEIC": 0,
                "DIS_AV_CMS": 0.215,
                "ORD_STRA": 1,
                "ORD_CLAS": 2,
                "ORD_FLOW": 7,
                "HYBAS_L12": 4120049090.0,
                "Shape_Length": 0.016309223176572313
            },
            "geometry": {
                "type": "LineString",
                "coordinates": [
                    [
                        79.86874999999966,
                        7.245833333333216
                    ],
                    [
                        79.86874999999966,
                        7.252083333333211
                    ],
                    [
                        79.864583333333,
                        7.256249999999859
                    ],
                    [
                        79.864583333333,
                        7.260416666666565
                    ]
                ]
            }
        },
        {
            "type": "Feature",
            "properties": {
                "HYRIV_ID": 41404514,
                "NEXT_DOWN": 41404411,
                "MAIN_RIV": 41404427,
                "LENGTH_KM": 5.4299998,
                "DIST_DN_KM": 10.7,
                "DIST_UP_KM": 7.8,
                "CATCH_SKM": 11.29,
                "UPLAND_SKM": 11.3,
                "ENDORHEIC": 0,
                "DIS_AV_CMS": 0.33500001,
                "ORD_STRA": 1,
                "ORD_CLAS": 2,
                "ORD_FLOW": 7,
                "HYBAS_L12": 4120049090.0,
                "Shape_Length": 0.04907572747094101
            },
            "geometry": {
                "type": "LineString",
                "coordinates": [
                    [
                        79.94583333333301,
                        7.245833333333216
                    ],
                    [
                        79.93958333333299,
                        7.252083333333211
                    ],
                    [
                        79.9437499999996,
                        7.256249999999859
                    ],
                    [
                        79.9437499999996,
                        7.260416666666565
                    ],
                    [
                        79.93958333333299,
                        7.264583333333228
                    ],
                    [
                        79.93541666666627,
                        7.264583333333228
                    ],
                    [
                        79.93124999999978,
                        7.268749999999876
                    ],
                    [
                        79.93124999999978,
                        7.272916666666539
                    ],
                    [
                        79.92708333333294,
                        7.277083333333245
                    ],
                    [
                        79.9229166666664,
                        7.277083333333245
                    ]
                ]
            }
        },
        {
            "type": "Feature",
            "properties": {
                "HYRIV_ID": 41404515,
                "NEXT_DOWN": 41404453,
                "MAIN_RIV": 41404427,
                "LENGTH_KM": 4.7199998,
                "DIST_DN_KM": 88.800003,
                "DIST_UP_KM": 15.4,
                "CATCH_SKM": 8.7299995,
                "UPLAND_SKM": 49.0,
                "ENDORHEIC": 0,
                "DIS_AV_CMS": 1.497,
                "ORD_STRA": 2,
                "ORD_CLAS": 2,
                "ORD_FLOW": 6,
                "HYBAS_L12": 4121158070.0,
                "Shape_Length": 0.042677669529514635
            },
            "geometry": {
                "type": "LineString",
                "coordinates": [
                    [
                        80.48124999999962,
                        7.247916666666548
                    ],
                    [
                        80.46458333333297,
                        7.247916666666548
                    ],
                    [
                        80.45208333333292,
                        7.260416666666565
                    ],
                    [
                        80.44791666666643,
                        7.260416666666565
                    ],
                    [
                        80.44791666666643,
                        7.264583333333228
                    ]
                ]
            }
        },
        {
            "type": "Feature",
            "properties": {
                "HYRIV_ID": 41404516,
                "NEXT_DOWN": 41404515,
                "MAIN_RIV": 41404427,
                "LENGTH_KM": 0.69,
                "DIST_DN_KM": 93.5,
                "DIST_UP_KM": 3.1,
                "CATCH_SKM": 4.2600002,
                "UPLAND_SKM": 4.3,
                "ENDORHEIC": 0,
                "DIS_AV_CMS": 0.12800001,
                "ORD_STRA": 1,
                "ORD_CLAS": 3,
                "ORD_FLOW": 7,
                "HYBAS_L12": 4121158070.0,
                "Shape_Length": 0.006249999999980105
            },
            "geometry": {
                "type": "LineString",
                "coordinates": [
                    [
                        80.48124999999962,
                        7.254166666666528
                    ],
                    [
                        80.48124999999962,
                        7.247916666666548
                    ]
                ]
            }
        },
        {
            "type": "Feature",
            "properties": {
                "HYRIV_ID": 41404533,
                "NEXT_DOWN": 41404467,
                "MAIN_RIV": 41404427,
                "LENGTH_KM": 3.62,
                "DIST_DN_KM": 54.200001,
                "DIST_UP_KM": 15.6,
                "CATCH_SKM": 7.2399998,
                "UPLAND_SKM": 57.700001,
                "ENDORHEIC": 0,
                "DIS_AV_CMS": 1.839,
                "ORD_STRA": 2,
                "ORD_CLAS": 2,
                "ORD_FLOW": 6,
                "HYBAS_L12": 4121158080.0,
                "Shape_Length": 0.03261844635311204
            },
            "geometry": {
                "type": "LineString",
                "coordinates": [
                    [
                        80.2104166666663,
                        7.239583333333222
                    ],
                    [
                        80.2104166666663,
                        7.252083333333211
                    ],
                    [
                        80.21458333333297,
                        7.256249999999859
                    ],
                    [
                        80.21458333333297,
                        7.260416666666565
                    ],
                    [
                        80.2104166666663,
                        7.264583333333228
                    ],
                    [
                        80.20624999999964,
                        7.264583333333228
                    ]
                ]
            }
        },
        {
            "type": "Feature",
            "properties": {
                "HYRIV_ID": 41404547,
                "NEXT_DOWN": 41404464,
                "MAIN_RIV": 41404427,
                "LENGTH_KM": 3.85,
                "DIST_DN_KM": 34.8,
                "DIST_UP_KM": 6.0,
                "CATCH_SKM": 12.78,
                "UPLAND_SKM": 12.8,
                "ENDORHEIC": 0,
                "DIS_AV_CMS": 0.39,
                "ORD_STRA": 1,
                "ORD_CLAS": 2,
                "ORD_FLOW": 7,
                "HYBAS_L12": 4121601680.0,
                "Shape_Length": 0.03470177968651037
            },
            "geometry": {
                "type": "LineString",
                "coordinates": [
                    [
                        80.08749999999972,
                        7.235416666666573
                    ],
                    [
                        80.08124999999964,
                        7.235416666666573
                    ],
                    [
                        80.08124999999964,
                        7.239583333333222
                    ],
                    [
                        80.07708333333298,
                        7.243749999999885
                    ],
                    [
                        80.07708333333298,
                        7.247916666666548
                    ],
                    [
                        80.07291666666632,
                        7.252083333333211
                    ],
                    [
                        80.07291666666632,
                        7.260416666666565
                    ]
                ]
            }
        },
        {
            "type": "Feature",
            "properties": {
                "HYRIV_ID": 41404548,
                "NEXT_DOWN": 41404451,
                "MAIN_RIV": 41404427,
                "LENGTH_KM": 9.21,
                "DIST_DN_KM": 63.700001,
                "DIST_UP_KM": 11.9,
                "CATCH_SKM": 23.42,
                "UPLAND_SKM": 23.4,
                "ENDORHEIC": 0,
                "DIS_AV_CMS": 0.728,
                "ORD_STRA": 1,
                "ORD_CLAS": 3,
                "ORD_FLOW": 7,
                "HYBAS_L12": 4121601730.0,
                "Shape_Length": 0.08327200572593667
            },
            "geometry": {
                "type": "LineString",
                "coordinates": [
                    [
                        80.30833333333297,
                        7.235416666666573
                    ],
                    [
                        80.2979166666664,
                        7.235416666666573
                    ],
                    [
                        80.29374999999973,
                        7.239583333333222
                    ],
                    [
                        80.27291666666636,
                        7.239583333333222
                    ],
                    [
                        80.2687499999997,
                        7.235416666666573
                    ],
                    [
                        80.26458333333298,
                        7.235416666666573
                    ],
                    [
                        80.26041666666632,
                        7.239583333333222
                    ],
                    [
                        80.26041666666632,
                        7.252083333333211
                    ],
                    [
                        80.25208333333299,
                        7.260416666666565
                    ],
                    [
                        80.25624999999965,
                        7.264583333333228
                    ]
                ]
            }
        },
        {
            "type": "Feature",
            "properties": {
                "HYRIV_ID": 41404549,
                "NEXT_DOWN": 41404515,
                "MAIN_RIV": 41404427,
                "LENGTH_KM": 2.6900001,
                "DIST_DN_KM": 93.5,
                "DIST_UP_KM": 10.7,
                "CATCH_SKM": 9.37,
                "UPLAND_SKM": 36.0,
                "ENDORHEIC": 0,
                "DIS_AV_CMS": 1.11,
                "ORD_STRA": 2,
                "ORD_CLAS": 2,
                "ORD_FLOW": 6,
                "HYBAS_L12": 4121158070.0,
                "Shape_Length": 0.024285113019739492
            },
            "geometry": {
                "type": "LineString",
                "coordinates": [
                    [
                        80.49791666666627,
                        7.235416666666573
                    ],
                    [
                        80.49791666666627,
                        7.239583333333222
                    ],
                    [
                        80.48958333333294,
                        7.247916666666548
                    ],
                    [
                        80.48124999999962,
                        7.247916666666548
                    ]
                ]
            }
        },
        {
            "type": "Feature",
            "properties": {
                "HYRIV_ID": 41404559,
                "NEXT_DOWN": 41404453,
                "MAIN_RIV": 41404427,
                "LENGTH_KM": 4.6500001,
                "DIST_DN_KM": 89.0,
                "DIST_UP_KM": 30.3,
                "CATCH_SKM": 13.42,
                "UPLAND_SKM": 204.89999,
                "ENDORHEIC": 0,
                "DIS_AV_CMS": 6.6059999,
                "ORD_STRA": 3,
                "ORD_CLAS": 1,
                "ORD_FLOW": 6,
                "HYBAS_L12": 4121158070.0,
                "Shape_Length": 0.04196278254939715
            },
            "geometry": {
                "type": "LineString",
                "coordinates": [
                    [
                        80.45208333333292,
                        7.231249999999868
                    ],
                    [
                        80.44791666666643,
                        7.235416666666573
                    ],
                    [
                        80.44791666666643,
                        7.239583333333222
                    ],
                    [
                        80.4437499999996,
                        7.243749999999885
                    ],
                    [
                        80.4437499999996,
                        7.252083333333211
                    ],
                    [
                        80.43958333333305,
                        7.256249999999859
                    ],
                    [
                        80.44791666666643,
                        7.264583333333228
                    ]
                ]
            }
        },
        {
            "type": "Feature",
            "properties": {
                "HYRIV_ID": 41404560,
                "NEXT_DOWN": 41404559,
                "MAIN_RIV": 41404427,
                "LENGTH_KM": 2.07,
                "DIST_DN_KM": 93.400002,
                "DIST_UP_KM": 5.4,
                "CATCH_SKM": 7.0300002,
                "UPLAND_SKM": 7.0,
                "ENDORHEIC": 0,
                "DIS_AV_CMS": 0.218,
                "ORD_STRA": 1,
                "ORD_CLAS": 2,
                "ORD_FLOW": 7,
                "HYBAS_L12": 4121158070.0,
                "Shape_Length": 0.018750000000068212
            },
            "geometry": {
                "type": "LineString",
                "coordinates": [
                    [
                        80.47083333333299,
                        7.231249999999868
                    ],
                    [
                        80.45208333333292,
                        7.231249999999868
                    ]
                ]
            }
        },
        {
            "type": "Feature",
            "properties": {
                "HYRIV_ID": 41404576,
                "NEXT_DOWN": 41404303,
                "MAIN_RIV": 41404427,
                "LENGTH_KM": 13.42,
                "DIST_DN_KM": 17.6,
                "DIST_UP_KM": 15.5,
                "CATCH_SKM": 45.139999,
                "UPLAND_SKM": 45.099998,
                "ENDORHEIC": 0,
                "DIS_AV_CMS": 1.353,
                "ORD_STRA": 1,
                "ORD_CLAS": 2,
                "ORD_FLOW": 6,
                "HYBAS_L12": 4120049090.0,
                "Shape_Length": 0.12121617955018026
            },
            "geometry": {
                "type": "LineString",
                "coordinates": [
                    [
                        80.04999999999964,
                        7.224999999999888
                    ],
                    [
                        80.03958333333296,
                        7.235416666666573
                    ],
                    [
                        80.03958333333296,
                        7.239583333333222
                    ],
                    [
                        80.02708333333302,
                        7.252083333333211
                    ],
                    [
                        80.01458333333304,
                        7.252083333333211
                    ],
                    [
                        80.00624999999971,
                        7.260416666666565
                    ],
                    [
                        79.989583333333,
                        7.260416666666565
                    ],
                    [
                        79.98124999999968,
                        7.268749999999876
                    ],
                    [
                        79.98541666666634,
                        7.272916666666539
                    ],
                    [
                        79.98124999999968,
                        7.277083333333245
                    ],
                    [
                        79.98124999999968,
                        7.281249999999893
                    ],
                    [
                        79.9729166666663,
                        7.289583333333219
                    ],
                    [
                        79.9729166666663,
                        7.29375
                    ]
                ]
            }
        },
        {
            "type": "Feature",
            "properties": {
                "HYRIV_ID": 41404577,
                "NEXT_DOWN": 41404533,
                "MAIN_RIV": 41404427,
                "LENGTH_KM": 1.77,
                "DIST_DN_KM": 58.0,
                "DIST_UP_KM": 11.8,
                "CATCH_SKM": 2.77,
                "UPLAND_SKM": 41.3,
                "ENDORHEIC": 0,
                "DIS_AV_CMS": 1.3329999,
                "ORD_STRA": 2,
                "ORD_CLAS": 2,
                "ORD_FLOW": 6,
                "HYBAS_L12": 4121158080.0,
                "Shape_Length": 0.015951779686448047
            },
            "geometry": {
                "type": "LineString",
                "coordinates": [
                    [
                        80.20208333333298,
                        7.227083333333205
                    ],
                    [
                        80.20208333333298,
                        7.231249999999868
                    ],
                    [
                        80.2104166666663,
                        7.239583333333222
                    ]
                ]
            }
        },
        {
            "type": "Feature",
            "properties": {
                "HYRIV_ID": 41404578,
                "NEXT_DOWN": 41404533,
                "MAIN_RIV": 41404427,
                "LENGTH_KM": 2.0,
                "DIST_DN_KM": 58.0,
                "DIST_UP_KM": 4.7,
                "CATCH_SKM": 9.1599998,
                "UPLAND_SKM": 9.2,
                "ENDORHEIC": 0,
                "DIS_AV_CMS": 0.29,
                "ORD_STRA": 1,
                "ORD_CLAS": 3,
                "ORD_FLOW": 7,
                "HYBAS_L12": 4121158080.0,
                "Shape_Length": 0.018035113019765275
            },
            "geometry": {
                "type": "LineString",
                "coordinates": [
                    [
                        80.21874999999963,
                        7.224999999999888
                    ],
                    [
                        80.21874999999963,
                        7.231249999999868
                    ],
                    [
                        80.2104166666663,
                        7.239583333333222
                    ]
                ]
            }
        },
        {
            "type": "Feature",
            "properties": {
                "HYRIV_ID": 41404579,
                "NEXT_DOWN": 41404559,
                "MAIN_RIV": 41404427,
                "LENGTH_KM": 0.46,
                "DIST_DN_KM": 93.400002,
                "DIST_UP_KM": 25.8,
                "CATCH_SKM": 0.43,
                "UPLAND_SKM": 184.39999,
                "ENDORHEIC": 0,
                "DIS_AV_CMS": 6.006,
                "ORD_STRA": 3,
                "ORD_CLAS": 1,
                "ORD_FLOW": 6,
                "HYBAS_L12": 4121158070.0,
                "Shape_Length": 0.004166666666662877
            },
            "geometry": {
                "type": "LineString",
                "coordinates": [
                    [
                        80.45208333333292,
                        7.227083333333205
                    ],
                    [
                        80.45208333333292,
                        7.231249999999868
                    ]
                ]
            }
        },
        {
            "type": "Feature",
            "properties": {
                "HYRIV_ID": 41404585,
                "NEXT_DOWN": 41404366,
                "MAIN_RIV": 41404427,
                "LENGTH_KM": 7.85,
                "DIST_DN_KM": 41.099998,
                "DIST_UP_KM": 9.3,
                "CATCH_SKM": 20.870001,
                "UPLAND_SKM": 20.9,
                "ENDORHEIC": 0,
                "DIS_AV_CMS": 0.639,
                "ORD_STRA": 1,
                "ORD_CLAS": 2,
                "ORD_FLOW": 7,
                "HYBAS_L12": 4121601680.0,
                "Shape_Length": 0.07077200572608629
            },
            "geometry": {
                "type": "LineString",
                "coordinates": [
                    [
                        80.13541666666637,
                        7.220833333333225
                    ],
                    [
                        80.13541666666637,
                        7.227083333333205
                    ],
                    [
                        80.13124999999965,
                        7.231249999999868
                    ],
                    [
                        80.13124999999965,
                        7.256249999999859
                    ],
                    [
                        80.13541666666637,
                        7.260416666666565
                    ],
                    [
                        80.13124999999965,
                        7.264583333333228
                    ],
                    [
                        80.13124999999965,
                        7.268749999999876
                    ],
                    [
                        80.11874999999966,
                        7.281249999999893
                    ]
                ]
            }
        },
        {
            "type": "Feature",
            "properties": {
                "HYRIV_ID": 41404586,
                "NEXT_DOWN": 41404451,
                "MAIN_RIV": 41404427,
                "LENGTH_KM": 17.139999,
                "DIST_DN_KM": 63.5,
                "DIST_UP_KM": 20.200001,
                "CATCH_SKM": 50.889999,
                "UPLAND_SKM": 50.900002,
                "ENDORHEIC": 0,
                "DIS_AV_CMS": 1.5650001,
                "ORD_STRA": 1,
                "ORD_CLAS": 2,
                "ORD_FLOW": 6,
                "HYBAS_L12": 4121601730.0,
                "Shape_Length": 0.15511634192241242
            },
            "geometry": {
                "type": "LineString",
                "coordinates": [
                    [
                        80.3916666666664,
                        7.222916666666556
                    ],
                    [
                        80.38124999999965,
                        7.222916666666556
                    ],
                    [
                        80.37708333333299,
                        7.227083333333205
                    ],
                    [
                        80.37291666666633,
                        7.227083333333205
                    ],
                    [
                        80.36874999999966,
                        7.231249999999868
                    ],
                    [
                        80.36041666666628,
                        7.231249999999868
                    ],
                    [
                        80.35624999999962,
                        7.235416666666573
                    ],
                    [
                        80.35208333333296,
                        7.235416666666573
                    ],
                    [
                        80.34374999999963,
                        7.243749999999885
                    ],
                    [
                        80.34374999999963,
                        7.247916666666548
                    ],
                    [
                        80.33958333333297,
                        7.247916666666548
                    ],
                    [
                        80.3354166666663,
                        7.252083333333211
                    ],
                    [
                        80.31041666666627,
                        7.252083333333211
                    ],
                    [
                        80.30624999999961,
                        7.256249999999859
                    ],
                    [
                        80.2979166666664,
                        7.256249999999859
                    ],
                    [
                        80.29374999999973,
                        7.260416666666565
                    ],
                    [
                        80.26458333333298,
                        7.260416666666565
                    ],
                    [
                        80.26041666666632,
                        7.264583333333228
                    ],
                    [
                        80.25624999999965,
                        7.264583333333228
                    ]
                ]
            }
        },
        {
            "type": "Feature",
            "properties": {
                "HYRIV_ID": 41404593,
                "NEXT_DOWN": 41404579,
                "MAIN_RIV": 41404427,
                "LENGTH_KM": 3.37,
                "DIST_DN_KM": 93.900002,
                "DIST_UP_KM": 5.4,
                "CATCH_SKM": 6.6,
                "UPLAND_SKM": 6.6,
                "ENDORHEIC": 0,
                "DIS_AV_CMS": 0.207,
                "ORD_STRA": 1,
                "ORD_CLAS": 2,
                "ORD_FLOW": 7,
                "HYBAS_L12": 4121158070.0,
                "Shape_Length": 0.030535113019659603
            },
            "geometry": {
                "type": "LineString",
                "coordinates": [
                    [
                        80.42499999999964,
                        7.218749999999893
                    ],
                    [
                        80.43124999999961,
                        7.218749999999893
                    ],
                    [
                        80.43541666666627,
                        7.222916666666556
                    ],
                    [
                        80.4437499999996,
                        7.222916666666556
                    ],
                    [
                        80.44791666666643,
                        7.227083333333205
                    ],
                    [
                        80.45208333333292,
                        7.227083333333205
                    ]
                ]
            }
        },
        {
            "type": "Feature",
            "properties": {
                "HYRIV_ID": 41404594,
                "NEXT_DOWN": 41404549,
                "MAIN_RIV": 41404427,
                "LENGTH_KM": 4.9499998,
                "DIST_DN_KM": 96.199997,
                "DIST_UP_KM": 8.0,
                "CATCH_SKM": 17.040001,
                "UPLAND_SKM": 17.0,
                "ENDORHEIC": 0,
                "DIS_AV_CMS": 0.52700001,
                "ORD_STRA": 1,
                "ORD_CLAS": 2,
                "ORD_FLOW": 7,
                "HYBAS_L12": 4121158070.0,
                "Shape_Length": 0.04476100286307345
            },
            "geometry": {
                "type": "LineString",
                "coordinates": [
                    [
                        80.53124999999969,
                        7.216666666666562
                    ],
                    [
                        80.53124999999969,
                        7.222916666666556
                    ],
                    [
                        80.5229166666663,
                        7.231249999999868
                    ],
                    [
                        80.51458333333298,
                        7.231249999999868
                    ],
                    [
                        80.51041666666632,
                        7.235416666666573
                    ],
                    [
                        80.49791666666627,
                        7.235416666666573
                    ]
                ]
            }
        },
        {
            "type": "Feature",
            "properties": {
                "HYRIV_ID": 41404609,
                "NEXT_DOWN": 41404579,
                "MAIN_RIV": 41404427,
                "LENGTH_KM": 1.58,
                "DIST_DN_KM": 93.900002,
                "DIST_UP_KM": 25.4,
                "CATCH_SKM": 3.62,
                "UPLAND_SKM": 177.39999,
                "ENDORHEIC": 0,
                "DIS_AV_CMS": 5.789,
                "ORD_STRA": 3,
                "ORD_CLAS": 1,
                "ORD_FLOW": 6,
                "HYBAS_L12": 4121601750.0,
                "Shape_Length": 0.014225889843234274
            },
            "geometry": {
                "type": "LineString",
                "coordinates": [
                    [
                        80.45624999999964,
                        7.214583333333231
                    ],
                    [
                        80.45624999999964,
                        7.218749999999893
                    ],
                    [
                        80.45208333333292,
                        7.222916666666556
                    ],
                    [
                        80.45208333333292,
                        7.227083333333205
                    ]
                ]
            }
        },
        {
            "type": "Feature",
            "properties": {
                "HYRIV_ID": 41404628,
                "NEXT_DOWN": 41404367,
                "MAIN_RIV": 41404427,
                "LENGTH_KM": 10.29,
                "DIST_DN_KM": 48.8,
                "DIST_UP_KM": 11.5,
                "CATCH_SKM": 27.469999,
                "UPLAND_SKM": 27.5,
                "ENDORHEIC": 0,
                "DIS_AV_CMS": 0.85100001,
                "ORD_STRA": 1,
                "ORD_CLAS": 2,
                "ORD_FLOW": 7,
                "HYBAS_L12": 4121158080.0,
                "Shape_Length": 0.09276439986393449
            },
            "geometry": {
                "type": "LineString",
                "coordinates": [
                    [
                        80.17499999999964,
                        7.20833333333325
                    ],
                    [
                        80.16041666666635,
                        7.222916666666556
                    ],
                    [
                        80.16041666666635,
                        7.235416666666573
                    ],
                    [
                        80.16458333333307,
                        7.239583333333222
                    ],
                    [
                        80.16041666666635,
                        7.243749999999885
                    ],
                    [
                        80.16458333333307,
                        7.247916666666548
                    ],
                    [
                        80.16041666666635,
                        7.252083333333211
                    ],
                    [
                        80.16458333333307,
                        7.256249999999859
                    ],
                    [
                        80.16458333333307,
                        7.268749999999876
                    ],
                    [
                        80.1729166666664,
                        7.277083333333245
                    ],
                    [
                        80.16874999999962,
                        7.281249999999893
                    ]
                ]
            }
        },
        {
            "type": "Feature",
            "properties": {
                "HYRIV_ID": 41404629,
                "NEXT_DOWN": 41404577,
                "MAIN_RIV": 41404427,
                "LENGTH_KM": 3.57,
                "DIST_DN_KM": 59.599998,
                "DIST_UP_KM": 6.7,
                "CATCH_SKM": 8.7299995,
                "UPLAND_SKM": 8.7,
                "ENDORHEIC": 0,
                "DIS_AV_CMS": 0.278,
                "ORD_STRA": 1,
                "ORD_CLAS": 3,
                "ORD_FLOW": 7,
                "HYBAS_L12": 4121158080.0,
                "Shape_Length": 0.03226100286312085
            },
            "geometry": {
                "type": "LineString",
                "coordinates": [
                    [
                        80.1895833333331,
                        7.20833333333325
                    ],
                    [
                        80.1895833333331,
                        7.214583333333231
                    ],
                    [
                        80.18541666666627,
                        7.218749999999893
                    ],
                    [
                        80.1937499999996,
                        7.227083333333205
                    ],
                    [
                        80.20208333333298,
                        7.227083333333205
                    ]
                ]
            }
        },
        {
            "type": "Feature",
            "properties": {
                "HYRIV_ID": 41404630,
                "NEXT_DOWN": 41404549,
                "MAIN_RIV": 41404427,
                "LENGTH_KM": 3.86,
                "DIST_DN_KM": 96.199997,
                "DIST_UP_KM": 6.8,
                "CATCH_SKM": 9.58,
                "UPLAND_SKM": 9.6,
                "ENDORHEIC": 0,
                "DIS_AV_CMS": 0.3,
                "ORD_STRA": 1,
                "ORD_CLAS": 3,
                "ORD_FLOW": 7,
                "HYBAS_L12": 4121158070.0,
                "Shape_Length": 0.0348498376278398
            },
            "geometry": {
                "type": "LineString",
                "coordinates": [
                    [
                        80.51666666666628,
                        7.20833333333325
                    ],
                    [
                        80.51041666666632,
                        7.214583333333231
                    ],
                    [
                        80.51041666666632,
                        7.218749999999893
                    ],
                    [
                        80.49791666666627,
                        7.231249999999868
                    ],
                    [
                        80.49791666666627,
                        7.235416666666573
                    ]
                ]
            }
        },
        {
            "type": "Feature",
            "properties": {
                "HYRIV_ID": 41404644,
                "NEXT_DOWN": 41404609,
                "MAIN_RIV": 41404427,
                "LENGTH_KM": 4.4899998,
                "DIST_DN_KM": 95.5,
                "DIST_UP_KM": 6.8,
                "CATCH_SKM": 15.76,
                "UPLAND_SKM": 15.8,
                "ENDORHEIC": 0,
                "DIS_AV_CMS": 0.50199997,
                "ORD_STRA": 1,
                "ORD_CLAS": 2,
                "ORD_FLOW": 7,
                "HYBAS_L12": 4121601750.0,
                "Shape_Length": 0.040594336196381434
            },
            "geometry": {
                "type": "LineString",
                "coordinates": [
                    [
                        80.42499999999964,
                        7.206249999999876
                    ],
                    [
                        80.43541666666627,
                        7.206249999999876
                    ],
                    [
                        80.43958333333305,
                        7.210416666666582
                    ],
                    [
                        80.4437499999996,
                        7.206249999999876
                    ],
                    [
                        80.45208333333292,
                        7.206249999999876
                    ],
                    [
                        80.45624999999964,
                        7.210416666666582
                    ],
                    [
                        80.45624999999964,
                        7.214583333333231
                    ]
                ]
            }
        },
        {
            "type": "Feature",
            "properties": {
                "HYRIV_ID": 41404645,
                "NEXT_DOWN": 41404609,
                "MAIN_RIV": 41404427,
                "LENGTH_KM": 1.76,
                "DIST_DN_KM": 95.699997,
                "DIST_UP_KM": 23.6,
                "CATCH_SKM": 2.77,
                "UPLAND_SKM": 158.0,
                "ENDORHEIC": 0,
                "DIS_AV_CMS": 5.184,
                "ORD_STRA": 3,
                "ORD_CLAS": 1,
                "ORD_FLOW": 6,
                "HYBAS_L12": 4121601750.0,
                "Shape_Length": 0.015951779686448047
            },
            "geometry": {
                "type": "LineString",
                "coordinates": [
                    [
                        80.46874999999963,
                        7.206249999999876
                    ],
                    [
                        80.46458333333297,
                        7.210416666666582
                    ],
                    [
                        80.4604166666663,
                        7.210416666666582
                    ],
                    [
                        80.45624999999964,
                        7.214583333333231
                    ]
                ]
            }
        },
        {
            "type": "Feature",
            "properties": {
                "HYRIV_ID": 41404683,
                "NEXT_DOWN": 41404577,
                "MAIN_RIV": 41404427,
                "LENGTH_KM": 4.0,
                "DIST_DN_KM": 59.599998,
                "DIST_UP_KM": 10.2,
                "CATCH_SKM": 8.7299995,
                "UPLAND_SKM": 29.8,
                "ENDORHEIC": 0,
                "DIS_AV_CMS": 0.97100002,
                "ORD_STRA": 2,
                "ORD_CLAS": 2,
                "ORD_FLOW": 7,
                "HYBAS_L12": 4121158080.0,
                "Shape_Length": 0.036070226039510454
            },
            "geometry": {
                "type": "LineString",
                "coordinates": [
                    [
                        80.21874999999963,
                        7.197916666666565
                    ],
                    [
                        80.21458333333297,
                        7.202083333333213
                    ],
                    [
                        80.21458333333297,
                        7.206249999999876
                    ],
                    [
                        80.2104166666663,
                        7.210416666666582
                    ],
                    [
                        80.2104166666663,
                        7.214583333333231
                    ],
                    [
                        80.20208333333298,
                        7.222916666666556
                    ],
                    [
                        80.20208333333298,
                        7.227083333333205
                    ]
                ]
            }
        },
        {
            "type": "Feature",
            "properties": {
                "HYRIV_ID": 41404710,
                "NEXT_DOWN": 41404645,
                "MAIN_RIV": 41404427,
                "LENGTH_KM": 3.8,
                "DIST_DN_KM": 97.199997,
                "DIST_UP_KM": 12.5,
                "CATCH_SKM": 11.29,
                "UPLAND_SKM": 46.0,
                "ENDORHEIC": 0,
                "DIS_AV_CMS": 1.475,
                "ORD_STRA": 2,
                "ORD_CLAS": 2,
                "ORD_FLOW": 6,
                "HYBAS_L12": 4121601750.0,
                "Shape_Length": 0.03434433619630572
            },
            "geometry": {
                "type": "LineString",
                "coordinates": [
                    [
                        80.49791666666627,
                        7.19375
                    ],
                    [
                        80.49374999999966,
                        7.197916666666565
                    ],
                    [
                        80.48958333333294,
                        7.197916666666565
                    ],
                    [
                        80.48541666666628,
                        7.202083333333213
                    ],
                    [
                        80.48124999999962,
                        7.202083333333213
                    ],
                    [
                        80.47708333333296,
                        7.206249999999876
                    ],
                    [
                        80.46874999999963,
                        7.206249999999876
                    ]
                ]
            }
        },
        {
            "type": "Feature",
            "properties": {
                "HYRIV_ID": 41404756,
                "NEXT_DOWN": 41404683,
                "MAIN_RIV": 41404427,
                "LENGTH_KM": 2.6500001,
                "DIST_DN_KM": 63.8,
                "DIST_UP_KM": 4.9,
                "CATCH_SKM": 9.58,
                "UPLAND_SKM": 9.6,
                "ENDORHEIC": 0,
                "DIS_AV_CMS": 0.315,
                "ORD_STRA": 1,
                "ORD_CLAS": 3,
                "ORD_FLOW": 7,
                "HYBAS_L12": 4121158080.0,
                "Shape_Length": 0.02392766952966202
            },
            "geometry": {
                "type": "LineString",
                "coordinates": [
                    [
                        80.23124999999962,
                        7.179166666666553
                    ],
                    [
                        80.23124999999962,
                        7.185416666666548
                    ],
                    [
                        80.21874999999963,
                        7.197916666666565
                    ]
                ]
            }
        },
        {
            "type": "Feature",
            "properties": {
                "HYRIV_ID": 41404771,
                "NEXT_DOWN": 41404710,
                "MAIN_RIV": 41404427,
                "LENGTH_KM": 2.46,
                "DIST_DN_KM": 101.0,
                "DIST_UP_KM": 4.7,
                "CATCH_SKM": 5.75,
                "UPLAND_SKM": 5.8,
                "ENDORHEIC": 0,
                "DIS_AV_CMS": 0.186,
                "ORD_STRA": 1,
                "ORD_CLAS": 3,
                "ORD_FLOW": 7,
                "HYBAS_L12": 4121601750.0,
                "Shape_Length": 0.022201779686361976
            },
            "geometry": {
                "type": "LineString",
                "coordinates": [
                    [
                        80.49791666666627,
                        7.174999999999891
                    ],
                    [
                        80.49791666666627,
                        7.181249999999885
                    ],
                    [
                        80.49374999999966,
                        7.185416666666548
                    ],
                    [
                        80.49791666666627,
                        7.189583333333239
                    ],
                    [
                        80.49791666666627,
                        7.19375
                    ]
                ]
            }
        },
        {
            "type": "Feature",
            "properties": {
                "HYRIV_ID": 41404786,
                "NEXT_DOWN": 41404683,
                "MAIN_RIV": 41404427,
                "LENGTH_KM": 3.86,
                "DIST_DN_KM": 63.8,
                "DIST_UP_KM": 6.0,
                "CATCH_SKM": 11.5,
                "UPLAND_SKM": 11.5,
                "ENDORHEIC": 0,
                "DIS_AV_CMS": 0.37900001,
                "ORD_STRA": 1,
                "ORD_CLAS": 2,
                "ORD_FLOW": 7,
                "HYBAS_L12": 4121158080.0,
                "Shape_Length": 0.034849837627875836
            },
            "geometry": {
                "type": "LineString",
                "coordinates": [
                    [
                        80.22083333333305,
                        7.170833333333242
                    ],
                    [
                        80.2104166666663,
                        7.181249999999885
                    ],
                    [
                        80.2104166666663,
                        7.189583333333239
                    ],
                    [
                        80.21874999999963,
                        7.197916666666565
                    ]
                ]
            }
        },
        {
            "type": "Feature",
            "properties": {
                "HYRIV_ID": 41404794,
                "NEXT_DOWN": 41404795,
                "MAIN_RIV": 41404427,
                "LENGTH_KM": 3.37,
                "DIST_DN_KM": 102.0,
                "DIST_UP_KM": 5.2,
                "CATCH_SKM": 12.99,
                "UPLAND_SKM": 13.0,
                "ENDORHEIC": 0,
                "DIS_AV_CMS": 0.42300001,
                "ORD_STRA": 1,
                "ORD_CLAS": 2,
                "ORD_FLOW": 7,
                "HYBAS_L12": 4121601750.0,
                "Shape_Length": 0.030535113019756345
            },
            "geometry": {
                "type": "LineString",
                "coordinates": [
                    [
                        80.43333333333297,
                        7.172916666666573
                    ],
                    [
                        80.4437499999996,
                        7.172916666666573
                    ],
                    [
                        80.44791666666643,
                        7.177083333333222
                    ],
                    [
                        80.45208333333292,
                        7.172916666666573
                    ],
                    [
                        80.4604166666663,
                        7.172916666666573
                    ]
                ]
            }
        },
        {
            "type": "Feature",
            "properties": {
                "HYRIV_ID": 41404795,
                "NEXT_DOWN": 41404645,
                "MAIN_RIV": 41404427,
                "LENGTH_KM": 4.73,
                "DIST_DN_KM": 97.199997,
                "DIST_UP_KM": 22.0,
                "CATCH_SKM": 13.42,
                "UPLAND_SKM": 109.3,
                "ENDORHEIC": 0,
                "DIS_AV_CMS": 3.6300001,
                "ORD_STRA": 3,
                "ORD_CLAS": 1,
                "ORD_FLOW": 6,
                "HYBAS_L12": 4121601750.0,
                "Shape_Length": 0.04267766952962071
            },
            "geometry": {
                "type": "LineString",
                "coordinates": [
                    [
                        80.4604166666663,
                        7.172916666666573
                    ],
                    [
                        80.46458333333297,
                        7.177083333333222
                    ],
                    [
                        80.46874999999963,
                        7.177083333333222
                    ],
                    [
                        80.4729166666663,
                        7.181249999999885
                    ],
                    [
                        80.4729166666663,
                        7.185416666666548
                    ],
                    [
                        80.46874999999963,
                        7.189583333333239
                    ],
                    [
                        80.46874999999963,
                        7.206249999999876
                    ]
                ]
            }
        },
        {
            "type": "Feature",
            "properties": {
                "HYRIV_ID": 41404796,
                "NEXT_DOWN": 41404710,
                "MAIN_RIV": 41404427,
                "LENGTH_KM": 2.8800001,
                "DIST_DN_KM": 101.2,
                "DIST_UP_KM": 8.5,
                "CATCH_SKM": 5.54,
                "UPLAND_SKM": 29.0,
                "ENDORHEIC": 0,
                "DIS_AV_CMS": 0.93800002,
                "ORD_STRA": 2,
                "ORD_CLAS": 2,
                "ORD_FLOW": 7,
                "HYBAS_L12": 4121601750.0,
                "Shape_Length": 0.026011002863019446
            },
            "geometry": {
                "type": "LineString",
                "coordinates": [
                    [
                        80.51041666666632,
                        7.172916666666573
                    ],
                    [
                        80.51041666666632,
                        7.177083333333222
                    ],
                    [
                        80.50624999999965,
                        7.181249999999885
                    ],
                    [
                        80.50624999999965,
                        7.185416666666548
                    ],
                    [
                        80.49791666666627,
                        7.19375
                    ]
                ]
            }
        },
        {
            "type": "Feature",
            "properties": {
                "HYRIV_ID": 41404797,
                "NEXT_DOWN": 41404796,
                "MAIN_RIV": 41404427,
                "LENGTH_KM": 0.92,
                "DIST_DN_KM": 103.9,
                "DIST_UP_KM": 4.4,
                "CATCH_SKM": 0.85,
                "UPLAND_SKM": 12.8,
                "ENDORHEIC": 0,
                "DIS_AV_CMS": 0.41,
                "ORD_STRA": 2,
                "ORD_CLAS": 3,
                "ORD_FLOW": 7,
                "HYBAS_L12": 4121601750.0,
                "Shape_Length": 0.008333333333325754
            },
            "geometry": {
                "type": "LineString",
                "coordinates": [
                    [
                        80.51874999999964,
                        7.172916666666573
                    ],
                    [
                        80.51041666666632,
                        7.172916666666573
                    ]
                ]
            }
        },
        {
            "type": "Feature",
            "properties": {
                "HYRIV_ID": 41404798,
                "NEXT_DOWN": 41404797,
                "MAIN_RIV": 41404427,
                "LENGTH_KM": 0.98,
                "DIST_DN_KM": 105.0,
                "DIST_UP_KM": 3.3,
                "CATCH_SKM": 4.9,
                "UPLAND_SKM": 4.9,
                "ENDORHEIC": 0,
                "DIS_AV_CMS": 0.156,
                "ORD_STRA": 1,
                "ORD_CLAS": 3,
                "ORD_FLOW": 7,
                "HYBAS_L12": 4121601750.0,
                "Shape_Length": 0.00883883476479366
            },
            "geometry": {
                "type": "LineString",
                "coordinates": [
                    [
                        80.52499999999961,
                        7.179166666666553
                    ],
                    [
                        80.51874999999964,
                        7.172916666666573
                    ]
                ]
            }
        },
        {
            "type": "Feature",
            "properties": {
                "HYRIV_ID": 41404810,
                "NEXT_DOWN": 41404797,
                "MAIN_RIV": 41404427,
                "LENGTH_KM": 1.4400001,
                "DIST_DN_KM": 104.8,
                "DIST_UP_KM": 3.1,
                "CATCH_SKM": 7.0300002,
                "UPLAND_SKM": 7.0,
                "ENDORHEIC": 0,
                "DIS_AV_CMS": 0.227,
                "ORD_STRA": 1,
                "ORD_CLAS": 4,
                "ORD_FLOW": 7,
                "HYBAS_L12": 4121601750.0,
                "Shape_Length": 0.01300550143149673
            },
            "geometry": {
                "type": "LineString",
                "coordinates": [
                    [
                        80.52916666666627,
                        7.166666666666536
                    ],
                    [
                        80.5229166666663,
                        7.172916666666573
                    ],
                    [
                        80.51874999999964,
                        7.172916666666573
                    ]
                ]
            }
        },
        {
            "type": "Feature",
            "properties": {
                "HYRIV_ID": 41404887,
                "NEXT_DOWN": 41404795,
                "MAIN_RIV": 41404427,
                "LENGTH_KM": 3.1600001,
                "DIST_DN_KM": 102.0,
                "DIST_UP_KM": 17.3,
                "CATCH_SKM": 10.86,
                "UPLAND_SKM": 82.900002,
                "ENDORHEIC": 0,
                "DIS_AV_CMS": 2.793,
                "ORD_STRA": 3,
                "ORD_CLAS": 1,
                "ORD_FLOW": 6,
                "HYBAS_L12": 4121601750.0,
                "Shape_Length": 0.028451779686469263
            },
            "geometry": {
                "type": "LineString",
                "coordinates": [
                    [
                        80.46874999999963,
                        7.147916666666539
                    ],
                    [
                        80.46458333333297,
                        7.152083333333231
                    ],
                    [
                        80.46458333333297,
                        7.160416666666556
                    ],
                    [
                        80.4604166666663,
                        7.164583333333205
                    ],
                    [
                        80.4604166666663,
                        7.172916666666573
                    ]
                ]
            }
        },
        {
            "type": "Feature",
            "properties": {
                "HYRIV_ID": 41404907,
                "NEXT_DOWN": 41404887,
                "MAIN_RIV": 41404427,
                "LENGTH_KM": 1.11,
                "DIST_DN_KM": 105.3,
                "DIST_UP_KM": 14.0,
                "CATCH_SKM": 0.85,
                "UPLAND_SKM": 63.900002,
                "ENDORHEIC": 0,
                "DIS_AV_CMS": 2.1700001,
                "ORD_STRA": 3,
                "ORD_CLAS": 1,
                "ORD_FLOW": 6,
                "HYBAS_L12": 4121601750.0,
                "Shape_Length": 0.010059223176545413
            },
            "geometry": {
                "type": "LineString",
                "coordinates": [
                    [
                        80.47708333333296,
                        7.143749999999876
                    ],
                    [
                        80.4729166666663,
                        7.143749999999876
                    ],
                    [
                        80.46874999999963,
                        7.147916666666539
                    ]
                ]
            }
        },
        {
            "type": "Feature",
            "properties": {
                "HYRIV_ID": 41404908,
                "NEXT_DOWN": 41404796,
                "MAIN_RIV": 41404427,
                "LENGTH_KM": 4.33,
                "DIST_DN_KM": 104.1,
                "DIST_UP_KM": 5.6,
                "CATCH_SKM": 10.65,
                "UPLAND_SKM": 10.7,
                "ENDORHEIC": 0,
                "DIS_AV_CMS": 0.35,
                "ORD_STRA": 1,
                "ORD_CLAS": 2,
                "ORD_FLOW": 7,
                "HYBAS_L12": 4121601750.0,
                "Shape_Length": 0.03901650429450095
            },
            "geometry": {
                "type": "LineString",
                "coordinates": [
                    [
                        80.52916666666627,
                        7.141666666666545
                    ],
                    [
                        80.5229166666663,
                        7.147916666666539
                    ],
                    [
                        80.5229166666663,
                        7.152083333333231
                    ],
                    [
                        80.51874999999964,
                        7.156249999999893
                    ],
                    [
                        80.51874999999964,
                        7.160416666666556
                    ],
                    [
                        80.51458333333298,
                        7.164583333333205
                    ],
                    [
                        80.51458333333298,
                        7.16875
                    ],
                    [
                        80.51041666666632,
                        7.172916666666573
                    ]
                ]
            }
        },
        {
            "type": "Feature",
            "properties": {
                "HYRIV_ID": 41404923,
                "NEXT_DOWN": 41404887,
                "MAIN_RIV": 41404427,
                "LENGTH_KM": 3.0,
                "DIST_DN_KM": 105.1,
                "DIST_UP_KM": 5.0,
                "CATCH_SKM": 8.0900002,
                "UPLAND_SKM": 8.1,
                "ENDORHEIC": 0,
                "DIS_AV_CMS": 0.273,
                "ORD_STRA": 1,
                "ORD_CLAS": 2,
                "ORD_FLOW": 7,
                "HYBAS_L12": 4121601750.0,
                "Shape_Length": 0.02708333333328028
            },
            "geometry": {
                "type": "LineString",
                "coordinates": [
                    [
                        80.44999999999968,
                        7.139583333333213
                    ],
                    [
                        80.46874999999963,
                        7.139583333333213
                    ],
                    [
                        80.46874999999963,
                        7.147916666666539
                    ]
                ]
            }
        },
        {
            "type": "Feature",
            "properties": {
                "HYRIV_ID": 41404936,
                "NEXT_DOWN": 41404907,
                "MAIN_RIV": 41404427,
                "LENGTH_KM": 1.12,
                "DIST_DN_KM": 106.2,
                "DIST_UP_KM": 13.0,
                "CATCH_SKM": 1.7,
                "UPLAND_SKM": 42.599998,
                "ENDORHEIC": 0,
                "DIS_AV_CMS": 1.462,
                "ORD_STRA": 3,
                "ORD_CLAS": 1,
                "ORD_FLOW": 6,
                "HYBAS_L12": 4121601750.0,
                "Shape_Length": 0.010059223176545413
            },
            "geometry": {
                "type": "LineString",
                "coordinates": [
                    [
                        80.4729166666663,
                        7.135416666666551
                    ],
                    [
                        80.47708333333296,
                        7.139583333333213
                    ],
                    [
                        80.47708333333296,
                        7.143749999999876
                    ]
                ]
            }
        },
        {
            "type": "Feature",
            "properties": {
                "HYRIV_ID": 41404950,
                "NEXT_DOWN": 41404936,
                "MAIN_RIV": 41404427,
                "LENGTH_KM": 0.98,
                "DIST_DN_KM": 107.6,
                "DIST_UP_KM": 3.7,
                "CATCH_SKM": 5.33,
                "UPLAND_SKM": 5.3,
                "ENDORHEIC": 0,
                "DIS_AV_CMS": 0.182,
                "ORD_STRA": 1,
                "ORD_CLAS": 2,
                "ORD_FLOW": 7,
                "HYBAS_L12": 4121601750.0,
                "Shape_Length": 0.008838834764823805
            },
            "geometry": {
                "type": "LineString",
                "coordinates": [
                    [
                        80.46666666666633,
                        7.129166666666528
                    ],
                    [
                        80.4729166666663,
                        7.135416666666551
                    ]
                ]
            }
        },
        {
            "type": "Feature",
            "properties": {
                "HYRIV_ID": 41405003,
                "NEXT_DOWN": 41404907,
                "MAIN_RIV": 41404427,
                "LENGTH_KM": 7.1900001,
                "DIST_DN_KM": 106.2,
                "DIST_UP_KM": 10.1,
                "CATCH_SKM": 20.450001,
                "UPLAND_SKM": 20.4,
                "ENDORHEIC": 0,
                "DIS_AV_CMS": 0.68300003,
                "ORD_STRA": 1,
                "ORD_CLAS": 2,
                "ORD_FLOW": 7,
                "HYBAS_L12": 4121601750.0,
                "Shape_Length": 0.06487944921609322
            },
            "geometry": {
                "type": "LineString",
                "coordinates": [
                    [
                        80.51458333333298,
                        7.112499999999891
                    ],
                    [
                        80.51458333333298,
                        7.118749999999885
                    ],
                    [
                        80.50208333333299,
                        7.13125
                    ],
                    [
                        80.50208333333299,
                        7.143749999999876
                    ],
                    [
                        80.49791666666627,
                        7.147916666666539
                    ],
                    [
                        80.48958333333294,
                        7.147916666666539
                    ],
                    [
                        80.48541666666628,
                        7.143749999999876
                    ],
                    [
                        80.47708333333296,
                        7.143749999999876
                    ]
                ]
            }
        },
        {
            "type": "Feature",
            "properties": {
                "HYRIV_ID": 41405024,
                "NEXT_DOWN": 41404936,
                "MAIN_RIV": 41404427,
                "LENGTH_KM": 3.73,
                "DIST_DN_KM": 107.6,
                "DIST_UP_KM": 11.7,
                "CATCH_SKM": 8.5200005,
                "UPLAND_SKM": 35.599998,
                "ENDORHEIC": 0,
                "DIS_AV_CMS": 1.224,
                "ORD_STRA": 3,
                "ORD_CLAS": 1,
                "ORD_FLOW": 6,
                "HYBAS_L12": 4121601750.0,
                "Shape_Length": 0.033629449216125804
            },
            "geometry": {
                "type": "LineString",
                "coordinates": [
                    [
                        80.49374999999966,
                        7.110416666666559
                    ],
                    [
                        80.48124999999962,
                        7.122916666666534
                    ],
                    [
                        80.48124999999962,
                        7.127083333333196
                    ],
                    [
                        80.4729166666663,
                        7.135416666666551
                    ]
                ]
            }
        },
        {
            "type": "Feature",
            "properties": {
                "HYRIV_ID": 41405054,
                "NEXT_DOWN": 41405024,
                "MAIN_RIV": 41404427,
                "LENGTH_KM": 1.12,
                "DIST_DN_KM": 111.3,
                "DIST_UP_KM": 4.9,
                "CATCH_SKM": 2.56,
                "UPLAND_SKM": 12.4,
                "ENDORHEIC": 0,
                "DIS_AV_CMS": 0.428,
                "ORD_STRA": 2,
                "ORD_CLAS": 2,
                "ORD_FLOW": 7,
                "HYBAS_L12": 4121601750.0,
                "Shape_Length": 0.010059223176537804
            },
            "geometry": {
                "type": "LineString",
                "coordinates": [
                    [
                        80.49791666666627,
                        7.102083333333205
                    ],
                    [
                        80.49791666666627,
                        7.10625
                    ],
                    [
                        80.49374999999966,
                        7.110416666666559
                    ]
                ]
            }
        },
        {
            "type": "Feature",
            "properties": {
                "HYRIV_ID": 41405055,
                "NEXT_DOWN": 41405054,
                "MAIN_RIV": 41404427,
                "LENGTH_KM": 0.69,
                "DIST_DN_KM": 112.2,
                "DIST_UP_KM": 4.0,
                "CATCH_SKM": 6.39,
                "UPLAND_SKM": 6.4,
                "ENDORHEIC": 0,
                "DIS_AV_CMS": 0.221,
                "ORD_STRA": 1,
                "ORD_CLAS": 2,
                "ORD_FLOW": 7,
                "HYBAS_L12": 4121601750.0,
                "Shape_Length": 0.006250000000136424
            },
            "geometry": {
                "type": "LineString",
                "coordinates": [
                    [
                        80.5041666666664,
                        7.102083333333205
                    ],
                    [
                        80.49791666666627,
                        7.102083333333205
                    ]
                ]
            }
        },
        {
            "type": "Feature",
            "properties": {
                "HYRIV_ID": 41405079,
                "NEXT_DOWN": 41405080,
                "MAIN_RIV": 41404427,
                "LENGTH_KM": 0.69,
                "DIST_DN_KM": 114.2,
                "DIST_UP_KM": 2.0,
                "CATCH_SKM": 3.4100001,
                "UPLAND_SKM": 3.4,
                "ENDORHEIC": 0,
                "DIS_AV_CMS": 0.118,
                "ORD_STRA": 1,
                "ORD_CLAS": 2,
                "ORD_FLOW": 7,
                "HYBAS_L12": 4121601750.0,
                "Shape_Length": 0.006249999999965894
            },
            "geometry": {
                "type": "LineString",
                "coordinates": [
                    [
                        80.47083333333299,
                        7.097916666666542
                    ],
                    [
                        80.47708333333296,
                        7.097916666666542
                    ]
                ]
            }
        },
        {
            "type": "Feature",
            "properties": {
                "HYRIV_ID": 41405080,
                "NEXT_DOWN": 41405024,
                "MAIN_RIV": 41404427,
                "LENGTH_KM": 3.07,
                "DIST_DN_KM": 111.1,
                "DIST_UP_KM": 8.2,
                "CATCH_SKM": 5.1100001,
                "UPLAND_SKM": 14.7,
                "ENDORHEIC": 0,
                "DIS_AV_CMS": 0.51099998,
                "ORD_STRA": 2,
                "ORD_CLAS": 1,
                "ORD_FLOW": 7,
                "HYBAS_L12": 4121601750.0,
                "Shape_Length": 0.027736892706249152
            },
            "geometry": {
                "type": "LineString",
                "coordinates": [
                    [
                        80.47708333333296,
                        7.097916666666542
                    ],
                    [
                        80.48124999999962,
                        7.102083333333205
                    ],
                    [
                        80.48541666666628,
                        7.097916666666542
                    ],
                    [
                        80.49374999999966,
                        7.10625
                    ],
                    [
                        80.49374999999966,
                        7.110416666666559
                    ]
                ]
            }
        },
        {
            "type": "Feature",
            "properties": {
                "HYRIV_ID": 41405081,
                "NEXT_DOWN": 41405054,
                "MAIN_RIV": 41404427,
                "LENGTH_KM": 0.98,
                "DIST_DN_KM": 112.4,
                "DIST_UP_KM": 3.4,
                "CATCH_SKM": 3.4100001,
                "UPLAND_SKM": 3.4,
                "ENDORHEIC": 0,
                "DIS_AV_CMS": 0.119,
                "ORD_STRA": 1,
                "ORD_CLAS": 3,
                "ORD_FLOW": 7,
                "HYBAS_L12": 4121601750.0,
                "Shape_Length": 0.00883883476492429
            },
            "geometry": {
                "type": "LineString",
                "coordinates": [
                    [
                        80.5041666666664,
                        7.095833333333211
                    ],
                    [
                        80.49791666666627,
                        7.102083333333205
                    ]
                ]
            }
        },
        {
            "type": "Feature",
            "properties": {
                "HYRIV_ID": 41405139,
                "NEXT_DOWN": 41405080,
                "MAIN_RIV": 41404427,
                "LENGTH_KM": 2.56,
                "DIST_DN_KM": 114.2,
                "DIST_UP_KM": 5.1,
                "CATCH_SKM": 6.1799998,
                "UPLAND_SKM": 6.2,
                "ENDORHEIC": 0,
                "DIS_AV_CMS": 0.217,
                "ORD_STRA": 1,
                "ORD_CLAS": 1,
                "ORD_FLOW": 7,
                "HYBAS_L12": 4121601750.0,
                "Shape_Length": 0.02306472460806813
            },
            "geometry": {
                "type": "LineString",
                "coordinates": [
                    [
                        80.47916666666637,
                        7.079166666666588
                    ],
                    [
                        80.4729166666663,
                        7.085416666666568
                    ],
                    [
                        80.4729166666663,
                        7.089583333333231
                    ],
                    [
                        80.47708333333296,
                        7.093749999999893
                    ],
                    [
                        80.47708333333296,
                        7.097916666666542
                    ]
                ]
            }
        }
    ]
}