{
    "type": "FeatureCollection",
    "features": [
        {
            "type": "Feature",
            "properties": {
                "HYRIV_ID": 41401175,
                "NEXT_DOWN": 41401330,
                "MAIN_RIV": 41401373,
                "LENGTH_KM": 0.69,
                "DIST_DN_KM": 25.700001,
                "DIST_UP_KM": 5.1,
                "CATCH_SKM": 10.84,
                "UPLAND_SKM": 10.8,
                "ENDORHEIC": 0,
                "DIS_AV_CMS": 0.14,
                "ORD_STRA": 1,
                "ORD_CLAS": 4,
                "ORD_FLOW": 7,
                "HYBAS_L12": 4121156690.0,
                "Shape_Length": 0.006249999999994316
            },
            "geometry": {
                "type": "LineString",
                "coordinates": [
                    [
                        79.97708333333296,
                        8.13333333333319
                    ],
                    [
                        79.97708333333296,
                        8.127083333333196
                    ]
                ]
            }
        },
        {
            "type": "Feature",
            "properties": {
                "HYRIV_ID": 41401204,
                "NEXT_DOWN": 41401330,
                "MAIN_RIV": 41401373,
                "LENGTH_KM": 7.35,
                "DIST_DN_KM": 25.9,
                "DIST_UP_KM": 10.9,
                "CATCH_SKM": 36.34,
                "UPLAND_SKM": 36.3,
                "ENDORHEIC": 0,
                "DIS_AV_CMS": 0.489,
                "ORD_STRA": 1,
                "ORD_CLAS": 3,
                "ORD_FLOW": 7,
                "HYBAS_L12": 4121156690.0,
                "Shape_Length": 0.06660533905929522
            },
            "geometry": {
                "type": "LineString",
                "coordinates": [
                    [
                        80.03333333333299,
                        8.127083333333196
                    ],
                    [
                        80.0187499999997,
                        8.127083333333196
                    ],
                    [
                        80.01458333333304,
                        8.122916666666548
                    ],
                    [
                        80.01041666666637,
                        8.122916666666548
                    ],
                    [
                        80.00624999999971,
                        8.118749999999885
                    ],
                    [
                        80.00208333333299,
                        8.118749999999885
                    ],
                    [
                        79.99791666666633,
                        8.122916666666548
                    ],
                    [
                        79.99374999999966,
                        8.122916666666548
                    ],
                    [
                        79.989583333333,
                        8.127083333333196
                    ],
                    [
                        79.98541666666634,
                        8.127083333333196
                    ],
                    [
                        79.98124999999968,
                        8.122916666666548
                    ],
                    [
                        79.97708333333296,
                        8.127083333333196
                    ]
                ]
            }
        },
        {
            "type": "Feature",
            "properties": {
                "HYRIV_ID": 41401313,
                "NEXT_DOWN": 41401355,
                "MAIN_RIV": 41401373,
                "LENGTH_KM": 7.37,
                "DIST_DN_KM": 11.2,
                "DIST_UP_KM": 11.5,
                "CATCH_SKM": 22.74,
                "UPLAND_SKM": 22.700001,
                "ENDORHEIC": 0,
                "DIS_AV_CMS": 0.28400001,
                "ORD_STRA": 1,
                "ORD_CLAS": 2,
                "ORD_FLOW": 7,
                "HYBAS_L12": 4120049200.0,
                "Shape_Length": 0.06660533905919201
            },
            "geometry": {
                "type": "LineString",
                "coordinates": [
                    [
                        79.92083333333298,
                        8.135416666666565
                    ],
                    [
                        79.91458333333296,
                        8.135416666666565
                    ],
                    [
                        79.91458333333296,
                        8.13124999999986
                    ],
                    [
                        79.90624999999974,
                        8.122916666666548
                    ],
                    [
                        79.9104166666663,
                        8.118749999999885
                    ],
                    [
                        79.9104166666663,
                        8.11458333333318
                    ],
                    [
                        79.90624999999974,
                        8.110416666666573
                    ],
                    [
                        79.90208333333308,
                        8.110416666666573
                    ],
                    [
                        79.89791666666636,
                        8.106249999999868
                    ],
                    [
                        79.89791666666636,
                        8.102083333333205
                    ],
                    [
                        79.8937499999997,
                        8.097916666666556
                    ],
                    [
                        79.8937499999997,
                        8.09374999999985
                    ],
                    [
                        79.88958333333304,
                        8.09374999999985
                    ]
                ]
            }
        },
        {
            "type": "Feature",
            "properties": {
                "HYRIV_ID": 41401330,
                "NEXT_DOWN": 41401358,
                "MAIN_RIV": 41401373,
                "LENGTH_KM": 5.7600002,
                "DIST_DN_KM": 19.9,
                "DIST_UP_KM": 16.9,
                "CATCH_SKM": 21.040001,
                "UPLAND_SKM": 68.199997,
                "ENDORHEIC": 0,
                "DIS_AV_CMS": 0.885,
                "ORD_STRA": 2,
                "ORD_CLAS": 3,
                "ORD_FLOW": 7,
                "HYBAS_L12": 4121156690.0,
                "Shape_Length": 0.05202200572597687
            },
            "geometry": {
                "type": "LineString",
                "coordinates": [
                    [
                        79.97708333333296,
                        8.127083333333196
                    ],
                    [
                        79.9729166666663,
                        8.122916666666548
                    ],
                    [
                        79.96874999999963,
                        8.122916666666548
                    ],
                    [
                        79.96874999999963,
                        8.118749999999885
                    ],
                    [
                        79.96458333333297,
                        8.11458333333318
                    ],
                    [
                        79.96874999999963,
                        8.110416666666573
                    ],
                    [
                        79.96458333333297,
                        8.106249999999868
                    ],
                    [
                        79.96458333333297,
                        8.102083333333205
                    ],
                    [
                        79.95624999999964,
                        8.09374999999985
                    ],
                    [
                        79.95624999999964,
                        8.089583333333188
                    ]
                ]
            }
        },
        {
            "type": "Feature",
            "properties": {
                "HYRIV_ID": 41401331,
                "NEXT_DOWN": 41401358,
                "MAIN_RIV": 41401373,
                "LENGTH_KM": 1.15,
                "DIST_DN_KM": 19.9,
                "DIST_UP_KM": 5.6,
                "CATCH_SKM": 8.29,
                "UPLAND_SKM": 8.3,
                "ENDORHEIC": 0,
                "DIS_AV_CMS": 0.112,
                "ORD_STRA": 1,
                "ORD_CLAS": 4,
                "ORD_FLOW": 7,
                "HYBAS_L12": 4121156690.0,
                "Shape_Length": 0.010416666666628771
            },
            "geometry": {
                "type": "LineString",
                "coordinates": [
                    [
                        79.96666666666627,
                        8.089583333333188
                    ],
                    [
                        79.95624999999964,
                        8.089583333333188
                    ]
                ]
            }
        },
        {
            "type": "Feature",
            "properties": {
                "HYRIV_ID": 41401338,
                "NEXT_DOWN": 41401355,
                "MAIN_RIV": 41401373,
                "LENGTH_KM": 1.3,
                "DIST_DN_KM": 11.4,
                "DIST_UP_KM": 97.099998,
                "CATCH_SKM": 1.27,
                "UPLAND_SKM": 1433.9,
                "ENDORHEIC": 0,
                "DIS_AV_CMS": 21.819,
                "ORD_STRA": 4,
                "ORD_CLAS": 1,
                "ORD_FLOW": 5,
                "HYBAS_L12": 4120049200.0,
                "Shape_Length": 0.011785113019755026
            },
            "geometry": {
                "type": "LineString",
                "coordinates": [
                    [
                        79.89791666666636,
                        8.08541666666654
                    ],
                    [
                        79.88958333333304,
                        8.09374999999985
                    ]
                ]
            }
        },
        {
            "type": "Feature",
            "properties": {
                "HYRIV_ID": 41401339,
                "NEXT_DOWN": 41401338,
                "MAIN_RIV": 41401373,
                "LENGTH_KM": 2.6800001,
                "DIST_DN_KM": 12.7,
                "DIST_UP_KM": 49.8,
                "CATCH_SKM": 3.4,
                "UPLAND_SKM": 421.5,
                "ENDORHEIC": 0,
                "DIS_AV_CMS": 5.75,
                "ORD_STRA": 3,
                "ORD_CLAS": 2,
                "ORD_FLOW": 6,
                "HYBAS_L12": 4121156690.0,
                "Shape_Length": 0.024285113019660114
            },
            "geometry": {
                "type": "LineString",
                "coordinates": [
                    [
                        79.91874999999962,
                        8.08541666666654
                    ],
                    [
                        79.91458333333296,
                        8.08541666666654
                    ],
                    [
                        79.9104166666663,
                        8.089583333333188
                    ],
                    [
                        79.90208333333308,
                        8.089583333333188
                    ],
                    [
                        79.89791666666636,
                        8.08541666666654
                    ]
                ]
            }
        },
        {
            "type": "Feature",
            "properties": {
                "HYRIV_ID": 41401340,
                "NEXT_DOWN": 41401339,
                "MAIN_RIV": 41401373,
                "LENGTH_KM": 2.09,
                "DIST_DN_KM": 15.2,
                "DIST_UP_KM": 6.9,
                "CATCH_SKM": 17.0,
                "UPLAND_SKM": 17.0,
                "ENDORHEIC": 0,
                "DIS_AV_CMS": 0.221,
                "ORD_STRA": 1,
                "ORD_CLAS": 3,
                "ORD_FLOW": 7,
                "HYBAS_L12": 4121156690.0,
                "Shape_Length": 0.018898057941435398
            },
            "geometry": {
                "type": "LineString",
                "coordinates": [
                    [
                        79.92916666666636,
                        8.099999999999874
                    ],
                    [
                        79.91874999999962,
                        8.089583333333188
                    ],
                    [
                        79.91874999999962,
                        8.08541666666654
                    ]
                ]
            }
        },
        {
            "type": "Feature",
            "properties": {
                "HYRIV_ID": 41401355,
                "NEXT_DOWN": 41401373,
                "MAIN_RIV": 41401373,
                "LENGTH_KM": 3.1400001,
                "DIST_DN_KM": 8.3,
                "DIST_UP_KM": 100.2,
                "CATCH_SKM": 12.75,
                "UPLAND_SKM": 1469.4,
                "ENDORHEIC": 0,
                "DIS_AV_CMS": 21.898001,
                "ORD_STRA": 4,
                "ORD_CLAS": 1,
                "ORD_FLOW": 5,
                "HYBAS_L12": 4120049200.0,
                "Shape_Length": 0.028451779686442562
            },
            "geometry": {
                "type": "LineString",
                "coordinates": [
                    [
                        79.88958333333304,
                        8.09374999999985
                    ],
                    [
                        79.87708333333305,
                        8.09374999999985
                    ],
                    [
                        79.87291666666633,
                        8.089583333333188
                    ],
                    [
                        79.87291666666633,
                        8.08541666666654
                    ],
                    [
                        79.86874999999966,
                        8.081249999999876
                    ]
                ]
            }
        },
        {
            "type": "Feature",
            "properties": {
                "HYRIV_ID": 41401356,
                "NEXT_DOWN": 41401373,
                "MAIN_RIV": 41401373,
                "LENGTH_KM": 0.69,
                "DIST_DN_KM": 8.1,
                "DIST_UP_KM": 4.5,
                "CATCH_SKM": 7.8600001,
                "UPLAND_SKM": 7.9,
                "ENDORHEIC": 0,
                "DIS_AV_CMS": 0.105,
                "ORD_STRA": 1,
                "ORD_CLAS": 2,
                "ORD_FLOW": 7,
                "HYBAS_L12": 4120049200.0,
                "Shape_Length": 0.006249999999965894
            },
            "geometry": {
                "type": "LineString",
                "coordinates": [
                    [
                        79.87499999999963,
                        8.081249999999876
                    ],
                    [
                        79.86874999999966,
                        8.081249999999876
                    ]
                ]
            }
        },
        {
            "type": "Feature",
            "properties": {
                "HYRIV_ID": 41401357,
                "NEXT_DOWN": 41401339,
                "MAIN_RIV": 41401373,
                "LENGTH_KM": 2.03,
                "DIST_DN_KM": 15.4,
                "DIST_UP_KM": 47.099998,
                "CATCH_SKM": 4.6799998,
                "UPLAND_SKM": 401.10001,
                "ENDORHEIC": 0,
                "DIS_AV_CMS": 5.5630002,
                "ORD_STRA": 3,
                "ORD_CLAS": 2,
                "ORD_FLOW": 6,
                "HYBAS_L12": 4121156690.0,
                "Shape_Length": 0.01839255650983787
            },
            "geometry": {
                "type": "LineString",
                "coordinates": [
                    [
                        79.93541666666627,
                        8.081249999999876
                    ],
                    [
                        79.9229166666664,
                        8.081249999999876
                    ],
                    [
                        79.91874999999962,
                        8.08541666666654
                    ]
                ]
            }
        },
        {
            "type": "Feature",
            "properties": {
                "HYRIV_ID": 41401358,
                "NEXT_DOWN": 41401357,
                "MAIN_RIV": 41401373,
                "LENGTH_KM": 2.6800001,
                "DIST_DN_KM": 17.3,
                "DIST_UP_KM": 19.5,
                "CATCH_SKM": 4.46,
                "UPLAND_SKM": 81.0,
                "ENDORHEIC": 0,
                "DIS_AV_CMS": 1.045,
                "ORD_STRA": 2,
                "ORD_CLAS": 3,
                "ORD_FLOW": 6,
                "HYBAS_L12": 4121156690.0,
                "Shape_Length": 0.02428511301981715
            },
            "geometry": {
                "type": "LineString",
                "coordinates": [
                    [
                        79.95624999999964,
                        8.089583333333188
                    ],
                    [
                        79.95208333333298,
                        8.08541666666654
                    ],
                    [
                        79.9437499999996,
                        8.08541666666654
                    ],
                    [
                        79.93958333333299,
                        8.081249999999876
                    ],
                    [
                        79.93541666666627,
                        8.081249999999876
                    ]
                ]
            }
        },
        {
            "type": "Feature",
            "properties": {
                "HYRIV_ID": 41401373,
                "NEXT_DOWN": 0,
                "MAIN_RIV": 41401373,
                "LENGTH_KM": 7.9699998,
                "DIST_DN_KM": 0.0,
                "DIST_UP_KM": 108.2,
                "CATCH_SKM": 27.200001,
                "UPLAND_SKM": 1504.0,
                "ENDORHEIC": 0,
                "DIS_AV_CMS": 21.476999,
                "ORD_STRA": 4,
                "ORD_CLAS": 1,
                "ORD_FLOW": 5,
                "HYBAS_L12": 4120049200.0,
                "Shape_Length": 0.07214045207910445
            },
            "geometry": {
                "type": "LineString",
                "coordinates": [
                    [
                        79.86874999999966,
                        8.081249999999876
                    ],
                    [
                        79.864583333333,
                        8.077083333333213
                    ],
                    [
                        79.86041666666634,
                        8.081249999999876
                    ],
                    [
                        79.86041666666634,
                        8.08541666666654
                    ],
                    [
                        79.85208333333301,
                        8.09374999999985
                    ],
                    [
                        79.8479166666663,
                        8.09374999999985
                    ],
                    [
                        79.84374999999963,
                        8.089583333333188
                    ],
                    [
                        79.83958333333297,
                        8.09374999999985
                    ],
                    [
                        79.82708333333298,
                        8.09374999999985
                    ],
                    [
                        79.82291666666632,
                        8.097916666666556
                    ],
                    [
                        79.81874999999965,
                        8.097916666666556
                    ],
                    [
                        79.81458333333299,
                        8.102083333333205
                    ]
                ]
            }
        },
        {
            "type": "Feature",
            "properties": {
                "HYRIV_ID": 41401416,
                "NEXT_DOWN": 41401357,
                "MAIN_RIV": 41401373,
                "LENGTH_KM": 2.8800001,
                "DIST_DN_KM": 17.5,
                "DIST_UP_KM": 45.099998,
                "CATCH_SKM": 5.5300002,
                "UPLAND_SKM": 315.39999,
                "ENDORHEIC": 0,
                "DIS_AV_CMS": 4.5159998,
                "ORD_STRA": 3,
                "ORD_CLAS": 2,
                "ORD_FLOW": 6,
                "HYBAS_L12": 4121156690.0,
                "Shape_Length": 0.026011002863033657
            },
            "geometry": {
                "type": "LineString",
                "coordinates": [
                    [
                        79.95208333333298,
                        8.064583333333196
                    ],
                    [
                        79.95208333333298,
                        8.06874999999986
                    ],
                    [
                        79.94791666666632,
                        8.06874999999986
                    ],
                    [
                        79.93541666666627,
                        8.081249999999876
                    ]
                ]
            }
        },
        {
            "type": "Feature",
            "properties": {
                "HYRIV_ID": 41401417,
                "NEXT_DOWN": 41401416,
                "MAIN_RIV": 41401373,
                "LENGTH_KM": 4.58,
                "DIST_DN_KM": 20.1,
                "DIST_UP_KM": 8.9,
                "CATCH_SKM": 15.73,
                "UPLAND_SKM": 15.7,
                "ENDORHEIC": 0,
                "DIS_AV_CMS": 0.21600001,
                "ORD_STRA": 1,
                "ORD_CLAS": 3,
                "ORD_FLOW": 7,
                "HYBAS_L12": 4121156690.0,
                "Shape_Length": 0.041457281117960106
            },
            "geometry": {
                "type": "LineString",
                "coordinates": [
                    [
                        79.98749999999964,
                        8.079166666666545
                    ],
                    [
                        79.98124999999968,
                        8.072916666666565
                    ],
                    [
                        79.9729166666663,
                        8.072916666666565
                    ],
                    [
                        79.96874999999963,
                        8.06874999999986
                    ],
                    [
                        79.9604166666663,
                        8.06874999999986
                    ],
                    [
                        79.95624999999964,
                        8.064583333333196
                    ],
                    [
                        79.95208333333298,
                        8.064583333333196
                    ]
                ]
            }
        },
        {
            "type": "Feature",
            "properties": {
                "HYRIV_ID": 41401435,
                "NEXT_DOWN": 41401338,
                "MAIN_RIV": 41401373,
                "LENGTH_KM": 4.1799998,
                "DIST_DN_KM": 12.6,
                "DIST_UP_KM": 96.0,
                "CATCH_SKM": 12.96,
                "UPLAND_SKM": 1011.2,
                "ENDORHEIC": 0,
                "DIS_AV_CMS": 16.174,
                "ORD_STRA": 3,
                "ORD_CLAS": 1,
                "ORD_FLOW": 5,
                "HYBAS_L12": 4121156700.0,
                "Shape_Length": 0.03779611588278868
            },
            "geometry": {
                "type": "LineString",
                "coordinates": [
                    [
                        79.9229166666664,
                        8.060416666666548
                    ],
                    [
                        79.91458333333296,
                        8.06874999999986
                    ],
                    [
                        79.9104166666663,
                        8.06874999999986
                    ],
                    [
                        79.89791666666636,
                        8.081249999999876
                    ],
                    [
                        79.89791666666636,
                        8.08541666666654
                    ]
                ]
            }
        },
        {
            "type": "Feature",
            "properties": {
                "HYRIV_ID": 41401436,
                "NEXT_DOWN": 41401470,
                "MAIN_RIV": 41401373,
                "LENGTH_KM": 3.77,
                "DIST_DN_KM": 27.9,
                "DIST_UP_KM": 7.4,
                "CATCH_SKM": 18.700001,
                "UPLAND_SKM": 18.700001,
                "ENDORHEIC": 0,
                "DIS_AV_CMS": 0.265,
                "ORD_STRA": 1,
                "ORD_CLAS": 4,
                "ORD_FLOW": 7,
                "HYBAS_L12": 4121601230.0,
                "Shape_Length": 0.033986892706179016
            },
            "geometry": {
                "type": "LineString",
                "coordinates": [
                    [
                        80.02708333333302,
                        8.087499999999856
                    ],
                    [
                        80.02708333333302,
                        8.081249999999876
                    ],
                    [
                        80.01041666666637,
                        8.064583333333196
                    ],
                    [
                        80.01041666666637,
                        8.060416666666548
                    ]
                ]
            }
        },
        {
            "type": "Feature",
            "properties": {
                "HYRIV_ID": 41401451,
                "NEXT_DOWN": 41401470,
                "MAIN_RIV": 41401373,
                "LENGTH_KM": 2.72,
                "DIST_DN_KM": 28.1,
                "DIST_UP_KM": 8.5,
                "CATCH_SKM": 11.48,
                "UPLAND_SKM": 11.5,
                "ENDORHEIC": 0,
                "DIS_AV_CMS": 0.166,
                "ORD_STRA": 1,
                "ORD_CLAS": 3,
                "ORD_FLOW": 7,
                "HYBAS_L12": 4121601230.0,
                "Shape_Length": 0.02464255650983706
            },
            "geometry": {
                "type": "LineString",
                "coordinates": [
                    [
                        80.03333333333299,
                        8.056249999999885
                    ],
                    [
                        80.01458333333304,
                        8.056249999999885
                    ],
                    [
                        80.01041666666637,
                        8.060416666666548
                    ]
                ]
            }
        },
        {
            "type": "Feature",
            "properties": {
                "HYRIV_ID": 41401470,
                "NEXT_DOWN": 41401485,
                "MAIN_RIV": 41401373,
                "LENGTH_KM": 1.76,
                "DIST_DN_KM": 26.1,
                "DIST_UP_KM": 10.5,
                "CATCH_SKM": 3.1900001,
                "UPLAND_SKM": 33.400002,
                "ENDORHEIC": 0,
                "DIS_AV_CMS": 0.475,
                "ORD_STRA": 2,
                "ORD_CLAS": 3,
                "ORD_FLOW": 7,
                "HYBAS_L12": 4121601230.0,
                "Shape_Length": 0.015951779686468145
            },
            "geometry": {
                "type": "LineString",
                "coordinates": [
                    [
                        80.01041666666637,
                        8.060416666666548
                    ],
                    [
                        80.00208333333299,
                        8.052083333333222
                    ],
                    [
                        79.99791666666633,
                        8.052083333333222
                    ]
                ]
            }
        },
        {
            "type": "Feature",
            "properties": {
                "HYRIV_ID": 41401485,
                "NEXT_DOWN": 41401416,
                "MAIN_RIV": 41401373,
                "LENGTH_KM": 6.0100002,
                "DIST_DN_KM": 20.3,
                "DIST_UP_KM": 42.200001,
                "CATCH_SKM": 18.700001,
                "UPLAND_SKM": 294.20001,
                "ENDORHEIC": 0,
                "DIS_AV_CMS": 4.2859998,
                "ORD_STRA": 3,
                "ORD_CLAS": 2,
                "ORD_FLOW": 6,
                "HYBAS_L12": 4121156690.0,
                "Shape_Length": 0.054462782549420094
            },
            "geometry": {
                "type": "LineString",
                "coordinates": [
                    [
                        79.99791666666633,
                        8.052083333333222
                    ],
                    [
                        79.989583333333,
                        8.052083333333222
                    ],
                    [
                        79.98541666666634,
                        8.04791666666656
                    ],
                    [
                        79.98124999999968,
                        8.04791666666656
                    ],
                    [
                        79.97708333333296,
                        8.052083333333222
                    ],
                    [
                        79.96458333333297,
                        8.052083333333222
                    ],
                    [
                        79.95208333333298,
                        8.064583333333196
                    ]
                ]
            }
        },
        {
            "type": "Feature",
            "properties": {
                "HYRIV_ID": 41401501,
                "NEXT_DOWN": 41401435,
                "MAIN_RIV": 41401373,
                "LENGTH_KM": 3.54,
                "DIST_DN_KM": 16.9,
                "DIST_UP_KM": 14.4,
                "CATCH_SKM": 5.5300002,
                "UPLAND_SKM": 45.700001,
                "ENDORHEIC": 0,
                "DIS_AV_CMS": 0.649,
                "ORD_STRA": 2,
                "ORD_CLAS": 2,
                "ORD_FLOW": 7,
                "HYBAS_L12": 4121156700.0,
                "Shape_Length": 0.031903559372824034
            },
            "geometry": {
                "type": "LineString",
                "coordinates": [
                    [
                        79.93958333333299,
                        8.043749999999868
                    ],
                    [
                        79.93958333333299,
                        8.04791666666656
                    ],
                    [
                        79.93541666666627,
                        8.052083333333222
                    ],
                    [
                        79.93541666666627,
                        8.056249999999885
                    ],
                    [
                        79.92708333333294,
                        8.064583333333196
                    ],
                    [
                        79.9229166666664,
                        8.060416666666548
                    ]
                ]
            }
        },
        {
            "type": "Feature",
            "properties": {
                "HYRIV_ID": 41401502,
                "NEXT_DOWN": 41401520,
                "MAIN_RIV": 41401373,
                "LENGTH_KM": 1.16,
                "DIST_DN_KM": 33.700001,
                "DIST_UP_KM": 5.2,
                "CATCH_SKM": 7.6500001,
                "UPLAND_SKM": 7.7,
                "ENDORHEIC": 0,
                "DIS_AV_CMS": 0.112,
                "ORD_STRA": 1,
                "ORD_CLAS": 3,
                "ORD_FLOW": 7,
                "HYBAS_L12": 4121601230.0,
                "Shape_Length": 0.010416666666685614
            },
            "geometry": {
                "type": "LineString",
                "coordinates": [
                    [
                        80.05624999999978,
                        8.054166666666553
                    ],
                    [
                        80.05624999999978,
                        8.043749999999868
                    ]
                ]
            }
        },
        {
            "type": "Feature",
            "properties": {
                "HYRIV_ID": 41401519,
                "NEXT_DOWN": 41401485,
                "MAIN_RIV": 41401373,
                "LENGTH_KM": 3.33,
                "DIST_DN_KM": 26.3,
                "DIST_UP_KM": 36.200001,
                "CATCH_SKM": 7.0100002,
                "UPLAND_SKM": 242.10001,
                "ENDORHEIC": 0,
                "DIS_AV_CMS": 3.6659999,
                "ORD_STRA": 3,
                "ORD_CLAS": 2,
                "ORD_FLOW": 6,
                "HYBAS_L12": 4121601230.0,
                "Shape_Length": 0.03017766952971318
            },
            "geometry": {
                "type": "LineString",
                "coordinates": [
                    [
                        80.02291666666636,
                        8.039583333333205
                    ],
                    [
                        80.01458333333304,
                        8.039583333333205
                    ],
                    [
                        80.00624999999971,
                        8.04791666666656
                    ],
                    [
                        80.00208333333299,
                        8.04791666666656
                    ],
                    [
                        79.99791666666633,
                        8.052083333333222
                    ]
                ]
            }
        },
        {
            "type": "Feature",
            "properties": {
                "HYRIV_ID": 41401520,
                "NEXT_DOWN": 41401519,
                "MAIN_RIV": 41401373,
                "LENGTH_KM": 4.25,
                "DIST_DN_KM": 29.5,
                "DIST_UP_KM": 33.099998,
                "CATCH_SKM": 9.3500004,
                "UPLAND_SKM": 205.10001,
                "ENDORHEIC": 0,
                "DIS_AV_CMS": 3.1229999,
                "ORD_STRA": 2,
                "ORD_CLAS": 2,
                "ORD_FLOW": 6,
                "HYBAS_L12": 4121601230.0,
                "Shape_Length": 0.038511002863132526
            },
            "geometry": {
                "type": "LineString",
                "coordinates": [
                    [
                        80.05624999999978,
                        8.043749999999868
                    ],
                    [
                        80.04374999999962,
                        8.043749999999868
                    ],
                    [
                        80.03958333333296,
                        8.04791666666656
                    ],
                    [
                        80.0354166666664,
                        8.043749999999868
                    ],
                    [
                        80.03124999999974,
                        8.043749999999868
                    ],
                    [
                        80.02708333333302,
                        8.039583333333205
                    ],
                    [
                        80.02291666666636,
                        8.039583333333205
                    ]
                ]
            }
        },
        {
            "type": "Feature",
            "properties": {
                "HYRIV_ID": 41401521,
                "NEXT_DOWN": 41401520,
                "MAIN_RIV": 41401373,
                "LENGTH_KM": 3.33,
                "DIST_DN_KM": 33.700001,
                "DIST_UP_KM": 28.8,
                "CATCH_SKM": 9.9899998,
                "UPLAND_SKM": 188.10001,
                "ENDORHEIC": 0,
                "DIS_AV_CMS": 2.8929999,
                "ORD_STRA": 2,
                "ORD_CLAS": 2,
                "ORD_FLOW": 6,
                "HYBAS_L12": 4121601230.0,
                "Shape_Length": 0.03017766952956275
            },
            "geometry": {
                "type": "LineString",
                "coordinates": [
                    [
                        80.08124999999964,
                        8.039583333333205
                    ],
                    [
                        80.07708333333298,
                        8.043749999999868
                    ],
                    [
                        80.07291666666632,
                        8.043749999999868
                    ],
                    [
                        80.0687499999996,
                        8.04791666666656
                    ],
                    [
                        80.06458333333299,
                        8.043749999999868
                    ],
                    [
                        80.05624999999978,
                        8.043749999999868
                    ]
                ]
            }
        },
        {
            "type": "Feature",
            "properties": {
                "HYRIV_ID": 41401522,
                "NEXT_DOWN": 41401521,
                "MAIN_RIV": 41401373,
                "LENGTH_KM": 4.3200002,
                "DIST_DN_KM": 37.099998,
                "DIST_UP_KM": 7.8,
                "CATCH_SKM": 23.8,
                "UPLAND_SKM": 23.8,
                "ENDORHEIC": 0,
                "DIS_AV_CMS": 0.352,
                "ORD_STRA": 1,
                "ORD_CLAS": 3,
                "ORD_FLOW": 7,
                "HYBAS_L12": 4121601230.0,
                "Shape_Length": 0.0390165042944098
            },
            "geometry": {
                "type": "LineString",
                "coordinates": [
                    [
                        80.08333333333306,
                        8.066666666666528
                    ],
                    [
                        80.09374999999963,
                        8.056249999999885
                    ],
                    [
                        80.09374999999963,
                        8.04791666666656
                    ],
                    [
                        80.0854166666663,
                        8.039583333333205
                    ],
                    [
                        80.08124999999964,
                        8.039583333333205
                    ]
                ]
            }
        },
        {
            "type": "Feature",
            "properties": {
                "HYRIV_ID": 41401534,
                "NEXT_DOWN": 41401575,
                "MAIN_RIV": 41401373,
                "LENGTH_KM": 2.9300001,
                "DIST_DN_KM": 42.700001,
                "DIST_UP_KM": 6.1,
                "CATCH_SKM": 14.66,
                "UPLAND_SKM": 14.7,
                "ENDORHEIC": 0,
                "DIS_AV_CMS": 0.221,
                "ORD_STRA": 1,
                "ORD_CLAS": 3,
                "ORD_FLOW": 7,
                "HYBAS_L12": 4121601260.0,
                "Shape_Length": 0.026368446353113563
            },
            "geometry": {
                "type": "LineString",
                "coordinates": [
                    [
                        80.12708333333299,
                        8.058333333333216
                    ],
                    [
                        80.12708333333299,
                        8.043749999999868
                    ],
                    [
                        80.11874999999966,
                        8.035416666666542
                    ]
                ]
            }
        },
        {
            "type": "Feature",
            "properties": {
                "HYRIV_ID": 41401550,
                "NEXT_DOWN": 41401617,
                "MAIN_RIV": 41401373,
                "LENGTH_KM": 4.5100002,
                "DIST_DN_KM": 50.700001,
                "DIST_UP_KM": 8.2,
                "CATCH_SKM": 17.639999,
                "UPLAND_SKM": 17.6,
                "ENDORHEIC": 0,
                "DIS_AV_CMS": 0.274,
                "ORD_STRA": 1,
                "ORD_CLAS": 3,
                "ORD_FLOW": 7,
                "HYBAS_L12": 4121601260.0,
                "Shape_Length": 0.04074239413782039
            },
            "geometry": {
                "type": "LineString",
                "coordinates": [
                    [
                        80.18749999999969,
                        8.062499999999865
                    ],
                    [
                        80.17708333333294,
                        8.052083333333222
                    ],
                    [
                        80.17708333333294,
                        8.04791666666656
                    ],
                    [
                        80.1729166666664,
                        8.043749999999868
                    ],
                    [
                        80.1729166666664,
                        8.039583333333205
                    ],
                    [
                        80.16874999999962,
                        8.035416666666542
                    ],
                    [
                        80.1729166666664,
                        8.031249999999893
                    ]
                ]
            }
        },
        {
            "type": "Feature",
            "properties": {
                "HYRIV_ID": 41401551,
                "NEXT_DOWN": 41401617,
                "MAIN_RIV": 41401373,
                "LENGTH_KM": 2.55,
                "DIST_DN_KM": 50.5,
                "DIST_UP_KM": 5.8,
                "CATCH_SKM": 11.48,
                "UPLAND_SKM": 11.5,
                "ENDORHEIC": 0,
                "DIS_AV_CMS": 0.182,
                "ORD_STRA": 1,
                "ORD_CLAS": 4,
                "ORD_FLOW": 7,
                "HYBAS_L12": 4121601260.0,
                "Shape_Length": 0.02306472460800195
            },
            "geometry": {
                "type": "LineString",
                "coordinates": [
                    [
                        80.19166666666635,
                        8.041666666666536
                    ],
                    [
                        80.18124999999972,
                        8.031249999999893
                    ],
                    [
                        80.1729166666664,
                        8.031249999999893
                    ]
                ]
            }
        },
        {
            "type": "Feature",
            "properties": {
                "HYRIV_ID": 41401573,
                "NEXT_DOWN": 41401519,
                "MAIN_RIV": 41401373,
                "LENGTH_KM": 2.4200001,
                "DIST_DN_KM": 29.5,
                "DIST_UP_KM": 9.1,
                "CATCH_SKM": 5.1,
                "UPLAND_SKM": 30.0,
                "ENDORHEIC": 0,
                "DIS_AV_CMS": 0.459,
                "ORD_STRA": 2,
                "ORD_CLAS": 3,
                "ORD_FLOW": 7,
                "HYBAS_L12": 4121601230.0,
                "Shape_Length": 0.02184433619637078
            },
            "geometry": {
                "type": "LineString",
                "coordinates": [
                    [
                        80.0354166666664,
                        8.022916666666525
                    ],
                    [
                        80.02291666666636,
                        8.035416666666542
                    ],
                    [
                        80.02291666666636,
                        8.039583333333205
                    ]
                ]
            }
        },
        {
            "type": "Feature",
            "properties": {
                "HYRIV_ID": 41401574,
                "NEXT_DOWN": 41401521,
                "MAIN_RIV": 41401373,
                "LENGTH_KM": 3.07,
                "DIST_DN_KM": 37.3,
                "DIST_UP_KM": 25.3,
                "CATCH_SKM": 12.54,
                "UPLAND_SKM": 154.3,
                "ENDORHEIC": 0,
                "DIS_AV_CMS": 2.405,
                "ORD_STRA": 2,
                "ORD_CLAS": 2,
                "ORD_FLOW": 6,
                "HYBAS_L12": 4121601230.0,
                "Shape_Length": 0.02773689270621312
            },
            "geometry": {
                "type": "LineString",
                "coordinates": [
                    [
                        80.10208333333296,
                        8.022916666666525
                    ],
                    [
                        80.08958333333297,
                        8.035416666666542
                    ],
                    [
                        80.0854166666663,
                        8.035416666666542
                    ],
                    [
                        80.08124999999964,
                        8.039583333333205
                    ]
                ]
            }
        },
        {
            "type": "Feature",
            "properties": {
                "HYRIV_ID": 41401575,
                "NEXT_DOWN": 41401574,
                "MAIN_RIV": 41401373,
                "LENGTH_KM": 2.4200001,
                "DIST_DN_KM": 40.3,
                "DIST_UP_KM": 22.200001,
                "CATCH_SKM": 8.5,
                "UPLAND_SKM": 132.39999,
                "ENDORHEIC": 0,
                "DIS_AV_CMS": 2.072,
                "ORD_STRA": 2,
                "ORD_CLAS": 2,
                "ORD_FLOW": 6,
                "HYBAS_L12": 4121601260.0,
                "Shape_Length": 0.02184433619637078
            },
            "geometry": {
                "type": "LineString",
                "coordinates": [
                    [
                        80.11874999999966,
                        8.035416666666542
                    ],
                    [
                        80.114583333333,
                        8.031249999999893
                    ],
                    [
                        80.11041666666634,
                        8.031249999999893
                    ],
                    [
                        80.10208333333296,
                        8.022916666666525
                    ]
                ]
            }
        },
        {
            "type": "Feature",
            "properties": {
                "HYRIV_ID": 41401576,
                "NEXT_DOWN": 41401575,
                "MAIN_RIV": 41401373,
                "LENGTH_KM": 2.87,
                "DIST_DN_KM": 42.700001,
                "DIST_UP_KM": 19.8,
                "CATCH_SKM": 7.6500001,
                "UPLAND_SKM": 109.3,
                "ENDORHEIC": 0,
                "DIS_AV_CMS": 1.726,
                "ORD_STRA": 2,
                "ORD_CLAS": 2,
                "ORD_FLOW": 6,
                "HYBAS_L12": 4121601260.0,
                "Shape_Length": 0.026011002863033653
            },
            "geometry": {
                "type": "LineString",
                "coordinates": [
                    [
                        80.13958333333304,
                        8.022916666666525
                    ],
                    [
                        80.13124999999965,
                        8.031249999999893
                    ],
                    [
                        80.12291666666633,
                        8.031249999999893
                    ],
                    [
                        80.11874999999966,
                        8.035416666666542
                    ]
                ]
            }
        },
        {
            "type": "Feature",
            "properties": {
                "HYRIV_ID": 41401577,
                "NEXT_DOWN": 41401576,
                "MAIN_RIV": 41401373,
                "LENGTH_KM": 2.46,
                "DIST_DN_KM": 45.599998,
                "DIST_UP_KM": 7.0,
                "CATCH_SKM": 9.3500004,
                "UPLAND_SKM": 9.4,
                "ENDORHEIC": 0,
                "DIS_AV_CMS": 0.145,
                "ORD_STRA": 1,
                "ORD_CLAS": 3,
                "ORD_FLOW": 7,
                "HYBAS_L12": 4121601260.0,
                "Shape_Length": 0.022201779686438203
            },
            "geometry": {
                "type": "LineString",
                "coordinates": [
                    [
                        80.15208333333302,
                        8.037499999999874
                    ],
                    [
                        80.15208333333302,
                        8.031249999999893
                    ],
                    [
                        80.14791666666636,
                        8.031249999999893
                    ],
                    [
                        80.13958333333304,
                        8.022916666666525
                    ]
                ]
            }
        },
        {
            "type": "Feature",
            "properties": {
                "HYRIV_ID": 41401597,
                "NEXT_DOWN": 41401573,
                "MAIN_RIV": 41401373,
                "LENGTH_KM": 1.9,
                "DIST_DN_KM": 31.9,
                "DIST_UP_KM": 6.5,
                "CATCH_SKM": 11.48,
                "UPLAND_SKM": 11.5,
                "ENDORHEIC": 0,
                "DIS_AV_CMS": 0.177,
                "ORD_STRA": 1,
                "ORD_CLAS": 4,
                "ORD_FLOW": 7,
                "HYBAS_L12": 4121601230.0,
                "Shape_Length": 0.01717216809804592
            },
            "geometry": {
                "type": "LineString",
                "coordinates": [
                    [
                        80.04999999999964,
                        8.016666666666545
                    ],
                    [
                        80.04374999999962,
                        8.022916666666525
                    ],
                    [
                        80.0354166666664,
                        8.022916666666525
                    ]
                ]
            }
        },
        {
            "type": "Feature",
            "properties": {
                "HYRIV_ID": 41401615,
                "NEXT_DOWN": 41401574,
                "MAIN_RIV": 41401373,
                "LENGTH_KM": 1.62,
                "DIST_DN_KM": 40.099998,
                "DIST_UP_KM": 5.8,
                "CATCH_SKM": 9.3500004,
                "UPLAND_SKM": 9.4,
                "ENDORHEIC": 0,
                "DIS_AV_CMS": 0.149,
                "ORD_STRA": 1,
                "ORD_CLAS": 3,
                "ORD_FLOW": 7,
                "HYBAS_L12": 4121601260.0,
                "Shape_Length": 0.014583333333305859
            },
            "geometry": {
                "type": "LineString",
                "coordinates": [
                    [
                        80.10624999999962,
                        8.012499999999882
                    ],
                    [
                        80.10624999999962,
                        8.022916666666525
                    ],
                    [
                        80.10208333333296,
                        8.022916666666525
                    ]
                ]
            }
        },
        {
            "type": "Feature",
            "properties": {
                "HYRIV_ID": 41401616,
                "NEXT_DOWN": 41401576,
                "MAIN_RIV": 41401373,
                "LENGTH_KM": 1.3,
                "DIST_DN_KM": 45.599998,
                "DIST_UP_KM": 17.0,
                "CATCH_SKM": 1.91,
                "UPLAND_SKM": 92.199997,
                "ENDORHEIC": 0,
                "DIS_AV_CMS": 1.4680001,
                "ORD_STRA": 2,
                "ORD_CLAS": 2,
                "ORD_FLOW": 6,
                "HYBAS_L12": 4121601260.0,
                "Shape_Length": 0.011785113019755026
            },
            "geometry": {
                "type": "LineString",
                "coordinates": [
                    [
                        80.14791666666636,
                        8.014583333333213
                    ],
                    [
                        80.13958333333304,
                        8.022916666666525
                    ]
                ]
            }
        },
        {
            "type": "Feature",
            "properties": {
                "HYRIV_ID": 41401617,
                "NEXT_DOWN": 41401616,
                "MAIN_RIV": 41401373,
                "LENGTH_KM": 3.8,
                "DIST_DN_KM": 46.900002,
                "DIST_UP_KM": 12.0,
                "CATCH_SKM": 9.5600004,
                "UPLAND_SKM": 38.700001,
                "ENDORHEIC": 0,
                "DIS_AV_CMS": 0.60600001,
                "ORD_STRA": 2,
                "ORD_CLAS": 3,
                "ORD_FLOW": 7,
                "HYBAS_L12": 4121601260.0,
                "Shape_Length": 0.034344336196342765
            },
            "geometry": {
                "type": "LineString",
                "coordinates": [
                    [
                        80.1729166666664,
                        8.031249999999893
                    ],
                    [
                        80.16874999999962,
                        8.027083333333188
                    ],
                    [
                        80.16041666666635,
                        8.027083333333188
                    ],
                    [
                        80.16041666666635,
                        8.022916666666525
                    ],
                    [
                        80.15624999999969,
                        8.018749999999876
                    ],
                    [
                        80.15208333333302,
                        8.018749999999876
                    ],
                    [
                        80.14791666666636,
                        8.014583333333213
                    ]
                ]
            }
        },
        {
            "type": "Feature",
            "properties": {
                "HYRIV_ID": 41401631,
                "NEXT_DOWN": 41401501,
                "MAIN_RIV": 41401373,
                "LENGTH_KM": 7.6500001,
                "DIST_DN_KM": 20.3,
                "DIST_UP_KM": 11.0,
                "CATCH_SKM": 24.02,
                "UPLAND_SKM": 24.0,
                "ENDORHEIC": 0,
                "DIS_AV_CMS": 0.347,
                "ORD_STRA": 1,
                "ORD_CLAS": 2,
                "ORD_FLOW": 7,
                "HYBAS_L12": 4121156700.0,
                "Shape_Length": 0.06919417382412887
            },
            "geometry": {
                "type": "LineString",
                "coordinates": [
                    [
                        79.9916666666663,
                        8.008333333333233
                    ],
                    [
                        79.9729166666663,
                        8.027083333333188
                    ],
                    [
                        79.9604166666663,
                        8.027083333333188
                    ],
                    [
                        79.9604166666663,
                        8.031249999999893
                    ],
                    [
                        79.94791666666632,
                        8.043749999999868
                    ],
                    [
                        79.93958333333299,
                        8.043749999999868
                    ]
                ]
            }
        },
        {
            "type": "Feature",
            "properties": {
                "HYRIV_ID": 41401632,
                "NEXT_DOWN": 41401573,
                "MAIN_RIV": 41401373,
                "LENGTH_KM": 1.81,
                "DIST_DN_KM": 31.9,
                "DIST_UP_KM": 6.7,
                "CATCH_SKM": 13.39,
                "UPLAND_SKM": 13.4,
                "ENDORHEIC": 0,
                "DIS_AV_CMS": 0.207,
                "ORD_STRA": 1,
                "ORD_CLAS": 3,
                "ORD_FLOW": 7,
                "HYBAS_L12": 4121601230.0,
                "Shape_Length": 0.01630922317643092
            },
            "geometry": {
                "type": "LineString",
                "coordinates": [
                    [
                        80.03958333333296,
                        8.008333333333233
                    ],
                    [
                        80.03958333333296,
                        8.014583333333213
                    ],
                    [
                        80.0354166666664,
                        8.018749999999876
                    ],
                    [
                        80.0354166666664,
                        8.022916666666525
                    ]
                ]
            }
        },
        {
            "type": "Feature",
            "properties": {
                "HYRIV_ID": 41401668,
                "NEXT_DOWN": 41401501,
                "MAIN_RIV": 41401373,
                "LENGTH_KM": 5.4299998,
                "DIST_DN_KM": 20.3,
                "DIST_UP_KM": 10.4,
                "CATCH_SKM": 16.16,
                "UPLAND_SKM": 16.200001,
                "ENDORHEIC": 0,
                "DIS_AV_CMS": 0.234,
                "ORD_STRA": 1,
                "ORD_CLAS": 3,
                "ORD_FLOW": 7,
                "HYBAS_L12": 4121156700.0,
                "Shape_Length": 0.04892766952965766
            },
            "geometry": {
                "type": "LineString",
                "coordinates": [
                    [
                        79.95208333333298,
                        7.999999999999865
                    ],
                    [
                        79.95208333333298,
                        8.00624999999986
                    ],
                    [
                        79.94791666666632,
                        8.01041666666655
                    ],
                    [
                        79.94791666666632,
                        8.031249999999893
                    ],
                    [
                        79.93958333333299,
                        8.039583333333205
                    ],
                    [
                        79.93958333333299,
                        8.043749999999868
                    ]
                ]
            }
        },
        {
            "type": "Feature",
            "properties": {
                "HYRIV_ID": 41401691,
                "NEXT_DOWN": 41401435,
                "MAIN_RIV": 41401373,
                "LENGTH_KM": 8.08,
                "DIST_DN_KM": 16.700001,
                "DIST_UP_KM": 91.800003,
                "CATCH_SKM": 30.610001,
                "UPLAND_SKM": 952.5,
                "ENDORHEIC": 0,
                "DIS_AV_CMS": 15.66,
                "ORD_STRA": 3,
                "ORD_CLAS": 1,
                "ORD_FLOW": 5,
                "HYBAS_L12": 4121156700.0,
                "Shape_Length": 0.07285533905948462
            },
            "geometry": {
                "type": "LineString",
                "coordinates": [
                    [
                        79.9229166666664,
                        7.997916666666534
                    ],
                    [
                        79.91458333333296,
                        8.00624999999986
                    ],
                    [
                        79.91874999999962,
                        8.01041666666655
                    ],
                    [
                        79.91458333333296,
                        8.014583333333213
                    ],
                    [
                        79.91874999999962,
                        8.018749999999876
                    ],
                    [
                        79.91874999999962,
                        8.035416666666542
                    ],
                    [
                        79.9229166666664,
                        8.039583333333205
                    ],
                    [
                        79.9229166666664,
                        8.060416666666548
                    ]
                ]
            }
        },
        {
            "type": "Feature",
            "properties": {
                "HYRIV_ID": 41401692,
                "NEXT_DOWN": 41401616,
                "MAIN_RIV": 41401373,
                "LENGTH_KM": 12.83,
                "DIST_DN_KM": 46.700001,
                "DIST_UP_KM": 15.8,
                "CATCH_SKM": 51.650002,
                "UPLAND_SKM": 51.700001,
                "ENDORHEIC": 0,
                "DIS_AV_CMS": 0.834,
                "ORD_STRA": 1,
                "ORD_CLAS": 2,
                "ORD_FLOW": 7,
                "HYBAS_L12": 4121601260.0,
                "Shape_Length": 0.11603851002045122
            },
            "geometry": {
                "type": "LineString",
                "coordinates": [
                    [
                        80.22916666666637,
                        8.033333333333225
                    ],
                    [
                        80.2229166666663,
                        8.027083333333188
                    ],
                    [
                        80.2229166666663,
                        8.022916666666525
                    ],
                    [
                        80.21874999999963,
                        8.018749999999876
                    ],
                    [
                        80.21458333333297,
                        8.022916666666525
                    ],
                    [
                        80.2104166666663,
                        8.022916666666525
                    ],
                    [
                        80.20208333333298,
                        8.014583333333213
                    ],
                    [
                        80.20208333333298,
                        8.01041666666655
                    ],
                    [
                        80.1937499999996,
                        8.002083333333196
                    ],
                    [
                        80.16458333333307,
                        8.002083333333196
                    ],
                    [
                        80.16041666666635,
                        7.997916666666534
                    ],
                    [
                        80.15624999999969,
                        7.997916666666534
                    ],
                    [
                        80.15208333333302,
                        8.002083333333196
                    ],
                    [
                        80.15208333333302,
                        8.00624999999986
                    ],
                    [
                        80.14791666666636,
                        8.01041666666655
                    ],
                    [
                        80.14791666666636,
                        8.014583333333213
                    ]
                ]
            }
        },
        {
            "type": "Feature",
            "properties": {
                "HYRIV_ID": 41401765,
                "NEXT_DOWN": 41401783,
                "MAIN_RIV": 41401373,
                "LENGTH_KM": 1.4400001,
                "DIST_DN_KM": 69.400002,
                "DIST_UP_KM": 4.0,
                "CATCH_SKM": 7.0100002,
                "UPLAND_SKM": 7.0,
                "ENDORHEIC": 0,
                "DIS_AV_CMS": 0.117,
                "ORD_STRA": 1,
                "ORD_CLAS": 3,
                "ORD_FLOW": 7,
                "HYBAS_L12": 4121156990.0,
                "Shape_Length": 0.0130055014315352
            },
            "geometry": {
                "type": "LineString",
                "coordinates": [
                    [
                        80.24999999999963,
                        7.991666666666553
                    ],
                    [
                        80.25624999999965,
                        7.985416666666559
                    ],
                    [
                        80.25624999999965,
                        7.981249999999868
                    ]
                ]
            }
        },
        {
            "type": "Feature",
            "properties": {
                "HYRIV_ID": 41401766,
                "NEXT_DOWN": 41401783,
                "MAIN_RIV": 41401373,
                "LENGTH_KM": 6.0500002,
                "DIST_DN_KM": 69.599998,
                "DIST_UP_KM": 8.5,
                "CATCH_SKM": 38.900002,
                "UPLAND_SKM": 38.900002,
                "ENDORHEIC": 0,
                "DIS_AV_CMS": 0.66,
                "ORD_STRA": 1,
                "ORD_CLAS": 2,
                "ORD_FLOW": 7,
                "HYBAS_L12": 4121156990.0,
                "Shape_Length": 0.05482022603956374
            },
            "geometry": {
                "type": "LineString",
                "coordinates": [
                    [
                        80.3041666666663,
                        7.989583333333179
                    ],
                    [
                        80.28958333333301,
                        7.989583333333179
                    ],
                    [
                        80.28541666666635,
                        7.993749999999885
                    ],
                    [
                        80.27291666666636,
                        7.993749999999885
                    ],
                    [
                        80.26458333333298,
                        7.985416666666559
                    ],
                    [
                        80.26041666666632,
                        7.985416666666559
                    ],
                    [
                        80.25624999999965,
                        7.981249999999868
                    ]
                ]
            }
        },
        {
            "type": "Feature",
            "properties": {
                "HYRIV_ID": 41401783,
                "NEXT_DOWN": 41401816,
                "MAIN_RIV": 41401373,
                "LENGTH_KM": 0.65,
                "DIST_DN_KM": 68.900002,
                "DIST_UP_KM": 9.2,
                "CATCH_SKM": 0.64,
                "UPLAND_SKM": 46.599998,
                "ENDORHEIC": 0,
                "DIS_AV_CMS": 0.788,
                "ORD_STRA": 2,
                "ORD_CLAS": 2,
                "ORD_FLOW": 7,
                "HYBAS_L12": 4121156990.0,
                "Shape_Length": 0.0058925565098825365
            },
            "geometry": {
                "type": "LineString",
                "coordinates": [
                    [
                        80.25624999999965,
                        7.981249999999868
                    ],
                    [
                        80.25208333333299,
                        7.977083333333205
                    ]
                ]
            }
        },
        {
            "type": "Feature",
            "properties": {
                "HYRIV_ID": 41401802,
                "NEXT_DOWN": 41401841,
                "MAIN_RIV": 41401373,
                "LENGTH_KM": 1.34,
                "DIST_DN_KM": 38.200001,
                "DIST_UP_KM": 4.3,
                "CATCH_SKM": 9.3500004,
                "UPLAND_SKM": 9.4,
                "ENDORHEIC": 0,
                "DIS_AV_CMS": 0.146,
                "ORD_STRA": 1,
                "ORD_CLAS": 2,
                "ORD_FLOW": 7,
                "HYBAS_L12": 4121156880.0,
                "Shape_Length": 0.012142556509838382
            },
            "geometry": {
                "type": "LineString",
                "coordinates": [
                    [
                        80.02499999999966,
                        7.972916666666542
                    ],
                    [
                        80.0187499999997,
                        7.972916666666542
                    ],
                    [
                        80.01458333333304,
                        7.968749999999893
                    ]
                ]
            }
        },
        {
            "type": "Feature",
            "properties": {
                "HYRIV_ID": 41401815,
                "NEXT_DOWN": 41401938,
                "MAIN_RIV": 41401373,
                "LENGTH_KM": 0.69,
                "DIST_DN_KM": 63.200001,
                "DIST_UP_KM": 3.9,
                "CATCH_SKM": 6.5900002,
                "UPLAND_SKM": 6.6,
                "ENDORHEIC": 0,
                "DIS_AV_CMS": 0.11,
                "ORD_STRA": 1,
                "ORD_CLAS": 2,
                "ORD_FLOW": 7,
                "HYBAS_L12": 4121156990.0,
                "Shape_Length": 0.006250000000022737
            },
            "geometry": {
                "type": "LineString",
                "coordinates": [
                    [
                        80.2104166666663,
                        7.970833333333211
                    ],
                    [
                        80.2104166666663,
                        7.964583333333188
                    ]
                ]
            }
        },
        {
            "type": "Feature",
            "properties": {
                "HYRIV_ID": 41401816,
                "NEXT_DOWN": 41401938,
                "MAIN_RIV": 41401373,
                "LENGTH_KM": 5.5500002,
                "DIST_DN_KM": 63.200001,
                "DIST_UP_KM": 45.3,
                "CATCH_SKM": 24.66,
                "UPLAND_SKM": 375.10001,
                "ENDORHEIC": 0,
                "DIS_AV_CMS": 6.8280001,
                "ORD_STRA": 3,
                "ORD_CLAS": 1,
                "ORD_FLOW": 6,
                "HYBAS_L12": 4121156990.0,
                "Shape_Length": 0.05029611588280401
            },
            "geometry": {
                "type": "LineString",
                "coordinates": [
                    [
                        80.25208333333299,
                        7.977083333333205
                    ],
                    [
                        80.24791666666633,
                        7.977083333333205
                    ],
                    [
                        80.24374999999966,
                        7.981249999999868
                    ],
                    [
                        80.23958333333294,
                        7.981249999999868
                    ],
                    [
                        80.23541666666628,
                        7.977083333333205
                    ],
                    [
                        80.23124999999962,
                        7.977083333333205
                    ],
                    [
                        80.22708333333296,
                        7.972916666666542
                    ],
                    [
                        80.2229166666663,
                        7.972916666666542
                    ],
                    [
                        80.21458333333297,
                        7.964583333333188
                    ],
                    [
                        80.2104166666663,
                        7.964583333333188
                    ]
                ]
            }
        },
        {
            "type": "Feature",
            "properties": {
                "HYRIV_ID": 41401817,
                "NEXT_DOWN": 41401816,
                "MAIN_RIV": 41401373,
                "LENGTH_KM": 2.4200001,
                "DIST_DN_KM": 68.699997,
                "DIST_UP_KM": 39.8,
                "CATCH_SKM": 7.0100002,
                "UPLAND_SKM": 303.79999,
                "ENDORHEIC": 0,
                "DIS_AV_CMS": 5.6360002,
                "ORD_STRA": 3,
                "ORD_CLAS": 1,
                "ORD_FLOW": 6,
                "HYBAS_L12": 4121156990.0,
                "Shape_Length": 0.021844336196330586
            },
            "geometry": {
                "type": "LineString",
                "coordinates": [
                    [
                        80.26041666666632,
                        7.964583333333188
                    ],
                    [
                        80.26458333333298,
                        7.968749999999893
                    ],
                    [
                        80.25624999999965,
                        7.977083333333205
                    ],
                    [
                        80.25208333333299,
                        7.977083333333205
                    ]
                ]
            }
        },
        {
            "type": "Feature",
            "properties": {
                "HYRIV_ID": 41401826,
                "NEXT_DOWN": 41401841,
                "MAIN_RIV": 41401373,
                "LENGTH_KM": 3.53,
                "DIST_DN_KM": 38.200001,
                "DIST_UP_KM": 70.400002,
                "CATCH_SKM": 6.8,
                "UPLAND_SKM": 710.29999,
                "ENDORHEIC": 0,
                "DIS_AV_CMS": 12.515,
                "ORD_STRA": 3,
                "ORD_CLAS": 1,
                "ORD_FLOW": 5,
                "HYBAS_L12": 4121156880.0,
                "Shape_Length": 0.03190355937281256
            },
            "geometry": {
                "type": "LineString",
                "coordinates": [
                    [
                        80.03958333333296,
                        7.960416666666525
                    ],
                    [
                        80.0354166666664,
                        7.960416666666525
                    ],
                    [
                        80.03124999999974,
                        7.964583333333188
                    ],
                    [
                        80.02708333333302,
                        7.960416666666525
                    ],
                    [
                        80.02291666666636,
                        7.960416666666525
                    ],
                    [
                        80.01458333333304,
                        7.968749999999893
                    ]
                ]
            }
        },
        {
            "type": "Feature",
            "properties": {
                "HYRIV_ID": 41401827,
                "NEXT_DOWN": 41401826,
                "MAIN_RIV": 41401373,
                "LENGTH_KM": 6.81,
                "DIST_DN_KM": 41.5,
                "DIST_UP_KM": 67.0,
                "CATCH_SKM": 24.450001,
                "UPLAND_SKM": 600.79999,
                "ENDORHEIC": 0,
                "DIS_AV_CMS": 10.647,
                "ORD_STRA": 3,
                "ORD_CLAS": 1,
                "ORD_FLOW": 5,
                "HYBAS_L12": 4121156950.0,
                "Shape_Length": 0.06178511301975979
            },
            "geometry": {
                "type": "LineString",
                "coordinates": [
                    [
                        80.0979166666663,
                        7.960416666666525
                    ],
                    [
                        80.08124999999964,
                        7.960416666666525
                    ],
                    [
                        80.07708333333298,
                        7.964583333333188
                    ],
                    [
                        80.06458333333299,
                        7.964583333333188
                    ],
                    [
                        80.06041666666627,
                        7.960416666666525
                    ],
                    [
                        80.03958333333296,
                        7.960416666666525
                    ]
                ]
            }
        },
        {
            "type": "Feature",
            "properties": {
                "HYRIV_ID": 41401828,
                "NEXT_DOWN": 41401827,
                "MAIN_RIV": 41401373,
                "LENGTH_KM": 1.4400001,
                "DIST_DN_KM": 48.3,
                "DIST_UP_KM": 4.7,
                "CATCH_SKM": 8.08,
                "UPLAND_SKM": 8.1,
                "ENDORHEIC": 0,
                "DIS_AV_CMS": 0.131,
                "ORD_STRA": 1,
                "ORD_CLAS": 2,
                "ORD_FLOW": 7,
                "HYBAS_L12": 4121156950.0,
                "Shape_Length": 0.013005501431617314
            },
            "geometry": {
                "type": "LineString",
                "coordinates": [
                    [
                        80.10833333333309,
                        7.966666666666562
                    ],
                    [
                        80.10208333333296,
                        7.960416666666525
                    ],
                    [
                        80.0979166666663,
                        7.960416666666525
                    ]
                ]
            }
        },
        {
            "type": "Feature",
            "properties": {
                "HYRIV_ID": 41401840,
                "NEXT_DOWN": 41401691,
                "MAIN_RIV": 41401373,
                "LENGTH_KM": 10.27,
                "DIST_DN_KM": 24.8,
                "DIST_UP_KM": 83.699997,
                "CATCH_SKM": 35.93,
                "UPLAND_SKM": 815.59998,
                "ENDORHEIC": 0,
                "DIS_AV_CMS": 14.117,
                "ORD_STRA": 3,
                "ORD_CLAS": 1,
                "ORD_FLOW": 5,
                "HYBAS_L12": 4121156880.0,
                "Shape_Length": 0.09297378541240117
            },
            "geometry": {
                "type": "LineString",
                "coordinates": [
                    [
                        79.99374999999966,
                        7.956249999999876
                    ],
                    [
                        79.989583333333,
                        7.960416666666525
                    ],
                    [
                        79.96874999999963,
                        7.960416666666525
                    ],
                    [
                        79.96458333333297,
                        7.964583333333188
                    ],
                    [
                        79.95624999999964,
                        7.964583333333188
                    ],
                    [
                        79.95208333333298,
                        7.968749999999893
                    ],
                    [
                        79.95208333333298,
                        7.977083333333205
                    ],
                    [
                        79.93124999999978,
                        7.997916666666534
                    ],
                    [
                        79.9229166666664,
                        7.997916666666534
                    ]
                ]
            }
        },
        {
            "type": "Feature",
            "properties": {
                "HYRIV_ID": 41401841,
                "NEXT_DOWN": 41401840,
                "MAIN_RIV": 41401373,
                "LENGTH_KM": 2.87,
                "DIST_DN_KM": 35.3,
                "DIST_UP_KM": 73.199997,
                "CATCH_SKM": 8.9300003,
                "UPLAND_SKM": 728.59998,
                "ENDORHEIC": 0,
                "DIS_AV_CMS": 12.784,
                "ORD_STRA": 3,
                "ORD_CLAS": 1,
                "ORD_FLOW": 5,
                "HYBAS_L12": 4121156880.0,
                "Shape_Length": 0.026011002863033657
            },
            "geometry": {
                "type": "LineString",
                "coordinates": [
                    [
                        80.01458333333304,
                        7.968749999999893
                    ],
                    [
                        80.00624999999971,
                        7.968749999999893
                    ],
                    [
                        79.99374999999966,
                        7.956249999999876
                    ]
                ]
            }
        },
        {
            "type": "Feature",
            "properties": {
                "HYRIV_ID": 41401842,
                "NEXT_DOWN": 41401827,
                "MAIN_RIV": 41401373,
                "LENGTH_KM": 1.11,
                "DIST_DN_KM": 48.5,
                "DIST_UP_KM": 60.0,
                "CATCH_SKM": 1.28,
                "UPLAND_SKM": 568.29999,
                "ENDORHEIC": 0,
                "DIS_AV_CMS": 10.161,
                "ORD_STRA": 3,
                "ORD_CLAS": 1,
                "ORD_FLOW": 5,
                "HYBAS_L12": 4121156950.0,
                "Shape_Length": 0.010059223176535365
            },
            "geometry": {
                "type": "LineString",
                "coordinates": [
                    [
                        80.10624999999962,
                        7.956249999999876
                    ],
                    [
                        80.10208333333296,
                        7.956249999999876
                    ],
                    [
                        80.0979166666663,
                        7.960416666666525
                    ]
                ]
            }
        },
        {
            "type": "Feature",
            "properties": {
                "HYRIV_ID": 41401843,
                "NEXT_DOWN": 41401842,
                "MAIN_RIV": 41401373,
                "LENGTH_KM": 2.55,
                "DIST_DN_KM": 49.400002,
                "DIST_UP_KM": 6.5,
                "CATCH_SKM": 13.61,
                "UPLAND_SKM": 13.6,
                "ENDORHEIC": 0,
                "DIS_AV_CMS": 0.22400001,
                "ORD_STRA": 1,
                "ORD_CLAS": 2,
                "ORD_FLOW": 7,
                "HYBAS_L12": 4121156950.0,
                "Shape_Length": 0.023064724608088942
            },
            "geometry": {
                "type": "LineString",
                "coordinates": [
                    [
                        80.12499999999963,
                        7.966666666666562
                    ],
                    [
                        80.114583333333,
                        7.956249999999876
                    ],
                    [
                        80.10624999999962,
                        7.956249999999876
                    ]
                ]
            }
        },
        {
            "type": "Feature",
            "properties": {
                "HYRIV_ID": 41401903,
                "NEXT_DOWN": 41401842,
                "MAIN_RIV": 41401373,
                "LENGTH_KM": 2.87,
                "DIST_DN_KM": 49.599998,
                "DIST_UP_KM": 58.900002,
                "CATCH_SKM": 6.1700001,
                "UPLAND_SKM": 553.40002,
                "ENDORHEIC": 0,
                "DIS_AV_CMS": 9.9209995,
                "ORD_STRA": 3,
                "ORD_CLAS": 1,
                "ORD_FLOW": 6,
                "HYBAS_L12": 4121156950.0,
                "Shape_Length": 0.026011002863013555
            },
            "geometry": {
                "type": "LineString",
                "coordinates": [
                    [
                        80.12708333333299,
                        7.943749999999888
                    ],
                    [
                        80.12291666666633,
                        7.947916666666551
                    ],
                    [
                        80.114583333333,
                        7.947916666666551
                    ],
                    [
                        80.10624999999962,
                        7.956249999999876
                    ]
                ]
            }
        },
        {
            "type": "Feature",
            "properties": {
                "HYRIV_ID": 41401904,
                "NEXT_DOWN": 41401903,
                "MAIN_RIV": 41401373,
                "LENGTH_KM": 2.9100001,
                "DIST_DN_KM": 52.3,
                "DIST_UP_KM": 6.7,
                "CATCH_SKM": 10.42,
                "UPLAND_SKM": 10.4,
                "ENDORHEIC": 0,
                "DIS_AV_CMS": 0.174,
                "ORD_STRA": 1,
                "ORD_CLAS": 2,
                "ORD_FLOW": 7,
                "HYBAS_L12": 4121156950.0,
                "Shape_Length": 0.026368446353096917
            },
            "geometry": {
                "type": "LineString",
                "coordinates": [
                    [
                        80.14999999999966,
                        7.952083333333213
                    ],
                    [
                        80.13958333333304,
                        7.952083333333213
                    ],
                    [
                        80.13124999999965,
                        7.943749999999888
                    ],
                    [
                        80.12708333333299,
                        7.943749999999888
                    ]
                ]
            }
        },
        {
            "type": "Feature",
            "properties": {
                "HYRIV_ID": 41401905,
                "NEXT_DOWN": 41401817,
                "MAIN_RIV": 41401373,
                "LENGTH_KM": 3.1500001,
                "DIST_DN_KM": 71.199997,
                "DIST_UP_KM": 19.700001,
                "CATCH_SKM": 4.25,
                "UPLAND_SKM": 69.300003,
                "ENDORHEIC": 0,
                "DIS_AV_CMS": 1.24,
                "ORD_STRA": 2,
                "ORD_CLAS": 2,
                "ORD_FLOW": 6,
                "HYBAS_L12": 4121601290.0,
                "Shape_Length": 0.028451779686442566
            },
            "geometry": {
                "type": "LineString",
                "coordinates": [
                    [
                        80.27291666666636,
                        7.943749999999888
                    ],
                    [
                        80.27291666666636,
                        7.952083333333213
                    ],
                    [
                        80.2687499999997,
                        7.956249999999876
                    ],
                    [
                        80.2687499999997,
                        7.960416666666525
                    ],
                    [
                        80.26458333333298,
                        7.964583333333188
                    ],
                    [
                        80.26041666666632,
                        7.964583333333188
                    ]
                ]
            }
        },
        {
            "type": "Feature",
            "properties": {
                "HYRIV_ID": 41401921,
                "NEXT_DOWN": 41401691,
                "MAIN_RIV": 41401373,
                "LENGTH_KM": 7.62,
                "DIST_DN_KM": 24.8,
                "DIST_UP_KM": 24.0,
                "CATCH_SKM": 29.549999,
                "UPLAND_SKM": 106.3,
                "ENDORHEIC": 0,
                "DIS_AV_CMS": 1.7,
                "ORD_STRA": 2,
                "ORD_CLAS": 2,
                "ORD_FLOW": 6,
                "HYBAS_L12": 4121156900.0,
                "Shape_Length": 0.0686886723925681
            },
            "geometry": {
                "type": "LineString",
                "coordinates": [
                    [
                        79.94791666666632,
                        7.939583333333239
                    ],
                    [
                        79.94791666666632,
                        7.947916666666551
                    ],
                    [
                        79.93541666666627,
                        7.960416666666525
                    ],
                    [
                        79.93541666666627,
                        7.964583333333188
                    ],
                    [
                        79.9229166666664,
                        7.977083333333205
                    ],
                    [
                        79.9229166666664,
                        7.997916666666534
                    ]
                ]
            }
        },
        {
            "type": "Feature",
            "properties": {
                "HYRIV_ID": 41401922,
                "NEXT_DOWN": 41401905,
                "MAIN_RIV": 41401373,
                "LENGTH_KM": 6.4400001,
                "DIST_DN_KM": 74.5,
                "DIST_UP_KM": 8.7,
                "CATCH_SKM": 20.200001,
                "UPLAND_SKM": 20.200001,
                "ENDORHEIC": 0,
                "DIS_AV_CMS": 0.35600001,
                "ORD_STRA": 1,
                "ORD_CLAS": 3,
                "ORD_FLOW": 7,
                "HYBAS_L12": 4121601290.0,
                "Shape_Length": 0.05827200572589496
            },
            "geometry": {
                "type": "LineString",
                "coordinates": [
                    [
                        80.3166666666663,
                        7.964583333333188
                    ],
                    [
                        80.31041666666627,
                        7.964583333333188
                    ],
                    [
                        80.30624999999961,
                        7.960416666666525
                    ],
                    [
                        80.30624999999961,
                        7.956249999999876
                    ],
                    [
                        80.30208333333294,
                        7.956249999999876
                    ],
                    [
                        80.2979166666664,
                        7.952083333333213
                    ],
                    [
                        80.29374999999973,
                        7.952083333333213
                    ],
                    [
                        80.28541666666635,
                        7.943749999999888
                    ],
                    [
                        80.28124999999969,
                        7.943749999999888
                    ],
                    [
                        80.27708333333302,
                        7.939583333333239
                    ],
                    [
                        80.27291666666636,
                        7.943749999999888
                    ]
                ]
            }
        },
        {
            "type": "Feature",
            "properties": {
                "HYRIV_ID": 41401937,
                "NEXT_DOWN": 41401903,
                "MAIN_RIV": 41401373,
                "LENGTH_KM": 4.52,
                "DIST_DN_KM": 52.5,
                "DIST_UP_KM": 56.099998,
                "CATCH_SKM": 22.959999,
                "UPLAND_SKM": 536.90002,
                "ENDORHEIC": 0,
                "DIS_AV_CMS": 9.6560001,
                "ORD_STRA": 3,
                "ORD_CLAS": 1,
                "ORD_FLOW": 6,
                "HYBAS_L12": 4121156950.0,
                "Shape_Length": 0.04095177968652235
            },
            "geometry": {
                "type": "LineString",
                "coordinates": [
                    [
                        80.16458333333307,
                        7.935416666666534
                    ],
                    [
                        80.13541666666637,
                        7.935416666666534
                    ],
                    [
                        80.12708333333299,
                        7.943749999999888
                    ]
                ]
            }
        },
        {
            "type": "Feature",
            "properties": {
                "HYRIV_ID": 41401938,
                "NEXT_DOWN": 41401937,
                "MAIN_RIV": 41401373,
                "LENGTH_KM": 6.4,
                "DIST_DN_KM": 57.0,
                "DIST_UP_KM": 51.5,
                "CATCH_SKM": 18.5,
                "UPLAND_SKM": 400.10001,
                "ENDORHEIC": 0,
                "DIS_AV_CMS": 7.2319999,
                "ORD_STRA": 3,
                "ORD_CLAS": 1,
                "ORD_FLOW": 6,
                "HYBAS_L12": 4121156990.0,
                "Shape_Length": 0.057914562235849065
            },
            "geometry": {
                "type": "LineString",
                "coordinates": [
                    [
                        80.2104166666663,
                        7.964583333333188
                    ],
                    [
                        80.20624999999964,
                        7.964583333333188
                    ],
                    [
                        80.1895833333331,
                        7.947916666666551
                    ],
                    [
                        80.18541666666627,
                        7.947916666666551
                    ],
                    [
                        80.18124999999972,
                        7.943749999999888
                    ],
                    [
                        80.1729166666664,
                        7.943749999999888
                    ],
                    [
                        80.16458333333307,
                        7.935416666666534
                    ]
                ]
            }
        },
        {
            "type": "Feature",
            "properties": {
                "HYRIV_ID": 41401951,
                "NEXT_DOWN": 41401937,
                "MAIN_RIV": 41401373,
                "LENGTH_KM": 0.65,
                "DIST_DN_KM": 57.0,
                "DIST_UP_KM": 20.5,
                "CATCH_SKM": 0.21,
                "UPLAND_SKM": 113.8,
                "ENDORHEIC": 0,
                "DIS_AV_CMS": 2.05,
                "ORD_STRA": 2,
                "ORD_CLAS": 2,
                "ORD_FLOW": 6,
                "HYBAS_L12": 4121157000.0,
                "Shape_Length": 0.005892556509802148
            },
            "geometry": {
                "type": "LineString",
                "coordinates": [
                    [
                        80.16874999999962,
                        7.931249999999871
                    ],
                    [
                        80.16458333333307,
                        7.935416666666534
                    ]
                ]
            }
        },
        {
            "type": "Feature",
            "properties": {
                "HYRIV_ID": 41401967,
                "NEXT_DOWN": 41401921,
                "MAIN_RIV": 41401373,
                "LENGTH_KM": 4.9400001,
                "DIST_DN_KM": 32.400002,
                "DIST_UP_KM": 9.4,
                "CATCH_SKM": 24.450001,
                "UPLAND_SKM": 24.4,
                "ENDORHEIC": 0,
                "DIS_AV_CMS": 0.39700001,
                "ORD_STRA": 1,
                "ORD_CLAS": 3,
                "ORD_FLOW": 7,
                "HYBAS_L12": 4121156900.0,
                "Shape_Length": 0.04476100286298818
            },
            "geometry": {
                "type": "LineString",
                "coordinates": [
                    [
                        79.98749999999964,
                        7.927083333333222
                    ],
                    [
                        79.98124999999968,
                        7.927083333333222
                    ],
                    [
                        79.9729166666663,
                        7.935416666666534
                    ],
                    [
                        79.96874999999963,
                        7.935416666666534
                    ],
                    [
                        79.96458333333297,
                        7.939583333333239
                    ],
                    [
                        79.94791666666632,
                        7.939583333333239
                    ]
                ]
            }
        },
        {
            "type": "Feature",
            "properties": {
                "HYRIV_ID": 41401968,
                "NEXT_DOWN": 41401817,
                "MAIN_RIV": 41401373,
                "LENGTH_KM": 4.7399998,
                "DIST_DN_KM": 71.199997,
                "DIST_UP_KM": 37.400002,
                "CATCH_SKM": 9.5699997,
                "UPLAND_SKM": 227.5,
                "ENDORHEIC": 0,
                "DIS_AV_CMS": 4.2810001,
                "ORD_STRA": 3,
                "ORD_CLAS": 1,
                "ORD_FLOW": 6,
                "HYBAS_L12": 4121601290.0,
                "Shape_Length": 0.042677669529616546
            },
            "geometry": {
                "type": "LineString",
                "coordinates": [
                    [
                        80.26458333333298,
                        7.927083333333222
                    ],
                    [
                        80.26458333333298,
                        7.935416666666534
                    ],
                    [
                        80.25624999999965,
                        7.943749999999888
                    ],
                    [
                        80.25624999999965,
                        7.952083333333213
                    ],
                    [
                        80.26041666666632,
                        7.956249999999876
                    ],
                    [
                        80.26041666666632,
                        7.964583333333188
                    ]
                ]
            }
        },
        {
            "type": "Feature",
            "properties": {
                "HYRIV_ID": 41401984,
                "NEXT_DOWN": 41401826,
                "MAIN_RIV": 41401373,
                "LENGTH_KM": 9.6599998,
                "DIST_DN_KM": 41.700001,
                "DIST_UP_KM": 26.0,
                "CATCH_SKM": 27.85,
                "UPLAND_SKM": 102.7,
                "ENDORHEIC": 0,
                "DIS_AV_CMS": 1.78,
                "ORD_STRA": 2,
                "ORD_CLAS": 2,
                "ORD_FLOW": 6,
                "HYBAS_L12": 4121156960.0,
                "Shape_Length": 0.08737734478539137
            },
            "geometry": {
                "type": "LineString",
                "coordinates": [
                    [
                        80.10208333333296,
                        7.922916666666517
                    ],
                    [
                        80.10208333333296,
                        7.927083333333222
                    ],
                    [
                        80.08124999999964,
                        7.947916666666551
                    ],
                    [
                        80.07708333333298,
                        7.947916666666551
                    ],
                    [
                        80.07291666666632,
                        7.952083333333213
                    ],
                    [
                        80.0687499999996,
                        7.952083333333213
                    ],
                    [
                        80.06041666666627,
                        7.943749999999888
                    ],
                    [
                        80.05624999999978,
                        7.947916666666551
                    ],
                    [
                        80.05208333333294,
                        7.947916666666551
                    ],
                    [
                        80.03958333333296,
                        7.960416666666525
                    ]
                ]
            }
        },
        {
            "type": "Feature",
            "properties": {
                "HYRIV_ID": 41402005,
                "NEXT_DOWN": 41401984,
                "MAIN_RIV": 41401373,
                "LENGTH_KM": 1.15,
                "DIST_DN_KM": 51.200001,
                "DIST_UP_KM": 5.6,
                "CATCH_SKM": 8.29,
                "UPLAND_SKM": 8.3,
                "ENDORHEIC": 0,
                "DIS_AV_CMS": 0.142,
                "ORD_STRA": 1,
                "ORD_CLAS": 3,
                "ORD_FLOW": 7,
                "HYBAS_L12": 4121156960.0,
                "Shape_Length": 0.010416666666571928
            },
            "geometry": {
                "type": "LineString",
                "coordinates": [
                    [
                        80.09583333333305,
                        7.918749999999854
                    ],
                    [
                        80.10208333333296,
                        7.918749999999854
                    ],
                    [
                        80.10208333333296,
                        7.922916666666517
                    ]
                ]
            }
        },
        {
            "type": "Feature",
            "properties": {
                "HYRIV_ID": 41402006,
                "NEXT_DOWN": 41401905,
                "MAIN_RIV": 41401373,
                "LENGTH_KM": 12.54,
                "DIST_DN_KM": 74.300003,
                "DIST_UP_KM": 16.6,
                "CATCH_SKM": 44.860001,
                "UPLAND_SKM": 44.900002,
                "ENDORHEIC": 0,
                "DIS_AV_CMS": 0.811,
                "ORD_STRA": 1,
                "ORD_CLAS": 2,
                "ORD_FLOW": 7,
                "HYBAS_L12": 4121601290.0,
                "Shape_Length": 0.11344967525580343
            },
            "geometry": {
                "type": "LineString",
                "coordinates": [
                    [
                        80.35416666666637,
                        7.922916666666517
                    ],
                    [
                        80.3479166666663,
                        7.922916666666517
                    ],
                    [
                        80.3479166666663,
                        7.927083333333222
                    ],
                    [
                        80.33958333333297,
                        7.935416666666534
                    ],
                    [
                        80.3187499999996,
                        7.935416666666534
                    ],
                    [
                        80.31458333333305,
                        7.931249999999871
                    ],
                    [
                        80.31041666666627,
                        7.931249999999871
                    ],
                    [
                        80.2979166666664,
                        7.918749999999854
                    ],
                    [
                        80.28958333333301,
                        7.918749999999854
                    ],
                    [
                        80.28541666666635,
                        7.922916666666517
                    ],
                    [
                        80.28541666666635,
                        7.931249999999871
                    ],
                    [
                        80.28124999999969,
                        7.935416666666534
                    ],
                    [
                        80.27708333333302,
                        7.935416666666534
                    ],
                    [
                        80.27291666666636,
                        7.939583333333239
                    ],
                    [
                        80.27291666666636,
                        7.943749999999888
                    ]
                ]
            }
        },
        {
            "type": "Feature",
            "properties": {
                "HYRIV_ID": 41402021,
                "NEXT_DOWN": 41401840,
                "MAIN_RIV": 41401373,
                "LENGTH_KM": 7.25,
                "DIST_DN_KM": 35.099998,
                "DIST_UP_KM": 13.5,
                "CATCH_SKM": 24.02,
                "UPLAND_SKM": 51.0,
                "ENDORHEIC": 0,
                "DIS_AV_CMS": 0.852,
                "ORD_STRA": 2,
                "ORD_CLAS": 2,
                "ORD_FLOW": 7,
                "HYBAS_L12": 4121156880.0,
                "Shape_Length": 0.0655330085889741
            },
            "geometry": {
                "type": "LineString",
                "coordinates": [
                    [
                        80.03958333333296,
                        7.914583333333205
                    ],
                    [
                        80.03124999999974,
                        7.922916666666517
                    ],
                    [
                        80.03124999999974,
                        7.927083333333222
                    ],
                    [
                        80.02291666666636,
                        7.935416666666534
                    ],
                    [
                        80.0187499999997,
                        7.935416666666534
                    ],
                    [
                        79.99791666666633,
                        7.956249999999876
                    ],
                    [
                        79.99374999999966,
                        7.956249999999876
                    ]
                ]
            }
        },
        {
            "type": "Feature",
            "properties": {
                "HYRIV_ID": 41402022,
                "NEXT_DOWN": 41402021,
                "MAIN_RIV": 41401373,
                "LENGTH_KM": 1.63,
                "DIST_DN_KM": 42.5,
                "DIST_UP_KM": 4.8,
                "CATCH_SKM": 10.21,
                "UPLAND_SKM": 10.2,
                "ENDORHEIC": 0,
                "DIS_AV_CMS": 0.173,
                "ORD_STRA": 1,
                "ORD_CLAS": 3,
                "ORD_FLOW": 7,
                "HYBAS_L12": 4121156880.0,
                "Shape_Length": 0.014731391274706341
            },
            "geometry": {
                "type": "LineString",
                "coordinates": [
                    [
                        80.04999999999964,
                        7.912499999999874
                    ],
                    [
                        80.04374999999962,
                        7.918749999999854
                    ],
                    [
                        80.03958333333296,
                        7.914583333333205
                    ]
                ]
            }
        },
        {
            "type": "Feature",
            "properties": {
                "HYRIV_ID": 41402037,
                "NEXT_DOWN": 41401984,
                "MAIN_RIV": 41401373,
                "LENGTH_KM": 1.58,
                "DIST_DN_KM": 51.3,
                "DIST_UP_KM": 16.3,
                "CATCH_SKM": 3.61,
                "UPLAND_SKM": 66.599998,
                "ENDORHEIC": 0,
                "DIS_AV_CMS": 1.181,
                "ORD_STRA": 2,
                "ORD_CLAS": 2,
                "ORD_FLOW": 6,
                "HYBAS_L12": 4121156960.0,
                "Shape_Length": 0.014225889843194079
            },
            "geometry": {
                "type": "LineString",
                "coordinates": [
                    [
                        80.10624999999962,
                        7.910416666666542
                    ],
                    [
                        80.10624999999962,
                        7.918749999999854
                    ],
                    [
                        80.10208333333296,
                        7.922916666666517
                    ]
                ]
            }
        },
        {
            "type": "Feature",
            "properties": {
                "HYRIV_ID": 41402076,
                "NEXT_DOWN": 41402021,
                "MAIN_RIV": 41401373,
                "LENGTH_KM": 2.75,
                "DIST_DN_KM": 42.5,
                "DIST_UP_KM": 6.0,
                "CATCH_SKM": 16.8,
                "UPLAND_SKM": 16.8,
                "ENDORHEIC": 0,
                "DIS_AV_CMS": 0.287,
                "ORD_STRA": 1,
                "ORD_CLAS": 2,
                "ORD_FLOW": 7,
                "HYBAS_L12": 4121156880.0,
                "Shape_Length": 0.02479061445124759
            },
            "geometry": {
                "type": "LineString",
                "coordinates": [
                    [
                        80.03333333333299,
                        7.895833333333194
                    ],
                    [
                        80.03958333333296,
                        7.902083333333231
                    ],
                    [
                        80.03958333333296,
                        7.906249999999879
                    ],
                    [
                        80.04374999999962,
                        7.910416666666542
                    ],
                    [
                        80.03958333333296,
                        7.914583333333205
                    ]
                ]
            }
        },
        {
            "type": "Feature",
            "properties": {
                "HYRIV_ID": 41402077,
                "NEXT_DOWN": 41402159,
                "MAIN_RIV": 41401373,
                "LENGTH_KM": 4.12,
                "DIST_DN_KM": 97.800003,
                "DIST_UP_KM": 7.6,
                "CATCH_SKM": 13.61,
                "UPLAND_SKM": 13.6,
                "ENDORHEIC": 0,
                "DIS_AV_CMS": 0.258,
                "ORD_STRA": 1,
                "ORD_CLAS": 2,
                "ORD_FLOW": 7,
                "HYBAS_L12": 4121601330.0,
                "Shape_Length": 0.03729061445125703
            },
            "geometry": {
                "type": "LineString",
                "coordinates": [
                    [
                        80.44583333333296,
                        7.912499999999874
                    ],
                    [
                        80.43958333333305,
                        7.906249999999879
                    ],
                    [
                        80.43541666666627,
                        7.906249999999879
                    ],
                    [
                        80.43124999999961,
                        7.902083333333231
                    ],
                    [
                        80.42708333333306,
                        7.902083333333231
                    ],
                    [
                        80.4229166666664,
                        7.897916666666525
                    ],
                    [
                        80.41458333333301,
                        7.897916666666525
                    ]
                ]
            }
        },
        {
            "type": "Feature",
            "properties": {
                "HYRIV_ID": 41402084,
                "NEXT_DOWN": 41401951,
                "MAIN_RIV": 41401373,
                "LENGTH_KM": 5.5700002,
                "DIST_DN_KM": 57.5,
                "DIST_UP_KM": 12.1,
                "CATCH_SKM": 16.8,
                "UPLAND_SKM": 42.099998,
                "ENDORHEIC": 0,
                "DIS_AV_CMS": 0.75800002,
                "ORD_STRA": 2,
                "ORD_CLAS": 3,
                "ORD_FLOW": 7,
                "HYBAS_L12": 4121157000.0,
                "Shape_Length": 0.05029611588271559
            },
            "geometry": {
                "type": "LineString",
                "coordinates": [
                    [
                        80.1937499999996,
                        7.893749999999862
                    ],
                    [
                        80.18541666666627,
                        7.902083333333231
                    ],
                    [
                        80.18124999999972,
                        7.902083333333231
                    ],
                    [
                        80.17708333333294,
                        7.906249999999879
                    ],
                    [
                        80.17708333333294,
                        7.910416666666542
                    ],
                    [
                        80.1729166666664,
                        7.914583333333205
                    ],
                    [
                        80.1729166666664,
                        7.922916666666517
                    ],
                    [
                        80.16874999999962,
                        7.927083333333222
                    ],
                    [
                        80.16874999999962,
                        7.931249999999871
                    ]
                ]
            }
        },
        {
            "type": "Feature",
            "properties": {
                "HYRIV_ID": 41402085,
                "NEXT_DOWN": 41402084,
                "MAIN_RIV": 41401373,
                "LENGTH_KM": 0.69,
                "DIST_DN_KM": 63.0,
                "DIST_UP_KM": 4.1,
                "CATCH_SKM": 8.9300003,
                "UPLAND_SKM": 8.9,
                "ENDORHEIC": 0,
                "DIS_AV_CMS": 0.162,
                "ORD_STRA": 1,
                "ORD_CLAS": 4,
                "ORD_FLOW": 7,
                "HYBAS_L12": 4121157000.0,
                "Shape_Length": 0.006250000000079581
            },
            "geometry": {
                "type": "LineString",
                "coordinates": [
                    [
                        80.19999999999968,
                        7.893749999999862
                    ],
                    [
                        80.1937499999996,
                        7.893749999999862
                    ]
                ]
            }
        },
        {
            "type": "Feature",
            "properties": {
                "HYRIV_ID": 41402086,
                "NEXT_DOWN": 41402159,
                "MAIN_RIV": 41401373,
                "LENGTH_KM": 0.69,
                "DIST_DN_KM": 97.800003,
                "DIST_UP_KM": 4.7,
                "CATCH_SKM": 7.6599998,
                "UPLAND_SKM": 7.7,
                "ENDORHEIC": 0,
                "DIS_AV_CMS": 0.146,
                "ORD_STRA": 1,
                "ORD_CLAS": 3,
                "ORD_FLOW": 7,
                "HYBAS_L12": 4121601330.0,
                "Shape_Length": 0.006249999999994316
            },
            "geometry": {
                "type": "LineString",
                "coordinates": [
                    [
                        80.41458333333301,
                        7.891666666666531
                    ],
                    [
                        80.41458333333301,
                        7.897916666666525
                    ]
                ]
            }
        },
        {
            "type": "Feature",
            "properties": {
                "HYRIV_ID": 41402120,
                "NEXT_DOWN": 41402037,
                "MAIN_RIV": 41401373,
                "LENGTH_KM": 3.48,
                "DIST_DN_KM": 52.700001,
                "DIST_UP_KM": 6.9,
                "CATCH_SKM": 14.88,
                "UPLAND_SKM": 14.9,
                "ENDORHEIC": 0,
                "DIS_AV_CMS": 0.26,
                "ORD_STRA": 1,
                "ORD_CLAS": 3,
                "ORD_FLOW": 7,
                "HYBAS_L12": 4121156960.0,
                "Shape_Length": 0.031398057941315935
            },
            "geometry": {
                "type": "LineString",
                "coordinates": [
                    [
                        80.09583333333305,
                        7.883333333333219
                    ],
                    [
                        80.10624999999962,
                        7.893749999999862
                    ],
                    [
                        80.10624999999962,
                        7.910416666666542
                    ]
                ]
            }
        },
        {
            "type": "Feature",
            "properties": {
                "HYRIV_ID": 41402121,
                "NEXT_DOWN": 41402140,
                "MAIN_RIV": 41401373,
                "LENGTH_KM": 5.71,
                "DIST_DN_KM": 90.900002,
                "DIST_UP_KM": 8.9,
                "CATCH_SKM": 26.15,
                "UPLAND_SKM": 26.200001,
                "ENDORHEIC": 0,
                "DIS_AV_CMS": 0.487,
                "ORD_STRA": 1,
                "ORD_CLAS": 2,
                "ORD_FLOW": 7,
                "HYBAS_L12": 4121601330.0,
                "Shape_Length": 0.05166456223584012
            },
            "geometry": {
                "type": "LineString",
                "coordinates": [
                    [
                        80.40416666666627,
                        7.914583333333205
                    ],
                    [
                        80.39791666666636,
                        7.914583333333205
                    ],
                    [
                        80.38124999999965,
                        7.897916666666525
                    ],
                    [
                        80.37708333333299,
                        7.897916666666525
                    ],
                    [
                        80.36458333333294,
                        7.885416666666551
                    ]
                ]
            }
        },
        {
            "type": "Feature",
            "properties": {
                "HYRIV_ID": 41402138,
                "NEXT_DOWN": 41402037,
                "MAIN_RIV": 41401373,
                "LENGTH_KM": 3.81,
                "DIST_DN_KM": 52.900002,
                "DIST_UP_KM": 14.7,
                "CATCH_SKM": 9.9899998,
                "UPLAND_SKM": 48.099998,
                "ENDORHEIC": 0,
                "DIS_AV_CMS": 0.86,
                "ORD_STRA": 2,
                "ORD_CLAS": 2,
                "ORD_FLOW": 7,
                "HYBAS_L12": 4121156960.0,
                "Shape_Length": 0.03434433619635768
            },
            "geometry": {
                "type": "LineString",
                "coordinates": [
                    [
                        80.11874999999966,
                        7.881249999999888
                    ],
                    [
                        80.11874999999966,
                        7.893749999999862
                    ],
                    [
                        80.114583333333,
                        7.897916666666525
                    ],
                    [
                        80.114583333333,
                        7.902083333333231
                    ],
                    [
                        80.10624999999962,
                        7.910416666666542
                    ]
                ]
            }
        },
        {
            "type": "Feature",
            "properties": {
                "HYRIV_ID": 41402139,
                "NEXT_DOWN": 41402138,
                "MAIN_RIV": 41401373,
                "LENGTH_KM": 1.61,
                "DIST_DN_KM": 56.5,
                "DIST_UP_KM": 4.4,
                "CATCH_SKM": 6.5900002,
                "UPLAND_SKM": 6.6,
                "ENDORHEIC": 0,
                "DIS_AV_CMS": 0.117,
                "ORD_STRA": 1,
                "ORD_CLAS": 3,
                "ORD_FLOW": 7,
                "HYBAS_L12": 4121156960.0,
                "Shape_Length": 0.014583333333291648
            },
            "geometry": {
                "type": "LineString",
                "coordinates": [
                    [
                        80.13333333333296,
                        7.881249999999888
                    ],
                    [
                        80.11874999999966,
                        7.881249999999888
                    ]
                ]
            }
        },
        {
            "type": "Feature",
            "properties": {
                "HYRIV_ID": 41402140,
                "NEXT_DOWN": 41401968,
                "MAIN_RIV": 41401373,
                "LENGTH_KM": 14.76,
                "DIST_DN_KM": 76.099998,
                "DIST_UP_KM": 32.400002,
                "CATCH_SKM": 42.52,
                "UPLAND_SKM": 178.8,
                "ENDORHEIC": 0,
                "DIS_AV_CMS": 3.388,
                "ORD_STRA": 3,
                "ORD_CLAS": 1,
                "ORD_FLOW": 6,
                "HYBAS_L12": 4121601290.0,
                "Shape_Length": 0.13350679400133558
            },
            "geometry": {
                "type": "LineString",
                "coordinates": [
                    [
                        80.36458333333294,
                        7.885416666666551
                    ],
                    [
                        80.36041666666628,
                        7.881249999999888
                    ],
                    [
                        80.35624999999962,
                        7.881249999999888
                    ],
                    [
                        80.3479166666663,
                        7.889583333333213
                    ],
                    [
                        80.34374999999963,
                        7.885416666666551
                    ],
                    [
                        80.33958333333297,
                        7.885416666666551
                    ],
                    [
                        80.33124999999964,
                        7.893749999999862
                    ],
                    [
                        80.32708333333292,
                        7.893749999999862
                    ],
                    [
                        80.32291666666643,
                        7.897916666666525
                    ],
                    [
                        80.3187499999996,
                        7.893749999999862
                    ],
                    [
                        80.30624999999961,
                        7.893749999999862
                    ],
                    [
                        80.30208333333294,
                        7.889583333333213
                    ],
                    [
                        80.2979166666664,
                        7.889583333333213
                    ],
                    [
                        80.28541666666635,
                        7.902083333333231
                    ],
                    [
                        80.28541666666635,
                        7.906249999999879
                    ],
                    [
                        80.26458333333298,
                        7.927083333333222
                    ]
                ]
            }
        },
        {
            "type": "Feature",
            "properties": {
                "HYRIV_ID": 41402157,
                "NEXT_DOWN": 41401921,
                "MAIN_RIV": 41401373,
                "LENGTH_KM": 10.98,
                "DIST_DN_KM": 32.400002,
                "DIST_UP_KM": 16.4,
                "CATCH_SKM": 52.3,
                "UPLAND_SKM": 52.3,
                "ENDORHEIC": 0,
                "DIS_AV_CMS": 0.85799998,
                "ORD_STRA": 1,
                "ORD_CLAS": 2,
                "ORD_FLOW": 7,
                "HYBAS_L12": 4121156900.0,
                "Shape_Length": 0.09922378541251192
            },
            "geometry": {
                "type": "LineString",
                "coordinates": [
                    [
                        79.98749999999964,
                        7.877083333333239
                    ],
                    [
                        79.96874999999963,
                        7.877083333333239
                    ],
                    [
                        79.96458333333297,
                        7.881249999999888
                    ],
                    [
                        79.9604166666663,
                        7.881249999999888
                    ],
                    [
                        79.94791666666632,
                        7.893749999999862
                    ],
                    [
                        79.95208333333298,
                        7.897916666666525
                    ],
                    [
                        79.9437499999996,
                        7.906249999999879
                    ],
                    [
                        79.9437499999996,
                        7.931249999999871
                    ],
                    [
                        79.94791666666632,
                        7.935416666666534
                    ],
                    [
                        79.94791666666632,
                        7.939583333333239
                    ]
                ]
            }
        },
        {
            "type": "Feature",
            "properties": {
                "HYRIV_ID": 41402158,
                "NEXT_DOWN": 41402140,
                "MAIN_RIV": 41401373,
                "LENGTH_KM": 1.3,
                "DIST_DN_KM": 90.900002,
                "DIST_UP_KM": 17.700001,
                "CATCH_SKM": 1.7,
                "UPLAND_SKM": 110.1,
                "ENDORHEIC": 0,
                "DIS_AV_CMS": 2.131,
                "ORD_STRA": 3,
                "ORD_CLAS": 1,
                "ORD_FLOW": 6,
                "HYBAS_L12": 4121601330.0,
                "Shape_Length": 0.011785113019795219
            },
            "geometry": {
                "type": "LineString",
                "coordinates": [
                    [
                        80.37291666666633,
                        7.877083333333239
                    ],
                    [
                        80.36458333333294,
                        7.885416666666551
                    ]
                ]
            }
        },
        {
            "type": "Feature",
            "properties": {
                "HYRIV_ID": 41402159,
                "NEXT_DOWN": 41402158,
                "MAIN_RIV": 41401373,
                "LENGTH_KM": 5.83,
                "DIST_DN_KM": 92.199997,
                "DIST_UP_KM": 13.2,
                "CATCH_SKM": 12.33,
                "UPLAND_SKM": 33.599998,
                "ENDORHEIC": 0,
                "DIS_AV_CMS": 0.63800001,
                "ORD_STRA": 2,
                "ORD_CLAS": 2,
                "ORD_FLOW": 7,
                "HYBAS_L12": 4121601330.0,
                "Shape_Length": 0.05273689270620287
            },
            "geometry": {
                "type": "LineString",
                "coordinates": [
                    [
                        80.41458333333301,
                        7.897916666666525
                    ],
                    [
                        80.40624999999969,
                        7.897916666666525
                    ],
                    [
                        80.40208333333302,
                        7.893749999999862
                    ],
                    [
                        80.40208333333302,
                        7.889583333333213
                    ],
                    [
                        80.39791666666636,
                        7.885416666666551
                    ],
                    [
                        80.39374999999964,
                        7.885416666666551
                    ],
                    [
                        80.38958333333298,
                        7.881249999999888
                    ],
                    [
                        80.37708333333299,
                        7.881249999999888
                    ],
                    [
                        80.37291666666633,
                        7.877083333333239
                    ]
                ]
            }
        },
        {
            "type": "Feature",
            "properties": {
                "HYRIV_ID": 41402173,
                "NEXT_DOWN": 41402084,
                "MAIN_RIV": 41401373,
                "LENGTH_KM": 3.29,
                "DIST_DN_KM": 63.0,
                "DIST_UP_KM": 6.5,
                "CATCH_SKM": 16.370001,
                "UPLAND_SKM": 16.4,
                "ENDORHEIC": 0,
                "DIS_AV_CMS": 0.3,
                "ORD_STRA": 1,
                "ORD_CLAS": 3,
                "ORD_FLOW": 7,
                "HYBAS_L12": 4121157000.0,
                "Shape_Length": 0.029672168098216857
            },
            "geometry": {
                "type": "LineString",
                "coordinates": [
                    [
                        80.20416666666634,
                        7.870833333333202
                    ],
                    [
                        80.19791666666632,
                        7.877083333333239
                    ],
                    [
                        80.1937499999996,
                        7.877083333333239
                    ],
                    [
                        80.1937499999996,
                        7.893749999999862
                    ]
                ]
            }
        },
        {
            "type": "Feature",
            "properties": {
                "HYRIV_ID": 41402218,
                "NEXT_DOWN": 41401951,
                "MAIN_RIV": 41401373,
                "LENGTH_KM": 17.540001,
                "DIST_DN_KM": 57.400002,
                "DIST_UP_KM": 20.0,
                "CATCH_SKM": 71.440002,
                "UPLAND_SKM": 71.400002,
                "ENDORHEIC": 0,
                "DIS_AV_CMS": 1.289,
                "ORD_STRA": 1,
                "ORD_CLAS": 2,
                "ORD_FLOW": 6,
                "HYBAS_L12": 4121157000.0,
                "Shape_Length": 0.1585681216088177
            },
            "geometry": {
                "type": "LineString",
                "coordinates": [
                    [
                        80.26666666666645,
                        7.860416666666559
                    ],
                    [
                        80.25208333333299,
                        7.860416666666559
                    ],
                    [
                        80.24791666666633,
                        7.864583333333222
                    ],
                    [
                        80.24791666666633,
                        7.877083333333239
                    ],
                    [
                        80.24374999999966,
                        7.881249999999888
                    ],
                    [
                        80.24374999999966,
                        7.902083333333231
                    ],
                    [
                        80.23958333333294,
                        7.906249999999879
                    ],
                    [
                        80.23541666666628,
                        7.906249999999879
                    ],
                    [
                        80.23124999999962,
                        7.910416666666542
                    ],
                    [
                        80.23124999999962,
                        7.918749999999854
                    ],
                    [
                        80.22708333333296,
                        7.922916666666517
                    ],
                    [
                        80.2229166666663,
                        7.922916666666517
                    ],
                    [
                        80.21458333333297,
                        7.931249999999871
                    ],
                    [
                        80.2104166666663,
                        7.931249999999871
                    ],
                    [
                        80.20624999999964,
                        7.927083333333222
                    ],
                    [
                        80.20208333333298,
                        7.927083333333222
                    ],
                    [
                        80.1937499999996,
                        7.935416666666534
                    ],
                    [
                        80.1895833333331,
                        7.935416666666534
                    ],
                    [
                        80.18541666666627,
                        7.931249999999871
                    ],
                    [
                        80.16874999999962,
                        7.931249999999871
                    ]
                ]
            }
        },
        {
            "type": "Feature",
            "properties": {
                "HYRIV_ID": 41402219,
                "NEXT_DOWN": 41402158,
                "MAIN_RIV": 41401373,
                "LENGTH_KM": 2.04,
                "DIST_DN_KM": 92.0,
                "DIST_UP_KM": 16.6,
                "CATCH_SKM": 3.4,
                "UPLAND_SKM": 74.900002,
                "ENDORHEIC": 0,
                "DIS_AV_CMS": 1.461,
                "ORD_STRA": 2,
                "ORD_CLAS": 1,
                "ORD_FLOW": 6,
                "HYBAS_L12": 4121601330.0,
                "Shape_Length": 0.01839255650989959
            },
            "geometry": {
                "type": "LineString",
                "coordinates": [
                    [
                        80.37708333333299,
                        7.860416666666559
                    ],
                    [
                        80.37291666666633,
                        7.864583333333222
                    ],
                    [
                        80.37291666666633,
                        7.877083333333239
                    ]
                ]
            }
        },
        {
            "type": "Feature",
            "properties": {
                "HYRIV_ID": 41402253,
                "NEXT_DOWN": 41402138,
                "MAIN_RIV": 41401373,
                "LENGTH_KM": 7.5500002,
                "DIST_DN_KM": 56.700001,
                "DIST_UP_KM": 10.9,
                "CATCH_SKM": 31.469999,
                "UPLAND_SKM": 31.5,
                "ENDORHEIC": 0,
                "DIS_AV_CMS": 0.57,
                "ORD_STRA": 1,
                "ORD_CLAS": 2,
                "ORD_FLOW": 7,
                "HYBAS_L12": 4121156960.0,
                "Shape_Length": 0.06833122890252838
            },
            "geometry": {
                "type": "LineString",
                "coordinates": [
                    [
                        80.16666666666632,
                        7.852083333333205
                    ],
                    [
                        80.15624999999969,
                        7.852083333333205
                    ],
                    [
                        80.1437499999997,
                        7.864583333333222
                    ],
                    [
                        80.13958333333304,
                        7.864583333333222
                    ],
                    [
                        80.13124999999965,
                        7.872916666666534
                    ],
                    [
                        80.11874999999966,
                        7.872916666666534
                    ],
                    [
                        80.114583333333,
                        7.877083333333239
                    ],
                    [
                        80.11874999999966,
                        7.881249999999888
                    ]
                ]
            }
        },
        {
            "type": "Feature",
            "properties": {
                "HYRIV_ID": 41402263,
                "NEXT_DOWN": 41401968,
                "MAIN_RIV": 41401373,
                "LENGTH_KM": 14.53,
                "DIST_DN_KM": 76.099998,
                "DIST_UP_KM": 17.8,
                "CATCH_SKM": 39.130001,
                "UPLAND_SKM": 39.099998,
                "ENDORHEIC": 0,
                "DIS_AV_CMS": 0.73500001,
                "ORD_STRA": 1,
                "ORD_CLAS": 2,
                "ORD_FLOW": 7,
                "HYBAS_L12": 4121601290.0,
                "Shape_Length": 0.13127540272660912
            },
            "geometry": {
                "type": "LineString",
                "coordinates": [
                    [
                        80.34166666666633,
                        7.845833333333211
                    ],
                    [
                        80.3354166666663,
                        7.852083333333205
                    ],
                    [
                        80.3354166666663,
                        7.856249999999896
                    ],
                    [
                        80.32708333333292,
                        7.864583333333222
                    ],
                    [
                        80.32291666666643,
                        7.864583333333222
                    ],
                    [
                        80.3187499999996,
                        7.868749999999871
                    ],
                    [
                        80.31458333333305,
                        7.868749999999871
                    ],
                    [
                        80.31041666666627,
                        7.872916666666534
                    ],
                    [
                        80.2979166666664,
                        7.872916666666534
                    ],
                    [
                        80.28541666666635,
                        7.885416666666551
                    ],
                    [
                        80.28124999999969,
                        7.885416666666551
                    ],
                    [
                        80.2687499999997,
                        7.897916666666525
                    ],
                    [
                        80.2687499999997,
                        7.902083333333231
                    ],
                    [
                        80.26041666666632,
                        7.910416666666542
                    ],
                    [
                        80.26041666666632,
                        7.922916666666517
                    ],
                    [
                        80.26458333333298,
                        7.927083333333222
                    ]
                ]
            }
        },
        {
            "type": "Feature",
            "properties": {
                "HYRIV_ID": 41402264,
                "NEXT_DOWN": 41402219,
                "MAIN_RIV": 41401373,
                "LENGTH_KM": 2.87,
                "DIST_DN_KM": 94.0,
                "DIST_UP_KM": 14.5,
                "CATCH_SKM": 5.9499998,
                "UPLAND_SKM": 59.3,
                "ENDORHEIC": 0,
                "DIS_AV_CMS": 1.16,
                "ORD_STRA": 2,
                "ORD_CLAS": 1,
                "ORD_FLOW": 6,
                "HYBAS_L12": 4121601330.0,
                "Shape_Length": 0.026011002863033657
            },
            "geometry": {
                "type": "LineString",
                "coordinates": [
                    [
                        80.39791666666636,
                        7.847916666666542
                    ],
                    [
                        80.39374999999964,
                        7.852083333333205
                    ],
                    [
                        80.38958333333298,
                        7.852083333333205
                    ],
                    [
                        80.38124999999965,
                        7.860416666666559
                    ],
                    [
                        80.37708333333299,
                        7.860416666666559
                    ]
                ]
            }
        },
        {
            "type": "Feature",
            "properties": {
                "HYRIV_ID": 41402265,
                "NEXT_DOWN": 41402264,
                "MAIN_RIV": 41401373,
                "LENGTH_KM": 7.89,
                "DIST_DN_KM": 97.099998,
                "DIST_UP_KM": 10.5,
                "CATCH_SKM": 25.73,
                "UPLAND_SKM": 25.700001,
                "ENDORHEIC": 0,
                "DIS_AV_CMS": 0.49900001,
                "ORD_STRA": 1,
                "ORD_CLAS": 2,
                "ORD_FLOW": 7,
                "HYBAS_L12": 4121601330.0,
                "Shape_Length": 0.0714868927061917
            },
            "geometry": {
                "type": "LineString",
                "coordinates": [
                    [
                        80.45416666666634,
                        7.872916666666534
                    ],
                    [
                        80.42708333333306,
                        7.872916666666534
                    ],
                    [
                        80.4229166666664,
                        7.868749999999871
                    ],
                    [
                        80.41874999999968,
                        7.868749999999871
                    ],
                    [
                        80.41458333333301,
                        7.864583333333222
                    ],
                    [
                        80.41458333333301,
                        7.856249999999896
                    ],
                    [
                        80.41041666666635,
                        7.852083333333205
                    ],
                    [
                        80.40208333333302,
                        7.852083333333205
                    ],
                    [
                        80.39791666666636,
                        7.847916666666542
                    ]
                ]
            }
        },
        {
            "type": "Feature",
            "properties": {
                "HYRIV_ID": 41402294,
                "NEXT_DOWN": 41402219,
                "MAIN_RIV": 41401373,
                "LENGTH_KM": 3.12,
                "DIST_DN_KM": 94.199997,
                "DIST_UP_KM": 6.5,
                "CATCH_SKM": 12.12,
                "UPLAND_SKM": 12.1,
                "ENDORHEIC": 0,
                "DIS_AV_CMS": 0.23800001,
                "ORD_STRA": 1,
                "ORD_CLAS": 2,
                "ORD_FLOW": 7,
                "HYBAS_L12": 4121601330.0,
                "Shape_Length": 0.02809433619631901
            },
            "geometry": {
                "type": "LineString",
                "coordinates": [
                    [
                        80.38124999999965,
                        7.837499999999899
                    ],
                    [
                        80.38124999999965,
                        7.843749999999879
                    ],
                    [
                        80.37291666666633,
                        7.852083333333205
                    ],
                    [
                        80.37291666666633,
                        7.856249999999896
                    ],
                    [
                        80.37708333333299,
                        7.860416666666559
                    ]
                ]
            }
        },
        {
            "type": "Feature",
            "properties": {
                "HYRIV_ID": 41402295,
                "NEXT_DOWN": 41402327,
                "MAIN_RIV": 41401373,
                "LENGTH_KM": 0.69,
                "DIST_DN_KM": 102.9,
                "DIST_UP_KM": 4.9,
                "CATCH_SKM": 5.7399998,
                "UPLAND_SKM": 5.7,
                "ENDORHEIC": 0,
                "DIS_AV_CMS": 0.113,
                "ORD_STRA": 1,
                "ORD_CLAS": 2,
                "ORD_FLOW": 7,
                "HYBAS_L12": 4121601330.0,
                "Shape_Length": 0.0062499999999090505
            },
            "geometry": {
                "type": "LineString",
                "coordinates": [
                    [
                        80.44583333333296,
                        7.839583333333216
                    ],
                    [
                        80.43958333333305,
                        7.839583333333216
                    ]
                ]
            }
        },
        {
            "type": "Feature",
            "properties": {
                "HYRIV_ID": 41402311,
                "NEXT_DOWN": 41402327,
                "MAIN_RIV": 41401373,
                "LENGTH_KM": 2.72,
                "DIST_DN_KM": 103.1,
                "DIST_UP_KM": 5.4,
                "CATCH_SKM": 11.48,
                "UPLAND_SKM": 11.5,
                "ENDORHEIC": 0,
                "DIS_AV_CMS": 0.229,
                "ORD_STRA": 1,
                "ORD_CLAS": 1,
                "ORD_FLOW": 7,
                "HYBAS_L12": 4121601330.0,
                "Shape_Length": 0.02464255650986031
            },
            "geometry": {
                "type": "LineString",
                "coordinates": [
                    [
                        80.46249999999966,
                        7.835416666666568
                    ],
                    [
                        80.4437499999996,
                        7.835416666666568
                    ],
                    [
                        80.43958333333305,
                        7.839583333333216
                    ]
                ]
            }
        },
        {
            "type": "Feature",
            "properties": {
                "HYRIV_ID": 41402327,
                "NEXT_DOWN": 41402264,
                "MAIN_RIV": 41401373,
                "LENGTH_KM": 6.02,
                "DIST_DN_KM": 97.099998,
                "DIST_UP_KM": 11.5,
                "CATCH_SKM": 10.42,
                "UPLAND_SKM": 27.6,
                "ENDORHEIC": 0,
                "DIS_AV_CMS": 0.547,
                "ORD_STRA": 2,
                "ORD_CLAS": 1,
                "ORD_FLOW": 7,
                "HYBAS_L12": 4121601330.0,
                "Shape_Length": 0.05446278254943288
            },
            "geometry": {
                "type": "LineString",
                "coordinates": [
                    [
                        80.43958333333305,
                        7.839583333333216
                    ],
                    [
                        80.43541666666627,
                        7.835416666666568
                    ],
                    [
                        80.4229166666664,
                        7.835416666666568
                    ],
                    [
                        80.41874999999968,
                        7.831249999999862
                    ],
                    [
                        80.41458333333301,
                        7.831249999999862
                    ],
                    [
                        80.41041666666635,
                        7.835416666666568
                    ],
                    [
                        80.41041666666635,
                        7.839583333333216
                    ],
                    [
                        80.40624999999969,
                        7.843749999999879
                    ],
                    [
                        80.40208333333302,
                        7.843749999999879
                    ],
                    [
                        80.39791666666636,
                        7.847916666666542
                    ]
                ]
            }
        }
    ]
}