{
    "type": "FeatureCollection",
    "features": [
        {
            "type": "Feature",
            "properties": {
                "HYRIV_ID": 41406130,
                "NEXT_DOWN": 41406172,
                "MAIN_RIV": 41409262,
                "LENGTH_KM": 1.5700001,
                "DIST_DN_KM": 95.5,
                "DIST_UP_KM": 14.1,
                "CATCH_SKM": 2.98,
                "UPLAND_SKM": 43.700001,
                "ENDORHEIC": 0,
                "DIS_AV_CMS": 1.224,
                "ORD_STRA": 2,
                "ORD_CLAS": 1,
                "ORD_FLOW": 6,
                "HYBAS_L12": 4121602170.0,
                "Shape_Length": 0.014225889843255086
            },
            "geometry": {
                "type": "LineString",
                "coordinates": [
                    [
                        81.06458333333299,
                        6.847916666666571
                    ],
                    [
                        81.06874999999965,
                        6.847916666666571
                    ],
                    [
                        81.07291666666632,
                        6.84375
                    ],
                    [
                        81.07708333333304,
                        6.84375
                    ]
                ]
            }
        },
        {
            "type": "Feature",
            "properties": {
                "HYRIV_ID": 41406131,
                "NEXT_DOWN": 41406172,
                "MAIN_RIV": 41409262,
                "LENGTH_KM": 1.35,
                "DIST_DN_KM": 95.699997,
                "DIST_UP_KM": 3.6,
                "CATCH_SKM": 5.9699998,
                "UPLAND_SKM": 6.0,
                "ENDORHEIC": 0,
                "DIS_AV_CMS": 0.162,
                "ORD_STRA": 1,
                "ORD_CLAS": 2,
                "ORD_FLOW": 7,
                "HYBAS_L12": 4121602170.0,
                "Shape_Length": 0.012142556509906997
            },
            "geometry": {
                "type": "LineString",
                "coordinates": [
                    [
                        81.07291666666632,
                        6.854166666666565
                    ],
                    [
                        81.07291666666632,
                        6.847916666666571
                    ],
                    [
                        81.07708333333304,
                        6.84375
                    ]
                ]
            }
        },
        {
            "type": "Feature",
            "properties": {
                "HYRIV_ID": 41406171,
                "NEXT_DOWN": 41406130,
                "MAIN_RIV": 41409262,
                "LENGTH_KM": 9.71,
                "DIST_DN_KM": 97.099998,
                "DIST_UP_KM": 12.5,
                "CATCH_SKM": 21.530001,
                "UPLAND_SKM": 21.5,
                "ENDORHEIC": 0,
                "DIS_AV_CMS": 0.60600001,
                "ORD_STRA": 1,
                "ORD_CLAS": 1,
                "ORD_FLOW": 7,
                "HYBAS_L12": 4121602170.0,
                "Shape_Length": 0.08758673033398999
            },
            "geometry": {
                "type": "LineString",
                "coordinates": [
                    [
                        81.01249999999968,
                        6.833333333333236
                    ],
                    [
                        81.01874999999964,
                        6.839583333333216
                    ],
                    [
                        81.0229166666663,
                        6.839583333333216
                    ],
                    [
                        81.02708333333297,
                        6.84375
                    ],
                    [
                        81.0354166666663,
                        6.84375
                    ],
                    [
                        81.04374999999962,
                        6.852083333333233
                    ],
                    [
                        81.04374999999962,
                        6.864583333333208
                    ],
                    [
                        81.04791666666628,
                        6.868749999999871
                    ],
                    [
                        81.052083333333,
                        6.868749999999871
                    ],
                    [
                        81.06041666666633,
                        6.860416666666559
                    ],
                    [
                        81.06041666666633,
                        6.856249999999896
                    ],
                    [
                        81.06458333333299,
                        6.852083333333233
                    ],
                    [
                        81.06458333333299,
                        6.847916666666571
                    ]
                ]
            }
        },
        {
            "type": "Feature",
            "properties": {
                "HYRIV_ID": 41406172,
                "NEXT_DOWN": 41406194,
                "MAIN_RIV": 41409262,
                "LENGTH_KM": 1.31,
                "DIST_DN_KM": 94.400002,
                "DIST_UP_KM": 15.2,
                "CATCH_SKM": 4.48,
                "UPLAND_SKM": 54.099998,
                "ENDORHEIC": 0,
                "DIS_AV_CMS": 1.5039999,
                "ORD_STRA": 2,
                "ORD_CLAS": 1,
                "ORD_FLOW": 6,
                "HYBAS_L12": 4121602170.0,
                "Shape_Length": 0.01178511301971483
            },
            "geometry": {
                "type": "LineString",
                "coordinates": [
                    [
                        81.07708333333304,
                        6.84375
                    ],
                    [
                        81.08541666666625,
                        6.835416666666553
                    ]
                ]
            }
        },
        {
            "type": "Feature",
            "properties": {
                "HYRIV_ID": 41406173,
                "NEXT_DOWN": 41406194,
                "MAIN_RIV": 41409262,
                "LENGTH_KM": 1.4400001,
                "DIST_DN_KM": 94.199997,
                "DIST_UP_KM": 3.7,
                "CATCH_SKM": 5.12,
                "UPLAND_SKM": 5.1,
                "ENDORHEIC": 0,
                "DIS_AV_CMS": 0.13600001,
                "ORD_STRA": 1,
                "ORD_CLAS": 2,
                "ORD_FLOW": 7,
                "HYBAS_L12": 4121602170.0,
                "Shape_Length": 0.013005501431540077
            },
            "geometry": {
                "type": "LineString",
                "coordinates": [
                    [
                        81.09583333333293,
                        6.841666666666548
                    ],
                    [
                        81.08958333333302,
                        6.835416666666553
                    ],
                    [
                        81.08541666666625,
                        6.835416666666553
                    ]
                ]
            }
        },
        {
            "type": "Feature",
            "properties": {
                "HYRIV_ID": 41406194,
                "NEXT_DOWN": 41406577,
                "MAIN_RIV": 41409262,
                "LENGTH_KM": 0.46,
                "DIST_DN_KM": 93.800003,
                "DIST_UP_KM": 15.9,
                "CATCH_SKM": 0.43,
                "UPLAND_SKM": 59.700001,
                "ENDORHEIC": 0,
                "DIS_AV_CMS": 1.649,
                "ORD_STRA": 2,
                "ORD_CLAS": 1,
                "ORD_FLOW": 6,
                "HYBAS_L12": 4121602170.0,
                "Shape_Length": 0.004166666666648666
            },
            "geometry": {
                "type": "LineString",
                "coordinates": [
                    [
                        81.08541666666625,
                        6.835416666666553
                    ],
                    [
                        81.08541666666625,
                        6.83125
                    ]
                ]
            }
        },
        {
            "type": "Feature",
            "properties": {
                "HYRIV_ID": 41406220,
                "NEXT_DOWN": 41406577,
                "MAIN_RIV": 41409262,
                "LENGTH_KM": 1.4400001,
                "DIST_DN_KM": 93.800003,
                "DIST_UP_KM": 4.5,
                "CATCH_SKM": 5.75,
                "UPLAND_SKM": 5.8,
                "ENDORHEIC": 0,
                "DIS_AV_CMS": 0.159,
                "ORD_STRA": 1,
                "ORD_CLAS": 2,
                "ORD_FLOW": 7,
                "HYBAS_L12": 4121602170.0,
                "Shape_Length": 0.013005501431463434
            },
            "geometry": {
                "type": "LineString",
                "coordinates": [
                    [
                        81.07499999999962,
                        6.824999999999868
                    ],
                    [
                        81.0812499999997,
                        6.83125
                    ],
                    [
                        81.08541666666625,
                        6.83125
                    ]
                ]
            }
        },
        {
            "type": "Feature",
            "properties": {
                "HYRIV_ID": 41406283,
                "NEXT_DOWN": 41406130,
                "MAIN_RIV": 41409262,
                "LENGTH_KM": 5.4400001,
                "DIST_DN_KM": 97.300003,
                "DIST_UP_KM": 8.3,
                "CATCH_SKM": 19.18,
                "UPLAND_SKM": 19.200001,
                "ENDORHEIC": 0,
                "DIS_AV_CMS": 0.54100001,
                "ORD_STRA": 1,
                "ORD_CLAS": 2,
                "ORD_FLOW": 7,
                "HYBAS_L12": 4121602170.0,
                "Shape_Length": 0.04907572747112919
            },
            "geometry": {
                "type": "LineString",
                "coordinates": [
                    [
                        81.0374999999996,
                        6.812499999999893
                    ],
                    [
                        81.04374999999962,
                        6.818749999999888
                    ],
                    [
                        81.04374999999962,
                        6.822916666666579
                    ],
                    [
                        81.04791666666628,
                        6.827083333333199
                    ],
                    [
                        81.04791666666628,
                        6.83125
                    ],
                    [
                        81.05624999999966,
                        6.839583333333216
                    ],
                    [
                        81.05624999999966,
                        6.84375
                    ],
                    [
                        81.06041666666633,
                        6.84375
                    ],
                    [
                        81.06458333333299,
                        6.847916666666571
                    ]
                ]
            }
        },
        {
            "type": "Feature",
            "properties": {
                "HYRIV_ID": 41406526,
                "NEXT_DOWN": 41406576,
                "MAIN_RIV": 41409262,
                "LENGTH_KM": 1.61,
                "DIST_DN_KM": 83.300003,
                "DIST_UP_KM": 4.7,
                "CATCH_SKM": 6.8200002,
                "UPLAND_SKM": 6.8,
                "ENDORHEIC": 0,
                "DIS_AV_CMS": 0.18700001,
                "ORD_STRA": 1,
                "ORD_CLAS": 3,
                "ORD_FLOW": 7,
                "HYBAS_L12": 4121602170.0,
                "Shape_Length": 0.014583333333405335
            },
            "geometry": {
                "type": "LineString",
                "coordinates": [
                    [
                        81.08333333333294,
                        6.760416666666579
                    ],
                    [
                        81.09791666666635,
                        6.760416666666579
                    ]
                ]
            }
        },
        {
            "type": "Feature",
            "properties": {
                "HYRIV_ID": 41406527,
                "NEXT_DOWN": 41406576,
                "MAIN_RIV": 41409262,
                "LENGTH_KM": 6.35,
                "DIST_DN_KM": 83.300003,
                "DIST_UP_KM": 9.0,
                "CATCH_SKM": 26.219999,
                "UPLAND_SKM": 26.200001,
                "ENDORHEIC": 0,
                "DIS_AV_CMS": 0.71,
                "ORD_STRA": 1,
                "ORD_CLAS": 2,
                "ORD_FLOW": 7,
                "HYBAS_L12": 4121602170.0,
                "Shape_Length": 0.0572610028630361
            },
            "geometry": {
                "type": "LineString",
                "coordinates": [
                    [
                        81.0666666666663,
                        6.793749999999896
                    ],
                    [
                        81.0812499999997,
                        6.793749999999896
                    ],
                    [
                        81.0812499999997,
                        6.789583333333233
                    ],
                    [
                        81.08958333333302,
                        6.781249999999879
                    ],
                    [
                        81.09374999999969,
                        6.781249999999879
                    ],
                    [
                        81.09374999999969,
                        6.777083333333216
                    ],
                    [
                        81.09791666666635,
                        6.772916666666553
                    ],
                    [
                        81.09791666666635,
                        6.760416666666579
                    ]
                ]
            }
        },
        {
            "type": "Feature",
            "properties": {
                "HYRIV_ID": 41406576,
                "NEXT_DOWN": 41406702,
                "MAIN_RIV": 41409262,
                "LENGTH_KM": 1.31,
                "DIST_DN_KM": 82.099998,
                "DIST_UP_KM": 10.1,
                "CATCH_SKM": 1.92,
                "UPLAND_SKM": 35.0,
                "ENDORHEIC": 0,
                "DIS_AV_CMS": 0.94599998,
                "ORD_STRA": 2,
                "ORD_CLAS": 2,
                "ORD_FLOW": 7,
                "HYBAS_L12": 4121602170.0,
                "Shape_Length": 0.011785113019825365
            },
            "geometry": {
                "type": "LineString",
                "coordinates": [
                    [
                        81.09791666666635,
                        6.760416666666579
                    ],
                    [
                        81.10624999999973,
                        6.752083333333225
                    ]
                ]
            }
        },
        {
            "type": "Feature",
            "properties": {
                "HYRIV_ID": 41406577,
                "NEXT_DOWN": 41406702,
                "MAIN_RIV": 41409262,
                "LENGTH_KM": 11.81,
                "DIST_DN_KM": 82.099998,
                "DIST_UP_KM": 27.5,
                "CATCH_SKM": 39.220001,
                "UPLAND_SKM": 104.7,
                "ENDORHEIC": 0,
                "DIS_AV_CMS": 2.776,
                "ORD_STRA": 2,
                "ORD_CLAS": 1,
                "ORD_FLOW": 6,
                "HYBAS_L12": 4121602170.0,
                "Shape_Length": 0.10648478827533595
            },
            "geometry": {
                "type": "LineString",
                "coordinates": [
                    [
                        81.08541666666625,
                        6.83125
                    ],
                    [
                        81.09791666666635,
                        6.818749999999888
                    ],
                    [
                        81.09791666666635,
                        6.814583333333225
                    ],
                    [
                        81.10208333333307,
                        6.810416666666562
                    ],
                    [
                        81.11041666666628,
                        6.810416666666562
                    ],
                    [
                        81.11458333333294,
                        6.80625
                    ],
                    [
                        81.11458333333294,
                        6.797916666666545
                    ],
                    [
                        81.11041666666628,
                        6.793749999999896
                    ],
                    [
                        81.11041666666628,
                        6.785416666666571
                    ],
                    [
                        81.11458333333294,
                        6.781249999999879
                    ],
                    [
                        81.11458333333294,
                        6.772916666666553
                    ],
                    [
                        81.11041666666628,
                        6.76875
                    ],
                    [
                        81.11041666666628,
                        6.764583333333242
                    ],
                    [
                        81.11458333333294,
                        6.760416666666579
                    ],
                    [
                        81.10624999999973,
                        6.752083333333225
                    ]
                ]
            }
        },
        {
            "type": "Feature",
            "properties": {
                "HYRIV_ID": 41406699,
                "NEXT_DOWN": 41406773,
                "MAIN_RIV": 41409262,
                "LENGTH_KM": 5.4400001,
                "DIST_DN_KM": 86.599998,
                "DIST_UP_KM": 7.2,
                "CATCH_SKM": 15.77,
                "UPLAND_SKM": 15.8,
                "ENDORHEIC": 0,
                "DIS_AV_CMS": 0.454,
                "ORD_STRA": 1,
                "ORD_CLAS": 2,
                "ORD_FLOW": 7,
                "HYBAS_L12": 4121602250.0,
                "Shape_Length": 0.049075727471184605
            },
            "geometry": {
                "type": "LineString",
                "coordinates": [
                    [
                        81.03333333333305,
                        6.770833333333222
                    ],
                    [
                        81.02708333333297,
                        6.764583333333242
                    ],
                    [
                        81.02708333333297,
                        6.760416666666579
                    ],
                    [
                        81.0229166666663,
                        6.756249999999888
                    ],
                    [
                        81.0229166666663,
                        6.752083333333225
                    ],
                    [
                        81.01458333333292,
                        6.743749999999899
                    ],
                    [
                        81.01458333333292,
                        6.735416666666545
                    ],
                    [
                        81.01874999999964,
                        6.731249999999882
                    ]
                ]
            }
        },
        {
            "type": "Feature",
            "properties": {
                "HYRIV_ID": 41406700,
                "NEXT_DOWN": 41406773,
                "MAIN_RIV": 41409262,
                "LENGTH_KM": 3.86,
                "DIST_DN_KM": 86.599998,
                "DIST_UP_KM": 6.2,
                "CATCH_SKM": 6.39,
                "UPLAND_SKM": 6.4,
                "ENDORHEIC": 0,
                "DIS_AV_CMS": 0.181,
                "ORD_STRA": 1,
                "ORD_CLAS": 3,
                "ORD_FLOW": 7,
                "HYBAS_L12": 4121602250.0,
                "Shape_Length": 0.03484983762787756
            },
            "geometry": {
                "type": "LineString",
                "coordinates": [
                    [
                        81.04166666666637,
                        6.754166666666556
                    ],
                    [
                        81.0354166666663,
                        6.747916666666562
                    ],
                    [
                        81.0354166666663,
                        6.743749999999899
                    ],
                    [
                        81.03124999999963,
                        6.73958333333325
                    ],
                    [
                        81.02708333333297,
                        6.73958333333325
                    ],
                    [
                        81.01874999999964,
                        6.731249999999882
                    ]
                ]
            }
        },
        {
            "type": "Feature",
            "properties": {
                "HYRIV_ID": 41406701,
                "NEXT_DOWN": 41406923,
                "MAIN_RIV": 41409262,
                "LENGTH_KM": 4.1300001,
                "DIST_DN_KM": 79.5,
                "DIST_UP_KM": 6.7,
                "CATCH_SKM": 13.86,
                "UPLAND_SKM": 13.9,
                "ENDORHEIC": 0,
                "DIS_AV_CMS": 0.376,
                "ORD_STRA": 1,
                "ORD_CLAS": 2,
                "ORD_FLOW": 7,
                "HYBAS_L12": 4121602170.0,
                "Shape_Length": 0.03729061445135753
            },
            "geometry": {
                "type": "LineString",
                "coordinates": [
                    [
                        81.07499999999962,
                        6.737499999999876
                    ],
                    [
                        81.0812499999997,
                        6.731249999999882
                    ],
                    [
                        81.09374999999969,
                        6.731249999999882
                    ],
                    [
                        81.09791666666635,
                        6.735416666666545
                    ],
                    [
                        81.10208333333307,
                        6.735416666666545
                    ],
                    [
                        81.10624999999973,
                        6.731249999999882
                    ]
                ]
            }
        },
        {
            "type": "Feature",
            "properties": {
                "HYRIV_ID": 41406702,
                "NEXT_DOWN": 41406923,
                "MAIN_RIV": 41409262,
                "LENGTH_KM": 2.7,
                "DIST_DN_KM": 79.5,
                "DIST_UP_KM": 30.200001,
                "CATCH_SKM": 9.8100004,
                "UPLAND_SKM": 149.39999,
                "ENDORHEIC": 0,
                "DIS_AV_CMS": 3.9549999,
                "ORD_STRA": 3,
                "ORD_CLAS": 1,
                "ORD_FLOW": 6,
                "HYBAS_L12": 4121602170.0,
                "Shape_Length": 0.02428511301962551
            },
            "geometry": {
                "type": "LineString",
                "coordinates": [
                    [
                        81.10624999999973,
                        6.752083333333225
                    ],
                    [
                        81.10624999999973,
                        6.743749999999899
                    ],
                    [
                        81.11041666666628,
                        6.73958333333325
                    ],
                    [
                        81.11041666666628,
                        6.735416666666545
                    ],
                    [
                        81.10624999999973,
                        6.731249999999882
                    ]
                ]
            }
        },
        {
            "type": "Feature",
            "properties": {
                "HYRIV_ID": 41406773,
                "NEXT_DOWN": 41407149,
                "MAIN_RIV": 41409262,
                "LENGTH_KM": 2.6900001,
                "DIST_DN_KM": 83.900002,
                "DIST_UP_KM": 9.9,
                "CATCH_SKM": 8.7399998,
                "UPLAND_SKM": 30.9,
                "ENDORHEIC": 0,
                "DIS_AV_CMS": 0.88300002,
                "ORD_STRA": 2,
                "ORD_CLAS": 2,
                "ORD_FLOW": 7,
                "HYBAS_L12": 4121602250.0,
                "Shape_Length": 0.02428511301975959
            },
            "geometry": {
                "type": "LineString",
                "coordinates": [
                    [
                        81.01874999999964,
                        6.731249999999882
                    ],
                    [
                        81.01874999999964,
                        6.727083333333233
                    ],
                    [
                        81.0229166666663,
                        6.722916666666571
                    ],
                    [
                        81.02708333333297,
                        6.722916666666571
                    ],
                    [
                        81.02708333333297,
                        6.71875
                    ],
                    [
                        81.03124999999963,
                        6.714583333333216
                    ]
                ]
            }
        },
        {
            "type": "Feature",
            "properties": {
                "HYRIV_ID": 41406774,
                "NEXT_DOWN": 41407149,
                "MAIN_RIV": 41409262,
                "LENGTH_KM": 0.69,
                "DIST_DN_KM": 83.699997,
                "DIST_UP_KM": 5.6,
                "CATCH_SKM": 4.48,
                "UPLAND_SKM": 4.5,
                "ENDORHEIC": 0,
                "DIS_AV_CMS": 0.126,
                "ORD_STRA": 1,
                "ORD_CLAS": 3,
                "ORD_FLOW": 7,
                "HYBAS_L12": 4121602250.0,
                "Shape_Length": 0.006250000000022737
            },
            "geometry": {
                "type": "LineString",
                "coordinates": [
                    [
                        81.03124999999963,
                        6.720833333333239
                    ],
                    [
                        81.03124999999963,
                        6.714583333333216
                    ]
                ]
            }
        },
        {
            "type": "Feature",
            "properties": {
                "HYRIV_ID": 41406882,
                "NEXT_DOWN": 41406949,
                "MAIN_RIV": 41409262,
                "LENGTH_KM": 4.3200002,
                "DIST_DN_KM": 76.900002,
                "DIST_UP_KM": 7.8,
                "CATCH_SKM": 12.15,
                "UPLAND_SKM": 12.2,
                "ENDORHEIC": 0,
                "DIS_AV_CMS": 0.331,
                "ORD_STRA": 1,
                "ORD_CLAS": 2,
                "ORD_FLOW": 7,
                "HYBAS_L12": 4121159290.0,
                "Shape_Length": 0.03901650429455292
            },
            "geometry": {
                "type": "LineString",
                "coordinates": [
                    [
                        81.0666666666663,
                        6.716666666666548
                    ],
                    [
                        81.07291666666632,
                        6.710416666666553
                    ],
                    [
                        81.0812499999997,
                        6.710416666666553
                    ],
                    [
                        81.08541666666625,
                        6.706249999999891
                    ],
                    [
                        81.08541666666625,
                        6.702083333333242
                    ],
                    [
                        81.09374999999969,
                        6.693749999999874
                    ]
                ]
            }
        },
        {
            "type": "Feature",
            "properties": {
                "HYRIV_ID": 41406922,
                "NEXT_DOWN": 41406949,
                "MAIN_RIV": 41409262,
                "LENGTH_KM": 2.09,
                "DIST_DN_KM": 76.699997,
                "DIST_UP_KM": 4.9,
                "CATCH_SKM": 7.04,
                "UPLAND_SKM": 7.0,
                "ENDORHEIC": 0,
                "DIS_AV_CMS": 0.191,
                "ORD_STRA": 1,
                "ORD_CLAS": 3,
                "ORD_FLOW": 7,
                "HYBAS_L12": 4121159290.0,
                "Shape_Length": 0.018898057941419463
            },
            "geometry": {
                "type": "LineString",
                "coordinates": [
                    [
                        81.07916666666628,
                        6.683333333333231
                    ],
                    [
                        81.08958333333302,
                        6.693749999999874
                    ],
                    [
                        81.09374999999969,
                        6.693749999999874
                    ]
                ]
            }
        },
        {
            "type": "Feature",
            "properties": {
                "HYRIV_ID": 41406923,
                "NEXT_DOWN": 41407070,
                "MAIN_RIV": 41409262,
                "LENGTH_KM": 5.6700001,
                "DIST_DN_KM": 73.599998,
                "DIST_UP_KM": 36.099998,
                "CATCH_SKM": 22.6,
                "UPLAND_SKM": 185.89999,
                "ENDORHEIC": 0,
                "DIS_AV_CMS": 4.85,
                "ORD_STRA": 3,
                "ORD_CLAS": 1,
                "ORD_FLOW": 6,
                "HYBAS_L12": 4121159290.0,
                "Shape_Length": 0.05101100286290698
            },
            "geometry": {
                "type": "LineString",
                "coordinates": [
                    [
                        81.10624999999973,
                        6.731249999999882
                    ],
                    [
                        81.11458333333294,
                        6.722916666666571
                    ],
                    [
                        81.11458333333294,
                        6.693749999999874
                    ],
                    [
                        81.11041666666628,
                        6.689583333333225
                    ],
                    [
                        81.11041666666628,
                        6.685416666666562
                    ]
                ]
            }
        },
        {
            "type": "Feature",
            "properties": {
                "HYRIV_ID": 41406949,
                "NEXT_DOWN": 41407070,
                "MAIN_RIV": 41409262,
                "LENGTH_KM": 3.1500001,
                "DIST_DN_KM": 73.599998,
                "DIST_UP_KM": 11.1,
                "CATCH_SKM": 6.8200002,
                "UPLAND_SKM": 26.0,
                "ENDORHEIC": 0,
                "DIS_AV_CMS": 0.69800001,
                "ORD_STRA": 2,
                "ORD_CLAS": 2,
                "ORD_FLOW": 7,
                "HYBAS_L12": 4121159290.0,
                "Shape_Length": 0.02845177968634969
            },
            "geometry": {
                "type": "LineString",
                "coordinates": [
                    [
                        81.09374999999969,
                        6.693749999999874
                    ],
                    [
                        81.09791666666635,
                        6.689583333333225
                    ],
                    [
                        81.10208333333307,
                        6.689583333333225
                    ],
                    [
                        81.10208333333307,
                        6.685416666666562
                    ],
                    [
                        81.10624999999973,
                        6.681249999999899
                    ],
                    [
                        81.11041666666628,
                        6.681249999999899
                    ],
                    [
                        81.11041666666628,
                        6.685416666666562
                    ]
                ]
            }
        },
        {
            "type": "Feature",
            "properties": {
                "HYRIV_ID": 41406991,
                "NEXT_DOWN": 41407148,
                "MAIN_RIV": 41409262,
                "LENGTH_KM": 1.35,
                "DIST_DN_KM": 78.800003,
                "DIST_UP_KM": 4.3,
                "CATCH_SKM": 9.3800001,
                "UPLAND_SKM": 9.4,
                "ENDORHEIC": 0,
                "DIS_AV_CMS": 0.28200001,
                "ORD_STRA": 1,
                "ORD_CLAS": 3,
                "ORD_FLOW": 7,
                "HYBAS_L12": 4121602250.0,
                "Shape_Length": 0.012142556509932982
            },
            "geometry": {
                "type": "LineString",
                "coordinates": [
                    [
                        80.99791666666627,
                        6.683333333333231
                    ],
                    [
                        80.99791666666627,
                        6.67708333333325
                    ],
                    [
                        81.00208333333299,
                        6.672916666666545
                    ]
                ]
            }
        },
        {
            "type": "Feature",
            "properties": {
                "HYRIV_ID": 41407013,
                "NEXT_DOWN": 41407148,
                "MAIN_RIV": 41409262,
                "LENGTH_KM": 1.8,
                "DIST_DN_KM": 78.599998,
                "DIST_UP_KM": 4.3,
                "CATCH_SKM": 7.04,
                "UPLAND_SKM": 7.0,
                "ENDORHEIC": 0,
                "DIS_AV_CMS": 0.21600001,
                "ORD_STRA": 1,
                "ORD_CLAS": 4,
                "ORD_FLOW": 7,
                "HYBAS_L12": 4121602250.0,
                "Shape_Length": 0.01630922317656815
            },
            "geometry": {
                "type": "LineString",
                "coordinates": [
                    [
                        80.98749999999964,
                        6.668749999999882
                    ],
                    [
                        80.99374999999961,
                        6.668749999999882
                    ],
                    [
                        80.99791666666627,
                        6.672916666666545
                    ],
                    [
                        81.00208333333299,
                        6.672916666666545
                    ]
                ]
            }
        },
        {
            "type": "Feature",
            "properties": {
                "HYRIV_ID": 41407069,
                "NEXT_DOWN": 41407323,
                "MAIN_RIV": 41409262,
                "LENGTH_KM": 3.21,
                "DIST_DN_KM": 69.800003,
                "DIST_UP_KM": 5.6,
                "CATCH_SKM": 10.45,
                "UPLAND_SKM": 10.4,
                "ENDORHEIC": 0,
                "DIS_AV_CMS": 0.27700001,
                "ORD_STRA": 1,
                "ORD_CLAS": 2,
                "ORD_FLOW": 7,
                "HYBAS_L12": 4121159290.0,
                "Shape_Length": 0.028957281117901433
            },
            "geometry": {
                "type": "LineString",
                "coordinates": [
                    [
                        81.09583333333293,
                        6.658333333333239
                    ],
                    [
                        81.10208333333307,
                        6.664583333333233
                    ],
                    [
                        81.11041666666628,
                        6.664583333333233
                    ],
                    [
                        81.11874999999961,
                        6.65625
                    ]
                ]
            }
        },
        {
            "type": "Feature",
            "properties": {
                "HYRIV_ID": 41407070,
                "NEXT_DOWN": 41407323,
                "MAIN_RIV": 41409262,
                "LENGTH_KM": 4.0,
                "DIST_DN_KM": 69.800003,
                "DIST_UP_KM": 39.900002,
                "CATCH_SKM": 7.04,
                "UPLAND_SKM": 218.89999,
                "ENDORHEIC": 0,
                "DIS_AV_CMS": 5.6729999,
                "ORD_STRA": 3,
                "ORD_CLAS": 1,
                "ORD_FLOW": 6,
                "HYBAS_L12": 4121159290.0,
                "Shape_Length": 0.03607022603954131
            },
            "geometry": {
                "type": "LineString",
                "coordinates": [
                    [
                        81.11041666666628,
                        6.685416666666562
                    ],
                    [
                        81.11874999999961,
                        6.67708333333325
                    ],
                    [
                        81.11874999999961,
                        6.668749999999882
                    ],
                    [
                        81.12291666666627,
                        6.664583333333233
                    ],
                    [
                        81.12291666666627,
                        6.660416666666571
                    ],
                    [
                        81.11874999999961,
                        6.65625
                    ]
                ]
            }
        },
        {
            "type": "Feature",
            "properties": {
                "HYRIV_ID": 41407109,
                "NEXT_DOWN": 41407324,
                "MAIN_RIV": 41409262,
                "LENGTH_KM": 12.87,
                "DIST_DN_KM": 67.900002,
                "DIST_UP_KM": 15.1,
                "CATCH_SKM": 44.98,
                "UPLAND_SKM": 45.0,
                "ENDORHEIC": 0,
                "DIS_AV_CMS": 1.108,
                "ORD_STRA": 1,
                "ORD_CLAS": 2,
                "ORD_FLOW": 6,
                "HYBAS_L12": 4121159290.0,
                "Shape_Length": 0.11589045207908892
            },
            "geometry": {
                "type": "LineString",
                "coordinates": [
                    [
                        81.14374999999964,
                        6.749999999999893
                    ],
                    [
                        81.14374999999964,
                        6.735416666666545
                    ],
                    [
                        81.14791666666625,
                        6.731249999999882
                    ],
                    [
                        81.14374999999964,
                        6.727083333333233
                    ],
                    [
                        81.14791666666625,
                        6.722916666666571
                    ],
                    [
                        81.14791666666625,
                        6.714583333333216
                    ],
                    [
                        81.15624999999963,
                        6.706249999999891
                    ],
                    [
                        81.15624999999963,
                        6.689583333333225
                    ],
                    [
                        81.15208333333297,
                        6.685416666666562
                    ],
                    [
                        81.15208333333297,
                        6.67708333333325
                    ],
                    [
                        81.14791666666625,
                        6.672916666666545
                    ],
                    [
                        81.14791666666625,
                        6.660416666666571
                    ],
                    [
                        81.15208333333297,
                        6.65625
                    ],
                    [
                        81.15208333333297,
                        6.647916666666553
                    ]
                ]
            }
        },
        {
            "type": "Feature",
            "properties": {
                "HYRIV_ID": 41407110,
                "NEXT_DOWN": 41407324,
                "MAIN_RIV": 41409262,
                "LENGTH_KM": 0.69,
                "DIST_DN_KM": 67.900002,
                "DIST_UP_KM": 4.2,
                "CATCH_SKM": 5.33,
                "UPLAND_SKM": 5.3,
                "ENDORHEIC": 0,
                "DIS_AV_CMS": 0.129,
                "ORD_STRA": 1,
                "ORD_CLAS": 3,
                "ORD_FLOW": 7,
                "HYBAS_L12": 4121159290.0,
                "Shape_Length": 0.006250000000079581
            },
            "geometry": {
                "type": "LineString",
                "coordinates": [
                    [
                        81.15833333333305,
                        6.647916666666553
                    ],
                    [
                        81.15208333333297,
                        6.647916666666553
                    ]
                ]
            }
        },
        {
            "type": "Feature",
            "properties": {
                "HYRIV_ID": 41407148,
                "NEXT_DOWN": 41407207,
                "MAIN_RIV": 41409262,
                "LENGTH_KM": 5.6799998,
                "DIST_DN_KM": 72.900002,
                "DIST_UP_KM": 10.1,
                "CATCH_SKM": 20.469999,
                "UPLAND_SKM": 36.900002,
                "ENDORHEIC": 0,
                "DIS_AV_CMS": 1.082,
                "ORD_STRA": 2,
                "ORD_CLAS": 3,
                "ORD_FLOW": 6,
                "HYBAS_L12": 4121602250.0,
                "Shape_Length": 0.05130711874573322
            },
            "geometry": {
                "type": "LineString",
                "coordinates": [
                    [
                        81.00208333333299,
                        6.672916666666545
                    ],
                    [
                        81.0354166666663,
                        6.639583333333228
                    ],
                    [
                        81.03958333333296,
                        6.639583333333228
                    ]
                ]
            }
        },
        {
            "type": "Feature",
            "properties": {
                "HYRIV_ID": 41407149,
                "NEXT_DOWN": 41407207,
                "MAIN_RIV": 41409262,
                "LENGTH_KM": 10.78,
                "DIST_DN_KM": 72.900002,
                "DIST_UP_KM": 20.8,
                "CATCH_SKM": 30.27,
                "UPLAND_SKM": 65.699997,
                "ENDORHEIC": 0,
                "DIS_AV_CMS": 1.823,
                "ORD_STRA": 2,
                "ORD_CLAS": 2,
                "ORD_FLOW": 6,
                "HYBAS_L12": 4121602250.0,
                "Shape_Length": 0.09714045207915203
            },
            "geometry": {
                "type": "LineString",
                "coordinates": [
                    [
                        81.03124999999963,
                        6.714583333333216
                    ],
                    [
                        81.03958333333296,
                        6.706249999999891
                    ],
                    [
                        81.04791666666628,
                        6.706249999999891
                    ],
                    [
                        81.052083333333,
                        6.702083333333242
                    ],
                    [
                        81.052083333333,
                        6.689583333333225
                    ],
                    [
                        81.05624999999966,
                        6.685416666666562
                    ],
                    [
                        81.05624999999966,
                        6.672916666666545
                    ],
                    [
                        81.04791666666628,
                        6.664583333333233
                    ],
                    [
                        81.04791666666628,
                        6.660416666666571
                    ],
                    [
                        81.04374999999962,
                        6.65625
                    ],
                    [
                        81.04374999999962,
                        6.652083333333245
                    ],
                    [
                        81.03958333333296,
                        6.647916666666553
                    ],
                    [
                        81.03958333333296,
                        6.639583333333228
                    ]
                ]
            }
        },
        {
            "type": "Feature",
            "properties": {
                "HYRIV_ID": 41407207,
                "NEXT_DOWN": 41407349,
                "MAIN_RIV": 41409262,
                "LENGTH_KM": 1.58,
                "DIST_DN_KM": 71.5,
                "DIST_UP_KM": 22.200001,
                "CATCH_SKM": 3.6300001,
                "UPLAND_SKM": 106.2,
                "ENDORHEIC": 0,
                "DIS_AV_CMS": 2.9949999,
                "ORD_STRA": 3,
                "ORD_CLAS": 2,
                "ORD_FLOW": 6,
                "HYBAS_L12": 4121602250.0,
                "Shape_Length": 0.014225889843236712
            },
            "geometry": {
                "type": "LineString",
                "coordinates": [
                    [
                        81.03958333333296,
                        6.639583333333228
                    ],
                    [
                        81.03958333333296,
                        6.631249999999874
                    ],
                    [
                        81.04374999999962,
                        6.627083333333211
                    ]
                ]
            }
        },
        {
            "type": "Feature",
            "properties": {
                "HYRIV_ID": 41407208,
                "NEXT_DOWN": 41407349,
                "MAIN_RIV": 41409262,
                "LENGTH_KM": 0.69,
                "DIST_DN_KM": 71.300003,
                "DIST_UP_KM": 4.5,
                "CATCH_SKM": 4.48,
                "UPLAND_SKM": 4.5,
                "ENDORHEIC": 0,
                "DIS_AV_CMS": 0.122,
                "ORD_STRA": 1,
                "ORD_CLAS": 3,
                "ORD_FLOW": 7,
                "HYBAS_L12": 4121602250.0,
                "Shape_Length": 0.006250000000136424
            },
            "geometry": {
                "type": "LineString",
                "coordinates": [
                    [
                        81.04999999999976,
                        6.627083333333211
                    ],
                    [
                        81.04374999999962,
                        6.627083333333211
                    ]
                ]
            }
        },
        {
            "type": "Feature",
            "properties": {
                "HYRIV_ID": 41407277,
                "NEXT_DOWN": 41407321,
                "MAIN_RIV": 41409262,
                "LENGTH_KM": 1.81,
                "DIST_DN_KM": 67.300003,
                "DIST_UP_KM": 4.5,
                "CATCH_SKM": 10.02,
                "UPLAND_SKM": 10.0,
                "ENDORHEIC": 0,
                "DIS_AV_CMS": 0.26800001,
                "ORD_STRA": 1,
                "ORD_CLAS": 4,
                "ORD_FLOW": 7,
                "HYBAS_L12": 4121159320.0,
                "Shape_Length": 0.016309223176624994
            },
            "geometry": {
                "type": "LineString",
                "coordinates": [
                    [
                        81.08333333333294,
                        6.622916666666562
                    ],
                    [
                        81.08958333333302,
                        6.622916666666562
                    ],
                    [
                        81.08958333333302,
                        6.618749999999899
                    ],
                    [
                        81.09374999999969,
                        6.614583333333236
                    ]
                ]
            }
        },
        {
            "type": "Feature",
            "properties": {
                "HYRIV_ID": 41407278,
                "NEXT_DOWN": 41407321,
                "MAIN_RIV": 41409262,
                "LENGTH_KM": 1.4400001,
                "DIST_DN_KM": 67.099998,
                "DIST_UP_KM": 5.4,
                "CATCH_SKM": 4.48,
                "UPLAND_SKM": 4.5,
                "ENDORHEIC": 0,
                "DIS_AV_CMS": 0.118,
                "ORD_STRA": 1,
                "ORD_CLAS": 3,
                "ORD_FLOW": 7,
                "HYBAS_L12": 4121159320.0,
                "Shape_Length": 0.01300550143142639
            },
            "geometry": {
                "type": "LineString",
                "coordinates": [
                    [
                        81.0999999999996,
                        6.624999999999893
                    ],
                    [
                        81.09374999999969,
                        6.618749999999899
                    ],
                    [
                        81.09374999999969,
                        6.614583333333236
                    ]
                ]
            }
        },
        {
            "type": "Feature",
            "properties": {
                "HYRIV_ID": 41407321,
                "NEXT_DOWN": 41407591,
                "MAIN_RIV": 41409262,
                "LENGTH_KM": 1.77,
                "DIST_DN_KM": 65.5,
                "DIST_UP_KM": 7.0,
                "CATCH_SKM": 2.98,
                "UPLAND_SKM": 17.5,
                "ENDORHEIC": 0,
                "DIS_AV_CMS": 0.46200001,
                "ORD_STRA": 2,
                "ORD_CLAS": 3,
                "ORD_FLOW": 7,
                "HYBAS_L12": 4121159320.0,
                "Shape_Length": 0.01595177968648824
            },
            "geometry": {
                "type": "LineString",
                "coordinates": [
                    [
                        81.09374999999969,
                        6.614583333333236
                    ],
                    [
                        81.09791666666635,
                        6.614583333333236
                    ],
                    [
                        81.10624999999973,
                        6.606249999999882
                    ]
                ]
            }
        },
        {
            "type": "Feature",
            "properties": {
                "HYRIV_ID": 41407322,
                "NEXT_DOWN": 41407591,
                "MAIN_RIV": 41409262,
                "LENGTH_KM": 0.69,
                "DIST_DN_KM": 65.300003,
                "DIST_UP_KM": 5.8,
                "CATCH_SKM": 5.33,
                "UPLAND_SKM": 5.3,
                "ENDORHEIC": 0,
                "DIS_AV_CMS": 0.138,
                "ORD_STRA": 1,
                "ORD_CLAS": 4,
                "ORD_FLOW": 7,
                "HYBAS_L12": 4121159320.0,
                "Shape_Length": 0.006250000000036948
            },
            "geometry": {
                "type": "LineString",
                "coordinates": [
                    [
                        81.10624999999973,
                        6.6125
                    ],
                    [
                        81.10624999999973,
                        6.606249999999882
                    ]
                ]
            }
        },
        {
            "type": "Feature",
            "properties": {
                "HYRIV_ID": 41407323,
                "NEXT_DOWN": 41407626,
                "MAIN_RIV": 41409262,
                "LENGTH_KM": 6.89,
                "DIST_DN_KM": 62.900002,
                "DIST_UP_KM": 46.8,
                "CATCH_SKM": 20.68,
                "UPLAND_SKM": 250.0,
                "ENDORHEIC": 0,
                "DIS_AV_CMS": 6.369,
                "ORD_STRA": 3,
                "ORD_CLAS": 1,
                "ORD_FLOW": 6,
                "HYBAS_L12": 4121159290.0,
                "Shape_Length": 0.06208122890256319
            },
            "geometry": {
                "type": "LineString",
                "coordinates": [
                    [
                        81.11874999999961,
                        6.65625
                    ],
                    [
                        81.12291666666627,
                        6.652083333333245
                    ],
                    [
                        81.12291666666627,
                        6.643749999999891
                    ],
                    [
                        81.1312499999996,
                        6.635416666666579
                    ],
                    [
                        81.1312499999996,
                        6.631249999999874
                    ],
                    [
                        81.13958333333292,
                        6.622916666666562
                    ],
                    [
                        81.13958333333292,
                        6.614583333333236
                    ],
                    [
                        81.14791666666625,
                        6.606249999999882
                    ]
                ]
            }
        },
        {
            "type": "Feature",
            "properties": {
                "HYRIV_ID": 41407324,
                "NEXT_DOWN": 41407626,
                "MAIN_RIV": 41409262,
                "LENGTH_KM": 5.2,
                "DIST_DN_KM": 62.900002,
                "DIST_UP_KM": 20.1,
                "CATCH_SKM": 12.58,
                "UPLAND_SKM": 62.900002,
                "ENDORHEIC": 0,
                "DIS_AV_CMS": 1.523,
                "ORD_STRA": 2,
                "ORD_CLAS": 2,
                "ORD_FLOW": 6,
                "HYBAS_L12": 4121159290.0,
                "Shape_Length": 0.04684433619635809
            },
            "geometry": {
                "type": "LineString",
                "coordinates": [
                    [
                        81.15208333333297,
                        6.647916666666553
                    ],
                    [
                        81.15208333333297,
                        6.622916666666562
                    ],
                    [
                        81.15624999999963,
                        6.618749999999899
                    ],
                    [
                        81.15208333333297,
                        6.614583333333236
                    ],
                    [
                        81.15208333333297,
                        6.610416666666588
                    ],
                    [
                        81.14791666666625,
                        6.606249999999882
                    ]
                ]
            }
        },
        {
            "type": "Feature",
            "properties": {
                "HYRIV_ID": 41407348,
                "NEXT_DOWN": 41407427,
                "MAIN_RIV": 41409262,
                "LENGTH_KM": 7.1300001,
                "DIST_DN_KM": 68.199997,
                "DIST_UP_KM": 9.5,
                "CATCH_SKM": 26.440001,
                "UPLAND_SKM": 26.4,
                "ENDORHEIC": 0,
                "DIS_AV_CMS": 0.77100003,
                "ORD_STRA": 1,
                "ORD_CLAS": 3,
                "ORD_FLOW": 7,
                "HYBAS_L12": 4121602250.0,
                "Shape_Length": 0.06431262017725593
            },
            "geometry": {
                "type": "LineString",
                "coordinates": [
                    [
                        80.9916666666663,
                        6.645833333333222
                    ],
                    [
                        81.0229166666663,
                        6.614583333333236
                    ],
                    [
                        81.0229166666663,
                        6.610416666666588
                    ],
                    [
                        81.03124999999963,
                        6.602083333333219
                    ],
                    [
                        81.0354166666663,
                        6.602083333333219
                    ]
                ]
            }
        },
        {
            "type": "Feature",
            "properties": {
                "HYRIV_ID": 41407349,
                "NEXT_DOWN": 41407427,
                "MAIN_RIV": 41409262,
                "LENGTH_KM": 3.1600001,
                "DIST_DN_KM": 68.199997,
                "DIST_UP_KM": 25.6,
                "CATCH_SKM": 8.5299997,
                "UPLAND_SKM": 119.2,
                "ENDORHEIC": 0,
                "DIS_AV_CMS": 3.3280001,
                "ORD_STRA": 3,
                "ORD_CLAS": 2,
                "ORD_FLOW": 6,
                "HYBAS_L12": 4121602250.0,
                "Shape_Length": 0.028451779686422467
            },
            "geometry": {
                "type": "LineString",
                "coordinates": [
                    [
                        81.04374999999962,
                        6.627083333333211
                    ],
                    [
                        81.03958333333296,
                        6.622916666666562
                    ],
                    [
                        81.03958333333296,
                        6.610416666666588
                    ],
                    [
                        81.0354166666663,
                        6.606249999999882
                    ],
                    [
                        81.0354166666663,
                        6.602083333333219
                    ]
                ]
            }
        },
        {
            "type": "Feature",
            "properties": {
                "HYRIV_ID": 41407427,
                "NEXT_DOWN": 41407457,
                "MAIN_RIV": 41409262,
                "LENGTH_KM": 2.23,
                "DIST_DN_KM": 66.099998,
                "DIST_UP_KM": 27.6,
                "CATCH_SKM": 3.84,
                "UPLAND_SKM": 149.5,
                "ENDORHEIC": 0,
                "DIS_AV_CMS": 4.184,
                "ORD_STRA": 3,
                "ORD_CLAS": 2,
                "ORD_FLOW": 6,
                "HYBAS_L12": 4121602250.0,
                "Shape_Length": 0.020118446353079054
            },
            "geometry": {
                "type": "LineString",
                "coordinates": [
                    [
                        81.0354166666663,
                        6.602083333333219
                    ],
                    [
                        81.0354166666663,
                        6.597916666666571
                    ],
                    [
                        81.03958333333296,
                        6.59375
                    ],
                    [
                        81.03958333333296,
                        6.589583333333202
                    ],
                    [
                        81.04374999999962,
                        6.585416666666596
                    ]
                ]
            }
        },
        {
            "type": "Feature",
            "properties": {
                "HYRIV_ID": 41407455,
                "NEXT_DOWN": 41407456,
                "MAIN_RIV": 41409262,
                "LENGTH_KM": 0.98,
                "DIST_DN_KM": 67.199997,
                "DIST_UP_KM": 4.7,
                "CATCH_SKM": 5.33,
                "UPLAND_SKM": 5.3,
                "ENDORHEIC": 0,
                "DIS_AV_CMS": 0.153,
                "ORD_STRA": 1,
                "ORD_CLAS": 3,
                "ORD_FLOW": 7,
                "HYBAS_L12": 4121602250.0,
                "Shape_Length": 0.008838834764833853
            },
            "geometry": {
                "type": "LineString",
                "coordinates": [
                    [
                        81.02916666666627,
                        6.587499999999871
                    ],
                    [
                        81.0354166666663,
                        6.581249999999891
                    ]
                ]
            }
        },
        {
            "type": "Feature",
            "properties": {
                "HYRIV_ID": 41407456,
                "NEXT_DOWN": 41407457,
                "MAIN_RIV": 41409262,
                "LENGTH_KM": 1.11,
                "DIST_DN_KM": 65.900002,
                "DIST_UP_KM": 6.0,
                "CATCH_SKM": 0.85,
                "UPLAND_SKM": 18.1,
                "ENDORHEIC": 0,
                "DIS_AV_CMS": 0.515,
                "ORD_STRA": 2,
                "ORD_CLAS": 3,
                "ORD_FLOW": 7,
                "HYBAS_L12": 4121602250.0,
                "Shape_Length": 0.010059223176575559
            },
            "geometry": {
                "type": "LineString",
                "coordinates": [
                    [
                        81.0354166666663,
                        6.581249999999891
                    ],
                    [
                        81.03958333333296,
                        6.585416666666596
                    ],
                    [
                        81.04374999999962,
                        6.585416666666596
                    ]
                ]
            }
        },
        {
            "type": "Feature",
            "properties": {
                "HYRIV_ID": 41407457,
                "NEXT_DOWN": 41407500,
                "MAIN_RIV": 41409262,
                "LENGTH_KM": 1.5700001,
                "DIST_DN_KM": 64.400002,
                "DIST_UP_KM": 29.4,
                "CATCH_SKM": 8.1,
                "UPLAND_SKM": 175.7,
                "ENDORHEIC": 0,
                "DIS_AV_CMS": 4.9029999,
                "ORD_STRA": 3,
                "ORD_CLAS": 2,
                "ORD_FLOW": 6,
                "HYBAS_L12": 4121159320.0,
                "Shape_Length": 0.014225889843278631
            },
            "geometry": {
                "type": "LineString",
                "coordinates": [
                    [
                        81.04374999999962,
                        6.585416666666596
                    ],
                    [
                        81.04791666666628,
                        6.585416666666596
                    ],
                    [
                        81.052083333333,
                        6.581249999999891
                    ],
                    [
                        81.05624999999966,
                        6.581249999999891
                    ]
                ]
            }
        },
        {
            "type": "Feature",
            "properties": {
                "HYRIV_ID": 41407458,
                "NEXT_DOWN": 41407500,
                "MAIN_RIV": 41409262,
                "LENGTH_KM": 1.35,
                "DIST_DN_KM": 64.599998,
                "DIST_UP_KM": 4.1,
                "CATCH_SKM": 4.6900001,
                "UPLAND_SKM": 4.7,
                "ENDORHEIC": 0,
                "DIS_AV_CMS": 0.127,
                "ORD_STRA": 1,
                "ORD_CLAS": 3,
                "ORD_FLOW": 7,
                "HYBAS_L12": 4121159320.0,
                "Shape_Length": 0.012142556509892787
            },
            "geometry": {
                "type": "LineString",
                "coordinates": [
                    [
                        81.06041666666633,
                        6.591666666666576
                    ],
                    [
                        81.06041666666633,
                        6.585416666666596
                    ],
                    [
                        81.05624999999966,
                        6.581249999999891
                    ]
                ]
            }
        },
        {
            "type": "Feature",
            "properties": {
                "HYRIV_ID": 41407484,
                "NEXT_DOWN": 41407456,
                "MAIN_RIV": 41409262,
                "LENGTH_KM": 1.8,
                "DIST_DN_KM": 67.099998,
                "DIST_UP_KM": 4.5,
                "CATCH_SKM": 11.94,
                "UPLAND_SKM": 11.9,
                "ENDORHEIC": 0,
                "DIS_AV_CMS": 0.34,
                "ORD_STRA": 1,
                "ORD_CLAS": 4,
                "ORD_FLOW": 7,
                "HYBAS_L12": 4121602250.0,
                "Shape_Length": 0.016309223176511307
            },
            "geometry": {
                "type": "LineString",
                "coordinates": [
                    [
                        81.020833333333,
                        6.577083333333228
                    ],
                    [
                        81.02708333333297,
                        6.577083333333228
                    ],
                    [
                        81.03124999999963,
                        6.581249999999891
                    ],
                    [
                        81.0354166666663,
                        6.581249999999891
                    ]
                ]
            }
        },
        {
            "type": "Feature",
            "properties": {
                "HYRIV_ID": 41407500,
                "NEXT_DOWN": 41407552,
                "MAIN_RIV": 41409262,
                "LENGTH_KM": 1.77,
                "DIST_DN_KM": 62.599998,
                "DIST_UP_KM": 31.1,
                "CATCH_SKM": 2.98,
                "UPLAND_SKM": 183.39999,
                "ENDORHEIC": 0,
                "DIS_AV_CMS": 5.0890002,
                "ORD_STRA": 3,
                "ORD_CLAS": 2,
                "ORD_FLOW": 6,
                "HYBAS_L12": 4121159320.0,
                "Shape_Length": 0.0159517796864179
            },
            "geometry": {
                "type": "LineString",
                "coordinates": [
                    [
                        81.05624999999966,
                        6.581249999999891
                    ],
                    [
                        81.06458333333299,
                        6.572916666666579
                    ],
                    [
                        81.06874999999965,
                        6.572916666666579
                    ]
                ]
            }
        },
        {
            "type": "Feature",
            "properties": {
                "HYRIV_ID": 41407501,
                "NEXT_DOWN": 41407552,
                "MAIN_RIV": 41409262,
                "LENGTH_KM": 2.27,
                "DIST_DN_KM": 62.599998,
                "DIST_UP_KM": 4.9,
                "CATCH_SKM": 8.7399998,
                "UPLAND_SKM": 8.7,
                "ENDORHEIC": 0,
                "DIS_AV_CMS": 0.232,
                "ORD_STRA": 1,
                "ORD_CLAS": 3,
                "ORD_FLOW": 7,
                "HYBAS_L12": 4121159320.0,
                "Shape_Length": 0.020475889843216816
            },
            "geometry": {
                "type": "LineString",
                "coordinates": [
                    [
                        81.07291666666632,
                        6.591666666666576
                    ],
                    [
                        81.07291666666632,
                        6.581249999999891
                    ],
                    [
                        81.06874999999965,
                        6.577083333333228
                    ],
                    [
                        81.06874999999965,
                        6.572916666666579
                    ]
                ]
            }
        },
        {
            "type": "Feature",
            "properties": {
                "HYRIV_ID": 41407552,
                "NEXT_DOWN": 41407590,
                "MAIN_RIV": 41409262,
                "LENGTH_KM": 1.58,
                "DIST_DN_KM": 61.0,
                "DIST_UP_KM": 32.700001,
                "CATCH_SKM": 2.56,
                "UPLAND_SKM": 194.7,
                "ENDORHEIC": 0,
                "DIS_AV_CMS": 5.3660002,
                "ORD_STRA": 3,
                "ORD_CLAS": 2,
                "ORD_FLOW": 6,
                "HYBAS_L12": 4121159320.0,
                "Shape_Length": 0.014225889843236712
            },
            "geometry": {
                "type": "LineString",
                "coordinates": [
                    [
                        81.06874999999965,
                        6.572916666666579
                    ],
                    [
                        81.07291666666632,
                        6.56875
                    ],
                    [
                        81.07291666666632,
                        6.560416666666562
                    ]
                ]
            }
        },
        {
            "type": "Feature",
            "properties": {
                "HYRIV_ID": 41407561,
                "NEXT_DOWN": 41407590,
                "MAIN_RIV": 41409262,
                "LENGTH_KM": 2.82,
                "DIST_DN_KM": 61.0,
                "DIST_UP_KM": 5.4,
                "CATCH_SKM": 9.8100004,
                "UPLAND_SKM": 9.8,
                "ENDORHEIC": 0,
                "DIS_AV_CMS": 0.267,
                "ORD_STRA": 1,
                "ORD_CLAS": 3,
                "ORD_FLOW": 7,
                "HYBAS_L12": 4121159320.0,
                "Shape_Length": 0.02550550143141502
            },
            "geometry": {
                "type": "LineString",
                "coordinates": [
                    [
                        81.04999999999976,
                        6.554166666666568
                    ],
                    [
                        81.05624999999966,
                        6.560416666666562
                    ],
                    [
                        81.07291666666632,
                        6.560416666666562
                    ]
                ]
            }
        },
        {
            "type": "Feature",
            "properties": {
                "HYRIV_ID": 41407590,
                "NEXT_DOWN": 41407643,
                "MAIN_RIV": 41409262,
                "LENGTH_KM": 3.34,
                "DIST_DN_KM": 57.700001,
                "DIST_UP_KM": 36.099998,
                "CATCH_SKM": 10.24,
                "UPLAND_SKM": 214.7,
                "ENDORHEIC": 0,
                "DIS_AV_CMS": 5.8540001,
                "ORD_STRA": 3,
                "ORD_CLAS": 2,
                "ORD_FLOW": 6,
                "HYBAS_L12": 4121159320.0,
                "Shape_Length": 0.03017766952970973
            },
            "geometry": {
                "type": "LineString",
                "coordinates": [
                    [
                        81.07291666666632,
                        6.560416666666562
                    ],
                    [
                        81.07708333333304,
                        6.556249999999899
                    ],
                    [
                        81.0812499999997,
                        6.556249999999899
                    ],
                    [
                        81.08541666666625,
                        6.552083333333236
                    ],
                    [
                        81.08958333333302,
                        6.552083333333236
                    ],
                    [
                        81.09374999999969,
                        6.547916666666573
                    ],
                    [
                        81.09791666666635,
                        6.547916666666573
                    ]
                ]
            }
        },
        {
            "type": "Feature",
            "properties": {
                "HYRIV_ID": 41407591,
                "NEXT_DOWN": 41407643,
                "MAIN_RIV": 41409262,
                "LENGTH_KM": 7.6300001,
                "DIST_DN_KM": 57.700001,
                "DIST_UP_KM": 14.8,
                "CATCH_SKM": 21.959999,
                "UPLAND_SKM": 44.8,
                "ENDORHEIC": 0,
                "DIS_AV_CMS": 1.147,
                "ORD_STRA": 2,
                "ORD_CLAS": 3,
                "ORD_FLOW": 6,
                "HYBAS_L12": 4121159320.0,
                "Shape_Length": 0.06868867239273892
            },
            "geometry": {
                "type": "LineString",
                "coordinates": [
                    [
                        81.10624999999973,
                        6.606249999999882
                    ],
                    [
                        81.10624999999973,
                        6.597916666666571
                    ],
                    [
                        81.10208333333307,
                        6.59375
                    ],
                    [
                        81.10624999999973,
                        6.589583333333202
                    ],
                    [
                        81.10208333333307,
                        6.585416666666596
                    ],
                    [
                        81.10208333333307,
                        6.56875
                    ],
                    [
                        81.09791666666635,
                        6.564583333333211
                    ],
                    [
                        81.09791666666635,
                        6.560416666666562
                    ],
                    [
                        81.10208333333307,
                        6.556249999999899
                    ],
                    [
                        81.09791666666635,
                        6.552083333333236
                    ],
                    [
                        81.09791666666635,
                        6.547916666666573
                    ]
                ]
            }
        },
        {
            "type": "Feature",
            "properties": {
                "HYRIV_ID": 41407625,
                "NEXT_DOWN": 41407703,
                "MAIN_RIV": 41409262,
                "LENGTH_KM": 1.63,
                "DIST_DN_KM": 54.3,
                "DIST_UP_KM": 4.5,
                "CATCH_SKM": 5.54,
                "UPLAND_SKM": 5.5,
                "ENDORHEIC": 0,
                "DIS_AV_CMS": 0.137,
                "ORD_STRA": 1,
                "ORD_CLAS": 2,
                "ORD_FLOW": 7,
                "HYBAS_L12": 4121159290.0,
                "Shape_Length": 0.014731391274666147
            },
            "geometry": {
                "type": "LineString",
                "coordinates": [
                    [
                        81.12916666666635,
                        6.55
                    ],
                    [
                        81.13958333333292,
                        6.539583333333219
                    ]
                ]
            }
        },
        {
            "type": "Feature",
            "properties": {
                "HYRIV_ID": 41407626,
                "NEXT_DOWN": 41407703,
                "MAIN_RIV": 41409262,
                "LENGTH_KM": 8.5500002,
                "DIST_DN_KM": 54.3,
                "DIST_UP_KM": 55.3,
                "CATCH_SKM": 35.830002,
                "UPLAND_SKM": 348.79999,
                "ENDORHEIC": 0,
                "DIS_AV_CMS": 8.5679998,
                "ORD_STRA": 3,
                "ORD_CLAS": 1,
                "ORD_FLOW": 6,
                "HYBAS_L12": 4121159290.0,
                "Shape_Length": 0.07702200572582006
            },
            "geometry": {
                "type": "LineString",
                "coordinates": [
                    [
                        81.14791666666625,
                        6.606249999999882
                    ],
                    [
                        81.14791666666625,
                        6.602083333333219
                    ],
                    [
                        81.14374999999964,
                        6.597916666666571
                    ],
                    [
                        81.14791666666625,
                        6.59375
                    ],
                    [
                        81.14791666666625,
                        6.577083333333228
                    ],
                    [
                        81.14374999999964,
                        6.572916666666579
                    ],
                    [
                        81.14374999999964,
                        6.564583333333211
                    ],
                    [
                        81.14791666666625,
                        6.560416666666562
                    ],
                    [
                        81.14791666666625,
                        6.552083333333236
                    ],
                    [
                        81.14374999999964,
                        6.547916666666573
                    ],
                    [
                        81.14374999999964,
                        6.54375
                    ],
                    [
                        81.13958333333292,
                        6.539583333333219
                    ]
                ]
            }
        },
        {
            "type": "Feature",
            "properties": {
                "HYRIV_ID": 41407643,
                "NEXT_DOWN": 41407702,
                "MAIN_RIV": 41409262,
                "LENGTH_KM": 1.77,
                "DIST_DN_KM": 56.099998,
                "DIST_UP_KM": 37.599998,
                "CATCH_SKM": 2.1300001,
                "UPLAND_SKM": 261.60001,
                "ENDORHEIC": 0,
                "DIS_AV_CMS": 7.026,
                "ORD_STRA": 3,
                "ORD_CLAS": 2,
                "ORD_FLOW": 6,
                "HYBAS_L12": 4121159320.0,
                "Shape_Length": 0.015951779686500727
            },
            "geometry": {
                "type": "LineString",
                "coordinates": [
                    [
                        81.09791666666635,
                        6.547916666666573
                    ],
                    [
                        81.10208333333307,
                        6.54375
                    ],
                    [
                        81.10208333333307,
                        6.539583333333219
                    ],
                    [
                        81.10624999999973,
                        6.535416666666556
                    ]
                ]
            }
        },
        {
            "type": "Feature",
            "properties": {
                "HYRIV_ID": 41407702,
                "NEXT_DOWN": 41407751,
                "MAIN_RIV": 41409262,
                "LENGTH_KM": 4.0,
                "DIST_DN_KM": 51.900002,
                "DIST_UP_KM": 41.8,
                "CATCH_SKM": 11.73,
                "UPLAND_SKM": 301.70001,
                "ENDORHEIC": 0,
                "DIS_AV_CMS": 7.9790001,
                "ORD_STRA": 3,
                "ORD_CLAS": 2,
                "ORD_FLOW": 6,
                "HYBAS_L12": 4121159320.0,
                "Shape_Length": 0.03607022603940854
            },
            "geometry": {
                "type": "LineString",
                "coordinates": [
                    [
                        81.10624999999973,
                        6.535416666666556
                    ],
                    [
                        81.11041666666628,
                        6.539583333333219
                    ],
                    [
                        81.11458333333294,
                        6.535416666666556
                    ],
                    [
                        81.11874999999961,
                        6.535416666666556
                    ],
                    [
                        81.12291666666627,
                        6.53125
                    ],
                    [
                        81.12291666666627,
                        6.527083333333245
                    ],
                    [
                        81.1270833333331,
                        6.522916666666539
                    ],
                    [
                        81.1312499999996,
                        6.522916666666539
                    ]
                ]
            }
        },
        {
            "type": "Feature",
            "properties": {
                "HYRIV_ID": 41407703,
                "NEXT_DOWN": 41407751,
                "MAIN_RIV": 41409262,
                "LENGTH_KM": 2.23,
                "DIST_DN_KM": 51.900002,
                "DIST_UP_KM": 57.700001,
                "CATCH_SKM": 5.33,
                "UPLAND_SKM": 359.60001,
                "ENDORHEIC": 0,
                "DIS_AV_CMS": 8.783,
                "ORD_STRA": 3,
                "ORD_CLAS": 1,
                "ORD_FLOW": 6,
                "HYBAS_L12": 4121159290.0,
                "Shape_Length": 0.02011844635312341
            },
            "geometry": {
                "type": "LineString",
                "coordinates": [
                    [
                        81.13958333333292,
                        6.539583333333219
                    ],
                    [
                        81.13958333333292,
                        6.535416666666556
                    ],
                    [
                        81.1312499999996,
                        6.527083333333245
                    ],
                    [
                        81.1312499999996,
                        6.522916666666539
                    ]
                ]
            }
        },
        {
            "type": "Feature",
            "properties": {
                "HYRIV_ID": 41407726,
                "NEXT_DOWN": 41407702,
                "MAIN_RIV": 41409262,
                "LENGTH_KM": 7.85,
                "DIST_DN_KM": 55.900002,
                "DIST_UP_KM": 10.0,
                "CATCH_SKM": 28.360001,
                "UPLAND_SKM": 28.4,
                "ENDORHEIC": 0,
                "DIS_AV_CMS": 0.73900002,
                "ORD_STRA": 1,
                "ORD_CLAS": 3,
                "ORD_FLOW": 7,
                "HYBAS_L12": 4121159320.0,
                "Shape_Length": 0.07092006366733948
            },
            "geometry": {
                "type": "LineString",
                "coordinates": [
                    [
                        81.04999999999976,
                        6.537499999999888
                    ],
                    [
                        81.05624999999966,
                        6.53125
                    ],
                    [
                        81.06041666666633,
                        6.53125
                    ],
                    [
                        81.06458333333299,
                        6.527083333333245
                    ],
                    [
                        81.06874999999965,
                        6.527083333333245
                    ],
                    [
                        81.07291666666632,
                        6.522916666666539
                    ],
                    [
                        81.07708333333304,
                        6.522916666666539
                    ],
                    [
                        81.0812499999997,
                        6.518749999999891
                    ],
                    [
                        81.08541666666625,
                        6.518749999999891
                    ],
                    [
                        81.10208333333307,
                        6.535416666666556
                    ],
                    [
                        81.10624999999973,
                        6.535416666666556
                    ]
                ]
            }
        },
        {
            "type": "Feature",
            "properties": {
                "HYRIV_ID": 41407751,
                "NEXT_DOWN": 41407846,
                "MAIN_RIV": 41409262,
                "LENGTH_KM": 1.12,
                "DIST_DN_KM": 51.0,
                "DIST_UP_KM": 58.700001,
                "CATCH_SKM": 2.1300001,
                "UPLAND_SKM": 663.5,
                "ENDORHEIC": 0,
                "DIS_AV_CMS": 16.764999,
                "ORD_STRA": 4,
                "ORD_CLAS": 1,
                "ORD_FLOW": 5,
                "HYBAS_L12": 4121602330.0,
                "Shape_Length": 0.010059223176571397
            },
            "geometry": {
                "type": "LineString",
                "coordinates": [
                    [
                        81.1312499999996,
                        6.522916666666539
                    ],
                    [
                        81.1312499999996,
                        6.518749999999891
                    ],
                    [
                        81.13541666666632,
                        6.514583333333228
                    ]
                ]
            }
        },
        {
            "type": "Feature",
            "properties": {
                "HYRIV_ID": 41407752,
                "NEXT_DOWN": 41407846,
                "MAIN_RIV": 41409262,
                "LENGTH_KM": 1.15,
                "DIST_DN_KM": 50.8,
                "DIST_UP_KM": 4.9,
                "CATCH_SKM": 10.24,
                "UPLAND_SKM": 10.2,
                "ENDORHEIC": 0,
                "DIS_AV_CMS": 0.239,
                "ORD_STRA": 1,
                "ORD_CLAS": 2,
                "ORD_FLOW": 7,
                "HYBAS_L12": 4121602330.0,
                "Shape_Length": 0.010416666666685614
            },
            "geometry": {
                "type": "LineString",
                "coordinates": [
                    [
                        81.145833333333,
                        6.514583333333228
                    ],
                    [
                        81.13541666666632,
                        6.514583333333228
                    ]
                ]
            }
        },
        {
            "type": "Feature",
            "properties": {
                "HYRIV_ID": 41407846,
                "NEXT_DOWN": 41407981,
                "MAIN_RIV": 41409262,
                "LENGTH_KM": 3.35,
                "DIST_DN_KM": 47.5,
                "DIST_UP_KM": 62.200001,
                "CATCH_SKM": 7.46,
                "UPLAND_SKM": 681.20001,
                "ENDORHEIC": 0,
                "DIS_AV_CMS": 16.979,
                "ORD_STRA": 4,
                "ORD_CLAS": 1,
                "ORD_FLOW": 5,
                "HYBAS_L12": 4121602330.0,
                "Shape_Length": 0.03017766952947719
            },
            "geometry": {
                "type": "LineString",
                "coordinates": [
                    [
                        81.13541666666632,
                        6.514583333333228
                    ],
                    [
                        81.13958333333292,
                        6.510416666666565
                    ],
                    [
                        81.13541666666632,
                        6.50625
                    ],
                    [
                        81.13541666666632,
                        6.502083333333211
                    ],
                    [
                        81.13958333333292,
                        6.497916666666548
                    ],
                    [
                        81.13958333333292,
                        6.493749999999899
                    ],
                    [
                        81.13541666666632,
                        6.493749999999899
                    ]
                ]
            }
        },
        {
            "type": "Feature",
            "properties": {
                "HYRIV_ID": 41407857,
                "NEXT_DOWN": 41407981,
                "MAIN_RIV": 41409262,
                "LENGTH_KM": 3.48,
                "DIST_DN_KM": 47.5,
                "DIST_UP_KM": 5.8,
                "CATCH_SKM": 14.08,
                "UPLAND_SKM": 14.1,
                "ENDORHEIC": 0,
                "DIS_AV_CMS": 0.34400001,
                "ORD_STRA": 1,
                "ORD_CLAS": 2,
                "ORD_FLOW": 7,
                "HYBAS_L12": 4121602330.0,
                "Shape_Length": 0.031398057941370336
            },
            "geometry": {
                "type": "LineString",
                "coordinates": [
                    [
                        81.11249999999964,
                        6.4875
                    ],
                    [
                        81.12291666666627,
                        6.497916666666548
                    ],
                    [
                        81.13541666666632,
                        6.497916666666548
                    ],
                    [
                        81.13541666666632,
                        6.493749999999899
                    ]
                ]
            }
        },
        {
            "type": "Feature",
            "properties": {
                "HYRIV_ID": 41407980,
                "NEXT_DOWN": 41408106,
                "MAIN_RIV": 41409262,
                "LENGTH_KM": 1.4400001,
                "DIST_DN_KM": 43.0,
                "DIST_UP_KM": 4.5,
                "CATCH_SKM": 7.25,
                "UPLAND_SKM": 7.3,
                "ENDORHEIC": 0,
                "DIS_AV_CMS": 0.175,
                "ORD_STRA": 1,
                "ORD_CLAS": 2,
                "ORD_FLOW": 7,
                "HYBAS_L12": 4121602330.0,
                "Shape_Length": 0.013005501431523427
            },
            "geometry": {
                "type": "LineString",
                "coordinates": [
                    [
                        81.12499999999963,
                        6.466666666666576
                    ],
                    [
                        81.1312499999996,
                        6.460416666666582
                    ],
                    [
                        81.13541666666632,
                        6.460416666666582
                    ]
                ]
            }
        },
        {
            "type": "Feature",
            "properties": {
                "HYRIV_ID": 41407981,
                "NEXT_DOWN": 41408106,
                "MAIN_RIV": 41409262,
                "LENGTH_KM": 4.4699998,
                "DIST_DN_KM": 43.0,
                "DIST_UP_KM": 66.699997,
                "CATCH_SKM": 13.65,
                "UPLAND_SKM": 708.90002,
                "ENDORHEIC": 0,
                "DIS_AV_CMS": 17.225,
                "ORD_STRA": 4,
                "ORD_CLAS": 1,
                "ORD_FLOW": 5,
                "HYBAS_L12": 4121602330.0,
                "Shape_Length": 0.04023689270603925
            },
            "geometry": {
                "type": "LineString",
                "coordinates": [
                    [
                        81.13541666666632,
                        6.493749999999899
                    ],
                    [
                        81.13958333333292,
                        6.489583333333236
                    ],
                    [
                        81.13541666666632,
                        6.485416666666573
                    ],
                    [
                        81.13958333333292,
                        6.48125
                    ],
                    [
                        81.13958333333292,
                        6.477083333333219
                    ],
                    [
                        81.13541666666632,
                        6.472916666666556
                    ],
                    [
                        81.13541666666632,
                        6.460416666666582
                    ]
                ]
            }
        },
        {
            "type": "Feature",
            "properties": {
                "HYRIV_ID": 41408029,
                "NEXT_DOWN": 41408147,
                "MAIN_RIV": 41409262,
                "LENGTH_KM": 5.2600002,
                "DIST_DN_KM": 36.8,
                "DIST_UP_KM": 8.4,
                "CATCH_SKM": 22.18,
                "UPLAND_SKM": 22.200001,
                "ENDORHEIC": 0,
                "DIS_AV_CMS": 0.49,
                "ORD_STRA": 1,
                "ORD_CLAS": 2,
                "ORD_FLOW": 7,
                "HYBAS_L12": 4121602330.0,
                "Shape_Length": 0.047349837627816665
            },
            "geometry": {
                "type": "LineString",
                "coordinates": [
                    [
                        81.16666666666637,
                        6.4875
                    ],
                    [
                        81.17291666666628,
                        6.48125
                    ],
                    [
                        81.17291666666628,
                        6.477083333333219
                    ],
                    [
                        81.18124999999966,
                        6.46875
                    ],
                    [
                        81.18124999999966,
                        6.452083333333228
                    ],
                    [
                        81.18541666666633,
                        6.447916666666565
                    ]
                ]
            }
        },
        {
            "type": "Feature",
            "properties": {
                "HYRIV_ID": 41408030,
                "NEXT_DOWN": 41408147,
                "MAIN_RIV": 41409262,
                "LENGTH_KM": 1.4400001,
                "DIST_DN_KM": 36.599998,
                "DIST_UP_KM": 4.7,
                "CATCH_SKM": 8.7399998,
                "UPLAND_SKM": 8.7,
                "ENDORHEIC": 0,
                "DIS_AV_CMS": 0.188,
                "ORD_STRA": 1,
                "ORD_CLAS": 3,
                "ORD_FLOW": 7,
                "HYBAS_L12": 4121602330.0,
                "Shape_Length": 0.013005501431486682
            },
            "geometry": {
                "type": "LineString",
                "coordinates": [
                    [
                        81.1916666666663,
                        6.45833333333325
                    ],
                    [
                        81.18541666666633,
                        6.452083333333228
                    ],
                    [
                        81.18541666666633,
                        6.447916666666565
                    ]
                ]
            }
        },
        {
            "type": "Feature",
            "properties": {
                "HYRIV_ID": 41408105,
                "NEXT_DOWN": 41408163,
                "MAIN_RIV": 41409262,
                "LENGTH_KM": 2.73,
                "DIST_DN_KM": 39.599998,
                "DIST_UP_KM": 5.6,
                "CATCH_SKM": 11.3,
                "UPLAND_SKM": 11.3,
                "ENDORHEIC": 0,
                "DIS_AV_CMS": 0.269,
                "ORD_STRA": 1,
                "ORD_CLAS": 2,
                "ORD_FLOW": 7,
                "HYBAS_L12": 4121602330.0,
                "Shape_Length": 0.024642556509787115
            },
            "geometry": {
                "type": "LineString",
                "coordinates": [
                    [
                        81.1166666666663,
                        6.435416666666548
                    ],
                    [
                        81.12291666666627,
                        6.435416666666548
                    ],
                    [
                        81.1270833333331,
                        6.431249999999885
                    ],
                    [
                        81.13958333333292,
                        6.431249999999885
                    ]
                ]
            }
        },
        {
            "type": "Feature",
            "properties": {
                "HYRIV_ID": 41408106,
                "NEXT_DOWN": 41408163,
                "MAIN_RIV": 41409262,
                "LENGTH_KM": 3.4300001,
                "DIST_DN_KM": 39.599998,
                "DIST_UP_KM": 70.099998,
                "CATCH_SKM": 10.88,
                "UPLAND_SKM": 727.0,
                "ENDORHEIC": 0,
                "DIS_AV_CMS": 17.278,
                "ORD_STRA": 4,
                "ORD_CLAS": 1,
                "ORD_FLOW": 5,
                "HYBAS_L12": 4121602330.0,
                "Shape_Length": 0.03089255650986396
            },
            "geometry": {
                "type": "LineString",
                "coordinates": [
                    [
                        81.13541666666632,
                        6.460416666666582
                    ],
                    [
                        81.13541666666632,
                        6.45625
                    ],
                    [
                        81.13958333333292,
                        6.452083333333228
                    ],
                    [
                        81.13958333333292,
                        6.431249999999885
                    ]
                ]
            }
        },
        {
            "type": "Feature",
            "properties": {
                "HYRIV_ID": 41408146,
                "NEXT_DOWN": 41408287,
                "MAIN_RIV": 41409262,
                "LENGTH_KM": 1.81,
                "DIST_DN_KM": 33.400002,
                "DIST_UP_KM": 5.4,
                "CATCH_SKM": 9.1700001,
                "UPLAND_SKM": 9.2,
                "ENDORHEIC": 0,
                "DIS_AV_CMS": 0.204,
                "ORD_STRA": 1,
                "ORD_CLAS": 3,
                "ORD_FLOW": 7,
                "HYBAS_L12": 4121602330.0,
                "Shape_Length": 0.01630922317652968
            },
            "geometry": {
                "type": "LineString",
                "coordinates": [
                    [
                        81.17291666666628,
                        6.437499999999879
                    ],
                    [
                        81.17291666666628,
                        6.431249999999885
                    ],
                    [
                        81.17708333333294,
                        6.427083333333236
                    ],
                    [
                        81.17708333333294,
                        6.422916666666573
                    ]
                ]
            }
        },
        {
            "type": "Feature",
            "properties": {
                "HYRIV_ID": 41408147,
                "NEXT_DOWN": 41408287,
                "MAIN_RIV": 41409262,
                "LENGTH_KM": 3.1600001,
                "DIST_DN_KM": 33.599998,
                "DIST_UP_KM": 11.5,
                "CATCH_SKM": 5.33,
                "UPLAND_SKM": 36.3,
                "ENDORHEIC": 0,
                "DIS_AV_CMS": 0.78200001,
                "ORD_STRA": 2,
                "ORD_CLAS": 2,
                "ORD_FLOW": 7,
                "HYBAS_L12": 4121602330.0,
                "Shape_Length": 0.028451779686470988
            },
            "geometry": {
                "type": "LineString",
                "coordinates": [
                    [
                        81.18541666666633,
                        6.447916666666565
                    ],
                    [
                        81.18541666666633,
                        6.435416666666548
                    ],
                    [
                        81.18124999999966,
                        6.431249999999885
                    ],
                    [
                        81.18124999999966,
                        6.427083333333236
                    ],
                    [
                        81.17708333333294,
                        6.422916666666573
                    ]
                ]
            }
        },
        {
            "type": "Feature",
            "properties": {
                "HYRIV_ID": 41408163,
                "NEXT_DOWN": 41408241,
                "MAIN_RIV": 41409262,
                "LENGTH_KM": 1.39,
                "DIST_DN_KM": 38.200001,
                "DIST_UP_KM": 71.5,
                "CATCH_SKM": 2.77,
                "UPLAND_SKM": 741.09998,
                "ENDORHEIC": 0,
                "DIS_AV_CMS": 17.445999,
                "ORD_STRA": 4,
                "ORD_CLAS": 1,
                "ORD_FLOW": 5,
                "HYBAS_L12": 4121602330.0,
                "Shape_Length": 0.01249999999997442
            },
            "geometry": {
                "type": "LineString",
                "coordinates": [
                    [
                        81.13958333333292,
                        6.431249999999885
                    ],
                    [
                        81.13958333333292,
                        6.41875
                    ]
                ]
            }
        },
        {
            "type": "Feature",
            "properties": {
                "HYRIV_ID": 41408164,
                "NEXT_DOWN": 41408313,
                "MAIN_RIV": 41409262,
                "LENGTH_KM": 2.27,
                "DIST_DN_KM": 32.8,
                "DIST_UP_KM": 5.6,
                "CATCH_SKM": 8.1099997,
                "UPLAND_SKM": 8.1,
                "ENDORHEIC": 0,
                "DIS_AV_CMS": 0.171,
                "ORD_STRA": 1,
                "ORD_CLAS": 2,
                "ORD_FLOW": 7,
                "HYBAS_L12": 4121602410.0,
                "Shape_Length": 0.020475889843188395
            },
            "geometry": {
                "type": "LineString",
                "coordinates": [
                    [
                        81.19791666666632,
                        6.437499999999879
                    ],
                    [
                        81.19791666666632,
                        6.422916666666573
                    ],
                    [
                        81.20208333333298,
                        6.41875
                    ]
                ]
            }
        },
        {
            "type": "Feature",
            "properties": {
                "HYRIV_ID": 41408165,
                "NEXT_DOWN": 41408313,
                "MAIN_RIV": 41409262,
                "LENGTH_KM": 1.34,
                "DIST_DN_KM": 32.8,
                "DIST_UP_KM": 4.5,
                "CATCH_SKM": 9.6,
                "UPLAND_SKM": 9.6,
                "ENDORHEIC": 0,
                "DIS_AV_CMS": 0.199,
                "ORD_STRA": 1,
                "ORD_CLAS": 3,
                "ORD_FLOW": 7,
                "HYBAS_L12": 4121602410.0,
                "Shape_Length": 0.012142556509831781
            },
            "geometry": {
                "type": "LineString",
                "coordinates": [
                    [
                        81.21249999999961,
                        6.422916666666573
                    ],
                    [
                        81.2062499999997,
                        6.422916666666573
                    ],
                    [
                        81.20208333333298,
                        6.41875
                    ]
                ]
            }
        },
        {
            "type": "Feature",
            "properties": {
                "HYRIV_ID": 41408221,
                "NEXT_DOWN": 41408241,
                "MAIN_RIV": 41409262,
                "LENGTH_KM": 4.21,
                "DIST_DN_KM": 38.200001,
                "DIST_UP_KM": 8.8,
                "CATCH_SKM": 10.03,
                "UPLAND_SKM": 10.0,
                "ENDORHEIC": 0,
                "DIS_AV_CMS": 0.237,
                "ORD_STRA": 1,
                "ORD_CLAS": 2,
                "ORD_FLOW": 7,
                "HYBAS_L12": 4121602330.0,
                "Shape_Length": 0.03800550143145978
            },
            "geometry": {
                "type": "LineString",
                "coordinates": [
                    [
                        81.10833333333298,
                        6.408333333333225
                    ],
                    [
                        81.11458333333294,
                        6.414583333333262
                    ],
                    [
                        81.13958333333292,
                        6.414583333333262
                    ],
                    [
                        81.13958333333292,
                        6.41875
                    ]
                ]
            }
        },
        {
            "type": "Feature",
            "properties": {
                "HYRIV_ID": 41408240,
                "NEXT_DOWN": 41408312,
                "MAIN_RIV": 41409262,
                "LENGTH_KM": 1.15,
                "DIST_DN_KM": 36.599998,
                "DIST_UP_KM": 3.9,
                "CATCH_SKM": 5.5500002,
                "UPLAND_SKM": 5.5,
                "ENDORHEIC": 0,
                "DIS_AV_CMS": 0.129,
                "ORD_STRA": 1,
                "ORD_CLAS": 2,
                "ORD_FLOW": 7,
                "HYBAS_L12": 4121602330.0,
                "Shape_Length": 0.010416666666628771
            },
            "geometry": {
                "type": "LineString",
                "coordinates": [
                    [
                        81.13333333333301,
                        6.406249999999893
                    ],
                    [
                        81.14374999999964,
                        6.406249999999893
                    ]
                ]
            }
        },
        {
            "type": "Feature",
            "properties": {
                "HYRIV_ID": 41408241,
                "NEXT_DOWN": 41408312,
                "MAIN_RIV": 41409262,
                "LENGTH_KM": 1.58,
                "DIST_DN_KM": 36.599998,
                "DIST_UP_KM": 73.099998,
                "CATCH_SKM": 1.92,
                "UPLAND_SKM": 753.09998,
                "ENDORHEIC": 0,
                "DIS_AV_CMS": 17.559,
                "ORD_STRA": 4,
                "ORD_CLAS": 1,
                "ORD_FLOW": 5,
                "HYBAS_L12": 4121602330.0,
                "Shape_Length": 0.014225889843281068
            },
            "geometry": {
                "type": "LineString",
                "coordinates": [
                    [
                        81.13958333333292,
                        6.41875
                    ],
                    [
                        81.14374999999964,
                        6.414583333333262
                    ],
                    [
                        81.14374999999964,
                        6.406249999999893
                    ]
                ]
            }
        },
        {
            "type": "Feature",
            "properties": {
                "HYRIV_ID": 41408287,
                "NEXT_DOWN": 41408338,
                "MAIN_RIV": 41409262,
                "LENGTH_KM": 3.35,
                "DIST_DN_KM": 30.1,
                "DIST_UP_KM": 15.1,
                "CATCH_SKM": 9.3900003,
                "UPLAND_SKM": 54.8,
                "ENDORHEIC": 0,
                "DIS_AV_CMS": 1.173,
                "ORD_STRA": 2,
                "ORD_CLAS": 2,
                "ORD_FLOW": 6,
                "HYBAS_L12": 4121602330.0,
                "Shape_Length": 0.030177669529724956
            },
            "geometry": {
                "type": "LineString",
                "coordinates": [
                    [
                        81.17708333333294,
                        6.422916666666573
                    ],
                    [
                        81.17708333333294,
                        6.41875
                    ],
                    [
                        81.18958333333299,
                        6.406249999999893
                    ],
                    [
                        81.18958333333299,
                        6.397916666666539
                    ]
                ]
            }
        },
        {
            "type": "Feature",
            "properties": {
                "HYRIV_ID": 41408312,
                "NEXT_DOWN": 41408338,
                "MAIN_RIV": 41409262,
                "LENGTH_KM": 6.4899998,
                "DIST_DN_KM": 30.3,
                "DIST_UP_KM": 79.400002,
                "CATCH_SKM": 21.549999,
                "UPLAND_SKM": 780.20001,
                "ENDORHEIC": 0,
                "DIS_AV_CMS": 17.483999,
                "ORD_STRA": 4,
                "ORD_CLAS": 1,
                "ORD_FLOW": 5,
                "HYBAS_L12": 4121602330.0,
                "Shape_Length": 0.05862944921620254
            },
            "geometry": {
                "type": "LineString",
                "coordinates": [
                    [
                        81.14374999999964,
                        6.406249999999893
                    ],
                    [
                        81.14374999999964,
                        6.402083333333245
                    ],
                    [
                        81.14791666666625,
                        6.397916666666539
                    ],
                    [
                        81.15208333333297,
                        6.397916666666539
                    ],
                    [
                        81.15624999999963,
                        6.393749999999876
                    ],
                    [
                        81.16458333333296,
                        6.393749999999876
                    ],
                    [
                        81.16874999999962,
                        6.397916666666539
                    ],
                    [
                        81.17291666666628,
                        6.397916666666539
                    ],
                    [
                        81.17708333333294,
                        6.402083333333245
                    ],
                    [
                        81.18541666666633,
                        6.402083333333245
                    ],
                    [
                        81.18958333333299,
                        6.397916666666539
                    ]
                ]
            }
        },
        {
            "type": "Feature",
            "properties": {
                "HYRIV_ID": 41408313,
                "NEXT_DOWN": 41408339,
                "MAIN_RIV": 41409262,
                "LENGTH_KM": 2.97,
                "DIST_DN_KM": 29.6,
                "DIST_UP_KM": 8.7,
                "CATCH_SKM": 5.5500002,
                "UPLAND_SKM": 23.3,
                "ENDORHEIC": 0,
                "DIS_AV_CMS": 0.48100001,
                "ORD_STRA": 2,
                "ORD_CLAS": 2,
                "ORD_FLOW": 7,
                "HYBAS_L12": 4121602410.0,
                "Shape_Length": 0.026725889843241278
            },
            "geometry": {
                "type": "LineString",
                "coordinates": [
                    [
                        81.20208333333298,
                        6.41875
                    ],
                    [
                        81.20208333333298,
                        6.402083333333245
                    ],
                    [
                        81.19791666666632,
                        6.397916666666539
                    ],
                    [
                        81.19791666666632,
                        6.393749999999876
                    ]
                ]
            }
        },
        {
            "type": "Feature",
            "properties": {
                "HYRIV_ID": 41408314,
                "NEXT_DOWN": 41408339,
                "MAIN_RIV": 41409262,
                "LENGTH_KM": 1.15,
                "DIST_DN_KM": 29.6,
                "DIST_UP_KM": 5.2,
                "CATCH_SKM": 11.31,
                "UPLAND_SKM": 11.3,
                "ENDORHEIC": 0,
                "DIS_AV_CMS": 0.23,
                "ORD_STRA": 1,
                "ORD_CLAS": 3,
                "ORD_FLOW": 7,
                "HYBAS_L12": 4121602410.0,
                "Shape_Length": 0.010416666666628771
            },
            "geometry": {
                "type": "LineString",
                "coordinates": [
                    [
                        81.20833333333294,
                        6.393749999999876
                    ],
                    [
                        81.19791666666632,
                        6.393749999999876
                    ]
                ]
            }
        },
        {
            "type": "Feature",
            "properties": {
                "HYRIV_ID": 41408338,
                "NEXT_DOWN": 41408471,
                "MAIN_RIV": 41409262,
                "LENGTH_KM": 1.12,
                "DIST_DN_KM": 29.200001,
                "DIST_UP_KM": 80.5,
                "CATCH_SKM": 2.35,
                "UPLAND_SKM": 837.29999,
                "ENDORHEIC": 0,
                "DIS_AV_CMS": 18.586,
                "ORD_STRA": 4,
                "ORD_CLAS": 1,
                "ORD_FLOW": 5,
                "HYBAS_L12": 4121602410.0,
                "Shape_Length": 0.010059223176535365
            },
            "geometry": {
                "type": "LineString",
                "coordinates": [
                    [
                        81.18958333333299,
                        6.397916666666539
                    ],
                    [
                        81.18958333333299,
                        6.393749999999876
                    ],
                    [
                        81.19374999999965,
                        6.389583333333228
                    ]
                ]
            }
        },
        {
            "type": "Feature",
            "properties": {
                "HYRIV_ID": 41408339,
                "NEXT_DOWN": 41408471,
                "MAIN_RIV": 41409262,
                "LENGTH_KM": 0.65,
                "DIST_DN_KM": 29.200001,
                "DIST_UP_KM": 9.2,
                "CATCH_SKM": 0.21,
                "UPLAND_SKM": 34.8,
                "ENDORHEIC": 0,
                "DIS_AV_CMS": 0.714,
                "ORD_STRA": 2,
                "ORD_CLAS": 2,
                "ORD_FLOW": 7,
                "HYBAS_L12": 4121602410.0,
                "Shape_Length": 0.005892556509872488
            },
            "geometry": {
                "type": "LineString",
                "coordinates": [
                    [
                        81.19791666666632,
                        6.393749999999876
                    ],
                    [
                        81.19374999999965,
                        6.389583333333228
                    ]
                ]
            }
        },
        {
            "type": "Feature",
            "properties": {
                "HYRIV_ID": 41408471,
                "NEXT_DOWN": 41408561,
                "MAIN_RIV": 41409262,
                "LENGTH_KM": 4.1900001,
                "DIST_DN_KM": 25.0,
                "DIST_UP_KM": 84.699997,
                "CATCH_SKM": 13.01,
                "UPLAND_SKM": 885.09998,
                "ENDORHEIC": 0,
                "DIS_AV_CMS": 19.128,
                "ORD_STRA": 4,
                "ORD_CLAS": 1,
                "ORD_FLOW": 5,
                "HYBAS_L12": 4121602410.0,
                "Shape_Length": 0.03779611588278452
            },
            "geometry": {
                "type": "LineString",
                "coordinates": [
                    [
                        81.19374999999965,
                        6.389583333333228
                    ],
                    [
                        81.19791666666632,
                        6.385416666666565
                    ],
                    [
                        81.19791666666632,
                        6.377083333333253
                    ],
                    [
                        81.21458333333302,
                        6.360416666666573
                    ]
                ]
            }
        },
        {
            "type": "Feature",
            "properties": {
                "HYRIV_ID": 41408472,
                "NEXT_DOWN": 41408561,
                "MAIN_RIV": 41409262,
                "LENGTH_KM": 3.3900001,
                "DIST_DN_KM": 25.0,
                "DIST_UP_KM": 6.6,
                "CATCH_SKM": 13.87,
                "UPLAND_SKM": 13.9,
                "ENDORHEIC": 0,
                "DIS_AV_CMS": 0.274,
                "ORD_STRA": 1,
                "ORD_CLAS": 2,
                "ORD_FLOW": 7,
                "HYBAS_L12": 4121602410.0,
                "Shape_Length": 0.030535113019819073
            },
            "geometry": {
                "type": "LineString",
                "coordinates": [
                    [
                        81.23124999999973,
                        6.379166666666571
                    ],
                    [
                        81.23124999999973,
                        6.372916666666548
                    ],
                    [
                        81.22708333333301,
                        6.372916666666548
                    ],
                    [
                        81.22291666666635,
                        6.368749999999885
                    ],
                    [
                        81.21874999999969,
                        6.368749999999885
                    ],
                    [
                        81.21874999999969,
                        6.364583333333236
                    ],
                    [
                        81.21458333333302,
                        6.360416666666573
                    ]
                ]
            }
        },
        {
            "type": "Feature",
            "properties": {
                "HYRIV_ID": 41408560,
                "NEXT_DOWN": 41408756,
                "MAIN_RIV": 41409262,
                "LENGTH_KM": 5.06,
                "DIST_DN_KM": 22.9,
                "DIST_UP_KM": 8.3,
                "CATCH_SKM": 18.99,
                "UPLAND_SKM": 19.0,
                "ENDORHEIC": 0,
                "DIS_AV_CMS": 0.41,
                "ORD_STRA": 1,
                "ORD_CLAS": 2,
                "ORD_FLOW": 7,
                "HYBAS_L12": 4121602500.0,
                "Shape_Length": 0.045623947784581065
            },
            "geometry": {
                "type": "LineString",
                "coordinates": [
                    [
                        81.15833333333305,
                        6.366666666666553
                    ],
                    [
                        81.16458333333296,
                        6.360416666666573
                    ],
                    [
                        81.16874999999962,
                        6.360416666666573
                    ],
                    [
                        81.17291666666628,
                        6.35625
                    ],
                    [
                        81.18124999999966,
                        6.35625
                    ],
                    [
                        81.18541666666633,
                        6.352083333333248
                    ],
                    [
                        81.18541666666633,
                        6.339583333333231
                    ]
                ]
            }
        },
        {
            "type": "Feature",
            "properties": {
                "HYRIV_ID": 41408561,
                "NEXT_DOWN": 41408784,
                "MAIN_RIV": 41409262,
                "LENGTH_KM": 4.9200001,
                "DIST_DN_KM": 19.9,
                "DIST_UP_KM": 89.800003,
                "CATCH_SKM": 16.639999,
                "UPLAND_SKM": 915.59998,
                "ENDORHEIC": 0,
                "DIS_AV_CMS": 19.15,
                "ORD_STRA": 4,
                "ORD_CLAS": 1,
                "ORD_FLOW": 5,
                "HYBAS_L12": 4121602410.0,
                "Shape_Length": 0.04440355937279114
            },
            "geometry": {
                "type": "LineString",
                "coordinates": [
                    [
                        81.21458333333302,
                        6.360416666666573
                    ],
                    [
                        81.21874999999969,
                        6.35625
                    ],
                    [
                        81.21874999999969,
                        6.352083333333248
                    ],
                    [
                        81.23124999999973,
                        6.339583333333231
                    ],
                    [
                        81.24791666666627,
                        6.339583333333231
                    ]
                ]
            }
        },
        {
            "type": "Feature",
            "properties": {
                "HYRIV_ID": 41408562,
                "NEXT_DOWN": 41408784,
                "MAIN_RIV": 41409262,
                "LENGTH_KM": 4.71,
                "DIST_DN_KM": 19.9,
                "DIST_UP_KM": 7.5,
                "CATCH_SKM": 20.91,
                "UPLAND_SKM": 20.9,
                "ENDORHEIC": 0,
                "DIS_AV_CMS": 0.394,
                "ORD_STRA": 1,
                "ORD_CLAS": 2,
                "ORD_FLOW": 7,
                "HYBAS_L12": 4121602410.0,
                "Shape_Length": 0.042468283981003004
            },
            "geometry": {
                "type": "LineString",
                "coordinates": [
                    [
                        81.27916666666633,
                        6.366666666666553
                    ],
                    [
                        81.25208333333305,
                        6.339583333333231
                    ],
                    [
                        81.24791666666627,
                        6.339583333333231
                    ]
                ]
            }
        },
        {
            "type": "Feature",
            "properties": {
                "HYRIV_ID": 41408585,
                "NEXT_DOWN": 41408756,
                "MAIN_RIV": 41409262,
                "LENGTH_KM": 1.15,
                "DIST_DN_KM": 22.9,
                "DIST_UP_KM": 4.5,
                "CATCH_SKM": 8.1099997,
                "UPLAND_SKM": 8.1,
                "ENDORHEIC": 0,
                "DIS_AV_CMS": 0.175,
                "ORD_STRA": 1,
                "ORD_CLAS": 3,
                "ORD_FLOW": 7,
                "HYBAS_L12": 4121602500.0,
                "Shape_Length": 0.010416666666728247
            },
            "geometry": {
                "type": "LineString",
                "coordinates": [
                    [
                        81.17916666666625,
                        6.335416666666582
                    ],
                    [
                        81.18541666666633,
                        6.335416666666582
                    ],
                    [
                        81.18541666666633,
                        6.339583333333231
                    ]
                ]
            }
        },
        {
            "type": "Feature",
            "properties": {
                "HYRIV_ID": 41408755,
                "NEXT_DOWN": 41408771,
                "MAIN_RIV": 41409262,
                "LENGTH_KM": 0.69,
                "DIST_DN_KM": 16.3,
                "DIST_UP_KM": 4.1,
                "CATCH_SKM": 10.03,
                "UPLAND_SKM": 10.0,
                "ENDORHEIC": 0,
                "DIS_AV_CMS": 0.206,
                "ORD_STRA": 1,
                "ORD_CLAS": 3,
                "ORD_FLOW": 7,
                "HYBAS_L12": 4121602500.0,
                "Shape_Length": 0.006250000000079581
            },
            "geometry": {
                "type": "LineString",
                "coordinates": [
                    [
                        81.21666666666627,
                        6.297916666666573
                    ],
                    [
                        81.22291666666635,
                        6.297916666666573
                    ]
                ]
            }
        },
        {
            "type": "Feature",
            "properties": {
                "HYRIV_ID": 41408756,
                "NEXT_DOWN": 41408771,
                "MAIN_RIV": 41409262,
                "LENGTH_KM": 6.6100001,
                "DIST_DN_KM": 16.5,
                "DIST_UP_KM": 14.7,
                "CATCH_SKM": 20.049999,
                "UPLAND_SKM": 47.099998,
                "ENDORHEIC": 0,
                "DIS_AV_CMS": 0.97600001,
                "ORD_STRA": 2,
                "ORD_CLAS": 2,
                "ORD_FLOW": 7,
                "HYBAS_L12": 4121602500.0,
                "Shape_Length": 0.059640452079121706
            },
            "geometry": {
                "type": "LineString",
                "coordinates": [
                    [
                        81.18541666666633,
                        6.339583333333231
                    ],
                    [
                        81.21041666666636,
                        6.314583333333239
                    ],
                    [
                        81.21458333333302,
                        6.314583333333239
                    ],
                    [
                        81.21874999999969,
                        6.31041666666659
                    ],
                    [
                        81.21874999999969,
                        6.302083333333222
                    ],
                    [
                        81.22291666666635,
                        6.297916666666573
                    ]
                ]
            }
        },
        {
            "type": "Feature",
            "properties": {
                "HYRIV_ID": 41408771,
                "NEXT_DOWN": 41408783,
                "MAIN_RIV": 41409262,
                "LENGTH_KM": 1.5700001,
                "DIST_DN_KM": 14.9,
                "DIST_UP_KM": 16.3,
                "CATCH_SKM": 5.12,
                "UPLAND_SKM": 62.3,
                "ENDORHEIC": 0,
                "DIS_AV_CMS": 1.274,
                "ORD_STRA": 2,
                "ORD_CLAS": 2,
                "ORD_FLOW": 6,
                "HYBAS_L12": 4121602500.0,
                "Shape_Length": 0.014225889843265133
            },
            "geometry": {
                "type": "LineString",
                "coordinates": [
                    [
                        81.22291666666635,
                        6.297916666666573
                    ],
                    [
                        81.23124999999973,
                        6.297916666666573
                    ],
                    [
                        81.2354166666664,
                        6.29375
                    ]
                ]
            }
        },
        {
            "type": "Feature",
            "properties": {
                "HYRIV_ID": 41408772,
                "NEXT_DOWN": 41408875,
                "MAIN_RIV": 41409262,
                "LENGTH_KM": 5.81,
                "DIST_DN_KM": 11.6,
                "DIST_UP_KM": 10.9,
                "CATCH_SKM": 19.84,
                "UPLAND_SKM": 19.8,
                "ENDORHEIC": 0,
                "DIS_AV_CMS": 0.35600001,
                "ORD_STRA": 1,
                "ORD_CLAS": 2,
                "ORD_FLOW": 7,
                "HYBAS_L12": 4120050040.0,
                "Shape_Length": 0.052379449216120526
            },
            "geometry": {
                "type": "LineString",
                "coordinates": [
                    [
                        81.30624999999961,
                        6.3375
                    ],
                    [
                        81.30624999999961,
                        6.33125
                    ],
                    [
                        81.31041666666633,
                        6.327083333333213
                    ],
                    [
                        81.31041666666633,
                        6.322916666666565
                    ],
                    [
                        81.31458333333299,
                        6.31875
                    ],
                    [
                        81.31458333333299,
                        6.314583333333239
                    ],
                    [
                        81.31874999999965,
                        6.31041666666659
                    ],
                    [
                        81.31041666666633,
                        6.302083333333222
                    ],
                    [
                        81.31041666666633,
                        6.29375
                    ]
                ]
            }
        },
        {
            "type": "Feature",
            "properties": {
                "HYRIV_ID": 41408773,
                "NEXT_DOWN": 41408875,
                "MAIN_RIV": 41409262,
                "LENGTH_KM": 5.81,
                "DIST_DN_KM": 11.6,
                "DIST_UP_KM": 9.6,
                "CATCH_SKM": 19.200001,
                "UPLAND_SKM": 19.200001,
                "ENDORHEIC": 0,
                "DIS_AV_CMS": 0.336,
                "ORD_STRA": 1,
                "ORD_CLAS": 3,
                "ORD_FLOW": 7,
                "HYBAS_L12": 4120050040.0,
                "Shape_Length": 0.052379449216050186
            },
            "geometry": {
                "type": "LineString",
                "coordinates": [
                    [
                        81.32291666666632,
                        6.329166666666545
                    ],
                    [
                        81.32291666666632,
                        6.31875
                    ],
                    [
                        81.32708333333298,
                        6.314583333333239
                    ],
                    [
                        81.32708333333298,
                        6.31041666666659
                    ],
                    [
                        81.33124999999964,
                        6.306249999999885
                    ],
                    [
                        81.32291666666632,
                        6.297916666666573
                    ],
                    [
                        81.31874999999965,
                        6.297916666666573
                    ],
                    [
                        81.31458333333299,
                        6.29375
                    ],
                    [
                        81.31041666666633,
                        6.29375
                    ]
                ]
            }
        },
        {
            "type": "Feature",
            "properties": {
                "HYRIV_ID": 41408783,
                "NEXT_DOWN": 41409012,
                "MAIN_RIV": 41409262,
                "LENGTH_KM": 1.5700001,
                "DIST_DN_KM": 13.2,
                "DIST_UP_KM": 18.0,
                "CATCH_SKM": 2.77,
                "UPLAND_SKM": 72.5,
                "ENDORHEIC": 0,
                "DIS_AV_CMS": 1.467,
                "ORD_STRA": 2,
                "ORD_CLAS": 2,
                "ORD_FLOW": 6,
                "HYBAS_L12": 4121602500.0,
                "Shape_Length": 0.014225889843094603
            },
            "geometry": {
                "type": "LineString",
                "coordinates": [
                    [
                        81.2354166666664,
                        6.29375
                    ],
                    [
                        81.23958333333294,
                        6.29375
                    ],
                    [
                        81.24374999999961,
                        6.289583333333248
                    ],
                    [
                        81.24791666666627,
                        6.289583333333248
                    ]
                ]
            }
        },
        {
            "type": "Feature",
            "properties": {
                "HYRIV_ID": 41408784,
                "NEXT_DOWN": 41409012,
                "MAIN_RIV": 41409262,
                "LENGTH_KM": 6.7,
                "DIST_DN_KM": 13.4,
                "DIST_UP_KM": 96.300003,
                "CATCH_SKM": 18.99,
                "UPLAND_SKM": 955.5,
                "ENDORHEIC": 0,
                "DIS_AV_CMS": 19.101999,
                "ORD_STRA": 4,
                "ORD_CLAS": 1,
                "ORD_FLOW": 5,
                "HYBAS_L12": 4121602500.0,
                "Shape_Length": 0.060355339059461686
            },
            "geometry": {
                "type": "LineString",
                "coordinates": [
                    [
                        81.24791666666627,
                        6.339583333333231
                    ],
                    [
                        81.25208333333305,
                        6.335416666666582
                    ],
                    [
                        81.25208333333305,
                        6.327083333333213
                    ],
                    [
                        81.24791666666627,
                        6.322916666666565
                    ],
                    [
                        81.24791666666627,
                        6.31875
                    ],
                    [
                        81.2562499999996,
                        6.31041666666659
                    ],
                    [
                        81.25208333333305,
                        6.306249999999885
                    ],
                    [
                        81.25208333333305,
                        6.29375
                    ],
                    [
                        81.24791666666627,
                        6.289583333333248
                    ]
                ]
            }
        },
        {
            "type": "Feature",
            "properties": {
                "HYRIV_ID": 41408838,
                "NEXT_DOWN": 41408783,
                "MAIN_RIV": 41409262,
                "LENGTH_KM": 2.1,
                "DIST_DN_KM": 14.9,
                "DIST_UP_KM": 4.9,
                "CATCH_SKM": 7.4699998,
                "UPLAND_SKM": 7.5,
                "ENDORHEIC": 0,
                "DIS_AV_CMS": 0.15,
                "ORD_STRA": 1,
                "ORD_CLAS": 3,
                "ORD_FLOW": 7,
                "HYBAS_L12": 4121602500.0,
                "Shape_Length": 0.018898057941498125
            },
            "geometry": {
                "type": "LineString",
                "coordinates": [
                    [
                        81.2249999999996,
                        6.279166666666562
                    ],
                    [
                        81.23124999999973,
                        6.285416666666556
                    ],
                    [
                        81.23124999999973,
                        6.289583333333248
                    ],
                    [
                        81.2354166666664,
                        6.29375
                    ]
                ]
            }
        },
        {
            "type": "Feature",
            "properties": {
                "HYRIV_ID": 41408874,
                "NEXT_DOWN": 41409067,
                "MAIN_RIV": 41409262,
                "LENGTH_KM": 8.4300003,
                "DIST_DN_KM": 9.5,
                "DIST_UP_KM": 11.5,
                "CATCH_SKM": 29.870001,
                "UPLAND_SKM": 29.9,
                "ENDORHEIC": 0,
                "DIS_AV_CMS": 0.547,
                "ORD_STRA": 1,
                "ORD_CLAS": 3,
                "ORD_FLOW": 7,
                "HYBAS_L12": 4120050040.0,
                "Shape_Length": 0.07594967525563473
            },
            "geometry": {
                "type": "LineString",
                "coordinates": [
                    [
                        81.26874999999964,
                        6.329166666666545
                    ],
                    [
                        81.26874999999964,
                        6.314583333333239
                    ],
                    [
                        81.27708333333297,
                        6.306249999999885
                    ],
                    [
                        81.27708333333297,
                        6.302083333333222
                    ],
                    [
                        81.29374999999962,
                        6.285416666666556
                    ],
                    [
                        81.29791666666628,
                        6.285416666666556
                    ],
                    [
                        81.31041666666633,
                        6.272916666666582
                    ]
                ]
            }
        },
        {
            "type": "Feature",
            "properties": {
                "HYRIV_ID": 41408875,
                "NEXT_DOWN": 41409067,
                "MAIN_RIV": 41409262,
                "LENGTH_KM": 2.32,
                "DIST_DN_KM": 9.3,
                "DIST_UP_KM": 13.2,
                "CATCH_SKM": 8.75,
                "UPLAND_SKM": 47.8,
                "ENDORHEIC": 0,
                "DIS_AV_CMS": 0.838,
                "ORD_STRA": 2,
                "ORD_CLAS": 2,
                "ORD_FLOW": 7,
                "HYBAS_L12": 4120050040.0,
                "Shape_Length": 0.020833333333328596
            },
            "geometry": {
                "type": "LineString",
                "coordinates": [
                    [
                        81.31041666666633,
                        6.29375
                    ],
                    [
                        81.31041666666633,
                        6.272916666666582
                    ]
                ]
            }
        },
        {
            "type": "Feature",
            "properties": {
                "HYRIV_ID": 41409012,
                "NEXT_DOWN": 41409066,
                "MAIN_RIV": 41409262,
                "LENGTH_KM": 7.08,
                "DIST_DN_KM": 6.3,
                "DIST_UP_KM": 103.4,
                "CATCH_SKM": 28.809999,
                "UPLAND_SKM": 1056.8,
                "ENDORHEIC": 0,
                "DIS_AV_CMS": 20.245001,
                "ORD_STRA": 4,
                "ORD_CLAS": 1,
                "ORD_FLOW": 5,
                "HYBAS_L12": 4121602500.0,
                "Shape_Length": 0.06380711874575544
            },
            "geometry": {
                "type": "LineString",
                "coordinates": [
                    [
                        81.24791666666627,
                        6.289583333333248
                    ],
                    [
                        81.24791666666627,
                        6.285416666666556
                    ],
                    [
                        81.2562499999996,
                        6.277083333333231
                    ],
                    [
                        81.2562499999996,
                        6.272916666666582
                    ],
                    [
                        81.26458333333292,
                        6.264583333333213
                    ],
                    [
                        81.26458333333292,
                        6.260416666666565
                    ],
                    [
                        81.26874999999964,
                        6.25625
                    ],
                    [
                        81.27291666666625,
                        6.25625
                    ],
                    [
                        81.2854166666663,
                        6.24375
                    ]
                ]
            }
        },
        {
            "type": "Feature",
            "properties": {
                "HYRIV_ID": 41409028,
                "NEXT_DOWN": 41409066,
                "MAIN_RIV": 41409262,
                "LENGTH_KM": 0.69,
                "DIST_DN_KM": 6.1,
                "DIST_UP_KM": 4.1,
                "CATCH_SKM": 8.3199997,
                "UPLAND_SKM": 8.3,
                "ENDORHEIC": 0,
                "DIS_AV_CMS": 0.15700001,
                "ORD_STRA": 1,
                "ORD_CLAS": 2,
                "ORD_FLOW": 7,
                "HYBAS_L12": 4120050040.0,
                "Shape_Length": 0.006250000000036948
            },
            "geometry": {
                "type": "LineString",
                "coordinates": [
                    [
                        81.2854166666663,
                        6.237499999999891
                    ],
                    [
                        81.2854166666663,
                        6.24375
                    ]
                ]
            }
        },
        {
            "type": "Feature",
            "properties": {
                "HYRIV_ID": 41409066,
                "NEXT_DOWN": 41409187,
                "MAIN_RIV": 41409262,
                "LENGTH_KM": 1.96,
                "DIST_DN_KM": 4.3,
                "DIST_UP_KM": 105.3,
                "CATCH_SKM": 3.4100001,
                "UPLAND_SKM": 1068.6,
                "ENDORHEIC": 0,
                "DIS_AV_CMS": 20.243,
                "ORD_STRA": 4,
                "ORD_CLAS": 1,
                "ORD_FLOW": 5,
                "HYBAS_L12": 4120050040.0,
                "Shape_Length": 0.017677669529667706
            },
            "geometry": {
                "type": "LineString",
                "coordinates": [
                    [
                        81.2854166666663,
                        6.24375
                    ],
                    [
                        81.29791666666628,
                        6.23125
                    ]
                ]
            }
        },
        {
            "type": "Feature",
            "properties": {
                "HYRIV_ID": 41409067,
                "NEXT_DOWN": 41409187,
                "MAIN_RIV": 41409262,
                "LENGTH_KM": 5.2,
                "DIST_DN_KM": 4.3,
                "DIST_UP_KM": 18.200001,
                "CATCH_SKM": 13.66,
                "UPLAND_SKM": 91.300003,
                "ENDORHEIC": 0,
                "DIS_AV_CMS": 1.5880001,
                "ORD_STRA": 2,
                "ORD_CLAS": 2,
                "ORD_FLOW": 6,
                "HYBAS_L12": 4120050040.0,
                "Shape_Length": 0.0468443361963789
            },
            "geometry": {
                "type": "LineString",
                "coordinates": [
                    [
                        81.31041666666633,
                        6.272916666666582
                    ],
                    [
                        81.31041666666633,
                        6.264583333333213
                    ],
                    [
                        81.30208333333294,
                        6.25625
                    ],
                    [
                        81.30208333333294,
                        6.235416666666559
                    ],
                    [
                        81.29791666666628,
                        6.23125
                    ]
                ]
            }
        },
        {
            "type": "Feature",
            "properties": {
                "HYRIV_ID": 41409187,
                "NEXT_DOWN": 41409262,
                "MAIN_RIV": 41409262,
                "LENGTH_KM": 2.51,
                "DIST_DN_KM": 1.6,
                "DIST_UP_KM": 108.0,
                "CATCH_SKM": 7.6799998,
                "UPLAND_SKM": 1167.6,
                "ENDORHEIC": 0,
                "DIS_AV_CMS": 21.576,
                "ORD_STRA": 4,
                "ORD_CLAS": 1,
                "ORD_FLOW": 5,
                "HYBAS_L12": 4120050040.0,
                "Shape_Length": 0.022559223176562466
            },
            "geometry": {
                "type": "LineString",
                "coordinates": [
                    [
                        81.29791666666628,
                        6.23125
                    ],
                    [
                        81.30208333333294,
                        6.227083333333248
                    ],
                    [
                        81.30208333333294,
                        6.210416666666568
                    ]
                ]
            }
        },
        {
            "type": "Feature",
            "properties": {
                "HYRIV_ID": 41409188,
                "NEXT_DOWN": 41409262,
                "MAIN_RIV": 41409262,
                "LENGTH_KM": 2.9200001,
                "DIST_DN_KM": 1.6,
                "DIST_UP_KM": 8.0,
                "CATCH_SKM": 13.66,
                "UPLAND_SKM": 13.7,
                "ENDORHEIC": 0,
                "DIS_AV_CMS": 0.243,
                "ORD_STRA": 1,
                "ORD_CLAS": 2,
                "ORD_FLOW": 7,
                "HYBAS_L12": 4120050040.0,
                "Shape_Length": 0.02636844635314127
            },
            "geometry": {
                "type": "LineString",
                "coordinates": [
                    [
                        81.31874999999965,
                        6.225
                    ],
                    [
                        81.31874999999965,
                        6.21875
                    ],
                    [
                        81.31458333333299,
                        6.214583333333231
                    ],
                    [
                        81.31041666666633,
                        6.214583333333231
                    ],
                    [
                        81.30624999999961,
                        6.210416666666568
                    ],
                    [
                        81.30208333333294,
                        6.210416666666568
                    ]
                ]
            }
        },
        {
            "type": "Feature",
            "properties": {
                "HYRIV_ID": 41409262,
                "NEXT_DOWN": 0,
                "MAIN_RIV": 41409262,
                "LENGTH_KM": 1.39,
                "DIST_DN_KM": 0.0,
                "DIST_UP_KM": 109.4,
                "CATCH_SKM": 1.92,
                "UPLAND_SKM": 1183.0,
                "ENDORHEIC": 0,
                "DIS_AV_CMS": 21.610001,
                "ORD_STRA": 4,
                "ORD_CLAS": 1,
                "ORD_FLOW": 5,
                "HYBAS_L12": 4120050040.0,
                "Shape_Length": 0.012500000000017053
            },
            "geometry": {
                "type": "LineString",
                "coordinates": [
                    [
                        81.30208333333294,
                        6.210416666666568
                    ],
                    [
                        81.30208333333294,
                        6.197916666666551
                    ]
                ]
            }
        }
    ]
}