{
    "type": "FeatureCollection",
    "features": [
        {
            "type": "Feature",
            "properties": {
                "HYRIV_ID": 41400049,
                "NEXT_DOWN": 41400159,
                "MAIN_RIV": 41400542,
                "LENGTH_KM": 6.83,
                "DIST_DN_KM": 31.5,
                "DIST_UP_KM": 11.1,
                "CATCH_SKM": 34.610001,
                "UPLAND_SKM": 34.599998,
                "ENDORHEIC": 0,
                "DIS_AV_CMS": 0.368,
                "ORD_STRA": 1,
                "ORD_CLAS": 2,
                "ORD_FLOW": 7,
                "HYBAS_L12": 4121156300.0,
                "Shape_Length": 0.0615757274710409
            },
            "geometry": {
                "type": "LineString",
                "coordinates": [
                    [
                        79.99999999999963,
                        8.437499999999893
                    ],
                    [
                        79.98541666666634,
                        8.422916666666545
                    ],
                    [
                        79.98541666666634,
                        8.406249999999865
                    ],
                    [
                        79.98124999999968,
                        8.402083333333202
                    ],
                    [
                        79.98124999999968,
                        8.389583333333185
                    ],
                    [
                        79.98541666666634,
                        8.385416666666536
                    ]
                ]
            }
        },
        {
            "type": "Feature",
            "properties": {
                "HYRIV_ID": 41400050,
                "NEXT_DOWN": 41400159,
                "MAIN_RIV": 41400542,
                "LENGTH_KM": 0.98,
                "DIST_DN_KM": 31.5,
                "DIST_UP_KM": 6.7,
                "CATCH_SKM": 10.83,
                "UPLAND_SKM": 10.8,
                "ENDORHEIC": 0,
                "DIS_AV_CMS": 0.119,
                "ORD_STRA": 1,
                "ORD_CLAS": 3,
                "ORD_FLOW": 7,
                "HYBAS_L12": 4121156300.0,
                "Shape_Length": 0.00883883476479366
            },
            "geometry": {
                "type": "LineString",
                "coordinates": [
                    [
                        79.9916666666663,
                        8.391666666666517
                    ],
                    [
                        79.98541666666634,
                        8.385416666666536
                    ]
                ]
            }
        },
        {
            "type": "Feature",
            "properties": {
                "HYRIV_ID": 41400159,
                "NEXT_DOWN": 41400300,
                "MAIN_RIV": 41400542,
                "LENGTH_KM": 2.8800001,
                "DIST_DN_KM": 28.4,
                "DIST_UP_KM": 14.2,
                "CATCH_SKM": 5.31,
                "UPLAND_SKM": 50.8,
                "ENDORHEIC": 0,
                "DIS_AV_CMS": 0.538,
                "ORD_STRA": 2,
                "ORD_CLAS": 2,
                "ORD_FLOW": 7,
                "HYBAS_L12": 4121156300.0,
                "Shape_Length": 0.026011002863073854
            },
            "geometry": {
                "type": "LineString",
                "coordinates": [
                    [
                        79.98541666666634,
                        8.385416666666536
                    ],
                    [
                        79.98541666666634,
                        8.381249999999874
                    ],
                    [
                        79.97708333333296,
                        8.372916666666562
                    ],
                    [
                        79.98124999999968,
                        8.368749999999856
                    ],
                    [
                        79.98124999999968,
                        8.364583333333194
                    ]
                ]
            }
        },
        {
            "type": "Feature",
            "properties": {
                "HYRIV_ID": 41400185,
                "NEXT_DOWN": 41400300,
                "MAIN_RIV": 41400542,
                "LENGTH_KM": 7.3800001,
                "DIST_DN_KM": 28.6,
                "DIST_UP_KM": 10.7,
                "CATCH_SKM": 21.450001,
                "UPLAND_SKM": 21.4,
                "ENDORHEIC": 0,
                "DIS_AV_CMS": 0.237,
                "ORD_STRA": 1,
                "ORD_CLAS": 3,
                "ORD_FLOW": 7,
                "HYBAS_L12": 4121156300.0,
                "Shape_Length": 0.06675339700066311
            },
            "geometry": {
                "type": "LineString",
                "coordinates": [
                    [
                        80.02499999999966,
                        8.387499999999854
                    ],
                    [
                        80.0187499999997,
                        8.393749999999848
                    ],
                    [
                        80.01041666666637,
                        8.385416666666536
                    ],
                    [
                        80.01041666666637,
                        8.381249999999874
                    ],
                    [
                        80.00208333333299,
                        8.372916666666562
                    ],
                    [
                        79.99374999999966,
                        8.372916666666562
                    ],
                    [
                        79.989583333333,
                        8.368749999999856
                    ],
                    [
                        79.989583333333,
                        8.364583333333194
                    ],
                    [
                        79.98541666666634,
                        8.360416666666545
                    ],
                    [
                        79.98124999999968,
                        8.364583333333194
                    ]
                ]
            }
        },
        {
            "type": "Feature",
            "properties": {
                "HYRIV_ID": 41400300,
                "NEXT_DOWN": 41400484,
                "MAIN_RIV": 41400542,
                "LENGTH_KM": 3.81,
                "DIST_DN_KM": 24.8,
                "DIST_UP_KM": 17.8,
                "CATCH_SKM": 7.6500001,
                "UPLAND_SKM": 79.800003,
                "ENDORHEIC": 0,
                "DIS_AV_CMS": 0.84500003,
                "ORD_STRA": 2,
                "ORD_CLAS": 2,
                "ORD_FLOW": 7,
                "HYBAS_L12": 4121156300.0,
                "Shape_Length": 0.0343443361963452
            },
            "geometry": {
                "type": "LineString",
                "coordinates": [
                    [
                        79.98124999999968,
                        8.364583333333194
                    ],
                    [
                        79.97708333333296,
                        8.360416666666545
                    ],
                    [
                        79.97708333333296,
                        8.356249999999882
                    ],
                    [
                        79.9729166666663,
                        8.352083333333177
                    ],
                    [
                        79.9729166666663,
                        8.339583333333202
                    ],
                    [
                        79.96874999999963,
                        8.33541666666654
                    ]
                ]
            }
        },
        {
            "type": "Feature",
            "properties": {
                "HYRIV_ID": 41400317,
                "NEXT_DOWN": 41400484,
                "MAIN_RIV": 41400542,
                "LENGTH_KM": 6.1700001,
                "DIST_DN_KM": 24.8,
                "DIST_UP_KM": 9.7,
                "CATCH_SKM": 23.57,
                "UPLAND_SKM": 23.6,
                "ENDORHEIC": 0,
                "DIS_AV_CMS": 0.26300001,
                "ORD_STRA": 1,
                "ORD_CLAS": 3,
                "ORD_FLOW": 7,
                "HYBAS_L12": 4121156300.0,
                "Shape_Length": 0.055831228902509605
            },
            "geometry": {
                "type": "LineString",
                "coordinates": [
                    [
                        80.01249999999962,
                        8.356249999999882
                    ],
                    [
                        80.00208333333299,
                        8.356249999999882
                    ],
                    [
                        79.97708333333296,
                        8.33124999999989
                    ],
                    [
                        79.9729166666663,
                        8.33124999999989
                    ],
                    [
                        79.96874999999963,
                        8.33541666666654
                    ]
                ]
            }
        },
        {
            "type": "Feature",
            "properties": {
                "HYRIV_ID": 41400385,
                "NEXT_DOWN": 41400528,
                "MAIN_RIV": 41400542,
                "LENGTH_KM": 3.6700001,
                "DIST_DN_KM": 33.5,
                "DIST_UP_KM": 8.3,
                "CATCH_SKM": 25.27,
                "UPLAND_SKM": 25.3,
                "ENDORHEIC": 0,
                "DIS_AV_CMS": 0.29300001,
                "ORD_STRA": 1,
                "ORD_CLAS": 3,
                "ORD_FLOW": 7,
                "HYBAS_L12": 4121156310.0,
                "Shape_Length": 0.03312394778429442
            },
            "geometry": {
                "type": "LineString",
                "coordinates": [
                    [
                        80.06249999999969,
                        8.345833333333196
                    ],
                    [
                        80.05624999999978,
                        8.339583333333202
                    ],
                    [
                        80.05624999999978,
                        8.33541666666654
                    ],
                    [
                        80.06041666666627,
                        8.33124999999989
                    ],
                    [
                        80.06041666666627,
                        8.327083333333185
                    ],
                    [
                        80.05624999999978,
                        8.322916666666522
                    ],
                    [
                        80.05624999999978,
                        8.318749999999874
                    ]
                ]
            }
        },
        {
            "type": "Feature",
            "properties": {
                "HYRIV_ID": 41400386,
                "NEXT_DOWN": 41400528,
                "MAIN_RIV": 41400542,
                "LENGTH_KM": 1.6,
                "DIST_DN_KM": 33.5,
                "DIST_UP_KM": 5.8,
                "CATCH_SKM": 17.84,
                "UPLAND_SKM": 17.8,
                "ENDORHEIC": 0,
                "DIS_AV_CMS": 0.214,
                "ORD_STRA": 1,
                "ORD_CLAS": 4,
                "ORD_FLOW": 7,
                "HYBAS_L12": 4121156310.0,
                "Shape_Length": 0.014583333333234805
            },
            "geometry": {
                "type": "LineString",
                "coordinates": [
                    [
                        80.07083333333301,
                        8.318749999999874
                    ],
                    [
                        80.05624999999978,
                        8.318749999999874
                    ]
                ]
            }
        },
        {
            "type": "Feature",
            "properties": {
                "HYRIV_ID": 41400484,
                "NEXT_DOWN": 41400526,
                "MAIN_RIV": 41400542,
                "LENGTH_KM": 5.4899998,
                "DIST_DN_KM": 19.3,
                "DIST_UP_KM": 23.3,
                "CATCH_SKM": 14.87,
                "UPLAND_SKM": 118.3,
                "ENDORHEIC": 0,
                "DIS_AV_CMS": 1.248,
                "ORD_STRA": 2,
                "ORD_CLAS": 2,
                "ORD_FLOW": 6,
                "HYBAS_L12": 4121156300.0,
                "Shape_Length": 0.04958122890253366
            },
            "geometry": {
                "type": "LineString",
                "coordinates": [
                    [
                        79.96874999999963,
                        8.33541666666654
                    ],
                    [
                        79.9604166666663,
                        8.327083333333185
                    ],
                    [
                        79.96874999999963,
                        8.318749999999874
                    ],
                    [
                        79.96874999999963,
                        8.310416666666548
                    ],
                    [
                        79.95624999999964,
                        8.29791666666653
                    ]
                ]
            }
        },
        {
            "type": "Feature",
            "properties": {
                "HYRIV_ID": 41400525,
                "NEXT_DOWN": 41400560,
                "MAIN_RIV": 41400542,
                "LENGTH_KM": 5.3400002,
                "DIST_DN_KM": 16.5,
                "DIST_UP_KM": 10.6,
                "CATCH_SKM": 21.24,
                "UPLAND_SKM": 21.200001,
                "ENDORHEIC": 0,
                "DIS_AV_CMS": 0.23,
                "ORD_STRA": 1,
                "ORD_CLAS": 3,
                "ORD_FLOW": 7,
                "HYBAS_L12": 4121156340.0,
                "Shape_Length": 0.048064724608099796
            },
            "geometry": {
                "type": "LineString",
                "coordinates": [
                    [
                        79.94583333333301,
                        8.333333333333222
                    ],
                    [
                        79.93958333333299,
                        8.327083333333185
                    ],
                    [
                        79.93958333333299,
                        8.306249999999856
                    ],
                    [
                        79.93541666666627,
                        8.302083333333194
                    ],
                    [
                        79.93541666666627,
                        8.28958333333322
                    ]
                ]
            }
        },
        {
            "type": "Feature",
            "properties": {
                "HYRIV_ID": 41400526,
                "NEXT_DOWN": 41400560,
                "MAIN_RIV": 41400542,
                "LENGTH_KM": 2.6800001,
                "DIST_DN_KM": 16.5,
                "DIST_UP_KM": 26.200001,
                "CATCH_SKM": 7.2199998,
                "UPLAND_SKM": 232.8,
                "ENDORHEIC": 0,
                "DIS_AV_CMS": 2.516,
                "ORD_STRA": 3,
                "ORD_CLAS": 2,
                "ORD_FLOW": 6,
                "HYBAS_L12": 4121156340.0,
                "Shape_Length": 0.024285113019783852
            },
            "geometry": {
                "type": "LineString",
                "coordinates": [
                    [
                        79.95624999999964,
                        8.29791666666653
                    ],
                    [
                        79.95208333333298,
                        8.293749999999882
                    ],
                    [
                        79.94791666666632,
                        8.293749999999882
                    ],
                    [
                        79.9437499999996,
                        8.28958333333322
                    ],
                    [
                        79.93541666666627,
                        8.28958333333322
                    ]
                ]
            }
        },
        {
            "type": "Feature",
            "properties": {
                "HYRIV_ID": 41400527,
                "NEXT_DOWN": 41400545,
                "MAIN_RIV": 41400542,
                "LENGTH_KM": 2.9200001,
                "DIST_DN_KM": 29.5,
                "DIST_UP_KM": 7.6,
                "CATCH_SKM": 12.11,
                "UPLAND_SKM": 12.1,
                "ENDORHEIC": 0,
                "DIS_AV_CMS": 0.141,
                "ORD_STRA": 1,
                "ORD_CLAS": 4,
                "ORD_FLOW": 7,
                "HYBAS_L12": 4121156310.0,
                "Shape_Length": 0.02636844635294274
            },
            "geometry": {
                "type": "LineString",
                "coordinates": [
                    [
                        80.03958333333296,
                        8.31249999999988
                    ],
                    [
                        80.03958333333296,
                        8.302083333333194
                    ],
                    [
                        80.0354166666664,
                        8.29791666666653
                    ],
                    [
                        80.03958333333296,
                        8.293749999999882
                    ],
                    [
                        80.03958333333296,
                        8.28958333333322
                    ]
                ]
            }
        },
        {
            "type": "Feature",
            "properties": {
                "HYRIV_ID": 41400528,
                "NEXT_DOWN": 41400545,
                "MAIN_RIV": 41400542,
                "LENGTH_KM": 4.0,
                "DIST_DN_KM": 29.700001,
                "DIST_UP_KM": 12.1,
                "CATCH_SKM": 9.9799995,
                "UPLAND_SKM": 53.099998,
                "ENDORHEIC": 0,
                "DIS_AV_CMS": 0.62300003,
                "ORD_STRA": 2,
                "ORD_CLAS": 3,
                "ORD_FLOW": 7,
                "HYBAS_L12": 4121156310.0,
                "Shape_Length": 0.03607022603965773
            },
            "geometry": {
                "type": "LineString",
                "coordinates": [
                    [
                        80.05624999999978,
                        8.318749999999874
                    ],
                    [
                        80.05624999999978,
                        8.31458333333321
                    ],
                    [
                        80.05208333333294,
                        8.310416666666548
                    ],
                    [
                        80.05208333333294,
                        8.302083333333194
                    ],
                    [
                        80.03958333333296,
                        8.28958333333322
                    ]
                ]
            }
        },
        {
            "type": "Feature",
            "properties": {
                "HYRIV_ID": 41400542,
                "NEXT_DOWN": 0,
                "MAIN_RIV": 41400542,
                "LENGTH_KM": 1.96,
                "DIST_DN_KM": 0.0,
                "DIST_UP_KM": 149.0,
                "CATCH_SKM": 3.61,
                "UPLAND_SKM": 2872.5,
                "ENDORHEIC": 0,
                "DIS_AV_CMS": 36.695999,
                "ORD_STRA": 4,
                "ORD_CLAS": 1,
                "ORD_FLOW": 5,
                "HYBAS_L12": 4120049220.0,
                "Shape_Length": 0.017677669529637563
            },
            "geometry": {
                "type": "LineString",
                "coordinates": [
                    [
                        79.8479166666663,
                        8.285416666666556
                    ],
                    [
                        79.8354166666663,
                        8.29791666666653
                    ]
                ]
            }
        },
        {
            "type": "Feature",
            "properties": {
                "HYRIV_ID": 41400543,
                "NEXT_DOWN": 41400542,
                "MAIN_RIV": 41400542,
                "LENGTH_KM": 13.49,
                "DIST_DN_KM": 2.1,
                "DIST_UP_KM": 19.1,
                "CATCH_SKM": 53.73,
                "UPLAND_SKM": 53.700001,
                "ENDORHEIC": 0,
                "DIS_AV_CMS": 0.55299997,
                "ORD_STRA": 1,
                "ORD_CLAS": 2,
                "ORD_FLOW": 7,
                "HYBAS_L12": 4120049220.0,
                "Shape_Length": 0.12193106653042877
            },
            "geometry": {
                "type": "LineString",
                "coordinates": [
                    [
                        79.91249999999965,
                        8.345833333333196
                    ],
                    [
                        79.90624999999974,
                        8.339583333333202
                    ],
                    [
                        79.90208333333308,
                        8.339583333333202
                    ],
                    [
                        79.89791666666636,
                        8.343749999999865
                    ],
                    [
                        79.8937499999997,
                        8.343749999999865
                    ],
                    [
                        79.88958333333304,
                        8.347916666666556
                    ],
                    [
                        79.88541666666637,
                        8.343749999999865
                    ],
                    [
                        79.88541666666637,
                        8.339583333333202
                    ],
                    [
                        79.87708333333305,
                        8.33124999999989
                    ],
                    [
                        79.87291666666633,
                        8.33124999999989
                    ],
                    [
                        79.86874999999966,
                        8.327083333333185
                    ],
                    [
                        79.86874999999966,
                        8.322916666666522
                    ],
                    [
                        79.87291666666633,
                        8.318749999999874
                    ],
                    [
                        79.87291666666633,
                        8.29791666666653
                    ],
                    [
                        79.86041666666634,
                        8.285416666666556
                    ],
                    [
                        79.8479166666663,
                        8.285416666666556
                    ]
                ]
            }
        },
        {
            "type": "Feature",
            "properties": {
                "HYRIV_ID": 41400544,
                "NEXT_DOWN": 41400561,
                "MAIN_RIV": 41400542,
                "LENGTH_KM": 2.46,
                "DIST_DN_KM": 25.6,
                "DIST_UP_KM": 7.3,
                "CATCH_SKM": 14.02,
                "UPLAND_SKM": 14.0,
                "ENDORHEIC": 0,
                "DIS_AV_CMS": 0.163,
                "ORD_STRA": 1,
                "ORD_CLAS": 4,
                "ORD_FLOW": 7,
                "HYBAS_L12": 4121156310.0,
                "Shape_Length": 0.02220177968645485
            },
            "geometry": {
                "type": "LineString",
                "coordinates": [
                    [
                        80.01458333333304,
                        8.304166666666568
                    ],
                    [
                        80.01458333333304,
                        8.29791666666653
                    ],
                    [
                        80.00624999999971,
                        8.28958333333322
                    ],
                    [
                        80.00624999999971,
                        8.285416666666556
                    ]
                ]
            }
        },
        {
            "type": "Feature",
            "properties": {
                "HYRIV_ID": 41400545,
                "NEXT_DOWN": 41400561,
                "MAIN_RIV": 41400542,
                "LENGTH_KM": 3.86,
                "DIST_DN_KM": 25.6,
                "DIST_UP_KM": 16.1,
                "CATCH_SKM": 9.3500004,
                "UPLAND_SKM": 74.599998,
                "ENDORHEIC": 0,
                "DIS_AV_CMS": 0.871,
                "ORD_STRA": 2,
                "ORD_CLAS": 3,
                "ORD_FLOW": 7,
                "HYBAS_L12": 4121156310.0,
                "Shape_Length": 0.03505922317646583
            },
            "geometry": {
                "type": "LineString",
                "coordinates": [
                    [
                        80.03958333333296,
                        8.28958333333322
                    ],
                    [
                        80.02291666666636,
                        8.28958333333322
                    ],
                    [
                        80.0187499999997,
                        8.285416666666556
                    ],
                    [
                        80.00624999999971,
                        8.285416666666556
                    ]
                ]
            }
        },
        {
            "type": "Feature",
            "properties": {
                "HYRIV_ID": 41400546,
                "NEXT_DOWN": 41400573,
                "MAIN_RIV": 41400542,
                "LENGTH_KM": 1.35,
                "DIST_DN_KM": 53.099998,
                "DIST_UP_KM": 4.7,
                "CATCH_SKM": 12.32,
                "UPLAND_SKM": 12.3,
                "ENDORHEIC": 0,
                "DIS_AV_CMS": 0.155,
                "ORD_STRA": 1,
                "ORD_CLAS": 4,
                "ORD_FLOW": 7,
                "HYBAS_L12": 4121156430.0,
                "Shape_Length": 0.012142556509902836
            },
            "geometry": {
                "type": "LineString",
                "coordinates": [
                    [
                        80.16458333333307,
                        8.2958333333332
                    ],
                    [
                        80.16458333333307,
                        8.28958333333322
                    ],
                    [
                        80.16041666666635,
                        8.285416666666556
                    ]
                ]
            }
        },
        {
            "type": "Feature",
            "properties": {
                "HYRIV_ID": 41400547,
                "NEXT_DOWN": 41400573,
                "MAIN_RIV": 41400542,
                "LENGTH_KM": 2.06,
                "DIST_DN_KM": 52.900002,
                "DIST_UP_KM": 5.4,
                "CATCH_SKM": 12.32,
                "UPLAND_SKM": 12.3,
                "ENDORHEIC": 0,
                "DIS_AV_CMS": 0.159,
                "ORD_STRA": 1,
                "ORD_CLAS": 3,
                "ORD_FLOW": 7,
                "HYBAS_L12": 4121156430.0,
                "Shape_Length": 0.018749999999954525
            },
            "geometry": {
                "type": "LineString",
                "coordinates": [
                    [
                        80.1791666666663,
                        8.285416666666556
                    ],
                    [
                        80.16041666666635,
                        8.285416666666556
                    ]
                ]
            }
        },
        {
            "type": "Feature",
            "properties": {
                "HYRIV_ID": 41400560,
                "NEXT_DOWN": 41400626,
                "MAIN_RIV": 41400542,
                "LENGTH_KM": 1.76,
                "DIST_DN_KM": 14.7,
                "DIST_UP_KM": 27.9,
                "CATCH_SKM": 1.91,
                "UPLAND_SKM": 255.89999,
                "ENDORHEIC": 0,
                "DIS_AV_CMS": 2.7460001,
                "ORD_STRA": 3,
                "ORD_CLAS": 2,
                "ORD_FLOW": 6,
                "HYBAS_L12": 4121156340.0,
                "Shape_Length": 0.01595177968633436
            },
            "geometry": {
                "type": "LineString",
                "coordinates": [
                    [
                        79.93541666666627,
                        8.28958333333322
                    ],
                    [
                        79.92708333333294,
                        8.281249999999865
                    ],
                    [
                        79.9229166666664,
                        8.281249999999865
                    ]
                ]
            }
        },
        {
            "type": "Feature",
            "properties": {
                "HYRIV_ID": 41400561,
                "NEXT_DOWN": 41400526,
                "MAIN_RIV": 41400542,
                "LENGTH_KM": 6.4699998,
                "DIST_DN_KM": 19.3,
                "DIST_UP_KM": 22.4,
                "CATCH_SKM": 18.690001,
                "UPLAND_SKM": 107.3,
                "ENDORHEIC": 0,
                "DIS_AV_CMS": 1.219,
                "ORD_STRA": 2,
                "ORD_CLAS": 3,
                "ORD_FLOW": 6,
                "HYBAS_L12": 4121156310.0,
                "Shape_Length": 0.05862944921616335
            },
            "geometry": {
                "type": "LineString",
                "coordinates": [
                    [
                        80.00624999999971,
                        8.285416666666556
                    ],
                    [
                        80.00208333333299,
                        8.281249999999865
                    ],
                    [
                        79.98124999999968,
                        8.281249999999865
                    ],
                    [
                        79.97708333333296,
                        8.285416666666556
                    ],
                    [
                        79.9729166666663,
                        8.285416666666556
                    ],
                    [
                        79.96458333333297,
                        8.293749999999882
                    ],
                    [
                        79.9604166666663,
                        8.293749999999882
                    ],
                    [
                        79.95624999999964,
                        8.29791666666653
                    ]
                ]
            }
        },
        {
            "type": "Feature",
            "properties": {
                "HYRIV_ID": 41400571,
                "NEXT_DOWN": 41400604,
                "MAIN_RIV": 41400542,
                "LENGTH_KM": 4.2199998,
                "DIST_DN_KM": 7.4,
                "DIST_UP_KM": 9.4,
                "CATCH_SKM": 23.58,
                "UPLAND_SKM": 23.6,
                "ENDORHEIC": 0,
                "DIS_AV_CMS": 0.255,
                "ORD_STRA": 1,
                "ORD_CLAS": 2,
                "ORD_FLOW": 7,
                "HYBAS_L12": 4120049220.0,
                "Shape_Length": 0.03815355937282352
            },
            "geometry": {
                "type": "LineString",
                "coordinates": [
                    [
                        79.89583333333294,
                        8.302083333333194
                    ],
                    [
                        79.88958333333304,
                        8.302083333333194
                    ],
                    [
                        79.88958333333304,
                        8.29791666666653
                    ],
                    [
                        79.87708333333305,
                        8.285416666666556
                    ],
                    [
                        79.87708333333305,
                        8.281249999999865
                    ],
                    [
                        79.87291666666633,
                        8.277083333333202
                    ]
                ]
            }
        },
        {
            "type": "Feature",
            "properties": {
                "HYRIV_ID": 41400572,
                "NEXT_DOWN": 41400587,
                "MAIN_RIV": 41400542,
                "LENGTH_KM": 2.27,
                "DIST_DN_KM": 51.099998,
                "DIST_UP_KM": 6.0,
                "CATCH_SKM": 12.32,
                "UPLAND_SKM": 12.3,
                "ENDORHEIC": 0,
                "DIS_AV_CMS": 0.154,
                "ORD_STRA": 1,
                "ORD_CLAS": 4,
                "ORD_FLOW": 7,
                "HYBAS_L12": 4121156430.0,
                "Shape_Length": 0.020475889843208493
            },
            "geometry": {
                "type": "LineString",
                "coordinates": [
                    [
                        80.1437499999997,
                        8.2958333333332
                    ],
                    [
                        80.1437499999997,
                        8.285416666666556
                    ],
                    [
                        80.14791666666636,
                        8.281249999999865
                    ],
                    [
                        80.14791666666636,
                        8.277083333333202
                    ]
                ]
            }
        },
        {
            "type": "Feature",
            "properties": {
                "HYRIV_ID": 41400573,
                "NEXT_DOWN": 41400587,
                "MAIN_RIV": 41400542,
                "LENGTH_KM": 1.76,
                "DIST_DN_KM": 51.3,
                "DIST_UP_KM": 6.9,
                "CATCH_SKM": 2.76,
                "UPLAND_SKM": 27.4,
                "ENDORHEIC": 0,
                "DIS_AV_CMS": 0.34900001,
                "ORD_STRA": 2,
                "ORD_CLAS": 3,
                "ORD_FLOW": 7,
                "HYBAS_L12": 4121156430.0,
                "Shape_Length": 0.015951779686448047
            },
            "geometry": {
                "type": "LineString",
                "coordinates": [
                    [
                        80.16041666666635,
                        8.285416666666556
                    ],
                    [
                        80.15624999999969,
                        8.281249999999865
                    ],
                    [
                        80.15208333333302,
                        8.281249999999865
                    ],
                    [
                        80.14791666666636,
                        8.277083333333202
                    ]
                ]
            }
        },
        {
            "type": "Feature",
            "properties": {
                "HYRIV_ID": 41400585,
                "NEXT_DOWN": 41400542,
                "MAIN_RIV": 41400542,
                "LENGTH_KM": 1.77,
                "DIST_DN_KM": 2.1,
                "DIST_UP_KM": 147.3,
                "CATCH_SKM": 6.58,
                "UPLAND_SKM": 2815.6001,
                "ENDORHEIC": 0,
                "DIS_AV_CMS": 36.463001,
                "ORD_STRA": 4,
                "ORD_CLAS": 1,
                "ORD_FLOW": 5,
                "HYBAS_L12": 4120049220.0,
                "Shape_Length": 0.01595177968645637
            },
            "geometry": {
                "type": "LineString",
                "coordinates": [
                    [
                        79.8479166666663,
                        8.27291666666654
                    ],
                    [
                        79.84374999999963,
                        8.277083333333202
                    ],
                    [
                        79.8479166666663,
                        8.281249999999865
                    ],
                    [
                        79.8479166666663,
                        8.285416666666556
                    ]
                ]
            }
        },
        {
            "type": "Feature",
            "properties": {
                "HYRIV_ID": 41400586,
                "NEXT_DOWN": 41400728,
                "MAIN_RIV": 41400542,
                "LENGTH_KM": 1.4400001,
                "DIST_DN_KM": 50.5,
                "DIST_UP_KM": 6.5,
                "CATCH_SKM": 10.41,
                "UPLAND_SKM": 10.4,
                "ENDORHEIC": 0,
                "DIS_AV_CMS": 0.129,
                "ORD_STRA": 1,
                "ORD_CLAS": 4,
                "ORD_FLOW": 7,
                "HYBAS_L12": 4121156430.0,
                "Shape_Length": 0.013005501431546974
            },
            "geometry": {
                "type": "LineString",
                "coordinates": [
                    [
                        80.13333333333296,
                        8.279166666666534
                    ],
                    [
                        80.13958333333304,
                        8.27291666666654
                    ],
                    [
                        80.1437499999997,
                        8.27291666666654
                    ]
                ]
            }
        },
        {
            "type": "Feature",
            "properties": {
                "HYRIV_ID": 41400587,
                "NEXT_DOWN": 41400728,
                "MAIN_RIV": 41400542,
                "LENGTH_KM": 0.65,
                "DIST_DN_KM": 50.700001,
                "DIST_UP_KM": 7.6,
                "CATCH_SKM": 1.06,
                "UPLAND_SKM": 40.8,
                "ENDORHEIC": 0,
                "DIS_AV_CMS": 0.51599997,
                "ORD_STRA": 2,
                "ORD_CLAS": 3,
                "ORD_FLOW": 7,
                "HYBAS_L12": 4121156430.0,
                "Shape_Length": 0.0058925565098825365
            },
            "geometry": {
                "type": "LineString",
                "coordinates": [
                    [
                        80.14791666666636,
                        8.277083333333202
                    ],
                    [
                        80.1437499999997,
                        8.27291666666654
                    ]
                ]
            }
        },
        {
            "type": "Feature",
            "properties": {
                "HYRIV_ID": 41400604,
                "NEXT_DOWN": 41400585,
                "MAIN_RIV": 41400542,
                "LENGTH_KM": 3.33,
                "DIST_DN_KM": 4.0,
                "DIST_UP_KM": 145.3,
                "CATCH_SKM": 11.26,
                "UPLAND_SKM": 2784.5,
                "ENDORHEIC": 0,
                "DIS_AV_CMS": 36.470001,
                "ORD_STRA": 4,
                "ORD_CLAS": 1,
                "ORD_FLOW": 5,
                "HYBAS_L12": 4120049220.0,
                "Shape_Length": 0.030177669529656337
            },
            "geometry": {
                "type": "LineString",
                "coordinates": [
                    [
                        79.87291666666633,
                        8.277083333333202
                    ],
                    [
                        79.86874999999966,
                        8.27291666666654
                    ],
                    [
                        79.85624999999968,
                        8.27291666666654
                    ],
                    [
                        79.85208333333301,
                        8.26874999999989
                    ],
                    [
                        79.8479166666663,
                        8.27291666666654
                    ]
                ]
            }
        },
        {
            "type": "Feature",
            "properties": {
                "HYRIV_ID": 41400605,
                "NEXT_DOWN": 41400626,
                "MAIN_RIV": 41400542,
                "LENGTH_KM": 1.77,
                "DIST_DN_KM": 14.9,
                "DIST_UP_KM": 134.5,
                "CATCH_SKM": 3.61,
                "UPLAND_SKM": 2459.8,
                "ENDORHEIC": 0,
                "DIS_AV_CMS": 35.140999,
                "ORD_STRA": 4,
                "ORD_CLAS": 1,
                "ORD_FLOW": 5,
                "HYBAS_L12": 4121156350.0,
                "Shape_Length": 0.015951779686453935
            },
            "geometry": {
                "type": "LineString",
                "coordinates": [
                    [
                        79.93124999999978,
                        8.26874999999989
                    ],
                    [
                        79.93124999999978,
                        8.27291666666654
                    ],
                    [
                        79.9229166666664,
                        8.281249999999865
                    ]
                ]
            }
        },
        {
            "type": "Feature",
            "properties": {
                "HYRIV_ID": 41400625,
                "NEXT_DOWN": 41400604,
                "MAIN_RIV": 41400542,
                "LENGTH_KM": 2.4100001,
                "DIST_DN_KM": 7.2,
                "DIST_UP_KM": 142.2,
                "CATCH_SKM": 4.89,
                "UPLAND_SKM": 2749.7,
                "ENDORHEIC": 0,
                "DIS_AV_CMS": 36.784,
                "ORD_STRA": 4,
                "ORD_CLAS": 1,
                "ORD_FLOW": 5,
                "HYBAS_L12": 4120049220.0,
                "Shape_Length": 0.021844336196387426
            },
            "geometry": {
                "type": "LineString",
                "coordinates": [
                    [
                        79.88958333333304,
                        8.264583333333185
                    ],
                    [
                        79.87708333333305,
                        8.277083333333202
                    ],
                    [
                        79.87291666666633,
                        8.277083333333202
                    ]
                ]
            }
        },
        {
            "type": "Feature",
            "properties": {
                "HYRIV_ID": 41400626,
                "NEXT_DOWN": 41400625,
                "MAIN_RIV": 41400542,
                "LENGTH_KM": 5.1,
                "DIST_DN_KM": 9.8,
                "DIST_UP_KM": 139.60001,
                "CATCH_SKM": 12.96,
                "UPLAND_SKM": 2728.7,
                "ENDORHEIC": 0,
                "DIS_AV_CMS": 37.005001,
                "ORD_STRA": 4,
                "ORD_CLAS": 1,
                "ORD_FLOW": 5,
                "HYBAS_L12": 4120049220.0,
                "Shape_Length": 0.04612944921617717
            },
            "geometry": {
                "type": "LineString",
                "coordinates": [
                    [
                        79.9229166666664,
                        8.281249999999865
                    ],
                    [
                        79.91874999999962,
                        8.285416666666556
                    ],
                    [
                        79.91458333333296,
                        8.285416666666556
                    ],
                    [
                        79.90624999999974,
                        8.277083333333202
                    ],
                    [
                        79.89791666666636,
                        8.277083333333202
                    ],
                    [
                        79.8937499999997,
                        8.27291666666654
                    ],
                    [
                        79.8937499999997,
                        8.26874999999989
                    ],
                    [
                        79.88958333333304,
                        8.264583333333185
                    ]
                ]
            }
        },
        {
            "type": "Feature",
            "properties": {
                "HYRIV_ID": 41400642,
                "NEXT_DOWN": 41400605,
                "MAIN_RIV": 41400542,
                "LENGTH_KM": 2.09,
                "DIST_DN_KM": 16.5,
                "DIST_UP_KM": 7.8,
                "CATCH_SKM": 14.66,
                "UPLAND_SKM": 14.7,
                "ENDORHEIC": 0,
                "DIS_AV_CMS": 0.169,
                "ORD_STRA": 1,
                "ORD_CLAS": 2,
                "ORD_FLOW": 7,
                "HYBAS_L12": 4121156350.0,
                "Shape_Length": 0.018898057941289126
            },
            "geometry": {
                "type": "LineString",
                "coordinates": [
                    [
                        79.94583333333301,
                        8.25833333333319
                    ],
                    [
                        79.93541666666627,
                        8.26874999999989
                    ],
                    [
                        79.93124999999978,
                        8.26874999999989
                    ]
                ]
            }
        },
        {
            "type": "Feature",
            "properties": {
                "HYRIV_ID": 41400706,
                "NEXT_DOWN": 41400625,
                "MAIN_RIV": 41400542,
                "LENGTH_KM": 3.6700001,
                "DIST_DN_KM": 9.6,
                "DIST_UP_KM": 8.6,
                "CATCH_SKM": 16.15,
                "UPLAND_SKM": 16.1,
                "ENDORHEIC": 0,
                "DIS_AV_CMS": 0.184,
                "ORD_STRA": 1,
                "ORD_CLAS": 2,
                "ORD_FLOW": 7,
                "HYBAS_L12": 4120049220.0,
                "Shape_Length": 0.03312394778472408
            },
            "geometry": {
                "type": "LineString",
                "coordinates": [
                    [
                        79.89583333333294,
                        8.241666666666525
                    ],
                    [
                        79.90208333333308,
                        8.247916666666548
                    ],
                    [
                        79.90208333333308,
                        8.25208333333321
                    ],
                    [
                        79.89791666666636,
                        8.256249999999874
                    ],
                    [
                        79.89791666666636,
                        8.260416666666522
                    ],
                    [
                        79.8937499999997,
                        8.264583333333185
                    ],
                    [
                        79.88958333333304,
                        8.264583333333185
                    ]
                ]
            }
        },
        {
            "type": "Feature",
            "properties": {
                "HYRIV_ID": 41400727,
                "NEXT_DOWN": 41400585,
                "MAIN_RIV": 41400542,
                "LENGTH_KM": 4.3200002,
                "DIST_DN_KM": 3.9,
                "DIST_UP_KM": 7.6,
                "CATCH_SKM": 24.43,
                "UPLAND_SKM": 24.4,
                "ENDORHEIC": 0,
                "DIS_AV_CMS": 0.271,
                "ORD_STRA": 1,
                "ORD_CLAS": 2,
                "ORD_FLOW": 7,
                "HYBAS_L12": 4120049220.0,
                "Shape_Length": 0.038868446353160765
            },
            "geometry": {
                "type": "LineString",
                "coordinates": [
                    [
                        79.85624999999968,
                        8.237499999999862
                    ],
                    [
                        79.85624999999968,
                        8.25208333333321
                    ],
                    [
                        79.8479166666663,
                        8.260416666666522
                    ],
                    [
                        79.8479166666663,
                        8.27291666666654
                    ]
                ]
            }
        },
        {
            "type": "Feature",
            "properties": {
                "HYRIV_ID": 41400728,
                "NEXT_DOWN": 41400751,
                "MAIN_RIV": 41400542,
                "LENGTH_KM": 4.46,
                "DIST_DN_KM": 46.200001,
                "DIST_UP_KM": 12.1,
                "CATCH_SKM": 9.7700005,
                "UPLAND_SKM": 61.0,
                "ENDORHEIC": 0,
                "DIS_AV_CMS": 0.76599997,
                "ORD_STRA": 2,
                "ORD_CLAS": 3,
                "ORD_FLOW": 7,
                "HYBAS_L12": 4121156430.0,
                "Shape_Length": 0.04023689270626032
            },
            "geometry": {
                "type": "LineString",
                "coordinates": [
                    [
                        80.1437499999997,
                        8.27291666666654
                    ],
                    [
                        80.1437499999997,
                        8.264583333333185
                    ],
                    [
                        80.13541666666637,
                        8.256249999999874
                    ],
                    [
                        80.13541666666637,
                        8.25208333333321
                    ],
                    [
                        80.13124999999965,
                        8.247916666666548
                    ],
                    [
                        80.13124999999965,
                        8.243749999999885
                    ],
                    [
                        80.12708333333299,
                        8.239583333333194
                    ]
                ]
            }
        },
        {
            "type": "Feature",
            "properties": {
                "HYRIV_ID": 41400749,
                "NEXT_DOWN": 41400795,
                "MAIN_RIV": 41400542,
                "LENGTH_KM": 4.7800002,
                "DIST_DN_KM": 33.900002,
                "DIST_UP_KM": 9.6,
                "CATCH_SKM": 29.530001,
                "UPLAND_SKM": 29.5,
                "ENDORHEIC": 0,
                "DIS_AV_CMS": 0.36300001,
                "ORD_STRA": 1,
                "ORD_CLAS": 2,
                "ORD_FLOW": 7,
                "HYBAS_L12": 4121156350.0,
                "Shape_Length": 0.04318317096101827
            },
            "geometry": {
                "type": "LineString",
                "coordinates": [
                    [
                        80.0541666666663,
                        8.26666666666656
                    ],
                    [
                        80.0479166666664,
                        8.260416666666522
                    ],
                    [
                        80.0479166666664,
                        8.256249999999874
                    ],
                    [
                        80.05208333333294,
                        8.25208333333321
                    ],
                    [
                        80.05208333333294,
                        8.243749999999885
                    ],
                    [
                        80.04374999999962,
                        8.23541666666653
                    ],
                    [
                        80.03958333333296,
                        8.23541666666653
                    ]
                ]
            }
        },
        {
            "type": "Feature",
            "properties": {
                "HYRIV_ID": 41400750,
                "NEXT_DOWN": 41400819,
                "MAIN_RIV": 41400542,
                "LENGTH_KM": 5.89,
                "DIST_DN_KM": 45.099998,
                "DIST_UP_KM": 10.2,
                "CATCH_SKM": 19.969999,
                "UPLAND_SKM": 20.0,
                "ENDORHEIC": 0,
                "DIS_AV_CMS": 0.249,
                "ORD_STRA": 1,
                "ORD_CLAS": 4,
                "ORD_FLOW": 7,
                "HYBAS_L12": 4121156430.0,
                "Shape_Length": 0.05309433619623943
            },
            "geometry": {
                "type": "LineString",
                "coordinates": [
                    [
                        80.10833333333309,
                        8.277083333333202
                    ],
                    [
                        80.114583333333,
                        8.277083333333202
                    ],
                    [
                        80.11874999999966,
                        8.27291666666654
                    ],
                    [
                        80.11874999999966,
                        8.247916666666548
                    ],
                    [
                        80.114583333333,
                        8.243749999999885
                    ],
                    [
                        80.114583333333,
                        8.239583333333194
                    ],
                    [
                        80.11874999999966,
                        8.23541666666653
                    ]
                ]
            }
        },
        {
            "type": "Feature",
            "properties": {
                "HYRIV_ID": 41400751,
                "NEXT_DOWN": 41400819,
                "MAIN_RIV": 41400542,
                "LENGTH_KM": 1.11,
                "DIST_DN_KM": 44.900002,
                "DIST_UP_KM": 13.4,
                "CATCH_SKM": 2.12,
                "UPLAND_SKM": 75.599998,
                "ENDORHEIC": 0,
                "DIS_AV_CMS": 0.95700002,
                "ORD_STRA": 2,
                "ORD_CLAS": 3,
                "ORD_FLOW": 7,
                "HYBAS_L12": 4121156430.0,
                "Shape_Length": 0.010059223176545413
            },
            "geometry": {
                "type": "LineString",
                "coordinates": [
                    [
                        80.12708333333299,
                        8.239583333333194
                    ],
                    [
                        80.12291666666633,
                        8.23541666666653
                    ],
                    [
                        80.11874999999966,
                        8.23541666666653
                    ]
                ]
            }
        },
        {
            "type": "Feature",
            "properties": {
                "HYRIV_ID": 41400752,
                "NEXT_DOWN": 41400751,
                "MAIN_RIV": 41400542,
                "LENGTH_KM": 2.74,
                "DIST_DN_KM": 46.0,
                "DIST_UP_KM": 7.5,
                "CATCH_SKM": 12.53,
                "UPLAND_SKM": 12.5,
                "ENDORHEIC": 0,
                "DIS_AV_CMS": 0.164,
                "ORD_STRA": 1,
                "ORD_CLAS": 4,
                "ORD_FLOW": 7,
                "HYBAS_L12": 4121156430.0,
                "Shape_Length": 0.024790614451251754
            },
            "geometry": {
                "type": "LineString",
                "coordinates": [
                    [
                        80.14583333333294,
                        8.245833333333216
                    ],
                    [
                        80.13541666666637,
                        8.23541666666653
                    ],
                    [
                        80.13124999999965,
                        8.239583333333194
                    ],
                    [
                        80.12708333333299,
                        8.239583333333194
                    ]
                ]
            }
        },
        {
            "type": "Feature",
            "properties": {
                "HYRIV_ID": 41400771,
                "NEXT_DOWN": 41400605,
                "MAIN_RIV": 41400542,
                "LENGTH_KM": 4.9200001,
                "DIST_DN_KM": 16.5,
                "DIST_UP_KM": 132.89999,
                "CATCH_SKM": 18.27,
                "UPLAND_SKM": 2441.5,
                "ENDORHEIC": 0,
                "DIS_AV_CMS": 35.25,
                "ORD_STRA": 4,
                "ORD_CLAS": 1,
                "ORD_FLOW": 5,
                "HYBAS_L12": 4121156350.0,
                "Shape_Length": 0.04440355937282515
            },
            "geometry": {
                "type": "LineString",
                "coordinates": [
                    [
                        79.94791666666632,
                        8.231249999999868
                    ],
                    [
                        79.93958333333299,
                        8.239583333333194
                    ],
                    [
                        79.93958333333299,
                        8.25208333333321
                    ],
                    [
                        79.93124999999978,
                        8.260416666666522
                    ],
                    [
                        79.93124999999978,
                        8.26874999999989
                    ]
                ]
            }
        },
        {
            "type": "Feature",
            "properties": {
                "HYRIV_ID": 41400793,
                "NEXT_DOWN": 41400771,
                "MAIN_RIV": 41400542,
                "LENGTH_KM": 1.5700001,
                "DIST_DN_KM": 21.6,
                "DIST_UP_KM": 127.8,
                "CATCH_SKM": 2.34,
                "UPLAND_SKM": 2408.0,
                "ENDORHEIC": 0,
                "DIS_AV_CMS": 35.804001,
                "ORD_STRA": 4,
                "ORD_CLAS": 1,
                "ORD_FLOW": 5,
                "HYBAS_L12": 4121156350.0,
                "Shape_Length": 0.014225889843198242
            },
            "geometry": {
                "type": "LineString",
                "coordinates": [
                    [
                        79.9604166666663,
                        8.22708333333322
                    ],
                    [
                        79.95208333333298,
                        8.22708333333322
                    ],
                    [
                        79.94791666666632,
                        8.231249999999868
                    ]
                ]
            }
        },
        {
            "type": "Feature",
            "properties": {
                "HYRIV_ID": 41400794,
                "NEXT_DOWN": 41400793,
                "MAIN_RIV": 41400542,
                "LENGTH_KM": 1.11,
                "DIST_DN_KM": 23.1,
                "DIST_UP_KM": 126.2,
                "CATCH_SKM": 1.91,
                "UPLAND_SKM": 2386.5,
                "ENDORHEIC": 0,
                "DIS_AV_CMS": 35.856998,
                "ORD_STRA": 4,
                "ORD_CLAS": 1,
                "ORD_FLOW": 5,
                "HYBAS_L12": 4121156350.0,
                "Shape_Length": 0.010059223176535365
            },
            "geometry": {
                "type": "LineString",
                "coordinates": [
                    [
                        79.96874999999963,
                        8.231249999999868
                    ],
                    [
                        79.96458333333297,
                        8.231249999999868
                    ],
                    [
                        79.9604166666663,
                        8.22708333333322
                    ]
                ]
            }
        },
        {
            "type": "Feature",
            "properties": {
                "HYRIV_ID": 41400795,
                "NEXT_DOWN": 41400817,
                "MAIN_RIV": 41400542,
                "LENGTH_KM": 1.76,
                "DIST_DN_KM": 32.3,
                "DIST_UP_KM": 117.0,
                "CATCH_SKM": 5.1,
                "UPLAND_SKM": 2265.2,
                "ENDORHEIC": 0,
                "DIS_AV_CMS": 35.596001,
                "ORD_STRA": 4,
                "ORD_CLAS": 1,
                "ORD_FLOW": 5,
                "HYBAS_L12": 4121156350.0,
                "Shape_Length": 0.01595177968634441
            },
            "geometry": {
                "type": "LineString",
                "coordinates": [
                    [
                        80.03958333333296,
                        8.23541666666653
                    ],
                    [
                        80.0354166666664,
                        8.23541666666653
                    ],
                    [
                        80.02708333333302,
                        8.22708333333322
                    ]
                ]
            }
        },
        {
            "type": "Feature",
            "properties": {
                "HYRIV_ID": 41400815,
                "NEXT_DOWN": 41400794,
                "MAIN_RIV": 41400542,
                "LENGTH_KM": 5.56,
                "DIST_DN_KM": 24.3,
                "DIST_UP_KM": 125.1,
                "CATCH_SKM": 16.139999,
                "UPLAND_SKM": 2328.3,
                "ENDORHEIC": 0,
                "DIS_AV_CMS": 35.335999,
                "ORD_STRA": 4,
                "ORD_CLAS": 1,
                "ORD_FLOW": 5,
                "HYBAS_L12": 4121156350.0,
                "Shape_Length": 0.05029611588283071
            },
            "geometry": {
                "type": "LineString",
                "coordinates": [
                    [
                        80.00624999999971,
                        8.222916666666556
                    ],
                    [
                        80.00208333333299,
                        8.222916666666556
                    ],
                    [
                        79.99374999999966,
                        8.231249999999868
                    ],
                    [
                        79.99374999999966,
                        8.23541666666653
                    ],
                    [
                        79.989583333333,
                        8.239583333333194
                    ],
                    [
                        79.97708333333296,
                        8.239583333333194
                    ],
                    [
                        79.96874999999963,
                        8.231249999999868
                    ]
                ]
            }
        },
        {
            "type": "Feature",
            "properties": {
                "HYRIV_ID": 41400816,
                "NEXT_DOWN": 41400815,
                "MAIN_RIV": 41400542,
                "LENGTH_KM": 1.81,
                "DIST_DN_KM": 29.6,
                "DIST_UP_KM": 6.3,
                "CATCH_SKM": 12.53,
                "UPLAND_SKM": 12.5,
                "ENDORHEIC": 0,
                "DIS_AV_CMS": 0.152,
                "ORD_STRA": 1,
                "ORD_CLAS": 2,
                "ORD_FLOW": 7,
                "HYBAS_L12": 4121156350.0,
                "Shape_Length": 0.01630922317652968
            },
            "geometry": {
                "type": "LineString",
                "coordinates": [
                    [
                        80.01041666666637,
                        8.237499999999862
                    ],
                    [
                        80.01041666666637,
                        8.231249999999868
                    ],
                    [
                        80.00624999999971,
                        8.22708333333322
                    ],
                    [
                        80.00624999999971,
                        8.222916666666556
                    ]
                ]
            }
        },
        {
            "type": "Feature",
            "properties": {
                "HYRIV_ID": 41400817,
                "NEXT_DOWN": 41400815,
                "MAIN_RIV": 41400542,
                "LENGTH_KM": 2.49,
                "DIST_DN_KM": 29.6,
                "DIST_UP_KM": 119.7,
                "CATCH_SKM": 6.37,
                "UPLAND_SKM": 2299.6001,
                "ENDORHEIC": 0,
                "DIS_AV_CMS": 35.874001,
                "ORD_STRA": 4,
                "ORD_CLAS": 1,
                "ORD_FLOW": 5,
                "HYBAS_L12": 4121156350.0,
                "Shape_Length": 0.022559223176534044
            },
            "geometry": {
                "type": "LineString",
                "coordinates": [
                    [
                        80.02708333333302,
                        8.22708333333322
                    ],
                    [
                        80.02291666666636,
                        8.222916666666556
                    ],
                    [
                        80.00624999999971,
                        8.222916666666556
                    ]
                ]
            }
        },
        {
            "type": "Feature",
            "properties": {
                "HYRIV_ID": 41400818,
                "NEXT_DOWN": 41400834,
                "MAIN_RIV": 41400542,
                "LENGTH_KM": 3.98,
                "DIST_DN_KM": 39.200001,
                "DIST_UP_KM": 25.700001,
                "CATCH_SKM": 18.059999,
                "UPLAND_SKM": 211.8,
                "ENDORHEIC": 0,
                "DIS_AV_CMS": 2.7160001,
                "ORD_STRA": 3,
                "ORD_CLAS": 2,
                "ORD_FLOW": 6,
                "HYBAS_L12": 4121156430.0,
                "Shape_Length": 0.03607022603949868
            },
            "geometry": {
                "type": "LineString",
                "coordinates": [
                    [
                        80.10624999999962,
                        8.222916666666556
                    ],
                    [
                        80.10208333333296,
                        8.222916666666556
                    ],
                    [
                        80.09374999999963,
                        8.231249999999868
                    ],
                    [
                        80.0854166666663,
                        8.231249999999868
                    ],
                    [
                        80.07708333333298,
                        8.222916666666556
                    ]
                ]
            }
        },
        {
            "type": "Feature",
            "properties": {
                "HYRIV_ID": 41400819,
                "NEXT_DOWN": 41400818,
                "MAIN_RIV": 41400542,
                "LENGTH_KM": 1.96,
                "DIST_DN_KM": 43.099998,
                "DIST_UP_KM": 15.1,
                "CATCH_SKM": 3.61,
                "UPLAND_SKM": 99.199997,
                "ENDORHEIC": 0,
                "DIS_AV_CMS": 1.249,
                "ORD_STRA": 2,
                "ORD_CLAS": 3,
                "ORD_FLOW": 6,
                "HYBAS_L12": 4121156430.0,
                "Shape_Length": 0.017677669529677757
            },
            "geometry": {
                "type": "LineString",
                "coordinates": [
                    [
                        80.11874999999966,
                        8.23541666666653
                    ],
                    [
                        80.10624999999962,
                        8.222916666666556
                    ]
                ]
            }
        },
        {
            "type": "Feature",
            "properties": {
                "HYRIV_ID": 41400834,
                "NEXT_DOWN": 41400795,
                "MAIN_RIV": 41400542,
                "LENGTH_KM": 5.0900002,
                "DIST_DN_KM": 34.099998,
                "DIST_UP_KM": 115.3,
                "CATCH_SKM": 15.72,
                "UPLAND_SKM": 2230.6001,
                "ENDORHEIC": 0,
                "DIS_AV_CMS": 35.27,
                "ORD_STRA": 4,
                "ORD_CLAS": 1,
                "ORD_FLOW": 5,
                "HYBAS_L12": 4121156350.0,
                "Shape_Length": 0.046129449216137985
            },
            "geometry": {
                "type": "LineString",
                "coordinates": [
                    [
                        80.07708333333298,
                        8.222916666666556
                    ],
                    [
                        80.0687499999996,
                        8.222916666666556
                    ],
                    [
                        80.06458333333299,
                        8.21874999999985
                    ],
                    [
                        80.05624999999978,
                        8.21874999999985
                    ],
                    [
                        80.03958333333296,
                        8.23541666666653
                    ]
                ]
            }
        },
        {
            "type": "Feature",
            "properties": {
                "HYRIV_ID": 41400863,
                "NEXT_DOWN": 41400771,
                "MAIN_RIV": 41400542,
                "LENGTH_KM": 3.4,
                "DIST_DN_KM": 21.6,
                "DIST_UP_KM": 6.9,
                "CATCH_SKM": 15.3,
                "UPLAND_SKM": 15.3,
                "ENDORHEIC": 0,
                "DIS_AV_CMS": 0.183,
                "ORD_STRA": 1,
                "ORD_CLAS": 2,
                "ORD_FLOW": 7,
                "HYBAS_L12": 4121156350.0,
                "Shape_Length": 0.030683170961325217
            },
            "geometry": {
                "type": "LineString",
                "coordinates": [
                    [
                        79.94999999999968,
                        8.208333333333208
                    ],
                    [
                        79.9437499999996,
                        8.214583333333202
                    ],
                    [
                        79.94791666666632,
                        8.21874999999985
                    ],
                    [
                        79.9437499999996,
                        8.222916666666556
                    ],
                    [
                        79.9437499999996,
                        8.22708333333322
                    ],
                    [
                        79.94791666666632,
                        8.231249999999868
                    ]
                ]
            }
        },
        {
            "type": "Feature",
            "properties": {
                "HYRIV_ID": 41400882,
                "NEXT_DOWN": 41400902,
                "MAIN_RIV": 41400542,
                "LENGTH_KM": 7.85,
                "DIST_DN_KM": 50.099998,
                "DIST_UP_KM": 12.6,
                "CATCH_SKM": 29.950001,
                "UPLAND_SKM": 30.0,
                "ENDORHEIC": 0,
                "DIS_AV_CMS": 0.39500001,
                "ORD_STRA": 1,
                "ORD_CLAS": 3,
                "ORD_FLOW": 7,
                "HYBAS_L12": 4121156430.0,
                "Shape_Length": 0.07092006366730204
            },
            "geometry": {
                "type": "LineString",
                "coordinates": [
                    [
                        80.19999999999968,
                        8.25833333333319
                    ],
                    [
                        80.1937499999996,
                        8.25208333333321
                    ],
                    [
                        80.1895833333331,
                        8.25208333333321
                    ],
                    [
                        80.17708333333294,
                        8.239583333333194
                    ],
                    [
                        80.17708333333294,
                        8.22708333333322
                    ],
                    [
                        80.16041666666635,
                        8.21041666666654
                    ],
                    [
                        80.16041666666635,
                        8.206249999999876
                    ]
                ]
            }
        },
        {
            "type": "Feature",
            "properties": {
                "HYRIV_ID": 41400883,
                "NEXT_DOWN": 41400985,
                "MAIN_RIV": 41400542,
                "LENGTH_KM": 1.62,
                "DIST_DN_KM": 65.900002,
                "DIST_UP_KM": 5.7,
                "CATCH_SKM": 12.96,
                "UPLAND_SKM": 13.0,
                "ENDORHEIC": 0,
                "DIS_AV_CMS": 0.181,
                "ORD_STRA": 1,
                "ORD_CLAS": 3,
                "ORD_FLOW": 7,
                "HYBAS_L12": 4121156490.0,
                "Shape_Length": 0.014583333333305859
            },
            "geometry": {
                "type": "LineString",
                "coordinates": [
                    [
                        80.27291666666636,
                        8.220833333333182
                    ],
                    [
                        80.27291666666636,
                        8.206249999999876
                    ]
                ]
            }
        },
        {
            "type": "Feature",
            "properties": {
                "HYRIV_ID": 41400884,
                "NEXT_DOWN": 41400985,
                "MAIN_RIV": 41400542,
                "LENGTH_KM": 2.09,
                "DIST_DN_KM": 65.800003,
                "DIST_UP_KM": 5.6,
                "CATCH_SKM": 16.57,
                "UPLAND_SKM": 16.6,
                "ENDORHEIC": 0,
                "DIS_AV_CMS": 0.236,
                "ORD_STRA": 1,
                "ORD_CLAS": 4,
                "ORD_FLOW": 7,
                "HYBAS_L12": 4121156490.0,
                "Shape_Length": 0.01889805794130893
            },
            "geometry": {
                "type": "LineString",
                "coordinates": [
                    [
                        80.2874999999996,
                        8.216666666666534
                    ],
                    [
                        80.27708333333302,
                        8.206249999999876
                    ],
                    [
                        80.27291666666636,
                        8.206249999999876
                    ]
                ]
            }
        },
        {
            "type": "Feature",
            "properties": {
                "HYRIV_ID": 41400901,
                "NEXT_DOWN": 41400794,
                "MAIN_RIV": 41400542,
                "LENGTH_KM": 6.4,
                "DIST_DN_KM": 24.3,
                "DIST_UP_KM": 15.8,
                "CATCH_SKM": 13.17,
                "UPLAND_SKM": 56.3,
                "ENDORHEIC": 0,
                "DIS_AV_CMS": 0.70599997,
                "ORD_STRA": 2,
                "ORD_CLAS": 2,
                "ORD_FLOW": 7,
                "HYBAS_L12": 4121156350.0,
                "Shape_Length": 0.057914562235926295
            },
            "geometry": {
                "type": "LineString",
                "coordinates": [
                    [
                        80.00624999999971,
                        8.202083333333228
                    ],
                    [
                        80.00208333333299,
                        8.206249999999876
                    ],
                    [
                        79.99374999999966,
                        8.206249999999876
                    ],
                    [
                        79.989583333333,
                        8.21041666666654
                    ],
                    [
                        79.98541666666634,
                        8.21041666666654
                    ],
                    [
                        79.98124999999968,
                        8.214583333333202
                    ],
                    [
                        79.98541666666634,
                        8.21874999999985
                    ],
                    [
                        79.98124999999968,
                        8.222916666666556
                    ],
                    [
                        79.97708333333296,
                        8.222916666666556
                    ],
                    [
                        79.96874999999963,
                        8.231249999999868
                    ]
                ]
            }
        },
        {
            "type": "Feature",
            "properties": {
                "HYRIV_ID": 41400902,
                "NEXT_DOWN": 41400818,
                "MAIN_RIV": 41400542,
                "LENGTH_KM": 7.12,
                "DIST_DN_KM": 43.099998,
                "DIST_UP_KM": 21.8,
                "CATCH_SKM": 18.27,
                "UPLAND_SKM": 94.5,
                "ENDORHEIC": 0,
                "DIS_AV_CMS": 1.253,
                "ORD_STRA": 2,
                "ORD_CLAS": 2,
                "ORD_FLOW": 6,
                "HYBAS_L12": 4121156430.0,
                "Shape_Length": 0.0645220057260324
            },
            "geometry": {
                "type": "LineString",
                "coordinates": [
                    [
                        80.16041666666635,
                        8.206249999999876
                    ],
                    [
                        80.13958333333304,
                        8.206249999999876
                    ],
                    [
                        80.13541666666637,
                        8.202083333333228
                    ],
                    [
                        80.13124999999965,
                        8.202083333333228
                    ],
                    [
                        80.114583333333,
                        8.21874999999985
                    ],
                    [
                        80.11041666666634,
                        8.21874999999985
                    ],
                    [
                        80.10624999999962,
                        8.222916666666556
                    ]
                ]
            }
        },
        {
            "type": "Feature",
            "properties": {
                "HYRIV_ID": 41400913,
                "NEXT_DOWN": 41400902,
                "MAIN_RIV": 41400542,
                "LENGTH_KM": 10.89,
                "DIST_DN_KM": 50.099998,
                "DIST_UP_KM": 14.8,
                "CATCH_SKM": 46.310001,
                "UPLAND_SKM": 46.3,
                "ENDORHEIC": 0,
                "DIS_AV_CMS": 0.625,
                "ORD_STRA": 1,
                "ORD_CLAS": 2,
                "ORD_FLOW": 7,
                "HYBAS_L12": 4121156430.0,
                "Shape_Length": 0.098508898432123
            },
            "geometry": {
                "type": "LineString",
                "coordinates": [
                    [
                        80.2249999999996,
                        8.247916666666548
                    ],
                    [
                        80.21874999999963,
                        8.247916666666548
                    ],
                    [
                        80.21874999999963,
                        8.243749999999885
                    ],
                    [
                        80.21458333333297,
                        8.243749999999885
                    ],
                    [
                        80.1937499999996,
                        8.222916666666556
                    ],
                    [
                        80.1937499999996,
                        8.21874999999985
                    ],
                    [
                        80.18541666666627,
                        8.21041666666654
                    ],
                    [
                        80.18541666666627,
                        8.202083333333228
                    ],
                    [
                        80.18124999999972,
                        8.197916666666522
                    ],
                    [
                        80.17708333333294,
                        8.202083333333228
                    ],
                    [
                        80.1729166666664,
                        8.202083333333228
                    ],
                    [
                        80.16874999999962,
                        8.206249999999876
                    ],
                    [
                        80.16041666666635,
                        8.206249999999876
                    ]
                ]
            }
        },
        {
            "type": "Feature",
            "properties": {
                "HYRIV_ID": 41400928,
                "NEXT_DOWN": 41400793,
                "MAIN_RIV": 41400542,
                "LENGTH_KM": 4.79,
                "DIST_DN_KM": 23.0,
                "DIST_UP_KM": 8.3,
                "CATCH_SKM": 19.120001,
                "UPLAND_SKM": 19.1,
                "ENDORHEIC": 0,
                "DIS_AV_CMS": 0.233,
                "ORD_STRA": 1,
                "ORD_CLAS": 2,
                "ORD_FLOW": 7,
                "HYBAS_L12": 4121156350.0,
                "Shape_Length": 0.04318317096111531
            },
            "geometry": {
                "type": "LineString",
                "coordinates": [
                    [
                        79.95833333333306,
                        8.191666666666528
                    ],
                    [
                        79.96458333333297,
                        8.197916666666522
                    ],
                    [
                        79.96458333333297,
                        8.202083333333228
                    ],
                    [
                        79.96874999999963,
                        8.206249999999876
                    ],
                    [
                        79.96874999999963,
                        8.214583333333202
                    ],
                    [
                        79.9604166666663,
                        8.222916666666556
                    ],
                    [
                        79.9604166666663,
                        8.22708333333322
                    ]
                ]
            }
        },
        {
            "type": "Feature",
            "properties": {
                "HYRIV_ID": 41400935,
                "NEXT_DOWN": 41400834,
                "MAIN_RIV": 41400542,
                "LENGTH_KM": 5.4899998,
                "DIST_DN_KM": 39.200001,
                "DIST_UP_KM": 110.2,
                "CATCH_SKM": 15.72,
                "UPLAND_SKM": 2003.0,
                "ENDORHEIC": 0,
                "DIS_AV_CMS": 32.646999,
                "ORD_STRA": 4,
                "ORD_CLAS": 1,
                "ORD_FLOW": 5,
                "HYBAS_L12": 4121156460.0,
                "Shape_Length": 0.04958122890256969
            },
            "geometry": {
                "type": "LineString",
                "coordinates": [
                    [
                        80.11041666666634,
                        8.18958333333321
                    ],
                    [
                        80.11041666666634,
                        8.19374999999986
                    ],
                    [
                        80.09374999999963,
                        8.21041666666654
                    ],
                    [
                        80.08958333333297,
                        8.21041666666654
                    ],
                    [
                        80.07708333333298,
                        8.222916666666556
                    ]
                ]
            }
        },
        {
            "type": "Feature",
            "properties": {
                "HYRIV_ID": 41400936,
                "NEXT_DOWN": 41401017,
                "MAIN_RIV": 41400542,
                "LENGTH_KM": 1.63,
                "DIST_DN_KM": 69.400002,
                "DIST_UP_KM": 5.6,
                "CATCH_SKM": 13.17,
                "UPLAND_SKM": 13.2,
                "ENDORHEIC": 0,
                "DIS_AV_CMS": 0.192,
                "ORD_STRA": 1,
                "ORD_CLAS": 3,
                "ORD_FLOW": 7,
                "HYBAS_L12": 4121156490.0,
                "Shape_Length": 0.01473139127478673
            },
            "geometry": {
                "type": "LineString",
                "coordinates": [
                    [
                        80.32083333333301,
                        8.199999999999896
                    ],
                    [
                        80.31041666666627,
                        8.18958333333321
                    ]
                ]
            }
        },
        {
            "type": "Feature",
            "properties": {
                "HYRIV_ID": 41400950,
                "NEXT_DOWN": 41400901,
                "MAIN_RIV": 41400542,
                "LENGTH_KM": 2.56,
                "DIST_DN_KM": 30.700001,
                "DIST_UP_KM": 5.6,
                "CATCH_SKM": 16.15,
                "UPLAND_SKM": 16.1,
                "ENDORHEIC": 0,
                "DIS_AV_CMS": 0.206,
                "ORD_STRA": 1,
                "ORD_CLAS": 3,
                "ORD_FLOW": 7,
                "HYBAS_L12": 4121156350.0,
                "Shape_Length": 0.023064724608108322
            },
            "geometry": {
                "type": "LineString",
                "coordinates": [
                    [
                        79.99583333333297,
                        8.183333333333216
                    ],
                    [
                        80.00208333333299,
                        8.18958333333321
                    ],
                    [
                        80.00208333333299,
                        8.197916666666522
                    ],
                    [
                        80.00624999999971,
                        8.202083333333228
                    ]
                ]
            }
        },
        {
            "type": "Feature",
            "properties": {
                "HYRIV_ID": 41400971,
                "NEXT_DOWN": 41401017,
                "MAIN_RIV": 41400542,
                "LENGTH_KM": 6.46,
                "DIST_DN_KM": 69.400002,
                "DIST_UP_KM": 10.4,
                "CATCH_SKM": 28.68,
                "UPLAND_SKM": 28.700001,
                "ENDORHEIC": 0,
                "DIS_AV_CMS": 0.426,
                "ORD_STRA": 1,
                "ORD_CLAS": 2,
                "ORD_FLOW": 7,
                "HYBAS_L12": 4121156490.0,
                "Shape_Length": 0.05842006366745135
            },
            "geometry": {
                "type": "LineString",
                "coordinates": [
                    [
                        80.35416666666637,
                        8.18749999999988
                    ],
                    [
                        80.34374999999963,
                        8.197916666666522
                    ],
                    [
                        80.33124999999964,
                        8.185416666666548
                    ],
                    [
                        80.32708333333292,
                        8.185416666666548
                    ],
                    [
                        80.32291666666643,
                        8.181249999999842
                    ],
                    [
                        80.3187499999996,
                        8.185416666666548
                    ],
                    [
                        80.31458333333305,
                        8.185416666666548
                    ],
                    [
                        80.31041666666627,
                        8.18958333333321
                    ]
                ]
            }
        },
        {
            "type": "Feature",
            "properties": {
                "HYRIV_ID": 41400982,
                "NEXT_DOWN": 41400817,
                "MAIN_RIV": 41400542,
                "LENGTH_KM": 8.4899998,
                "DIST_DN_KM": 32.099998,
                "DIST_UP_KM": 12.3,
                "CATCH_SKM": 28.049999,
                "UPLAND_SKM": 28.0,
                "ENDORHEIC": 0,
                "DIS_AV_CMS": 0.366,
                "ORD_STRA": 1,
                "ORD_CLAS": 2,
                "ORD_FLOW": 7,
                "HYBAS_L12": 4121156350.0,
                "Shape_Length": 0.07666456223589617
            },
            "geometry": {
                "type": "LineString",
                "coordinates": [
                    [
                        80.0687499999996,
                        8.175
                    ],
                    [
                        80.0687499999996,
                        8.181249999999842
                    ],
                    [
                        80.06041666666627,
                        8.18958333333321
                    ],
                    [
                        80.06041666666627,
                        8.202083333333228
                    ],
                    [
                        80.05624999999978,
                        8.206249999999876
                    ],
                    [
                        80.05208333333294,
                        8.206249999999876
                    ],
                    [
                        80.0479166666664,
                        8.21041666666654
                    ],
                    [
                        80.04374999999962,
                        8.21041666666654
                    ],
                    [
                        80.0354166666664,
                        8.21874999999985
                    ],
                    [
                        80.0354166666664,
                        8.222916666666556
                    ],
                    [
                        80.03124999999974,
                        8.22708333333322
                    ],
                    [
                        80.02708333333302,
                        8.22708333333322
                    ]
                ]
            }
        },
        {
            "type": "Feature",
            "properties": {
                "HYRIV_ID": 41400983,
                "NEXT_DOWN": 41400935,
                "MAIN_RIV": 41400542,
                "LENGTH_KM": 2.23,
                "DIST_DN_KM": 44.400002,
                "DIST_UP_KM": 24.3,
                "CATCH_SKM": 2.98,
                "UPLAND_SKM": 144.3,
                "ENDORHEIC": 0,
                "DIS_AV_CMS": 2.07,
                "ORD_STRA": 2,
                "ORD_CLAS": 2,
                "ORD_FLOW": 6,
                "HYBAS_L12": 4121156470.0,
                "Shape_Length": 0.02011844635312097
            },
            "geometry": {
                "type": "LineString",
                "coordinates": [
                    [
                        80.10624999999962,
                        8.177083333333236
                    ],
                    [
                        80.10624999999962,
                        8.181249999999842
                    ],
                    [
                        80.10208333333296,
                        8.185416666666548
                    ],
                    [
                        80.10624999999962,
                        8.18958333333321
                    ],
                    [
                        80.11041666666634,
                        8.18958333333321
                    ]
                ]
            }
        },
        {
            "type": "Feature",
            "properties": {
                "HYRIV_ID": 41400984,
                "NEXT_DOWN": 41400935,
                "MAIN_RIV": 41400542,
                "LENGTH_KM": 5.1700001,
                "DIST_DN_KM": 44.599998,
                "DIST_UP_KM": 104.7,
                "CATCH_SKM": 13.6,
                "UPLAND_SKM": 1843.0,
                "ENDORHEIC": 0,
                "DIS_AV_CMS": 30.642,
                "ORD_STRA": 4,
                "ORD_CLAS": 1,
                "ORD_FLOW": 5,
                "HYBAS_L12": 4121156480.0,
                "Shape_Length": 0.046844336196334546
            },
            "geometry": {
                "type": "LineString",
                "coordinates": [
                    [
                        80.15208333333302,
                        8.177083333333236
                    ],
                    [
                        80.14791666666636,
                        8.177083333333236
                    ],
                    [
                        80.1437499999997,
                        8.181249999999842
                    ],
                    [
                        80.12291666666633,
                        8.181249999999842
                    ],
                    [
                        80.11874999999966,
                        8.185416666666548
                    ],
                    [
                        80.114583333333,
                        8.185416666666548
                    ],
                    [
                        80.11041666666634,
                        8.18958333333321
                    ]
                ]
            }
        },
        {
            "type": "Feature",
            "properties": {
                "HYRIV_ID": 41400985,
                "NEXT_DOWN": 41400999,
                "MAIN_RIV": 41400542,
                "LENGTH_KM": 4.0,
                "DIST_DN_KM": 62.0,
                "DIST_UP_KM": 9.5,
                "CATCH_SKM": 9.7700005,
                "UPLAND_SKM": 39.3,
                "ENDORHEIC": 0,
                "DIS_AV_CMS": 0.55500001,
                "ORD_STRA": 2,
                "ORD_CLAS": 3,
                "ORD_FLOW": 7,
                "HYBAS_L12": 4121156490.0,
                "Shape_Length": 0.03607022603955481
            },
            "geometry": {
                "type": "LineString",
                "coordinates": [
                    [
                        80.27291666666636,
                        8.206249999999876
                    ],
                    [
                        80.26458333333298,
                        8.197916666666522
                    ],
                    [
                        80.26458333333298,
                        8.185416666666548
                    ],
                    [
                        80.25624999999965,
                        8.177083333333236
                    ]
                ]
            }
        },
        {
            "type": "Feature",
            "properties": {
                "HYRIV_ID": 41400998,
                "NEXT_DOWN": 41401016,
                "MAIN_RIV": 41400542,
                "LENGTH_KM": 4.3200002,
                "DIST_DN_KM": 60.3,
                "DIST_UP_KM": 7.9,
                "CATCH_SKM": 17.42,
                "UPLAND_SKM": 17.4,
                "ENDORHEIC": 0,
                "DIS_AV_CMS": 0.244,
                "ORD_STRA": 1,
                "ORD_CLAS": 3,
                "ORD_FLOW": 7,
                "HYBAS_L12": 4121156490.0,
                "Shape_Length": 0.03886844635309143
            },
            "geometry": {
                "type": "LineString",
                "coordinates": [
                    [
                        80.25208333333299,
                        8.208333333333208
                    ],
                    [
                        80.25208333333299,
                        8.202083333333228
                    ],
                    [
                        80.24791666666633,
                        8.197916666666522
                    ],
                    [
                        80.24791666666633,
                        8.185416666666548
                    ],
                    [
                        80.24374999999966,
                        8.181249999999842
                    ],
                    [
                        80.24374999999966,
                        8.17291666666653
                    ]
                ]
            }
        },
        {
            "type": "Feature",
            "properties": {
                "HYRIV_ID": 41400999,
                "NEXT_DOWN": 41401016,
                "MAIN_RIV": 41400542,
                "LENGTH_KM": 1.5700001,
                "DIST_DN_KM": 60.3,
                "DIST_UP_KM": 19.5,
                "CATCH_SKM": 4.25,
                "UPLAND_SKM": 106.7,
                "ENDORHEIC": 0,
                "DIS_AV_CMS": 1.536,
                "ORD_STRA": 3,
                "ORD_CLAS": 2,
                "ORD_FLOW": 6,
                "HYBAS_L12": 4121156490.0,
                "Shape_Length": 0.014225889843238436
            },
            "geometry": {
                "type": "LineString",
                "coordinates": [
                    [
                        80.25624999999965,
                        8.177083333333236
                    ],
                    [
                        80.25208333333299,
                        8.17291666666653
                    ],
                    [
                        80.24374999999966,
                        8.17291666666653
                    ]
                ]
            }
        },
        {
            "type": "Feature",
            "properties": {
                "HYRIV_ID": 41401016,
                "NEXT_DOWN": 41400984,
                "MAIN_RIV": 41400542,
                "LENGTH_KM": 10.67,
                "DIST_DN_KM": 49.599998,
                "DIST_UP_KM": 30.1,
                "CATCH_SKM": 35.91,
                "UPLAND_SKM": 160.0,
                "ENDORHEIC": 0,
                "DIS_AV_CMS": 2.2490001,
                "ORD_STRA": 3,
                "ORD_CLAS": 2,
                "ORD_FLOW": 6,
                "HYBAS_L12": 4121156490.0,
                "Shape_Length": 0.09684433619636257
            },
            "geometry": {
                "type": "LineString",
                "coordinates": [
                    [
                        80.24374999999966,
                        8.17291666666653
                    ],
                    [
                        80.2104166666663,
                        8.17291666666653
                    ],
                    [
                        80.20624999999964,
                        8.168749999999868
                    ],
                    [
                        80.19791666666632,
                        8.168749999999868
                    ],
                    [
                        80.1895833333331,
                        8.177083333333236
                    ],
                    [
                        80.15208333333302,
                        8.177083333333236
                    ]
                ]
            }
        },
        {
            "type": "Feature",
            "properties": {
                "HYRIV_ID": 41401017,
                "NEXT_DOWN": 41400999,
                "MAIN_RIV": 41400542,
                "LENGTH_KM": 7.3200002,
                "DIST_DN_KM": 62.0,
                "DIST_UP_KM": 17.700001,
                "CATCH_SKM": 21.25,
                "UPLAND_SKM": 63.099998,
                "ENDORHEIC": 0,
                "DIS_AV_CMS": 0.92299998,
                "ORD_STRA": 2,
                "ORD_CLAS": 2,
                "ORD_FLOW": 7,
                "HYBAS_L12": 4121156490.0,
                "Shape_Length": 0.06624789556923856
            },
            "geometry": {
                "type": "LineString",
                "coordinates": [
                    [
                        80.31041666666627,
                        8.18958333333321
                    ],
                    [
                        80.30624999999961,
                        8.18958333333321
                    ],
                    [
                        80.29374999999973,
                        8.177083333333236
                    ],
                    [
                        80.28958333333301,
                        8.177083333333236
                    ],
                    [
                        80.28124999999969,
                        8.168749999999868
                    ],
                    [
                        80.27708333333302,
                        8.168749999999868
                    ],
                    [
                        80.27291666666636,
                        8.17291666666653
                    ],
                    [
                        80.26041666666632,
                        8.17291666666653
                    ],
                    [
                        80.25624999999965,
                        8.177083333333236
                    ]
                ]
            }
        },
        {
            "type": "Feature",
            "properties": {
                "HYRIV_ID": 41401030,
                "NEXT_DOWN": 41400901,
                "MAIN_RIV": 41400542,
                "LENGTH_KM": 5.9899998,
                "DIST_DN_KM": 30.5,
                "DIST_UP_KM": 9.6,
                "CATCH_SKM": 26.98,
                "UPLAND_SKM": 27.0,
                "ENDORHEIC": 0,
                "DIS_AV_CMS": 0.354,
                "ORD_STRA": 1,
                "ORD_CLAS": 2,
                "ORD_FLOW": 7,
                "HYBAS_L12": 4121156350.0,
                "Shape_Length": 0.05410533905935267
            },
            "geometry": {
                "type": "LineString",
                "coordinates": [
                    [
                        80.0354166666664,
                        8.162499999999888
                    ],
                    [
                        80.0354166666664,
                        8.168749999999868
                    ],
                    [
                        80.02291666666636,
                        8.181249999999842
                    ],
                    [
                        80.02291666666636,
                        8.185416666666548
                    ],
                    [
                        80.0187499999997,
                        8.18958333333321
                    ],
                    [
                        80.0187499999997,
                        8.19374999999986
                    ],
                    [
                        80.01041666666637,
                        8.202083333333228
                    ],
                    [
                        80.00624999999971,
                        8.202083333333228
                    ]
                ]
            }
        },
        {
            "type": "Feature",
            "properties": {
                "HYRIV_ID": 41401077,
                "NEXT_DOWN": 41400983,
                "MAIN_RIV": 41400542,
                "LENGTH_KM": 3.62,
                "DIST_DN_KM": 46.900002,
                "DIST_UP_KM": 15.6,
                "CATCH_SKM": 9.9899998,
                "UPLAND_SKM": 83.300003,
                "ENDORHEIC": 0,
                "DIS_AV_CMS": 1.184,
                "ORD_STRA": 2,
                "ORD_CLAS": 3,
                "ORD_FLOW": 6,
                "HYBAS_L12": 4121156470.0,
                "Shape_Length": 0.03261844635311133
            },
            "geometry": {
                "type": "LineString",
                "coordinates": [
                    [
                        80.10624999999962,
                        8.14791666666654
                    ],
                    [
                        80.10624999999962,
                        8.15624999999985
                    ],
                    [
                        80.10208333333296,
                        8.160416666666556
                    ],
                    [
                        80.10208333333296,
                        8.17291666666653
                    ],
                    [
                        80.10624999999962,
                        8.177083333333236
                    ]
                ]
            }
        },
        {
            "type": "Feature",
            "properties": {
                "HYRIV_ID": 41401098,
                "NEXT_DOWN": 41401248,
                "MAIN_RIV": 41400542,
                "LENGTH_KM": 1.16,
                "DIST_DN_KM": 81.300003,
                "DIST_UP_KM": 6.3,
                "CATCH_SKM": 15.94,
                "UPLAND_SKM": 15.9,
                "ENDORHEIC": 0,
                "DIS_AV_CMS": 0.243,
                "ORD_STRA": 1,
                "ORD_CLAS": 2,
                "ORD_FLOW": 7,
                "HYBAS_L12": 4121156570.0,
                "Shape_Length": 0.010416666666685614
            },
            "geometry": {
                "type": "LineString",
                "coordinates": [
                    [
                        80.37291666666633,
                        8.154166666666562
                    ],
                    [
                        80.37291666666633,
                        8.143749999999876
                    ]
                ]
            }
        },
        {
            "type": "Feature",
            "properties": {
                "HYRIV_ID": 41401099,
                "NEXT_DOWN": 41401248,
                "MAIN_RIV": 41400542,
                "LENGTH_KM": 0.69,
                "DIST_DN_KM": 81.300003,
                "DIST_UP_KM": 5.1,
                "CATCH_SKM": 7.4400001,
                "UPLAND_SKM": 7.4,
                "ENDORHEIC": 0,
                "DIS_AV_CMS": 0.115,
                "ORD_STRA": 1,
                "ORD_CLAS": 3,
                "ORD_FLOW": 7,
                "HYBAS_L12": 4121156570.0,
                "Shape_Length": 0.006249999999965894
            },
            "geometry": {
                "type": "LineString",
                "coordinates": [
                    [
                        80.3791666666663,
                        8.143749999999876
                    ],
                    [
                        80.37291666666633,
                        8.143749999999876
                    ]
                ]
            }
        },
        {
            "type": "Feature",
            "properties": {
                "HYRIV_ID": 41401120,
                "NEXT_DOWN": 41401077,
                "MAIN_RIV": 41400542,
                "LENGTH_KM": 2.22,
                "DIST_DN_KM": 50.3,
                "DIST_UP_KM": 12.2,
                "CATCH_SKM": 3.1900001,
                "UPLAND_SKM": 43.099998,
                "ENDORHEIC": 0,
                "DIS_AV_CMS": 0.62900001,
                "ORD_STRA": 2,
                "ORD_CLAS": 3,
                "ORD_FLOW": 7,
                "HYBAS_L12": 4121156470.0,
                "Shape_Length": 0.02011844635314767
            },
            "geometry": {
                "type": "LineString",
                "coordinates": [
                    [
                        80.12291666666633,
                        8.139583333333213
                    ],
                    [
                        80.11874999999966,
                        8.143749999999876
                    ],
                    [
                        80.114583333333,
                        8.143749999999876
                    ],
                    [
                        80.11041666666634,
                        8.14791666666654
                    ],
                    [
                        80.10624999999962,
                        8.14791666666654
                    ]
                ]
            }
        },
        {
            "type": "Feature",
            "properties": {
                "HYRIV_ID": 41401121,
                "NEXT_DOWN": 41400984,
                "MAIN_RIV": 41400542,
                "LENGTH_KM": 11.57,
                "DIST_DN_KM": 49.8,
                "DIST_UP_KM": 99.5,
                "CATCH_SKM": 40.8,
                "UPLAND_SKM": 1669.4,
                "ENDORHEIC": 0,
                "DIS_AV_CMS": 28.489,
                "ORD_STRA": 4,
                "ORD_CLAS": 1,
                "ORD_FLOW": 5,
                "HYBAS_L12": 4121156500.0,
                "Shape_Length": 0.10475889843213224
            },
            "geometry": {
                "type": "LineString",
                "coordinates": [
                    [
                        80.23541666666628,
                        8.139583333333213
                    ],
                    [
                        80.23124999999962,
                        8.139583333333213
                    ],
                    [
                        80.22708333333296,
                        8.143749999999876
                    ],
                    [
                        80.21458333333297,
                        8.143749999999876
                    ],
                    [
                        80.2104166666663,
                        8.14791666666654
                    ],
                    [
                        80.2104166666663,
                        8.15208333333323
                    ],
                    [
                        80.20624999999964,
                        8.15624999999985
                    ],
                    [
                        80.1895833333331,
                        8.15624999999985
                    ],
                    [
                        80.18124999999972,
                        8.16458333333322
                    ],
                    [
                        80.17708333333294,
                        8.16458333333322
                    ],
                    [
                        80.1729166666664,
                        8.160416666666556
                    ],
                    [
                        80.16874999999962,
                        8.16458333333322
                    ],
                    [
                        80.16458333333307,
                        8.16458333333322
                    ],
                    [
                        80.15208333333302,
                        8.177083333333236
                    ]
                ]
            }
        },
        {
            "type": "Feature",
            "properties": {
                "HYRIV_ID": 41401147,
                "NEXT_DOWN": 41401121,
                "MAIN_RIV": 41400542,
                "LENGTH_KM": 0.69,
                "DIST_DN_KM": 61.200001,
                "DIST_UP_KM": 4.5,
                "CATCH_SKM": 8.5,
                "UPLAND_SKM": 8.5,
                "ENDORHEIC": 0,
                "DIS_AV_CMS": 0.12800001,
                "ORD_STRA": 1,
                "ORD_CLAS": 2,
                "ORD_FLOW": 7,
                "HYBAS_L12": 4121156500.0,
                "Shape_Length": 0.006250000000022737
            },
            "geometry": {
                "type": "LineString",
                "coordinates": [
                    [
                        80.23541666666628,
                        8.13333333333319
                    ],
                    [
                        80.23541666666628,
                        8.139583333333213
                    ]
                ]
            }
        },
        {
            "type": "Feature",
            "properties": {
                "HYRIV_ID": 41401160,
                "NEXT_DOWN": 41401120,
                "MAIN_RIV": 41400542,
                "LENGTH_KM": 1.63,
                "DIST_DN_KM": 52.700001,
                "DIST_UP_KM": 6.7,
                "CATCH_SKM": 15.94,
                "UPLAND_SKM": 15.9,
                "ENDORHEIC": 0,
                "DIS_AV_CMS": 0.232,
                "ORD_STRA": 1,
                "ORD_CLAS": 4,
                "ORD_FLOW": 7,
                "HYBAS_L12": 4121156470.0,
                "Shape_Length": 0.014731391274746536
            },
            "geometry": {
                "type": "LineString",
                "coordinates": [
                    [
                        80.12083333333297,
                        8.129166666666528
                    ],
                    [
                        80.12708333333299,
                        8.135416666666565
                    ],
                    [
                        80.12291666666633,
                        8.139583333333213
                    ]
                ]
            }
        },
        {
            "type": "Feature",
            "properties": {
                "HYRIV_ID": 41401161,
                "NEXT_DOWN": 41401121,
                "MAIN_RIV": 41400542,
                "LENGTH_KM": 2.22,
                "DIST_DN_KM": 61.400002,
                "DIST_UP_KM": 88.0,
                "CATCH_SKM": 6.3800001,
                "UPLAND_SKM": 1620.1,
                "ENDORHEIC": 0,
                "DIS_AV_CMS": 28.316,
                "ORD_STRA": 4,
                "ORD_CLAS": 1,
                "ORD_FLOW": 5,
                "HYBAS_L12": 4121156500.0,
                "Shape_Length": 0.020118446353167767
            },
            "geometry": {
                "type": "LineString",
                "coordinates": [
                    [
                        80.25208333333299,
                        8.13124999999986
                    ],
                    [
                        80.24791666666633,
                        8.135416666666565
                    ],
                    [
                        80.23958333333294,
                        8.135416666666565
                    ],
                    [
                        80.23541666666628,
                        8.139583333333213
                    ]
                ]
            }
        },
        {
            "type": "Feature",
            "properties": {
                "HYRIV_ID": 41401162,
                "NEXT_DOWN": 41401161,
                "MAIN_RIV": 41400542,
                "LENGTH_KM": 5.2,
                "DIST_DN_KM": 63.599998,
                "DIST_UP_KM": 10.1,
                "CATCH_SKM": 20.190001,
                "UPLAND_SKM": 20.200001,
                "ENDORHEIC": 0,
                "DIS_AV_CMS": 0.302,
                "ORD_STRA": 1,
                "ORD_CLAS": 2,
                "ORD_FLOW": 7,
                "HYBAS_L12": 4121156500.0,
                "Shape_Length": 0.047201779686448044
            },
            "geometry": {
                "type": "LineString",
                "coordinates": [
                    [
                        80.29583333333298,
                        8.139583333333213
                    ],
                    [
                        80.26458333333298,
                        8.139583333333213
                    ],
                    [
                        80.26041666666632,
                        8.135416666666565
                    ],
                    [
                        80.25624999999965,
                        8.135416666666565
                    ],
                    [
                        80.25208333333299,
                        8.13124999999986
                    ]
                ]
            }
        },
        {
            "type": "Feature",
            "properties": {
                "HYRIV_ID": 41401176,
                "NEXT_DOWN": 41401161,
                "MAIN_RIV": 41400542,
                "LENGTH_KM": 0.65,
                "DIST_DN_KM": 63.599998,
                "DIST_UP_KM": 85.800003,
                "CATCH_SKM": 0.64,
                "UPLAND_SKM": 1593.6,
                "ENDORHEIC": 0,
                "DIS_AV_CMS": 28.021999,
                "ORD_STRA": 4,
                "ORD_CLAS": 1,
                "ORD_FLOW": 5,
                "HYBAS_L12": 4121156500.0,
                "Shape_Length": 0.0058925565098825365
            },
            "geometry": {
                "type": "LineString",
                "coordinates": [
                    [
                        80.25624999999965,
                        8.127083333333196
                    ],
                    [
                        80.25208333333299,
                        8.13124999999986
                    ]
                ]
            }
        },
        {
            "type": "Feature",
            "properties": {
                "HYRIV_ID": 41401205,
                "NEXT_DOWN": 41401077,
                "MAIN_RIV": 41400542,
                "LENGTH_KM": 3.95,
                "DIST_DN_KM": 50.3,
                "DIST_UP_KM": 7.8,
                "CATCH_SKM": 30.18,
                "UPLAND_SKM": 30.200001,
                "ENDORHEIC": 0,
                "DIS_AV_CMS": 0.42500001,
                "ORD_STRA": 1,
                "ORD_CLAS": 4,
                "ORD_FLOW": 7,
                "HYBAS_L12": 4121156470.0,
                "Shape_Length": 0.03556472460800479
            },
            "geometry": {
                "type": "LineString",
                "coordinates": [
                    [
                        80.09583333333305,
                        8.11666666666651
                    ],
                    [
                        80.10208333333296,
                        8.122916666666548
                    ],
                    [
                        80.10208333333296,
                        8.139583333333213
                    ],
                    [
                        80.10624999999962,
                        8.143749999999876
                    ],
                    [
                        80.10624999999962,
                        8.14791666666654
                    ]
                ]
            }
        },
        {
            "type": "Feature",
            "properties": {
                "HYRIV_ID": 41401224,
                "NEXT_DOWN": 41401176,
                "MAIN_RIV": 41400542,
                "LENGTH_KM": 2.87,
                "DIST_DN_KM": 64.199997,
                "DIST_UP_KM": 85.099998,
                "CATCH_SKM": 6.3800001,
                "UPLAND_SKM": 1577.2,
                "ENDORHEIC": 0,
                "DIS_AV_CMS": 27.794001,
                "ORD_STRA": 4,
                "ORD_CLAS": 1,
                "ORD_FLOW": 5,
                "HYBAS_L12": 4121156500.0,
                "Shape_Length": 0.026011002863050303
            },
            "geometry": {
                "type": "LineString",
                "coordinates": [
                    [
                        80.27708333333302,
                        8.11458333333318
                    ],
                    [
                        80.27291666666636,
                        8.118749999999885
                    ],
                    [
                        80.26458333333298,
                        8.118749999999885
                    ],
                    [
                        80.25624999999965,
                        8.127083333333196
                    ]
                ]
            }
        },
        {
            "type": "Feature",
            "properties": {
                "HYRIV_ID": 41401225,
                "NEXT_DOWN": 41401224,
                "MAIN_RIV": 41400542,
                "LENGTH_KM": 4.5100002,
                "DIST_DN_KM": 66.900002,
                "DIST_UP_KM": 82.400002,
                "CATCH_SKM": 17.639999,
                "UPLAND_SKM": 1325.8,
                "ENDORHEIC": 0,
                "DIS_AV_CMS": 23.641001,
                "ORD_STRA": 4,
                "ORD_CLAS": 1,
                "ORD_FLOW": 5,
                "HYBAS_L12": 4121156590.0,
                "Shape_Length": 0.040951779686492204
            },
            "geometry": {
                "type": "LineString",
                "coordinates": [
                    [
                        80.31458333333305,
                        8.122916666666548
                    ],
                    [
                        80.28958333333301,
                        8.122916666666548
                    ],
                    [
                        80.28124999999969,
                        8.11458333333318
                    ],
                    [
                        80.27708333333302,
                        8.11458333333318
                    ]
                ]
            }
        },
        {
            "type": "Feature",
            "properties": {
                "HYRIV_ID": 41401247,
                "NEXT_DOWN": 41401225,
                "MAIN_RIV": 41400542,
                "LENGTH_KM": 4.98,
                "DIST_DN_KM": 71.400002,
                "DIST_UP_KM": 77.900002,
                "CATCH_SKM": 16.15,
                "UPLAND_SKM": 1204.8,
                "ENDORHEIC": 0,
                "DIS_AV_CMS": 21.827999,
                "ORD_STRA": 4,
                "ORD_CLAS": 1,
                "ORD_FLOW": 5,
                "HYBAS_L12": 4121156570.0,
                "Shape_Length": 0.04511844635301368
            },
            "geometry": {
                "type": "LineString",
                "coordinates": [
                    [
                        80.35208333333296,
                        8.110416666666573
                    ],
                    [
                        80.3479166666663,
                        8.110416666666573
                    ],
                    [
                        80.34374999999963,
                        8.11458333333318
                    ],
                    [
                        80.34374999999963,
                        8.118749999999885
                    ],
                    [
                        80.33958333333297,
                        8.122916666666548
                    ],
                    [
                        80.31458333333305,
                        8.122916666666548
                    ]
                ]
            }
        },
        {
            "type": "Feature",
            "properties": {
                "HYRIV_ID": 41401248,
                "NEXT_DOWN": 41401247,
                "MAIN_RIV": 41400542,
                "LENGTH_KM": 4.9200001,
                "DIST_DN_KM": 76.400002,
                "DIST_UP_KM": 11.2,
                "CATCH_SKM": 14.24,
                "UPLAND_SKM": 37.599998,
                "ENDORHEIC": 0,
                "DIS_AV_CMS": 0.57700002,
                "ORD_STRA": 2,
                "ORD_CLAS": 2,
                "ORD_FLOW": 7,
                "HYBAS_L12": 4121156570.0,
                "Shape_Length": 0.04440355937285975
            },
            "geometry": {
                "type": "LineString",
                "coordinates": [
                    [
                        80.37291666666633,
                        8.143749999999876
                    ],
                    [
                        80.36874999999966,
                        8.139583333333213
                    ],
                    [
                        80.36874999999966,
                        8.135416666666565
                    ],
                    [
                        80.36041666666628,
                        8.127083333333196
                    ],
                    [
                        80.35624999999962,
                        8.127083333333196
                    ],
                    [
                        80.35624999999962,
                        8.118749999999885
                    ],
                    [
                        80.35208333333296,
                        8.11458333333318
                    ],
                    [
                        80.35208333333296,
                        8.110416666666573
                    ]
                ]
            }
        },
        {
            "type": "Feature",
            "properties": {
                "HYRIV_ID": 41401249,
                "NEXT_DOWN": 41401261,
                "MAIN_RIV": 41400542,
                "LENGTH_KM": 8.0200005,
                "DIST_DN_KM": 78.599998,
                "DIST_UP_KM": 11.1,
                "CATCH_SKM": 26.77,
                "UPLAND_SKM": 26.8,
                "ENDORHEIC": 0,
                "DIS_AV_CMS": 0.419,
                "ORD_STRA": 1,
                "ORD_CLAS": 3,
                "ORD_FLOW": 7,
                "HYBAS_L12": 4121156620.0,
                "Shape_Length": 0.0724978955692013
            },
            "geometry": {
                "type": "LineString",
                "coordinates": [
                    [
                        80.41458333333301,
                        8.154166666666562
                    ],
                    [
                        80.41458333333301,
                        8.143749999999876
                    ],
                    [
                        80.40624999999969,
                        8.135416666666565
                    ],
                    [
                        80.40208333333302,
                        8.135416666666565
                    ],
                    [
                        80.38541666666632,
                        8.118749999999885
                    ],
                    [
                        80.37291666666633,
                        8.118749999999885
                    ],
                    [
                        80.36874999999966,
                        8.11458333333318
                    ],
                    [
                        80.36874999999966,
                        8.110416666666573
                    ]
                ]
            }
        },
        {
            "type": "Feature",
            "properties": {
                "HYRIV_ID": 41401260,
                "NEXT_DOWN": 41401247,
                "MAIN_RIV": 41400542,
                "LENGTH_KM": 1.11,
                "DIST_DN_KM": 76.599998,
                "DIST_UP_KM": 72.699997,
                "CATCH_SKM": 1.27,
                "UPLAND_SKM": 1151.1,
                "ENDORHEIC": 0,
                "DIS_AV_CMS": 21.194,
                "ORD_STRA": 4,
                "ORD_CLAS": 1,
                "ORD_FLOW": 5,
                "HYBAS_L12": 4121156570.0,
                "Shape_Length": 0.010059223176575559
            },
            "geometry": {
                "type": "LineString",
                "coordinates": [
                    [
                        80.36041666666628,
                        8.106249999999868
                    ],
                    [
                        80.35624999999962,
                        8.106249999999868
                    ],
                    [
                        80.35208333333296,
                        8.110416666666573
                    ]
                ]
            }
        },
        {
            "type": "Feature",
            "properties": {
                "HYRIV_ID": 41401261,
                "NEXT_DOWN": 41401260,
                "MAIN_RIV": 41400542,
                "LENGTH_KM": 1.11,
                "DIST_DN_KM": 77.5,
                "DIST_UP_KM": 24.0,
                "CATCH_SKM": 1.06,
                "UPLAND_SKM": 125.2,
                "ENDORHEIC": 0,
                "DIS_AV_CMS": 1.997,
                "ORD_STRA": 2,
                "ORD_CLAS": 2,
                "ORD_FLOW": 6,
                "HYBAS_L12": 4121156620.0,
                "Shape_Length": 0.010059223176615754
            },
            "geometry": {
                "type": "LineString",
                "coordinates": [
                    [
                        80.36874999999966,
                        8.110416666666573
                    ],
                    [
                        80.36458333333294,
                        8.106249999999868
                    ],
                    [
                        80.36041666666628,
                        8.106249999999868
                    ]
                ]
            }
        },
        {
            "type": "Feature",
            "properties": {
                "HYRIV_ID": 41401262,
                "NEXT_DOWN": 41401261,
                "MAIN_RIV": 41400542,
                "LENGTH_KM": 7.0700002,
                "DIST_DN_KM": 78.599998,
                "DIST_UP_KM": 22.9,
                "CATCH_SKM": 15.94,
                "UPLAND_SKM": 97.300003,
                "ENDORHEIC": 0,
                "DIS_AV_CMS": 1.5650001,
                "ORD_STRA": 2,
                "ORD_CLAS": 2,
                "ORD_FLOW": 6,
                "HYBAS_L12": 4121156620.0,
                "Shape_Length": 0.06422588984319297
            },
            "geometry": {
                "type": "LineString",
                "coordinates": [
                    [
                        80.43124999999961,
                        8.106249999999868
                    ],
                    [
                        80.40208333333302,
                        8.106249999999868
                    ],
                    [
                        80.39791666666636,
                        8.110416666666573
                    ],
                    [
                        80.36874999999966,
                        8.110416666666573
                    ]
                ]
            }
        },
        {
            "type": "Feature",
            "properties": {
                "HYRIV_ID": 41401263,
                "NEXT_DOWN": 41401262,
                "MAIN_RIV": 41400542,
                "LENGTH_KM": 4.9699998,
                "DIST_DN_KM": 85.699997,
                "DIST_UP_KM": 8.3,
                "CATCH_SKM": 22.1,
                "UPLAND_SKM": 22.1,
                "ENDORHEIC": 0,
                "DIS_AV_CMS": 0.354,
                "ORD_STRA": 1,
                "ORD_CLAS": 3,
                "ORD_FLOW": 7,
                "HYBAS_L12": 4121156620.0,
                "Shape_Length": 0.04490906080451799
            },
            "geometry": {
                "type": "LineString",
                "coordinates": [
                    [
                        80.458333333333,
                        8.137499999999896
                    ],
                    [
                        80.44791666666643,
                        8.127083333333196
                    ],
                    [
                        80.4437499999996,
                        8.127083333333196
                    ],
                    [
                        80.43541666666627,
                        8.118749999999885
                    ],
                    [
                        80.43541666666627,
                        8.11458333333318
                    ],
                    [
                        80.43124999999961,
                        8.110416666666573
                    ],
                    [
                        80.43124999999961,
                        8.106249999999868
                    ]
                ]
            }
        },
        {
            "type": "Feature",
            "properties": {
                "HYRIV_ID": 41401273,
                "NEXT_DOWN": 41401176,
                "MAIN_RIV": 41400542,
                "LENGTH_KM": 3.85,
                "DIST_DN_KM": 64.099998,
                "DIST_UP_KM": 8.4,
                "CATCH_SKM": 15.73,
                "UPLAND_SKM": 15.7,
                "ENDORHEIC": 0,
                "DIS_AV_CMS": 0.243,
                "ORD_STRA": 1,
                "ORD_CLAS": 2,
                "ORD_FLOW": 7,
                "HYBAS_L12": 4121156500.0,
                "Shape_Length": 0.03470177968641262
            },
            "geometry": {
                "type": "LineString",
                "coordinates": [
                    [
                        80.25208333333299,
                        8.099999999999874
                    ],
                    [
                        80.25208333333299,
                        8.11458333333318
                    ],
                    [
                        80.24791666666633,
                        8.118749999999885
                    ],
                    [
                        80.25208333333299,
                        8.122916666666548
                    ],
                    [
                        80.25624999999965,
                        8.122916666666548
                    ],
                    [
                        80.25624999999965,
                        8.127083333333196
                    ]
                ]
            }
        },
        {
            "type": "Feature",
            "properties": {
                "HYRIV_ID": 41401274,
                "NEXT_DOWN": 41401262,
                "MAIN_RIV": 41400542,
                "LENGTH_KM": 5.7,
                "DIST_DN_KM": 85.699997,
                "DIST_UP_KM": 15.8,
                "CATCH_SKM": 15.94,
                "UPLAND_SKM": 59.3,
                "ENDORHEIC": 0,
                "DIS_AV_CMS": 0.972,
                "ORD_STRA": 2,
                "ORD_CLAS": 2,
                "ORD_FLOW": 7,
                "HYBAS_L12": 4121156620.0,
                "Shape_Length": 0.05172588984318108
            },
            "geometry": {
                "type": "LineString",
                "coordinates": [
                    [
                        80.48124999999962,
                        8.102083333333205
                    ],
                    [
                        80.44791666666643,
                        8.102083333333205
                    ],
                    [
                        80.4437499999996,
                        8.106249999999868
                    ],
                    [
                        80.43124999999961,
                        8.106249999999868
                    ]
                ]
            }
        },
        {
            "type": "Feature",
            "properties": {
                "HYRIV_ID": 41401275,
                "NEXT_DOWN": 41401274,
                "MAIN_RIV": 41400542,
                "LENGTH_KM": 2.27,
                "DIST_DN_KM": 91.400002,
                "DIST_UP_KM": 5.4,
                "CATCH_SKM": 11.05,
                "UPLAND_SKM": 11.1,
                "ENDORHEIC": 0,
                "DIS_AV_CMS": 0.181,
                "ORD_STRA": 1,
                "ORD_CLAS": 3,
                "ORD_FLOW": 7,
                "HYBAS_L12": 4121156620.0,
                "Shape_Length": 0.02047588984321854
            },
            "geometry": {
                "type": "LineString",
                "coordinates": [
                    [
                        80.48541666666628,
                        8.120833333333216
                    ],
                    [
                        80.48541666666628,
                        8.110416666666573
                    ],
                    [
                        80.48124999999962,
                        8.106249999999868
                    ],
                    [
                        80.48124999999962,
                        8.102083333333205
                    ]
                ]
            }
        },
        {
            "type": "Feature",
            "properties": {
                "HYRIV_ID": 41401276,
                "NEXT_DOWN": 41401296,
                "MAIN_RIV": 41400542,
                "LENGTH_KM": 3.02,
                "DIST_DN_KM": 94.099998,
                "DIST_UP_KM": 7.4,
                "CATCH_SKM": 17.43,
                "UPLAND_SKM": 17.4,
                "ENDORHEIC": 0,
                "DIS_AV_CMS": 0.288,
                "ORD_STRA": 1,
                "ORD_CLAS": 2,
                "ORD_FLOW": 7,
                "HYBAS_L12": 4121156620.0,
                "Shape_Length": 0.027231391274690812
            },
            "geometry": {
                "type": "LineString",
                "coordinates": [
                    [
                        80.51249999999962,
                        8.12499999999988
                    ],
                    [
                        80.50208333333299,
                        8.11458333333318
                    ],
                    [
                        80.50208333333299,
                        8.102083333333205
                    ]
                ]
            }
        },
        {
            "type": "Feature",
            "properties": {
                "HYRIV_ID": 41401295,
                "NEXT_DOWN": 41401120,
                "MAIN_RIV": 41400542,
                "LENGTH_KM": 7.1,
                "DIST_DN_KM": 52.5,
                "DIST_UP_KM": 9.9,
                "CATCH_SKM": 24.01,
                "UPLAND_SKM": 24.0,
                "ENDORHEIC": 0,
                "DIS_AV_CMS": 0.354,
                "ORD_STRA": 1,
                "ORD_CLAS": 3,
                "ORD_FLOW": 7,
                "HYBAS_L12": 4121156470.0,
                "Shape_Length": 0.06416456223590884
            },
            "geometry": {
                "type": "LineString",
                "coordinates": [
                    [
                        80.16041666666635,
                        8.095833333333225
                    ],
                    [
                        80.16041666666635,
                        8.102083333333205
                    ],
                    [
                        80.15624999999969,
                        8.106249999999868
                    ],
                    [
                        80.15624999999969,
                        8.110416666666573
                    ],
                    [
                        80.13958333333304,
                        8.127083333333196
                    ],
                    [
                        80.13958333333304,
                        8.13124999999986
                    ],
                    [
                        80.13541666666637,
                        8.135416666666565
                    ],
                    [
                        80.13124999999965,
                        8.135416666666565
                    ],
                    [
                        80.12708333333299,
                        8.139583333333213
                    ],
                    [
                        80.12291666666633,
                        8.139583333333213
                    ]
                ]
            }
        },
        {
            "type": "Feature",
            "properties": {
                "HYRIV_ID": 41401296,
                "NEXT_DOWN": 41401274,
                "MAIN_RIV": 41400542,
                "LENGTH_KM": 2.6800001,
                "DIST_DN_KM": 91.400002,
                "DIST_UP_KM": 10.1,
                "CATCH_SKM": 4.04,
                "UPLAND_SKM": 32.3,
                "ENDORHEIC": 0,
                "DIS_AV_CMS": 0.537,
                "ORD_STRA": 2,
                "ORD_CLAS": 2,
                "ORD_FLOW": 7,
                "HYBAS_L12": 4121156620.0,
                "Shape_Length": 0.02428511301975715
            },
            "geometry": {
                "type": "LineString",
                "coordinates": [
                    [
                        80.50208333333299,
                        8.102083333333205
                    ],
                    [
                        80.49791666666627,
                        8.097916666666556
                    ],
                    [
                        80.49374999999966,
                        8.097916666666556
                    ],
                    [
                        80.48958333333294,
                        8.102083333333205
                    ],
                    [
                        80.48124999999962,
                        8.102083333333205
                    ]
                ]
            }
        },
        {
            "type": "Feature",
            "properties": {
                "HYRIV_ID": 41401297,
                "NEXT_DOWN": 41401296,
                "MAIN_RIV": 41400542,
                "LENGTH_KM": 0.98,
                "DIST_DN_KM": 94.300003,
                "DIST_UP_KM": 4.2,
                "CATCH_SKM": 10.84,
                "UPLAND_SKM": 10.8,
                "ENDORHEIC": 0,
                "DIS_AV_CMS": 0.183,
                "ORD_STRA": 1,
                "ORD_CLAS": 3,
                "ORD_FLOW": 7,
                "HYBAS_L12": 4121156620.0,
                "Shape_Length": 0.00883883476479366
            },
            "geometry": {
                "type": "LineString",
                "coordinates": [
                    [
                        80.50833333333296,
                        8.095833333333225
                    ],
                    [
                        80.50208333333299,
                        8.102083333333205
                    ]
                ]
            }
        },
        {
            "type": "Feature",
            "properties": {
                "HYRIV_ID": 41401359,
                "NEXT_DOWN": 41401260,
                "MAIN_RIV": 41400542,
                "LENGTH_KM": 9.7299995,
                "DIST_DN_KM": 77.699997,
                "DIST_UP_KM": 71.599998,
                "CATCH_SKM": 29.120001,
                "UPLAND_SKM": 1024.6,
                "ENDORHEIC": 0,
                "DIS_AV_CMS": 19.215,
                "ORD_STRA": 4,
                "ORD_CLAS": 1,
                "ORD_FLOW": 5,
                "HYBAS_L12": 4121156650.0,
                "Shape_Length": 0.0880922317654589
            },
            "geometry": {
                "type": "LineString",
                "coordinates": [
                    [
                        80.43124999999961,
                        8.081249999999876
                    ],
                    [
                        80.42708333333306,
                        8.081249999999876
                    ],
                    [
                        80.41874999999968,
                        8.089583333333188
                    ],
                    [
                        80.41458333333301,
                        8.08541666666654
                    ],
                    [
                        80.41041666666635,
                        8.089583333333188
                    ],
                    [
                        80.40624999999969,
                        8.089583333333188
                    ],
                    [
                        80.40208333333302,
                        8.08541666666654
                    ],
                    [
                        80.39791666666636,
                        8.08541666666654
                    ],
                    [
                        80.39374999999964,
                        8.089583333333188
                    ],
                    [
                        80.38541666666632,
                        8.089583333333188
                    ],
                    [
                        80.37708333333299,
                        8.097916666666556
                    ],
                    [
                        80.37291666666633,
                        8.097916666666556
                    ],
                    [
                        80.36874999999966,
                        8.102083333333205
                    ],
                    [
                        80.36458333333294,
                        8.102083333333205
                    ],
                    [
                        80.36041666666628,
                        8.106249999999868
                    ]
                ]
            }
        },
        {
            "type": "Feature",
            "properties": {
                "HYRIV_ID": 41401374,
                "NEXT_DOWN": 41400983,
                "MAIN_RIV": 41400542,
                "LENGTH_KM": 18.889999,
                "DIST_DN_KM": 46.900002,
                "DIST_UP_KM": 21.9,
                "CATCH_SKM": 58.02,
                "UPLAND_SKM": 58.0,
                "ENDORHEIC": 0,
                "DIS_AV_CMS": 0.853,
                "ORD_STRA": 1,
                "ORD_CLAS": 2,
                "ORD_FLOW": 7,
                "HYBAS_L12": 4121156470.0,
                "Shape_Length": 0.17079740845269553
            },
            "geometry": {
                "type": "LineString",
                "coordinates": [
                    [
                        80.2249999999996,
                        8.074999999999882
                    ],
                    [
                        80.21874999999963,
                        8.081249999999876
                    ],
                    [
                        80.21874999999963,
                        8.09374999999985
                    ],
                    [
                        80.20208333333298,
                        8.110416666666573
                    ],
                    [
                        80.1895833333331,
                        8.110416666666573
                    ],
                    [
                        80.1729166666664,
                        8.127083333333196
                    ],
                    [
                        80.16874999999962,
                        8.127083333333196
                    ],
                    [
                        80.15208333333302,
                        8.143749999999876
                    ],
                    [
                        80.14791666666636,
                        8.143749999999876
                    ],
                    [
                        80.1437499999997,
                        8.14791666666654
                    ],
                    [
                        80.13958333333304,
                        8.14791666666654
                    ],
                    [
                        80.13541666666637,
                        8.15208333333323
                    ],
                    [
                        80.13124999999965,
                        8.15208333333323
                    ],
                    [
                        80.11874999999966,
                        8.16458333333322
                    ],
                    [
                        80.11874999999966,
                        8.168749999999868
                    ],
                    [
                        80.114583333333,
                        8.17291666666653
                    ],
                    [
                        80.11041666666634,
                        8.17291666666653
                    ],
                    [
                        80.10624999999962,
                        8.177083333333236
                    ]
                ]
            }
        },
        {
            "type": "Feature",
            "properties": {
                "HYRIV_ID": 41401375,
                "NEXT_DOWN": 41401359,
                "MAIN_RIV": 41400542,
                "LENGTH_KM": 0.69,
                "DIST_DN_KM": 87.300003,
                "DIST_UP_KM": 4.3,
                "CATCH_SKM": 7.6500001,
                "UPLAND_SKM": 7.7,
                "ENDORHEIC": 0,
                "DIS_AV_CMS": 0.129,
                "ORD_STRA": 1,
                "ORD_CLAS": 2,
                "ORD_FLOW": 7,
                "HYBAS_L12": 4121156650.0,
                "Shape_Length": 0.006249999999994316
            },
            "geometry": {
                "type": "LineString",
                "coordinates": [
                    [
                        80.43124999999961,
                        8.074999999999882
                    ],
                    [
                        80.43124999999961,
                        8.081249999999876
                    ]
                ]
            }
        },
        {
            "type": "Feature",
            "properties": {
                "HYRIV_ID": 41401389,
                "NEXT_DOWN": 41401224,
                "MAIN_RIV": 41400542,
                "LENGTH_KM": 5.58,
                "DIST_DN_KM": 66.900002,
                "DIST_UP_KM": 45.400002,
                "CATCH_SKM": 20.4,
                "UPLAND_SKM": 245.10001,
                "ENDORHEIC": 0,
                "DIS_AV_CMS": 4.1810002,
                "ORD_STRA": 3,
                "ORD_CLAS": 2,
                "ORD_FLOW": 6,
                "HYBAS_L12": 4121156610.0,
                "Shape_Length": 0.05029611588274889
            },
            "geometry": {
                "type": "LineString",
                "coordinates": [
                    [
                        80.2979166666664,
                        8.072916666666565
                    ],
                    [
                        80.29374999999973,
                        8.077083333333213
                    ],
                    [
                        80.29374999999973,
                        8.081249999999876
                    ],
                    [
                        80.28958333333301,
                        8.08541666666654
                    ],
                    [
                        80.28958333333301,
                        8.097916666666556
                    ],
                    [
                        80.27708333333302,
                        8.110416666666573
                    ],
                    [
                        80.27708333333302,
                        8.11458333333318
                    ]
                ]
            }
        },
        {
            "type": "Feature",
            "properties": {
                "HYRIV_ID": 41401403,
                "NEXT_DOWN": 41401389,
                "MAIN_RIV": 41400542,
                "LENGTH_KM": 0.65,
                "DIST_DN_KM": 72.699997,
                "DIST_UP_KM": 39.700001,
                "CATCH_SKM": 0.21,
                "UPLAND_SKM": 209.39999,
                "ENDORHEIC": 0,
                "DIS_AV_CMS": 3.6470001,
                "ORD_STRA": 3,
                "ORD_CLAS": 2,
                "ORD_FLOW": 6,
                "HYBAS_L12": 4121156610.0,
                "Shape_Length": 0.005892556509832294
            },
            "geometry": {
                "type": "LineString",
                "coordinates": [
                    [
                        80.30208333333294,
                        8.06874999999986
                    ],
                    [
                        80.2979166666664,
                        8.072916666666565
                    ]
                ]
            }
        },
        {
            "type": "Feature",
            "properties": {
                "HYRIV_ID": 41401404,
                "NEXT_DOWN": 41401359,
                "MAIN_RIV": 41400542,
                "LENGTH_KM": 4.71,
                "DIST_DN_KM": 87.300003,
                "DIST_UP_KM": 62.099998,
                "CATCH_SKM": 20.190001,
                "UPLAND_SKM": 987.79999,
                "ENDORHEIC": 0,
                "DIS_AV_CMS": 18.896,
                "ORD_STRA": 4,
                "ORD_CLAS": 1,
                "ORD_FLOW": 5,
                "HYBAS_L12": 4121156650.0,
                "Shape_Length": 0.04267766952970181
            },
            "geometry": {
                "type": "LineString",
                "coordinates": [
                    [
                        80.46874999999963,
                        8.06874999999986
                    ],
                    [
                        80.45624999999964,
                        8.081249999999876
                    ],
                    [
                        80.43124999999961,
                        8.081249999999876
                    ]
                ]
            }
        },
        {
            "type": "Feature",
            "properties": {
                "HYRIV_ID": 41401437,
                "NEXT_DOWN": 41401389,
                "MAIN_RIV": 41400542,
                "LENGTH_KM": 2.55,
                "DIST_DN_KM": 72.5,
                "DIST_UP_KM": 5.9,
                "CATCH_SKM": 15.3,
                "UPLAND_SKM": 15.3,
                "ENDORHEIC": 0,
                "DIS_AV_CMS": 0.247,
                "ORD_STRA": 1,
                "ORD_CLAS": 3,
                "ORD_FLOW": 7,
                "HYBAS_L12": 4121156610.0,
                "Shape_Length": 0.02306472460814162
            },
            "geometry": {
                "type": "LineString",
                "coordinates": [
                    [
                        80.28333333333299,
                        8.058333333333216
                    ],
                    [
                        80.28958333333301,
                        8.064583333333196
                    ],
                    [
                        80.29374999999973,
                        8.064583333333196
                    ],
                    [
                        80.2979166666664,
                        8.06874999999986
                    ],
                    [
                        80.2979166666664,
                        8.072916666666565
                    ]
                ]
            }
        },
        {
            "type": "Feature",
            "properties": {
                "HYRIV_ID": 41401452,
                "NEXT_DOWN": 41401225,
                "MAIN_RIV": 41400542,
                "LENGTH_KM": 12.16,
                "DIST_DN_KM": 71.400002,
                "DIST_UP_KM": 32.5,
                "CATCH_SKM": 28.049999,
                "UPLAND_SKM": 103.3,
                "ENDORHEIC": 0,
                "DIS_AV_CMS": 1.733,
                "ORD_STRA": 2,
                "ORD_CLAS": 2,
                "ORD_FLOW": 6,
                "HYBAS_L12": 4121156580.0,
                "Shape_Length": 0.10993656796185781
            },
            "geometry": {
                "type": "LineString",
                "coordinates": [
                    [
                        80.38541666666632,
                        8.060416666666548
                    ],
                    [
                        80.37708333333299,
                        8.060416666666548
                    ],
                    [
                        80.37291666666633,
                        8.056249999999885
                    ],
                    [
                        80.36458333333294,
                        8.056249999999885
                    ],
                    [
                        80.35624999999962,
                        8.064583333333196
                    ],
                    [
                        80.35624999999962,
                        8.072916666666565
                    ],
                    [
                        80.32291666666643,
                        8.106249999999868
                    ],
                    [
                        80.32291666666643,
                        8.110416666666573
                    ],
                    [
                        80.31458333333305,
                        8.118749999999885
                    ],
                    [
                        80.31458333333305,
                        8.122916666666548
                    ]
                ]
            }
        },
        {
            "type": "Feature",
            "properties": {
                "HYRIV_ID": 41401471,
                "NEXT_DOWN": 41401404,
                "MAIN_RIV": 41400542,
                "LENGTH_KM": 2.56,
                "DIST_DN_KM": 92.0,
                "DIST_UP_KM": 5.2,
                "CATCH_SKM": 9.3500004,
                "UPLAND_SKM": 9.4,
                "ENDORHEIC": 0,
                "DIS_AV_CMS": 0.161,
                "ORD_STRA": 1,
                "ORD_CLAS": 2,
                "ORD_FLOW": 7,
                "HYBAS_L12": 4121156650.0,
                "Shape_Length": 0.02306472460800195
            },
            "geometry": {
                "type": "LineString",
                "coordinates": [
                    [
                        80.458333333333,
                        8.04999999999989
                    ],
                    [
                        80.46458333333297,
                        8.056249999999885
                    ],
                    [
                        80.46458333333297,
                        8.060416666666548
                    ],
                    [
                        80.46874999999963,
                        8.064583333333196
                    ],
                    [
                        80.46874999999963,
                        8.06874999999986
                    ]
                ]
            }
        },
        {
            "type": "Feature",
            "properties": {
                "HYRIV_ID": 41401486,
                "NEXT_DOWN": 41401404,
                "MAIN_RIV": 41400542,
                "LENGTH_KM": 3.26,
                "DIST_DN_KM": 92.199997,
                "DIST_UP_KM": 57.200001,
                "CATCH_SKM": 11.69,
                "UPLAND_SKM": 958.29999,
                "ENDORHEIC": 0,
                "DIS_AV_CMS": 18.544001,
                "ORD_STRA": 4,
                "ORD_CLAS": 1,
                "ORD_FLOW": 5,
                "HYBAS_L12": 4121156650.0,
                "Shape_Length": 0.029462782549402638
            },
            "geometry": {
                "type": "LineString",
                "coordinates": [
                    [
                        80.48958333333294,
                        8.04791666666656
                    ],
                    [
                        80.46874999999963,
                        8.06874999999986
                    ]
                ]
            }
        },
        {
            "type": "Feature",
            "properties": {
                "HYRIV_ID": 41401487,
                "NEXT_DOWN": 41401486,
                "MAIN_RIV": 41400542,
                "LENGTH_KM": 9.1400003,
                "DIST_DN_KM": 95.400002,
                "DIST_UP_KM": 11.9,
                "CATCH_SKM": 39.740002,
                "UPLAND_SKM": 39.700001,
                "ENDORHEIC": 0,
                "DIS_AV_CMS": 0.681,
                "ORD_STRA": 1,
                "ORD_CLAS": 2,
                "ORD_FLOW": 7,
                "HYBAS_L12": 4121156650.0,
                "Shape_Length": 0.08270517668714132
            },
            "geometry": {
                "type": "LineString",
                "coordinates": [
                    [
                        80.5541666666663,
                        8.070833333333233
                    ],
                    [
                        80.54791666666634,
                        8.077083333333213
                    ],
                    [
                        80.54374999999968,
                        8.077083333333213
                    ],
                    [
                        80.53958333333301,
                        8.081249999999876
                    ],
                    [
                        80.53541666666635,
                        8.081249999999876
                    ],
                    [
                        80.52708333333302,
                        8.072916666666565
                    ],
                    [
                        80.51874999999964,
                        8.072916666666565
                    ],
                    [
                        80.49791666666627,
                        8.052083333333222
                    ],
                    [
                        80.49374999999966,
                        8.052083333333222
                    ],
                    [
                        80.48958333333294,
                        8.04791666666656
                    ]
                ]
            }
        },
        {
            "type": "Feature",
            "properties": {
                "HYRIV_ID": 41401503,
                "NEXT_DOWN": 41401452,
                "MAIN_RIV": 41400542,
                "LENGTH_KM": 2.83,
                "DIST_DN_KM": 83.599998,
                "DIST_UP_KM": 6.7,
                "CATCH_SKM": 11.48,
                "UPLAND_SKM": 11.5,
                "ENDORHEIC": 0,
                "DIS_AV_CMS": 0.195,
                "ORD_STRA": 1,
                "ORD_CLAS": 3,
                "ORD_FLOW": 7,
                "HYBAS_L12": 4121156580.0,
                "Shape_Length": 0.025505501431475314
            },
            "geometry": {
                "type": "LineString",
                "coordinates": [
                    [
                        80.39583333333294,
                        8.041666666666536
                    ],
                    [
                        80.38958333333298,
                        8.04791666666656
                    ],
                    [
                        80.38958333333298,
                        8.052083333333222
                    ],
                    [
                        80.38541666666632,
                        8.052083333333222
                    ],
                    [
                        80.38541666666632,
                        8.060416666666548
                    ]
                ]
            }
        },
        {
            "type": "Feature",
            "properties": {
                "HYRIV_ID": 41401552,
                "NEXT_DOWN": 41401403,
                "MAIN_RIV": 41400542,
                "LENGTH_KM": 4.87,
                "DIST_DN_KM": 73.199997,
                "DIST_UP_KM": 8.3,
                "CATCH_SKM": 18.92,
                "UPLAND_SKM": 18.9,
                "ENDORHEIC": 0,
                "DIS_AV_CMS": 0.313,
                "ORD_STRA": 1,
                "ORD_CLAS": 3,
                "ORD_FLOW": 7,
                "HYBAS_L12": 4121156610.0,
                "Shape_Length": 0.043898057941201635
            },
            "geometry": {
                "type": "LineString",
                "coordinates": [
                    [
                        80.3041666666663,
                        8.029166666666562
                    ],
                    [
                        80.2979166666664,
                        8.035416666666542
                    ],
                    [
                        80.2979166666664,
                        8.043749999999868
                    ],
                    [
                        80.30208333333294,
                        8.04791666666656
                    ],
                    [
                        80.30208333333294,
                        8.06874999999986
                    ]
                ]
            }
        },
        {
            "type": "Feature",
            "properties": {
                "HYRIV_ID": 41401578,
                "NEXT_DOWN": 41401452,
                "MAIN_RIV": 41400542,
                "LENGTH_KM": 8.0500002,
                "DIST_DN_KM": 83.599998,
                "DIST_UP_KM": 20.4,
                "CATCH_SKM": 17.43,
                "UPLAND_SKM": 63.8,
                "ENDORHEIC": 0,
                "DIS_AV_CMS": 1.11,
                "ORD_STRA": 2,
                "ORD_CLAS": 2,
                "ORD_FLOW": 6,
                "HYBAS_L12": 4121156580.0,
                "Shape_Length": 0.07285533905932629
            },
            "geometry": {
                "type": "LineString",
                "coordinates": [
                    [
                        80.43541666666627,
                        8.022916666666525
                    ],
                    [
                        80.43541666666627,
                        8.027083333333188
                    ],
                    [
                        80.41874999999968,
                        8.043749999999868
                    ],
                    [
                        80.41874999999968,
                        8.052083333333222
                    ],
                    [
                        80.41458333333301,
                        8.056249999999885
                    ],
                    [
                        80.41041666666635,
                        8.056249999999885
                    ],
                    [
                        80.40624999999969,
                        8.060416666666548
                    ],
                    [
                        80.38541666666632,
                        8.060416666666548
                    ]
                ]
            }
        },
        {
            "type": "Feature",
            "properties": {
                "HYRIV_ID": 41401579,
                "NEXT_DOWN": 41401619,
                "MAIN_RIV": 41400542,
                "LENGTH_KM": 0.69,
                "DIST_DN_KM": 107.3,
                "DIST_UP_KM": 4.1,
                "CATCH_SKM": 6.1599998,
                "UPLAND_SKM": 6.2,
                "ENDORHEIC": 0,
                "DIS_AV_CMS": 0.109,
                "ORD_STRA": 1,
                "ORD_CLAS": 3,
                "ORD_FLOW": 7,
                "HYBAS_L12": 4121156650.0,
                "Shape_Length": 0.006250000000036948
            },
            "geometry": {
                "type": "LineString",
                "coordinates": [
                    [
                        80.57708333333292,
                        8.029166666666562
                    ],
                    [
                        80.57708333333292,
                        8.022916666666525
                    ]
                ]
            }
        },
        {
            "type": "Feature",
            "properties": {
                "HYRIV_ID": 41401580,
                "NEXT_DOWN": 41401619,
                "MAIN_RIV": 41400542,
                "LENGTH_KM": 2.45,
                "DIST_DN_KM": 107.3,
                "DIST_UP_KM": 5.9,
                "CATCH_SKM": 14.45,
                "UPLAND_SKM": 14.5,
                "ENDORHEIC": 0,
                "DIS_AV_CMS": 0.259,
                "ORD_STRA": 1,
                "ORD_CLAS": 2,
                "ORD_FLOW": 7,
                "HYBAS_L12": 4121156650.0,
                "Shape_Length": 0.022201779686570975
            },
            "geometry": {
                "type": "LineString",
                "coordinates": [
                    [
                        80.59583333333299,
                        8.031249999999893
                    ],
                    [
                        80.58958333333297,
                        8.031249999999893
                    ],
                    [
                        80.58124999999976,
                        8.022916666666525
                    ],
                    [
                        80.57708333333292,
                        8.022916666666525
                    ]
                ]
            }
        },
        {
            "type": "Feature",
            "properties": {
                "HYRIV_ID": 41401598,
                "NEXT_DOWN": 41401486,
                "MAIN_RIV": 41400542,
                "LENGTH_KM": 5.1,
                "DIST_DN_KM": 95.400002,
                "DIST_UP_KM": 53.900002,
                "CATCH_SKM": 31.25,
                "UPLAND_SKM": 906.90002,
                "ENDORHEIC": 0,
                "DIS_AV_CMS": 17.742001,
                "ORD_STRA": 4,
                "ORD_CLAS": 1,
                "ORD_FLOW": 5,
                "HYBAS_L12": 4121156650.0,
                "Shape_Length": 0.04612944921614702
            },
            "geometry": {
                "type": "LineString",
                "coordinates": [
                    [
                        80.51874999999964,
                        8.018749999999876
                    ],
                    [
                        80.50624999999965,
                        8.031249999999893
                    ],
                    [
                        80.49791666666627,
                        8.031249999999893
                    ],
                    [
                        80.49791666666627,
                        8.035416666666542
                    ],
                    [
                        80.49374999999966,
                        8.039583333333205
                    ],
                    [
                        80.49374999999966,
                        8.043749999999868
                    ],
                    [
                        80.48958333333294,
                        8.04791666666656
                    ]
                ]
            }
        },
        {
            "type": "Feature",
            "properties": {
                "HYRIV_ID": 41401618,
                "NEXT_DOWN": 41401598,
                "MAIN_RIV": 41400542,
                "LENGTH_KM": 0.65,
                "DIST_DN_KM": 100.5,
                "DIST_UP_KM": 48.8,
                "CATCH_SKM": 0.42,
                "UPLAND_SKM": 851.40002,
                "ENDORHEIC": 0,
                "DIS_AV_CMS": 16.895,
                "ORD_STRA": 4,
                "ORD_CLAS": 1,
                "ORD_FLOW": 5,
                "HYBAS_L12": 4121156650.0,
                "Shape_Length": 0.0058925565098825365
            },
            "geometry": {
                "type": "LineString",
                "coordinates": [
                    [
                        80.5229166666663,
                        8.014583333333213
                    ],
                    [
                        80.51874999999964,
                        8.018749999999876
                    ]
                ]
            }
        },
        {
            "type": "Feature",
            "properties": {
                "HYRIV_ID": 41401619,
                "NEXT_DOWN": 41401618,
                "MAIN_RIV": 41400542,
                "LENGTH_KM": 6.35,
                "DIST_DN_KM": 101.0,
                "DIST_UP_KM": 12.3,
                "CATCH_SKM": 19.34,
                "UPLAND_SKM": 40.0,
                "ENDORHEIC": 0,
                "DIS_AV_CMS": 0.70599997,
                "ORD_STRA": 2,
                "ORD_CLAS": 2,
                "ORD_FLOW": 7,
                "HYBAS_L12": 4121156650.0,
                "Shape_Length": 0.05761844635307997
            },
            "geometry": {
                "type": "LineString",
                "coordinates": [
                    [
                        80.57708333333292,
                        8.022916666666525
                    ],
                    [
                        80.57291666666637,
                        8.018749999999876
                    ],
                    [
                        80.53124999999969,
                        8.018749999999876
                    ],
                    [
                        80.52708333333302,
                        8.014583333333213
                    ],
                    [
                        80.5229166666663,
                        8.014583333333213
                    ]
                ]
            }
        },
        {
            "type": "Feature",
            "properties": {
                "HYRIV_ID": 41401633,
                "NEXT_DOWN": 41401403,
                "MAIN_RIV": 41400542,
                "LENGTH_KM": 10.56,
                "DIST_DN_KM": 73.199997,
                "DIST_UP_KM": 39.200001,
                "CATCH_SKM": 44.419998,
                "UPLAND_SKM": 190.3,
                "ENDORHEIC": 0,
                "DIS_AV_CMS": 3.3340001,
                "ORD_STRA": 3,
                "ORD_CLAS": 2,
                "ORD_FLOW": 6,
                "HYBAS_L12": 4121156610.0,
                "Shape_Length": 0.09541456223585962
            },
            "geometry": {
                "type": "LineString",
                "coordinates": [
                    [
                        80.35624999999962,
                        8.01041666666655
                    ],
                    [
                        80.35208333333296,
                        8.014583333333213
                    ],
                    [
                        80.35208333333296,
                        8.039583333333205
                    ],
                    [
                        80.3479166666663,
                        8.043749999999868
                    ],
                    [
                        80.33958333333297,
                        8.043749999999868
                    ],
                    [
                        80.3354166666663,
                        8.04791666666656
                    ],
                    [
                        80.3354166666663,
                        8.052083333333222
                    ],
                    [
                        80.32708333333292,
                        8.060416666666548
                    ],
                    [
                        80.3187499999996,
                        8.060416666666548
                    ],
                    [
                        80.31041666666627,
                        8.06874999999986
                    ],
                    [
                        80.30208333333294,
                        8.06874999999986
                    ]
                ]
            }
        },
        {
            "type": "Feature",
            "properties": {
                "HYRIV_ID": 41401644,
                "NEXT_DOWN": 41401618,
                "MAIN_RIV": 41400542,
                "LENGTH_KM": 1.76,
                "DIST_DN_KM": 101.2,
                "DIST_UP_KM": 48.200001,
                "CATCH_SKM": 2.1300001,
                "UPLAND_SKM": 811.0,
                "ENDORHEIC": 0,
                "DIS_AV_CMS": 16.198999,
                "ORD_STRA": 4,
                "ORD_CLAS": 1,
                "ORD_FLOW": 5,
                "HYBAS_L12": 4121156650.0,
                "Shape_Length": 0.01595177968648824
            },
            "geometry": {
                "type": "LineString",
                "coordinates": [
                    [
                        80.53541666666635,
                        8.00624999999986
                    ],
                    [
                        80.53124999999969,
                        8.01041666666655
                    ],
                    [
                        80.52708333333302,
                        8.01041666666655
                    ],
                    [
                        80.5229166666663,
                        8.014583333333213
                    ]
                ]
            }
        },
        {
            "type": "Feature",
            "properties": {
                "HYRIV_ID": 41401645,
                "NEXT_DOWN": 41401672,
                "MAIN_RIV": 41400542,
                "LENGTH_KM": 5.5,
                "DIST_DN_KM": 112.8,
                "DIST_UP_KM": 8.5,
                "CATCH_SKM": 15.52,
                "UPLAND_SKM": 15.5,
                "ENDORHEIC": 0,
                "DIS_AV_CMS": 0.285,
                "ORD_STRA": 1,
                "ORD_CLAS": 2,
                "ORD_FLOW": 7,
                "HYBAS_L12": 4121156830.0,
                "Shape_Length": 0.0497906144512616
            },
            "geometry": {
                "type": "LineString",
                "coordinates": [
                    [
                        80.64999999999961,
                        8.016666666666545
                    ],
                    [
                        80.64374999999964,
                        8.022916666666525
                    ],
                    [
                        80.63124999999965,
                        8.022916666666525
                    ],
                    [
                        80.63124999999965,
                        8.014583333333213
                    ],
                    [
                        80.62708333333299,
                        8.01041666666655
                    ],
                    [
                        80.61874999999961,
                        8.01041666666655
                    ],
                    [
                        80.61458333333294,
                        8.00624999999986
                    ]
                ]
            }
        },
        {
            "type": "Feature",
            "properties": {
                "HYRIV_ID": 41401669,
                "NEXT_DOWN": 41401633,
                "MAIN_RIV": 41400542,
                "LENGTH_KM": 2.22,
                "DIST_DN_KM": 83.699997,
                "DIST_UP_KM": 28.700001,
                "CATCH_SKM": 4.46,
                "UPLAND_SKM": 120.8,
                "ENDORHEIC": 0,
                "DIS_AV_CMS": 2.2060001,
                "ORD_STRA": 2,
                "ORD_CLAS": 2,
                "ORD_FLOW": 6,
                "HYBAS_L12": 4121156610.0,
                "Shape_Length": 0.020118446353151118
            },
            "geometry": {
                "type": "LineString",
                "coordinates": [
                    [
                        80.37291666666633,
                        8.002083333333196
                    ],
                    [
                        80.36458333333294,
                        8.01041666666655
                    ],
                    [
                        80.35624999999962,
                        8.01041666666655
                    ]
                ]
            }
        },
        {
            "type": "Feature",
            "properties": {
                "HYRIV_ID": 41401670,
                "NEXT_DOWN": 41401669,
                "MAIN_RIV": 41400542,
                "LENGTH_KM": 1.99,
                "DIST_DN_KM": 86.099998,
                "DIST_UP_KM": 5.1,
                "CATCH_SKM": 8.5,
                "UPLAND_SKM": 8.5,
                "ENDORHEIC": 0,
                "DIS_AV_CMS": 0.147,
                "ORD_STRA": 1,
                "ORD_CLAS": 3,
                "ORD_FLOW": 7,
                "HYBAS_L12": 4121156610.0,
                "Shape_Length": 0.018035113019751064
            },
            "geometry": {
                "type": "LineString",
                "coordinates": [
                    [
                        80.38749999999962,
                        8.01041666666655
                    ],
                    [
                        80.38124999999965,
                        8.01041666666655
                    ],
                    [
                        80.37291666666633,
                        8.002083333333196
                    ]
                ]
            }
        },
        {
            "type": "Feature",
            "properties": {
                "HYRIV_ID": 41401671,
                "NEXT_DOWN": 41401644,
                "MAIN_RIV": 41400542,
                "LENGTH_KM": 4.3200002,
                "DIST_DN_KM": 102.7,
                "DIST_UP_KM": 46.599998,
                "CATCH_SKM": 11.69,
                "UPLAND_SKM": 559.40002,
                "ENDORHEIC": 0,
                "DIS_AV_CMS": 11.21,
                "ORD_STRA": 4,
                "ORD_CLAS": 1,
                "ORD_FLOW": 5,
                "HYBAS_L12": 4121156830.0,
                "Shape_Length": 0.0392258898432091
            },
            "geometry": {
                "type": "LineString",
                "coordinates": [
                    [
                        80.57291666666637,
                        8.002083333333196
                    ],
                    [
                        80.5687499999996,
                        8.00624999999986
                    ],
                    [
                        80.53541666666635,
                        8.00624999999986
                    ]
                ]
            }
        },
        {
            "type": "Feature",
            "properties": {
                "HYRIV_ID": 41401672,
                "NEXT_DOWN": 41401671,
                "MAIN_RIV": 41400542,
                "LENGTH_KM": 5.5500002,
                "DIST_DN_KM": 107.1,
                "DIST_UP_KM": 14.3,
                "CATCH_SKM": 13.39,
                "UPLAND_SKM": 49.3,
                "ENDORHEIC": 0,
                "DIS_AV_CMS": 0.90499997,
                "ORD_STRA": 2,
                "ORD_CLAS": 2,
                "ORD_FLOW": 7,
                "HYBAS_L12": 4121156830.0,
                "Shape_Length": 0.05029611588269377
            },
            "geometry": {
                "type": "LineString",
                "coordinates": [
                    [
                        80.61458333333294,
                        8.00624999999986
                    ],
                    [
                        80.61041666666628,
                        8.00624999999986
                    ],
                    [
                        80.60624999999962,
                        8.01041666666655
                    ],
                    [
                        80.5979166666663,
                        8.01041666666655
                    ],
                    [
                        80.58958333333297,
                        8.002083333333196
                    ],
                    [
                        80.5854166666663,
                        8.002083333333196
                    ],
                    [
                        80.58124999999976,
                        8.00624999999986
                    ],
                    [
                        80.57708333333292,
                        8.002083333333196
                    ],
                    [
                        80.57291666666637,
                        8.002083333333196
                    ]
                ]
            }
        },
        {
            "type": "Feature",
            "properties": {
                "HYRIV_ID": 41401707,
                "NEXT_DOWN": 41401578,
                "MAIN_RIV": 41400542,
                "LENGTH_KM": 3.85,
                "DIST_DN_KM": 91.699997,
                "DIST_UP_KM": 7.9,
                "CATCH_SKM": 18.92,
                "UPLAND_SKM": 18.9,
                "ENDORHEIC": 0,
                "DIS_AV_CMS": 0.336,
                "ORD_STRA": 1,
                "ORD_CLAS": 3,
                "ORD_FLOW": 7,
                "HYBAS_L12": 4121156580.0,
                "Shape_Length": 0.0347017796864109
            },
            "geometry": {
                "type": "LineString",
                "coordinates": [
                    [
                        80.4437499999996,
                        7.991666666666553
                    ],
                    [
                        80.4437499999996,
                        7.997916666666534
                    ],
                    [
                        80.43958333333305,
                        8.002083333333196
                    ],
                    [
                        80.43958333333305,
                        8.014583333333213
                    ],
                    [
                        80.43541666666627,
                        8.018749999999876
                    ],
                    [
                        80.43541666666627,
                        8.022916666666525
                    ]
                ]
            }
        },
        {
            "type": "Feature",
            "properties": {
                "HYRIV_ID": 41401708,
                "NEXT_DOWN": 41401672,
                "MAIN_RIV": 41400542,
                "LENGTH_KM": 4.29,
                "DIST_DN_KM": 112.6,
                "DIST_UP_KM": 8.5,
                "CATCH_SKM": 20.41,
                "UPLAND_SKM": 20.4,
                "ENDORHEIC": 0,
                "DIS_AV_CMS": 0.383,
                "ORD_STRA": 1,
                "ORD_CLAS": 3,
                "ORD_FLOW": 7,
                "HYBAS_L12": 4121156830.0,
                "Shape_Length": 0.038868446353077936
            },
            "geometry": {
                "type": "LineString",
                "coordinates": [
                    [
                        80.64166666666628,
                        7.997916666666534
                    ],
                    [
                        80.63124999999965,
                        7.997916666666534
                    ],
                    [
                        80.63124999999965,
                        7.993749999999885
                    ],
                    [
                        80.62291666666627,
                        7.993749999999885
                    ],
                    [
                        80.61458333333294,
                        8.002083333333196
                    ],
                    [
                        80.61458333333294,
                        8.00624999999986
                    ]
                ]
            }
        },
        {
            "type": "Feature",
            "properties": {
                "HYRIV_ID": 41401729,
                "NEXT_DOWN": 41401598,
                "MAIN_RIV": 41400542,
                "LENGTH_KM": 3.62,
                "DIST_DN_KM": 100.3,
                "DIST_UP_KM": 10.2,
                "CATCH_SKM": 6.3800001,
                "UPLAND_SKM": 24.200001,
                "ENDORHEIC": 0,
                "DIS_AV_CMS": 0.443,
                "ORD_STRA": 2,
                "ORD_CLAS": 2,
                "ORD_FLOW": 7,
                "HYBAS_L12": 4121156650.0,
                "Shape_Length": 0.0326184463531363
            },
            "geometry": {
                "type": "LineString",
                "coordinates": [
                    [
                        80.51874999999964,
                        7.989583333333179
                    ],
                    [
                        80.51874999999964,
                        8.002083333333196
                    ],
                    [
                        80.51458333333298,
                        8.00624999999986
                    ],
                    [
                        80.51458333333298,
                        8.01041666666655
                    ],
                    [
                        80.51874999999964,
                        8.014583333333213
                    ],
                    [
                        80.51874999999964,
                        8.018749999999876
                    ]
                ]
            }
        },
        {
            "type": "Feature",
            "properties": {
                "HYRIV_ID": 41401746,
                "NEXT_DOWN": 41401747,
                "MAIN_RIV": 41400542,
                "LENGTH_KM": 0.69,
                "DIST_DN_KM": 86.900002,
                "DIST_UP_KM": 3.8,
                "CATCH_SKM": 6.1700001,
                "UPLAND_SKM": 6.2,
                "ENDORHEIC": 0,
                "DIS_AV_CMS": 0.109,
                "ORD_STRA": 1,
                "ORD_CLAS": 4,
                "ORD_FLOW": 7,
                "HYBAS_L12": 4121156610.0,
                "Shape_Length": 0.0062499999999090505
            },
            "geometry": {
                "type": "LineString",
                "coordinates": [
                    [
                        80.34999999999971,
                        7.985416666666559
                    ],
                    [
                        80.35624999999962,
                        7.985416666666559
                    ]
                ]
            }
        },
        {
            "type": "Feature",
            "properties": {
                "HYRIV_ID": 41401747,
                "NEXT_DOWN": 41401633,
                "MAIN_RIV": 41400542,
                "LENGTH_KM": 3.1600001,
                "DIST_DN_KM": 83.900002,
                "DIST_UP_KM": 8.3,
                "CATCH_SKM": 9.7799997,
                "UPLAND_SKM": 25.1,
                "ENDORHEIC": 0,
                "DIS_AV_CMS": 0.44,
                "ORD_STRA": 2,
                "ORD_CLAS": 3,
                "ORD_FLOW": 7,
                "HYBAS_L12": 4121156610.0,
                "Shape_Length": 0.02845177968642663
            },
            "geometry": {
                "type": "LineString",
                "coordinates": [
                    [
                        80.35624999999962,
                        7.985416666666559
                    ],
                    [
                        80.35624999999962,
                        7.993749999999885
                    ],
                    [
                        80.35208333333296,
                        7.997916666666534
                    ],
                    [
                        80.35208333333296,
                        8.00624999999986
                    ],
                    [
                        80.35624999999962,
                        8.01041666666655
                    ]
                ]
            }
        },
        {
            "type": "Feature",
            "properties": {
                "HYRIV_ID": 41401748,
                "NEXT_DOWN": 41401578,
                "MAIN_RIV": 41400542,
                "LENGTH_KM": 7.64,
                "DIST_DN_KM": 91.699997,
                "DIST_UP_KM": 12.3,
                "CATCH_SKM": 27.42,
                "UPLAND_SKM": 27.4,
                "ENDORHEIC": 0,
                "DIS_AV_CMS": 0.49,
                "ORD_STRA": 1,
                "ORD_CLAS": 2,
                "ORD_FLOW": 7,
                "HYBAS_L12": 4121156580.0,
                "Shape_Length": 0.0690461158826961
            },
            "geometry": {
                "type": "LineString",
                "coordinates": [
                    [
                        80.47708333333296,
                        7.983333333333228
                    ],
                    [
                        80.47708333333296,
                        8.002083333333196
                    ],
                    [
                        80.46874999999963,
                        8.01041666666655
                    ],
                    [
                        80.4604166666663,
                        8.01041666666655
                    ],
                    [
                        80.45208333333292,
                        8.018749999999876
                    ],
                    [
                        80.44791666666643,
                        8.018749999999876
                    ],
                    [
                        80.4437499999996,
                        8.022916666666525
                    ],
                    [
                        80.43541666666627,
                        8.022916666666525
                    ]
                ]
            }
        },
        {
            "type": "Feature",
            "properties": {
                "HYRIV_ID": 41401749,
                "NEXT_DOWN": 41401729,
                "MAIN_RIV": 41400542,
                "LENGTH_KM": 0.98,
                "DIST_DN_KM": 104.1,
                "DIST_UP_KM": 4.5,
                "CATCH_SKM": 7.0100002,
                "UPLAND_SKM": 7.0,
                "ENDORHEIC": 0,
                "DIS_AV_CMS": 0.129,
                "ORD_STRA": 1,
                "ORD_CLAS": 3,
                "ORD_FLOW": 7,
                "HYBAS_L12": 4121156650.0,
                "Shape_Length": 0.008838834764813756
            },
            "geometry": {
                "type": "LineString",
                "coordinates": [
                    [
                        80.51249999999962,
                        7.983333333333228
                    ],
                    [
                        80.51874999999964,
                        7.989583333333179
                    ]
                ]
            }
        },
        {
            "type": "Feature",
            "properties": {
                "HYRIV_ID": 41401767,
                "NEXT_DOWN": 41401644,
                "MAIN_RIV": 41400542,
                "LENGTH_KM": 3.1600001,
                "DIST_DN_KM": 102.7,
                "DIST_UP_KM": 38.900002,
                "CATCH_SKM": 5.7399998,
                "UPLAND_SKM": 249.39999,
                "ENDORHEIC": 0,
                "DIS_AV_CMS": 4.9990001,
                "ORD_STRA": 2,
                "ORD_CLAS": 2,
                "ORD_FLOW": 6,
                "HYBAS_L12": 4121156850.0,
                "Shape_Length": 0.028451779686434954
            },
            "geometry": {
                "type": "LineString",
                "coordinates": [
                    [
                        80.54374999999968,
                        7.981249999999868
                    ],
                    [
                        80.54374999999968,
                        7.993749999999885
                    ],
                    [
                        80.53541666666635,
                        8.002083333333196
                    ],
                    [
                        80.53541666666635,
                        8.00624999999986
                    ]
                ]
            }
        },
        {
            "type": "Feature",
            "properties": {
                "HYRIV_ID": 41401794,
                "NEXT_DOWN": 41401747,
                "MAIN_RIV": 41400542,
                "LENGTH_KM": 1.91,
                "DIST_DN_KM": 86.900002,
                "DIST_UP_KM": 5.4,
                "CATCH_SKM": 9.1400003,
                "UPLAND_SKM": 9.1,
                "ENDORHEIC": 0,
                "DIS_AV_CMS": 0.163,
                "ORD_STRA": 1,
                "ORD_CLAS": 3,
                "ORD_FLOW": 7,
                "HYBAS_L12": 4121156610.0,
                "Shape_Length": 0.017172168098238273
            },
            "geometry": {
                "type": "LineString",
                "coordinates": [
                    [
                        80.3624999999997,
                        7.970833333333211
                    ],
                    [
                        80.35624999999962,
                        7.977083333333205
                    ],
                    [
                        80.35624999999962,
                        7.985416666666559
                    ]
                ]
            }
        },
        {
            "type": "Feature",
            "properties": {
                "HYRIV_ID": 41401795,
                "NEXT_DOWN": 41401669,
                "MAIN_RIV": 41400542,
                "LENGTH_KM": 4.83,
                "DIST_DN_KM": 85.900002,
                "DIST_UP_KM": 26.4,
                "CATCH_SKM": 20.200001,
                "UPLAND_SKM": 107.8,
                "ENDORHEIC": 0,
                "DIS_AV_CMS": 1.989,
                "ORD_STRA": 2,
                "ORD_CLAS": 2,
                "ORD_FLOW": 6,
                "HYBAS_L12": 4121156610.0,
                "Shape_Length": 0.04368867239267122
            },
            "geometry": {
                "type": "LineString",
                "coordinates": [
                    [
                        80.40208333333302,
                        7.972916666666542
                    ],
                    [
                        80.38541666666632,
                        7.989583333333179
                    ],
                    [
                        80.38124999999965,
                        7.989583333333179
                    ],
                    [
                        80.37291666666633,
                        7.997916666666534
                    ],
                    [
                        80.37291666666633,
                        8.002083333333196
                    ]
                ]
            }
        },
        {
            "type": "Feature",
            "properties": {
                "HYRIV_ID": 41401796,
                "NEXT_DOWN": 41401729,
                "MAIN_RIV": 41400542,
                "LENGTH_KM": 2.75,
                "DIST_DN_KM": 104.1,
                "DIST_UP_KM": 6.4,
                "CATCH_SKM": 10.84,
                "UPLAND_SKM": 10.8,
                "ENDORHEIC": 0,
                "DIS_AV_CMS": 0.20100001,
                "ORD_STRA": 1,
                "ORD_CLAS": 2,
                "ORD_FLOW": 7,
                "HYBAS_L12": 4121156650.0,
                "Shape_Length": 0.024790614451342195
            },
            "geometry": {
                "type": "LineString",
                "coordinates": [
                    [
                        80.52083333333294,
                        7.970833333333211
                    ],
                    [
                        80.52708333333302,
                        7.977083333333205
                    ],
                    [
                        80.52708333333302,
                        7.981249999999868
                    ],
                    [
                        80.51874999999964,
                        7.989583333333179
                    ]
                ]
            }
        },
        {
            "type": "Feature",
            "properties": {
                "HYRIV_ID": 41401818,
                "NEXT_DOWN": 41401795,
                "MAIN_RIV": 41400542,
                "LENGTH_KM": 1.35,
                "DIST_DN_KM": 91.0,
                "DIST_UP_KM": 4.4,
                "CATCH_SKM": 7.6500001,
                "UPLAND_SKM": 7.7,
                "ENDORHEIC": 0,
                "DIS_AV_CMS": 0.139,
                "ORD_STRA": 1,
                "ORD_CLAS": 3,
                "ORD_FLOW": 7,
                "HYBAS_L12": 4121156610.0,
                "Shape_Length": 0.012142556509909436
            },
            "geometry": {
                "type": "LineString",
                "coordinates": [
                    [
                        80.39791666666636,
                        7.962499999999856
                    ],
                    [
                        80.39791666666636,
                        7.968749999999893
                    ],
                    [
                        80.40208333333302,
                        7.972916666666542
                    ]
                ]
            }
        },
        {
            "type": "Feature",
            "properties": {
                "HYRIV_ID": 41401858,
                "NEXT_DOWN": 41401671,
                "MAIN_RIV": 41400542,
                "LENGTH_KM": 7.0700002,
                "DIST_DN_KM": 107.3,
                "DIST_UP_KM": 42.099998,
                "CATCH_SKM": 25.93,
                "UPLAND_SKM": 498.39999,
                "ENDORHEIC": 0,
                "DIS_AV_CMS": 10.192,
                "ORD_STRA": 4,
                "ORD_CLAS": 1,
                "ORD_FLOW": 5,
                "HYBAS_L12": 4121156830.0,
                "Shape_Length": 0.06380711874569586
            },
            "geometry": {
                "type": "LineString",
                "coordinates": [
                    [
                        80.60624999999962,
                        7.952083333333213
                    ],
                    [
                        80.58958333333297,
                        7.968749999999893
                    ],
                    [
                        80.58958333333297,
                        7.972916666666542
                    ],
                    [
                        80.58124999999976,
                        7.981249999999868
                    ],
                    [
                        80.58124999999976,
                        7.993749999999885
                    ],
                    [
                        80.57291666666637,
                        8.002083333333196
                    ]
                ]
            }
        },
        {
            "type": "Feature",
            "properties": {
                "HYRIV_ID": 41401859,
                "NEXT_DOWN": 41401858,
                "MAIN_RIV": 41400542,
                "LENGTH_KM": 0.98,
                "DIST_DN_KM": 114.3,
                "DIST_UP_KM": 4.7,
                "CATCH_SKM": 7.0100002,
                "UPLAND_SKM": 7.0,
                "ENDORHEIC": 0,
                "DIS_AV_CMS": 0.133,
                "ORD_STRA": 1,
                "ORD_CLAS": 2,
                "ORD_FLOW": 7,
                "HYBAS_L12": 4121156830.0,
                "Shape_Length": 0.008838834764874048
            },
            "geometry": {
                "type": "LineString",
                "coordinates": [
                    [
                        80.6124999999997,
                        7.958333333333194
                    ],
                    [
                        80.60624999999962,
                        7.952083333333213
                    ]
                ]
            }
        },
        {
            "type": "Feature",
            "properties": {
                "HYRIV_ID": 41401881,
                "NEXT_DOWN": 41401795,
                "MAIN_RIV": 41400542,
                "LENGTH_KM": 4.64,
                "DIST_DN_KM": 91.0,
                "DIST_UP_KM": 21.4,
                "CATCH_SKM": 19.77,
                "UPLAND_SKM": 79.900002,
                "ENDORHEIC": 0,
                "DIS_AV_CMS": 1.497,
                "ORD_STRA": 2,
                "ORD_CLAS": 2,
                "ORD_FLOW": 6,
                "HYBAS_L12": 4121156610.0,
                "Shape_Length": 0.04196278254933371
            },
            "geometry": {
                "type": "LineString",
                "coordinates": [
                    [
                        80.43124999999961,
                        7.947916666666551
                    ],
                    [
                        80.4229166666664,
                        7.947916666666551
                    ],
                    [
                        80.41458333333301,
                        7.956249999999876
                    ],
                    [
                        80.41458333333301,
                        7.960416666666525
                    ],
                    [
                        80.40208333333302,
                        7.972916666666542
                    ]
                ]
            }
        },
        {
            "type": "Feature",
            "properties": {
                "HYRIV_ID": 41401882,
                "NEXT_DOWN": 41401767,
                "MAIN_RIV": 41400542,
                "LENGTH_KM": 3.9,
                "DIST_DN_KM": 105.9,
                "DIST_UP_KM": 35.8,
                "CATCH_SKM": 8.9300003,
                "UPLAND_SKM": 207.8,
                "ENDORHEIC": 0,
                "DIS_AV_CMS": 4.2059999,
                "ORD_STRA": 2,
                "ORD_CLAS": 2,
                "ORD_FLOW": 6,
                "HYBAS_L12": 4121156850.0,
                "Shape_Length": 0.03505922317653688
            },
            "geometry": {
                "type": "LineString",
                "coordinates": [
                    [
                        80.53958333333301,
                        7.947916666666551
                    ],
                    [
                        80.53958333333301,
                        7.952083333333213
                    ],
                    [
                        80.54374999999968,
                        7.956249999999876
                    ],
                    [
                        80.54374999999968,
                        7.981249999999868
                    ]
                ]
            }
        },
        {
            "type": "Feature",
            "properties": {
                "HYRIV_ID": 41401883,
                "NEXT_DOWN": 41401858,
                "MAIN_RIV": 41400542,
                "LENGTH_KM": 0.65,
                "DIST_DN_KM": 114.3,
                "DIST_UP_KM": 35.0,
                "CATCH_SKM": 0.42,
                "UPLAND_SKM": 465.5,
                "ENDORHEIC": 0,
                "DIS_AV_CMS": 9.5780001,
                "ORD_STRA": 4,
                "ORD_CLAS": 1,
                "ORD_FLOW": 6,
                "HYBAS_L12": 4121156830.0,
                "Shape_Length": 0.0058925565098825365
            },
            "geometry": {
                "type": "LineString",
                "coordinates": [
                    [
                        80.61041666666628,
                        7.947916666666551
                    ],
                    [
                        80.60624999999962,
                        7.952083333333213
                    ]
                ]
            }
        },
        {
            "type": "Feature",
            "properties": {
                "HYRIV_ID": 41401884,
                "NEXT_DOWN": 41401883,
                "MAIN_RIV": 41400542,
                "LENGTH_KM": 0.98,
                "DIST_DN_KM": 115.0,
                "DIST_UP_KM": 5.2,
                "CATCH_SKM": 8.29,
                "UPLAND_SKM": 8.3,
                "ENDORHEIC": 0,
                "DIS_AV_CMS": 0.159,
                "ORD_STRA": 1,
                "ORD_CLAS": 2,
                "ORD_FLOW": 7,
                "HYBAS_L12": 4121156830.0,
                "Shape_Length": 0.008838834764884097
            },
            "geometry": {
                "type": "LineString",
                "coordinates": [
                    [
                        80.61666666666636,
                        7.954166666666545
                    ],
                    [
                        80.61041666666628,
                        7.947916666666551
                    ]
                ]
            }
        },
        {
            "type": "Feature",
            "properties": {
                "HYRIV_ID": 41401923,
                "NEXT_DOWN": 41401881,
                "MAIN_RIV": 41400542,
                "LENGTH_KM": 1.4400001,
                "DIST_DN_KM": 95.400002,
                "DIST_UP_KM": 5.1,
                "CATCH_SKM": 6.1700001,
                "UPLAND_SKM": 6.2,
                "ENDORHEIC": 0,
                "DIS_AV_CMS": 0.115,
                "ORD_STRA": 1,
                "ORD_CLAS": 3,
                "ORD_FLOW": 7,
                "HYBAS_L12": 4121156610.0,
                "Shape_Length": 0.013005501431526876
            },
            "geometry": {
                "type": "LineString",
                "coordinates": [
                    [
                        80.43749999999963,
                        7.937499999999865
                    ],
                    [
                        80.43124999999961,
                        7.943749999999888
                    ],
                    [
                        80.43124999999961,
                        7.947916666666551
                    ]
                ]
            }
        },
        {
            "type": "Feature",
            "properties": {
                "HYRIV_ID": 41401924,
                "NEXT_DOWN": 41401882,
                "MAIN_RIV": 41400542,
                "LENGTH_KM": 1.81,
                "DIST_DN_KM": 109.8,
                "DIST_UP_KM": 5.6,
                "CATCH_SKM": 13.18,
                "UPLAND_SKM": 13.2,
                "ENDORHEIC": 0,
                "DIS_AV_CMS": 0.25,
                "ORD_STRA": 1,
                "ORD_CLAS": 3,
                "ORD_FLOW": 7,
                "HYBAS_L12": 4121156850.0,
                "Shape_Length": 0.01630922317656815
            },
            "geometry": {
                "type": "LineString",
                "coordinates": [
                    [
                        80.53124999999969,
                        7.937499999999865
                    ],
                    [
                        80.53124999999969,
                        7.943749999999888
                    ],
                    [
                        80.53541666666635,
                        7.947916666666551
                    ],
                    [
                        80.53958333333301,
                        7.947916666666551
                    ]
                ]
            }
        },
        {
            "type": "Feature",
            "properties": {
                "HYRIV_ID": 41401952,
                "NEXT_DOWN": 41401883,
                "MAIN_RIV": 41400542,
                "LENGTH_KM": 2.23,
                "DIST_DN_KM": 114.8,
                "DIST_UP_KM": 34.599998,
                "CATCH_SKM": 7.02,
                "UPLAND_SKM": 456.79999,
                "ENDORHEIC": 0,
                "DIS_AV_CMS": 9.4110003,
                "ORD_STRA": 4,
                "ORD_CLAS": 1,
                "ORD_FLOW": 6,
                "HYBAS_L12": 4121156830.0,
                "Shape_Length": 0.02011844635312341
            },
            "geometry": {
                "type": "LineString",
                "coordinates": [
                    [
                        80.61874999999961,
                        7.931249999999871
                    ],
                    [
                        80.61458333333294,
                        7.935416666666534
                    ],
                    [
                        80.61458333333294,
                        7.939583333333239
                    ],
                    [
                        80.61041666666628,
                        7.943749999999888
                    ],
                    [
                        80.61041666666628,
                        7.947916666666551
                    ]
                ]
            }
        },
        {
            "type": "Feature",
            "properties": {
                "HYRIV_ID": 41401953,
                "NEXT_DOWN": 41401952,
                "MAIN_RIV": 41400542,
                "LENGTH_KM": 1.15,
                "DIST_DN_KM": 117.0,
                "DIST_UP_KM": 4.0,
                "CATCH_SKM": 10.63,
                "UPLAND_SKM": 10.6,
                "ENDORHEIC": 0,
                "DIS_AV_CMS": 0.207,
                "ORD_STRA": 1,
                "ORD_CLAS": 2,
                "ORD_FLOW": 7,
                "HYBAS_L12": 4121156830.0,
                "Shape_Length": 0.010416666666742458
            },
            "geometry": {
                "type": "LineString",
                "coordinates": [
                    [
                        80.62916666666635,
                        7.931249999999871
                    ],
                    [
                        80.61874999999961,
                        7.931249999999871
                    ]
                ]
            }
        },
        {
            "type": "Feature",
            "properties": {
                "HYRIV_ID": 41401954,
                "NEXT_DOWN": 41402103,
                "MAIN_RIV": 41400542,
                "LENGTH_KM": 1.62,
                "DIST_DN_KM": 135.89999,
                "DIST_UP_KM": 4.7,
                "CATCH_SKM": 7.02,
                "UPLAND_SKM": 7.0,
                "ENDORHEIC": 0,
                "DIS_AV_CMS": 0.137,
                "ORD_STRA": 1,
                "ORD_CLAS": 4,
                "ORD_FLOW": 7,
                "HYBAS_L12": 4121157030.0,
                "Shape_Length": 0.014583333333348492
            },
            "geometry": {
                "type": "LineString",
                "coordinates": [
                    [
                        80.71458333333308,
                        7.945833333333219
                    ],
                    [
                        80.71458333333308,
                        7.931249999999871
                    ]
                ]
            }
        },
        {
            "type": "Feature",
            "properties": {
                "HYRIV_ID": 41401969,
                "NEXT_DOWN": 41401882,
                "MAIN_RIV": 41400542,
                "LENGTH_KM": 2.6900001,
                "DIST_DN_KM": 110.0,
                "DIST_UP_KM": 31.700001,
                "CATCH_SKM": 5.7399998,
                "UPLAND_SKM": 185.7,
                "ENDORHEIC": 0,
                "DIS_AV_CMS": 3.7909999,
                "ORD_STRA": 2,
                "ORD_CLAS": 2,
                "ORD_FLOW": 6,
                "HYBAS_L12": 4121156850.0,
                "Shape_Length": 0.024285113019755427
            },
            "geometry": {
                "type": "LineString",
                "coordinates": [
                    [
                        80.54791666666634,
                        7.927083333333222
                    ],
                    [
                        80.54791666666634,
                        7.935416666666534
                    ],
                    [
                        80.54374999999968,
                        7.939583333333239
                    ],
                    [
                        80.54374999999968,
                        7.943749999999888
                    ],
                    [
                        80.53958333333301,
                        7.947916666666551
                    ]
                ]
            }
        },
        {
            "type": "Feature",
            "properties": {
                "HYRIV_ID": 41401970,
                "NEXT_DOWN": 41402103,
                "MAIN_RIV": 41400542,
                "LENGTH_KM": 1.11,
                "DIST_DN_KM": 136.10001,
                "DIST_UP_KM": 10.0,
                "CATCH_SKM": 1.7,
                "UPLAND_SKM": 36.400002,
                "ENDORHEIC": 0,
                "DIS_AV_CMS": 0.73,
                "ORD_STRA": 2,
                "ORD_CLAS": 3,
                "ORD_FLOW": 7,
                "HYBAS_L12": 4121157030.0,
                "Shape_Length": 0.010059223176454976
            },
            "geometry": {
                "type": "LineString",
                "coordinates": [
                    [
                        80.7229166666663,
                        7.927083333333222
                    ],
                    [
                        80.71874999999963,
                        7.927083333333222
                    ],
                    [
                        80.71458333333308,
                        7.931249999999871
                    ]
                ]
            }
        },
        {
            "type": "Feature",
            "properties": {
                "HYRIV_ID": 41401971,
                "NEXT_DOWN": 41401970,
                "MAIN_RIV": 41400542,
                "LENGTH_KM": 1.34,
                "DIST_DN_KM": 137.2,
                "DIST_UP_KM": 4.7,
                "CATCH_SKM": 13.61,
                "UPLAND_SKM": 13.6,
                "ENDORHEIC": 0,
                "DIS_AV_CMS": 0.27,
                "ORD_STRA": 1,
                "ORD_CLAS": 4,
                "ORD_FLOW": 7,
                "HYBAS_L12": 4121157030.0,
                "Shape_Length": 0.012142556509895226
            },
            "geometry": {
                "type": "LineString",
                "coordinates": [
                    [
                        80.73333333333298,
                        7.931249999999871
                    ],
                    [
                        80.72708333333296,
                        7.931249999999871
                    ],
                    [
                        80.7229166666663,
                        7.927083333333222
                    ]
                ]
            }
        },
        {
            "type": "Feature",
            "properties": {
                "HYRIV_ID": 41402023,
                "NEXT_DOWN": 41401952,
                "MAIN_RIV": 41400542,
                "LENGTH_KM": 2.04,
                "DIST_DN_KM": 117.0,
                "DIST_UP_KM": 32.3,
                "CATCH_SKM": 4.46,
                "UPLAND_SKM": 439.10001,
                "ENDORHEIC": 0,
                "DIS_AV_CMS": 9.0699997,
                "ORD_STRA": 4,
                "ORD_CLAS": 1,
                "ORD_FLOW": 6,
                "HYBAS_L12": 4121156830.0,
                "Shape_Length": 0.01839255650988954
            },
            "geometry": {
                "type": "LineString",
                "coordinates": [
                    [
                        80.62291666666627,
                        7.914583333333205
                    ],
                    [
                        80.61874999999961,
                        7.918749999999854
                    ],
                    [
                        80.61874999999961,
                        7.931249999999871
                    ]
                ]
            }
        },
        {
            "type": "Feature",
            "properties": {
                "HYRIV_ID": 41402058,
                "NEXT_DOWN": 41401969,
                "MAIN_RIV": 41400542,
                "LENGTH_KM": 3.35,
                "DIST_DN_KM": 112.7,
                "DIST_UP_KM": 29.0,
                "CATCH_SKM": 11.69,
                "UPLAND_SKM": 164.0,
                "ENDORHEIC": 0,
                "DIS_AV_CMS": 3.3710001,
                "ORD_STRA": 2,
                "ORD_CLAS": 2,
                "ORD_FLOW": 6,
                "HYBAS_L12": 4121156850.0,
                "Shape_Length": 0.030177669529637963
            },
            "geometry": {
                "type": "LineString",
                "coordinates": [
                    [
                        80.53541666666635,
                        7.902083333333231
                    ],
                    [
                        80.53541666666635,
                        7.910416666666542
                    ],
                    [
                        80.53958333333301,
                        7.914583333333205
                    ],
                    [
                        80.53958333333301,
                        7.918749999999854
                    ],
                    [
                        80.54791666666634,
                        7.927083333333222
                    ]
                ]
            }
        },
        {
            "type": "Feature",
            "properties": {
                "HYRIV_ID": 41402059,
                "NEXT_DOWN": 41401969,
                "MAIN_RIV": 41400542,
                "LENGTH_KM": 4.04,
                "DIST_DN_KM": 112.5,
                "DIST_UP_KM": 7.4,
                "CATCH_SKM": 15.95,
                "UPLAND_SKM": 15.9,
                "ENDORHEIC": 0,
                "DIS_AV_CMS": 0.31200001,
                "ORD_STRA": 1,
                "ORD_CLAS": 3,
                "ORD_FLOW": 7,
                "HYBAS_L12": 4121156850.0,
                "Shape_Length": 0.03642766952965583
            },
            "geometry": {
                "type": "LineString",
                "coordinates": [
                    [
                        80.56458333333305,
                        7.899999999999899
                    ],
                    [
                        80.56458333333305,
                        7.906249999999879
                    ],
                    [
                        80.56041666666627,
                        7.910416666666542
                    ],
                    [
                        80.55624999999972,
                        7.910416666666542
                    ],
                    [
                        80.55624999999972,
                        7.914583333333205
                    ],
                    [
                        80.54791666666634,
                        7.922916666666517
                    ],
                    [
                        80.54791666666634,
                        7.927083333333222
                    ]
                ]
            }
        },
        {
            "type": "Feature",
            "properties": {
                "HYRIV_ID": 41402087,
                "NEXT_DOWN": 41402023,
                "MAIN_RIV": 41400542,
                "LENGTH_KM": 2.8800001,
                "DIST_DN_KM": 119.3,
                "DIST_UP_KM": 29.1,
                "CATCH_SKM": 4.89,
                "UPLAND_SKM": 232.8,
                "ENDORHEIC": 0,
                "DIS_AV_CMS": 4.7220001,
                "ORD_STRA": 3,
                "ORD_CLAS": 2,
                "ORD_FLOW": 6,
                "HYBAS_L12": 4121157030.0,
                "Shape_Length": 0.02601100286304614
            },
            "geometry": {
                "type": "LineString",
                "coordinates": [
                    [
                        80.63541666666632,
                        7.893749999999862
                    ],
                    [
                        80.63124999999965,
                        7.897916666666525
                    ],
                    [
                        80.63124999999965,
                        7.902083333333231
                    ],
                    [
                        80.62708333333299,
                        7.906249999999879
                    ],
                    [
                        80.62708333333299,
                        7.910416666666542
                    ],
                    [
                        80.62291666666627,
                        7.914583333333205
                    ]
                ]
            }
        },
        {
            "type": "Feature",
            "properties": {
                "HYRIV_ID": 41402088,
                "NEXT_DOWN": 41402087,
                "MAIN_RIV": 41400542,
                "LENGTH_KM": 7.0,
                "DIST_DN_KM": 122.1,
                "DIST_UP_KM": 11.1,
                "CATCH_SKM": 32.529999,
                "UPLAND_SKM": 32.5,
                "ENDORHEIC": 0,
                "DIS_AV_CMS": 0.639,
                "ORD_STRA": 1,
                "ORD_CLAS": 3,
                "ORD_FLOW": 7,
                "HYBAS_L12": 4121157030.0,
                "Shape_Length": 0.06330161731425983
            },
            "geometry": {
                "type": "LineString",
                "coordinates": [
                    [
                        80.67499999999964,
                        7.933333333333202
                    ],
                    [
                        80.66041666666635,
                        7.918749999999854
                    ],
                    [
                        80.66041666666635,
                        7.906249999999879
                    ],
                    [
                        80.65208333333297,
                        7.897916666666525
                    ],
                    [
                        80.63958333333298,
                        7.897916666666525
                    ],
                    [
                        80.63541666666632,
                        7.893749999999862
                    ]
                ]
            }
        },
        {
            "type": "Feature",
            "properties": {
                "HYRIV_ID": 41402102,
                "NEXT_DOWN": 41401767,
                "MAIN_RIV": 41400542,
                "LENGTH_KM": 13.89,
                "DIST_DN_KM": 105.9,
                "DIST_UP_KM": 18.0,
                "CATCH_SKM": 35.93,
                "UPLAND_SKM": 35.900002,
                "ENDORHEIC": 0,
                "DIS_AV_CMS": 0.695,
                "ORD_STRA": 1,
                "ORD_CLAS": 3,
                "ORD_FLOW": 7,
                "HYBAS_L12": 4121156850.0,
                "Shape_Length": 0.12538284621670276
            },
            "geometry": {
                "type": "LineString",
                "coordinates": [
                    [
                        80.58749999999966,
                        7.887499999999882
                    ],
                    [
                        80.5979166666663,
                        7.897916666666525
                    ],
                    [
                        80.59374999999963,
                        7.902083333333231
                    ],
                    [
                        80.59374999999963,
                        7.918749999999854
                    ],
                    [
                        80.58124999999976,
                        7.931249999999871
                    ],
                    [
                        80.58124999999976,
                        7.935416666666534
                    ],
                    [
                        80.57708333333292,
                        7.939583333333239
                    ],
                    [
                        80.57708333333292,
                        7.943749999999888
                    ],
                    [
                        80.57291666666637,
                        7.943749999999888
                    ],
                    [
                        80.56458333333305,
                        7.952083333333213
                    ],
                    [
                        80.56458333333305,
                        7.956249999999876
                    ],
                    [
                        80.55624999999972,
                        7.964583333333188
                    ],
                    [
                        80.55624999999972,
                        7.968749999999893
                    ],
                    [
                        80.55208333333306,
                        7.972916666666542
                    ],
                    [
                        80.55208333333306,
                        7.977083333333205
                    ],
                    [
                        80.54791666666634,
                        7.981249999999868
                    ],
                    [
                        80.54374999999968,
                        7.981249999999868
                    ]
                ]
            }
        },
        {
            "type": "Feature",
            "properties": {
                "HYRIV_ID": 41402103,
                "NEXT_DOWN": 41402142,
                "MAIN_RIV": 41400542,
                "LENGTH_KM": 6.6799998,
                "DIST_DN_KM": 129.3,
                "DIST_UP_KM": 16.9,
                "CATCH_SKM": 19.98,
                "UPLAND_SKM": 63.400002,
                "ENDORHEIC": 0,
                "DIS_AV_CMS": 1.263,
                "ORD_STRA": 2,
                "ORD_CLAS": 3,
                "ORD_FLOW": 6,
                "HYBAS_L12": 4121157030.0,
                "Shape_Length": 0.060355339059184485
            },
            "geometry": {
                "type": "LineString",
                "coordinates": [
                    [
                        80.71458333333308,
                        7.931249999999871
                    ],
                    [
                        80.7062499999997,
                        7.931249999999871
                    ],
                    [
                        80.69791666666637,
                        7.922916666666517
                    ],
                    [
                        80.70208333333292,
                        7.918749999999854
                    ],
                    [
                        80.69791666666637,
                        7.914583333333205
                    ],
                    [
                        80.69791666666637,
                        7.906249999999879
                    ],
                    [
                        80.68958333333305,
                        7.897916666666525
                    ],
                    [
                        80.68958333333305,
                        7.889583333333213
                    ]
                ]
            }
        },
        {
            "type": "Feature",
            "properties": {
                "HYRIV_ID": 41402104,
                "NEXT_DOWN": 41401970,
                "MAIN_RIV": 41400542,
                "LENGTH_KM": 6.0900002,
                "DIST_DN_KM": 137.2,
                "DIST_UP_KM": 8.9,
                "CATCH_SKM": 21.049999,
                "UPLAND_SKM": 21.1,
                "ENDORHEIC": 0,
                "DIS_AV_CMS": 0.427,
                "ORD_STRA": 1,
                "ORD_CLAS": 3,
                "ORD_FLOW": 7,
                "HYBAS_L12": 4121157030.0,
                "Shape_Length": 0.05496828398099093
            },
            "geometry": {
                "type": "LineString",
                "coordinates": [
                    [
                        80.75416666666635,
                        7.887499999999882
                    ],
                    [
                        80.74791666666627,
                        7.893749999999862
                    ],
                    [
                        80.74791666666627,
                        7.902083333333231
                    ],
                    [
                        80.74374999999961,
                        7.906249999999879
                    ],
                    [
                        80.73958333333294,
                        7.906249999999879
                    ],
                    [
                        80.72708333333296,
                        7.918749999999854
                    ],
                    [
                        80.72708333333296,
                        7.922916666666517
                    ],
                    [
                        80.7229166666663,
                        7.927083333333222
                    ]
                ]
            }
        },
        {
            "type": "Feature",
            "properties": {
                "HYRIV_ID": 41402122,
                "NEXT_DOWN": 41402023,
                "MAIN_RIV": 41400542,
                "LENGTH_KM": 3.81,
                "DIST_DN_KM": 119.3,
                "DIST_UP_KM": 30.1,
                "CATCH_SKM": 8.08,
                "UPLAND_SKM": 201.8,
                "ENDORHEIC": 0,
                "DIS_AV_CMS": 4.263,
                "ORD_STRA": 3,
                "ORD_CLAS": 1,
                "ORD_FLOW": 6,
                "HYBAS_L12": 4121157020.0,
                "Shape_Length": 0.03434433619631333
            },
            "geometry": {
                "type": "LineString",
                "coordinates": [
                    [
                        80.61874999999961,
                        7.885416666666551
                    ],
                    [
                        80.61458333333294,
                        7.889583333333213
                    ],
                    [
                        80.61458333333294,
                        7.893749999999862
                    ],
                    [
                        80.61874999999961,
                        7.897916666666525
                    ],
                    [
                        80.61874999999961,
                        7.910416666666542
                    ],
                    [
                        80.62291666666627,
                        7.914583333333205
                    ]
                ]
            }
        },
        {
            "type": "Feature",
            "properties": {
                "HYRIV_ID": 41402123,
                "NEXT_DOWN": 41402142,
                "MAIN_RIV": 41400542,
                "LENGTH_KM": 0.65,
                "DIST_DN_KM": 129.5,
                "DIST_UP_KM": 18.9,
                "CATCH_SKM": 0.64,
                "UPLAND_SKM": 93.800003,
                "ENDORHEIC": 0,
                "DIS_AV_CMS": 1.948,
                "ORD_STRA": 2,
                "ORD_CLAS": 2,
                "ORD_FLOW": 6,
                "HYBAS_L12": 4121157030.0,
                "Shape_Length": 0.005892556509802148
            },
            "geometry": {
                "type": "LineString",
                "coordinates": [
                    [
                        80.6937499999996,
                        7.885416666666551
                    ],
                    [
                        80.68958333333305,
                        7.889583333333213
                    ]
                ]
            }
        },
        {
            "type": "Feature",
            "properties": {
                "HYRIV_ID": 41402141,
                "NEXT_DOWN": 41402087,
                "MAIN_RIV": 41400542,
                "LENGTH_KM": 2.4200001,
                "DIST_DN_KM": 122.1,
                "DIST_UP_KM": 26.3,
                "CATCH_SKM": 7.4400001,
                "UPLAND_SKM": 195.39999,
                "ENDORHEIC": 0,
                "DIS_AV_CMS": 3.9879999,
                "ORD_STRA": 3,
                "ORD_CLAS": 2,
                "ORD_FLOW": 6,
                "HYBAS_L12": 4121157030.0,
                "Shape_Length": 0.021844336196300437
            },
            "geometry": {
                "type": "LineString",
                "coordinates": [
                    [
                        80.65208333333297,
                        7.881249999999888
                    ],
                    [
                        80.64374999999964,
                        7.889583333333213
                    ],
                    [
                        80.63958333333298,
                        7.889583333333213
                    ],
                    [
                        80.63541666666632,
                        7.893749999999862
                    ]
                ]
            }
        },
        {
            "type": "Feature",
            "properties": {
                "HYRIV_ID": 41402142,
                "NEXT_DOWN": 41402141,
                "MAIN_RIV": 41400542,
                "LENGTH_KM": 4.9,
                "DIST_DN_KM": 124.6,
                "DIST_UP_KM": 23.8,
                "CATCH_SKM": 13.82,
                "UPLAND_SKM": 171.0,
                "ENDORHEIC": 0,
                "DIS_AV_CMS": 3.4890001,
                "ORD_STRA": 3,
                "ORD_CLAS": 2,
                "ORD_FLOW": 6,
                "HYBAS_L12": 4121157030.0,
                "Shape_Length": 0.04440355937294157
            },
            "geometry": {
                "type": "LineString",
                "coordinates": [
                    [
                        80.68958333333305,
                        7.889583333333213
                    ],
                    [
                        80.68541666666638,
                        7.889583333333213
                    ],
                    [
                        80.677083333333,
                        7.881249999999888
                    ],
                    [
                        80.66874999999968,
                        7.881249999999888
                    ],
                    [
                        80.66458333333301,
                        7.885416666666551
                    ],
                    [
                        80.65624999999963,
                        7.885416666666551
                    ],
                    [
                        80.65208333333297,
                        7.881249999999888
                    ]
                ]
            }
        },
        {
            "type": "Feature",
            "properties": {
                "HYRIV_ID": 41402143,
                "NEXT_DOWN": 41402123,
                "MAIN_RIV": 41400542,
                "LENGTH_KM": 2.53,
                "DIST_DN_KM": 129.89999,
                "DIST_UP_KM": 6.7,
                "CATCH_SKM": 17.65,
                "UPLAND_SKM": 17.6,
                "ENDORHEIC": 0,
                "DIS_AV_CMS": 0.359,
                "ORD_STRA": 1,
                "ORD_CLAS": 3,
                "ORD_FLOW": 7,
                "HYBAS_L12": 4121157030.0,
                "Shape_Length": 0.022916666666858987
            },
            "geometry": {
                "type": "LineString",
                "coordinates": [
                    [
                        80.71041666666642,
                        7.879166666666514
                    ],
                    [
                        80.71041666666642,
                        7.885416666666551
                    ],
                    [
                        80.6937499999996,
                        7.885416666666551
                    ]
                ]
            }
        },
        {
            "type": "Feature",
            "properties": {
                "HYRIV_ID": 41402186,
                "NEXT_DOWN": 41401881,
                "MAIN_RIV": 41400542,
                "LENGTH_KM": 13.96,
                "DIST_DN_KM": 95.400002,
                "DIST_UP_KM": 17.0,
                "CATCH_SKM": 54.0,
                "UPLAND_SKM": 54.0,
                "ENDORHEIC": 0,
                "DIS_AV_CMS": 1.024,
                "ORD_STRA": 1,
                "ORD_CLAS": 2,
                "ORD_FLOW": 6,
                "HYBAS_L12": 4121156610.0,
                "Shape_Length": 0.1259496752556853
            },
            "geometry": {
                "type": "LineString",
                "coordinates": [
                    [
                        80.48958333333294,
                        7.866666666666539
                    ],
                    [
                        80.48958333333294,
                        7.897916666666525
                    ],
                    [
                        80.48541666666628,
                        7.902083333333231
                    ],
                    [
                        80.48541666666628,
                        7.906249999999879
                    ],
                    [
                        80.48124999999962,
                        7.910416666666542
                    ],
                    [
                        80.48124999999962,
                        7.914583333333205
                    ],
                    [
                        80.47708333333296,
                        7.918749999999854
                    ],
                    [
                        80.47708333333296,
                        7.931249999999871
                    ],
                    [
                        80.46458333333297,
                        7.943749999999888
                    ],
                    [
                        80.4604166666663,
                        7.943749999999888
                    ],
                    [
                        80.45208333333292,
                        7.952083333333213
                    ],
                    [
                        80.4437499999996,
                        7.952083333333213
                    ],
                    [
                        80.43958333333305,
                        7.947916666666551
                    ],
                    [
                        80.43124999999961,
                        7.947916666666551
                    ]
                ]
            }
        },
        {
            "type": "Feature",
            "properties": {
                "HYRIV_ID": 41402254,
                "NEXT_DOWN": 41402122,
                "MAIN_RIV": 41400542,
                "LENGTH_KM": 4.27,
                "DIST_DN_KM": 123.1,
                "DIST_UP_KM": 26.3,
                "CATCH_SKM": 8.9300003,
                "UPLAND_SKM": 169.3,
                "ENDORHEIC": 0,
                "DIS_AV_CMS": 3.609,
                "ORD_STRA": 3,
                "ORD_CLAS": 1,
                "ORD_FLOW": 6,
                "HYBAS_L12": 4121157020.0,
                "Shape_Length": 0.03851100286308918
            },
            "geometry": {
                "type": "LineString",
                "coordinates": [
                    [
                        80.62291666666627,
                        7.852083333333205
                    ],
                    [
                        80.62291666666627,
                        7.868749999999871
                    ],
                    [
                        80.62708333333299,
                        7.872916666666534
                    ],
                    [
                        80.62708333333299,
                        7.877083333333239
                    ],
                    [
                        80.61874999999961,
                        7.885416666666551
                    ]
                ]
            }
        },
        {
            "type": "Feature",
            "properties": {
                "HYRIV_ID": 41402284,
                "NEXT_DOWN": 41402123,
                "MAIN_RIV": 41400542,
                "LENGTH_KM": 5.77,
                "DIST_DN_KM": 130.10001,
                "DIST_UP_KM": 18.3,
                "CATCH_SKM": 12.12,
                "UPLAND_SKM": 75.5,
                "ENDORHEIC": 0,
                "DIS_AV_CMS": 1.576,
                "ORD_STRA": 2,
                "ORD_CLAS": 2,
                "ORD_FLOW": 6,
                "HYBAS_L12": 4121157030.0,
                "Shape_Length": 0.052022005725972716
            },
            "geometry": {
                "type": "LineString",
                "coordinates": [
                    [
                        80.70208333333292,
                        7.843749999999879
                    ],
                    [
                        80.69791666666637,
                        7.847916666666542
                    ],
                    [
                        80.69791666666637,
                        7.852083333333205
                    ],
                    [
                        80.6937499999996,
                        7.856249999999896
                    ],
                    [
                        80.6937499999996,
                        7.860416666666559
                    ],
                    [
                        80.70208333333292,
                        7.868749999999871
                    ],
                    [
                        80.70208333333292,
                        7.872916666666534
                    ],
                    [
                        80.69791666666637,
                        7.877083333333239
                    ],
                    [
                        80.69791666666637,
                        7.881249999999888
                    ],
                    [
                        80.6937499999996,
                        7.885416666666551
                    ]
                ]
            }
        },
        {
            "type": "Feature",
            "properties": {
                "HYRIV_ID": 41402296,
                "NEXT_DOWN": 41402058,
                "MAIN_RIV": 41400542,
                "LENGTH_KM": 8.46,
                "DIST_DN_KM": 116.0,
                "DIST_UP_KM": 25.6,
                "CATCH_SKM": 22.959999,
                "UPLAND_SKM": 105.3,
                "ENDORHEIC": 0,
                "DIS_AV_CMS": 2.2019999,
                "ORD_STRA": 2,
                "ORD_CLAS": 2,
                "ORD_FLOW": 6,
                "HYBAS_L12": 4121156850.0,
                "Shape_Length": 0.07630711874587125
            },
            "geometry": {
                "type": "LineString",
                "coordinates": [
                    [
                        80.55208333333306,
                        7.839583333333216
                    ],
                    [
                        80.54791666666634,
                        7.843749999999879
                    ],
                    [
                        80.54791666666634,
                        7.856249999999896
                    ],
                    [
                        80.55208333333306,
                        7.860416666666559
                    ],
                    [
                        80.54791666666634,
                        7.864583333333222
                    ],
                    [
                        80.54791666666634,
                        7.872916666666534
                    ],
                    [
                        80.54374999999968,
                        7.877083333333239
                    ],
                    [
                        80.54791666666634,
                        7.881249999999888
                    ],
                    [
                        80.54791666666634,
                        7.885416666666551
                    ],
                    [
                        80.54374999999968,
                        7.889583333333213
                    ],
                    [
                        80.54374999999968,
                        7.893749999999862
                    ],
                    [
                        80.53541666666635,
                        7.902083333333231
                    ]
                ]
            }
        },
        {
            "type": "Feature",
            "properties": {
                "HYRIV_ID": 41402297,
                "NEXT_DOWN": 41402296,
                "MAIN_RIV": 41400542,
                "LENGTH_KM": 0.98,
                "DIST_DN_KM": 124.5,
                "DIST_UP_KM": 4.0,
                "CATCH_SKM": 5.5300002,
                "UPLAND_SKM": 5.5,
                "ENDORHEIC": 0,
                "DIS_AV_CMS": 0.113,
                "ORD_STRA": 1,
                "ORD_CLAS": 3,
                "ORD_FLOW": 7,
                "HYBAS_L12": 4121156850.0,
                "Shape_Length": 0.008838834764763513
            },
            "geometry": {
                "type": "LineString",
                "coordinates": [
                    [
                        80.55833333333297,
                        7.845833333333211
                    ],
                    [
                        80.55208333333306,
                        7.839583333333216
                    ]
                ]
            }
        },
        {
            "type": "Feature",
            "properties": {
                "HYRIV_ID": 41402298,
                "NEXT_DOWN": 41402141,
                "MAIN_RIV": 41400542,
                "LENGTH_KM": 5.71,
                "DIST_DN_KM": 124.4,
                "DIST_UP_KM": 8.5,
                "CATCH_SKM": 17.01,
                "UPLAND_SKM": 17.0,
                "ENDORHEIC": 0,
                "DIS_AV_CMS": 0.35,
                "ORD_STRA": 1,
                "ORD_CLAS": 3,
                "ORD_FLOW": 7,
                "HYBAS_L12": 4121157030.0,
                "Shape_Length": 0.05151650429445284
            },
            "geometry": {
                "type": "LineString",
                "coordinates": [
                    [
                        80.6624999999996,
                        7.837499999999899
                    ],
                    [
                        80.65624999999963,
                        7.843749999999879
                    ],
                    [
                        80.65624999999963,
                        7.864583333333222
                    ],
                    [
                        80.65208333333297,
                        7.868749999999871
                    ],
                    [
                        80.65624999999963,
                        7.872916666666534
                    ],
                    [
                        80.65208333333297,
                        7.877083333333239
                    ],
                    [
                        80.65208333333297,
                        7.881249999999888
                    ]
                ]
            }
        },
        {
            "type": "Feature",
            "properties": {
                "HYRIV_ID": 41402299,
                "NEXT_DOWN": 41402284,
                "MAIN_RIV": 41400542,
                "LENGTH_KM": 8.96,
                "DIST_DN_KM": 135.89999,
                "DIST_UP_KM": 12.5,
                "CATCH_SKM": 32.529999,
                "UPLAND_SKM": 32.5,
                "ENDORHEIC": 0,
                "DIS_AV_CMS": 0.67799997,
                "ORD_STRA": 1,
                "ORD_CLAS": 2,
                "ORD_FLOW": 7,
                "HYBAS_L12": 4121157030.0,
                "Shape_Length": 0.08097928684396845
            },
            "geometry": {
                "type": "LineString",
                "coordinates": [
                    [
                        80.74583333333302,
                        7.837499999999899
                    ],
                    [
                        80.75208333333299,
                        7.843749999999879
                    ],
                    [
                        80.75208333333299,
                        7.852083333333205
                    ],
                    [
                        80.74791666666627,
                        7.856249999999896
                    ],
                    [
                        80.74374999999961,
                        7.852083333333205
                    ],
                    [
                        80.73958333333294,
                        7.852083333333205
                    ],
                    [
                        80.73124999999962,
                        7.843749999999879
                    ],
                    [
                        80.7229166666663,
                        7.843749999999879
                    ],
                    [
                        80.71874999999963,
                        7.839583333333216
                    ],
                    [
                        80.71041666666642,
                        7.847916666666542
                    ],
                    [
                        80.7062499999997,
                        7.847916666666542
                    ],
                    [
                        80.70208333333292,
                        7.843749999999879
                    ]
                ]
            }
        },
        {
            "type": "Feature",
            "properties": {
                "HYRIV_ID": 41402312,
                "NEXT_DOWN": 41402122,
                "MAIN_RIV": 41400542,
                "LENGTH_KM": 6.64,
                "DIST_DN_KM": 123.1,
                "DIST_UP_KM": 9.2,
                "CATCH_SKM": 24.450001,
                "UPLAND_SKM": 24.5,
                "ENDORHEIC": 0,
                "DIS_AV_CMS": 0.496,
                "ORD_STRA": 1,
                "ORD_CLAS": 2,
                "ORD_FLOW": 7,
                "HYBAS_L12": 4121157020.0,
                "Shape_Length": 0.05984983762779108
            },
            "geometry": {
                "type": "LineString",
                "coordinates": [
                    [
                        80.59999999999965,
                        7.833333333333236
                    ],
                    [
                        80.60624999999962,
                        7.839583333333216
                    ],
                    [
                        80.60624999999962,
                        7.847916666666542
                    ],
                    [
                        80.61041666666628,
                        7.852083333333205
                    ],
                    [
                        80.61041666666628,
                        7.877083333333239
                    ],
                    [
                        80.61874999999961,
                        7.885416666666551
                    ]
                ]
            }
        },
        {
            "type": "Feature",
            "properties": {
                "HYRIV_ID": 41402328,
                "NEXT_DOWN": 41402254,
                "MAIN_RIV": 41400542,
                "LENGTH_KM": 2.5,
                "DIST_DN_KM": 127.1,
                "DIST_UP_KM": 22.200001,
                "CATCH_SKM": 3.83,
                "UPLAND_SKM": 91.5,
                "ENDORHEIC": 0,
                "DIS_AV_CMS": 1.955,
                "ORD_STRA": 2,
                "ORD_CLAS": 1,
                "ORD_FLOW": 6,
                "HYBAS_L12": 4121157020.0,
                "Shape_Length": 0.02255922317656663
            },
            "geometry": {
                "type": "LineString",
                "coordinates": [
                    [
                        80.61874999999961,
                        7.831249999999862
                    ],
                    [
                        80.61874999999961,
                        7.835416666666568
                    ],
                    [
                        80.62291666666627,
                        7.839583333333216
                    ],
                    [
                        80.62291666666627,
                        7.852083333333205
                    ]
                ]
            }
        },
        {
            "type": "Feature",
            "properties": {
                "HYRIV_ID": 41402340,
                "NEXT_DOWN": 41402284,
                "MAIN_RIV": 41400542,
                "LENGTH_KM": 1.85,
                "DIST_DN_KM": 135.7,
                "DIST_UP_KM": 7.5,
                "CATCH_SKM": 4.4699998,
                "UPLAND_SKM": 30.8,
                "ENDORHEIC": 0,
                "DIS_AV_CMS": 0.65100002,
                "ORD_STRA": 2,
                "ORD_CLAS": 3,
                "ORD_FLOW": 7,
                "HYBAS_L12": 4121157030.0,
                "Shape_Length": 0.01666666666667993
            },
            "geometry": {
                "type": "LineString",
                "coordinates": [
                    [
                        80.70208333333292,
                        7.827083333333199
                    ],
                    [
                        80.70208333333292,
                        7.843749999999879
                    ]
                ]
            }
        },
        {
            "type": "Feature",
            "properties": {
                "HYRIV_ID": 41402354,
                "NEXT_DOWN": 41402340,
                "MAIN_RIV": 41400542,
                "LENGTH_KM": 0.69,
                "DIST_DN_KM": 137.5,
                "DIST_UP_KM": 4.1,
                "CATCH_SKM": 6.3800001,
                "UPLAND_SKM": 6.4,
                "ENDORHEIC": 0,
                "DIS_AV_CMS": 0.134,
                "ORD_STRA": 1,
                "ORD_CLAS": 4,
                "ORD_FLOW": 7,
                "HYBAS_L12": 4121157030.0,
                "Shape_Length": 0.006249999999980105
            },
            "geometry": {
                "type": "LineString",
                "coordinates": [
                    [
                        80.70208333333292,
                        7.820833333333219
                    ],
                    [
                        80.70208333333292,
                        7.827083333333199
                    ]
                ]
            }
        },
        {
            "type": "Feature",
            "properties": {
                "HYRIV_ID": 41402370,
                "NEXT_DOWN": 41402328,
                "MAIN_RIV": 41400542,
                "LENGTH_KM": 2.27,
                "DIST_DN_KM": 129.7,
                "DIST_UP_KM": 7.0,
                "CATCH_SKM": 11.7,
                "UPLAND_SKM": 11.7,
                "ENDORHEIC": 0,
                "DIS_AV_CMS": 0.245,
                "ORD_STRA": 1,
                "ORD_CLAS": 2,
                "ORD_FLOW": 7,
                "HYBAS_L12": 4121157020.0,
                "Shape_Length": 0.020475889843228588
            },
            "geometry": {
                "type": "LineString",
                "coordinates": [
                    [
                        80.62708333333299,
                        7.816666666666556
                    ],
                    [
                        80.62708333333299,
                        7.827083333333199
                    ],
                    [
                        80.62291666666627,
                        7.831249999999862
                    ],
                    [
                        80.61874999999961,
                        7.831249999999862
                    ]
                ]
            }
        },
        {
            "type": "Feature",
            "properties": {
                "HYRIV_ID": 41402371,
                "NEXT_DOWN": 41402340,
                "MAIN_RIV": 41400542,
                "LENGTH_KM": 1.11,
                "DIST_DN_KM": 137.7,
                "DIST_UP_KM": 5.4,
                "CATCH_SKM": 1.28,
                "UPLAND_SKM": 20.0,
                "ENDORHEIC": 0,
                "DIS_AV_CMS": 0.424,
                "ORD_STRA": 2,
                "ORD_CLAS": 3,
                "ORD_FLOW": 7,
                "HYBAS_L12": 4121157030.0,
                "Shape_Length": 0.010059223176615754
            },
            "geometry": {
                "type": "LineString",
                "coordinates": [
                    [
                        80.7062499999997,
                        7.818749999999888
                    ],
                    [
                        80.7062499999997,
                        7.822916666666551
                    ],
                    [
                        80.70208333333292,
                        7.827083333333199
                    ]
                ]
            }
        },
        {
            "type": "Feature",
            "properties": {
                "HYRIV_ID": 41402372,
                "NEXT_DOWN": 41402371,
                "MAIN_RIV": 41400542,
                "LENGTH_KM": 0.69,
                "DIST_DN_KM": 138.7,
                "DIST_UP_KM": 4.5,
                "CATCH_SKM": 9.5699997,
                "UPLAND_SKM": 9.6,
                "ENDORHEIC": 0,
                "DIS_AV_CMS": 0.20200001,
                "ORD_STRA": 1,
                "ORD_CLAS": 3,
                "ORD_FLOW": 7,
                "HYBAS_L12": 4121157030.0,
                "Shape_Length": 0.006249999999965894
            },
            "geometry": {
                "type": "LineString",
                "coordinates": [
                    [
                        80.71249999999966,
                        7.818749999999888
                    ],
                    [
                        80.7062499999997,
                        7.818749999999888
                    ]
                ]
            }
        },
        {
            "type": "Feature",
            "properties": {
                "HYRIV_ID": 41402392,
                "NEXT_DOWN": 41402371,
                "MAIN_RIV": 41400542,
                "LENGTH_KM": 0.69,
                "DIST_DN_KM": 138.7,
                "DIST_UP_KM": 4.3,
                "CATCH_SKM": 9.1400003,
                "UPLAND_SKM": 9.1,
                "ENDORHEIC": 0,
                "DIS_AV_CMS": 0.195,
                "ORD_STRA": 1,
                "ORD_CLAS": 4,
                "ORD_FLOW": 7,
                "HYBAS_L12": 4121157030.0,
                "Shape_Length": 0.006249999999980105
            },
            "geometry": {
                "type": "LineString",
                "coordinates": [
                    [
                        80.7062499999997,
                        7.8125
                    ],
                    [
                        80.7062499999997,
                        7.818749999999888
                    ]
                ]
            }
        },
        {
            "type": "Feature",
            "properties": {
                "HYRIV_ID": 41402399,
                "NEXT_DOWN": 41402058,
                "MAIN_RIV": 41400542,
                "LENGTH_KM": 12.58,
                "DIST_DN_KM": 116.0,
                "DIST_UP_KM": 18.1,
                "CATCH_SKM": 47.0,
                "UPLAND_SKM": 47.0,
                "ENDORHEIC": 0,
                "DIS_AV_CMS": 0.94599998,
                "ORD_STRA": 1,
                "ORD_CLAS": 3,
                "ORD_FLOW": 7,
                "HYBAS_L12": 4121156850.0,
                "Shape_Length": 0.11344967525577634
            },
            "geometry": {
                "type": "LineString",
                "coordinates": [
                    [
                        80.51874999999964,
                        7.808333333333202
                    ],
                    [
                        80.51874999999964,
                        7.814583333333225
                    ],
                    [
                        80.5229166666663,
                        7.814583333333225
                    ],
                    [
                        80.5229166666663,
                        7.822916666666551
                    ],
                    [
                        80.53124999999969,
                        7.831249999999862
                    ],
                    [
                        80.52708333333302,
                        7.835416666666568
                    ],
                    [
                        80.53124999999969,
                        7.839583333333216
                    ],
                    [
                        80.53124999999969,
                        7.856249999999896
                    ],
                    [
                        80.5229166666663,
                        7.864583333333222
                    ],
                    [
                        80.5229166666663,
                        7.885416666666551
                    ],
                    [
                        80.53124999999969,
                        7.893749999999862
                    ],
                    [
                        80.53124999999969,
                        7.897916666666525
                    ],
                    [
                        80.53541666666635,
                        7.902083333333231
                    ]
                ]
            }
        },
        {
            "type": "Feature",
            "properties": {
                "HYRIV_ID": 41402421,
                "NEXT_DOWN": 41402296,
                "MAIN_RIV": 41400542,
                "LENGTH_KM": 3.71,
                "DIST_DN_KM": 124.3,
                "DIST_UP_KM": 17.4,
                "CATCH_SKM": 9.3599997,
                "UPLAND_SKM": 76.800003,
                "ENDORHEIC": 0,
                "DIS_AV_CMS": 1.632,
                "ORD_STRA": 2,
                "ORD_CLAS": 2,
                "ORD_FLOW": 6,
                "HYBAS_L12": 4121156850.0,
                "Shape_Length": 0.03333333333334565
            },
            "geometry": {
                "type": "LineString",
                "coordinates": [
                    [
                        80.55208333333306,
                        7.806249999999871
                    ],
                    [
                        80.55208333333306,
                        7.839583333333216
                    ]
                ]
            }
        },
        {
            "type": "Feature",
            "properties": {
                "HYRIV_ID": 41402422,
                "NEXT_DOWN": 41402328,
                "MAIN_RIV": 41400542,
                "LENGTH_KM": 3.35,
                "DIST_DN_KM": 129.8,
                "DIST_UP_KM": 19.5,
                "CATCH_SKM": 8.29,
                "UPLAND_SKM": 75.900002,
                "ENDORHEIC": 0,
                "DIS_AV_CMS": 1.632,
                "ORD_STRA": 2,
                "ORD_CLAS": 1,
                "ORD_FLOW": 6,
                "HYBAS_L12": 4121157020.0,
                "Shape_Length": 0.030177669529654616
            },
            "geometry": {
                "type": "LineString",
                "coordinates": [
                    [
                        80.60624999999962,
                        7.806249999999871
                    ],
                    [
                        80.60624999999962,
                        7.814583333333225
                    ],
                    [
                        80.61041666666628,
                        7.818749999999888
                    ],
                    [
                        80.61041666666628,
                        7.822916666666551
                    ],
                    [
                        80.61874999999961,
                        7.831249999999862
                    ]
                ]
            }
        },
        {
            "type": "Feature",
            "properties": {
                "HYRIV_ID": 41402435,
                "NEXT_DOWN": 41402422,
                "MAIN_RIV": 41400542,
                "LENGTH_KM": 0.98,
                "DIST_DN_KM": 133.2,
                "DIST_UP_KM": 4.0,
                "CATCH_SKM": 9.1400003,
                "UPLAND_SKM": 9.1,
                "ENDORHEIC": 0,
                "DIS_AV_CMS": 0.192,
                "ORD_STRA": 1,
                "ORD_CLAS": 2,
                "ORD_FLOW": 7,
                "HYBAS_L12": 4121157020.0,
                "Shape_Length": 0.008838834764803707
            },
            "geometry": {
                "type": "LineString",
                "coordinates": [
                    [
                        80.59999999999965,
                        7.799999999999876
                    ],
                    [
                        80.60624999999962,
                        7.806249999999871
                    ]
                ]
            }
        },
        {
            "type": "Feature",
            "properties": {
                "HYRIV_ID": 41402468,
                "NEXT_DOWN": 41402422,
                "MAIN_RIV": 41400542,
                "LENGTH_KM": 2.04,
                "DIST_DN_KM": 133.2,
                "DIST_UP_KM": 16.200001,
                "CATCH_SKM": 2.1300001,
                "UPLAND_SKM": 58.5,
                "ENDORHEIC": 0,
                "DIS_AV_CMS": 1.268,
                "ORD_STRA": 2,
                "ORD_CLAS": 1,
                "ORD_FLOW": 6,
                "HYBAS_L12": 4121157020.0,
                "Shape_Length": 0.01839255650989959
            },
            "geometry": {
                "type": "LineString",
                "coordinates": [
                    [
                        80.61458333333294,
                        7.793749999999854
                    ],
                    [
                        80.61458333333294,
                        7.802083333333208
                    ],
                    [
                        80.61041666666628,
                        7.802083333333208
                    ],
                    [
                        80.60624999999962,
                        7.806249999999871
                    ]
                ]
            }
        },
        {
            "type": "Feature",
            "properties": {
                "HYRIV_ID": 41402503,
                "NEXT_DOWN": 41402254,
                "MAIN_RIV": 41400542,
                "LENGTH_KM": 9.7600002,
                "DIST_DN_KM": 127.3,
                "DIST_UP_KM": 20.1,
                "CATCH_SKM": 28.07,
                "UPLAND_SKM": 68.900002,
                "ENDORHEIC": 0,
                "DIS_AV_CMS": 1.476,
                "ORD_STRA": 2,
                "ORD_CLAS": 2,
                "ORD_FLOW": 6,
                "HYBAS_L12": 4121157020.0,
                "Shape_Length": 0.0880922317656194
            },
            "geometry": {
                "type": "LineString",
                "coordinates": [
                    [
                        80.66041666666635,
                        7.785416666666542
                    ],
                    [
                        80.66458333333301,
                        7.789583333333191
                    ],
                    [
                        80.66458333333301,
                        7.797916666666559
                    ],
                    [
                        80.66041666666635,
                        7.802083333333208
                    ],
                    [
                        80.66041666666635,
                        7.806249999999871
                    ],
                    [
                        80.65624999999963,
                        7.810416666666534
                    ],
                    [
                        80.65624999999963,
                        7.814583333333225
                    ],
                    [
                        80.64374999999964,
                        7.827083333333199
                    ],
                    [
                        80.64374999999964,
                        7.835416666666568
                    ],
                    [
                        80.63124999999965,
                        7.847916666666542
                    ],
                    [
                        80.62708333333299,
                        7.847916666666542
                    ],
                    [
                        80.62291666666627,
                        7.852083333333205
                    ]
                ]
            }
        },
        {
            "type": "Feature",
            "properties": {
                "HYRIV_ID": 41402518,
                "NEXT_DOWN": 41402421,
                "MAIN_RIV": 41400542,
                "LENGTH_KM": 3.62,
                "DIST_DN_KM": 128.0,
                "DIST_UP_KM": 11.3,
                "CATCH_SKM": 10.21,
                "UPLAND_SKM": 33.599998,
                "ENDORHEIC": 0,
                "DIS_AV_CMS": 0.71700001,
                "ORD_STRA": 2,
                "ORD_CLAS": 3,
                "ORD_FLOW": 7,
                "HYBAS_L12": 4121156850.0,
                "Shape_Length": 0.032618446353093675
            },
            "geometry": {
                "type": "LineString",
                "coordinates": [
                    [
                        80.56458333333305,
                        7.781249999999879
                    ],
                    [
                        80.56458333333305,
                        7.789583333333191
                    ],
                    [
                        80.56041666666627,
                        7.793749999999854
                    ],
                    [
                        80.56041666666627,
                        7.802083333333208
                    ],
                    [
                        80.55624999999972,
                        7.806249999999871
                    ],
                    [
                        80.55208333333306,
                        7.806249999999871
                    ]
                ]
            }
        },
        {
            "type": "Feature",
            "properties": {
                "HYRIV_ID": 41402532,
                "NEXT_DOWN": 41402518,
                "MAIN_RIV": 41400542,
                "LENGTH_KM": 1.4400001,
                "DIST_DN_KM": 131.60001,
                "DIST_UP_KM": 4.6,
                "CATCH_SKM": 7.23,
                "UPLAND_SKM": 7.2,
                "ENDORHEIC": 0,
                "DIS_AV_CMS": 0.155,
                "ORD_STRA": 1,
                "ORD_CLAS": 4,
                "ORD_FLOW": 7,
                "HYBAS_L12": 4121156850.0,
                "Shape_Length": 0.013005501431393092
            },
            "geometry": {
                "type": "LineString",
                "coordinates": [
                    [
                        80.57499999999962,
                        7.774999999999885
                    ],
                    [
                        80.5687499999996,
                        7.781249999999879
                    ],
                    [
                        80.56458333333305,
                        7.781249999999879
                    ]
                ]
            }
        },
        {
            "type": "Feature",
            "properties": {
                "HYRIV_ID": 41402533,
                "NEXT_DOWN": 41402468,
                "MAIN_RIV": 41400542,
                "LENGTH_KM": 2.9200001,
                "DIST_DN_KM": 135.2,
                "DIST_UP_KM": 6.0,
                "CATCH_SKM": 11.7,
                "UPLAND_SKM": 11.7,
                "ENDORHEIC": 0,
                "DIS_AV_CMS": 0.25,
                "ORD_STRA": 1,
                "ORD_CLAS": 2,
                "ORD_FLOW": 7,
                "HYBAS_L12": 4121157020.0,
                "Shape_Length": 0.026368446353156196
            },
            "geometry": {
                "type": "LineString",
                "coordinates": [
                    [
                        80.62916666666635,
                        7.777083333333216
                    ],
                    [
                        80.62291666666627,
                        7.777083333333216
                    ],
                    [
                        80.61874999999961,
                        7.781249999999879
                    ],
                    [
                        80.61874999999961,
                        7.789583333333191
                    ],
                    [
                        80.61458333333294,
                        7.793749999999854
                    ]
                ]
            }
        },
        {
            "type": "Feature",
            "properties": {
                "HYRIV_ID": 41402534,
                "NEXT_DOWN": 41402503,
                "MAIN_RIV": 41400542,
                "LENGTH_KM": 2.9100001,
                "DIST_DN_KM": 137.10001,
                "DIST_UP_KM": 5.6,
                "CATCH_SKM": 7.02,
                "UPLAND_SKM": 7.0,
                "ENDORHEIC": 0,
                "DIS_AV_CMS": 0.151,
                "ORD_STRA": 1,
                "ORD_CLAS": 3,
                "ORD_FLOW": 7,
                "HYBAS_L12": 4121157020.0,
                "Shape_Length": 0.02636844635305672
            },
            "geometry": {
                "type": "LineString",
                "coordinates": [
                    [
                        80.68333333333297,
                        7.777083333333216
                    ],
                    [
                        80.677083333333,
                        7.777083333333216
                    ],
                    [
                        80.67291666666634,
                        7.781249999999879
                    ],
                    [
                        80.66458333333301,
                        7.781249999999879
                    ],
                    [
                        80.66041666666635,
                        7.785416666666542
                    ]
                ]
            }
        },
        {
            "type": "Feature",
            "properties": {
                "HYRIV_ID": 41402585,
                "NEXT_DOWN": 41402468,
                "MAIN_RIV": 41400542,
                "LENGTH_KM": 3.81,
                "DIST_DN_KM": 135.2,
                "DIST_UP_KM": 14.1,
                "CATCH_SKM": 7.4400001,
                "UPLAND_SKM": 44.700001,
                "ENDORHEIC": 0,
                "DIS_AV_CMS": 0.97399998,
                "ORD_STRA": 2,
                "ORD_CLAS": 1,
                "ORD_FLOW": 7,
                "HYBAS_L12": 4121157020.0,
                "Shape_Length": 0.03434433619631749
            },
            "geometry": {
                "type": "LineString",
                "coordinates": [
                    [
                        80.61041666666628,
                        7.764583333333199
                    ],
                    [
                        80.61041666666628,
                        7.772916666666568
                    ],
                    [
                        80.60624999999962,
                        7.777083333333216
                    ],
                    [
                        80.60624999999962,
                        7.781249999999879
                    ],
                    [
                        80.61041666666628,
                        7.785416666666542
                    ],
                    [
                        80.61041666666628,
                        7.789583333333191
                    ],
                    [
                        80.61458333333294,
                        7.793749999999854
                    ]
                ]
            }
        },
        {
            "type": "Feature",
            "properties": {
                "HYRIV_ID": 41402642,
                "NEXT_DOWN": 41402518,
                "MAIN_RIV": 41400542,
                "LENGTH_KM": 4.58,
                "DIST_DN_KM": 131.60001,
                "DIST_UP_KM": 7.7,
                "CATCH_SKM": 16.16,
                "UPLAND_SKM": 16.200001,
                "ENDORHEIC": 0,
                "DIS_AV_CMS": 0.34900001,
                "ORD_STRA": 1,
                "ORD_CLAS": 3,
                "ORD_FLOW": 7,
                "HYBAS_L12": 4121156850.0,
                "Shape_Length": 0.04130922317647924
            },
            "geometry": {
                "type": "LineString",
                "coordinates": [
                    [
                        80.57499999999962,
                        7.747916666666562
                    ],
                    [
                        80.5687499999996,
                        7.747916666666562
                    ],
                    [
                        80.56458333333305,
                        7.752083333333225
                    ],
                    [
                        80.56458333333305,
                        7.781249999999879
                    ]
                ]
            }
        },
        {
            "type": "Feature",
            "properties": {
                "HYRIV_ID": 41402654,
                "NEXT_DOWN": 41402585,
                "MAIN_RIV": 41400542,
                "LENGTH_KM": 2.9300001,
                "DIST_DN_KM": 138.8,
                "DIST_UP_KM": 7.2,
                "CATCH_SKM": 11.06,
                "UPLAND_SKM": 11.1,
                "ENDORHEIC": 0,
                "DIS_AV_CMS": 0.242,
                "ORD_STRA": 1,
                "ORD_CLAS": 2,
                "ORD_FLOW": 7,
                "HYBAS_L12": 4121157020.0,
                "Shape_Length": 0.026368446353099352
            },
            "geometry": {
                "type": "LineString",
                "coordinates": [
                    [
                        80.60208333333296,
                        7.741666666666539
                    ],
                    [
                        80.60208333333296,
                        7.747916666666562
                    ],
                    [
                        80.60624999999962,
                        7.752083333333225
                    ],
                    [
                        80.60624999999962,
                        7.756249999999888
                    ],
                    [
                        80.61041666666628,
                        7.760416666666551
                    ],
                    [
                        80.61041666666628,
                        7.764583333333199
                    ]
                ]
            }
        },
        {
            "type": "Feature",
            "properties": {
                "HYRIV_ID": 41402682,
                "NEXT_DOWN": 41402503,
                "MAIN_RIV": 41400542,
                "LENGTH_KM": 6.7399998,
                "DIST_DN_KM": 136.89999,
                "DIST_UP_KM": 10.5,
                "CATCH_SKM": 33.82,
                "UPLAND_SKM": 33.8,
                "ENDORHEIC": 0,
                "DIS_AV_CMS": 0.737,
                "ORD_STRA": 1,
                "ORD_CLAS": 2,
                "ORD_FLOW": 7,
                "HYBAS_L12": 4121157020.0,
                "Shape_Length": 0.060712782549408525
            },
            "geometry": {
                "type": "LineString",
                "coordinates": [
                    [
                        80.66458333333301,
                        7.733333333333228
                    ],
                    [
                        80.66458333333301,
                        7.739583333333208
                    ],
                    [
                        80.67291666666634,
                        7.747916666666562
                    ],
                    [
                        80.67291666666634,
                        7.760416666666551
                    ],
                    [
                        80.66458333333301,
                        7.768749999999862
                    ],
                    [
                        80.66458333333301,
                        7.777083333333216
                    ],
                    [
                        80.66041666666635,
                        7.781249999999879
                    ],
                    [
                        80.66041666666635,
                        7.785416666666542
                    ]
                ]
            }
        },
        {
            "type": "Feature",
            "properties": {
                "HYRIV_ID": 41402721,
                "NEXT_DOWN": 41402421,
                "MAIN_RIV": 41400542,
                "LENGTH_KM": 10.36,
                "DIST_DN_KM": 128.0,
                "DIST_UP_KM": 13.7,
                "CATCH_SKM": 33.82,
                "UPLAND_SKM": 33.8,
                "ENDORHEIC": 0,
                "DIS_AV_CMS": 0.72399998,
                "ORD_STRA": 1,
                "ORD_CLAS": 2,
                "ORD_FLOW": 7,
                "HYBAS_L12": 4121156850.0,
                "Shape_Length": 0.09333122890275827
            },
            "geometry": {
                "type": "LineString",
                "coordinates": [
                    [
                        80.54791666666634,
                        7.724999999999859
                    ],
                    [
                        80.54791666666634,
                        7.752083333333225
                    ],
                    [
                        80.55208333333306,
                        7.756249999999888
                    ],
                    [
                        80.54791666666634,
                        7.760416666666551
                    ],
                    [
                        80.55208333333306,
                        7.764583333333199
                    ],
                    [
                        80.54791666666634,
                        7.768749999999862
                    ],
                    [
                        80.54791666666634,
                        7.772916666666568
                    ],
                    [
                        80.54374999999968,
                        7.777083333333216
                    ],
                    [
                        80.54791666666634,
                        7.781249999999879
                    ],
                    [
                        80.54791666666634,
                        7.789583333333191
                    ],
                    [
                        80.55208333333306,
                        7.793749999999854
                    ],
                    [
                        80.55208333333306,
                        7.806249999999871
                    ]
                ]
            }
        },
        {
            "type": "Feature",
            "properties": {
                "HYRIV_ID": 41402768,
                "NEXT_DOWN": 41402585,
                "MAIN_RIV": 41400542,
                "LENGTH_KM": 7.6500001,
                "DIST_DN_KM": 138.8,
                "DIST_UP_KM": 10.5,
                "CATCH_SKM": 26.16,
                "UPLAND_SKM": 26.200001,
                "ENDORHEIC": 0,
                "DIS_AV_CMS": 0.574,
                "ORD_STRA": 1,
                "ORD_CLAS": 1,
                "ORD_FLOW": 7,
                "HYBAS_L12": 4121157020.0,
                "Shape_Length": 0.06904611588273844
            },
            "geometry": {
                "type": "LineString",
                "coordinates": [
                    [
                        80.61458333333294,
                        7.712499999999885
                    ],
                    [
                        80.61458333333294,
                        7.731249999999896
                    ],
                    [
                        80.61874999999961,
                        7.735416666666545
                    ],
                    [
                        80.61458333333294,
                        7.739583333333208
                    ],
                    [
                        80.61458333333294,
                        7.743749999999871
                    ],
                    [
                        80.61874999999961,
                        7.747916666666562
                    ],
                    [
                        80.61874999999961,
                        7.752083333333225
                    ],
                    [
                        80.62291666666627,
                        7.756249999999888
                    ],
                    [
                        80.62291666666627,
                        7.760416666666551
                    ],
                    [
                        80.61874999999961,
                        7.764583333333199
                    ],
                    [
                        80.61041666666628,
                        7.764583333333199
                    ]
                ]
            }
        }
    ]
}