{
    "type": "FeatureCollection",
    "features": [
        {
            "type": "Feature",
            "properties": {
                "HYRIV_ID": 41405403,
                "NEXT_DOWN": 41405585,
                "MAIN_RIV": 41407753,
                "LENGTH_KM": 1.61,
                "DIST_DN_KM": 102.4,
                "DIST_UP_KM": 4.3,
                "CATCH_SKM": 5.96,
                "UPLAND_SKM": 6.0,
                "ENDORHEIC": 0,
                "DIS_AV_CMS": 0.148,
                "ORD_STRA": 1,
                "ORD_CLAS": 2,
                "ORD_FLOW": 7,
                "HYBAS_L12": 4121601960.0,
                "Shape_Length": 0.014583333333405335
            },
            "geometry": {
                "type": "LineString",
                "coordinates": [
                    [
                        81.1916666666663,
                        7.006249999999888
                    ],
                    [
                        81.2062499999997,
                        7.006249999999888
                    ]
                ]
            }
        },
        {
            "type": "Feature",
            "properties": {
                "HYRIV_ID": 41405404,
                "NEXT_DOWN": 41405585,
                "MAIN_RIV": 41407753,
                "LENGTH_KM": 6.9099998,
                "DIST_DN_KM": 102.4,
                "DIST_UP_KM": 9.9,
                "CATCH_SKM": 27.27,
                "UPLAND_SKM": 27.3,
                "ENDORHEIC": 0,
                "DIS_AV_CMS": 0.67500001,
                "ORD_STRA": 1,
                "ORD_CLAS": 1,
                "ORD_FLOW": 7,
                "HYBAS_L12": 4121601960.0,
                "Shape_Length": 0.06229061445131469
            },
            "geometry": {
                "type": "LineString",
                "coordinates": [
                    [
                        81.18749999999963,
                        7.058333333333202
                    ],
                    [
                        81.19374999999965,
                        7.052083333333222
                    ],
                    [
                        81.19374999999965,
                        7.047916666666559
                    ],
                    [
                        81.19791666666632,
                        7.047916666666559
                    ],
                    [
                        81.2062499999997,
                        7.039583333333248
                    ],
                    [
                        81.2062499999997,
                        7.006249999999888
                    ]
                ]
            }
        },
        {
            "type": "Feature",
            "properties": {
                "HYRIV_ID": 41405585,
                "NEXT_DOWN": 41405604,
                "MAIN_RIV": 41407753,
                "LENGTH_KM": 5.39,
                "DIST_DN_KM": 97.099998,
                "DIST_UP_KM": 15.3,
                "CATCH_SKM": 12.36,
                "UPLAND_SKM": 45.599998,
                "ENDORHEIC": 0,
                "DIS_AV_CMS": 1.114,
                "ORD_STRA": 2,
                "ORD_CLAS": 1,
                "ORD_FLOW": 6,
                "HYBAS_L12": 4121601960.0,
                "Shape_Length": 0.04857022603954172
            },
            "geometry": {
                "type": "LineString",
                "coordinates": [
                    [
                        81.2062499999997,
                        7.006249999999888
                    ],
                    [
                        81.2062499999997,
                        6.989583333333222
                    ],
                    [
                        81.21874999999969,
                        6.977083333333248
                    ],
                    [
                        81.22291666666635,
                        6.977083333333248
                    ],
                    [
                        81.22708333333301,
                        6.972916666666542
                    ],
                    [
                        81.22708333333301,
                        6.968749999999879
                    ]
                ]
            }
        },
        {
            "type": "Feature",
            "properties": {
                "HYRIV_ID": 41405603,
                "NEXT_DOWN": 41405604,
                "MAIN_RIV": 41407753,
                "LENGTH_KM": 4.1100001,
                "DIST_DN_KM": 97.199997,
                "DIST_UP_KM": 7.2,
                "CATCH_SKM": 14.49,
                "UPLAND_SKM": 14.5,
                "ENDORHEIC": 0,
                "DIS_AV_CMS": 0.353,
                "ORD_STRA": 1,
                "ORD_CLAS": 2,
                "ORD_FLOW": 7,
                "HYBAS_L12": 4121601960.0,
                "Shape_Length": 0.037142556509886696
            },
            "geometry": {
                "type": "LineString",
                "coordinates": [
                    [
                        81.19791666666632,
                        6.970833333333211
                    ],
                    [
                        81.19791666666632,
                        6.964583333333231
                    ],
                    [
                        81.22291666666635,
                        6.964583333333231
                    ],
                    [
                        81.22708333333301,
                        6.968749999999879
                    ]
                ]
            }
        },
        {
            "type": "Feature",
            "properties": {
                "HYRIV_ID": 41405604,
                "NEXT_DOWN": 41405656,
                "MAIN_RIV": 41407753,
                "LENGTH_KM": 1.11,
                "DIST_DN_KM": 95.900002,
                "DIST_UP_KM": 16.4,
                "CATCH_SKM": 4.9,
                "UPLAND_SKM": 65.0,
                "ENDORHEIC": 0,
                "DIS_AV_CMS": 1.581,
                "ORD_STRA": 2,
                "ORD_CLAS": 1,
                "ORD_FLOW": 6,
                "HYBAS_L12": 4121601960.0,
                "Shape_Length": 0.010059223176575559
            },
            "geometry": {
                "type": "LineString",
                "coordinates": [
                    [
                        81.22708333333301,
                        6.968749999999879
                    ],
                    [
                        81.23124999999973,
                        6.964583333333231
                    ],
                    [
                        81.2354166666664,
                        6.964583333333231
                    ]
                ]
            }
        },
        {
            "type": "Feature",
            "properties": {
                "HYRIV_ID": 41405605,
                "NEXT_DOWN": 41405656,
                "MAIN_RIV": 41407753,
                "LENGTH_KM": 10.08,
                "DIST_DN_KM": 95.900002,
                "DIST_UP_KM": 13.4,
                "CATCH_SKM": 29.610001,
                "UPLAND_SKM": 29.6,
                "ENDORHEIC": 0,
                "DIS_AV_CMS": 0.708,
                "ORD_STRA": 1,
                "ORD_CLAS": 2,
                "ORD_FLOW": 7,
                "HYBAS_L12": 4121601960.0,
                "Shape_Length": 0.09074239413766164
            },
            "geometry": {
                "type": "LineString",
                "coordinates": [
                    [
                        81.22916666666626,
                        7.045833333333228
                    ],
                    [
                        81.2354166666664,
                        7.039583333333248
                    ],
                    [
                        81.2354166666664,
                        7.022916666666568
                    ],
                    [
                        81.23958333333294,
                        7.018749999999862
                    ],
                    [
                        81.2354166666664,
                        7.014583333333256
                    ],
                    [
                        81.2354166666664,
                        7.006249999999888
                    ],
                    [
                        81.23124999999973,
                        7.002083333333239
                    ],
                    [
                        81.23124999999973,
                        6.981249999999896
                    ],
                    [
                        81.2354166666664,
                        6.977083333333248
                    ],
                    [
                        81.2354166666664,
                        6.964583333333231
                    ]
                ]
            }
        },
        {
            "type": "Feature",
            "properties": {
                "HYRIV_ID": 41405656,
                "NEXT_DOWN": 41405755,
                "MAIN_RIV": 41407753,
                "LENGTH_KM": 3.8,
                "DIST_DN_KM": 92.300003,
                "DIST_UP_KM": 20.0,
                "CATCH_SKM": 12.36,
                "UPLAND_SKM": 107.0,
                "ENDORHEIC": 0,
                "DIS_AV_CMS": 2.5569999,
                "ORD_STRA": 2,
                "ORD_CLAS": 1,
                "ORD_FLOW": 6,
                "HYBAS_L12": 4121601960.0,
                "Shape_Length": 0.03434433619617223
            },
            "geometry": {
                "type": "LineString",
                "coordinates": [
                    [
                        81.2354166666664,
                        6.964583333333231
                    ],
                    [
                        81.24374999999961,
                        6.964583333333231
                    ],
                    [
                        81.25208333333305,
                        6.95625
                    ],
                    [
                        81.26041666666626,
                        6.95625
                    ],
                    [
                        81.26458333333292,
                        6.952083333333213
                    ]
                ]
            }
        },
        {
            "type": "Feature",
            "properties": {
                "HYRIV_ID": 41405657,
                "NEXT_DOWN": 41405755,
                "MAIN_RIV": 41407753,
                "LENGTH_KM": 1.16,
                "DIST_DN_KM": 92.099998,
                "DIST_UP_KM": 4.1,
                "CATCH_SKM": 7.0300002,
                "UPLAND_SKM": 7.0,
                "ENDORHEIC": 0,
                "DIS_AV_CMS": 0.164,
                "ORD_STRA": 1,
                "ORD_CLAS": 2,
                "ORD_FLOW": 7,
                "HYBAS_L12": 4121601960.0,
                "Shape_Length": 0.010416666666685614
            },
            "geometry": {
                "type": "LineString",
                "coordinates": [
                    [
                        81.26458333333292,
                        6.962499999999899
                    ],
                    [
                        81.26458333333292,
                        6.952083333333213
                    ]
                ]
            }
        },
        {
            "type": "Feature",
            "properties": {
                "HYRIV_ID": 41405733,
                "NEXT_DOWN": 41405757,
                "MAIN_RIV": 41407753,
                "LENGTH_KM": 4.7800002,
                "DIST_DN_KM": 87.800003,
                "DIST_UP_KM": 7.9,
                "CATCH_SKM": 18.32,
                "UPLAND_SKM": 18.3,
                "ENDORHEIC": 0,
                "DIS_AV_CMS": 0.41800001,
                "ORD_STRA": 1,
                "ORD_CLAS": 2,
                "ORD_FLOW": 7,
                "HYBAS_L12": 4121602030.0,
                "Shape_Length": 0.043035113019783446
            },
            "geometry": {
                "type": "LineString",
                "coordinates": [
                    [
                        81.2854166666663,
                        6.975
                    ],
                    [
                        81.2854166666663,
                        6.95625
                    ],
                    [
                        81.28958333333296,
                        6.952083333333213
                    ],
                    [
                        81.2854166666663,
                        6.947916666666593
                    ],
                    [
                        81.2854166666663,
                        6.935416666666576
                    ]
                ]
            }
        },
        {
            "type": "Feature",
            "properties": {
                "HYRIV_ID": 41405734,
                "NEXT_DOWN": 41405757,
                "MAIN_RIV": 41407753,
                "LENGTH_KM": 2.55,
                "DIST_DN_KM": 87.800003,
                "DIST_UP_KM": 4.9,
                "CATCH_SKM": 8.5200005,
                "UPLAND_SKM": 8.5,
                "ENDORHEIC": 0,
                "DIS_AV_CMS": 0.192,
                "ORD_STRA": 1,
                "ORD_CLAS": 3,
                "ORD_FLOW": 7,
                "HYBAS_L12": 4121602030.0,
                "Shape_Length": 0.02306472460800195
            },
            "geometry": {
                "type": "LineString",
                "coordinates": [
                    [
                        81.30416666666625,
                        6.945833333333219
                    ],
                    [
                        81.29791666666628,
                        6.939583333333225
                    ],
                    [
                        81.29374999999962,
                        6.939583333333225
                    ],
                    [
                        81.28958333333296,
                        6.935416666666576
                    ],
                    [
                        81.2854166666663,
                        6.935416666666576
                    ]
                ]
            }
        },
        {
            "type": "Feature",
            "properties": {
                "HYRIV_ID": 41405755,
                "NEXT_DOWN": 41405756,
                "MAIN_RIV": 41407753,
                "LENGTH_KM": 3.08,
                "DIST_DN_KM": 89.099998,
                "DIST_UP_KM": 23.3,
                "CATCH_SKM": 5.1100001,
                "UPLAND_SKM": 119.1,
                "ENDORHEIC": 0,
                "DIS_AV_CMS": 2.82,
                "ORD_STRA": 2,
                "ORD_CLAS": 1,
                "ORD_FLOW": 6,
                "HYBAS_L12": 4121601960.0,
                "Shape_Length": 0.027736892706306
            },
            "geometry": {
                "type": "LineString",
                "coordinates": [
                    [
                        81.26458333333292,
                        6.952083333333213
                    ],
                    [
                        81.26874999999964,
                        6.947916666666593
                    ],
                    [
                        81.26458333333292,
                        6.943749999999888
                    ],
                    [
                        81.27291666666625,
                        6.935416666666576
                    ],
                    [
                        81.27291666666625,
                        6.931249999999871
                    ]
                ]
            }
        },
        {
            "type": "Feature",
            "properties": {
                "HYRIV_ID": 41405756,
                "NEXT_DOWN": 41405887,
                "MAIN_RIV": 41407753,
                "LENGTH_KM": 1.77,
                "DIST_DN_KM": 87.5,
                "DIST_UP_KM": 24.9,
                "CATCH_SKM": 2.77,
                "UPLAND_SKM": 141.3,
                "ENDORHEIC": 0,
                "DIS_AV_CMS": 3.325,
                "ORD_STRA": 2,
                "ORD_CLAS": 1,
                "ORD_FLOW": 6,
                "HYBAS_L12": 4121602030.0,
                "Shape_Length": 0.015951779686545084
            },
            "geometry": {
                "type": "LineString",
                "coordinates": [
                    [
                        81.27291666666625,
                        6.931249999999871
                    ],
                    [
                        81.27708333333297,
                        6.931249999999871
                    ],
                    [
                        81.28124999999957,
                        6.935416666666576
                    ],
                    [
                        81.2854166666663,
                        6.931249999999871
                    ]
                ]
            }
        },
        {
            "type": "Feature",
            "properties": {
                "HYRIV_ID": 41405757,
                "NEXT_DOWN": 41405887,
                "MAIN_RIV": 41407753,
                "LENGTH_KM": 0.46,
                "DIST_DN_KM": 87.300003,
                "DIST_UP_KM": 8.4,
                "CATCH_SKM": 0.21,
                "UPLAND_SKM": 27.1,
                "ENDORHEIC": 0,
                "DIS_AV_CMS": 0.61400002,
                "ORD_STRA": 2,
                "ORD_CLAS": 2,
                "ORD_FLOW": 7,
                "HYBAS_L12": 4121602030.0,
                "Shape_Length": 0.00416666666670551
            },
            "geometry": {
                "type": "LineString",
                "coordinates": [
                    [
                        81.2854166666663,
                        6.935416666666576
                    ],
                    [
                        81.2854166666663,
                        6.931249999999871
                    ]
                ]
            }
        },
        {
            "type": "Feature",
            "properties": {
                "HYRIV_ID": 41405774,
                "NEXT_DOWN": 41405756,
                "MAIN_RIV": 41407753,
                "LENGTH_KM": 5.21,
                "DIST_DN_KM": 89.099998,
                "DIST_UP_KM": 8.7,
                "CATCH_SKM": 19.389999,
                "UPLAND_SKM": 19.4,
                "ENDORHEIC": 0,
                "DIS_AV_CMS": 0.45500001,
                "ORD_STRA": 1,
                "ORD_CLAS": 2,
                "ORD_FLOW": 7,
                "HYBAS_L12": 4121601960.0,
                "Shape_Length": 0.04720177968642795
            },
            "geometry": {
                "type": "LineString",
                "coordinates": [
                    [
                        81.22916666666626,
                        6.931249999999871
                    ],
                    [
                        81.23958333333294,
                        6.931249999999871
                    ],
                    [
                        81.24374999999961,
                        6.927083333333208
                    ],
                    [
                        81.26041666666626,
                        6.927083333333208
                    ],
                    [
                        81.26458333333292,
                        6.931249999999871
                    ],
                    [
                        81.27291666666625,
                        6.931249999999871
                    ]
                ]
            }
        },
        {
            "type": "Feature",
            "properties": {
                "HYRIV_ID": 41405835,
                "NEXT_DOWN": 41405999,
                "MAIN_RIV": 41407753,
                "LENGTH_KM": 0.98,
                "DIST_DN_KM": 75.400002,
                "DIST_UP_KM": 4.0,
                "CATCH_SKM": 6.8200002,
                "UPLAND_SKM": 6.8,
                "ENDORHEIC": 0,
                "DIS_AV_CMS": 0.151,
                "ORD_STRA": 1,
                "ORD_CLAS": 3,
                "ORD_FLOW": 7,
                "HYBAS_L12": 4121602040.0,
                "Shape_Length": 0.008838834764803707
            },
            "geometry": {
                "type": "LineString",
                "coordinates": [
                    [
                        81.33749999999961,
                        6.920833333333228
                    ],
                    [
                        81.34374999999957,
                        6.914583333333233
                    ]
                ]
            }
        },
        {
            "type": "Feature",
            "properties": {
                "HYRIV_ID": 41405836,
                "NEXT_DOWN": 41405999,
                "MAIN_RIV": 41407753,
                "LENGTH_KM": 5.9,
                "DIST_DN_KM": 75.400002,
                "DIST_UP_KM": 9.9,
                "CATCH_SKM": 36.439999,
                "UPLAND_SKM": 36.400002,
                "ENDORHEIC": 0,
                "DIS_AV_CMS": 0.79,
                "ORD_STRA": 1,
                "ORD_CLAS": 2,
                "ORD_FLOW": 7,
                "HYBAS_L12": 4121602040.0,
                "Shape_Length": 0.053094336196396766
            },
            "geometry": {
                "type": "LineString",
                "coordinates": [
                    [
                        81.35624999999968,
                        6.962499999999899
                    ],
                    [
                        81.35624999999968,
                        6.95625
                    ],
                    [
                        81.35208333333301,
                        6.952083333333213
                    ],
                    [
                        81.35208333333301,
                        6.931249999999871
                    ],
                    [
                        81.34791666666635,
                        6.927083333333208
                    ],
                    [
                        81.34791666666635,
                        6.918749999999896
                    ],
                    [
                        81.34374999999957,
                        6.914583333333233
                    ]
                ]
            }
        },
        {
            "type": "Feature",
            "properties": {
                "HYRIV_ID": 41405887,
                "NEXT_DOWN": 41405987,
                "MAIN_RIV": 41407753,
                "LENGTH_KM": 3.4300001,
                "DIST_DN_KM": 83.900002,
                "DIST_UP_KM": 28.5,
                "CATCH_SKM": 9.8,
                "UPLAND_SKM": 178.10001,
                "ENDORHEIC": 0,
                "DIS_AV_CMS": 4.1220002,
                "ORD_STRA": 3,
                "ORD_CLAS": 1,
                "ORD_FLOW": 6,
                "HYBAS_L12": 4121602030.0,
                "Shape_Length": 0.030892556509878173
            },
            "geometry": {
                "type": "LineString",
                "coordinates": [
                    [
                        81.2854166666663,
                        6.931249999999871
                    ],
                    [
                        81.2854166666663,
                        6.927083333333208
                    ],
                    [
                        81.28958333333296,
                        6.922916666666559
                    ],
                    [
                        81.28958333333296,
                        6.902083333333216
                    ]
                ]
            }
        },
        {
            "type": "Feature",
            "properties": {
                "HYRIV_ID": 41405918,
                "NEXT_DOWN": 41405919,
                "MAIN_RIV": 41407753,
                "LENGTH_KM": 4.4200001,
                "DIST_DN_KM": 86.699997,
                "DIST_UP_KM": 8.4,
                "CATCH_SKM": 14.28,
                "UPLAND_SKM": 14.3,
                "ENDORHEIC": 0,
                "DIS_AV_CMS": 0.334,
                "ORD_STRA": 1,
                "ORD_CLAS": 2,
                "ORD_FLOW": 7,
                "HYBAS_L12": 4121602030.0,
                "Shape_Length": 0.03987944921611525
            },
            "geometry": {
                "type": "LineString",
                "coordinates": [
                    [
                        81.24374999999961,
                        6.908333333333211
                    ],
                    [
                        81.24374999999961,
                        6.914583333333233
                    ],
                    [
                        81.25208333333305,
                        6.906249999999879
                    ],
                    [
                        81.2562499999996,
                        6.906249999999879
                    ],
                    [
                        81.26874999999964,
                        6.89375
                    ]
                ]
            }
        },
        {
            "type": "Feature",
            "properties": {
                "HYRIV_ID": 41405919,
                "NEXT_DOWN": 41405987,
                "MAIN_RIV": 41407753,
                "LENGTH_KM": 2.6900001,
                "DIST_DN_KM": 83.900002,
                "DIST_UP_KM": 11.3,
                "CATCH_SKM": 7.8800001,
                "UPLAND_SKM": 31.8,
                "ENDORHEIC": 0,
                "DIS_AV_CMS": 0.732,
                "ORD_STRA": 2,
                "ORD_CLAS": 2,
                "ORD_FLOW": 7,
                "HYBAS_L12": 4121602030.0,
                "Shape_Length": 0.024285113019743655
            },
            "geometry": {
                "type": "LineString",
                "coordinates": [
                    [
                        81.26874999999964,
                        6.89375
                    ],
                    [
                        81.27708333333297,
                        6.902083333333216
                    ],
                    [
                        81.28958333333296,
                        6.902083333333216
                    ]
                ]
            }
        },
        {
            "type": "Feature",
            "properties": {
                "HYRIV_ID": 41405985,
                "NEXT_DOWN": 41405919,
                "MAIN_RIV": 41407753,
                "LENGTH_KM": 2.56,
                "DIST_DN_KM": 86.599998,
                "DIST_UP_KM": 6.2,
                "CATCH_SKM": 9.5900002,
                "UPLAND_SKM": 9.6,
                "ENDORHEIC": 0,
                "DIS_AV_CMS": 0.221,
                "ORD_STRA": 1,
                "ORD_CLAS": 3,
                "ORD_FLOW": 7,
                "HYBAS_L12": 4121602030.0,
                "Shape_Length": 0.023064724608032095
            },
            "geometry": {
                "type": "LineString",
                "coordinates": [
                    [
                        81.25833333333301,
                        6.874999999999893
                    ],
                    [
                        81.26458333333292,
                        6.881249999999888
                    ],
                    [
                        81.26458333333292,
                        6.885416666666551
                    ],
                    [
                        81.26874999999964,
                        6.889583333333242
                    ],
                    [
                        81.26874999999964,
                        6.89375
                    ]
                ]
            }
        },
        {
            "type": "Feature",
            "properties": {
                "HYRIV_ID": 41405986,
                "NEXT_DOWN": 41406174,
                "MAIN_RIV": 41407753,
                "LENGTH_KM": 1.9,
                "DIST_DN_KM": 80.699997,
                "DIST_UP_KM": 4.9,
                "CATCH_SKM": 9.3800001,
                "UPLAND_SKM": 9.4,
                "ENDORHEIC": 0,
                "DIS_AV_CMS": 0.212,
                "ORD_STRA": 1,
                "ORD_CLAS": 2,
                "ORD_FLOW": 7,
                "HYBAS_L12": 4121602030.0,
                "Shape_Length": 0.017172168098089267
            },
            "geometry": {
                "type": "LineString",
                "coordinates": [
                    [
                        81.28333333333305,
                        6.883333333333219
                    ],
                    [
                        81.28958333333296,
                        6.877083333333225
                    ],
                    [
                        81.29791666666628,
                        6.877083333333225
                    ]
                ]
            }
        },
        {
            "type": "Feature",
            "properties": {
                "HYRIV_ID": 41405987,
                "NEXT_DOWN": 41406174,
                "MAIN_RIV": 41407753,
                "LENGTH_KM": 3.1600001,
                "DIST_DN_KM": 80.699997,
                "DIST_UP_KM": 31.700001,
                "CATCH_SKM": 8.3100004,
                "UPLAND_SKM": 218.2,
                "ENDORHEIC": 0,
                "DIS_AV_CMS": 4.9990001,
                "ORD_STRA": 3,
                "ORD_CLAS": 1,
                "ORD_FLOW": 6,
                "HYBAS_L12": 4121602030.0,
                "Shape_Length": 0.028451779686434954
            },
            "geometry": {
                "type": "LineString",
                "coordinates": [
                    [
                        81.28958333333296,
                        6.902083333333216
                    ],
                    [
                        81.29791666666628,
                        6.89375
                    ],
                    [
                        81.29791666666628,
                        6.877083333333225
                    ]
                ]
            }
        },
        {
            "type": "Feature",
            "properties": {
                "HYRIV_ID": 41405999,
                "NEXT_DOWN": 41406135,
                "MAIN_RIV": 41407753,
                "LENGTH_KM": 5.0100002,
                "DIST_DN_KM": 70.300003,
                "DIST_UP_KM": 14.9,
                "CATCH_SKM": 24.08,
                "UPLAND_SKM": 67.300003,
                "ENDORHEIC": 0,
                "DIS_AV_CMS": 1.451,
                "ORD_STRA": 2,
                "ORD_CLAS": 2,
                "ORD_FLOW": 6,
                "HYBAS_L12": 4121602040.0,
                "Shape_Length": 0.045118446352944055
            },
            "geometry": {
                "type": "LineString",
                "coordinates": [
                    [
                        81.34374999999957,
                        6.914583333333233
                    ],
                    [
                        81.33958333333302,
                        6.910416666666585
                    ],
                    [
                        81.33958333333302,
                        6.877083333333225
                    ],
                    [
                        81.34374999999957,
                        6.872916666666576
                    ]
                ]
            }
        },
        {
            "type": "Feature",
            "properties": {
                "HYRIV_ID": 41406000,
                "NEXT_DOWN": 41406135,
                "MAIN_RIV": 41407753,
                "LENGTH_KM": 2.36,
                "DIST_DN_KM": 70.099998,
                "DIST_UP_KM": 4.9,
                "CATCH_SKM": 11.72,
                "UPLAND_SKM": 11.7,
                "ENDORHEIC": 0,
                "DIS_AV_CMS": 0.248,
                "ORD_STRA": 1,
                "ORD_CLAS": 3,
                "ORD_FLOW": 7,
                "HYBAS_L12": 4121602040.0,
                "Shape_Length": 0.021338834764895977
            },
            "geometry": {
                "type": "LineString",
                "coordinates": [
                    [
                        81.36249999999964,
                        6.879166666666556
                    ],
                    [
                        81.35624999999968,
                        6.872916666666576
                    ],
                    [
                        81.34374999999957,
                        6.872916666666576
                    ]
                ]
            }
        },
        {
            "type": "Feature",
            "properties": {
                "HYRIV_ID": 41406134,
                "NEXT_DOWN": 41406221,
                "MAIN_RIV": 41407753,
                "LENGTH_KM": 1.9,
                "DIST_DN_KM": 66.5,
                "DIST_UP_KM": 5.8,
                "CATCH_SKM": 8.7399998,
                "UPLAND_SKM": 8.7,
                "ENDORHEIC": 0,
                "DIS_AV_CMS": 0.189,
                "ORD_STRA": 1,
                "ORD_CLAS": 3,
                "ORD_FLOW": 7,
                "HYBAS_L12": 4121602040.0,
                "Shape_Length": 0.0171721680982331
            },
            "geometry": {
                "type": "LineString",
                "coordinates": [
                    [
                        81.33749999999961,
                        6.85
                    ],
                    [
                        81.34374999999957,
                        6.84375
                    ],
                    [
                        81.35208333333301,
                        6.84375
                    ]
                ]
            }
        },
        {
            "type": "Feature",
            "properties": {
                "HYRIV_ID": 41406135,
                "NEXT_DOWN": 41406221,
                "MAIN_RIV": 41407753,
                "LENGTH_KM": 3.62,
                "DIST_DN_KM": 66.5,
                "DIST_UP_KM": 18.8,
                "CATCH_SKM": 9.8,
                "UPLAND_SKM": 88.900002,
                "ENDORHEIC": 0,
                "DIS_AV_CMS": 1.892,
                "ORD_STRA": 2,
                "ORD_CLAS": 2,
                "ORD_FLOW": 6,
                "HYBAS_L12": 4121602040.0,
                "Shape_Length": 0.032618446353174055
            },
            "geometry": {
                "type": "LineString",
                "coordinates": [
                    [
                        81.34374999999957,
                        6.872916666666576
                    ],
                    [
                        81.34374999999957,
                        6.860416666666559
                    ],
                    [
                        81.34791666666635,
                        6.856249999999896
                    ],
                    [
                        81.34791666666635,
                        6.852083333333233
                    ],
                    [
                        81.35208333333301,
                        6.847916666666571
                    ],
                    [
                        81.35208333333301,
                        6.84375
                    ]
                ]
            }
        },
        {
            "type": "Feature",
            "properties": {
                "HYRIV_ID": 41406174,
                "NEXT_DOWN": 41406331,
                "MAIN_RIV": 41407753,
                "LENGTH_KM": 4.8200002,
                "DIST_DN_KM": 75.900002,
                "DIST_UP_KM": 36.5,
                "CATCH_SKM": 11.08,
                "UPLAND_SKM": 238.60001,
                "ENDORHEIC": 0,
                "DIS_AV_CMS": 5.382,
                "ORD_STRA": 3,
                "ORD_CLAS": 1,
                "ORD_FLOW": 6,
                "HYBAS_L12": 4121602030.0,
                "Shape_Length": 0.043392556509878576
            },
            "geometry": {
                "type": "LineString",
                "coordinates": [
                    [
                        81.29791666666628,
                        6.877083333333225
                    ],
                    [
                        81.29791666666628,
                        6.84375
                    ],
                    [
                        81.30208333333294,
                        6.839583333333216
                    ],
                    [
                        81.30208333333294,
                        6.835416666666553
                    ]
                ]
            }
        },
        {
            "type": "Feature",
            "properties": {
                "HYRIV_ID": 41406197,
                "NEXT_DOWN": 41406331,
                "MAIN_RIV": 41407753,
                "LENGTH_KM": 0.98,
                "DIST_DN_KM": 76.099998,
                "DIST_UP_KM": 4.0,
                "CATCH_SKM": 6.1799998,
                "UPLAND_SKM": 6.2,
                "ENDORHEIC": 0,
                "DIS_AV_CMS": 0.13500001,
                "ORD_STRA": 1,
                "ORD_CLAS": 2,
                "ORD_FLOW": 7,
                "HYBAS_L12": 4121602030.0,
                "Shape_Length": 0.008838834764914243
            },
            "geometry": {
                "type": "LineString",
                "coordinates": [
                    [
                        81.30833333333308,
                        6.829166666666573
                    ],
                    [
                        81.30208333333294,
                        6.835416666666553
                    ]
                ]
            }
        },
        {
            "type": "Feature",
            "properties": {
                "HYRIV_ID": 41406221,
                "NEXT_DOWN": 41406284,
                "MAIN_RIV": 41407753,
                "LENGTH_KM": 2.23,
                "DIST_DN_KM": 64.300003,
                "DIST_UP_KM": 21.0,
                "CATCH_SKM": 6.39,
                "UPLAND_SKM": 104.0,
                "ENDORHEIC": 0,
                "DIS_AV_CMS": 2.204,
                "ORD_STRA": 2,
                "ORD_CLAS": 2,
                "ORD_FLOW": 6,
                "HYBAS_L12": 4121602040.0,
                "Shape_Length": 0.02011844635319375
            },
            "geometry": {
                "type": "LineString",
                "coordinates": [
                    [
                        81.35208333333301,
                        6.84375
                    ],
                    [
                        81.35624999999968,
                        6.839583333333216
                    ],
                    [
                        81.35624999999968,
                        6.835416666666553
                    ],
                    [
                        81.3604166666664,
                        6.83125
                    ],
                    [
                        81.3604166666664,
                        6.827083333333199
                    ]
                ]
            }
        },
        {
            "type": "Feature",
            "properties": {
                "HYRIV_ID": 41406236,
                "NEXT_DOWN": 41406284,
                "MAIN_RIV": 41407753,
                "LENGTH_KM": 2.72,
                "DIST_DN_KM": 64.300003,
                "DIST_UP_KM": 5.6,
                "CATCH_SKM": 12.36,
                "UPLAND_SKM": 12.4,
                "ENDORHEIC": 0,
                "DIS_AV_CMS": 0.26300001,
                "ORD_STRA": 1,
                "ORD_CLAS": 3,
                "ORD_FLOW": 7,
                "HYBAS_L12": 4121602040.0,
                "Shape_Length": 0.024642556509977445
            },
            "geometry": {
                "type": "LineString",
                "coordinates": [
                    [
                        81.33749999999961,
                        6.822916666666579
                    ],
                    [
                        81.34791666666635,
                        6.822916666666579
                    ],
                    [
                        81.35208333333301,
                        6.827083333333199
                    ],
                    [
                        81.3604166666664,
                        6.827083333333199
                    ]
                ]
            }
        },
        {
            "type": "Feature",
            "properties": {
                "HYRIV_ID": 41406265,
                "NEXT_DOWN": 41406285,
                "MAIN_RIV": 41407753,
                "LENGTH_KM": 1.81,
                "DIST_DN_KM": 63.200001,
                "DIST_UP_KM": 5.7,
                "CATCH_SKM": 6.6100001,
                "UPLAND_SKM": 6.6,
                "ENDORHEIC": 0,
                "DIS_AV_CMS": 0.137,
                "ORD_STRA": 1,
                "ORD_CLAS": 4,
                "ORD_FLOW": 7,
                "HYBAS_L12": 4121602040.0,
                "Shape_Length": 0.016309223176559827
            },
            "geometry": {
                "type": "LineString",
                "coordinates": [
                    [
                        81.3812499999996,
                        6.833333333333236
                    ],
                    [
                        81.3812499999996,
                        6.822916666666579
                    ],
                    [
                        81.37708333333293,
                        6.818749999999888
                    ]
                ]
            }
        },
        {
            "type": "Feature",
            "properties": {
                "HYRIV_ID": 41406266,
                "NEXT_DOWN": 41406285,
                "MAIN_RIV": 41407753,
                "LENGTH_KM": 3.21,
                "DIST_DN_KM": 63.0,
                "DIST_UP_KM": 7.2,
                "CATCH_SKM": 10.66,
                "UPLAND_SKM": 10.7,
                "ENDORHEIC": 0,
                "DIS_AV_CMS": 0.218,
                "ORD_STRA": 1,
                "ORD_CLAS": 3,
                "ORD_FLOW": 7,
                "HYBAS_L12": 4121602040.0,
                "Shape_Length": 0.028957281117972487
            },
            "geometry": {
                "type": "LineString",
                "coordinates": [
                    [
                        81.395833333333,
                        6.837499999999885
                    ],
                    [
                        81.38541666666626,
                        6.827083333333199
                    ],
                    [
                        81.38541666666626,
                        6.822916666666579
                    ],
                    [
                        81.3812499999996,
                        6.818749999999888
                    ],
                    [
                        81.37708333333293,
                        6.818749999999888
                    ]
                ]
            }
        },
        {
            "type": "Feature",
            "properties": {
                "HYRIV_ID": 41406284,
                "NEXT_DOWN": 41406372,
                "MAIN_RIV": 41407753,
                "LENGTH_KM": 1.96,
                "DIST_DN_KM": 62.5,
                "DIST_UP_KM": 22.8,
                "CATCH_SKM": 4.6900001,
                "UPLAND_SKM": 121.0,
                "ENDORHEIC": 0,
                "DIS_AV_CMS": 2.5539999,
                "ORD_STRA": 2,
                "ORD_CLAS": 2,
                "ORD_FLOW": 6,
                "HYBAS_L12": 4121602040.0,
                "Shape_Length": 0.017677669529557172
            },
            "geometry": {
                "type": "LineString",
                "coordinates": [
                    [
                        81.3604166666664,
                        6.827083333333199
                    ],
                    [
                        81.37291666666627,
                        6.814583333333225
                    ]
                ]
            }
        },
        {
            "type": "Feature",
            "properties": {
                "HYRIV_ID": 41406285,
                "NEXT_DOWN": 41406372,
                "MAIN_RIV": 41407753,
                "LENGTH_KM": 0.65,
                "DIST_DN_KM": 62.5,
                "DIST_UP_KM": 7.6,
                "CATCH_SKM": 0.43,
                "UPLAND_SKM": 17.700001,
                "ENDORHEIC": 0,
                "DIS_AV_CMS": 0.36300001,
                "ORD_STRA": 2,
                "ORD_CLAS": 3,
                "ORD_FLOW": 7,
                "HYBAS_L12": 4121602040.0,
                "Shape_Length": 0.0058925565098825365
            },
            "geometry": {
                "type": "LineString",
                "coordinates": [
                    [
                        81.37708333333293,
                        6.818749999999888
                    ],
                    [
                        81.37291666666627,
                        6.814583333333225
                    ]
                ]
            }
        },
        {
            "type": "Feature",
            "properties": {
                "HYRIV_ID": 41406330,
                "NEXT_DOWN": 41406724,
                "MAIN_RIV": 41407753,
                "LENGTH_KM": 3.02,
                "DIST_DN_KM": 71.400002,
                "DIST_UP_KM": 6.0,
                "CATCH_SKM": 10.87,
                "UPLAND_SKM": 10.9,
                "ENDORHEIC": 0,
                "DIS_AV_CMS": 0.243,
                "ORD_STRA": 1,
                "ORD_CLAS": 2,
                "ORD_FLOW": 7,
                "HYBAS_L12": 4121602030.0,
                "Shape_Length": 0.02723139127468076
            },
            "geometry": {
                "type": "LineString",
                "coordinates": [
                    [
                        81.27916666666633,
                        6.824999999999868
                    ],
                    [
                        81.2854166666663,
                        6.818749999999888
                    ],
                    [
                        81.2854166666663,
                        6.80625
                    ],
                    [
                        81.28958333333296,
                        6.802083333333208
                    ]
                ]
            }
        },
        {
            "type": "Feature",
            "properties": {
                "HYRIV_ID": 41406331,
                "NEXT_DOWN": 41406724,
                "MAIN_RIV": 41407753,
                "LENGTH_KM": 4.6500001,
                "DIST_DN_KM": 71.400002,
                "DIST_UP_KM": 41.0,
                "CATCH_SKM": 16.41,
                "UPLAND_SKM": 261.20001,
                "ENDORHEIC": 0,
                "DIS_AV_CMS": 5.8119998,
                "ORD_STRA": 3,
                "ORD_CLAS": 1,
                "ORD_FLOW": 6,
                "HYBAS_L12": 4121602030.0,
                "Shape_Length": 0.04196278254943979
            },
            "geometry": {
                "type": "LineString",
                "coordinates": [
                    [
                        81.30208333333294,
                        6.835416666666553
                    ],
                    [
                        81.29374999999962,
                        6.827083333333199
                    ],
                    [
                        81.29791666666628,
                        6.822916666666579
                    ],
                    [
                        81.29791666666628,
                        6.810416666666562
                    ],
                    [
                        81.28958333333296,
                        6.802083333333208
                    ]
                ]
            }
        },
        {
            "type": "Feature",
            "properties": {
                "HYRIV_ID": 41406372,
                "NEXT_DOWN": 41406556,
                "MAIN_RIV": 41407753,
                "LENGTH_KM": 2.7,
                "DIST_DN_KM": 59.8,
                "DIST_UP_KM": 25.5,
                "CATCH_SKM": 10.44,
                "UPLAND_SKM": 149.2,
                "ENDORHEIC": 0,
                "DIS_AV_CMS": 3.1140001,
                "ORD_STRA": 3,
                "ORD_CLAS": 2,
                "ORD_FLOW": 6,
                "HYBAS_L12": 4121602040.0,
                "Shape_Length": 0.02428511301975959
            },
            "geometry": {
                "type": "LineString",
                "coordinates": [
                    [
                        81.37291666666627,
                        6.814583333333225
                    ],
                    [
                        81.37291666666627,
                        6.80625
                    ],
                    [
                        81.36874999999961,
                        6.802083333333208
                    ],
                    [
                        81.36874999999961,
                        6.797916666666545
                    ],
                    [
                        81.37291666666627,
                        6.793749999999896
                    ]
                ]
            }
        },
        {
            "type": "Feature",
            "properties": {
                "HYRIV_ID": 41406373,
                "NEXT_DOWN": 41406556,
                "MAIN_RIV": 41407753,
                "LENGTH_KM": 2.27,
                "DIST_DN_KM": 59.599998,
                "DIST_UP_KM": 7.0,
                "CATCH_SKM": 8.5299997,
                "UPLAND_SKM": 8.5,
                "ENDORHEIC": 0,
                "DIS_AV_CMS": 0.17200001,
                "ORD_STRA": 1,
                "ORD_CLAS": 3,
                "ORD_FLOW": 7,
                "HYBAS_L12": 4121602040.0,
                "Shape_Length": 0.02047588984323519
            },
            "geometry": {
                "type": "LineString",
                "coordinates": [
                    [
                        81.38541666666626,
                        6.804166666666582
                    ],
                    [
                        81.38541666666626,
                        6.797916666666545
                    ],
                    [
                        81.3812499999996,
                        6.797916666666545
                    ],
                    [
                        81.37708333333293,
                        6.793749999999896
                    ],
                    [
                        81.37291666666627,
                        6.793749999999896
                    ]
                ]
            }
        },
        {
            "type": "Feature",
            "properties": {
                "HYRIV_ID": 41406556,
                "NEXT_DOWN": 41406595,
                "MAIN_RIV": 41407753,
                "LENGTH_KM": 4.3600001,
                "DIST_DN_KM": 55.3,
                "DIST_UP_KM": 30.0,
                "CATCH_SKM": 13.64,
                "UPLAND_SKM": 171.3,
                "ENDORHEIC": 0,
                "DIS_AV_CMS": 3.523,
                "ORD_STRA": 3,
                "ORD_CLAS": 2,
                "ORD_FLOW": 6,
                "HYBAS_L12": 4121158990.0,
                "Shape_Length": 0.03922588984322818
            },
            "geometry": {
                "type": "LineString",
                "coordinates": [
                    [
                        81.37291666666627,
                        6.793749999999896
                    ],
                    [
                        81.37291666666627,
                        6.777083333333216
                    ],
                    [
                        81.37708333333293,
                        6.772916666666553
                    ],
                    [
                        81.37708333333293,
                        6.756249999999888
                    ]
                ]
            }
        },
        {
            "type": "Feature",
            "properties": {
                "HYRIV_ID": 41406557,
                "NEXT_DOWN": 41406595,
                "MAIN_RIV": 41407753,
                "LENGTH_KM": 6.27,
                "DIST_DN_KM": 55.3,
                "DIST_UP_KM": 11.2,
                "CATCH_SKM": 22.59,
                "UPLAND_SKM": 22.6,
                "ENDORHEIC": 0,
                "DIS_AV_CMS": 0.44800001,
                "ORD_STRA": 1,
                "ORD_CLAS": 3,
                "ORD_FLOW": 7,
                "HYBAS_L12": 4121158990.0,
                "Shape_Length": 0.056546115882781675
            },
            "geometry": {
                "type": "LineString",
                "coordinates": [
                    [
                        81.40208333333297,
                        6.799999999999876
                    ],
                    [
                        81.40208333333297,
                        6.789583333333233
                    ],
                    [
                        81.39791666666625,
                        6.785416666666571
                    ],
                    [
                        81.39791666666625,
                        6.781249999999879
                    ],
                    [
                        81.39374999999964,
                        6.777083333333216
                    ],
                    [
                        81.39374999999964,
                        6.76875
                    ],
                    [
                        81.3812499999996,
                        6.756249999999888
                    ],
                    [
                        81.37708333333293,
                        6.756249999999888
                    ]
                ]
            }
        },
        {
            "type": "Feature",
            "properties": {
                "HYRIV_ID": 41406595,
                "NEXT_DOWN": 41406741,
                "MAIN_RIV": 41407753,
                "LENGTH_KM": 1.12,
                "DIST_DN_KM": 54.200001,
                "DIST_UP_KM": 31.1,
                "CATCH_SKM": 1.0700001,
                "UPLAND_SKM": 195.0,
                "ENDORHEIC": 0,
                "DIS_AV_CMS": 3.9809999,
                "ORD_STRA": 3,
                "ORD_CLAS": 2,
                "ORD_FLOW": 6,
                "HYBAS_L12": 4121158990.0,
                "Shape_Length": 0.010059223176545413
            },
            "geometry": {
                "type": "LineString",
                "coordinates": [
                    [
                        81.37708333333293,
                        6.756249999999888
                    ],
                    [
                        81.3812499999996,
                        6.752083333333225
                    ],
                    [
                        81.3812499999996,
                        6.747916666666562
                    ]
                ]
            }
        },
        {
            "type": "Feature",
            "properties": {
                "HYRIV_ID": 41406614,
                "NEXT_DOWN": 41406616,
                "MAIN_RIV": 41407753,
                "LENGTH_KM": 1.4400001,
                "DIST_DN_KM": 59.3,
                "DIST_UP_KM": 4.2,
                "CATCH_SKM": 11.3,
                "UPLAND_SKM": 11.3,
                "ENDORHEIC": 0,
                "DIS_AV_CMS": 0.239,
                "ORD_STRA": 1,
                "ORD_CLAS": 4,
                "ORD_FLOW": 7,
                "HYBAS_L12": 4121158990.0,
                "Shape_Length": 0.013005501431546974
            },
            "geometry": {
                "type": "LineString",
                "coordinates": [
                    [
                        81.32916666666628,
                        6.749999999999893
                    ],
                    [
                        81.33541666666636,
                        6.743749999999899
                    ],
                    [
                        81.33958333333302,
                        6.743749999999899
                    ]
                ]
            }
        },
        {
            "type": "Feature",
            "properties": {
                "HYRIV_ID": 41406615,
                "NEXT_DOWN": 41406616,
                "MAIN_RIV": 41407753,
                "LENGTH_KM": 4.3200002,
                "DIST_DN_KM": 59.5,
                "DIST_UP_KM": 7.7,
                "CATCH_SKM": 15.99,
                "UPLAND_SKM": 16.0,
                "ENDORHEIC": 0,
                "DIS_AV_CMS": 0.336,
                "ORD_STRA": 1,
                "ORD_CLAS": 3,
                "ORD_FLOW": 7,
                "HYBAS_L12": 4121158990.0,
                "Shape_Length": 0.03886844635317081
            },
            "geometry": {
                "type": "LineString",
                "coordinates": [
                    [
                        81.33124999999964,
                        6.77916666666659
                    ],
                    [
                        81.33124999999964,
                        6.76875
                    ],
                    [
                        81.33541666666636,
                        6.764583333333242
                    ],
                    [
                        81.33541666666636,
                        6.747916666666562
                    ],
                    [
                        81.33958333333302,
                        6.743749999999899
                    ]
                ]
            }
        },
        {
            "type": "Feature",
            "properties": {
                "HYRIV_ID": 41406616,
                "NEXT_DOWN": 41406741,
                "MAIN_RIV": 41407753,
                "LENGTH_KM": 5.1799998,
                "DIST_DN_KM": 54.200001,
                "DIST_UP_KM": 13.1,
                "CATCH_SKM": 14.28,
                "UPLAND_SKM": 41.599998,
                "ENDORHEIC": 0,
                "DIS_AV_CMS": 0.85900003,
                "ORD_STRA": 2,
                "ORD_CLAS": 3,
                "ORD_FLOW": 7,
                "HYBAS_L12": 4121158990.0,
                "Shape_Length": 0.046844336196214253
            },
            "geometry": {
                "type": "LineString",
                "coordinates": [
                    [
                        81.33958333333302,
                        6.743749999999899
                    ],
                    [
                        81.35208333333301,
                        6.743749999999899
                    ],
                    [
                        81.35624999999968,
                        6.747916666666562
                    ],
                    [
                        81.3604166666664,
                        6.743749999999899
                    ],
                    [
                        81.36458333333306,
                        6.747916666666562
                    ],
                    [
                        81.3812499999996,
                        6.747916666666562
                    ]
                ]
            }
        },
        {
            "type": "Feature",
            "properties": {
                "HYRIV_ID": 41406724,
                "NEXT_DOWN": 41406855,
                "MAIN_RIV": 41407753,
                "LENGTH_KM": 10.43,
                "DIST_DN_KM": 61.0,
                "DIST_UP_KM": 51.400002,
                "CATCH_SKM": 39.439999,
                "UPLAND_SKM": 311.5,
                "ENDORHEIC": 0,
                "DIS_AV_CMS": 6.756,
                "ORD_STRA": 3,
                "ORD_CLAS": 1,
                "ORD_FLOW": 6,
                "HYBAS_L12": 4121158980.0,
                "Shape_Length": 0.0939847882753865
            },
            "geometry": {
                "type": "LineString",
                "coordinates": [
                    [
                        81.28958333333296,
                        6.802083333333208
                    ],
                    [
                        81.29374999999962,
                        6.797916666666545
                    ],
                    [
                        81.28958333333296,
                        6.793749999999896
                    ],
                    [
                        81.28958333333296,
                        6.789583333333233
                    ],
                    [
                        81.29791666666628,
                        6.781249999999879
                    ],
                    [
                        81.29791666666628,
                        6.772916666666553
                    ],
                    [
                        81.28958333333296,
                        6.764583333333242
                    ],
                    [
                        81.29374999999962,
                        6.760416666666579
                    ],
                    [
                        81.28958333333296,
                        6.756249999999888
                    ],
                    [
                        81.29374999999962,
                        6.752083333333225
                    ],
                    [
                        81.29374999999962,
                        6.747916666666562
                    ],
                    [
                        81.28958333333296,
                        6.743749999999899
                    ],
                    [
                        81.28958333333296,
                        6.731249999999882
                    ],
                    [
                        81.29374999999962,
                        6.727083333333233
                    ]
                ]
            }
        },
        {
            "type": "Feature",
            "properties": {
                "HYRIV_ID": 41406741,
                "NEXT_DOWN": 41406975,
                "MAIN_RIV": 41407753,
                "LENGTH_KM": 3.9200001,
                "DIST_DN_KM": 50.400002,
                "DIST_UP_KM": 34.8,
                "CATCH_SKM": 14.5,
                "UPLAND_SKM": 251.10001,
                "ENDORHEIC": 0,
                "DIS_AV_CMS": 5.085,
                "ORD_STRA": 3,
                "ORD_CLAS": 2,
                "ORD_FLOW": 6,
                "HYBAS_L12": 4121158990.0,
                "Shape_Length": 0.03535533905930527
            },
            "geometry": {
                "type": "LineString",
                "coordinates": [
                    [
                        81.3812499999996,
                        6.747916666666562
                    ],
                    [
                        81.40624999999957,
                        6.722916666666571
                    ]
                ]
            }
        },
        {
            "type": "Feature",
            "properties": {
                "HYRIV_ID": 41406742,
                "NEXT_DOWN": 41406975,
                "MAIN_RIV": 41407753,
                "LENGTH_KM": 7.58,
                "DIST_DN_KM": 50.200001,
                "DIST_UP_KM": 10.4,
                "CATCH_SKM": 33.68,
                "UPLAND_SKM": 33.700001,
                "ENDORHEIC": 0,
                "DIS_AV_CMS": 0.644,
                "ORD_STRA": 1,
                "ORD_CLAS": 3,
                "ORD_FLOW": 7,
                "HYBAS_L12": 4121158990.0,
                "Shape_Length": 0.06833122890257172
            },
            "geometry": {
                "type": "LineString",
                "coordinates": [
                    [
                        81.43541666666627,
                        6.770833333333222
                    ],
                    [
                        81.43541666666627,
                        6.764583333333242
                    ],
                    [
                        81.42708333333294,
                        6.756249999999888
                    ],
                    [
                        81.42708333333294,
                        6.752083333333225
                    ],
                    [
                        81.43124999999961,
                        6.747916666666562
                    ],
                    [
                        81.43124999999961,
                        6.743749999999899
                    ],
                    [
                        81.42708333333294,
                        6.73958333333325
                    ],
                    [
                        81.42708333333294,
                        6.735416666666545
                    ],
                    [
                        81.42291666666628,
                        6.731249999999882
                    ],
                    [
                        81.41874999999962,
                        6.731249999999882
                    ],
                    [
                        81.4104166666663,
                        6.722916666666571
                    ],
                    [
                        81.40624999999957,
                        6.722916666666571
                    ]
                ]
            }
        },
        {
            "type": "Feature",
            "properties": {
                "HYRIV_ID": 41406779,
                "NEXT_DOWN": 41406855,
                "MAIN_RIV": 41407753,
                "LENGTH_KM": 2.27,
                "DIST_DN_KM": 60.8,
                "DIST_UP_KM": 4.7,
                "CATCH_SKM": 10.23,
                "UPLAND_SKM": 10.2,
                "ENDORHEIC": 0,
                "DIS_AV_CMS": 0.222,
                "ORD_STRA": 1,
                "ORD_CLAS": 2,
                "ORD_FLOW": 7,
                "HYBAS_L12": 4121158980.0,
                "Shape_Length": 0.020475889843231027
            },
            "geometry": {
                "type": "LineString",
                "coordinates": [
                    [
                        81.2854166666663,
                        6.712499999999885
                    ],
                    [
                        81.2854166666663,
                        6.71875
                    ],
                    [
                        81.28958333333296,
                        6.722916666666571
                    ],
                    [
                        81.28958333333296,
                        6.727083333333233
                    ],
                    [
                        81.29374999999962,
                        6.727083333333233
                    ]
                ]
            }
        },
        {
            "type": "Feature",
            "properties": {
                "HYRIV_ID": 41406780,
                "NEXT_DOWN": 41407072,
                "MAIN_RIV": 41407753,
                "LENGTH_KM": 2.08,
                "DIST_DN_KM": 48.3,
                "DIST_UP_KM": 5.5,
                "CATCH_SKM": 10.66,
                "UPLAND_SKM": 10.7,
                "ENDORHEIC": 0,
                "DIS_AV_CMS": 0.199,
                "ORD_STRA": 1,
                "ORD_CLAS": 2,
                "ORD_FLOW": 7,
                "HYBAS_L12": 4121602220.0,
                "Shape_Length": 0.018749999999997158
            },
            "geometry": {
                "type": "LineString",
                "coordinates": [
                    [
                        81.45624999999964,
                        6.733333333333213
                    ],
                    [
                        81.45624999999964,
                        6.714583333333216
                    ]
                ]
            }
        },
        {
            "type": "Feature",
            "properties": {
                "HYRIV_ID": 41406781,
                "NEXT_DOWN": 41407072,
                "MAIN_RIV": 41407753,
                "LENGTH_KM": 0.69,
                "DIST_DN_KM": 48.3,
                "DIST_UP_KM": 3.7,
                "CATCH_SKM": 8.1,
                "UPLAND_SKM": 8.1,
                "ENDORHEIC": 0,
                "DIS_AV_CMS": 0.148,
                "ORD_STRA": 1,
                "ORD_CLAS": 3,
                "ORD_FLOW": 7,
                "HYBAS_L12": 4121602220.0,
                "Shape_Length": 0.006249999999965894
            },
            "geometry": {
                "type": "LineString",
                "coordinates": [
                    [
                        81.46249999999961,
                        6.714583333333216
                    ],
                    [
                        81.45624999999964,
                        6.714583333333216
                    ]
                ]
            }
        },
        {
            "type": "Feature",
            "properties": {
                "HYRIV_ID": 41406855,
                "NEXT_DOWN": 41406856,
                "MAIN_RIV": 41407753,
                "LENGTH_KM": 5.9499998,
                "DIST_DN_KM": 55.0,
                "DIST_UP_KM": 57.3,
                "CATCH_SKM": 20.889999,
                "UPLAND_SKM": 342.70001,
                "ENDORHEIC": 0,
                "DIS_AV_CMS": 7.3150001,
                "ORD_STRA": 3,
                "ORD_CLAS": 1,
                "ORD_FLOW": 6,
                "HYBAS_L12": 4121158980.0,
                "Shape_Length": 0.05374789556927347
            },
            "geometry": {
                "type": "LineString",
                "coordinates": [
                    [
                        81.29374999999962,
                        6.727083333333233
                    ],
                    [
                        81.30624999999961,
                        6.714583333333216
                    ],
                    [
                        81.31041666666633,
                        6.714583333333216
                    ],
                    [
                        81.32291666666632,
                        6.702083333333242
                    ],
                    [
                        81.33124999999964,
                        6.702083333333242
                    ],
                    [
                        81.33541666666636,
                        6.697916666666579
                    ]
                ]
            }
        },
        {
            "type": "Feature",
            "properties": {
                "HYRIV_ID": 41406856,
                "NEXT_DOWN": 41406906,
                "MAIN_RIV": 41407753,
                "LENGTH_KM": 4.0700002,
                "DIST_DN_KM": 50.8,
                "DIST_UP_KM": 61.599998,
                "CATCH_SKM": 10.66,
                "UPLAND_SKM": 371.20001,
                "ENDORHEIC": 0,
                "DIS_AV_CMS": 7.8080001,
                "ORD_STRA": 3,
                "ORD_CLAS": 1,
                "ORD_FLOW": 6,
                "HYBAS_L12": 4121158980.0,
                "Shape_Length": 0.036785113019702144
            },
            "geometry": {
                "type": "LineString",
                "coordinates": [
                    [
                        81.33541666666636,
                        6.697916666666579
                    ],
                    [
                        81.33958333333302,
                        6.697916666666579
                    ],
                    [
                        81.34374999999957,
                        6.702083333333242
                    ],
                    [
                        81.35624999999968,
                        6.702083333333242
                    ],
                    [
                        81.3604166666664,
                        6.697916666666579
                    ],
                    [
                        81.36874999999961,
                        6.697916666666579
                    ]
                ]
            }
        },
        {
            "type": "Feature",
            "properties": {
                "HYRIV_ID": 41406857,
                "NEXT_DOWN": 41406906,
                "MAIN_RIV": 41407753,
                "LENGTH_KM": 1.63,
                "DIST_DN_KM": 51.0,
                "DIST_UP_KM": 5.5,
                "CATCH_SKM": 7.25,
                "UPLAND_SKM": 7.2,
                "ENDORHEIC": 0,
                "DIS_AV_CMS": 0.147,
                "ORD_STRA": 1,
                "ORD_CLAS": 2,
                "ORD_FLOW": 7,
                "HYBAS_L12": 4121158980.0,
                "Shape_Length": 0.014731391274555614
            },
            "geometry": {
                "type": "LineString",
                "coordinates": [
                    [
                        81.37083333333297,
                        6.708333333333222
                    ],
                    [
                        81.36458333333306,
                        6.702083333333242
                    ],
                    [
                        81.36874999999961,
                        6.697916666666579
                    ]
                ]
            }
        },
        {
            "type": "Feature",
            "properties": {
                "HYRIV_ID": 41406858,
                "NEXT_DOWN": 41406883,
                "MAIN_RIV": 41407753,
                "LENGTH_KM": 2.1,
                "DIST_DN_KM": 33.200001,
                "DIST_UP_KM": 6.2,
                "CATCH_SKM": 15.14,
                "UPLAND_SKM": 15.1,
                "ENDORHEIC": 0,
                "DIS_AV_CMS": 0.26,
                "ORD_STRA": 1,
                "ORD_CLAS": 4,
                "ORD_FLOW": 7,
                "HYBAS_L12": 4121159250.0,
                "Shape_Length": 0.018898057941339072
            },
            "geometry": {
                "type": "LineString",
                "coordinates": [
                    [
                        81.52499999999966,
                        6.712499999999885
                    ],
                    [
                        81.5354166666663,
                        6.702083333333242
                    ],
                    [
                        81.5354166666663,
                        6.697916666666579
                    ]
                ]
            }
        },
        {
            "type": "Feature",
            "properties": {
                "HYRIV_ID": 41406883,
                "NEXT_DOWN": 41407212,
                "MAIN_RIV": 41407753,
                "LENGTH_KM": 0.65,
                "DIST_DN_KM": 32.700001,
                "DIST_UP_KM": 7.7,
                "CATCH_SKM": 0.64,
                "UPLAND_SKM": 29.8,
                "ENDORHEIC": 0,
                "DIS_AV_CMS": 0.51099998,
                "ORD_STRA": 2,
                "ORD_CLAS": 3,
                "ORD_FLOW": 7,
                "HYBAS_L12": 4121159250.0,
                "Shape_Length": 0.005892556509912683
            },
            "geometry": {
                "type": "LineString",
                "coordinates": [
                    [
                        81.5354166666663,
                        6.697916666666579
                    ],
                    [
                        81.53958333333296,
                        6.693749999999874
                    ]
                ]
            }
        },
        {
            "type": "Feature",
            "properties": {
                "HYRIV_ID": 41406884,
                "NEXT_DOWN": 41407212,
                "MAIN_RIV": 41407753,
                "LENGTH_KM": 4.79,
                "DIST_DN_KM": 32.5,
                "DIST_UP_KM": 8.2,
                "CATCH_SKM": 17.049999,
                "UPLAND_SKM": 17.1,
                "ENDORHEIC": 0,
                "DIS_AV_CMS": 0.28600001,
                "ORD_STRA": 1,
                "ORD_CLAS": 2,
                "ORD_FLOW": 7,
                "HYBAS_L12": 4121159250.0,
                "Shape_Length": 0.043183170961163836
            },
            "geometry": {
                "type": "LineString",
                "coordinates": [
                    [
                        81.53749999999965,
                        6.729166666666565
                    ],
                    [
                        81.54791666666628,
                        6.71875
                    ],
                    [
                        81.54791666666628,
                        6.710416666666553
                    ],
                    [
                        81.53958333333296,
                        6.702083333333242
                    ],
                    [
                        81.53958333333296,
                        6.693749999999874
                    ]
                ]
            }
        },
        {
            "type": "Feature",
            "properties": {
                "HYRIV_ID": 41406906,
                "NEXT_DOWN": 41406974,
                "MAIN_RIV": 41407753,
                "LENGTH_KM": 3.1500001,
                "DIST_DN_KM": 47.8,
                "DIST_UP_KM": 64.5,
                "CATCH_SKM": 13.86,
                "UPLAND_SKM": 392.29999,
                "ENDORHEIC": 0,
                "DIS_AV_CMS": 8.158,
                "ORD_STRA": 3,
                "ORD_CLAS": 1,
                "ORD_FLOW": 6,
                "HYBAS_L12": 4121158980.0,
                "Shape_Length": 0.028451779686476872
            },
            "geometry": {
                "type": "LineString",
                "coordinates": [
                    [
                        81.36874999999961,
                        6.697916666666579
                    ],
                    [
                        81.38541666666626,
                        6.697916666666579
                    ],
                    [
                        81.39374999999964,
                        6.689583333333225
                    ]
                ]
            }
        },
        {
            "type": "Feature",
            "properties": {
                "HYRIV_ID": 41406907,
                "NEXT_DOWN": 41406883,
                "MAIN_RIV": 41407753,
                "LENGTH_KM": 2.09,
                "DIST_DN_KM": 33.3,
                "DIST_UP_KM": 7.1,
                "CATCH_SKM": 14.07,
                "UPLAND_SKM": 14.1,
                "ENDORHEIC": 0,
                "DIS_AV_CMS": 0.242,
                "ORD_STRA": 1,
                "ORD_CLAS": 3,
                "ORD_FLOW": 7,
                "HYBAS_L12": 4121159250.0,
                "Shape_Length": 0.018898057941352568
            },
            "geometry": {
                "type": "LineString",
                "coordinates": [
                    [
                        81.520833333333,
                        6.687499999999893
                    ],
                    [
                        81.52708333333297,
                        6.693749999999874
                    ],
                    [
                        81.53124999999957,
                        6.693749999999874
                    ],
                    [
                        81.5354166666663,
                        6.697916666666579
                    ]
                ]
            }
        },
        {
            "type": "Feature",
            "properties": {
                "HYRIV_ID": 41406973,
                "NEXT_DOWN": 41406974,
                "MAIN_RIV": 41407753,
                "LENGTH_KM": 3.84,
                "DIST_DN_KM": 47.599998,
                "DIST_UP_KM": 7.2,
                "CATCH_SKM": 15.78,
                "UPLAND_SKM": 15.8,
                "ENDORHEIC": 0,
                "DIS_AV_CMS": 0.309,
                "ORD_STRA": 1,
                "ORD_CLAS": 2,
                "ORD_FLOW": 7,
                "HYBAS_L12": 4121158980.0,
                "Shape_Length": 0.03470177968641262
            },
            "geometry": {
                "type": "LineString",
                "coordinates": [
                    [
                        81.3666666666663,
                        6.67708333333325
                    ],
                    [
                        81.38541666666626,
                        6.67708333333325
                    ],
                    [
                        81.39374999999964,
                        6.685416666666562
                    ],
                    [
                        81.39374999999964,
                        6.689583333333225
                    ]
                ]
            }
        },
        {
            "type": "Feature",
            "properties": {
                "HYRIV_ID": 41406974,
                "NEXT_DOWN": 41407071,
                "MAIN_RIV": 41407753,
                "LENGTH_KM": 2.8800001,
                "DIST_DN_KM": 45.0,
                "DIST_UP_KM": 67.400002,
                "CATCH_SKM": 4.48,
                "UPLAND_SKM": 412.60001,
                "ENDORHEIC": 0,
                "DIS_AV_CMS": 8.4899998,
                "ORD_STRA": 3,
                "ORD_CLAS": 1,
                "ORD_FLOW": 6,
                "HYBAS_L12": 4121158980.0,
                "Shape_Length": 0.026011002862963314
            },
            "geometry": {
                "type": "LineString",
                "coordinates": [
                    [
                        81.39374999999964,
                        6.689583333333225
                    ],
                    [
                        81.39791666666625,
                        6.689583333333225
                    ],
                    [
                        81.40624999999957,
                        6.681249999999899
                    ],
                    [
                        81.4104166666663,
                        6.681249999999899
                    ],
                    [
                        81.41458333333296,
                        6.67708333333325
                    ]
                ]
            }
        },
        {
            "type": "Feature",
            "properties": {
                "HYRIV_ID": 41406975,
                "NEXT_DOWN": 41407071,
                "MAIN_RIV": 41407753,
                "LENGTH_KM": 5.48,
                "DIST_DN_KM": 44.8,
                "DIST_UP_KM": 40.5,
                "CATCH_SKM": 15.35,
                "UPLAND_SKM": 300.10001,
                "ENDORHEIC": 0,
                "DIS_AV_CMS": 5.9299998,
                "ORD_STRA": 3,
                "ORD_CLAS": 2,
                "ORD_FLOW": 6,
                "HYBAS_L12": 4121158990.0,
                "Shape_Length": 0.04928511301979542
            },
            "geometry": {
                "type": "LineString",
                "coordinates": [
                    [
                        81.40624999999957,
                        6.722916666666571
                    ],
                    [
                        81.40624999999957,
                        6.71875
                    ],
                    [
                        81.4104166666663,
                        6.714583333333216
                    ],
                    [
                        81.4104166666663,
                        6.693749999999874
                    ],
                    [
                        81.41458333333296,
                        6.689583333333225
                    ],
                    [
                        81.41458333333296,
                        6.67708333333325
                    ]
                ]
            }
        },
        {
            "type": "Feature",
            "properties": {
                "HYRIV_ID": 41406992,
                "NEXT_DOWN": 41406856,
                "MAIN_RIV": 41407753,
                "LENGTH_KM": 3.87,
                "DIST_DN_KM": 55.0,
                "DIST_UP_KM": 6.9,
                "CATCH_SKM": 17.91,
                "UPLAND_SKM": 17.9,
                "ENDORHEIC": 0,
                "DIS_AV_CMS": 0.368,
                "ORD_STRA": 1,
                "ORD_CLAS": 2,
                "ORD_FLOW": 7,
                "HYBAS_L12": 4121158980.0,
                "Shape_Length": 0.034849837627978046
            },
            "geometry": {
                "type": "LineString",
                "coordinates": [
                    [
                        81.32499999999962,
                        6.670833333333213
                    ],
                    [
                        81.33541666666636,
                        6.681249999999899
                    ],
                    [
                        81.33541666666636,
                        6.689583333333225
                    ],
                    [
                        81.33124999999964,
                        6.693749999999874
                    ],
                    [
                        81.33541666666636,
                        6.697916666666579
                    ]
                ]
            }
        },
        {
            "type": "Feature",
            "properties": {
                "HYRIV_ID": 41407035,
                "NEXT_DOWN": 41407071,
                "MAIN_RIV": 41407753,
                "LENGTH_KM": 1.77,
                "DIST_DN_KM": 45.0,
                "DIST_UP_KM": 9.0,
                "CATCH_SKM": 2.35,
                "UPLAND_SKM": 29.200001,
                "ENDORHEIC": 0,
                "DIS_AV_CMS": 0.55699998,
                "ORD_STRA": 2,
                "ORD_CLAS": 3,
                "ORD_FLOW": 7,
                "HYBAS_L12": 4121602220.0,
                "Shape_Length": 0.015951779686484077
            },
            "geometry": {
                "type": "LineString",
                "coordinates": [
                    [
                        81.40624999999957,
                        6.664583333333233
                    ],
                    [
                        81.40624999999957,
                        6.668749999999882
                    ],
                    [
                        81.41458333333296,
                        6.67708333333325
                    ]
                ]
            }
        },
        {
            "type": "Feature",
            "properties": {
                "HYRIV_ID": 41407048,
                "NEXT_DOWN": 41407035,
                "MAIN_RIV": 41407753,
                "LENGTH_KM": 0.69,
                "DIST_DN_KM": 46.5,
                "DIST_UP_KM": 4.1,
                "CATCH_SKM": 5.9699998,
                "UPLAND_SKM": 6.0,
                "ENDORHEIC": 0,
                "DIS_AV_CMS": 0.112,
                "ORD_STRA": 1,
                "ORD_CLAS": 4,
                "ORD_FLOW": 7,
                "HYBAS_L12": 4121602220.0,
                "Shape_Length": 0.006249999999994316
            },
            "geometry": {
                "type": "LineString",
                "coordinates": [
                    [
                        81.40624999999957,
                        6.658333333333239
                    ],
                    [
                        81.40624999999957,
                        6.664583333333233
                    ]
                ]
            }
        },
        {
            "type": "Feature",
            "properties": {
                "HYRIV_ID": 41407071,
                "NEXT_DOWN": 41407192,
                "MAIN_RIV": 41407753,
                "LENGTH_KM": 3.73,
                "DIST_DN_KM": 41.200001,
                "DIST_UP_KM": 71.099998,
                "CATCH_SKM": 15.14,
                "UPLAND_SKM": 757.0,
                "ENDORHEIC": 0,
                "DIS_AV_CMS": 15.128,
                "ORD_STRA": 4,
                "ORD_CLAS": 1,
                "ORD_FLOW": 5,
                "HYBAS_L12": 4121602220.0,
                "Shape_Length": 0.03362944921613585
            },
            "geometry": {
                "type": "LineString",
                "coordinates": [
                    [
                        81.41458333333296,
                        6.67708333333325
                    ],
                    [
                        81.42291666666628,
                        6.668749999999882
                    ],
                    [
                        81.42708333333294,
                        6.668749999999882
                    ],
                    [
                        81.43958333333299,
                        6.65625
                    ]
                ]
            }
        },
        {
            "type": "Feature",
            "properties": {
                "HYRIV_ID": 41407072,
                "NEXT_DOWN": 41407192,
                "MAIN_RIV": 41407753,
                "LENGTH_KM": 7.25,
                "DIST_DN_KM": 41.200001,
                "DIST_UP_KM": 12.5,
                "CATCH_SKM": 20.889999,
                "UPLAND_SKM": 39.700001,
                "ENDORHEIC": 0,
                "DIS_AV_CMS": 0.72100002,
                "ORD_STRA": 2,
                "ORD_CLAS": 2,
                "ORD_FLOW": 7,
                "HYBAS_L12": 4121602220.0,
                "Shape_Length": 0.06523689270618735
            },
            "geometry": {
                "type": "LineString",
                "coordinates": [
                    [
                        81.45624999999964,
                        6.714583333333216
                    ],
                    [
                        81.45624999999964,
                        6.685416666666562
                    ],
                    [
                        81.45208333333298,
                        6.681249999999899
                    ],
                    [
                        81.45208333333298,
                        6.672916666666545
                    ],
                    [
                        81.44791666666632,
                        6.668749999999882
                    ],
                    [
                        81.44791666666632,
                        6.664583333333233
                    ],
                    [
                        81.43958333333299,
                        6.65625
                    ]
                ]
            }
        },
        {
            "type": "Feature",
            "properties": {
                "HYRIV_ID": 41407111,
                "NEXT_DOWN": 41407035,
                "MAIN_RIV": 41407753,
                "LENGTH_KM": 4.2199998,
                "DIST_DN_KM": 46.700001,
                "DIST_UP_KM": 7.2,
                "CATCH_SKM": 20.889999,
                "UPLAND_SKM": 20.9,
                "ENDORHEIC": 0,
                "DIS_AV_CMS": 0.40200001,
                "ORD_STRA": 1,
                "ORD_CLAS": 3,
                "ORD_FLOW": 7,
                "HYBAS_L12": 4121602220.0,
                "Shape_Length": 0.03815355937285854
            },
            "geometry": {
                "type": "LineString",
                "coordinates": [
                    [
                        81.37499999999963,
                        6.647916666666553
                    ],
                    [
                        81.38541666666626,
                        6.647916666666553
                    ],
                    [
                        81.38958333333292,
                        6.652083333333245
                    ],
                    [
                        81.39374999999964,
                        6.652083333333245
                    ],
                    [
                        81.40624999999957,
                        6.664583333333233
                    ]
                ]
            }
        },
        {
            "type": "Feature",
            "properties": {
                "HYRIV_ID": 41407192,
                "NEXT_DOWN": 41407210,
                "MAIN_RIV": 41407753,
                "LENGTH_KM": 4.6500001,
                "DIST_DN_KM": 36.400002,
                "DIST_UP_KM": 76.0,
                "CATCH_SKM": 11.09,
                "UPLAND_SKM": 807.79999,
                "ENDORHEIC": 0,
                "DIS_AV_CMS": 15.862,
                "ORD_STRA": 4,
                "ORD_CLAS": 1,
                "ORD_FLOW": 5,
                "HYBAS_L12": 4121602220.0,
                "Shape_Length": 0.04196278254949418
            },
            "geometry": {
                "type": "LineString",
                "coordinates": [
                    [
                        81.43958333333299,
                        6.65625
                    ],
                    [
                        81.44374999999965,
                        6.652083333333245
                    ],
                    [
                        81.44791666666632,
                        6.652083333333245
                    ],
                    [
                        81.4604166666663,
                        6.639583333333228
                    ],
                    [
                        81.46458333333297,
                        6.639583333333228
                    ],
                    [
                        81.46874999999969,
                        6.635416666666579
                    ],
                    [
                        81.46874999999969,
                        6.631249999999874
                    ]
                ]
            }
        },
        {
            "type": "Feature",
            "properties": {
                "HYRIV_ID": 41407209,
                "NEXT_DOWN": 41407210,
                "MAIN_RIV": 41407753,
                "LENGTH_KM": 3.0,
                "DIST_DN_KM": 36.400002,
                "DIST_UP_KM": 7.2,
                "CATCH_SKM": 18.549999,
                "UPLAND_SKM": 18.6,
                "ENDORHEIC": 0,
                "DIS_AV_CMS": 0.333,
                "ORD_STRA": 1,
                "ORD_CLAS": 2,
                "ORD_FLOW": 7,
                "HYBAS_L12": 4121602220.0,
                "Shape_Length": 0.027083333333393966
            },
            "geometry": {
                "type": "LineString",
                "coordinates": [
                    [
                        81.44583333333296,
                        6.627083333333211
                    ],
                    [
                        81.46874999999969,
                        6.627083333333211
                    ],
                    [
                        81.46874999999969,
                        6.631249999999874
                    ]
                ]
            }
        },
        {
            "type": "Feature",
            "properties": {
                "HYRIV_ID": 41407210,
                "NEXT_DOWN": 41407325,
                "MAIN_RIV": 41407753,
                "LENGTH_KM": 0.65,
                "DIST_DN_KM": 35.900002,
                "DIST_UP_KM": 76.400002,
                "CATCH_SKM": 0.64,
                "UPLAND_SKM": 827.0,
                "ENDORHEIC": 0,
                "DIS_AV_CMS": 16.181,
                "ORD_STRA": 4,
                "ORD_CLAS": 1,
                "ORD_FLOW": 5,
                "HYBAS_L12": 4121602220.0,
                "Shape_Length": 0.0058925565098825365
            },
            "geometry": {
                "type": "LineString",
                "coordinates": [
                    [
                        81.46874999999969,
                        6.631249999999874
                    ],
                    [
                        81.47291666666635,
                        6.627083333333211
                    ]
                ]
            }
        },
        {
            "type": "Feature",
            "properties": {
                "HYRIV_ID": 41407211,
                "NEXT_DOWN": 41407325,
                "MAIN_RIV": 41407753,
                "LENGTH_KM": 7.8400002,
                "DIST_DN_KM": 35.700001,
                "DIST_UP_KM": 10.8,
                "CATCH_SKM": 26.440001,
                "UPLAND_SKM": 26.4,
                "ENDORHEIC": 0,
                "DIS_AV_CMS": 0.463,
                "ORD_STRA": 1,
                "ORD_CLAS": 2,
                "ORD_FLOW": 7,
                "HYBAS_L12": 4121602220.0,
                "Shape_Length": 0.07062394778466227
            },
            "geometry": {
                "type": "LineString",
                "coordinates": [
                    [
                        81.47916666666626,
                        6.687499999999893
                    ],
                    [
                        81.48541666666634,
                        6.681249999999899
                    ],
                    [
                        81.48541666666634,
                        6.67708333333325
                    ],
                    [
                        81.48124999999968,
                        6.672916666666545
                    ],
                    [
                        81.48124999999968,
                        6.647916666666553
                    ],
                    [
                        81.47708333333301,
                        6.643749999999891
                    ],
                    [
                        81.47708333333301,
                        6.627083333333211
                    ],
                    [
                        81.47291666666635,
                        6.627083333333211
                    ]
                ]
            }
        },
        {
            "type": "Feature",
            "properties": {
                "HYRIV_ID": 41407212,
                "NEXT_DOWN": 41407430,
                "MAIN_RIV": 41407753,
                "LENGTH_KM": 11.15,
                "DIST_DN_KM": 21.5,
                "DIST_UP_KM": 19.200001,
                "CATCH_SKM": 36.669998,
                "UPLAND_SKM": 83.599998,
                "ENDORHEIC": 0,
                "DIS_AV_CMS": 1.3150001,
                "ORD_STRA": 2,
                "ORD_CLAS": 2,
                "ORD_FLOW": 6,
                "HYBAS_L12": 4121159250.0,
                "Shape_Length": 0.10059223176555115
            },
            "geometry": {
                "type": "LineString",
                "coordinates": [
                    [
                        81.53958333333296,
                        6.693749999999874
                    ],
                    [
                        81.53958333333296,
                        6.685416666666562
                    ],
                    [
                        81.54374999999962,
                        6.681249999999899
                    ],
                    [
                        81.55208333333294,
                        6.681249999999899
                    ],
                    [
                        81.56458333333293,
                        6.668749999999882
                    ],
                    [
                        81.57291666666632,
                        6.668749999999882
                    ],
                    [
                        81.57708333333298,
                        6.664583333333233
                    ],
                    [
                        81.57708333333298,
                        6.660416666666571
                    ],
                    [
                        81.57291666666632,
                        6.65625
                    ],
                    [
                        81.57708333333298,
                        6.652083333333245
                    ],
                    [
                        81.57708333333298,
                        6.643749999999891
                    ],
                    [
                        81.58124999999964,
                        6.639583333333228
                    ],
                    [
                        81.58124999999964,
                        6.635416666666579
                    ],
                    [
                        81.58958333333297,
                        6.627083333333211
                    ]
                ]
            }
        },
        {
            "type": "Feature",
            "properties": {
                "HYRIV_ID": 41407213,
                "NEXT_DOWN": 41407430,
                "MAIN_RIV": 41407753,
                "LENGTH_KM": 5.2399998,
                "DIST_DN_KM": 21.5,
                "DIST_UP_KM": 9.0,
                "CATCH_SKM": 27.93,
                "UPLAND_SKM": 27.9,
                "ENDORHEIC": 0,
                "DIS_AV_CMS": 0.429,
                "ORD_STRA": 1,
                "ORD_CLAS": 3,
                "ORD_FLOW": 7,
                "HYBAS_L12": 4121159250.0,
                "Shape_Length": 0.04720177968643384
            },
            "geometry": {
                "type": "LineString",
                "coordinates": [
                    [
                        81.58958333333297,
                        6.670833333333213
                    ],
                    [
                        81.58958333333297,
                        6.652083333333245
                    ],
                    [
                        81.59374999999963,
                        6.647916666666553
                    ],
                    [
                        81.59374999999963,
                        6.631249999999874
                    ],
                    [
                        81.58958333333297,
                        6.627083333333211
                    ]
                ]
            }
        },
        {
            "type": "Feature",
            "properties": {
                "HYRIV_ID": 41407260,
                "NEXT_DOWN": 41407328,
                "MAIN_RIV": 41407753,
                "LENGTH_KM": 3.02,
                "DIST_DN_KM": 30.1,
                "DIST_UP_KM": 7.0,
                "CATCH_SKM": 14.29,
                "UPLAND_SKM": 14.3,
                "ENDORHEIC": 0,
                "DIS_AV_CMS": 0.239,
                "ORD_STRA": 1,
                "ORD_CLAS": 2,
                "ORD_FLOW": 7,
                "HYBAS_L12": 4121159260.0,
                "Shape_Length": 0.027231391274693248
            },
            "geometry": {
                "type": "LineString",
                "coordinates": [
                    [
                        81.50833333333296,
                        6.641666666666559
                    ],
                    [
                        81.51458333333292,
                        6.635416666666579
                    ],
                    [
                        81.51458333333292,
                        6.631249999999874
                    ],
                    [
                        81.51041666666626,
                        6.627083333333211
                    ],
                    [
                        81.51041666666626,
                        6.618749999999899
                    ]
                ]
            }
        },
        {
            "type": "Feature",
            "properties": {
                "HYRIV_ID": 41407297,
                "NEXT_DOWN": 41407298,
                "MAIN_RIV": 41407753,
                "LENGTH_KM": 3.85,
                "DIST_DN_KM": 26.700001,
                "DIST_UP_KM": 6.6,
                "CATCH_SKM": 10.66,
                "UPLAND_SKM": 10.7,
                "ENDORHEIC": 0,
                "DIS_AV_CMS": 0.174,
                "ORD_STRA": 1,
                "ORD_CLAS": 2,
                "ORD_FLOW": 7,
                "HYBAS_L12": 4121159260.0,
                "Shape_Length": 0.03470177968641506
            },
            "geometry": {
                "type": "LineString",
                "coordinates": [
                    [
                        81.52708333333297,
                        6.641666666666559
                    ],
                    [
                        81.52708333333297,
                        6.618749999999899
                    ],
                    [
                        81.5354166666663,
                        6.610416666666588
                    ]
                ]
            }
        },
        {
            "type": "Feature",
            "properties": {
                "HYRIV_ID": 41407298,
                "NEXT_DOWN": 41407330,
                "MAIN_RIV": 41407753,
                "LENGTH_KM": 1.84,
                "DIST_DN_KM": 24.700001,
                "DIST_UP_KM": 87.699997,
                "CATCH_SKM": 3.84,
                "UPLAND_SKM": 943.40002,
                "ENDORHEIC": 0,
                "DIS_AV_CMS": 17.146,
                "ORD_STRA": 4,
                "ORD_CLAS": 1,
                "ORD_FLOW": 5,
                "HYBAS_L12": 4121159260.0,
                "Shape_Length": 0.01666666666665151
            },
            "geometry": {
                "type": "LineString",
                "coordinates": [
                    [
                        81.5354166666663,
                        6.610416666666588
                    ],
                    [
                        81.55208333333294,
                        6.610416666666588
                    ]
                ]
            }
        },
        {
            "type": "Feature",
            "properties": {
                "HYRIV_ID": 41407299,
                "NEXT_DOWN": 41407330,
                "MAIN_RIV": 41407753,
                "LENGTH_KM": 1.81,
                "DIST_DN_KM": 24.700001,
                "DIST_UP_KM": 4.5,
                "CATCH_SKM": 8.1,
                "UPLAND_SKM": 8.1,
                "ENDORHEIC": 0,
                "DIS_AV_CMS": 0.13,
                "ORD_STRA": 1,
                "ORD_CLAS": 2,
                "ORD_FLOW": 7,
                "HYBAS_L12": 4121159260.0,
                "Shape_Length": 0.016309223176525518
            },
            "geometry": {
                "type": "LineString",
                "coordinates": [
                    [
                        81.54791666666628,
                        6.624999999999893
                    ],
                    [
                        81.54791666666628,
                        6.618749999999899
                    ],
                    [
                        81.55208333333294,
                        6.614583333333236
                    ],
                    [
                        81.55208333333294,
                        6.610416666666588
                    ]
                ]
            }
        },
        {
            "type": "Feature",
            "properties": {
                "HYRIV_ID": 41407325,
                "NEXT_DOWN": 41407326,
                "MAIN_RIV": 41407753,
                "LENGTH_KM": 3.27,
                "DIST_DN_KM": 32.700001,
                "DIST_UP_KM": 79.699997,
                "CATCH_SKM": 5.33,
                "UPLAND_SKM": 858.70001,
                "ENDORHEIC": 0,
                "DIS_AV_CMS": 16.612,
                "ORD_STRA": 4,
                "ORD_CLAS": 1,
                "ORD_FLOW": 5,
                "HYBAS_L12": 4121602220.0,
                "Shape_Length": 0.029462782549462926
            },
            "geometry": {
                "type": "LineString",
                "coordinates": [
                    [
                        81.47291666666635,
                        6.627083333333211
                    ],
                    [
                        81.49374999999972,
                        6.606249999999882
                    ]
                ]
            }
        },
        {
            "type": "Feature",
            "properties": {
                "HYRIV_ID": 41407326,
                "NEXT_DOWN": 41407327,
                "MAIN_RIV": 41407753,
                "LENGTH_KM": 0.46,
                "DIST_DN_KM": 32.0,
                "DIST_UP_KM": 80.400002,
                "CATCH_SKM": 0.43,
                "UPLAND_SKM": 871.5,
                "ENDORHEIC": 0,
                "DIS_AV_CMS": 16.808001,
                "ORD_STRA": 4,
                "ORD_CLAS": 1,
                "ORD_FLOW": 5,
                "HYBAS_L12": 4121602220.0,
                "Shape_Length": 0.00416666666654919
            },
            "geometry": {
                "type": "LineString",
                "coordinates": [
                    [
                        81.49374999999972,
                        6.606249999999882
                    ],
                    [
                        81.49791666666627,
                        6.606249999999882
                    ]
                ]
            }
        },
        {
            "type": "Feature",
            "properties": {
                "HYRIV_ID": 41407327,
                "NEXT_DOWN": 41407328,
                "MAIN_RIV": 41407753,
                "LENGTH_KM": 1.96,
                "DIST_DN_KM": 30.200001,
                "DIST_UP_KM": 82.099998,
                "CATCH_SKM": 6.6100001,
                "UPLAND_SKM": 897.79999,
                "ENDORHEIC": 0,
                "DIS_AV_CMS": 17.087999,
                "ORD_STRA": 4,
                "ORD_CLAS": 1,
                "ORD_FLOW": 5,
                "HYBAS_L12": 4121159260.0,
                "Shape_Length": 0.017677669529667706
            },
            "geometry": {
                "type": "LineString",
                "coordinates": [
                    [
                        81.49791666666627,
                        6.606249999999882
                    ],
                    [
                        81.51041666666626,
                        6.618749999999899
                    ]
                ]
            }
        },
        {
            "type": "Feature",
            "properties": {
                "HYRIV_ID": 41407328,
                "NEXT_DOWN": 41407329,
                "MAIN_RIV": 41407753,
                "LENGTH_KM": 2.4200001,
                "DIST_DN_KM": 27.8,
                "DIST_UP_KM": 84.599998,
                "CATCH_SKM": 5.33,
                "UPLAND_SKM": 917.40002,
                "ENDORHEIC": 0,
                "DIS_AV_CMS": 17.142,
                "ORD_STRA": 4,
                "ORD_CLAS": 1,
                "ORD_FLOW": 5,
                "HYBAS_L12": 4121159260.0,
                "Shape_Length": 0.02184433619637078
            },
            "geometry": {
                "type": "LineString",
                "coordinates": [
                    [
                        81.51041666666626,
                        6.618749999999899
                    ],
                    [
                        81.51458333333292,
                        6.618749999999899
                    ],
                    [
                        81.52708333333297,
                        6.606249999999882
                    ]
                ]
            }
        },
        {
            "type": "Feature",
            "properties": {
                "HYRIV_ID": 41407329,
                "NEXT_DOWN": 41407298,
                "MAIN_RIV": 41407753,
                "LENGTH_KM": 1.11,
                "DIST_DN_KM": 26.700001,
                "DIST_UP_KM": 85.699997,
                "CATCH_SKM": 2.35,
                "UPLAND_SKM": 928.90002,
                "ENDORHEIC": 0,
                "DIS_AV_CMS": 17.190001,
                "ORD_STRA": 4,
                "ORD_CLAS": 1,
                "ORD_FLOW": 5,
                "HYBAS_L12": 4121159260.0,
                "Shape_Length": 0.01005922317655891
            },
            "geometry": {
                "type": "LineString",
                "coordinates": [
                    [
                        81.52708333333297,
                        6.606249999999882
                    ],
                    [
                        81.53124999999957,
                        6.606249999999882
                    ],
                    [
                        81.5354166666663,
                        6.610416666666588
                    ]
                ]
            }
        },
        {
            "type": "Feature",
            "properties": {
                "HYRIV_ID": 41407330,
                "NEXT_DOWN": 41407607,
                "MAIN_RIV": 41407753,
                "LENGTH_KM": 5.3800001,
                "DIST_DN_KM": 19.3,
                "DIST_UP_KM": 93.099998,
                "CATCH_SKM": 18.34,
                "UPLAND_SKM": 969.79999,
                "ENDORHEIC": 0,
                "DIS_AV_CMS": 16.853001,
                "ORD_STRA": 4,
                "ORD_CLAS": 1,
                "ORD_FLOW": 5,
                "HYBAS_L12": 4121159260.0,
                "Shape_Length": 0.04857022603955004
            },
            "geometry": {
                "type": "LineString",
                "coordinates": [
                    [
                        81.55208333333294,
                        6.610416666666588
                    ],
                    [
                        81.55624999999961,
                        6.610416666666588
                    ],
                    [
                        81.56041666666627,
                        6.614583333333236
                    ],
                    [
                        81.56458333333293,
                        6.614583333333236
                    ],
                    [
                        81.5687499999996,
                        6.610416666666588
                    ],
                    [
                        81.57291666666632,
                        6.614583333333236
                    ],
                    [
                        81.5854166666663,
                        6.614583333333236
                    ],
                    [
                        81.58958333333297,
                        6.610416666666588
                    ],
                    [
                        81.58958333333297,
                        6.606249999999882
                    ]
                ]
            }
        },
        {
            "type": "Feature",
            "properties": {
                "HYRIV_ID": 41407350,
                "NEXT_DOWN": 41407326,
                "MAIN_RIV": 41407753,
                "LENGTH_KM": 2.36,
                "DIST_DN_KM": 32.5,
                "DIST_UP_KM": 6.0,
                "CATCH_SKM": 12.37,
                "UPLAND_SKM": 12.4,
                "ENDORHEIC": 0,
                "DIS_AV_CMS": 0.214,
                "ORD_STRA": 1,
                "ORD_CLAS": 2,
                "ORD_FLOW": 7,
                "HYBAS_L12": 4121602220.0,
                "Shape_Length": 0.021338834764919525
            },
            "geometry": {
                "type": "LineString",
                "coordinates": [
                    [
                        81.4749999999996,
                        6.6
                    ],
                    [
                        81.48124999999968,
                        6.606249999999882
                    ],
                    [
                        81.49374999999972,
                        6.606249999999882
                    ]
                ]
            }
        },
        {
            "type": "Feature",
            "properties": {
                "HYRIV_ID": 41407351,
                "NEXT_DOWN": 41407329,
                "MAIN_RIV": 41407753,
                "LENGTH_KM": 0.69,
                "DIST_DN_KM": 27.6,
                "DIST_UP_KM": 4.9,
                "CATCH_SKM": 9.1700001,
                "UPLAND_SKM": 9.2,
                "ENDORHEIC": 0,
                "DIS_AV_CMS": 0.148,
                "ORD_STRA": 1,
                "ORD_CLAS": 2,
                "ORD_FLOW": 7,
                "HYBAS_L12": 4121159260.0,
                "Shape_Length": 0.006249999999980105
            },
            "geometry": {
                "type": "LineString",
                "coordinates": [
                    [
                        81.52708333333297,
                        6.6
                    ],
                    [
                        81.52708333333297,
                        6.606249999999882
                    ]
                ]
            }
        },
        {
            "type": "Feature",
            "properties": {
                "HYRIV_ID": 41407352,
                "NEXT_DOWN": 41407607,
                "MAIN_RIV": 41407753,
                "LENGTH_KM": 0.98,
                "DIST_DN_KM": 19.5,
                "DIST_UP_KM": 4.2,
                "CATCH_SKM": 8.7399998,
                "UPLAND_SKM": 8.7,
                "ENDORHEIC": 0,
                "DIS_AV_CMS": 0.134,
                "ORD_STRA": 1,
                "ORD_CLAS": 2,
                "ORD_FLOW": 7,
                "HYBAS_L12": 4121159260.0,
                "Shape_Length": 0.008838834764833853
            },
            "geometry": {
                "type": "LineString",
                "coordinates": [
                    [
                        81.58333333333294,
                        6.6
                    ],
                    [
                        81.58958333333297,
                        6.606249999999882
                    ]
                ]
            }
        },
        {
            "type": "Feature",
            "properties": {
                "HYRIV_ID": 41407430,
                "NEXT_DOWN": 41407592,
                "MAIN_RIV": 41407753,
                "LENGTH_KM": 7.0700002,
                "DIST_DN_KM": 14.5,
                "DIST_UP_KM": 26.200001,
                "CATCH_SKM": 13.01,
                "UPLAND_SKM": 124.5,
                "ENDORHEIC": 0,
                "DIS_AV_CMS": 1.857,
                "ORD_STRA": 2,
                "ORD_CLAS": 2,
                "ORD_FLOW": 6,
                "HYBAS_L12": 4121159250.0,
                "Shape_Length": 0.06380711874571424
            },
            "geometry": {
                "type": "LineString",
                "coordinates": [
                    [
                        81.58958333333297,
                        6.627083333333211
                    ],
                    [
                        81.59374999999963,
                        6.622916666666562
                    ],
                    [
                        81.59791666666635,
                        6.622916666666562
                    ],
                    [
                        81.60208333333301,
                        6.618749999999899
                    ],
                    [
                        81.60208333333301,
                        6.610416666666588
                    ],
                    [
                        81.62291666666638,
                        6.589583333333202
                    ],
                    [
                        81.62708333333305,
                        6.589583333333202
                    ],
                    [
                        81.6312499999996,
                        6.585416666666596
                    ]
                ]
            }
        },
        {
            "type": "Feature",
            "properties": {
                "HYRIV_ID": 41407431,
                "NEXT_DOWN": 41407592,
                "MAIN_RIV": 41407753,
                "LENGTH_KM": 10.17,
                "DIST_DN_KM": 14.3,
                "DIST_UP_KM": 13.3,
                "CATCH_SKM": 35.389999,
                "UPLAND_SKM": 35.400002,
                "ENDORHEIC": 0,
                "DIS_AV_CMS": 0.51099998,
                "ORD_STRA": 1,
                "ORD_CLAS": 3,
                "ORD_FLOW": 7,
                "HYBAS_L12": 4121159250.0,
                "Shape_Length": 0.09160533905910755
            },
            "geometry": {
                "type": "LineString",
                "coordinates": [
                    [
                        81.6312499999996,
                        6.666666666666551
                    ],
                    [
                        81.6312499999996,
                        6.639583333333228
                    ],
                    [
                        81.62708333333305,
                        6.635416666666579
                    ],
                    [
                        81.6312499999996,
                        6.631249999999874
                    ],
                    [
                        81.6312499999996,
                        6.622916666666562
                    ],
                    [
                        81.63958333333292,
                        6.614583333333236
                    ],
                    [
                        81.63958333333292,
                        6.602083333333219
                    ],
                    [
                        81.6312499999996,
                        6.59375
                    ],
                    [
                        81.6312499999996,
                        6.585416666666596
                    ]
                ]
            }
        },
        {
            "type": "Feature",
            "properties": {
                "HYRIV_ID": 41407461,
                "NEXT_DOWN": 41407327,
                "MAIN_RIV": 41407753,
                "LENGTH_KM": 4.0500002,
                "DIST_DN_KM": 32.0,
                "DIST_UP_KM": 7.7,
                "CATCH_SKM": 19.620001,
                "UPLAND_SKM": 19.6,
                "ENDORHEIC": 0,
                "DIS_AV_CMS": 0.32800001,
                "ORD_STRA": 1,
                "ORD_CLAS": 2,
                "ORD_FLOW": 7,
                "HYBAS_L12": 4121159260.0,
                "Shape_Length": 0.036575727471046975
            },
            "geometry": {
                "type": "LineString",
                "coordinates": [
                    [
                        81.48333333333292,
                        6.579166666666559
                    ],
                    [
                        81.489583333333,
                        6.585416666666596
                    ],
                    [
                        81.48541666666634,
                        6.589583333333202
                    ],
                    [
                        81.49791666666627,
                        6.602083333333219
                    ],
                    [
                        81.49791666666627,
                        6.606249999999882
                    ]
                ]
            }
        },
        {
            "type": "Feature",
            "properties": {
                "HYRIV_ID": 41407592,
                "NEXT_DOWN": 41407593,
                "MAIN_RIV": 41407753,
                "LENGTH_KM": 5.31,
                "DIST_DN_KM": 9.2,
                "DIST_UP_KM": 31.5,
                "CATCH_SKM": 8.3199997,
                "UPLAND_SKM": 168.2,
                "ENDORHEIC": 0,
                "DIS_AV_CMS": 2.4030001,
                "ORD_STRA": 2,
                "ORD_CLAS": 2,
                "ORD_FLOW": 6,
                "HYBAS_L12": 4121159250.0,
                "Shape_Length": 0.047855339059167425
            },
            "geometry": {
                "type": "LineString",
                "coordinates": [
                    [
                        81.6312499999996,
                        6.585416666666596
                    ],
                    [
                        81.63958333333292,
                        6.577083333333228
                    ],
                    [
                        81.63958333333292,
                        6.572916666666579
                    ],
                    [
                        81.6437499999997,
                        6.56875
                    ],
                    [
                        81.6437499999997,
                        6.560416666666562
                    ],
                    [
                        81.64791666666625,
                        6.556249999999899
                    ],
                    [
                        81.6437499999997,
                        6.552083333333236
                    ],
                    [
                        81.64791666666625,
                        6.547916666666573
                    ]
                ]
            }
        },
        {
            "type": "Feature",
            "properties": {
                "HYRIV_ID": 41407593,
                "NEXT_DOWN": 41407706,
                "MAIN_RIV": 41407753,
                "LENGTH_KM": 0.46,
                "DIST_DN_KM": 8.5,
                "DIST_UP_KM": 103.9,
                "CATCH_SKM": 0.43,
                "UPLAND_SKM": 1176.7,
                "ENDORHEIC": 0,
                "DIS_AV_CMS": 18.509001,
                "ORD_STRA": 4,
                "ORD_CLAS": 1,
                "ORD_FLOW": 5,
                "HYBAS_L12": 4120049980.0,
                "Shape_Length": 0.004166666666833407
            },
            "geometry": {
                "type": "LineString",
                "coordinates": [
                    [
                        81.64791666666625,
                        6.547916666666573
                    ],
                    [
                        81.65208333333308,
                        6.547916666666573
                    ]
                ]
            }
        },
        {
            "type": "Feature",
            "properties": {
                "HYRIV_ID": 41407594,
                "NEXT_DOWN": 41407706,
                "MAIN_RIV": 41407753,
                "LENGTH_KM": 3.85,
                "DIST_DN_KM": 8.7,
                "DIST_UP_KM": 8.3,
                "CATCH_SKM": 20.26,
                "UPLAND_SKM": 20.3,
                "ENDORHEIC": 0,
                "DIS_AV_CMS": 0.28,
                "ORD_STRA": 1,
                "ORD_CLAS": 2,
                "ORD_FLOW": 7,
                "HYBAS_L12": 4120049980.0,
                "Shape_Length": 0.03470177968638735
            },
            "geometry": {
                "type": "LineString",
                "coordinates": [
                    [
                        81.66666666666632,
                        6.572916666666579
                    ],
                    [
                        81.6604166666663,
                        6.572916666666579
                    ],
                    [
                        81.65624999999957,
                        6.56875
                    ],
                    [
                        81.65624999999957,
                        6.552083333333236
                    ],
                    [
                        81.65208333333308,
                        6.547916666666573
                    ]
                ]
            }
        },
        {
            "type": "Feature",
            "properties": {
                "HYRIV_ID": 41407607,
                "NEXT_DOWN": 41407593,
                "MAIN_RIV": 41407753,
                "LENGTH_KM": 10.34,
                "DIST_DN_KM": 9.2,
                "DIST_UP_KM": 103.2,
                "CATCH_SKM": 29.43,
                "UPLAND_SKM": 1008.0,
                "ENDORHEIC": 0,
                "DIS_AV_CMS": 16.184,
                "ORD_STRA": 4,
                "ORD_CLAS": 1,
                "ORD_FLOW": 5,
                "HYBAS_L12": 4121159260.0,
                "Shape_Length": 0.0932699012951703
            },
            "geometry": {
                "type": "LineString",
                "coordinates": [
                    [
                        81.58958333333297,
                        6.606249999999882
                    ],
                    [
                        81.60208333333301,
                        6.59375
                    ],
                    [
                        81.60208333333301,
                        6.589583333333202
                    ],
                    [
                        81.61041666666634,
                        6.581249999999891
                    ],
                    [
                        81.61041666666634,
                        6.577083333333228
                    ],
                    [
                        81.6312499999996,
                        6.556249999999899
                    ],
                    [
                        81.6312499999996,
                        6.552083333333236
                    ],
                    [
                        81.63958333333292,
                        6.54375
                    ],
                    [
                        81.6437499999997,
                        6.54375
                    ],
                    [
                        81.64791666666625,
                        6.547916666666573
                    ]
                ]
            }
        },
        {
            "type": "Feature",
            "properties": {
                "HYRIV_ID": 41407706,
                "NEXT_DOWN": 41407753,
                "MAIN_RIV": 41407753,
                "LENGTH_KM": 4.3800001,
                "DIST_DN_KM": 4.1,
                "DIST_UP_KM": 108.3,
                "CATCH_SKM": 7.89,
                "UPLAND_SKM": 1204.8,
                "ENDORHEIC": 0,
                "DIS_AV_CMS": 18.308001,
                "ORD_STRA": 4,
                "ORD_CLAS": 1,
                "ORD_FLOW": 5,
                "HYBAS_L12": 4120049980.0,
                "Shape_Length": 0.0395220057259179
            },
            "geometry": {
                "type": "LineString",
                "coordinates": [
                    [
                        81.65208333333308,
                        6.547916666666573
                    ],
                    [
                        81.67708333333294,
                        6.522916666666539
                    ],
                    [
                        81.68124999999961,
                        6.522916666666539
                    ]
                ]
            }
        },
        {
            "type": "Feature",
            "properties": {
                "HYRIV_ID": 41407707,
                "NEXT_DOWN": 41407753,
                "MAIN_RIV": 41407753,
                "LENGTH_KM": 3.2,
                "DIST_DN_KM": 4.3,
                "DIST_UP_KM": 5.7,
                "CATCH_SKM": 15.99,
                "UPLAND_SKM": 16.0,
                "ENDORHEIC": 0,
                "DIS_AV_CMS": 0.218,
                "ORD_STRA": 1,
                "ORD_CLAS": 2,
                "ORD_FLOW": 7,
                "HYBAS_L12": 4120049980.0,
                "Shape_Length": 0.028809223176572717
            },
            "geometry": {
                "type": "LineString",
                "coordinates": [
                    [
                        81.68541666666627,
                        6.55
                    ],
                    [
                        81.68541666666627,
                        6.527083333333245
                    ],
                    [
                        81.68124999999961,
                        6.522916666666539
                    ]
                ]
            }
        },
        {
            "type": "Feature",
            "properties": {
                "HYRIV_ID": 41407753,
                "NEXT_DOWN": 0,
                "MAIN_RIV": 41407753,
                "LENGTH_KM": 3.99,
                "DIST_DN_KM": 0.0,
                "DIST_UP_KM": 112.1,
                "CATCH_SKM": 8.5299997,
                "UPLAND_SKM": 1229.1,
                "ENDORHEIC": 0,
                "DIS_AV_CMS": 18.040001,
                "ORD_STRA": 4,
                "ORD_CLAS": 1,
                "ORD_FLOW": 5,
                "HYBAS_L12": 4120049980.0,
                "Shape_Length": 0.036070226039545475
            },
            "geometry": {
                "type": "LineString",
                "coordinates": [
                    [
                        81.68124999999961,
                        6.522916666666539
                    ],
                    [
                        81.68541666666627,
                        6.518749999999891
                    ],
                    [
                        81.69791666666632,
                        6.518749999999891
                    ],
                    [
                        81.70208333333298,
                        6.522916666666539
                    ],
                    [
                        81.7104166666663,
                        6.514583333333228
                    ]
                ]
            }
        }
    ]
}