{
    "type": "FeatureCollection",
    "features": [
        {
            "type": "Feature",
            "properties": {
                "HYRIV_ID": 41402603,
                "NEXT_DOWN": 41402604,
                "MAIN_RIV": 41402604,
                "LENGTH_KM": 0.98,
                "DIST_DN_KM": 6.4,
                "DIST_UP_KM": 4.4,
                "CATCH_SKM": 5.7399998,
                "UPLAND_SKM": 5.7,
                "ENDORHEIC": 0,
                "DIS_AV_CMS": 0.133,
                "ORD_STRA": 1,
                "ORD_CLAS": 2,
                "ORD_FLOW": 7,
                "HYBAS_L12": 4120049760.0,
                "Shape_Length": 0.00883883476479366
            },
            "geometry": {
                "type": "LineString",
                "coordinates": [
                    [
                        81.53333333333299,
                        7.758333333333219
                    ],
                    [
                        81.53958333333296,
                        7.764583333333199
                    ]
                ]
            }
        },
        {
            "type": "Feature",
            "properties": {
                "HYRIV_ID": 41402604,
                "NEXT_DOWN": 0,
                "MAIN_RIV": 41402604,
                "LENGTH_KM": 6.0900002,
                "DIST_DN_KM": 0.0,
                "DIST_UP_KM": 85.800003,
                "CATCH_SKM": 27.65,
                "UPLAND_SKM": 1337.1,
                "ENDORHEIC": 0,
                "DIS_AV_CMS": 29.650999,
                "ORD_STRA": 4,
                "ORD_CLAS": 1,
                "ORD_FLOW": 5,
                "HYBAS_L12": 4120049760.0,
                "Shape_Length": 0.0551776695296603
            },
            "geometry": {
                "type": "LineString",
                "coordinates": [
                    [
                        81.53958333333296,
                        7.764583333333199
                    ],
                    [
                        81.55624999999961,
                        7.764583333333199
                    ],
                    [
                        81.56041666666627,
                        7.768749999999862
                    ],
                    [
                        81.57708333333298,
                        7.768749999999862
                    ],
                    [
                        81.58124999999964,
                        7.764583333333199
                    ],
                    [
                        81.5854166666663,
                        7.764583333333199
                    ],
                    [
                        81.58958333333297,
                        7.760416666666551
                    ]
                ]
            }
        },
        {
            "type": "Feature",
            "properties": {
                "HYRIV_ID": 41402629,
                "NEXT_DOWN": 41402630,
                "MAIN_RIV": 41402604,
                "LENGTH_KM": 3.76,
                "DIST_DN_KM": 11.4,
                "DIST_UP_KM": 5.3,
                "CATCH_SKM": 17.440001,
                "UPLAND_SKM": 17.4,
                "ENDORHEIC": 0,
                "DIS_AV_CMS": 0.398,
                "ORD_STRA": 1,
                "ORD_CLAS": 2,
                "ORD_FLOW": 7,
                "HYBAS_L12": 4120049760.0,
                "Shape_Length": 0.03398689270622236
            },
            "geometry": {
                "type": "LineString",
                "coordinates": [
                    [
                        81.4749999999996,
                        7.764583333333199
                    ],
                    [
                        81.48124999999968,
                        7.764583333333199
                    ],
                    [
                        81.48541666666634,
                        7.768749999999862
                    ],
                    [
                        81.49791666666627,
                        7.756249999999888
                    ],
                    [
                        81.49791666666627,
                        7.752083333333225
                    ]
                ]
            }
        },
        {
            "type": "Feature",
            "properties": {
                "HYRIV_ID": 41402630,
                "NEXT_DOWN": 41402631,
                "MAIN_RIV": 41402604,
                "LENGTH_KM": 0.92,
                "DIST_DN_KM": 10.5,
                "DIST_UP_KM": 75.599998,
                "CATCH_SKM": 1.49,
                "UPLAND_SKM": 1274.5,
                "ENDORHEIC": 0,
                "DIS_AV_CMS": 28.895,
                "ORD_STRA": 4,
                "ORD_CLAS": 1,
                "ORD_FLOW": 5,
                "HYBAS_L12": 4120049760.0,
                "Shape_Length": 0.008333333333325754
            },
            "geometry": {
                "type": "LineString",
                "coordinates": [
                    [
                        81.49791666666627,
                        7.752083333333225
                    ],
                    [
                        81.5062499999996,
                        7.752083333333225
                    ]
                ]
            }
        },
        {
            "type": "Feature",
            "properties": {
                "HYRIV_ID": 41402631,
                "NEXT_DOWN": 41402604,
                "MAIN_RIV": 41402604,
                "LENGTH_KM": 4.25,
                "DIST_DN_KM": 6.2,
                "DIST_UP_KM": 79.900002,
                "CATCH_SKM": 12.76,
                "UPLAND_SKM": 1304.1,
                "ENDORHEIC": 0,
                "DIS_AV_CMS": 29.302999,
                "ORD_STRA": 4,
                "ORD_CLAS": 1,
                "ORD_FLOW": 5,
                "HYBAS_L12": 4120049760.0,
                "Shape_Length": 0.038511002863042085
            },
            "geometry": {
                "type": "LineString",
                "coordinates": [
                    [
                        81.5062499999996,
                        7.752083333333225
                    ],
                    [
                        81.51041666666626,
                        7.756249999999888
                    ],
                    [
                        81.51874999999976,
                        7.756249999999888
                    ],
                    [
                        81.52708333333297,
                        7.764583333333199
                    ],
                    [
                        81.53958333333296,
                        7.764583333333199
                    ]
                ]
            }
        },
        {
            "type": "Feature",
            "properties": {
                "HYRIV_ID": 41402706,
                "NEXT_DOWN": 41402707,
                "MAIN_RIV": 41402604,
                "LENGTH_KM": 0.69,
                "DIST_DN_KM": 15.1,
                "DIST_UP_KM": 4.0,
                "CATCH_SKM": 4.6799998,
                "UPLAND_SKM": 4.7,
                "ENDORHEIC": 0,
                "DIS_AV_CMS": 0.107,
                "ORD_STRA": 1,
                "ORD_CLAS": 3,
                "ORD_FLOW": 7,
                "HYBAS_L12": 4120049760.0,
                "Shape_Length": 0.006249999999980105
            },
            "geometry": {
                "type": "LineString",
                "coordinates": [
                    [
                        81.47291666666635,
                        7.737499999999876
                    ],
                    [
                        81.47291666666635,
                        7.731249999999896
                    ]
                ]
            }
        },
        {
            "type": "Feature",
            "properties": {
                "HYRIV_ID": 41402707,
                "NEXT_DOWN": 41402630,
                "MAIN_RIV": 41402604,
                "LENGTH_KM": 3.72,
                "DIST_DN_KM": 11.6,
                "DIST_UP_KM": 74.5,
                "CATCH_SKM": 13.83,
                "UPLAND_SKM": 1255.6,
                "ENDORHEIC": 0,
                "DIS_AV_CMS": 28.506001,
                "ORD_STRA": 4,
                "ORD_CLAS": 1,
                "ORD_FLOW": 5,
                "HYBAS_L12": 4120049760.0,
                "Shape_Length": 0.033629449216045416
            },
            "geometry": {
                "type": "LineString",
                "coordinates": [
                    [
                        81.47291666666635,
                        7.731249999999896
                    ],
                    [
                        81.47708333333301,
                        7.731249999999896
                    ],
                    [
                        81.49791666666627,
                        7.752083333333225
                    ]
                ]
            }
        },
        {
            "type": "Feature",
            "properties": {
                "HYRIV_ID": 41402724,
                "NEXT_DOWN": 41402725,
                "MAIN_RIV": 41402604,
                "LENGTH_KM": 2.0,
                "DIST_DN_KM": 17.8,
                "DIST_UP_KM": 3.8,
                "CATCH_SKM": 7.87,
                "UPLAND_SKM": 7.9,
                "ENDORHEIC": 0,
                "DIS_AV_CMS": 0.178,
                "ORD_STRA": 1,
                "ORD_CLAS": 3,
                "ORD_FLOW": 7,
                "HYBAS_L12": 4120049760.0,
                "Shape_Length": 0.018035113019779486
            },
            "geometry": {
                "type": "LineString",
                "coordinates": [
                    [
                        81.44374999999965,
                        7.741666666666539
                    ],
                    [
                        81.44374999999965,
                        7.735416666666545
                    ],
                    [
                        81.45208333333298,
                        7.727083333333191
                    ]
                ]
            }
        },
        {
            "type": "Feature",
            "properties": {
                "HYRIV_ID": 41402725,
                "NEXT_DOWN": 41402726,
                "MAIN_RIV": 41402604,
                "LENGTH_KM": 0.92,
                "DIST_DN_KM": 16.700001,
                "DIST_UP_KM": 18.6,
                "CATCH_SKM": 1.91,
                "UPLAND_SKM": 72.5,
                "ENDORHEIC": 0,
                "DIS_AV_CMS": 1.631,
                "ORD_STRA": 2,
                "ORD_CLAS": 2,
                "ORD_FLOW": 6,
                "HYBAS_L12": 4120049760.0,
                "Shape_Length": 0.008333333333325754
            },
            "geometry": {
                "type": "LineString",
                "coordinates": [
                    [
                        81.45208333333298,
                        7.727083333333191
                    ],
                    [
                        81.4604166666663,
                        7.727083333333191
                    ]
                ]
            }
        },
        {
            "type": "Feature",
            "properties": {
                "HYRIV_ID": 41402726,
                "NEXT_DOWN": 41402707,
                "MAIN_RIV": 41402604,
                "LENGTH_KM": 1.5700001,
                "DIST_DN_KM": 15.1,
                "DIST_UP_KM": 71.0,
                "CATCH_SKM": 3.62,
                "UPLAND_SKM": 1237.1,
                "ENDORHEIC": 0,
                "DIS_AV_CMS": 28.135,
                "ORD_STRA": 4,
                "ORD_CLAS": 1,
                "ORD_FLOW": 5,
                "HYBAS_L12": 4120049760.0,
                "Shape_Length": 0.01422588984329528
            },
            "geometry": {
                "type": "LineString",
                "coordinates": [
                    [
                        81.4604166666663,
                        7.727083333333191
                    ],
                    [
                        81.46458333333297,
                        7.731249999999896
                    ],
                    [
                        81.47291666666635,
                        7.731249999999896
                    ]
                ]
            }
        },
        {
            "type": "Feature",
            "properties": {
                "HYRIV_ID": 41402756,
                "NEXT_DOWN": 41402757,
                "MAIN_RIV": 41402604,
                "LENGTH_KM": 3.3900001,
                "DIST_DN_KM": 21.3,
                "DIST_UP_KM": 6.0,
                "CATCH_SKM": 9.1499996,
                "UPLAND_SKM": 9.1,
                "ENDORHEIC": 0,
                "DIS_AV_CMS": 0.206,
                "ORD_STRA": 1,
                "ORD_CLAS": 3,
                "ORD_FLOW": 7,
                "HYBAS_L12": 4120049760.0,
                "Shape_Length": 0.030683170961204632
            },
            "geometry": {
                "type": "LineString",
                "coordinates": [
                    [
                        81.41666666666637,
                        7.737499999999876
                    ],
                    [
                        81.4104166666663,
                        7.731249999999896
                    ],
                    [
                        81.41458333333296,
                        7.727083333333191
                    ],
                    [
                        81.41874999999962,
                        7.727083333333191
                    ],
                    [
                        81.42708333333294,
                        7.718749999999879
                    ]
                ]
            }
        },
        {
            "type": "Feature",
            "properties": {
                "HYRIV_ID": 41402757,
                "NEXT_DOWN": 41402725,
                "MAIN_RIV": 41402604,
                "LENGTH_KM": 3.53,
                "DIST_DN_KM": 17.8,
                "DIST_UP_KM": 17.5,
                "CATCH_SKM": 6.1700001,
                "UPLAND_SKM": 62.8,
                "ENDORHEIC": 0,
                "DIS_AV_CMS": 1.41,
                "ORD_STRA": 2,
                "ORD_CLAS": 2,
                "ORD_FLOW": 6,
                "HYBAS_L12": 4120049760.0,
                "Shape_Length": 0.0319035593728826
            },
            "geometry": {
                "type": "LineString",
                "coordinates": [
                    [
                        81.42708333333294,
                        7.718749999999879
                    ],
                    [
                        81.43124999999961,
                        7.722916666666528
                    ],
                    [
                        81.43541666666627,
                        7.718749999999879
                    ],
                    [
                        81.43958333333299,
                        7.718749999999879
                    ],
                    [
                        81.44374999999965,
                        7.722916666666528
                    ],
                    [
                        81.44791666666632,
                        7.722916666666528
                    ],
                    [
                        81.45208333333298,
                        7.727083333333191
                    ]
                ]
            }
        },
        {
            "type": "Feature",
            "properties": {
                "HYRIV_ID": 41402770,
                "NEXT_DOWN": 41402726,
                "MAIN_RIV": 41402604,
                "LENGTH_KM": 1.58,
                "DIST_DN_KM": 16.9,
                "DIST_UP_KM": 69.199997,
                "CATCH_SKM": 3.83,
                "UPLAND_SKM": 1161.0,
                "ENDORHEIC": 0,
                "DIS_AV_CMS": 26.447001,
                "ORD_STRA": 4,
                "ORD_CLAS": 1,
                "ORD_FLOW": 5,
                "HYBAS_L12": 4120049760.0,
                "Shape_Length": 0.014225889843194079
            },
            "geometry": {
                "type": "LineString",
                "coordinates": [
                    [
                        81.45624999999964,
                        7.714583333333216
                    ],
                    [
                        81.45624999999964,
                        7.722916666666528
                    ],
                    [
                        81.4604166666663,
                        7.727083333333191
                    ]
                ]
            }
        },
        {
            "type": "Feature",
            "properties": {
                "HYRIV_ID": 41402779,
                "NEXT_DOWN": 41402780,
                "MAIN_RIV": 41402604,
                "LENGTH_KM": 4.4200001,
                "DIST_DN_KM": 22.6,
                "DIST_UP_KM": 6.9,
                "CATCH_SKM": 15.1,
                "UPLAND_SKM": 15.1,
                "ENDORHEIC": 0,
                "DIS_AV_CMS": 0.339,
                "ORD_STRA": 1,
                "ORD_CLAS": 3,
                "ORD_FLOW": 7,
                "HYBAS_L12": 4120049760.0,
                "Shape_Length": 0.03987944921605911
            },
            "geometry": {
                "type": "LineString",
                "coordinates": [
                    [
                        81.39374999999964,
                        7.737499999999876
                    ],
                    [
                        81.39374999999964,
                        7.731249999999896
                    ],
                    [
                        81.40208333333297,
                        7.722916666666528
                    ],
                    [
                        81.40624999999957,
                        7.722916666666528
                    ],
                    [
                        81.41874999999962,
                        7.710416666666553
                    ]
                ]
            }
        },
        {
            "type": "Feature",
            "properties": {
                "HYRIV_ID": 41402780,
                "NEXT_DOWN": 41402757,
                "MAIN_RIV": 41402604,
                "LENGTH_KM": 1.3,
                "DIST_DN_KM": 21.3,
                "DIST_UP_KM": 14.0,
                "CATCH_SKM": 3.1900001,
                "UPLAND_SKM": 47.400002,
                "ENDORHEIC": 0,
                "DIS_AV_CMS": 1.066,
                "ORD_STRA": 2,
                "ORD_CLAS": 2,
                "ORD_FLOW": 6,
                "HYBAS_L12": 4120049760.0,
                "Shape_Length": 0.011785113019765073
            },
            "geometry": {
                "type": "LineString",
                "coordinates": [
                    [
                        81.41874999999962,
                        7.710416666666553
                    ],
                    [
                        81.42708333333294,
                        7.718749999999879
                    ]
                ]
            }
        },
        {
            "type": "Feature",
            "properties": {
                "HYRIV_ID": 41402781,
                "NEXT_DOWN": 41402631,
                "MAIN_RIV": 41402604,
                "LENGTH_KM": 6.54,
                "DIST_DN_KM": 10.5,
                "DIST_UP_KM": 10.1,
                "CATCH_SKM": 16.8,
                "UPLAND_SKM": 16.8,
                "ENDORHEIC": 0,
                "DIS_AV_CMS": 0.385,
                "ORD_STRA": 1,
                "ORD_CLAS": 2,
                "ORD_FLOW": 7,
                "HYBAS_L12": 4120049760.0,
                "Shape_Length": 0.0589868927061847
            },
            "geometry": {
                "type": "LineString",
                "coordinates": [
                    [
                        81.49791666666627,
                        7.708333333333236
                    ],
                    [
                        81.49791666666627,
                        7.714583333333216
                    ],
                    [
                        81.50208333333293,
                        7.714583333333216
                    ],
                    [
                        81.5062499999996,
                        7.718749999999879
                    ],
                    [
                        81.51041666666626,
                        7.718749999999879
                    ],
                    [
                        81.51458333333292,
                        7.722916666666528
                    ],
                    [
                        81.51458333333292,
                        7.727083333333191
                    ],
                    [
                        81.51041666666626,
                        7.731249999999896
                    ],
                    [
                        81.51041666666626,
                        7.735416666666545
                    ],
                    [
                        81.5062499999996,
                        7.739583333333208
                    ],
                    [
                        81.5062499999996,
                        7.752083333333225
                    ]
                ]
            }
        },
        {
            "type": "Feature",
            "properties": {
                "HYRIV_ID": 41402833,
                "NEXT_DOWN": 41402780,
                "MAIN_RIV": 41402604,
                "LENGTH_KM": 9.8900003,
                "DIST_DN_KM": 22.4,
                "DIST_UP_KM": 12.9,
                "CATCH_SKM": 29.139999,
                "UPLAND_SKM": 29.1,
                "ENDORHEIC": 0,
                "DIS_AV_CMS": 0.65499997,
                "ORD_STRA": 1,
                "ORD_CLAS": 2,
                "ORD_FLOW": 7,
                "HYBAS_L12": 4120049760.0,
                "Shape_Length": 0.0893126201772405
            },
            "geometry": {
                "type": "LineString",
                "coordinates": [
                    [
                        81.36249999999964,
                        7.712499999999885
                    ],
                    [
                        81.37291666666627,
                        7.722916666666528
                    ],
                    [
                        81.37708333333293,
                        7.722916666666528
                    ],
                    [
                        81.37708333333293,
                        7.718749999999879
                    ],
                    [
                        81.38541666666626,
                        7.710416666666553
                    ],
                    [
                        81.38958333333292,
                        7.710416666666553
                    ],
                    [
                        81.39374999999964,
                        7.70625
                    ],
                    [
                        81.39374999999964,
                        7.702083333333199
                    ],
                    [
                        81.40208333333297,
                        7.693749999999888
                    ],
                    [
                        81.40624999999957,
                        7.697916666666536
                    ],
                    [
                        81.41458333333296,
                        7.697916666666536
                    ],
                    [
                        81.41874999999962,
                        7.702083333333199
                    ],
                    [
                        81.41874999999962,
                        7.710416666666553
                    ]
                ]
            }
        },
        {
            "type": "Feature",
            "properties": {
                "HYRIV_ID": 41402910,
                "NEXT_DOWN": 41402911,
                "MAIN_RIV": 41402604,
                "LENGTH_KM": 2.82,
                "DIST_DN_KM": 28.0,
                "DIST_UP_KM": 5.9,
                "CATCH_SKM": 9.1499996,
                "UPLAND_SKM": 9.1,
                "ENDORHEIC": 0,
                "DIS_AV_CMS": 0.207,
                "ORD_STRA": 1,
                "ORD_CLAS": 3,
                "ORD_FLOW": 7,
                "HYBAS_L12": 4121157410.0,
                "Shape_Length": 0.02550550143150201
            },
            "geometry": {
                "type": "LineString",
                "coordinates": [
                    [
                        81.38333333333296,
                        7.683333333333188
                    ],
                    [
                        81.38958333333292,
                        7.677083333333208
                    ],
                    [
                        81.38958333333292,
                        7.672916666666545
                    ],
                    [
                        81.40208333333297,
                        7.672916666666545
                    ]
                ]
            }
        },
        {
            "type": "Feature",
            "properties": {
                "HYRIV_ID": 41402911,
                "NEXT_DOWN": 41402912,
                "MAIN_RIV": 41402604,
                "LENGTH_KM": 2.22,
                "DIST_DN_KM": 25.8,
                "DIST_UP_KM": 17.3,
                "CATCH_SKM": 3.83,
                "UPLAND_SKM": 90.0,
                "ENDORHEIC": 0,
                "DIS_AV_CMS": 2.02,
                "ORD_STRA": 2,
                "ORD_CLAS": 2,
                "ORD_FLOW": 6,
                "HYBAS_L12": 4121157410.0,
                "Shape_Length": 0.02011844635307418
            },
            "geometry": {
                "type": "LineString",
                "coordinates": [
                    [
                        81.40208333333297,
                        7.672916666666545
                    ],
                    [
                        81.40624999999957,
                        7.672916666666545
                    ],
                    [
                        81.4104166666663,
                        7.677083333333208
                    ],
                    [
                        81.41458333333296,
                        7.672916666666545
                    ],
                    [
                        81.41874999999962,
                        7.672916666666545
                    ]
                ]
            }
        },
        {
            "type": "Feature",
            "properties": {
                "HYRIV_ID": 41402912,
                "NEXT_DOWN": 41402770,
                "MAIN_RIV": 41402604,
                "LENGTH_KM": 7.5300002,
                "DIST_DN_KM": 18.3,
                "DIST_UP_KM": 24.9,
                "CATCH_SKM": 13.62,
                "UPLAND_SKM": 111.7,
                "ENDORHEIC": 0,
                "DIS_AV_CMS": 2.506,
                "ORD_STRA": 2,
                "ORD_CLAS": 2,
                "ORD_FLOW": 6,
                "HYBAS_L12": 4121157410.0,
                "Shape_Length": 0.06797378541250115
            },
            "geometry": {
                "type": "LineString",
                "coordinates": [
                    [
                        81.41874999999962,
                        7.672916666666545
                    ],
                    [
                        81.42291666666628,
                        7.672916666666545
                    ],
                    [
                        81.43124999999961,
                        7.68125
                    ],
                    [
                        81.43541666666627,
                        7.677083333333208
                    ],
                    [
                        81.44791666666632,
                        7.689583333333225
                    ],
                    [
                        81.44791666666632,
                        7.702083333333199
                    ],
                    [
                        81.45624999999964,
                        7.710416666666553
                    ],
                    [
                        81.45624999999964,
                        7.714583333333216
                    ]
                ]
            }
        },
        {
            "type": "Feature",
            "properties": {
                "HYRIV_ID": 41402913,
                "NEXT_DOWN": 41402770,
                "MAIN_RIV": 41402604,
                "LENGTH_KM": 5.0100002,
                "DIST_DN_KM": 18.5,
                "DIST_UP_KM": 67.599998,
                "CATCH_SKM": 11.91,
                "UPLAND_SKM": 1045.4,
                "ENDORHEIC": 0,
                "DIS_AV_CMS": 23.879,
                "ORD_STRA": 4,
                "ORD_CLAS": 1,
                "ORD_FLOW": 5,
                "HYBAS_L12": 4121157420.0,
                "Shape_Length": 0.04511844635311072
            },
            "geometry": {
                "type": "LineString",
                "coordinates": [
                    [
                        81.45624999999964,
                        7.672916666666545
                    ],
                    [
                        81.45624999999964,
                        7.697916666666536
                    ],
                    [
                        81.4604166666663,
                        7.702083333333199
                    ],
                    [
                        81.4604166666663,
                        7.710416666666553
                    ],
                    [
                        81.45624999999964,
                        7.714583333333216
                    ]
                ]
            }
        },
        {
            "type": "Feature",
            "properties": {
                "HYRIV_ID": 41402947,
                "NEXT_DOWN": 41402965,
                "MAIN_RIV": 41402604,
                "LENGTH_KM": 7.39,
                "DIST_DN_KM": 32.200001,
                "DIST_UP_KM": 10.0,
                "CATCH_SKM": 21.27,
                "UPLAND_SKM": 21.3,
                "ENDORHEIC": 0,
                "DIS_AV_CMS": 0.47600001,
                "ORD_STRA": 1,
                "ORD_CLAS": 3,
                "ORD_FLOW": 7,
                "HYBAS_L12": 4121157410.0,
                "Shape_Length": 0.06675339700078167
            },
            "geometry": {
                "type": "LineString",
                "coordinates": [
                    [
                        81.33333333333294,
                        7.712499999999885
                    ],
                    [
                        81.33958333333302,
                        7.70625
                    ],
                    [
                        81.33958333333302,
                        7.702083333333199
                    ],
                    [
                        81.34374999999957,
                        7.697916666666536
                    ],
                    [
                        81.34791666666635,
                        7.697916666666536
                    ],
                    [
                        81.35208333333301,
                        7.693749999999888
                    ],
                    [
                        81.35208333333301,
                        7.689583333333225
                    ],
                    [
                        81.3604166666664,
                        7.68125
                    ],
                    [
                        81.3604166666664,
                        7.677083333333208
                    ],
                    [
                        81.37291666666627,
                        7.664583333333191
                    ]
                ]
            }
        },
        {
            "type": "Feature",
            "properties": {
                "HYRIV_ID": 41402962,
                "NEXT_DOWN": 41402963,
                "MAIN_RIV": 41402604,
                "LENGTH_KM": 4.6799998,
                "DIST_DN_KM": 35.099998,
                "DIST_UP_KM": 8.0,
                "CATCH_SKM": 20.85,
                "UPLAND_SKM": 20.8,
                "ENDORHEIC": 0,
                "DIS_AV_CMS": 0.468,
                "ORD_STRA": 1,
                "ORD_CLAS": 2,
                "ORD_FLOW": 7,
                "HYBAS_L12": 4121157410.0,
                "Shape_Length": 0.04232022603967042
            },
            "geometry": {
                "type": "LineString",
                "coordinates": [
                    [
                        81.32083333333296,
                        7.677083333333208
                    ],
                    [
                        81.33124999999964,
                        7.677083333333208
                    ],
                    [
                        81.33541666666636,
                        7.68125
                    ],
                    [
                        81.34374999999957,
                        7.672916666666545
                    ],
                    [
                        81.34374999999957,
                        7.664583333333191
                    ],
                    [
                        81.34791666666635,
                        7.660416666666528
                    ]
                ]
            }
        },
        {
            "type": "Feature",
            "properties": {
                "HYRIV_ID": 41402963,
                "NEXT_DOWN": 41402964,
                "MAIN_RIV": 41402604,
                "LENGTH_KM": 0.46,
                "DIST_DN_KM": 34.5,
                "DIST_UP_KM": 8.6,
                "CATCH_SKM": 0.64,
                "UPLAND_SKM": 31.5,
                "ENDORHEIC": 0,
                "DIS_AV_CMS": 0.708,
                "ORD_STRA": 2,
                "ORD_CLAS": 2,
                "ORD_FLOW": 7,
                "HYBAS_L12": 4121157410.0,
                "Shape_Length": 0.004166666666662877
            },
            "geometry": {
                "type": "LineString",
                "coordinates": [
                    [
                        81.34791666666635,
                        7.660416666666528
                    ],
                    [
                        81.35208333333301,
                        7.660416666666528
                    ]
                ]
            }
        },
        {
            "type": "Feature",
            "properties": {
                "HYRIV_ID": 41402964,
                "NEXT_DOWN": 41402965,
                "MAIN_RIV": 41402604,
                "LENGTH_KM": 2.49,
                "DIST_DN_KM": 32.200001,
                "DIST_UP_KM": 10.9,
                "CATCH_SKM": 5.96,
                "UPLAND_SKM": 46.8,
                "ENDORHEIC": 0,
                "DIS_AV_CMS": 1.053,
                "ORD_STRA": 2,
                "ORD_CLAS": 2,
                "ORD_FLOW": 6,
                "HYBAS_L12": 4121157410.0,
                "Shape_Length": 0.0225592231764772
            },
            "geometry": {
                "type": "LineString",
                "coordinates": [
                    [
                        81.35208333333301,
                        7.660416666666528
                    ],
                    [
                        81.36874999999961,
                        7.660416666666528
                    ],
                    [
                        81.37291666666627,
                        7.664583333333191
                    ]
                ]
            }
        },
        {
            "type": "Feature",
            "properties": {
                "HYRIV_ID": 41402965,
                "NEXT_DOWN": 41402911,
                "MAIN_RIV": 41402604,
                "LENGTH_KM": 3.99,
                "DIST_DN_KM": 28.200001,
                "DIST_UP_KM": 14.9,
                "CATCH_SKM": 8.9399996,
                "UPLAND_SKM": 77.0,
                "ENDORHEIC": 0,
                "DIS_AV_CMS": 1.729,
                "ORD_STRA": 2,
                "ORD_CLAS": 2,
                "ORD_FLOW": 6,
                "HYBAS_L12": 4121157410.0,
                "Shape_Length": 0.03607022603957907
            },
            "geometry": {
                "type": "LineString",
                "coordinates": [
                    [
                        81.37291666666627,
                        7.664583333333191
                    ],
                    [
                        81.3812499999996,
                        7.664583333333191
                    ],
                    [
                        81.38541666666626,
                        7.660416666666528
                    ],
                    [
                        81.38958333333292,
                        7.660416666666528
                    ],
                    [
                        81.40208333333297,
                        7.672916666666545
                    ]
                ]
            }
        },
        {
            "type": "Feature",
            "properties": {
                "HYRIV_ID": 41402966,
                "NEXT_DOWN": 41402912,
                "MAIN_RIV": 41402604,
                "LENGTH_KM": 2.09,
                "DIST_DN_KM": 25.8,
                "DIST_UP_KM": 4.6,
                "CATCH_SKM": 8.08,
                "UPLAND_SKM": 8.1,
                "ENDORHEIC": 0,
                "DIS_AV_CMS": 0.184,
                "ORD_STRA": 1,
                "ORD_CLAS": 3,
                "ORD_FLOW": 7,
                "HYBAS_L12": 4121157410.0,
                "Shape_Length": 0.018898057941365058
            },
            "geometry": {
                "type": "LineString",
                "coordinates": [
                    [
                        81.40833333333299,
                        7.658333333333196
                    ],
                    [
                        81.41874999999962,
                        7.668749999999896
                    ],
                    [
                        81.41874999999962,
                        7.672916666666545
                    ]
                ]
            }
        },
        {
            "type": "Feature",
            "properties": {
                "HYRIV_ID": 41402984,
                "NEXT_DOWN": 41402913,
                "MAIN_RIV": 41402604,
                "LENGTH_KM": 2.37,
                "DIST_DN_KM": 23.3,
                "DIST_UP_KM": 5.2,
                "CATCH_SKM": 10.85,
                "UPLAND_SKM": 10.8,
                "ENDORHEIC": 0,
                "DIS_AV_CMS": 0.249,
                "ORD_STRA": 1,
                "ORD_CLAS": 2,
                "ORD_FLOW": 7,
                "HYBAS_L12": 4121157420.0,
                "Shape_Length": 0.021338834764850906
            },
            "geometry": {
                "type": "LineString",
                "coordinates": [
                    [
                        81.44999999999962,
                        7.654166666666548
                    ],
                    [
                        81.45624999999964,
                        7.660416666666528
                    ],
                    [
                        81.45624999999964,
                        7.672916666666545
                    ]
                ]
            }
        },
        {
            "type": "Feature",
            "properties": {
                "HYRIV_ID": 41402985,
                "NEXT_DOWN": 41402913,
                "MAIN_RIV": 41402604,
                "LENGTH_KM": 3.35,
                "DIST_DN_KM": 23.5,
                "DIST_UP_KM": 62.599998,
                "CATCH_SKM": 7.4499998,
                "UPLAND_SKM": 1022.7,
                "ENDORHEIC": 0,
                "DIS_AV_CMS": 23.431,
                "ORD_STRA": 4,
                "ORD_CLAS": 1,
                "ORD_FLOW": 5,
                "HYBAS_L12": 4121157420.0,
                "Shape_Length": 0.03017766952967471
            },
            "geometry": {
                "type": "LineString",
                "coordinates": [
                    [
                        81.46874999999969,
                        7.656249999999879
                    ],
                    [
                        81.46874999999969,
                        7.668749999999896
                    ],
                    [
                        81.46458333333297,
                        7.672916666666545
                    ],
                    [
                        81.4604166666663,
                        7.668749999999896
                    ],
                    [
                        81.45624999999964,
                        7.672916666666545
                    ]
                ]
            }
        },
        {
            "type": "Feature",
            "properties": {
                "HYRIV_ID": 41402995,
                "NEXT_DOWN": 41402963,
                "MAIN_RIV": 41402604,
                "LENGTH_KM": 2.9100001,
                "DIST_DN_KM": 34.900002,
                "DIST_UP_KM": 5.6,
                "CATCH_SKM": 10.0,
                "UPLAND_SKM": 10.0,
                "ENDORHEIC": 0,
                "DIS_AV_CMS": 0.226,
                "ORD_STRA": 1,
                "ORD_CLAS": 3,
                "ORD_FLOW": 7,
                "HYBAS_L12": 4121157410.0,
                "Shape_Length": 0.026368446353177005
            },
            "geometry": {
                "type": "LineString",
                "coordinates": [
                    [
                        81.32499999999962,
                        7.652083333333216
                    ],
                    [
                        81.33124999999964,
                        7.652083333333216
                    ],
                    [
                        81.33541666666636,
                        7.656249999999879
                    ],
                    [
                        81.33958333333302,
                        7.656249999999879
                    ],
                    [
                        81.34374999999957,
                        7.660416666666528
                    ],
                    [
                        81.34791666666635,
                        7.660416666666528
                    ]
                ]
            }
        },
        {
            "type": "Feature",
            "properties": {
                "HYRIV_ID": 41403024,
                "NEXT_DOWN": 41402964,
                "MAIN_RIV": 41402604,
                "LENGTH_KM": 2.37,
                "DIST_DN_KM": 34.5,
                "DIST_UP_KM": 6.1,
                "CATCH_SKM": 9.3599997,
                "UPLAND_SKM": 9.4,
                "ENDORHEIC": 0,
                "DIS_AV_CMS": 0.212,
                "ORD_STRA": 1,
                "ORD_CLAS": 3,
                "ORD_FLOW": 7,
                "HYBAS_L12": 4121157410.0,
                "Shape_Length": 0.02133883476484847
            },
            "geometry": {
                "type": "LineString",
                "coordinates": [
                    [
                        81.34583333333293,
                        7.641666666666573
                    ],
                    [
                        81.35208333333301,
                        7.647916666666553
                    ],
                    [
                        81.35208333333301,
                        7.660416666666528
                    ]
                ]
            }
        },
        {
            "type": "Feature",
            "properties": {
                "HYRIV_ID": 41403106,
                "NEXT_DOWN": 41403107,
                "MAIN_RIV": 41402604,
                "LENGTH_KM": 2.74,
                "DIST_DN_KM": 32.400002,
                "DIST_UP_KM": 5.1,
                "CATCH_SKM": 6.5900002,
                "UPLAND_SKM": 6.6,
                "ENDORHEIC": 0,
                "DIS_AV_CMS": 0.151,
                "ORD_STRA": 1,
                "ORD_CLAS": 2,
                "ORD_FLOW": 7,
                "HYBAS_L12": 4121157420.0,
                "Shape_Length": 0.024790614451318648
            },
            "geometry": {
                "type": "LineString",
                "coordinates": [
                    [
                        81.42083333333292,
                        7.633333333333205
                    ],
                    [
                        81.43541666666627,
                        7.618749999999899
                    ],
                    [
                        81.43958333333299,
                        7.618749999999899
                    ]
                ]
            }
        },
        {
            "type": "Feature",
            "properties": {
                "HYRIV_ID": 41403107,
                "NEXT_DOWN": 41402985,
                "MAIN_RIV": 41402604,
                "LENGTH_KM": 5.7600002,
                "DIST_DN_KM": 26.6,
                "DIST_UP_KM": 59.5,
                "CATCH_SKM": 18.09,
                "UPLAND_SKM": 944.40002,
                "ENDORHEIC": 0,
                "DIS_AV_CMS": 21.666,
                "ORD_STRA": 4,
                "ORD_CLAS": 1,
                "ORD_FLOW": 5,
                "HYBAS_L12": 4121157420.0,
                "Shape_Length": 0.05202200572599281
            },
            "geometry": {
                "type": "LineString",
                "coordinates": [
                    [
                        81.43958333333299,
                        7.618749999999899
                    ],
                    [
                        81.44374999999965,
                        7.618749999999899
                    ],
                    [
                        81.46458333333297,
                        7.639583333333242
                    ],
                    [
                        81.46458333333297,
                        7.643749999999891
                    ],
                    [
                        81.46874999999969,
                        7.647916666666553
                    ],
                    [
                        81.46874999999969,
                        7.656249999999879
                    ]
                ]
            }
        },
        {
            "type": "Feature",
            "properties": {
                "HYRIV_ID": 41403124,
                "NEXT_DOWN": 41403125,
                "MAIN_RIV": 41402604,
                "LENGTH_KM": 1.35,
                "DIST_DN_KM": 36.900002,
                "DIST_UP_KM": 4.5,
                "CATCH_SKM": 7.23,
                "UPLAND_SKM": 7.2,
                "ENDORHEIC": 0,
                "DIS_AV_CMS": 0.16500001,
                "ORD_STRA": 1,
                "ORD_CLAS": 2,
                "ORD_FLOW": 7,
                "HYBAS_L12": 4121157420.0,
                "Shape_Length": 0.012142556509937143
            },
            "geometry": {
                "type": "LineString",
                "coordinates": [
                    [
                        81.39791666666625,
                        7.624999999999893
                    ],
                    [
                        81.39791666666625,
                        7.618749999999899
                    ],
                    [
                        81.40208333333297,
                        7.614583333333208
                    ]
                ]
            }
        },
        {
            "type": "Feature",
            "properties": {
                "HYRIV_ID": 41403125,
                "NEXT_DOWN": 41403126,
                "MAIN_RIV": 41402604,
                "LENGTH_KM": 2.3,
                "DIST_DN_KM": 34.400002,
                "DIST_UP_KM": 51.700001,
                "CATCH_SKM": 4.4699998,
                "UPLAND_SKM": 873.70001,
                "ENDORHEIC": 0,
                "DIS_AV_CMS": 20.132,
                "ORD_STRA": 4,
                "ORD_CLAS": 1,
                "ORD_FLOW": 5,
                "HYBAS_L12": 4121157420.0,
                "Shape_Length": 0.020833333333314386
            },
            "geometry": {
                "type": "LineString",
                "coordinates": [
                    [
                        81.40208333333297,
                        7.614583333333208
                    ],
                    [
                        81.42291666666628,
                        7.614583333333208
                    ]
                ]
            }
        },
        {
            "type": "Feature",
            "properties": {
                "HYRIV_ID": 41403126,
                "NEXT_DOWN": 41403127,
                "MAIN_RIV": 41402604,
                "LENGTH_KM": 1.38,
                "DIST_DN_KM": 33.0,
                "DIST_UP_KM": 53.099998,
                "CATCH_SKM": 4.4699998,
                "UPLAND_SKM": 904.20001,
                "ENDORHEIC": 0,
                "DIS_AV_CMS": 20.813,
                "ORD_STRA": 4,
                "ORD_CLAS": 1,
                "ORD_FLOW": 5,
                "HYBAS_L12": 4121157420.0,
                "Shape_Length": 0.012499999999988631
            },
            "geometry": {
                "type": "LineString",
                "coordinates": [
                    [
                        81.42291666666628,
                        7.614583333333208
                    ],
                    [
                        81.43541666666627,
                        7.614583333333208
                    ]
                ]
            }
        },
        {
            "type": "Feature",
            "properties": {
                "HYRIV_ID": 41403127,
                "NEXT_DOWN": 41403107,
                "MAIN_RIV": 41402604,
                "LENGTH_KM": 0.65,
                "DIST_DN_KM": 32.599998,
                "DIST_UP_KM": 53.5,
                "CATCH_SKM": 0.85,
                "UPLAND_SKM": 919.70001,
                "ENDORHEIC": 0,
                "DIS_AV_CMS": 21.164,
                "ORD_STRA": 4,
                "ORD_CLAS": 1,
                "ORD_FLOW": 5,
                "HYBAS_L12": 4121157420.0,
                "Shape_Length": 0.005892556509942829
            },
            "geometry": {
                "type": "LineString",
                "coordinates": [
                    [
                        81.43541666666627,
                        7.614583333333208
                    ],
                    [
                        81.43958333333299,
                        7.618749999999899
                    ]
                ]
            }
        },
        {
            "type": "Feature",
            "properties": {
                "HYRIV_ID": 41403169,
                "NEXT_DOWN": 41403204,
                "MAIN_RIV": 41402604,
                "LENGTH_KM": 0.98,
                "DIST_DN_KM": 41.900002,
                "DIST_UP_KM": 3.8,
                "CATCH_SKM": 6.1700001,
                "UPLAND_SKM": 6.2,
                "ENDORHEIC": 0,
                "DIS_AV_CMS": 0.14,
                "ORD_STRA": 1,
                "ORD_CLAS": 3,
                "ORD_FLOW": 7,
                "HYBAS_L12": 4121157630.0,
                "Shape_Length": 0.00883883476479366
            },
            "geometry": {
                "type": "LineString",
                "coordinates": [
                    [
                        81.36249999999964,
                        7.608333333333213
                    ],
                    [
                        81.36874999999961,
                        7.602083333333233
                    ]
                ]
            }
        },
        {
            "type": "Feature",
            "properties": {
                "HYRIV_ID": 41403170,
                "NEXT_DOWN": 41403171,
                "MAIN_RIV": 41402604,
                "LENGTH_KM": 1.4400001,
                "DIST_DN_KM": 38.700001,
                "DIST_UP_KM": 4.4,
                "CATCH_SKM": 5.96,
                "UPLAND_SKM": 6.0,
                "ENDORHEIC": 0,
                "DIS_AV_CMS": 0.13600001,
                "ORD_STRA": 1,
                "ORD_CLAS": 2,
                "ORD_FLOW": 7,
                "HYBAS_L12": 4121157420.0,
                "Shape_Length": 0.013005501431482519
            },
            "geometry": {
                "type": "LineString",
                "coordinates": [
                    [
                        81.38333333333296,
                        7.6125
                    ],
                    [
                        81.38958333333292,
                        7.606249999999882
                    ],
                    [
                        81.38958333333292,
                        7.602083333333233
                    ]
                ]
            }
        },
        {
            "type": "Feature",
            "properties": {
                "HYRIV_ID": 41403171,
                "NEXT_DOWN": 41403125,
                "MAIN_RIV": 41402604,
                "LENGTH_KM": 1.96,
                "DIST_DN_KM": 36.900002,
                "DIST_UP_KM": 49.200001,
                "CATCH_SKM": 7.87,
                "UPLAND_SKM": 862.0,
                "ENDORHEIC": 0,
                "DIS_AV_CMS": 19.896,
                "ORD_STRA": 4,
                "ORD_CLAS": 1,
                "ORD_FLOW": 5,
                "HYBAS_L12": 4121157420.0,
                "Shape_Length": 0.017677669529677757
            },
            "geometry": {
                "type": "LineString",
                "coordinates": [
                    [
                        81.38958333333292,
                        7.602083333333233
                    ],
                    [
                        81.40208333333297,
                        7.614583333333208
                    ]
                ]
            }
        },
        {
            "type": "Feature",
            "properties": {
                "HYRIV_ID": 41403183,
                "NEXT_DOWN": 41403171,
                "MAIN_RIV": 41402604,
                "LENGTH_KM": 0.65,
                "DIST_DN_KM": 38.900002,
                "DIST_UP_KM": 47.200001,
                "CATCH_SKM": 0.43,
                "UPLAND_SKM": 848.20001,
                "ENDORHEIC": 0,
                "DIS_AV_CMS": 19.598,
                "ORD_STRA": 4,
                "ORD_CLAS": 1,
                "ORD_FLOW": 5,
                "HYBAS_L12": 4121157420.0,
                "Shape_Length": 0.005892556509912683
            },
            "geometry": {
                "type": "LineString",
                "coordinates": [
                    [
                        81.38541666666626,
                        7.597916666666528
                    ],
                    [
                        81.38958333333292,
                        7.602083333333233
                    ]
                ]
            }
        },
        {
            "type": "Feature",
            "properties": {
                "HYRIV_ID": 41403202,
                "NEXT_DOWN": 41403203,
                "MAIN_RIV": 41402604,
                "LENGTH_KM": 4.4899998,
                "DIST_DN_KM": 44.0,
                "DIST_UP_KM": 8.6,
                "CATCH_SKM": 12.55,
                "UPLAND_SKM": 12.6,
                "ENDORHEIC": 0,
                "DIS_AV_CMS": 0.285,
                "ORD_STRA": 1,
                "ORD_CLAS": 3,
                "ORD_FLOW": 7,
                "HYBAS_L12": 4121157630.0,
                "Shape_Length": 0.04059433619640712
            },
            "geometry": {
                "type": "LineString",
                "coordinates": [
                    [
                        81.32499999999962,
                        7.614583333333208
                    ],
                    [
                        81.33541666666636,
                        7.614583333333208
                    ],
                    [
                        81.34374999999957,
                        7.606249999999882
                    ],
                    [
                        81.34374999999957,
                        7.597916666666528
                    ],
                    [
                        81.34791666666635,
                        7.593749999999865
                    ],
                    [
                        81.35208333333301,
                        7.593749999999865
                    ]
                ]
            }
        },
        {
            "type": "Feature",
            "properties": {
                "HYRIV_ID": 41403203,
                "NEXT_DOWN": 41403204,
                "MAIN_RIV": 41402604,
                "LENGTH_KM": 2.22,
                "DIST_DN_KM": 41.900002,
                "DIST_UP_KM": 37.3,
                "CATCH_SKM": 4.89,
                "UPLAND_SKM": 303.89999,
                "ENDORHEIC": 0,
                "DIS_AV_CMS": 6.9819999,
                "ORD_STRA": 3,
                "ORD_CLAS": 2,
                "ORD_FLOW": 6,
                "HYBAS_L12": 4121157630.0,
                "Shape_Length": 0.020118446353097428
            },
            "geometry": {
                "type": "LineString",
                "coordinates": [
                    [
                        81.35208333333301,
                        7.593749999999865
                    ],
                    [
                        81.3604166666664,
                        7.593749999999865
                    ],
                    [
                        81.36874999999961,
                        7.602083333333233
                    ]
                ]
            }
        },
        {
            "type": "Feature",
            "properties": {
                "HYRIV_ID": 41403204,
                "NEXT_DOWN": 41403183,
                "MAIN_RIV": 41402604,
                "LENGTH_KM": 2.4200001,
                "DIST_DN_KM": 39.3,
                "DIST_UP_KM": 39.900002,
                "CATCH_SKM": 3.62,
                "UPLAND_SKM": 313.70001,
                "ENDORHEIC": 0,
                "DIS_AV_CMS": 7.1960001,
                "ORD_STRA": 3,
                "ORD_CLAS": 2,
                "ORD_FLOW": 6,
                "HYBAS_L12": 4121157630.0,
                "Shape_Length": 0.021844336196340634
            },
            "geometry": {
                "type": "LineString",
                "coordinates": [
                    [
                        81.36874999999961,
                        7.602083333333233
                    ],
                    [
                        81.37708333333293,
                        7.593749999999865
                    ],
                    [
                        81.3812499999996,
                        7.597916666666528
                    ],
                    [
                        81.38541666666626,
                        7.597916666666528
                    ]
                ]
            }
        },
        {
            "type": "Feature",
            "properties": {
                "HYRIV_ID": 41403219,
                "NEXT_DOWN": 41403248,
                "MAIN_RIV": 41402604,
                "LENGTH_KM": 4.3200002,
                "DIST_DN_KM": 47.5,
                "DIST_UP_KM": 7.5,
                "CATCH_SKM": 11.7,
                "UPLAND_SKM": 11.7,
                "ENDORHEIC": 0,
                "DIS_AV_CMS": 0.265,
                "ORD_STRA": 1,
                "ORD_CLAS": 4,
                "ORD_FLOW": 7,
                "HYBAS_L12": 4121157630.0,
                "Shape_Length": 0.03901650429440564
            },
            "geometry": {
                "type": "LineString",
                "coordinates": [
                    [
                        81.30833333333308,
                        7.616666666666539
                    ],
                    [
                        81.31458333333299,
                        7.610416666666545
                    ],
                    [
                        81.31874999999965,
                        7.610416666666545
                    ],
                    [
                        81.33124999999964,
                        7.597916666666528
                    ],
                    [
                        81.33124999999964,
                        7.589583333333216
                    ]
                ]
            }
        },
        {
            "type": "Feature",
            "properties": {
                "HYRIV_ID": 41403220,
                "NEXT_DOWN": 41403127,
                "MAIN_RIV": 41402604,
                "LENGTH_KM": 3.6700001,
                "DIST_DN_KM": 33.200001,
                "DIST_UP_KM": 7.0,
                "CATCH_SKM": 14.68,
                "UPLAND_SKM": 14.7,
                "ENDORHEIC": 0,
                "DIS_AV_CMS": 0.339,
                "ORD_STRA": 1,
                "ORD_CLAS": 2,
                "ORD_FLOW": 7,
                "HYBAS_L12": 4121157420.0,
                "Shape_Length": 0.033123947784603494
            },
            "geometry": {
                "type": "LineString",
                "coordinates": [
                    [
                        81.44999999999962,
                        7.587499999999885
                    ],
                    [
                        81.44374999999965,
                        7.593749999999865
                    ],
                    [
                        81.44374999999965,
                        7.597916666666528
                    ],
                    [
                        81.43958333333299,
                        7.602083333333233
                    ],
                    [
                        81.43958333333299,
                        7.610416666666545
                    ],
                    [
                        81.43541666666627,
                        7.614583333333208
                    ]
                ]
            }
        },
        {
            "type": "Feature",
            "properties": {
                "HYRIV_ID": 41403235,
                "NEXT_DOWN": 41403248,
                "MAIN_RIV": 41402604,
                "LENGTH_KM": 7.9200001,
                "DIST_DN_KM": 47.700001,
                "DIST_UP_KM": 10.3,
                "CATCH_SKM": 28.940001,
                "UPLAND_SKM": 28.9,
                "ENDORHEIC": 0,
                "DIS_AV_CMS": 0.65700001,
                "ORD_STRA": 1,
                "ORD_CLAS": 3,
                "ORD_FLOW": 7,
                "HYBAS_L12": 4121157630.0,
                "Shape_Length": 0.07163495064758213
            },
            "geometry": {
                "type": "LineString",
                "coordinates": [
                    [
                        81.27916666666633,
                        7.608333333333213
                    ],
                    [
                        81.2854166666663,
                        7.602083333333233
                    ],
                    [
                        81.2854166666663,
                        7.597916666666528
                    ],
                    [
                        81.28958333333296,
                        7.597916666666528
                    ],
                    [
                        81.28958333333296,
                        7.593749999999865
                    ],
                    [
                        81.29791666666628,
                        7.585416666666553
                    ],
                    [
                        81.30624999999961,
                        7.585416666666553
                    ],
                    [
                        81.31041666666633,
                        7.589583333333216
                    ],
                    [
                        81.32291666666632,
                        7.589583333333216
                    ],
                    [
                        81.32708333333298,
                        7.585416666666553
                    ],
                    [
                        81.33124999999964,
                        7.589583333333216
                    ]
                ]
            }
        },
        {
            "type": "Feature",
            "properties": {
                "HYRIV_ID": 41403248,
                "NEXT_DOWN": 41403249,
                "MAIN_RIV": 41402604,
                "LENGTH_KM": 1.3,
                "DIST_DN_KM": 46.400002,
                "DIST_UP_KM": 11.6,
                "CATCH_SKM": 1.49,
                "UPLAND_SKM": 42.099998,
                "ENDORHEIC": 0,
                "DIS_AV_CMS": 0.95599997,
                "ORD_STRA": 2,
                "ORD_CLAS": 3,
                "ORD_FLOW": 7,
                "HYBAS_L12": 4121157630.0,
                "Shape_Length": 0.011785113019805267
            },
            "geometry": {
                "type": "LineString",
                "coordinates": [
                    [
                        81.33124999999964,
                        7.589583333333216
                    ],
                    [
                        81.33958333333302,
                        7.581249999999891
                    ]
                ]
            }
        },
        {
            "type": "Feature",
            "properties": {
                "HYRIV_ID": 41403249,
                "NEXT_DOWN": 41403203,
                "MAIN_RIV": 41402604,
                "LENGTH_KM": 2.23,
                "DIST_DN_KM": 44.0,
                "DIST_UP_KM": 35.3,
                "CATCH_SKM": 4.89,
                "UPLAND_SKM": 286.5,
                "ENDORHEIC": 0,
                "DIS_AV_CMS": 6.5939999,
                "ORD_STRA": 3,
                "ORD_CLAS": 2,
                "ORD_FLOW": 6,
                "HYBAS_L12": 4121157630.0,
                "Shape_Length": 0.020118446353109914
            },
            "geometry": {
                "type": "LineString",
                "coordinates": [
                    [
                        81.33958333333302,
                        7.581249999999891
                    ],
                    [
                        81.34374999999957,
                        7.585416666666553
                    ],
                    [
                        81.34791666666635,
                        7.585416666666553
                    ],
                    [
                        81.35208333333301,
                        7.589583333333216
                    ],
                    [
                        81.35208333333301,
                        7.593749999999865
                    ]
                ]
            }
        },
        {
            "type": "Feature",
            "properties": {
                "HYRIV_ID": 41403265,
                "NEXT_DOWN": 41403385,
                "MAIN_RIV": 41402604,
                "LENGTH_KM": 1.91,
                "DIST_DN_KM": 62.599998,
                "DIST_UP_KM": 4.3,
                "CATCH_SKM": 10.0,
                "UPLAND_SKM": 10.0,
                "ENDORHEIC": 0,
                "DIS_AV_CMS": 0.228,
                "ORD_STRA": 1,
                "ORD_CLAS": 3,
                "ORD_FLOW": 7,
                "HYBAS_L12": 4121157630.0,
                "Shape_Length": 0.01717216809806501
            },
            "geometry": {
                "type": "LineString",
                "coordinates": [
                    [
                        81.25833333333301,
                        7.591666666666534
                    ],
                    [
                        81.26458333333292,
                        7.585416666666553
                    ],
                    [
                        81.26458333333292,
                        7.577083333333242
                    ]
                ]
            }
        },
        {
            "type": "Feature",
            "properties": {
                "HYRIV_ID": 41403273,
                "NEXT_DOWN": 41403385,
                "MAIN_RIV": 41402604,
                "LENGTH_KM": 0.98,
                "DIST_DN_KM": 62.8,
                "DIST_UP_KM": 3.1,
                "CATCH_SKM": 4.89,
                "UPLAND_SKM": 4.9,
                "ENDORHEIC": 0,
                "DIS_AV_CMS": 0.112,
                "ORD_STRA": 1,
                "ORD_CLAS": 4,
                "ORD_FLOW": 7,
                "HYBAS_L12": 4121157630.0,
                "Shape_Length": 0.00883883476479366
            },
            "geometry": {
                "type": "LineString",
                "coordinates": [
                    [
                        81.25833333333301,
                        7.570833333333205
                    ],
                    [
                        81.26458333333292,
                        7.577083333333242
                    ]
                ]
            }
        },
        {
            "type": "Feature",
            "properties": {
                "HYRIV_ID": 41403274,
                "NEXT_DOWN": 41403249,
                "MAIN_RIV": 41402604,
                "LENGTH_KM": 0.93,
                "DIST_DN_KM": 46.200001,
                "DIST_UP_KM": 33.099998,
                "CATCH_SKM": 1.49,
                "UPLAND_SKM": 239.39999,
                "ENDORHEIC": 0,
                "DIS_AV_CMS": 5.5339999,
                "ORD_STRA": 3,
                "ORD_CLAS": 2,
                "ORD_FLOW": 6,
                "HYBAS_L12": 4121157630.0,
                "Shape_Length": 0.008333333333354176
            },
            "geometry": {
                "type": "LineString",
                "coordinates": [
                    [
                        81.33958333333302,
                        7.572916666666536
                    ],
                    [
                        81.33958333333302,
                        7.581249999999891
                    ]
                ]
            }
        },
        {
            "type": "Feature",
            "properties": {
                "HYRIV_ID": 41403292,
                "NEXT_DOWN": 41403274,
                "MAIN_RIV": 41402604,
                "LENGTH_KM": 1.8,
                "DIST_DN_KM": 47.3,
                "DIST_UP_KM": 4.7,
                "CATCH_SKM": 6.6,
                "UPLAND_SKM": 6.6,
                "ENDORHEIC": 0,
                "DIS_AV_CMS": 0.151,
                "ORD_STRA": 1,
                "ORD_CLAS": 3,
                "ORD_FLOW": 7,
                "HYBAS_L12": 4121157630.0,
                "Shape_Length": 0.016309223176624994
            },
            "geometry": {
                "type": "LineString",
                "coordinates": [
                    [
                        81.32499999999962,
                        7.568749999999874
                    ],
                    [
                        81.33541666666636,
                        7.568749999999874
                    ],
                    [
                        81.33958333333302,
                        7.572916666666536
                    ]
                ]
            }
        },
        {
            "type": "Feature",
            "properties": {
                "HYRIV_ID": 41403350,
                "NEXT_DOWN": 41403126,
                "MAIN_RIV": 41402604,
                "LENGTH_KM": 7.6599998,
                "DIST_DN_KM": 34.400002,
                "DIST_UP_KM": 11.0,
                "CATCH_SKM": 25.959999,
                "UPLAND_SKM": 26.0,
                "ENDORHEIC": 0,
                "DIS_AV_CMS": 0.597,
                "ORD_STRA": 1,
                "ORD_CLAS": 2,
                "ORD_FLOW": 7,
                "HYBAS_L12": 4121157420.0,
                "Shape_Length": 0.06904611588271763
            },
            "geometry": {
                "type": "LineString",
                "coordinates": [
                    [
                        81.40208333333297,
                        7.554166666666568
                    ],
                    [
                        81.40208333333297,
                        7.568749999999874
                    ],
                    [
                        81.41874999999962,
                        7.585416666666553
                    ],
                    [
                        81.41874999999962,
                        7.597916666666528
                    ],
                    [
                        81.42291666666628,
                        7.602083333333233
                    ],
                    [
                        81.42291666666628,
                        7.614583333333208
                    ]
                ]
            }
        },
        {
            "type": "Feature",
            "properties": {
                "HYRIV_ID": 41403385,
                "NEXT_DOWN": 41403478,
                "MAIN_RIV": 41402604,
                "LENGTH_KM": 4.46,
                "DIST_DN_KM": 58.200001,
                "DIST_UP_KM": 8.7,
                "CATCH_SKM": 12.34,
                "UPLAND_SKM": 27.200001,
                "ENDORHEIC": 0,
                "DIS_AV_CMS": 0.621,
                "ORD_STRA": 2,
                "ORD_CLAS": 3,
                "ORD_FLOW": 7,
                "HYBAS_L12": 4121157630.0,
                "Shape_Length": 0.04023689270626621
            },
            "geometry": {
                "type": "LineString",
                "coordinates": [
                    [
                        81.26458333333292,
                        7.577083333333242
                    ],
                    [
                        81.26874999999964,
                        7.572916666666536
                    ],
                    [
                        81.26874999999964,
                        7.568749999999874
                    ],
                    [
                        81.27291666666625,
                        7.564583333333225
                    ],
                    [
                        81.27708333333297,
                        7.564583333333225
                    ],
                    [
                        81.28124999999957,
                        7.560416666666519
                    ],
                    [
                        81.28124999999957,
                        7.556249999999899
                    ],
                    [
                        81.2854166666663,
                        7.552083333333208
                    ],
                    [
                        81.2854166666663,
                        7.547916666666545
                    ]
                ]
            }
        },
        {
            "type": "Feature",
            "properties": {
                "HYRIV_ID": 41403386,
                "NEXT_DOWN": 41402985,
                "MAIN_RIV": 41402604,
                "LENGTH_KM": 16.3,
                "DIST_DN_KM": 26.6,
                "DIST_UP_KM": 19.9,
                "CATCH_SKM": 70.849998,
                "UPLAND_SKM": 70.900002,
                "ENDORHEIC": 0,
                "DIS_AV_CMS": 1.638,
                "ORD_STRA": 1,
                "ORD_CLAS": 2,
                "ORD_FLOW": 6,
                "HYBAS_L12": 4121157420.0,
                "Shape_Length": 0.1470791244717095
            },
            "geometry": {
                "type": "LineString",
                "coordinates": [
                    [
                        81.45416666666628,
                        7.547916666666545
                    ],
                    [
                        81.4604166666663,
                        7.547916666666545
                    ],
                    [
                        81.4604166666663,
                        7.556249999999899
                    ],
                    [
                        81.46458333333297,
                        7.560416666666519
                    ],
                    [
                        81.46458333333297,
                        7.572916666666536
                    ],
                    [
                        81.48124999999968,
                        7.589583333333216
                    ],
                    [
                        81.48541666666634,
                        7.589583333333216
                    ],
                    [
                        81.49791666666627,
                        7.602083333333233
                    ],
                    [
                        81.49374999999972,
                        7.606249999999882
                    ],
                    [
                        81.49374999999972,
                        7.635416666666536
                    ],
                    [
                        81.47291666666635,
                        7.656249999999879
                    ],
                    [
                        81.46874999999969,
                        7.656249999999879
                    ]
                ]
            }
        },
        {
            "type": "Feature",
            "properties": {
                "HYRIV_ID": 41403420,
                "NEXT_DOWN": 41403478,
                "MAIN_RIV": 41402604,
                "LENGTH_KM": 1.99,
                "DIST_DN_KM": 58.400002,
                "DIST_UP_KM": 6.7,
                "CATCH_SKM": 12.98,
                "UPLAND_SKM": 13.0,
                "ENDORHEIC": 0,
                "DIS_AV_CMS": 0.299,
                "ORD_STRA": 1,
                "ORD_CLAS": 4,
                "ORD_FLOW": 7,
                "HYBAS_L12": 4121157630.0,
                "Shape_Length": 0.018035113019730965
            },
            "geometry": {
                "type": "LineString",
                "coordinates": [
                    [
                        81.270833333333,
                        7.539583333333219
                    ],
                    [
                        81.27708333333297,
                        7.539583333333219
                    ],
                    [
                        81.2854166666663,
                        7.547916666666545
                    ]
                ]
            }
        },
        {
            "type": "Feature",
            "properties": {
                "HYRIV_ID": 41403435,
                "NEXT_DOWN": 41403183,
                "MAIN_RIV": 41402604,
                "LENGTH_KM": 8.7299995,
                "DIST_DN_KM": 39.3,
                "DIST_UP_KM": 46.8,
                "CATCH_SKM": 31.07,
                "UPLAND_SKM": 534.09998,
                "ENDORHEIC": 0,
                "DIS_AV_CMS": 12.399,
                "ORD_STRA": 3,
                "ORD_CLAS": 1,
                "ORD_FLOW": 5,
                "HYBAS_L12": 4121157650.0,
                "Shape_Length": 0.07874789556899708
            },
            "geometry": {
                "type": "LineString",
                "coordinates": [
                    [
                        81.36874999999961,
                        7.535416666666571
                    ],
                    [
                        81.36874999999961,
                        7.543749999999882
                    ],
                    [
                        81.3604166666664,
                        7.552083333333208
                    ],
                    [
                        81.3604166666664,
                        7.564583333333225
                    ],
                    [
                        81.37291666666627,
                        7.577083333333242
                    ],
                    [
                        81.37708333333293,
                        7.577083333333242
                    ],
                    [
                        81.3812499999996,
                        7.581249999999891
                    ],
                    [
                        81.3812499999996,
                        7.589583333333216
                    ],
                    [
                        81.38541666666626,
                        7.593749999999865
                    ],
                    [
                        81.38541666666626,
                        7.597916666666528
                    ]
                ]
            }
        },
        {
            "type": "Feature",
            "properties": {
                "HYRIV_ID": 41403461,
                "NEXT_DOWN": 41403462,
                "MAIN_RIV": 41402604,
                "LENGTH_KM": 2.75,
                "DIST_DN_KM": 49.400002,
                "DIST_UP_KM": 5.8,
                "CATCH_SKM": 7.4499998,
                "UPLAND_SKM": 7.4,
                "ENDORHEIC": 0,
                "DIS_AV_CMS": 0.17200001,
                "ORD_STRA": 1,
                "ORD_CLAS": 2,
                "ORD_FLOW": 7,
                "HYBAS_L12": 4121157770.0,
                "Shape_Length": 0.024790614451402484
            },
            "geometry": {
                "type": "LineString",
                "coordinates": [
                    [
                        81.34583333333293,
                        7.524999999999885
                    ],
                    [
                        81.35624999999968,
                        7.535416666666571
                    ],
                    [
                        81.3604166666664,
                        7.531249999999865
                    ],
                    [
                        81.3604166666664,
                        7.527083333333202
                    ]
                ]
            }
        },
        {
            "type": "Feature",
            "properties": {
                "HYRIV_ID": 41403462,
                "NEXT_DOWN": 41403435,
                "MAIN_RIV": 41402604,
                "LENGTH_KM": 1.3,
                "DIST_DN_KM": 48.200001,
                "DIST_UP_KM": 37.8,
                "CATCH_SKM": 1.7,
                "UPLAND_SKM": 303.10001,
                "ENDORHEIC": 0,
                "DIS_AV_CMS": 7.0970001,
                "ORD_STRA": 3,
                "ORD_CLAS": 1,
                "ORD_FLOW": 6,
                "HYBAS_L12": 4121157770.0,
                "Shape_Length": 0.01178511301971483
            },
            "geometry": {
                "type": "LineString",
                "coordinates": [
                    [
                        81.3604166666664,
                        7.527083333333202
                    ],
                    [
                        81.36874999999961,
                        7.535416666666571
                    ]
                ]
            }
        },
        {
            "type": "Feature",
            "properties": {
                "HYRIV_ID": 41403478,
                "NEXT_DOWN": 41403479,
                "MAIN_RIV": 41402604,
                "LENGTH_KM": 3.54,
                "DIST_DN_KM": 54.599998,
                "DIST_UP_KM": 12.3,
                "CATCH_SKM": 8.0900002,
                "UPLAND_SKM": 48.3,
                "ENDORHEIC": 0,
                "DIS_AV_CMS": 1.105,
                "ORD_STRA": 2,
                "ORD_CLAS": 3,
                "ORD_FLOW": 6,
                "HYBAS_L12": 4121157630.0,
                "Shape_Length": 0.031903559372857625
            },
            "geometry": {
                "type": "LineString",
                "coordinates": [
                    [
                        81.2854166666663,
                        7.547916666666545
                    ],
                    [
                        81.29374999999962,
                        7.539583333333219
                    ],
                    [
                        81.29374999999962,
                        7.535416666666571
                    ],
                    [
                        81.30208333333294,
                        7.527083333333202
                    ],
                    [
                        81.30208333333294,
                        7.522916666666553
                    ]
                ]
            }
        },
        {
            "type": "Feature",
            "properties": {
                "HYRIV_ID": 41403479,
                "NEXT_DOWN": 41403274,
                "MAIN_RIV": 41402604,
                "LENGTH_KM": 7.5300002,
                "DIST_DN_KM": 47.099998,
                "DIST_UP_KM": 32.099998,
                "CATCH_SKM": 20.219999,
                "UPLAND_SKM": 231.3,
                "ENDORHEIC": 0,
                "DIS_AV_CMS": 5.3520002,
                "ORD_STRA": 3,
                "ORD_CLAS": 2,
                "ORD_FLOW": 6,
                "HYBAS_L12": 4121157630.0,
                "Shape_Length": 0.06797378541249181
            },
            "geometry": {
                "type": "LineString",
                "coordinates": [
                    [
                        81.30208333333294,
                        7.522916666666553
                    ],
                    [
                        81.31041666666633,
                        7.531249999999865
                    ],
                    [
                        81.31458333333299,
                        7.531249999999865
                    ],
                    [
                        81.31874999999965,
                        7.535416666666571
                    ],
                    [
                        81.31874999999965,
                        7.539583333333219
                    ],
                    [
                        81.33124999999964,
                        7.552083333333208
                    ],
                    [
                        81.33124999999964,
                        7.556249999999899
                    ],
                    [
                        81.33541666666636,
                        7.560416666666519
                    ],
                    [
                        81.33541666666636,
                        7.564583333333225
                    ],
                    [
                        81.33958333333302,
                        7.568749999999874
                    ],
                    [
                        81.33958333333302,
                        7.572916666666536
                    ]
                ]
            }
        },
        {
            "type": "Feature",
            "properties": {
                "HYRIV_ID": 41403494,
                "NEXT_DOWN": 41403479,
                "MAIN_RIV": 41402604,
                "LENGTH_KM": 0.46,
                "DIST_DN_KM": 54.599998,
                "DIST_UP_KM": 24.6,
                "CATCH_SKM": 0.43,
                "UPLAND_SKM": 162.8,
                "ENDORHEIC": 0,
                "DIS_AV_CMS": 3.803,
                "ORD_STRA": 3,
                "ORD_CLAS": 2,
                "ORD_FLOW": 6,
                "HYBAS_L12": 4121601550.0,
                "Shape_Length": 0.004166666666662877
            },
            "geometry": {
                "type": "LineString",
                "coordinates": [
                    [
                        81.30208333333294,
                        7.518749999999891
                    ],
                    [
                        81.30208333333294,
                        7.522916666666553
                    ]
                ]
            }
        },
        {
            "type": "Feature",
            "properties": {
                "HYRIV_ID": 41403510,
                "NEXT_DOWN": 41403435,
                "MAIN_RIV": 41402604,
                "LENGTH_KM": 3.07,
                "DIST_DN_KM": 48.200001,
                "DIST_UP_KM": 36.900002,
                "CATCH_SKM": 8.9399996,
                "UPLAND_SKM": 199.89999,
                "ENDORHEIC": 0,
                "DIS_AV_CMS": 4.6469998,
                "ORD_STRA": 2,
                "ORD_CLAS": 2,
                "ORD_FLOW": 6,
                "HYBAS_L12": 4121157780.0,
                "Shape_Length": 0.027736892706213122
            },
            "geometry": {
                "type": "LineString",
                "coordinates": [
                    [
                        81.38541666666626,
                        7.514583333333228
                    ],
                    [
                        81.37291666666627,
                        7.527083333333202
                    ],
                    [
                        81.37291666666627,
                        7.531249999999865
                    ],
                    [
                        81.36874999999961,
                        7.535416666666571
                    ]
                ]
            }
        },
        {
            "type": "Feature",
            "properties": {
                "HYRIV_ID": 41403511,
                "NEXT_DOWN": 41403510,
                "MAIN_RIV": 41402604,
                "LENGTH_KM": 4.3200002,
                "DIST_DN_KM": 51.3,
                "DIST_UP_KM": 6.7,
                "CATCH_SKM": 15.75,
                "UPLAND_SKM": 15.7,
                "ENDORHEIC": 0,
                "DIS_AV_CMS": 0.364,
                "ORD_STRA": 1,
                "ORD_CLAS": 3,
                "ORD_FLOW": 7,
                "HYBAS_L12": 4121157780.0,
                "Shape_Length": 0.039016504294500244
            },
            "geometry": {
                "type": "LineString",
                "coordinates": [
                    [
                        81.41249999999965,
                        7.516666666666559
                    ],
                    [
                        81.40208333333297,
                        7.527083333333202
                    ],
                    [
                        81.39791666666625,
                        7.522916666666553
                    ],
                    [
                        81.39791666666625,
                        7.518749999999891
                    ],
                    [
                        81.38958333333292,
                        7.518749999999891
                    ],
                    [
                        81.38541666666626,
                        7.514583333333228
                    ]
                ]
            }
        },
        {
            "type": "Feature",
            "properties": {
                "HYRIV_ID": 41403522,
                "NEXT_DOWN": 41403494,
                "MAIN_RIV": 41402604,
                "LENGTH_KM": 0.93,
                "DIST_DN_KM": 55.099998,
                "DIST_UP_KM": 8.7,
                "CATCH_SKM": 1.49,
                "UPLAND_SKM": 26.200001,
                "ENDORHEIC": 0,
                "DIS_AV_CMS": 0.60799998,
                "ORD_STRA": 2,
                "ORD_CLAS": 3,
                "ORD_FLOW": 7,
                "HYBAS_L12": 4121601550.0,
                "Shape_Length": 0.008333333333311543
            },
            "geometry": {
                "type": "LineString",
                "coordinates": [
                    [
                        81.30208333333294,
                        7.510416666666579
                    ],
                    [
                        81.30208333333294,
                        7.518749999999891
                    ]
                ]
            }
        },
        {
            "type": "Feature",
            "properties": {
                "HYRIV_ID": 41403523,
                "NEXT_DOWN": 41403522,
                "MAIN_RIV": 41402604,
                "LENGTH_KM": 0.69,
                "DIST_DN_KM": 56.0,
                "DIST_UP_KM": 4.5,
                "CATCH_SKM": 5.3200002,
                "UPLAND_SKM": 5.3,
                "ENDORHEIC": 0,
                "DIS_AV_CMS": 0.123,
                "ORD_STRA": 1,
                "ORD_CLAS": 4,
                "ORD_FLOW": 7,
                "HYBAS_L12": 4121601550.0,
                "Shape_Length": 0.006250000000136424
            },
            "geometry": {
                "type": "LineString",
                "coordinates": [
                    [
                        81.30833333333308,
                        7.510416666666579
                    ],
                    [
                        81.30208333333294,
                        7.510416666666579
                    ]
                ]
            }
        },
        {
            "type": "Feature",
            "properties": {
                "HYRIV_ID": 41403561,
                "NEXT_DOWN": 41403462,
                "MAIN_RIV": 41402604,
                "LENGTH_KM": 2.97,
                "DIST_DN_KM": 49.5,
                "DIST_UP_KM": 36.5,
                "CATCH_SKM": 7.2399998,
                "UPLAND_SKM": 294.0,
                "ENDORHEIC": 0,
                "DIS_AV_CMS": 6.8909998,
                "ORD_STRA": 3,
                "ORD_CLAS": 1,
                "ORD_FLOW": 6,
                "HYBAS_L12": 4121157770.0,
                "Shape_Length": 0.02672588984325549
            },
            "geometry": {
                "type": "LineString",
                "coordinates": [
                    [
                        81.35624999999968,
                        7.502083333333211
                    ],
                    [
                        81.35624999999968,
                        7.522916666666553
                    ],
                    [
                        81.3604166666664,
                        7.527083333333202
                    ]
                ]
            }
        },
        {
            "type": "Feature",
            "properties": {
                "HYRIV_ID": 41403584,
                "NEXT_DOWN": 41403598,
                "MAIN_RIV": 41402604,
                "LENGTH_KM": 4.04,
                "DIST_DN_KM": 62.400002,
                "DIST_UP_KM": 7.0,
                "CATCH_SKM": 15.32,
                "UPLAND_SKM": 15.3,
                "ENDORHEIC": 0,
                "DIS_AV_CMS": 0.354,
                "ORD_STRA": 1,
                "ORD_CLAS": 3,
                "ORD_FLOW": 7,
                "HYBAS_L12": 4121601550.0,
                "Shape_Length": 0.03642766952964994
            },
            "geometry": {
                "type": "LineString",
                "coordinates": [
                    [
                        81.2354166666664,
                        7.520833333333222
                    ],
                    [
                        81.2354166666664,
                        7.514583333333228
                    ],
                    [
                        81.23958333333294,
                        7.514583333333228
                    ],
                    [
                        81.24791666666627,
                        7.506249999999874
                    ],
                    [
                        81.24791666666627,
                        7.502083333333211
                    ],
                    [
                        81.25208333333305,
                        7.497916666666562
                    ],
                    [
                        81.25208333333305,
                        7.493749999999856
                    ]
                ]
            }
        },
        {
            "type": "Feature",
            "properties": {
                "HYRIV_ID": 41403598,
                "NEXT_DOWN": 41403599,
                "MAIN_RIV": 41402604,
                "LENGTH_KM": 0.65,
                "DIST_DN_KM": 62.0,
                "DIST_UP_KM": 7.4,
                "CATCH_SKM": 0.64,
                "UPLAND_SKM": 33.599998,
                "ENDORHEIC": 0,
                "DIS_AV_CMS": 0.783,
                "ORD_STRA": 2,
                "ORD_CLAS": 3,
                "ORD_FLOW": 7,
                "HYBAS_L12": 4121601550.0,
                "Shape_Length": 0.005892556509802148
            },
            "geometry": {
                "type": "LineString",
                "coordinates": [
                    [
                        81.25208333333305,
                        7.493749999999856
                    ],
                    [
                        81.2562499999996,
                        7.489583333333194
                    ]
                ]
            }
        },
        {
            "type": "Feature",
            "properties": {
                "HYRIV_ID": 41403599,
                "NEXT_DOWN": 41403494,
                "MAIN_RIV": 41402604,
                "LENGTH_KM": 6.6700001,
                "DIST_DN_KM": 55.099998,
                "DIST_UP_KM": 24.200001,
                "CATCH_SKM": 18.940001,
                "UPLAND_SKM": 136.2,
                "ENDORHEIC": 0,
                "DIS_AV_CMS": 3.187,
                "ORD_STRA": 3,
                "ORD_CLAS": 2,
                "ORD_FLOW": 6,
                "HYBAS_L12": 4121601550.0,
                "Shape_Length": 0.060355339059398654
            },
            "geometry": {
                "type": "LineString",
                "coordinates": [
                    [
                        81.2562499999996,
                        7.489583333333194
                    ],
                    [
                        81.26041666666626,
                        7.493749999999856
                    ],
                    [
                        81.26041666666626,
                        7.497916666666562
                    ],
                    [
                        81.26458333333292,
                        7.502083333333211
                    ],
                    [
                        81.26874999999964,
                        7.502083333333211
                    ],
                    [
                        81.28124999999957,
                        7.514583333333228
                    ],
                    [
                        81.2854166666663,
                        7.514583333333228
                    ],
                    [
                        81.28958333333296,
                        7.518749999999891
                    ],
                    [
                        81.30208333333294,
                        7.518749999999891
                    ]
                ]
            }
        },
        {
            "type": "Feature",
            "properties": {
                "HYRIV_ID": 41403642,
                "NEXT_DOWN": 41403522,
                "MAIN_RIV": 41402604,
                "LENGTH_KM": 4.7,
                "DIST_DN_KM": 56.0,
                "DIST_UP_KM": 7.7,
                "CATCH_SKM": 19.370001,
                "UPLAND_SKM": 19.4,
                "ENDORHEIC": 0,
                "DIS_AV_CMS": 0.45100001,
                "ORD_STRA": 1,
                "ORD_CLAS": 3,
                "ORD_FLOW": 7,
                "HYBAS_L12": 4121601550.0,
                "Shape_Length": 0.04232022603956577
            },
            "geometry": {
                "type": "LineString",
                "coordinates": [
                    [
                        81.2854166666663,
                        7.474999999999888
                    ],
                    [
                        81.2854166666663,
                        7.485416666666545
                    ],
                    [
                        81.28958333333296,
                        7.489583333333194
                    ],
                    [
                        81.28958333333296,
                        7.493749999999856
                    ],
                    [
                        81.30208333333294,
                        7.506249999999874
                    ],
                    [
                        81.30208333333294,
                        7.510416666666579
                    ]
                ]
            }
        },
        {
            "type": "Feature",
            "properties": {
                "HYRIV_ID": 41403653,
                "NEXT_DOWN": 41403510,
                "MAIN_RIV": 41402604,
                "LENGTH_KM": 5.2,
                "DIST_DN_KM": 51.099998,
                "DIST_UP_KM": 34.0,
                "CATCH_SKM": 15.54,
                "UPLAND_SKM": 175.2,
                "ENDORHEIC": 0,
                "DIS_AV_CMS": 4.0830002,
                "ORD_STRA": 2,
                "ORD_CLAS": 2,
                "ORD_FLOW": 6,
                "HYBAS_L12": 4121157780.0,
                "Shape_Length": 0.046844336196307845
            },
            "geometry": {
                "type": "LineString",
                "coordinates": [
                    [
                        81.39791666666625,
                        7.472916666666571
                    ],
                    [
                        81.39791666666625,
                        7.477083333333219
                    ],
                    [
                        81.39374999999964,
                        7.481249999999882
                    ],
                    [
                        81.39374999999964,
                        7.485416666666545
                    ],
                    [
                        81.38958333333292,
                        7.489583333333194
                    ],
                    [
                        81.38958333333292,
                        7.493749999999856
                    ],
                    [
                        81.38541666666626,
                        7.497916666666562
                    ],
                    [
                        81.38541666666626,
                        7.514583333333228
                    ]
                ]
            }
        },
        {
            "type": "Feature",
            "properties": {
                "HYRIV_ID": 41403654,
                "NEXT_DOWN": 41403653,
                "MAIN_RIV": 41402604,
                "LENGTH_KM": 2.72,
                "DIST_DN_KM": 56.3,
                "DIST_UP_KM": 5.6,
                "CATCH_SKM": 11.92,
                "UPLAND_SKM": 11.9,
                "ENDORHEIC": 0,
                "DIS_AV_CMS": 0.27700001,
                "ORD_STRA": 1,
                "ORD_CLAS": 3,
                "ORD_FLOW": 7,
                "HYBAS_L12": 4121157780.0,
                "Shape_Length": 0.024642556509883857
            },
            "geometry": {
                "type": "LineString",
                "coordinates": [
                    [
                        81.42083333333292,
                        7.477083333333219
                    ],
                    [
                        81.41458333333296,
                        7.477083333333219
                    ],
                    [
                        81.4104166666663,
                        7.472916666666571
                    ],
                    [
                        81.39791666666625,
                        7.472916666666571
                    ]
                ]
            }
        },
        {
            "type": "Feature",
            "properties": {
                "HYRIV_ID": 41403667,
                "NEXT_DOWN": 41403598,
                "MAIN_RIV": 41402604,
                "LENGTH_KM": 4.9699998,
                "DIST_DN_KM": 62.400002,
                "DIST_UP_KM": 6.9,
                "CATCH_SKM": 17.66,
                "UPLAND_SKM": 17.700001,
                "ENDORHEIC": 0,
                "DIS_AV_CMS": 0.414,
                "ORD_STRA": 1,
                "ORD_CLAS": 4,
                "ORD_FLOW": 7,
                "HYBAS_L12": 4121601550.0,
                "Shape_Length": 0.04490906080448226
            },
            "geometry": {
                "type": "LineString",
                "coordinates": [
                    [
                        81.22083333333293,
                        7.466666666666534
                    ],
                    [
                        81.22708333333301,
                        7.472916666666571
                    ],
                    [
                        81.22708333333301,
                        7.477083333333219
                    ],
                    [
                        81.23124999999973,
                        7.481249999999882
                    ],
                    [
                        81.2354166666664,
                        7.481249999999882
                    ],
                    [
                        81.24791666666627,
                        7.493749999999856
                    ],
                    [
                        81.25208333333305,
                        7.493749999999856
                    ]
                ]
            }
        },
        {
            "type": "Feature",
            "properties": {
                "HYRIV_ID": 41403668,
                "NEXT_DOWN": 41403561,
                "MAIN_RIV": 41402604,
                "LENGTH_KM": 4.6500001,
                "DIST_DN_KM": 52.5,
                "DIST_UP_KM": 33.599998,
                "CATCH_SKM": 10.43,
                "UPLAND_SKM": 265.29999,
                "ENDORHEIC": 0,
                "DIS_AV_CMS": 6.237,
                "ORD_STRA": 3,
                "ORD_CLAS": 1,
                "ORD_FLOW": 6,
                "HYBAS_L12": 4121157770.0,
                "Shape_Length": 0.041962782549306715
            },
            "geometry": {
                "type": "LineString",
                "coordinates": [
                    [
                        81.3604166666664,
                        7.468749999999865
                    ],
                    [
                        81.36874999999961,
                        7.477083333333219
                    ],
                    [
                        81.36458333333306,
                        7.481249999999882
                    ],
                    [
                        81.36458333333306,
                        7.493749999999856
                    ],
                    [
                        81.35624999999968,
                        7.502083333333211
                    ]
                ]
            }
        },
        {
            "type": "Feature",
            "properties": {
                "HYRIV_ID": 41403693,
                "NEXT_DOWN": 41403561,
                "MAIN_RIV": 41402604,
                "LENGTH_KM": 7.1799998,
                "DIST_DN_KM": 52.3,
                "DIST_UP_KM": 9.4,
                "CATCH_SKM": 21.5,
                "UPLAND_SKM": 21.5,
                "ENDORHEIC": 0,
                "DIS_AV_CMS": 0.5,
                "ORD_STRA": 1,
                "ORD_CLAS": 2,
                "ORD_FLOW": 7,
                "HYBAS_L12": 4121157770.0,
                "Shape_Length": 0.06487944921617159
            },
            "geometry": {
                "type": "LineString",
                "coordinates": [
                    [
                        81.31874999999965,
                        7.462499999999871
                    ],
                    [
                        81.31874999999965,
                        7.472916666666571
                    ],
                    [
                        81.32708333333298,
                        7.481249999999882
                    ],
                    [
                        81.33124999999964,
                        7.481249999999882
                    ],
                    [
                        81.33541666666636,
                        7.485416666666545
                    ],
                    [
                        81.33958333333302,
                        7.485416666666545
                    ],
                    [
                        81.34374999999957,
                        7.489583333333194
                    ],
                    [
                        81.35208333333301,
                        7.489583333333194
                    ],
                    [
                        81.35624999999968,
                        7.493749999999856
                    ],
                    [
                        81.35624999999968,
                        7.502083333333211
                    ]
                ]
            }
        },
        {
            "type": "Feature",
            "properties": {
                "HYRIV_ID": 41403694,
                "NEXT_DOWN": 41403695,
                "MAIN_RIV": 41402604,
                "LENGTH_KM": 0.98,
                "DIST_DN_KM": 57.8,
                "DIST_UP_KM": 3.3,
                "CATCH_SKM": 4.6799998,
                "UPLAND_SKM": 4.7,
                "ENDORHEIC": 0,
                "DIS_AV_CMS": 0.109,
                "ORD_STRA": 1,
                "ORD_CLAS": 2,
                "ORD_FLOW": 7,
                "HYBAS_L12": 4121157770.0,
                "Shape_Length": 0.008838834764914243
            },
            "geometry": {
                "type": "LineString",
                "coordinates": [
                    [
                        81.3499999999996,
                        7.470833333333239
                    ],
                    [
                        81.35624999999968,
                        7.464583333333202
                    ]
                ]
            }
        },
        {
            "type": "Feature",
            "properties": {
                "HYRIV_ID": 41403695,
                "NEXT_DOWN": 41403668,
                "MAIN_RIV": 41402604,
                "LENGTH_KM": 0.65,
                "DIST_DN_KM": 57.200001,
                "DIST_UP_KM": 28.9,
                "CATCH_SKM": 0.85,
                "UPLAND_SKM": 243.8,
                "ENDORHEIC": 0,
                "DIS_AV_CMS": 5.7410002,
                "ORD_STRA": 3,
                "ORD_CLAS": 1,
                "ORD_FLOW": 6,
                "HYBAS_L12": 4121157770.0,
                "Shape_Length": 0.005892556509922731
            },
            "geometry": {
                "type": "LineString",
                "coordinates": [
                    [
                        81.35624999999968,
                        7.464583333333202
                    ],
                    [
                        81.3604166666664,
                        7.468749999999865
                    ]
                ]
            }
        },
        {
            "type": "Feature",
            "properties": {
                "HYRIV_ID": 41403737,
                "NEXT_DOWN": 41403668,
                "MAIN_RIV": 41402604,
                "LENGTH_KM": 2.9200001,
                "DIST_DN_KM": 57.0,
                "DIST_UP_KM": 6.2,
                "CATCH_SKM": 11.07,
                "UPLAND_SKM": 11.1,
                "ENDORHEIC": 0,
                "DIS_AV_CMS": 0.258,
                "ORD_STRA": 1,
                "ORD_CLAS": 2,
                "ORD_FLOW": 7,
                "HYBAS_L12": 4121157770.0,
                "Shape_Length": 0.026368446353033176
            },
            "geometry": {
                "type": "LineString",
                "coordinates": [
                    [
                        81.37291666666627,
                        7.449999999999854
                    ],
                    [
                        81.37291666666627,
                        7.456249999999891
                    ],
                    [
                        81.36874999999961,
                        7.460416666666553
                    ],
                    [
                        81.36874999999961,
                        7.464583333333202
                    ],
                    [
                        81.36458333333306,
                        7.468749999999865
                    ],
                    [
                        81.3604166666664,
                        7.468749999999865
                    ]
                ]
            }
        },
        {
            "type": "Feature",
            "properties": {
                "HYRIV_ID": 41403774,
                "NEXT_DOWN": 41403599,
                "MAIN_RIV": 41402604,
                "LENGTH_KM": 6.04,
                "DIST_DN_KM": 62.0,
                "DIST_UP_KM": 17.3,
                "CATCH_SKM": 16.6,
                "UPLAND_SKM": 83.699997,
                "ENDORHEIC": 0,
                "DIS_AV_CMS": 1.974,
                "ORD_STRA": 3,
                "ORD_CLAS": 2,
                "ORD_FLOW": 6,
                "HYBAS_L12": 4121601550.0,
                "Shape_Length": 0.05446278254935909
            },
            "geometry": {
                "type": "LineString",
                "coordinates": [
                    [
                        81.26041666666626,
                        7.44375
                    ],
                    [
                        81.26041666666626,
                        7.447916666666536
                    ],
                    [
                        81.2562499999996,
                        7.452083333333228
                    ],
                    [
                        81.2562499999996,
                        7.456249999999891
                    ],
                    [
                        81.25208333333305,
                        7.460416666666553
                    ],
                    [
                        81.25208333333305,
                        7.468749999999865
                    ],
                    [
                        81.24791666666627,
                        7.472916666666571
                    ],
                    [
                        81.24791666666627,
                        7.477083333333219
                    ],
                    [
                        81.25208333333305,
                        7.481249999999882
                    ],
                    [
                        81.25208333333305,
                        7.485416666666545
                    ],
                    [
                        81.2562499999996,
                        7.489583333333194
                    ]
                ]
            }
        },
        {
            "type": "Feature",
            "properties": {
                "HYRIV_ID": 41403789,
                "NEXT_DOWN": 41403790,
                "MAIN_RIV": 41402604,
                "LENGTH_KM": 2.55,
                "DIST_DN_KM": 69.400002,
                "DIST_UP_KM": 5.1,
                "CATCH_SKM": 8.9399996,
                "UPLAND_SKM": 8.9,
                "ENDORHEIC": 0,
                "DIS_AV_CMS": 0.211,
                "ORD_STRA": 1,
                "ORD_CLAS": 3,
                "ORD_FLOW": 7,
                "HYBAS_L12": 4121601550.0,
                "Shape_Length": 0.023064724608042146
            },
            "geometry": {
                "type": "LineString",
                "coordinates": [
                    [
                        81.22916666666626,
                        7.449999999999854
                    ],
                    [
                        81.23958333333294,
                        7.439583333333211
                    ],
                    [
                        81.24791666666627,
                        7.439583333333211
                    ]
                ]
            }
        },
        {
            "type": "Feature",
            "properties": {
                "HYRIV_ID": 41403790,
                "NEXT_DOWN": 41403774,
                "MAIN_RIV": 41402604,
                "LENGTH_KM": 1.5700001,
                "DIST_DN_KM": 67.800003,
                "DIST_UP_KM": 6.7,
                "CATCH_SKM": 2.55,
                "UPLAND_SKM": 20.4,
                "ENDORHEIC": 0,
                "DIS_AV_CMS": 0.48300001,
                "ORD_STRA": 2,
                "ORD_CLAS": 3,
                "ORD_FLOW": 7,
                "HYBAS_L12": 4121601550.0,
                "Shape_Length": 0.014225889843271736
            },
            "geometry": {
                "type": "LineString",
                "coordinates": [
                    [
                        81.24791666666627,
                        7.439583333333211
                    ],
                    [
                        81.25208333333305,
                        7.439583333333211
                    ],
                    [
                        81.2562499999996,
                        7.44375
                    ],
                    [
                        81.26041666666626,
                        7.44375
                    ]
                ]
            }
        },
        {
            "type": "Feature",
            "properties": {
                "HYRIV_ID": 41403825,
                "NEXT_DOWN": 41403790,
                "MAIN_RIV": 41402604,
                "LENGTH_KM": 2.26,
                "DIST_DN_KM": 69.400002,
                "DIST_UP_KM": 4.9,
                "CATCH_SKM": 8.9399996,
                "UPLAND_SKM": 8.9,
                "ENDORHEIC": 0,
                "DIS_AV_CMS": 0.212,
                "ORD_STRA": 1,
                "ORD_CLAS": 4,
                "ORD_FLOW": 7,
                "HYBAS_L12": 4121601550.0,
                "Shape_Length": 0.020475889843164136
            },
            "geometry": {
                "type": "LineString",
                "coordinates": [
                    [
                        81.23333333333298,
                        7.431249999999899
                    ],
                    [
                        81.23958333333294,
                        7.431249999999899
                    ],
                    [
                        81.24374999999961,
                        7.435416666666548
                    ],
                    [
                        81.24791666666627,
                        7.435416666666548
                    ],
                    [
                        81.24791666666627,
                        7.439583333333211
                    ]
                ]
            }
        },
        {
            "type": "Feature",
            "properties": {
                "HYRIV_ID": 41403826,
                "NEXT_DOWN": 41403695,
                "MAIN_RIV": 41402604,
                "LENGTH_KM": 4.27,
                "DIST_DN_KM": 57.599998,
                "DIST_UP_KM": 28.5,
                "CATCH_SKM": 15.11,
                "UPLAND_SKM": 238.2,
                "ENDORHEIC": 0,
                "DIS_AV_CMS": 5.6129999,
                "ORD_STRA": 3,
                "ORD_CLAS": 1,
                "ORD_FLOW": 6,
                "HYBAS_L12": 4121157770.0,
                "Shape_Length": 0.03851100286302157
            },
            "geometry": {
                "type": "LineString",
                "coordinates": [
                    [
                        81.34374999999957,
                        7.431249999999899
                    ],
                    [
                        81.34374999999957,
                        7.439583333333211
                    ],
                    [
                        81.34791666666635,
                        7.44375
                    ],
                    [
                        81.34791666666635,
                        7.447916666666536
                    ],
                    [
                        81.35208333333301,
                        7.452083333333228
                    ],
                    [
                        81.35208333333301,
                        7.456249999999891
                    ],
                    [
                        81.35624999999968,
                        7.460416666666553
                    ],
                    [
                        81.35624999999968,
                        7.464583333333202
                    ]
                ]
            }
        },
        {
            "type": "Feature",
            "properties": {
                "HYRIV_ID": 41403848,
                "NEXT_DOWN": 41403774,
                "MAIN_RIV": 41402604,
                "LENGTH_KM": 2.51,
                "DIST_DN_KM": 68.0,
                "DIST_UP_KM": 11.2,
                "CATCH_SKM": 10.0,
                "UPLAND_SKM": 46.599998,
                "ENDORHEIC": 0,
                "DIS_AV_CMS": 1.104,
                "ORD_STRA": 2,
                "ORD_CLAS": 2,
                "ORD_FLOW": 6,
                "HYBAS_L12": 4121601550.0,
                "Shape_Length": 0.022559223176592612
            },
            "geometry": {
                "type": "LineString",
                "coordinates": [
                    [
                        81.26458333333292,
                        7.422916666666531
                    ],
                    [
                        81.26458333333292,
                        7.439583333333211
                    ],
                    [
                        81.26041666666626,
                        7.44375
                    ]
                ]
            }
        },
        {
            "type": "Feature",
            "properties": {
                "HYRIV_ID": 41403849,
                "NEXT_DOWN": 41403826,
                "MAIN_RIV": 41402604,
                "LENGTH_KM": 1.99,
                "DIST_DN_KM": 62.099998,
                "DIST_UP_KM": 4.5,
                "CATCH_SKM": 7.8800001,
                "UPLAND_SKM": 7.9,
                "ENDORHEIC": 0,
                "DIS_AV_CMS": 0.184,
                "ORD_STRA": 1,
                "ORD_CLAS": 2,
                "ORD_FLOW": 7,
                "HYBAS_L12": 4121157770.0,
                "Shape_Length": 0.01803511301978466
            },
            "geometry": {
                "type": "LineString",
                "coordinates": [
                    [
                        81.35833333333292,
                        7.422916666666531
                    ],
                    [
                        81.35208333333301,
                        7.422916666666531
                    ],
                    [
                        81.34374999999957,
                        7.431249999999899
                    ]
                ]
            }
        },
        {
            "type": "Feature",
            "properties": {
                "HYRIV_ID": 41403862,
                "NEXT_DOWN": 41403653,
                "MAIN_RIV": 41402604,
                "LENGTH_KM": 6.5900002,
                "DIST_DN_KM": 56.3,
                "DIST_UP_KM": 28.8,
                "CATCH_SKM": 25.120001,
                "UPLAND_SKM": 147.7,
                "ENDORHEIC": 0,
                "DIS_AV_CMS": 3.4519999,
                "ORD_STRA": 2,
                "ORD_CLAS": 2,
                "ORD_FLOW": 6,
                "HYBAS_L12": 4121157780.0,
                "Shape_Length": 0.05934433619634916
            },
            "geometry": {
                "type": "LineString",
                "coordinates": [
                    [
                        81.4104166666663,
                        7.41875
                    ],
                    [
                        81.4104166666663,
                        7.427083333333236
                    ],
                    [
                        81.40624999999957,
                        7.431249999999899
                    ],
                    [
                        81.40624999999957,
                        7.456249999999891
                    ],
                    [
                        81.39791666666625,
                        7.464583333333202
                    ],
                    [
                        81.39791666666625,
                        7.472916666666571
                    ]
                ]
            }
        },
        {
            "type": "Feature",
            "properties": {
                "HYRIV_ID": 41403873,
                "NEXT_DOWN": 41403874,
                "MAIN_RIV": 41402604,
                "LENGTH_KM": 1.8,
                "DIST_DN_KM": 67.300003,
                "DIST_UP_KM": 4.9,
                "CATCH_SKM": 11.92,
                "UPLAND_SKM": 11.9,
                "ENDORHEIC": 0,
                "DIS_AV_CMS": 0.28,
                "ORD_STRA": 1,
                "ORD_CLAS": 3,
                "ORD_FLOW": 7,
                "HYBAS_L12": 4121601610.0,
                "Shape_Length": 0.016309223176497096
            },
            "geometry": {
                "type": "LineString",
                "coordinates": [
                    [
                        81.2999999999997,
                        7.422916666666531
                    ],
                    [
                        81.30624999999961,
                        7.422916666666531
                    ],
                    [
                        81.31041666666633,
                        7.41875
                    ],
                    [
                        81.31041666666633,
                        7.414583333333219
                    ]
                ]
            }
        },
        {
            "type": "Feature",
            "properties": {
                "HYRIV_ID": 41403874,
                "NEXT_DOWN": 41403875,
                "MAIN_RIV": 41402604,
                "LENGTH_KM": 3.1400001,
                "DIST_DN_KM": 64.300003,
                "DIST_UP_KM": 16.3,
                "CATCH_SKM": 7.8800001,
                "UPLAND_SKM": 58.099998,
                "ENDORHEIC": 0,
                "DIS_AV_CMS": 1.373,
                "ORD_STRA": 2,
                "ORD_CLAS": 2,
                "ORD_FLOW": 6,
                "HYBAS_L12": 4121601610.0,
                "Shape_Length": 0.02845177968651707
            },
            "geometry": {
                "type": "LineString",
                "coordinates": [
                    [
                        81.31041666666633,
                        7.414583333333219
                    ],
                    [
                        81.32291666666632,
                        7.414583333333219
                    ],
                    [
                        81.32708333333298,
                        7.41875
                    ],
                    [
                        81.33124999999964,
                        7.41875
                    ],
                    [
                        81.33541666666636,
                        7.414583333333219
                    ]
                ]
            }
        },
        {
            "type": "Feature",
            "properties": {
                "HYRIV_ID": 41403875,
                "NEXT_DOWN": 41403826,
                "MAIN_RIV": 41402604,
                "LENGTH_KM": 2.23,
                "DIST_DN_KM": 62.099998,
                "DIST_UP_KM": 24.0,
                "CATCH_SKM": 4.4699998,
                "UPLAND_SKM": 215.2,
                "ENDORHEIC": 0,
                "DIS_AV_CMS": 5.0809999,
                "ORD_STRA": 3,
                "ORD_CLAS": 1,
                "ORD_FLOW": 6,
                "HYBAS_L12": 4121157770.0,
                "Shape_Length": 0.020118446353026374
            },
            "geometry": {
                "type": "LineString",
                "coordinates": [
                    [
                        81.33541666666636,
                        7.414583333333219
                    ],
                    [
                        81.33958333333302,
                        7.41875
                    ],
                    [
                        81.33958333333302,
                        7.427083333333236
                    ],
                    [
                        81.34374999999957,
                        7.431249999999899
                    ]
                ]
            }
        },
        {
            "type": "Feature",
            "properties": {
                "HYRIV_ID": 41403876,
                "NEXT_DOWN": 41403862,
                "MAIN_RIV": 41402604,
                "LENGTH_KM": 1.4400001,
                "DIST_DN_KM": 62.900002,
                "DIST_UP_KM": 4.8,
                "CATCH_SKM": 6.39,
                "UPLAND_SKM": 6.4,
                "ENDORHEIC": 0,
                "DIS_AV_CMS": 0.149,
                "ORD_STRA": 1,
                "ORD_CLAS": 3,
                "ORD_FLOW": 7,
                "HYBAS_L12": 4121157780.0,
                "Shape_Length": 0.01300550143151338
            },
            "geometry": {
                "type": "LineString",
                "coordinates": [
                    [
                        81.39999999999966,
                        7.412499999999888
                    ],
                    [
                        81.40624999999957,
                        7.41875
                    ],
                    [
                        81.4104166666663,
                        7.41875
                    ]
                ]
            }
        },
        {
            "type": "Feature",
            "properties": {
                "HYRIV_ID": 41403904,
                "NEXT_DOWN": 41403848,
                "MAIN_RIV": 41402604,
                "LENGTH_KM": 3.85,
                "DIST_DN_KM": 70.5,
                "DIST_UP_KM": 6.2,
                "CATCH_SKM": 11.28,
                "UPLAND_SKM": 11.3,
                "ENDORHEIC": 0,
                "DIS_AV_CMS": 0.26800001,
                "ORD_STRA": 1,
                "ORD_CLAS": 3,
                "ORD_FLOW": 7,
                "HYBAS_L12": 4121601550.0,
                "Shape_Length": 0.03484983762775697
            },
            "geometry": {
                "type": "LineString",
                "coordinates": [
                    [
                        81.23749999999964,
                        7.404166666666576
                    ],
                    [
                        81.24374999999961,
                        7.410416666666556
                    ],
                    [
                        81.24791666666627,
                        7.410416666666556
                    ],
                    [
                        81.2562499999996,
                        7.41875
                    ],
                    [
                        81.26041666666626,
                        7.41875
                    ],
                    [
                        81.26458333333292,
                        7.422916666666531
                    ]
                ]
            }
        },
        {
            "type": "Feature",
            "properties": {
                "HYRIV_ID": 41403934,
                "NEXT_DOWN": 41403875,
                "MAIN_RIV": 41402604,
                "LENGTH_KM": 2.23,
                "DIST_DN_KM": 64.099998,
                "DIST_UP_KM": 22.0,
                "CATCH_SKM": 5.75,
                "UPLAND_SKM": 152.7,
                "ENDORHEIC": 0,
                "DIS_AV_CMS": 3.605,
                "ORD_STRA": 3,
                "ORD_CLAS": 1,
                "ORD_FLOW": 6,
                "HYBAS_L12": 4121601610.0,
                "Shape_Length": 0.02011844635312341
            },
            "geometry": {
                "type": "LineString",
                "coordinates": [
                    [
                        81.33541666666636,
                        7.397916666666539
                    ],
                    [
                        81.33958333333302,
                        7.402083333333202
                    ],
                    [
                        81.33958333333302,
                        7.40625
                    ],
                    [
                        81.33541666666636,
                        7.410416666666556
                    ],
                    [
                        81.33541666666636,
                        7.414583333333219
                    ]
                ]
            }
        },
        {
            "type": "Feature",
            "properties": {
                "HYRIV_ID": 41403972,
                "NEXT_DOWN": 41403934,
                "MAIN_RIV": 41402604,
                "LENGTH_KM": 1.58,
                "DIST_DN_KM": 66.400002,
                "DIST_UP_KM": 19.700001,
                "CATCH_SKM": 3.4100001,
                "UPLAND_SKM": 132.0,
                "ENDORHEIC": 0,
                "DIS_AV_CMS": 3.122,
                "ORD_STRA": 3,
                "ORD_CLAS": 1,
                "ORD_FLOW": 6,
                "HYBAS_L12": 4121601610.0,
                "Shape_Length": 0.014225889843234274
            },
            "geometry": {
                "type": "LineString",
                "coordinates": [
                    [
                        81.33124999999964,
                        7.385416666666565
                    ],
                    [
                        81.33124999999964,
                        7.389583333333228
                    ],
                    [
                        81.33541666666636,
                        7.393749999999891
                    ],
                    [
                        81.33541666666636,
                        7.397916666666539
                    ]
                ]
            }
        },
        {
            "type": "Feature",
            "properties": {
                "HYRIV_ID": 41403990,
                "NEXT_DOWN": 41403848,
                "MAIN_RIV": 41402604,
                "LENGTH_KM": 6.0900002,
                "DIST_DN_KM": 70.300003,
                "DIST_UP_KM": 8.9,
                "CATCH_SKM": 25.33,
                "UPLAND_SKM": 25.3,
                "ENDORHEIC": 0,
                "DIS_AV_CMS": 0.602,
                "ORD_STRA": 1,
                "ORD_CLAS": 2,
                "ORD_FLOW": 7,
                "HYBAS_L12": 4121601550.0,
                "Shape_Length": 0.054968283980964226
            },
            "geometry": {
                "type": "LineString",
                "coordinates": [
                    [
                        81.24583333333297,
                        7.379166666666542
                    ],
                    [
                        81.25208333333305,
                        7.385416666666565
                    ],
                    [
                        81.25208333333305,
                        7.389583333333228
                    ],
                    [
                        81.26458333333292,
                        7.402083333333202
                    ],
                    [
                        81.26458333333292,
                        7.40625
                    ],
                    [
                        81.26874999999964,
                        7.410416666666556
                    ],
                    [
                        81.26874999999964,
                        7.414583333333219
                    ],
                    [
                        81.26458333333292,
                        7.41875
                    ],
                    [
                        81.26458333333292,
                        7.422916666666531
                    ]
                ]
            }
        },
        {
            "type": "Feature",
            "properties": {
                "HYRIV_ID": 41404002,
                "NEXT_DOWN": 41403972,
                "MAIN_RIV": 41402604,
                "LENGTH_KM": 1.4400001,
                "DIST_DN_KM": 68.0,
                "DIST_UP_KM": 4.6,
                "CATCH_SKM": 6.1700001,
                "UPLAND_SKM": 6.2,
                "ENDORHEIC": 0,
                "DIS_AV_CMS": 0.145,
                "ORD_STRA": 1,
                "ORD_CLAS": 2,
                "ORD_FLOW": 7,
                "HYBAS_L12": 4121601610.0,
                "Shape_Length": 0.013005501431495006
            },
            "geometry": {
                "type": "LineString",
                "coordinates": [
                    [
                        81.33749999999961,
                        7.374999999999879
                    ],
                    [
                        81.33124999999964,
                        7.381249999999874
                    ],
                    [
                        81.33124999999964,
                        7.385416666666565
                    ]
                ]
            }
        },
        {
            "type": "Feature",
            "properties": {
                "HYRIV_ID": 41404003,
                "NEXT_DOWN": 41403934,
                "MAIN_RIV": 41402604,
                "LENGTH_KM": 4.7800002,
                "DIST_DN_KM": 66.400002,
                "DIST_UP_KM": 7.6,
                "CATCH_SKM": 14.9,
                "UPLAND_SKM": 14.9,
                "ENDORHEIC": 0,
                "DIS_AV_CMS": 0.35,
                "ORD_STRA": 1,
                "ORD_CLAS": 2,
                "ORD_FLOW": 7,
                "HYBAS_L12": 4121601610.0,
                "Shape_Length": 0.043183170961146176
            },
            "geometry": {
                "type": "LineString",
                "coordinates": [
                    [
                        81.3666666666663,
                        7.374999999999879
                    ],
                    [
                        81.35624999999968,
                        7.385416666666565
                    ],
                    [
                        81.35208333333301,
                        7.385416666666565
                    ],
                    [
                        81.34791666666635,
                        7.389583333333228
                    ],
                    [
                        81.34374999999957,
                        7.389583333333228
                    ],
                    [
                        81.34374999999957,
                        7.393749999999891
                    ],
                    [
                        81.33958333333302,
                        7.397916666666539
                    ],
                    [
                        81.33541666666636,
                        7.397916666666539
                    ]
                ]
            }
        },
        {
            "type": "Feature",
            "properties": {
                "HYRIV_ID": 41404014,
                "NEXT_DOWN": 41403862,
                "MAIN_RIV": 41402604,
                "LENGTH_KM": 5.4699998,
                "DIST_DN_KM": 62.900002,
                "DIST_UP_KM": 22.200001,
                "CATCH_SKM": 24.690001,
                "UPLAND_SKM": 116.2,
                "ENDORHEIC": 0,
                "DIS_AV_CMS": 2.72,
                "ORD_STRA": 2,
                "ORD_CLAS": 2,
                "ORD_FLOW": 6,
                "HYBAS_L12": 4121157780.0,
                "Shape_Length": 0.049285113019812074
            },
            "geometry": {
                "type": "LineString",
                "coordinates": [
                    [
                        81.4104166666663,
                        7.372916666666548
                    ],
                    [
                        81.4104166666663,
                        7.381249999999874
                    ],
                    [
                        81.41458333333296,
                        7.385416666666565
                    ],
                    [
                        81.41458333333296,
                        7.40625
                    ],
                    [
                        81.4104166666663,
                        7.410416666666556
                    ],
                    [
                        81.4104166666663,
                        7.41875
                    ]
                ]
            }
        },
        {
            "type": "Feature",
            "properties": {
                "HYRIV_ID": 41404069,
                "NEXT_DOWN": 41404014,
                "MAIN_RIV": 41402604,
                "LENGTH_KM": 2.9200001,
                "DIST_DN_KM": 68.400002,
                "DIST_UP_KM": 6.0,
                "CATCH_SKM": 10.43,
                "UPLAND_SKM": 10.4,
                "ENDORHEIC": 0,
                "DIS_AV_CMS": 0.245,
                "ORD_STRA": 1,
                "ORD_CLAS": 3,
                "ORD_FLOW": 7,
                "HYBAS_L12": 4121157780.0,
                "Shape_Length": 0.026368446353072658
            },
            "geometry": {
                "type": "LineString",
                "coordinates": [
                    [
                        81.39166666666634,
                        7.360416666666531
                    ],
                    [
                        81.40208333333297,
                        7.360416666666531
                    ],
                    [
                        81.4104166666663,
                        7.368749999999899
                    ],
                    [
                        81.4104166666663,
                        7.372916666666548
                    ]
                ]
            }
        },
        {
            "type": "Feature",
            "properties": {
                "HYRIV_ID": 41404084,
                "NEXT_DOWN": 41404014,
                "MAIN_RIV": 41402604,
                "LENGTH_KM": 2.4200001,
                "DIST_DN_KM": 68.599998,
                "DIST_UP_KM": 16.6,
                "CATCH_SKM": 4.4699998,
                "UPLAND_SKM": 81.099998,
                "ENDORHEIC": 0,
                "DIS_AV_CMS": 1.9,
                "ORD_STRA": 2,
                "ORD_CLAS": 2,
                "ORD_FLOW": 6,
                "HYBAS_L12": 4121157780.0,
                "Shape_Length": 0.02184433619633302
            },
            "geometry": {
                "type": "LineString",
                "coordinates": [
                    [
                        81.41458333333296,
                        7.356249999999882
                    ],
                    [
                        81.41874999999962,
                        7.360416666666531
                    ],
                    [
                        81.41458333333296,
                        7.364583333333194
                    ],
                    [
                        81.41458333333296,
                        7.368749999999899
                    ],
                    [
                        81.4104166666663,
                        7.372916666666548
                    ]
                ]
            }
        },
        {
            "type": "Feature",
            "properties": {
                "HYRIV_ID": 41404103,
                "NEXT_DOWN": 41403972,
                "MAIN_RIV": 41402604,
                "LENGTH_KM": 4.46,
                "DIST_DN_KM": 68.099998,
                "DIST_UP_KM": 17.9,
                "CATCH_SKM": 16.82,
                "UPLAND_SKM": 122.4,
                "ENDORHEIC": 0,
                "DIS_AV_CMS": 2.898,
                "ORD_STRA": 3,
                "ORD_CLAS": 1,
                "ORD_FLOW": 6,
                "HYBAS_L12": 4121601610.0,
                "Shape_Length": 0.040236892706203474
            },
            "geometry": {
                "type": "LineString",
                "coordinates": [
                    [
                        81.31458333333299,
                        7.352083333333219
                    ],
                    [
                        81.31458333333299,
                        7.360416666666531
                    ],
                    [
                        81.32291666666632,
                        7.368749999999899
                    ],
                    [
                        81.32291666666632,
                        7.372916666666548
                    ],
                    [
                        81.32708333333298,
                        7.377083333333211
                    ],
                    [
                        81.32708333333298,
                        7.381249999999874
                    ],
                    [
                        81.33124999999964,
                        7.385416666666565
                    ]
                ]
            }
        },
        {
            "type": "Feature",
            "properties": {
                "HYRIV_ID": 41404114,
                "NEXT_DOWN": 41403874,
                "MAIN_RIV": 41402604,
                "LENGTH_KM": 9.9899998,
                "DIST_DN_KM": 67.5,
                "DIST_UP_KM": 13.2,
                "CATCH_SKM": 38.32,
                "UPLAND_SKM": 38.3,
                "ENDORHEIC": 0,
                "DIS_AV_CMS": 0.91,
                "ORD_STRA": 1,
                "ORD_CLAS": 2,
                "ORD_FLOW": 7,
                "HYBAS_L12": 4121601610.0,
                "Shape_Length": 0.09017556509885723
            },
            "geometry": {
                "type": "LineString",
                "coordinates": [
                    [
                        81.26249999999968,
                        7.347916666666556
                    ],
                    [
                        81.26874999999964,
                        7.347916666666556
                    ],
                    [
                        81.27291666666625,
                        7.352083333333219
                    ],
                    [
                        81.27291666666625,
                        7.356249999999882
                    ],
                    [
                        81.27708333333297,
                        7.360416666666531
                    ],
                    [
                        81.27708333333297,
                        7.364583333333194
                    ],
                    [
                        81.2854166666663,
                        7.372916666666548
                    ],
                    [
                        81.2854166666663,
                        7.377083333333211
                    ],
                    [
                        81.29374999999962,
                        7.385416666666565
                    ],
                    [
                        81.29374999999962,
                        7.389583333333228
                    ],
                    [
                        81.29791666666628,
                        7.393749999999891
                    ],
                    [
                        81.29791666666628,
                        7.397916666666539
                    ],
                    [
                        81.30208333333294,
                        7.402083333333202
                    ],
                    [
                        81.30208333333294,
                        7.40625
                    ],
                    [
                        81.31041666666633,
                        7.414583333333219
                    ]
                ]
            }
        },
        {
            "type": "Feature",
            "properties": {
                "HYRIV_ID": 41404142,
                "NEXT_DOWN": 41404103,
                "MAIN_RIV": 41402604,
                "LENGTH_KM": 1.77,
                "DIST_DN_KM": 72.400002,
                "DIST_UP_KM": 13.7,
                "CATCH_SKM": 1.49,
                "UPLAND_SKM": 56.0,
                "ENDORHEIC": 0,
                "DIS_AV_CMS": 1.322,
                "ORD_STRA": 2,
                "ORD_CLAS": 1,
                "ORD_FLOW": 6,
                "HYBAS_L12": 4121601610.0,
                "Shape_Length": 0.0159517796864179
            },
            "geometry": {
                "type": "LineString",
                "coordinates": [
                    [
                        81.32291666666632,
                        7.339583333333245
                    ],
                    [
                        81.31458333333299,
                        7.347916666666556
                    ],
                    [
                        81.31458333333299,
                        7.352083333333219
                    ]
                ]
            }
        },
        {
            "type": "Feature",
            "properties": {
                "HYRIV_ID": 41404143,
                "NEXT_DOWN": 41404142,
                "MAIN_RIV": 41402604,
                "LENGTH_KM": 1.4400001,
                "DIST_DN_KM": 74.199997,
                "DIST_UP_KM": 4.6,
                "CATCH_SKM": 5.54,
                "UPLAND_SKM": 5.5,
                "ENDORHEIC": 0,
                "DIS_AV_CMS": 0.13,
                "ORD_STRA": 1,
                "ORD_CLAS": 2,
                "ORD_FLOW": 7,
                "HYBAS_L12": 4121601610.0,
                "Shape_Length": 0.013005501431456536
            },
            "geometry": {
                "type": "LineString",
                "coordinates": [
                    [
                        81.33333333333294,
                        7.345833333333225
                    ],
                    [
                        81.32708333333298,
                        7.339583333333245
                    ],
                    [
                        81.32291666666632,
                        7.339583333333245
                    ]
                ]
            }
        },
        {
            "type": "Feature",
            "properties": {
                "HYRIV_ID": 41404158,
                "NEXT_DOWN": 41404142,
                "MAIN_RIV": 41402604,
                "LENGTH_KM": 0.46,
                "DIST_DN_KM": 74.199997,
                "DIST_UP_KM": 11.9,
                "CATCH_SKM": 0.64,
                "UPLAND_SKM": 49.0,
                "ENDORHEIC": 0,
                "DIS_AV_CMS": 1.156,
                "ORD_STRA": 2,
                "ORD_CLAS": 1,
                "ORD_FLOW": 6,
                "HYBAS_L12": 4121601610.0,
                "Shape_Length": 0.00416666666670551
            },
            "geometry": {
                "type": "LineString",
                "coordinates": [
                    [
                        81.32291666666632,
                        7.335416666666539
                    ],
                    [
                        81.32291666666632,
                        7.339583333333245
                    ]
                ]
            }
        },
        {
            "type": "Feature",
            "properties": {
                "HYRIV_ID": 41404159,
                "NEXT_DOWN": 41404158,
                "MAIN_RIV": 41402604,
                "LENGTH_KM": 0.69,
                "DIST_DN_KM": 74.599998,
                "DIST_UP_KM": 4.1,
                "CATCH_SKM": 5.54,
                "UPLAND_SKM": 5.5,
                "ENDORHEIC": 0,
                "DIS_AV_CMS": 0.131,
                "ORD_STRA": 1,
                "ORD_CLAS": 3,
                "ORD_FLOW": 7,
                "HYBAS_L12": 4121601610.0,
                "Shape_Length": 0.006249999999965894
            },
            "geometry": {
                "type": "LineString",
                "coordinates": [
                    [
                        81.32916666666628,
                        7.335416666666539
                    ],
                    [
                        81.32291666666632,
                        7.335416666666539
                    ]
                ]
            }
        },
        {
            "type": "Feature",
            "properties": {
                "HYRIV_ID": 41404170,
                "NEXT_DOWN": 41404084,
                "MAIN_RIV": 41402604,
                "LENGTH_KM": 3.58,
                "DIST_DN_KM": 71.0,
                "DIST_UP_KM": 5.5,
                "CATCH_SKM": 13.41,
                "UPLAND_SKM": 13.4,
                "ENDORHEIC": 0,
                "DIS_AV_CMS": 0.31400001,
                "ORD_STRA": 1,
                "ORD_CLAS": 3,
                "ORD_FLOW": 7,
                "HYBAS_L12": 4121157780.0,
                "Shape_Length": 0.032261002862986055
            },
            "geometry": {
                "type": "LineString",
                "coordinates": [
                    [
                        81.42708333333294,
                        7.329166666666559
                    ],
                    [
                        81.42708333333294,
                        7.339583333333245
                    ],
                    [
                        81.41874999999962,
                        7.347916666666556
                    ],
                    [
                        81.41874999999962,
                        7.352083333333219
                    ],
                    [
                        81.41458333333296,
                        7.356249999999882
                    ]
                ]
            }
        },
        {
            "type": "Feature",
            "properties": {
                "HYRIV_ID": 41404230,
                "NEXT_DOWN": 41404231,
                "MAIN_RIV": 41402604,
                "LENGTH_KM": 2.45,
                "DIST_DN_KM": 75.900002,
                "DIST_UP_KM": 6.0,
                "CATCH_SKM": 15.54,
                "UPLAND_SKM": 15.5,
                "ENDORHEIC": 0,
                "DIS_AV_CMS": 0.36500001,
                "ORD_STRA": 1,
                "ORD_CLAS": 3,
                "ORD_FLOW": 7,
                "HYBAS_L12": 4121157780.0,
                "Shape_Length": 0.022201779686393842
            },
            "geometry": {
                "type": "LineString",
                "coordinates": [
                    [
                        81.3791666666663,
                        7.327083333333228
                    ],
                    [
                        81.38958333333292,
                        7.327083333333228
                    ],
                    [
                        81.39791666666625,
                        7.31875
                    ]
                ]
            }
        },
        {
            "type": "Feature",
            "properties": {
                "HYRIV_ID": 41404231,
                "NEXT_DOWN": 41404084,
                "MAIN_RIV": 41402604,
                "LENGTH_KM": 4.9299998,
                "DIST_DN_KM": 71.0,
                "DIST_UP_KM": 14.1,
                "CATCH_SKM": 14.69,
                "UPLAND_SKM": 63.200001,
                "ENDORHEIC": 0,
                "DIS_AV_CMS": 1.482,
                "ORD_STRA": 2,
                "ORD_CLAS": 2,
                "ORD_FLOW": 6,
                "HYBAS_L12": 4121157780.0,
                "Shape_Length": 0.04440355937289894
            },
            "geometry": {
                "type": "LineString",
                "coordinates": [
                    [
                        81.39791666666625,
                        7.31875
                    ],
                    [
                        81.40208333333297,
                        7.322916666666522
                    ],
                    [
                        81.40208333333297,
                        7.335416666666539
                    ],
                    [
                        81.40624999999957,
                        7.339583333333245
                    ],
                    [
                        81.40624999999957,
                        7.347916666666556
                    ],
                    [
                        81.41458333333296,
                        7.356249999999882
                    ]
                ]
            }
        },
        {
            "type": "Feature",
            "properties": {
                "HYRIV_ID": 41404244,
                "NEXT_DOWN": 41404158,
                "MAIN_RIV": 41402604,
                "LENGTH_KM": 3.4,
                "DIST_DN_KM": 74.800003,
                "DIST_UP_KM": 6.4,
                "CATCH_SKM": 9.1499996,
                "UPLAND_SKM": 9.2,
                "ENDORHEIC": 0,
                "DIS_AV_CMS": 0.21600001,
                "ORD_STRA": 1,
                "ORD_CLAS": 2,
                "ORD_FLOW": 7,
                "HYBAS_L12": 4121601610.0,
                "Shape_Length": 0.030683170961111755
            },
            "geometry": {
                "type": "LineString",
                "coordinates": [
                    [
                        81.34166666666627,
                        7.312499999999879
                    ],
                    [
                        81.33541666666636,
                        7.31875
                    ],
                    [
                        81.33541666666636,
                        7.322916666666522
                    ],
                    [
                        81.32291666666632,
                        7.335416666666539
                    ]
                ]
            }
        },
        {
            "type": "Feature",
            "properties": {
                "HYRIV_ID": 41404264,
                "NEXT_DOWN": 41404265,
                "MAIN_RIV": 41402604,
                "LENGTH_KM": 0.69,
                "DIST_DN_KM": 76.900002,
                "DIST_UP_KM": 3.8,
                "CATCH_SKM": 4.4699998,
                "UPLAND_SKM": 4.5,
                "ENDORHEIC": 0,
                "DIS_AV_CMS": 0.105,
                "ORD_STRA": 1,
                "ORD_CLAS": 3,
                "ORD_FLOW": 7,
                "HYBAS_L12": 4121157780.0,
                "Shape_Length": 0.006249999999965894
            },
            "geometry": {
                "type": "LineString",
                "coordinates": [
                    [
                        81.38749999999968,
                        7.310416666666548
                    ],
                    [
                        81.39374999999964,
                        7.310416666666548
                    ]
                ]
            }
        },
        {
            "type": "Feature",
            "properties": {
                "HYRIV_ID": 41404265,
                "NEXT_DOWN": 41404231,
                "MAIN_RIV": 41402604,
                "LENGTH_KM": 1.12,
                "DIST_DN_KM": 75.900002,
                "DIST_UP_KM": 9.2,
                "CATCH_SKM": 1.06,
                "UPLAND_SKM": 33.0,
                "ENDORHEIC": 0,
                "DIS_AV_CMS": 0.774,
                "ORD_STRA": 2,
                "ORD_CLAS": 2,
                "ORD_FLOW": 7,
                "HYBAS_L12": 4121157780.0,
                "Shape_Length": 0.010059223176525318
            },
            "geometry": {
                "type": "LineString",
                "coordinates": [
                    [
                        81.39374999999964,
                        7.310416666666548
                    ],
                    [
                        81.39374999999964,
                        7.314583333333211
                    ],
                    [
                        81.39791666666625,
                        7.31875
                    ]
                ]
            }
        },
        {
            "type": "Feature",
            "properties": {
                "HYRIV_ID": 41404346,
                "NEXT_DOWN": 41404103,
                "MAIN_RIV": 41402604,
                "LENGTH_KM": 8.9300003,
                "DIST_DN_KM": 72.599998,
                "DIST_UP_KM": 13.2,
                "CATCH_SKM": 35.34,
                "UPLAND_SKM": 49.599998,
                "ENDORHEIC": 0,
                "DIS_AV_CMS": 1.181,
                "ORD_STRA": 2,
                "ORD_CLAS": 2,
                "ORD_FLOW": 6,
                "HYBAS_L12": 4121601610.0,
                "Shape_Length": 0.08047378541244786
            },
            "geometry": {
                "type": "LineString",
                "coordinates": [
                    [
                        81.28958333333296,
                        7.285416666666556
                    ],
                    [
                        81.28958333333296,
                        7.297916666666531
                    ],
                    [
                        81.29791666666628,
                        7.306249999999885
                    ],
                    [
                        81.29374999999962,
                        7.310416666666548
                    ],
                    [
                        81.29791666666628,
                        7.314583333333211
                    ],
                    [
                        81.29791666666628,
                        7.327083333333228
                    ],
                    [
                        81.30208333333294,
                        7.331249999999876
                    ],
                    [
                        81.30208333333294,
                        7.335416666666539
                    ],
                    [
                        81.31041666666633,
                        7.343749999999893
                    ],
                    [
                        81.31041666666633,
                        7.347916666666556
                    ],
                    [
                        81.31458333333299,
                        7.352083333333219
                    ]
                ]
            }
        },
        {
            "type": "Feature",
            "properties": {
                "HYRIV_ID": 41404375,
                "NEXT_DOWN": 41404346,
                "MAIN_RIV": 41402604,
                "LENGTH_KM": 0.98,
                "DIST_DN_KM": 81.5,
                "DIST_UP_KM": 3.7,
                "CATCH_SKM": 4.9,
                "UPLAND_SKM": 4.9,
                "ENDORHEIC": 0,
                "DIS_AV_CMS": 0.116,
                "ORD_STRA": 1,
                "ORD_CLAS": 3,
                "ORD_FLOW": 7,
                "HYBAS_L12": 4121601610.0,
                "Shape_Length": 0.008838834764803707
            },
            "geometry": {
                "type": "LineString",
                "coordinates": [
                    [
                        81.29583333333292,
                        7.279166666666562
                    ],
                    [
                        81.28958333333296,
                        7.285416666666556
                    ]
                ]
            }
        },
        {
            "type": "Feature",
            "properties": {
                "HYRIV_ID": 41404376,
                "NEXT_DOWN": 41404158,
                "MAIN_RIV": 41402604,
                "LENGTH_KM": 8.2399998,
                "DIST_DN_KM": 74.800003,
                "DIST_UP_KM": 11.3,
                "CATCH_SKM": 33.639999,
                "UPLAND_SKM": 33.599998,
                "ENDORHEIC": 0,
                "DIS_AV_CMS": 0.79500002,
                "ORD_STRA": 1,
                "ORD_CLAS": 1,
                "ORD_FLOW": 7,
                "HYBAS_L12": 4121601610.0,
                "Shape_Length": 0.0743718433537511
            },
            "geometry": {
                "type": "LineString",
                "coordinates": [
                    [
                        81.34166666666627,
                        7.279166666666562
                    ],
                    [
                        81.33124999999964,
                        7.289583333333219
                    ],
                    [
                        81.33124999999964,
                        7.29375
                    ],
                    [
                        81.31874999999965,
                        7.306249999999885
                    ],
                    [
                        81.31874999999965,
                        7.310416666666548
                    ],
                    [
                        81.31458333333299,
                        7.314583333333211
                    ],
                    [
                        81.31874999999965,
                        7.31875
                    ],
                    [
                        81.31874999999965,
                        7.322916666666522
                    ],
                    [
                        81.32291666666632,
                        7.327083333333228
                    ],
                    [
                        81.31874999999965,
                        7.331249999999876
                    ],
                    [
                        81.32291666666632,
                        7.335416666666539
                    ]
                ]
            }
        },
        {
            "type": "Feature",
            "properties": {
                "HYRIV_ID": 41404439,
                "NEXT_DOWN": 41404346,
                "MAIN_RIV": 41402604,
                "LENGTH_KM": 2.37,
                "DIST_DN_KM": 81.300003,
                "DIST_UP_KM": 4.5,
                "CATCH_SKM": 9.37,
                "UPLAND_SKM": 9.4,
                "ENDORHEIC": 0,
                "DIS_AV_CMS": 0.22400001,
                "ORD_STRA": 1,
                "ORD_CLAS": 2,
                "ORD_FLOW": 7,
                "HYBAS_L12": 4121601610.0,
                "Shape_Length": 0.02133883476482076
            },
            "geometry": {
                "type": "LineString",
                "coordinates": [
                    [
                        81.29583333333292,
                        7.266666666666545
                    ],
                    [
                        81.28958333333296,
                        7.272916666666539
                    ],
                    [
                        81.28958333333296,
                        7.285416666666556
                    ]
                ]
            }
        },
        {
            "type": "Feature",
            "properties": {
                "HYRIV_ID": 41404456,
                "NEXT_DOWN": 41404265,
                "MAIN_RIV": 41402604,
                "LENGTH_KM": 5.9,
                "DIST_DN_KM": 76.900002,
                "DIST_UP_KM": 8.3,
                "CATCH_SKM": 27.469999,
                "UPLAND_SKM": 27.5,
                "ENDORHEIC": 0,
                "DIS_AV_CMS": 0.644,
                "ORD_STRA": 1,
                "ORD_CLAS": 2,
                "ORD_FLOW": 7,
                "HYBAS_L12": 4121157780.0,
                "Shape_Length": 0.05309433619634236
            },
            "geometry": {
                "type": "LineString",
                "coordinates": [
                    [
                        81.3812499999996,
                        7.262499999999896
                    ],
                    [
                        81.3812499999996,
                        7.277083333333245
                    ],
                    [
                        81.38541666666626,
                        7.281249999999893
                    ],
                    [
                        81.38541666666626,
                        7.285416666666556
                    ],
                    [
                        81.38958333333292,
                        7.289583333333219
                    ],
                    [
                        81.38958333333292,
                        7.297916666666531
                    ],
                    [
                        81.39374999999964,
                        7.302083333333236
                    ],
                    [
                        81.39374999999964,
                        7.310416666666548
                    ]
                ]
            }
        }
    ]
}