{
    "type": "FeatureCollection",
    "features": [
        {
            "type": "Feature",
            "properties": {
                "HYRIV_ID": 41404298,
                "NEXT_DOWN": 41404311,
                "MAIN_RIV": 41404379,
                "LENGTH_KM": 5.8,
                "DIST_DN_KM": 56.900002,
                "DIST_UP_KM": 8.0,
                "CATCH_SKM": 24.700001,
                "UPLAND_SKM": 24.700001,
                "ENDORHEIC": 0,
                "DIS_AV_CMS": 0.574,
                "ORD_STRA": 1,
                "ORD_CLAS": 2,
                "ORD_FLOW": 7,
                "HYBAS_L12": 4121158190.0,
                "Shape_Length": 0.052379449216058506
            },
            "geometry": {
                "type": "LineString",
                "coordinates": [
                    [
                        81.48124999999968,
                        7.329166666666559
                    ],
                    [
                        81.48124999999968,
                        7.31875
                    ],
                    [
                        81.48541666666634,
                        7.314583333333211
                    ],
                    [
                        81.489583333333,
                        7.314583333333211
                    ],
                    [
                        81.50208333333293,
                        7.302083333333236
                    ],
                    [
                        81.51041666666626,
                        7.302083333333236
                    ],
                    [
                        81.51458333333292,
                        7.297916666666531
                    ]
                ]
            }
        },
        {
            "type": "Feature",
            "properties": {
                "HYRIV_ID": 41404310,
                "NEXT_DOWN": 41404311,
                "MAIN_RIV": 41404379,
                "LENGTH_KM": 1.8,
                "DIST_DN_KM": 56.900002,
                "DIST_UP_KM": 4.9,
                "CATCH_SKM": 5.3200002,
                "UPLAND_SKM": 5.3,
                "ENDORHEIC": 0,
                "DIS_AV_CMS": 0.123,
                "ORD_STRA": 1,
                "ORD_CLAS": 3,
                "ORD_FLOW": 7,
                "HYBAS_L12": 4121158190.0,
                "Shape_Length": 0.01630922317648116
            },
            "geometry": {
                "type": "LineString",
                "coordinates": [
                    [
                        81.49999999999963,
                        7.29375
                    ],
                    [
                        81.51041666666626,
                        7.29375
                    ],
                    [
                        81.51458333333292,
                        7.297916666666531
                    ]
                ]
            }
        },
        {
            "type": "Feature",
            "properties": {
                "HYRIV_ID": 41404311,
                "NEXT_DOWN": 41404523,
                "MAIN_RIV": 41404379,
                "LENGTH_KM": 1.11,
                "DIST_DN_KM": 55.8,
                "DIST_UP_KM": 9.1,
                "CATCH_SKM": 1.49,
                "UPLAND_SKM": 31.5,
                "ENDORHEIC": 0,
                "DIS_AV_CMS": 0.73100001,
                "ORD_STRA": 2,
                "ORD_CLAS": 2,
                "ORD_FLOW": 7,
                "HYBAS_L12": 4121158190.0,
                "Shape_Length": 0.010059223176565215
            },
            "geometry": {
                "type": "LineString",
                "coordinates": [
                    [
                        81.51458333333292,
                        7.297916666666531
                    ],
                    [
                        81.51874999999976,
                        7.297916666666531
                    ],
                    [
                        81.52291666666625,
                        7.29375
                    ]
                ]
            }
        },
        {
            "type": "Feature",
            "properties": {
                "HYRIV_ID": 41404312,
                "NEXT_DOWN": 41404523,
                "MAIN_RIV": 41404379,
                "LENGTH_KM": 3.48,
                "DIST_DN_KM": 55.599998,
                "DIST_UP_KM": 6.8,
                "CATCH_SKM": 19.370001,
                "UPLAND_SKM": 19.4,
                "ENDORHEIC": 0,
                "DIS_AV_CMS": 0.449,
                "ORD_STRA": 1,
                "ORD_CLAS": 3,
                "ORD_FLOW": 7,
                "HYBAS_L12": 4121158190.0,
                "Shape_Length": 0.03124999999998579
            },
            "geometry": {
                "type": "LineString",
                "coordinates": [
                    [
                        81.52291666666625,
                        7.324999999999896
                    ],
                    [
                        81.52291666666625,
                        7.29375
                    ]
                ]
            }
        },
        {
            "type": "Feature",
            "properties": {
                "HYRIV_ID": 41404328,
                "NEXT_DOWN": 41404377,
                "MAIN_RIV": 41404379,
                "LENGTH_KM": 0.98,
                "DIST_DN_KM": 10.6,
                "DIST_UP_KM": 4.4,
                "CATCH_SKM": 7.4499998,
                "UPLAND_SKM": 7.5,
                "ENDORHEIC": 0,
                "DIS_AV_CMS": 0.168,
                "ORD_STRA": 1,
                "ORD_CLAS": 2,
                "ORD_FLOW": 7,
                "HYBAS_L12": 4120049840.0,
                "Shape_Length": 0.00883883476479366
            },
            "geometry": {
                "type": "LineString",
                "coordinates": [
                    [
                        81.79583333333298,
                        7.295833333333199
                    ],
                    [
                        81.80208333333294,
                        7.289583333333219
                    ]
                ]
            }
        },
        {
            "type": "Feature",
            "properties": {
                "HYRIV_ID": 41404347,
                "NEXT_DOWN": 41404441,
                "MAIN_RIV": 41404379,
                "LENGTH_KM": 1.63,
                "DIST_DN_KM": 66.0,
                "DIST_UP_KM": 3.5,
                "CATCH_SKM": 6.39,
                "UPLAND_SKM": 6.4,
                "ENDORHEIC": 0,
                "DIS_AV_CMS": 0.149,
                "ORD_STRA": 1,
                "ORD_CLAS": 3,
                "ORD_FLOW": 7,
                "HYBAS_L12": 4121158260.0,
                "Shape_Length": 0.014731391274636001
            },
            "geometry": {
                "type": "LineString",
                "coordinates": [
                    [
                        81.4416666666664,
                        7.295833333333199
                    ],
                    [
                        81.45208333333298,
                        7.285416666666556
                    ]
                ]
            }
        },
        {
            "type": "Feature",
            "properties": {
                "HYRIV_ID": 41404348,
                "NEXT_DOWN": 41404441,
                "MAIN_RIV": 41404379,
                "LENGTH_KM": 2.55,
                "DIST_DN_KM": 65.800003,
                "DIST_UP_KM": 4.5,
                "CATCH_SKM": 14.69,
                "UPLAND_SKM": 14.7,
                "ENDORHEIC": 0,
                "DIS_AV_CMS": 0.34200001,
                "ORD_STRA": 1,
                "ORD_CLAS": 2,
                "ORD_FLOW": 7,
                "HYBAS_L12": 4121158260.0,
                "Shape_Length": 0.022916666666660035
            },
            "geometry": {
                "type": "LineString",
                "coordinates": [
                    [
                        81.45208333333298,
                        7.308333333333216
                    ],
                    [
                        81.45208333333298,
                        7.285416666666556
                    ]
                ]
            }
        },
        {
            "type": "Feature",
            "properties": {
                "HYRIV_ID": 41404349,
                "NEXT_DOWN": 41404442,
                "MAIN_RIV": 41404379,
                "LENGTH_KM": 4.56,
                "DIST_DN_KM": 33.099998,
                "DIST_UP_KM": 7.5,
                "CATCH_SKM": 24.059999,
                "UPLAND_SKM": 24.1,
                "ENDORHEIC": 0,
                "DIS_AV_CMS": 0.551,
                "ORD_STRA": 1,
                "ORD_CLAS": 2,
                "ORD_FLOW": 7,
                "HYBAS_L12": 4121158090.0,
                "Shape_Length": 0.04130922317652876
            },
            "geometry": {
                "type": "LineString",
                "coordinates": [
                    [
                        81.59583333333293,
                        7.289583333333219
                    ],
                    [
                        81.61874999999966,
                        7.289583333333219
                    ],
                    [
                        81.62291666666638,
                        7.285416666666556
                    ],
                    [
                        81.63541666666626,
                        7.285416666666556
                    ]
                ]
            }
        },
        {
            "type": "Feature",
            "properties": {
                "HYRIV_ID": 41404350,
                "NEXT_DOWN": 41404442,
                "MAIN_RIV": 41404379,
                "LENGTH_KM": 3.58,
                "DIST_DN_KM": 33.099998,
                "DIST_UP_KM": 6.5,
                "CATCH_SKM": 17.459999,
                "UPLAND_SKM": 17.5,
                "ENDORHEIC": 0,
                "DIS_AV_CMS": 0.40200001,
                "ORD_STRA": 1,
                "ORD_CLAS": 3,
                "ORD_FLOW": 7,
                "HYBAS_L12": 4121158090.0,
                "Shape_Length": 0.032261002862909824
            },
            "geometry": {
                "type": "LineString",
                "coordinates": [
                    [
                        81.62291666666638,
                        7.312499999999879
                    ],
                    [
                        81.62291666666638,
                        7.306249999999885
                    ],
                    [
                        81.62708333333305,
                        7.302083333333236
                    ],
                    [
                        81.62708333333305,
                        7.297916666666531
                    ],
                    [
                        81.63541666666626,
                        7.289583333333219
                    ],
                    [
                        81.63541666666626,
                        7.285416666666556
                    ]
                ]
            }
        },
        {
            "type": "Feature",
            "properties": {
                "HYRIV_ID": 41404351,
                "NEXT_DOWN": 41404401,
                "MAIN_RIV": 41404379,
                "LENGTH_KM": 1.16,
                "DIST_DN_KM": 14.6,
                "DIST_UP_KM": 4.7,
                "CATCH_SKM": 4.9,
                "UPLAND_SKM": 4.9,
                "ENDORHEIC": 0,
                "DIS_AV_CMS": 0.111,
                "ORD_STRA": 1,
                "ORD_CLAS": 2,
                "ORD_FLOW": 7,
                "HYBAS_L12": 4120049840.0,
                "Shape_Length": 0.010416666666529295
            },
            "geometry": {
                "type": "LineString",
                "coordinates": [
                    [
                        81.7687499999997,
                        7.291666666666536
                    ],
                    [
                        81.7687499999997,
                        7.285416666666556
                    ],
                    [
                        81.77291666666625,
                        7.285416666666556
                    ]
                ]
            }
        },
        {
            "type": "Feature",
            "properties": {
                "HYRIV_ID": 41404377,
                "NEXT_DOWN": 41404378,
                "MAIN_RIV": 41404379,
                "LENGTH_KM": 5.75,
                "DIST_DN_KM": 4.9,
                "DIST_UP_KM": 101.8,
                "CATCH_SKM": 16.389999,
                "UPLAND_SKM": 1657.2,
                "ENDORHEIC": 0,
                "DIS_AV_CMS": 35.889,
                "ORD_STRA": 4,
                "ORD_CLAS": 1,
                "ORD_FLOW": 5,
                "HYBAS_L12": 4120049840.0,
                "Shape_Length": 0.05202200572590309
            },
            "geometry": {
                "type": "LineString",
                "coordinates": [
                    [
                        81.80208333333294,
                        7.289583333333219
                    ],
                    [
                        81.80624999999961,
                        7.29375
                    ],
                    [
                        81.8187499999996,
                        7.29375
                    ],
                    [
                        81.82291666666632,
                        7.297916666666531
                    ],
                    [
                        81.82708333333292,
                        7.29375
                    ],
                    [
                        81.82291666666632,
                        7.289583333333219
                    ],
                    [
                        81.82708333333292,
                        7.285416666666556
                    ],
                    [
                        81.83124999999964,
                        7.285416666666556
                    ],
                    [
                        81.8354166666663,
                        7.281249999999893
                    ]
                ]
            }
        },
        {
            "type": "Feature",
            "properties": {
                "HYRIV_ID": 41404378,
                "NEXT_DOWN": 41404379,
                "MAIN_RIV": 41404379,
                "LENGTH_KM": 3.99,
                "DIST_DN_KM": 0.9,
                "DIST_UP_KM": 105.8,
                "CATCH_SKM": 10.43,
                "UPLAND_SKM": 1710.9,
                "ENDORHEIC": 0,
                "DIS_AV_CMS": 36.882999,
                "ORD_STRA": 4,
                "ORD_CLAS": 1,
                "ORD_FLOW": 5,
                "HYBAS_L12": 4120049840.0,
                "Shape_Length": 0.03607022603957562
            },
            "geometry": {
                "type": "LineString",
                "coordinates": [
                    [
                        81.8354166666663,
                        7.281249999999893
                    ],
                    [
                        81.83958333333297,
                        7.281249999999893
                    ],
                    [
                        81.8479166666663,
                        7.289583333333219
                    ],
                    [
                        81.85208333333296,
                        7.289583333333219
                    ],
                    [
                        81.85624999999962,
                        7.285416666666556
                    ],
                    [
                        81.86041666666634,
                        7.285416666666556
                    ],
                    [
                        81.864583333333,
                        7.281249999999893
                    ]
                ]
            }
        },
        {
            "type": "Feature",
            "properties": {
                "HYRIV_ID": 41404379,
                "NEXT_DOWN": 0,
                "MAIN_RIV": 41404379,
                "LENGTH_KM": 0.46,
                "DIST_DN_KM": 0.0,
                "DIST_UP_KM": 106.5,
                "CATCH_SKM": 0.43,
                "UPLAND_SKM": 1722.6,
                "ENDORHEIC": 0,
                "DIS_AV_CMS": 37.111,
                "ORD_STRA": 4,
                "ORD_CLAS": 1,
                "ORD_FLOW": 5,
                "HYBAS_L12": 4120049840.0,
                "Shape_Length": 0.004166666666662877
            },
            "geometry": {
                "type": "LineString",
                "coordinates": [
                    [
                        81.864583333333,
                        7.281249999999893
                    ],
                    [
                        81.86874999999966,
                        7.281249999999893
                    ]
                ]
            }
        },
        {
            "type": "Feature",
            "properties": {
                "HYRIV_ID": 41404401,
                "NEXT_DOWN": 41404377,
                "MAIN_RIV": 41404379,
                "LENGTH_KM": 4.1799998,
                "DIST_DN_KM": 10.6,
                "DIST_UP_KM": 96.099998,
                "CATCH_SKM": 15.76,
                "UPLAND_SKM": 1633.3,
                "ENDORHEIC": 0,
                "DIS_AV_CMS": 35.615002,
                "ORD_STRA": 4,
                "ORD_CLAS": 1,
                "ORD_FLOW": 5,
                "HYBAS_L12": 4120049840.0,
                "Shape_Length": 0.03779611588279184
            },
            "geometry": {
                "type": "LineString",
                "coordinates": [
                    [
                        81.77291666666625,
                        7.285416666666556
                    ],
                    [
                        81.77708333333302,
                        7.285416666666556
                    ],
                    [
                        81.7854166666663,
                        7.277083333333245
                    ],
                    [
                        81.79374999999962,
                        7.285416666666556
                    ],
                    [
                        81.79791666666628,
                        7.285416666666556
                    ],
                    [
                        81.80208333333294,
                        7.289583333333219
                    ]
                ]
            }
        },
        {
            "type": "Feature",
            "properties": {
                "HYRIV_ID": 41404422,
                "NEXT_DOWN": 41404401,
                "MAIN_RIV": 41404379,
                "LENGTH_KM": 5.1,
                "DIST_DN_KM": 14.8,
                "DIST_UP_KM": 91.900002,
                "CATCH_SKM": 22.57,
                "UPLAND_SKM": 1612.7,
                "ENDORHEIC": 0,
                "DIS_AV_CMS": 35.331001,
                "ORD_STRA": 4,
                "ORD_CLAS": 1,
                "ORD_FLOW": 5,
                "HYBAS_L12": 4120049840.0,
                "Shape_Length": 0.046129449216010796
            },
            "geometry": {
                "type": "LineString",
                "coordinates": [
                    [
                        81.73541666666634,
                        7.272916666666539
                    ],
                    [
                        81.739583333333,
                        7.277083333333245
                    ],
                    [
                        81.74374999999966,
                        7.277083333333245
                    ],
                    [
                        81.75208333333305,
                        7.285416666666556
                    ],
                    [
                        81.76458333333292,
                        7.285416666666556
                    ],
                    [
                        81.7687499999997,
                        7.281249999999893
                    ],
                    [
                        81.77291666666625,
                        7.285416666666556
                    ]
                ]
            }
        },
        {
            "type": "Feature",
            "properties": {
                "HYRIV_ID": 41404440,
                "NEXT_DOWN": 41404563,
                "MAIN_RIV": 41404379,
                "LENGTH_KM": 3.28,
                "DIST_DN_KM": 63.8,
                "DIST_UP_KM": 6.2,
                "CATCH_SKM": 10.86,
                "UPLAND_SKM": 10.9,
                "ENDORHEIC": 0,
                "DIS_AV_CMS": 0.253,
                "ORD_STRA": 1,
                "ORD_CLAS": 3,
                "ORD_FLOW": 7,
                "HYBAS_L12": 4121158260.0,
                "Shape_Length": 0.02967216809824528
            },
            "geometry": {
                "type": "LineString",
                "coordinates": [
                    [
                        81.42916666666625,
                        7.275
                    ],
                    [
                        81.43541666666627,
                        7.268749999999876
                    ],
                    [
                        81.45624999999964,
                        7.268749999999876
                    ]
                ]
            }
        },
        {
            "type": "Feature",
            "properties": {
                "HYRIV_ID": 41404441,
                "NEXT_DOWN": 41404563,
                "MAIN_RIV": 41404379,
                "LENGTH_KM": 2.04,
                "DIST_DN_KM": 63.8,
                "DIST_UP_KM": 6.6,
                "CATCH_SKM": 6.81,
                "UPLAND_SKM": 27.9,
                "ENDORHEIC": 0,
                "DIS_AV_CMS": 0.65,
                "ORD_STRA": 2,
                "ORD_CLAS": 2,
                "ORD_FLOW": 7,
                "HYBAS_L12": 4121158260.0,
                "Shape_Length": 0.018392556509903752
            },
            "geometry": {
                "type": "LineString",
                "coordinates": [
                    [
                        81.45208333333298,
                        7.285416666666556
                    ],
                    [
                        81.45208333333298,
                        7.281249999999893
                    ],
                    [
                        81.45624999999964,
                        7.277083333333245
                    ],
                    [
                        81.45624999999964,
                        7.268749999999876
                    ]
                ]
            }
        },
        {
            "type": "Feature",
            "properties": {
                "HYRIV_ID": 41404442,
                "NEXT_DOWN": 41404443,
                "MAIN_RIV": 41404379,
                "LENGTH_KM": 3.34,
                "DIST_DN_KM": 29.8,
                "DIST_UP_KM": 10.8,
                "CATCH_SKM": 9.1599998,
                "UPLAND_SKM": 50.700001,
                "ENDORHEIC": 0,
                "DIS_AV_CMS": 1.158,
                "ORD_STRA": 2,
                "ORD_CLAS": 2,
                "ORD_FLOW": 6,
                "HYBAS_L12": 4121158090.0,
                "Shape_Length": 0.030177669529706283
            },
            "geometry": {
                "type": "LineString",
                "coordinates": [
                    [
                        81.63541666666626,
                        7.285416666666556
                    ],
                    [
                        81.63958333333292,
                        7.285416666666556
                    ],
                    [
                        81.64791666666625,
                        7.277083333333245
                    ],
                    [
                        81.65208333333308,
                        7.277083333333245
                    ],
                    [
                        81.65624999999957,
                        7.272916666666539
                    ],
                    [
                        81.65624999999957,
                        7.268749999999876
                    ]
                ]
            }
        },
        {
            "type": "Feature",
            "properties": {
                "HYRIV_ID": 41404443,
                "NEXT_DOWN": 41404445,
                "MAIN_RIV": 41404379,
                "LENGTH_KM": 1.38,
                "DIST_DN_KM": 28.4,
                "DIST_UP_KM": 78.300003,
                "CATCH_SKM": 2.56,
                "UPLAND_SKM": 1391.6,
                "ENDORHEIC": 0,
                "DIS_AV_CMS": 31.052,
                "ORD_STRA": 4,
                "ORD_CLAS": 1,
                "ORD_FLOW": 5,
                "HYBAS_L12": 4121158090.0,
                "Shape_Length": 0.012500000000045475
            },
            "geometry": {
                "type": "LineString",
                "coordinates": [
                    [
                        81.65624999999957,
                        7.268749999999876
                    ],
                    [
                        81.66874999999962,
                        7.268749999999876
                    ]
                ]
            }
        },
        {
            "type": "Feature",
            "properties": {
                "HYRIV_ID": 41404444,
                "NEXT_DOWN": 41404445,
                "MAIN_RIV": 41404379,
                "LENGTH_KM": 4.5900002,
                "DIST_DN_KM": 28.4,
                "DIST_UP_KM": 7.4,
                "CATCH_SKM": 18.309999,
                "UPLAND_SKM": 18.3,
                "ENDORHEIC": 0,
                "DIS_AV_CMS": 0.419,
                "ORD_STRA": 1,
                "ORD_CLAS": 2,
                "ORD_FLOW": 7,
                "HYBAS_L12": 4121158090.0,
                "Shape_Length": 0.04130922317654714
            },
            "geometry": {
                "type": "LineString",
                "coordinates": [
                    [
                        81.66458333333296,
                        7.308333333333216
                    ],
                    [
                        81.66458333333296,
                        7.277083333333245
                    ],
                    [
                        81.66874999999962,
                        7.272916666666539
                    ],
                    [
                        81.66874999999962,
                        7.268749999999876
                    ]
                ]
            }
        },
        {
            "type": "Feature",
            "properties": {
                "HYRIV_ID": 41404445,
                "NEXT_DOWN": 41404446,
                "MAIN_RIV": 41404379,
                "LENGTH_KM": 5.83,
                "DIST_DN_KM": 22.8,
                "DIST_UP_KM": 83.900002,
                "CATCH_SKM": 17.889999,
                "UPLAND_SKM": 1427.8,
                "ENDORHEIC": 0,
                "DIS_AV_CMS": 31.628,
                "ORD_STRA": 4,
                "ORD_CLAS": 1,
                "ORD_FLOW": 5,
                "HYBAS_L12": 4121158090.0,
                "Shape_Length": 0.05273689270627077
            },
            "geometry": {
                "type": "LineString",
                "coordinates": [
                    [
                        81.66874999999962,
                        7.268749999999876
                    ],
                    [
                        81.67291666666628,
                        7.268749999999876
                    ],
                    [
                        81.67708333333294,
                        7.272916666666539
                    ],
                    [
                        81.68124999999961,
                        7.272916666666539
                    ],
                    [
                        81.68541666666627,
                        7.277083333333245
                    ],
                    [
                        81.6937499999996,
                        7.277083333333245
                    ],
                    [
                        81.69791666666632,
                        7.272916666666539
                    ],
                    [
                        81.7104166666663,
                        7.272916666666539
                    ],
                    [
                        81.71458333333297,
                        7.268749999999876
                    ]
                ]
            }
        },
        {
            "type": "Feature",
            "properties": {
                "HYRIV_ID": 41404446,
                "NEXT_DOWN": 41404422,
                "MAIN_RIV": 41404379,
                "LENGTH_KM": 2.8800001,
                "DIST_DN_KM": 19.9,
                "DIST_UP_KM": 86.800003,
                "CATCH_SKM": 12.35,
                "UPLAND_SKM": 1560.7,
                "ENDORHEIC": 0,
                "DIS_AV_CMS": 34.398998,
                "ORD_STRA": 4,
                "ORD_CLAS": 1,
                "ORD_FLOW": 5,
                "HYBAS_L12": 4120049840.0,
                "Shape_Length": 0.02601100286301356
            },
            "geometry": {
                "type": "LineString",
                "coordinates": [
                    [
                        81.71458333333297,
                        7.268749999999876
                    ],
                    [
                        81.71874999999963,
                        7.268749999999876
                    ],
                    [
                        81.7229166666663,
                        7.272916666666539
                    ],
                    [
                        81.72708333333301,
                        7.268749999999876
                    ],
                    [
                        81.73124999999968,
                        7.268749999999876
                    ],
                    [
                        81.73541666666634,
                        7.272916666666539
                    ]
                ]
            }
        },
        {
            "type": "Feature",
            "properties": {
                "HYRIV_ID": 41404471,
                "NEXT_DOWN": 41404378,
                "MAIN_RIV": 41404379,
                "LENGTH_KM": 3.34,
                "DIST_DN_KM": 4.7,
                "DIST_UP_KM": 10.7,
                "CATCH_SKM": 8.3,
                "UPLAND_SKM": 43.200001,
                "ENDORHEIC": 0,
                "DIS_AV_CMS": 0.95099998,
                "ORD_STRA": 2,
                "ORD_CLAS": 2,
                "ORD_FLOW": 7,
                "HYBAS_L12": 4120049840.0,
                "Shape_Length": 0.03017766952971146
            },
            "geometry": {
                "type": "LineString",
                "coordinates": [
                    [
                        81.8187499999996,
                        7.260416666666565
                    ],
                    [
                        81.82291666666632,
                        7.260416666666565
                    ],
                    [
                        81.8354166666663,
                        7.272916666666539
                    ],
                    [
                        81.8354166666663,
                        7.281249999999893
                    ]
                ]
            }
        },
        {
            "type": "Feature",
            "properties": {
                "HYRIV_ID": 41404484,
                "NEXT_DOWN": 41404471,
                "MAIN_RIV": 41404379,
                "LENGTH_KM": 4.1,
                "DIST_DN_KM": 8.0,
                "DIST_UP_KM": 7.1,
                "CATCH_SKM": 22.15,
                "UPLAND_SKM": 22.1,
                "ENDORHEIC": 0,
                "DIS_AV_CMS": 0.49,
                "ORD_STRA": 1,
                "ORD_CLAS": 3,
                "ORD_FLOW": 7,
                "HYBAS_L12": 4120049840.0,
                "Shape_Length": 0.03714255650985584
            },
            "geometry": {
                "type": "LineString",
                "coordinates": [
                    [
                        81.78333333333299,
                        7.256249999999859
                    ],
                    [
                        81.79791666666628,
                        7.256249999999859
                    ],
                    [
                        81.80208333333294,
                        7.260416666666565
                    ],
                    [
                        81.8187499999996,
                        7.260416666666565
                    ]
                ]
            }
        },
        {
            "type": "Feature",
            "properties": {
                "HYRIV_ID": 41404522,
                "NEXT_DOWN": 41404600,
                "MAIN_RIV": 41404379,
                "LENGTH_KM": 2.55,
                "DIST_DN_KM": 49.700001,
                "DIST_UP_KM": 4.9,
                "CATCH_SKM": 14.48,
                "UPLAND_SKM": 14.5,
                "ENDORHEIC": 0,
                "DIS_AV_CMS": 0.334,
                "ORD_STRA": 1,
                "ORD_CLAS": 3,
                "ORD_FLOW": 7,
                "HYBAS_L12": 4121158190.0,
                "Shape_Length": 0.023064724607952003
            },
            "geometry": {
                "type": "LineString",
                "coordinates": [
                    [
                        81.5041666666663,
                        7.258333333333191
                    ],
                    [
                        81.51041666666626,
                        7.252083333333211
                    ],
                    [
                        81.51458333333292,
                        7.252083333333211
                    ],
                    [
                        81.51874999999976,
                        7.247916666666548
                    ],
                    [
                        81.52291666666625,
                        7.247916666666548
                    ]
                ]
            }
        },
        {
            "type": "Feature",
            "properties": {
                "HYRIV_ID": 41404523,
                "NEXT_DOWN": 41404600,
                "MAIN_RIV": 41404379,
                "LENGTH_KM": 5.85,
                "DIST_DN_KM": 49.900002,
                "DIST_UP_KM": 14.9,
                "CATCH_SKM": 16.18,
                "UPLAND_SKM": 67.099998,
                "ENDORHEIC": 0,
                "DIS_AV_CMS": 1.544,
                "ORD_STRA": 2,
                "ORD_CLAS": 2,
                "ORD_FLOW": 6,
                "HYBAS_L12": 4121158190.0,
                "Shape_Length": 0.05273689270605975
            },
            "geometry": {
                "type": "LineString",
                "coordinates": [
                    [
                        81.52291666666625,
                        7.29375
                    ],
                    [
                        81.51874999999976,
                        7.289583333333219
                    ],
                    [
                        81.51874999999976,
                        7.277083333333245
                    ],
                    [
                        81.52708333333297,
                        7.268749999999876
                    ],
                    [
                        81.52708333333297,
                        7.252083333333211
                    ],
                    [
                        81.52291666666625,
                        7.247916666666548
                    ]
                ]
            }
        },
        {
            "type": "Feature",
            "properties": {
                "HYRIV_ID": 41404524,
                "NEXT_DOWN": 41404422,
                "MAIN_RIV": 41404379,
                "LENGTH_KM": 3.54,
                "DIST_DN_KM": 19.9,
                "DIST_UP_KM": 7.8,
                "CATCH_SKM": 7.6700001,
                "UPLAND_SKM": 29.4,
                "ENDORHEIC": 0,
                "DIS_AV_CMS": 0.65100002,
                "ORD_STRA": 2,
                "ORD_CLAS": 2,
                "ORD_FLOW": 7,
                "HYBAS_L12": 4120049840.0,
                "Shape_Length": 0.031903559372857625
            },
            "geometry": {
                "type": "LineString",
                "coordinates": [
                    [
                        81.73541666666634,
                        7.247916666666548
                    ],
                    [
                        81.73124999999968,
                        7.252083333333211
                    ],
                    [
                        81.73124999999968,
                        7.256249999999859
                    ],
                    [
                        81.739583333333,
                        7.264583333333228
                    ],
                    [
                        81.739583333333,
                        7.268749999999876
                    ],
                    [
                        81.73541666666634,
                        7.272916666666539
                    ]
                ]
            }
        },
        {
            "type": "Feature",
            "properties": {
                "HYRIV_ID": 41404529,
                "NEXT_DOWN": 41404446,
                "MAIN_RIV": 41404379,
                "LENGTH_KM": 4.9200001,
                "DIST_DN_KM": 22.8,
                "DIST_UP_KM": 28.1,
                "CATCH_SKM": 8.7299995,
                "UPLAND_SKM": 120.5,
                "ENDORHEIC": 0,
                "DIS_AV_CMS": 2.615,
                "ORD_STRA": 2,
                "ORD_CLAS": 2,
                "ORD_FLOW": 6,
                "HYBAS_L12": 4121158100.0,
                "Shape_Length": 0.044403559372890616
            },
            "geometry": {
                "type": "LineString",
                "coordinates": [
                    [
                        81.68541666666627,
                        7.243749999999885
                    ],
                    [
                        81.68958333333293,
                        7.247916666666548
                    ],
                    [
                        81.68958333333293,
                        7.256249999999859
                    ],
                    [
                        81.69791666666632,
                        7.264583333333228
                    ],
                    [
                        81.7104166666663,
                        7.264583333333228
                    ],
                    [
                        81.71458333333297,
                        7.268749999999876
                    ]
                ]
            }
        },
        {
            "type": "Feature",
            "properties": {
                "HYRIV_ID": 41404530,
                "NEXT_DOWN": 41404524,
                "MAIN_RIV": 41404379,
                "LENGTH_KM": 0.98,
                "DIST_DN_KM": 23.4,
                "DIST_UP_KM": 4.2,
                "CATCH_SKM": 10.44,
                "UPLAND_SKM": 10.4,
                "ENDORHEIC": 0,
                "DIS_AV_CMS": 0.232,
                "ORD_STRA": 1,
                "ORD_CLAS": 3,
                "ORD_FLOW": 7,
                "HYBAS_L12": 4120049840.0,
                "Shape_Length": 0.008838834764884097
            },
            "geometry": {
                "type": "LineString",
                "coordinates": [
                    [
                        81.72916666666626,
                        7.241666666666553
                    ],
                    [
                        81.73541666666634,
                        7.247916666666548
                    ]
                ]
            }
        },
        {
            "type": "Feature",
            "properties": {
                "HYRIV_ID": 41404531,
                "NEXT_DOWN": 41404379,
                "MAIN_RIV": 41404379,
                "LENGTH_KM": 5.4299998,
                "DIST_DN_KM": 0.7,
                "DIST_UP_KM": 7.4,
                "CATCH_SKM": 11.5,
                "UPLAND_SKM": 11.5,
                "ENDORHEIC": 0,
                "DIS_AV_CMS": 0.251,
                "ORD_STRA": 1,
                "ORD_CLAS": 2,
                "ORD_FLOW": 7,
                "HYBAS_L12": 4120049840.0,
                "Shape_Length": 0.04892766952971034
            },
            "geometry": {
                "type": "LineString",
                "coordinates": [
                    [
                        81.8479166666663,
                        7.241666666666553
                    ],
                    [
                        81.8479166666663,
                        7.264583333333228
                    ],
                    [
                        81.85624999999962,
                        7.272916666666539
                    ],
                    [
                        81.85624999999962,
                        7.277083333333245
                    ],
                    [
                        81.86041666666634,
                        7.281249999999893
                    ],
                    [
                        81.864583333333,
                        7.281249999999893
                    ]
                ]
            }
        },
        {
            "type": "Feature",
            "properties": {
                "HYRIV_ID": 41404538,
                "NEXT_DOWN": 41404539,
                "MAIN_RIV": 41404379,
                "LENGTH_KM": 4.9499998,
                "DIST_DN_KM": 35.400002,
                "DIST_UP_KM": 8.0,
                "CATCH_SKM": 15.12,
                "UPLAND_SKM": 15.1,
                "ENDORHEIC": 0,
                "DIS_AV_CMS": 0.345,
                "ORD_STRA": 1,
                "ORD_CLAS": 2,
                "ORD_FLOW": 7,
                "HYBAS_L12": 4121158090.0,
                "Shape_Length": 0.04476100286307172
            },
            "geometry": {
                "type": "LineString",
                "coordinates": [
                    [
                        81.58749999999961,
                        7.256249999999859
                    ],
                    [
                        81.59791666666635,
                        7.256249999999859
                    ],
                    [
                        81.60624999999968,
                        7.247916666666548
                    ],
                    [
                        81.61874999999966,
                        7.247916666666548
                    ],
                    [
                        81.62291666666638,
                        7.243749999999885
                    ],
                    [
                        81.62291666666638,
                        7.239583333333222
                    ]
                ]
            }
        },
        {
            "type": "Feature",
            "properties": {
                "HYRIV_ID": 41404539,
                "NEXT_DOWN": 41404443,
                "MAIN_RIV": 41404379,
                "LENGTH_KM": 5.5700002,
                "DIST_DN_KM": 30.0,
                "DIST_UP_KM": 76.699997,
                "CATCH_SKM": 15.33,
                "UPLAND_SKM": 1338.4,
                "ENDORHEIC": 0,
                "DIS_AV_CMS": 29.903,
                "ORD_STRA": 4,
                "ORD_CLAS": 1,
                "ORD_FLOW": 5,
                "HYBAS_L12": 4121158090.0,
                "Shape_Length": 0.050296115882585965
            },
            "geometry": {
                "type": "LineString",
                "coordinates": [
                    [
                        81.62291666666638,
                        7.239583333333222
                    ],
                    [
                        81.62708333333305,
                        7.243749999999885
                    ],
                    [
                        81.63541666666626,
                        7.243749999999885
                    ],
                    [
                        81.63958333333292,
                        7.247916666666548
                    ],
                    [
                        81.63958333333292,
                        7.256249999999859
                    ],
                    [
                        81.6437499999997,
                        7.260416666666565
                    ],
                    [
                        81.64791666666625,
                        7.260416666666565
                    ],
                    [
                        81.65624999999957,
                        7.268749999999876
                    ]
                ]
            }
        },
        {
            "type": "Feature",
            "properties": {
                "HYRIV_ID": 41404540,
                "NEXT_DOWN": 41404524,
                "MAIN_RIV": 41404379,
                "LENGTH_KM": 1.81,
                "DIST_DN_KM": 23.200001,
                "DIST_UP_KM": 4.5,
                "CATCH_SKM": 11.29,
                "UPLAND_SKM": 11.3,
                "ENDORHEIC": 0,
                "DIS_AV_CMS": 0.25,
                "ORD_STRA": 1,
                "ORD_CLAS": 2,
                "ORD_FLOW": 7,
                "HYBAS_L12": 4120049840.0,
                "Shape_Length": 0.016309223176525518
            },
            "geometry": {
                "type": "LineString",
                "coordinates": [
                    [
                        81.74374999999966,
                        7.2375
                    ],
                    [
                        81.74374999999966,
                        7.243749999999885
                    ],
                    [
                        81.739583333333,
                        7.247916666666548
                    ],
                    [
                        81.73541666666634,
                        7.247916666666548
                    ]
                ]
            }
        },
        {
            "type": "Feature",
            "properties": {
                "HYRIV_ID": 41404554,
                "NEXT_DOWN": 41404471,
                "MAIN_RIV": 41404379,
                "LENGTH_KM": 3.86,
                "DIST_DN_KM": 8.0,
                "DIST_UP_KM": 7.3,
                "CATCH_SKM": 12.78,
                "UPLAND_SKM": 12.8,
                "ENDORHEIC": 0,
                "DIS_AV_CMS": 0.28,
                "ORD_STRA": 1,
                "ORD_CLAS": 2,
                "ORD_FLOW": 7,
                "HYBAS_L12": 4120049840.0,
                "Shape_Length": 0.03484983762778956
            },
            "geometry": {
                "type": "LineString",
                "coordinates": [
                    [
                        81.81666666666635,
                        7.233333333333199
                    ],
                    [
                        81.82708333333292,
                        7.243749999999885
                    ],
                    [
                        81.82291666666632,
                        7.247916666666548
                    ],
                    [
                        81.82291666666632,
                        7.252083333333211
                    ],
                    [
                        81.8187499999996,
                        7.256249999999859
                    ],
                    [
                        81.8187499999996,
                        7.260416666666565
                    ]
                ]
            }
        },
        {
            "type": "Feature",
            "properties": {
                "HYRIV_ID": 41404562,
                "NEXT_DOWN": 41404581,
                "MAIN_RIV": 41404379,
                "LENGTH_KM": 5.2399998,
                "DIST_DN_KM": 59.400002,
                "DIST_UP_KM": 7.6,
                "CATCH_SKM": 23.0,
                "UPLAND_SKM": 23.0,
                "ENDORHEIC": 0,
                "DIS_AV_CMS": 0.53500003,
                "ORD_STRA": 1,
                "ORD_CLAS": 3,
                "ORD_FLOW": 7,
                "HYBAS_L12": 4121158260.0,
                "Shape_Length": 0.047349837627882835
            },
            "geometry": {
                "type": "LineString",
                "coordinates": [
                    [
                        81.42083333333292,
                        7.249999999999879
                    ],
                    [
                        81.42708333333294,
                        7.243749999999885
                    ],
                    [
                        81.43958333333299,
                        7.243749999999885
                    ],
                    [
                        81.44374999999965,
                        7.239583333333222
                    ],
                    [
                        81.44791666666632,
                        7.239583333333222
                    ],
                    [
                        81.45624999999964,
                        7.231249999999868
                    ],
                    [
                        81.4604166666663,
                        7.231249999999868
                    ]
                ]
            }
        },
        {
            "type": "Feature",
            "properties": {
                "HYRIV_ID": 41404563,
                "NEXT_DOWN": 41404581,
                "MAIN_RIV": 41404379,
                "LENGTH_KM": 4.3600001,
                "DIST_DN_KM": 59.400002,
                "DIST_UP_KM": 11.0,
                "CATCH_SKM": 11.71,
                "UPLAND_SKM": 50.5,
                "ENDORHEIC": 0,
                "DIS_AV_CMS": 1.174,
                "ORD_STRA": 2,
                "ORD_CLAS": 2,
                "ORD_FLOW": 6,
                "HYBAS_L12": 4121158260.0,
                "Shape_Length": 0.03922588984322818
            },
            "geometry": {
                "type": "LineString",
                "coordinates": [
                    [
                        81.45624999999964,
                        7.268749999999876
                    ],
                    [
                        81.45624999999964,
                        7.264583333333228
                    ],
                    [
                        81.4604166666663,
                        7.260416666666565
                    ],
                    [
                        81.4604166666663,
                        7.231249999999868
                    ]
                ]
            }
        },
        {
            "type": "Feature",
            "properties": {
                "HYRIV_ID": 41404581,
                "NEXT_DOWN": 41404698,
                "MAIN_RIV": 41404379,
                "LENGTH_KM": 0.46,
                "DIST_DN_KM": 59.0,
                "DIST_UP_KM": 11.4,
                "CATCH_SKM": 0.43,
                "UPLAND_SKM": 73.900002,
                "ENDORHEIC": 0,
                "DIS_AV_CMS": 1.719,
                "ORD_STRA": 2,
                "ORD_CLAS": 2,
                "ORD_FLOW": 6,
                "HYBAS_L12": 4121158260.0,
                "Shape_Length": 0.004166666666662877
            },
            "geometry": {
                "type": "LineString",
                "coordinates": [
                    [
                        81.4604166666663,
                        7.231249999999868
                    ],
                    [
                        81.4604166666663,
                        7.227083333333205
                    ]
                ]
            }
        },
        {
            "type": "Feature",
            "properties": {
                "HYRIV_ID": 41404582,
                "NEXT_DOWN": 41404698,
                "MAIN_RIV": 41404379,
                "LENGTH_KM": 0.69,
                "DIST_DN_KM": 59.0,
                "DIST_UP_KM": 4.1,
                "CATCH_SKM": 4.9,
                "UPLAND_SKM": 4.9,
                "ENDORHEIC": 0,
                "DIS_AV_CMS": 0.113,
                "ORD_STRA": 1,
                "ORD_CLAS": 3,
                "ORD_FLOW": 7,
                "HYBAS_L12": 4121158260.0,
                "Shape_Length": 0.006249999999965894
            },
            "geometry": {
                "type": "LineString",
                "coordinates": [
                    [
                        81.46666666666627,
                        7.227083333333205
                    ],
                    [
                        81.4604166666663,
                        7.227083333333205
                    ]
                ]
            }
        },
        {
            "type": "Feature",
            "properties": {
                "HYRIV_ID": 41404583,
                "NEXT_DOWN": 41404584,
                "MAIN_RIV": 41404379,
                "LENGTH_KM": 7.9299998,
                "DIST_DN_KM": 37.3,
                "DIST_UP_KM": 10.6,
                "CATCH_SKM": 27.040001,
                "UPLAND_SKM": 27.0,
                "ENDORHEIC": 0,
                "DIS_AV_CMS": 0.61500001,
                "ORD_STRA": 1,
                "ORD_CLAS": 2,
                "ORD_FLOW": 7,
                "HYBAS_L12": 4121158090.0,
                "Shape_Length": 0.07163495064761229
            },
            "geometry": {
                "type": "LineString",
                "coordinates": [
                    [
                        81.55833333333302,
                        7.262499999999896
                    ],
                    [
                        81.56458333333293,
                        7.256249999999859
                    ],
                    [
                        81.56458333333293,
                        7.252083333333211
                    ],
                    [
                        81.5687499999996,
                        7.247916666666548
                    ],
                    [
                        81.5687499999996,
                        7.243749999999885
                    ],
                    [
                        81.57708333333298,
                        7.235416666666573
                    ],
                    [
                        81.59791666666635,
                        7.235416666666573
                    ],
                    [
                        81.60624999999968,
                        7.227083333333205
                    ],
                    [
                        81.61041666666634,
                        7.227083333333205
                    ]
                ]
            }
        },
        {
            "type": "Feature",
            "properties": {
                "HYRIV_ID": 41404584,
                "NEXT_DOWN": 41404539,
                "MAIN_RIV": 41404379,
                "LENGTH_KM": 1.96,
                "DIST_DN_KM": 35.599998,
                "DIST_UP_KM": 71.199997,
                "CATCH_SKM": 4.4699998,
                "UPLAND_SKM": 1308.0,
                "ENDORHEIC": 0,
                "DIS_AV_CMS": 29.422001,
                "ORD_STRA": 4,
                "ORD_CLAS": 1,
                "ORD_FLOW": 5,
                "HYBAS_L12": 4121158090.0,
                "Shape_Length": 0.017677669529707903
            },
            "geometry": {
                "type": "LineString",
                "coordinates": [
                    [
                        81.61041666666634,
                        7.227083333333205
                    ],
                    [
                        81.62291666666638,
                        7.239583333333222
                    ]
                ]
            }
        },
        {
            "type": "Feature",
            "properties": {
                "HYRIV_ID": 41404589,
                "NEXT_DOWN": 41404584,
                "MAIN_RIV": 41404379,
                "LENGTH_KM": 1.11,
                "DIST_DN_KM": 37.5,
                "DIST_UP_KM": 69.199997,
                "CATCH_SKM": 1.49,
                "UPLAND_SKM": 1270.7,
                "ENDORHEIC": 0,
                "DIS_AV_CMS": 28.639,
                "ORD_STRA": 4,
                "ORD_CLAS": 1,
                "ORD_FLOW": 5,
                "HYBAS_L12": 4121158090.0,
                "Shape_Length": 0.010059223176535365
            },
            "geometry": {
                "type": "LineString",
                "coordinates": [
                    [
                        81.60208333333301,
                        7.222916666666556
                    ],
                    [
                        81.60624999999968,
                        7.222916666666556
                    ],
                    [
                        81.61041666666634,
                        7.227083333333205
                    ]
                ]
            }
        },
        {
            "type": "Feature",
            "properties": {
                "HYRIV_ID": 41404590,
                "NEXT_DOWN": 41404584,
                "MAIN_RIV": 41404379,
                "LENGTH_KM": 0.98,
                "DIST_DN_KM": 37.5,
                "DIST_UP_KM": 3.3,
                "CATCH_SKM": 5.75,
                "UPLAND_SKM": 5.8,
                "ENDORHEIC": 0,
                "DIS_AV_CMS": 0.129,
                "ORD_STRA": 1,
                "ORD_CLAS": 3,
                "ORD_FLOW": 7,
                "HYBAS_L12": 4121158090.0,
                "Shape_Length": 0.008838834764753466
            },
            "geometry": {
                "type": "LineString",
                "coordinates": [
                    [
                        81.61666666666625,
                        7.220833333333225
                    ],
                    [
                        81.61041666666634,
                        7.227083333333205
                    ]
                ]
            }
        },
        {
            "type": "Feature",
            "properties": {
                "HYRIV_ID": 41404600,
                "NEXT_DOWN": 41404617,
                "MAIN_RIV": 41404379,
                "LENGTH_KM": 4.8400002,
                "DIST_DN_KM": 45.099998,
                "DIST_UP_KM": 19.8,
                "CATCH_SKM": 14.27,
                "UPLAND_SKM": 95.800003,
                "ENDORHEIC": 0,
                "DIS_AV_CMS": 2.1930001,
                "ORD_STRA": 2,
                "ORD_CLAS": 2,
                "ORD_FLOW": 6,
                "HYBAS_L12": 4121158190.0,
                "Shape_Length": 0.04368867239268786
            },
            "geometry": {
                "type": "LineString",
                "coordinates": [
                    [
                        81.52291666666625,
                        7.247916666666548
                    ],
                    [
                        81.53124999999957,
                        7.239583333333222
                    ],
                    [
                        81.5354166666663,
                        7.239583333333222
                    ],
                    [
                        81.54374999999962,
                        7.231249999999868
                    ],
                    [
                        81.54374999999962,
                        7.227083333333205
                    ],
                    [
                        81.55208333333294,
                        7.218749999999893
                    ]
                ]
            }
        },
        {
            "type": "Feature",
            "properties": {
                "HYRIV_ID": 41404615,
                "NEXT_DOWN": 41404697,
                "MAIN_RIV": 41404379,
                "LENGTH_KM": 4.23,
                "DIST_DN_KM": 71.599998,
                "DIST_UP_KM": 7.7,
                "CATCH_SKM": 20.23,
                "UPLAND_SKM": 20.200001,
                "ENDORHEIC": 0,
                "DIS_AV_CMS": 0.477,
                "ORD_STRA": 1,
                "ORD_CLAS": 2,
                "ORD_FLOW": 7,
                "HYBAS_L12": 4121601760.0,
                "Shape_Length": 0.03815355937286859
            },
            "geometry": {
                "type": "LineString",
                "coordinates": [
                    [
                        81.34791666666635,
                        7.245833333333216
                    ],
                    [
                        81.34791666666635,
                        7.231249999999868
                    ],
                    [
                        81.35208333333301,
                        7.227083333333205
                    ],
                    [
                        81.34791666666635,
                        7.222916666666556
                    ],
                    [
                        81.35624999999968,
                        7.214583333333231
                    ]
                ]
            }
        },
        {
            "type": "Feature",
            "properties": {
                "HYRIV_ID": 41404616,
                "NEXT_DOWN": 41404697,
                "MAIN_RIV": 41404379,
                "LENGTH_KM": 2.75,
                "DIST_DN_KM": 71.599998,
                "DIST_UP_KM": 4.7,
                "CATCH_SKM": 8.7299995,
                "UPLAND_SKM": 8.7,
                "ENDORHEIC": 0,
                "DIS_AV_CMS": 0.205,
                "ORD_STRA": 1,
                "ORD_CLAS": 3,
                "ORD_FLOW": 7,
                "HYBAS_L12": 4121601760.0,
                "Shape_Length": 0.024790614451217448
            },
            "geometry": {
                "type": "LineString",
                "coordinates": [
                    [
                        81.37083333333297,
                        7.233333333333199
                    ],
                    [
                        81.36458333333306,
                        7.227083333333205
                    ],
                    [
                        81.36458333333306,
                        7.222916666666556
                    ],
                    [
                        81.35624999999968,
                        7.214583333333231
                    ]
                ]
            }
        },
        {
            "type": "Feature",
            "properties": {
                "HYRIV_ID": 41404617,
                "NEXT_DOWN": 41404589,
                "MAIN_RIV": 41404379,
                "LENGTH_KM": 6.48,
                "DIST_DN_KM": 38.400002,
                "DIST_UP_KM": 68.300003,
                "CATCH_SKM": 11.71,
                "UPLAND_SKM": 1109.2,
                "ENDORHEIC": 0,
                "DIS_AV_CMS": 25.228001,
                "ORD_STRA": 4,
                "ORD_CLAS": 1,
                "ORD_FLOW": 5,
                "HYBAS_L12": 4121158190.0,
                "Shape_Length": 0.05862944921612976
            },
            "geometry": {
                "type": "LineString",
                "coordinates": [
                    [
                        81.55208333333294,
                        7.218749999999893
                    ],
                    [
                        81.55624999999961,
                        7.214583333333231
                    ],
                    [
                        81.56041666666627,
                        7.214583333333231
                    ],
                    [
                        81.5687499999996,
                        7.222916666666556
                    ],
                    [
                        81.58958333333297,
                        7.222916666666556
                    ],
                    [
                        81.59374999999963,
                        7.227083333333205
                    ],
                    [
                        81.59791666666635,
                        7.222916666666556
                    ],
                    [
                        81.60208333333301,
                        7.222916666666556
                    ]
                ]
            }
        },
        {
            "type": "Feature",
            "properties": {
                "HYRIV_ID": 41404635,
                "NEXT_DOWN": 41404776,
                "MAIN_RIV": 41404379,
                "LENGTH_KM": 3.2,
                "DIST_DN_KM": 78.900002,
                "DIST_UP_KM": 6.6,
                "CATCH_SKM": 14.48,
                "UPLAND_SKM": 14.5,
                "ENDORHEIC": 0,
                "DIS_AV_CMS": 0.345,
                "ORD_STRA": 1,
                "ORD_CLAS": 3,
                "ORD_FLOW": 7,
                "HYBAS_L12": 4121601760.0,
                "Shape_Length": 0.028809223176546734
            },
            "geometry": {
                "type": "LineString",
                "coordinates": [
                    [
                        81.30208333333294,
                        7.2375
                    ],
                    [
                        81.30208333333294,
                        7.227083333333205
                    ],
                    [
                        81.30624999999961,
                        7.222916666666556
                    ],
                    [
                        81.30624999999961,
                        7.210416666666582
                    ]
                ]
            }
        },
        {
            "type": "Feature",
            "properties": {
                "HYRIV_ID": 41404650,
                "NEXT_DOWN": 41404776,
                "MAIN_RIV": 41404379,
                "LENGTH_KM": 3.84,
                "DIST_DN_KM": 78.900002,
                "DIST_UP_KM": 7.2,
                "CATCH_SKM": 18.74,
                "UPLAND_SKM": 18.700001,
                "ENDORHEIC": 0,
                "DIS_AV_CMS": 0.44800001,
                "ORD_STRA": 1,
                "ORD_CLAS": 2,
                "ORD_FLOW": 7,
                "HYBAS_L12": 4121601760.0,
                "Shape_Length": 0.03470177968644521
            },
            "geometry": {
                "type": "LineString",
                "coordinates": [
                    [
                        81.27916666666633,
                        7.214583333333231
                    ],
                    [
                        81.2854166666663,
                        7.214583333333231
                    ],
                    [
                        81.28958333333296,
                        7.210416666666582
                    ],
                    [
                        81.28958333333296,
                        7.206249999999876
                    ],
                    [
                        81.29791666666628,
                        7.206249999999876
                    ],
                    [
                        81.30208333333294,
                        7.210416666666582
                    ],
                    [
                        81.30624999999961,
                        7.210416666666582
                    ]
                ]
            }
        },
        {
            "type": "Feature",
            "properties": {
                "HYRIV_ID": 41404668,
                "NEXT_DOWN": 41404669,
                "MAIN_RIV": 41404379,
                "LENGTH_KM": 0.69,
                "DIST_DN_KM": 52.099998,
                "DIST_UP_KM": 4.7,
                "CATCH_SKM": 5.54,
                "UPLAND_SKM": 5.5,
                "ENDORHEIC": 0,
                "DIS_AV_CMS": 0.127,
                "ORD_STRA": 1,
                "ORD_CLAS": 2,
                "ORD_FLOW": 7,
                "HYBAS_L12": 4121158260.0,
                "Shape_Length": 0.006250000000036948
            },
            "geometry": {
                "type": "LineString",
                "coordinates": [
                    [
                        81.49374999999972,
                        7.20833333333325
                    ],
                    [
                        81.49374999999972,
                        7.202083333333213
                    ]
                ]
            }
        },
        {
            "type": "Feature",
            "properties": {
                "HYRIV_ID": 41404669,
                "NEXT_DOWN": 41404671,
                "MAIN_RIV": 41404379,
                "LENGTH_KM": 1.38,
                "DIST_DN_KM": 50.700001,
                "DIST_UP_KM": 56.0,
                "CATCH_SKM": 1.92,
                "UPLAND_SKM": 675.20001,
                "ENDORHEIC": 0,
                "DIS_AV_CMS": 15.862,
                "ORD_STRA": 4,
                "ORD_CLAS": 1,
                "ORD_FLOW": 5,
                "HYBAS_L12": 4121158260.0,
                "Shape_Length": 0.012499999999874944
            },
            "geometry": {
                "type": "LineString",
                "coordinates": [
                    [
                        81.49374999999972,
                        7.202083333333213
                    ],
                    [
                        81.5062499999996,
                        7.202083333333213
                    ]
                ]
            }
        },
        {
            "type": "Feature",
            "properties": {
                "HYRIV_ID": 41404670,
                "NEXT_DOWN": 41404671,
                "MAIN_RIV": 41404379,
                "LENGTH_KM": 0.69,
                "DIST_DN_KM": 50.700001,
                "DIST_UP_KM": 4.2,
                "CATCH_SKM": 5.1100001,
                "UPLAND_SKM": 5.1,
                "ENDORHEIC": 0,
                "DIS_AV_CMS": 0.117,
                "ORD_STRA": 1,
                "ORD_CLAS": 3,
                "ORD_FLOW": 7,
                "HYBAS_L12": 4121158190.0,
                "Shape_Length": 0.006250000000036948
            },
            "geometry": {
                "type": "LineString",
                "coordinates": [
                    [
                        81.5062499999996,
                        7.20833333333325
                    ],
                    [
                        81.5062499999996,
                        7.202083333333213
                    ]
                ]
            }
        },
        {
            "type": "Feature",
            "properties": {
                "HYRIV_ID": 41404671,
                "NEXT_DOWN": 41404672,
                "MAIN_RIV": 41404379,
                "LENGTH_KM": 1.84,
                "DIST_DN_KM": 48.900002,
                "DIST_UP_KM": 57.8,
                "CATCH_SKM": 4.4699998,
                "UPLAND_SKM": 947.79999,
                "ENDORHEIC": 0,
                "DIS_AV_CMS": 21.896,
                "ORD_STRA": 4,
                "ORD_CLAS": 1,
                "ORD_FLOW": 5,
                "HYBAS_L12": 4121158190.0,
                "Shape_Length": 0.01666666666665151
            },
            "geometry": {
                "type": "LineString",
                "coordinates": [
                    [
                        81.5062499999996,
                        7.202083333333213
                    ],
                    [
                        81.52291666666625,
                        7.202083333333213
                    ]
                ]
            }
        },
        {
            "type": "Feature",
            "properties": {
                "HYRIV_ID": 41404672,
                "NEXT_DOWN": 41404617,
                "MAIN_RIV": 41404379,
                "LENGTH_KM": 3.99,
                "DIST_DN_KM": 45.099998,
                "DIST_UP_KM": 61.599998,
                "CATCH_SKM": 11.07,
                "UPLAND_SKM": 1001.7,
                "ENDORHEIC": 0,
                "DIS_AV_CMS": 22.983,
                "ORD_STRA": 4,
                "ORD_CLAS": 1,
                "ORD_FLOW": 5,
                "HYBAS_L12": 4121158190.0,
                "Shape_Length": 0.03607022603959572
            },
            "geometry": {
                "type": "LineString",
                "coordinates": [
                    [
                        81.52291666666625,
                        7.202083333333213
                    ],
                    [
                        81.52708333333297,
                        7.202083333333213
                    ],
                    [
                        81.5354166666663,
                        7.210416666666582
                    ],
                    [
                        81.54374999999962,
                        7.210416666666582
                    ],
                    [
                        81.55208333333294,
                        7.218749999999893
                    ]
                ]
            }
        },
        {
            "type": "Feature",
            "properties": {
                "HYRIV_ID": 41404697,
                "NEXT_DOWN": 41404778,
                "MAIN_RIV": 41404379,
                "LENGTH_KM": 2.23,
                "DIST_DN_KM": 69.099998,
                "DIST_UP_KM": 10.1,
                "CATCH_SKM": 4.2600002,
                "UPLAND_SKM": 33.200001,
                "ENDORHEIC": 0,
                "DIS_AV_CMS": 0.78100002,
                "ORD_STRA": 2,
                "ORD_CLAS": 2,
                "ORD_FLOW": 7,
                "HYBAS_L12": 4121601760.0,
                "Shape_Length": 0.020118446353132743
            },
            "geometry": {
                "type": "LineString",
                "coordinates": [
                    [
                        81.35624999999968,
                        7.214583333333231
                    ],
                    [
                        81.35624999999968,
                        7.210416666666582
                    ],
                    [
                        81.36458333333306,
                        7.202083333333213
                    ],
                    [
                        81.36458333333306,
                        7.197916666666565
                    ]
                ]
            }
        },
        {
            "type": "Feature",
            "properties": {
                "HYRIV_ID": 41404698,
                "NEXT_DOWN": 41404699,
                "MAIN_RIV": 41404379,
                "LENGTH_KM": 3.4300001,
                "DIST_DN_KM": 55.5,
                "DIST_UP_KM": 14.8,
                "CATCH_SKM": 8.5200005,
                "UPLAND_SKM": 87.300003,
                "ENDORHEIC": 0,
                "DIS_AV_CMS": 2.026,
                "ORD_STRA": 2,
                "ORD_CLAS": 2,
                "ORD_FLOW": 6,
                "HYBAS_L12": 4121158260.0,
                "Shape_Length": 0.0308925565098598
            },
            "geometry": {
                "type": "LineString",
                "coordinates": [
                    [
                        81.4604166666663,
                        7.227083333333205
                    ],
                    [
                        81.4604166666663,
                        7.206249999999876
                    ],
                    [
                        81.46458333333297,
                        7.202083333333213
                    ],
                    [
                        81.46458333333297,
                        7.197916666666565
                    ]
                ]
            }
        },
        {
            "type": "Feature",
            "properties": {
                "HYRIV_ID": 41404699,
                "NEXT_DOWN": 41404669,
                "MAIN_RIV": 41404379,
                "LENGTH_KM": 3.4100001,
                "DIST_DN_KM": 52.099998,
                "DIST_UP_KM": 54.599998,
                "CATCH_SKM": 7.2399998,
                "UPLAND_SKM": 667.70001,
                "ENDORHEIC": 0,
                "DIS_AV_CMS": 15.705,
                "ORD_STRA": 4,
                "ORD_CLAS": 1,
                "ORD_FLOW": 5,
                "HYBAS_L12": 4121158260.0,
                "Shape_Length": 0.030892556509963438
            },
            "geometry": {
                "type": "LineString",
                "coordinates": [
                    [
                        81.46458333333297,
                        7.197916666666565
                    ],
                    [
                        81.47291666666635,
                        7.197916666666565
                    ],
                    [
                        81.47708333333301,
                        7.202083333333213
                    ],
                    [
                        81.49374999999972,
                        7.202083333333213
                    ]
                ]
            }
        },
        {
            "type": "Feature",
            "properties": {
                "HYRIV_ID": 41404700,
                "NEXT_DOWN": 41404589,
                "MAIN_RIV": 41404379,
                "LENGTH_KM": 4.46,
                "DIST_DN_KM": 38.400002,
                "DIST_UP_KM": 33.099998,
                "CATCH_SKM": 14.27,
                "UPLAND_SKM": 160.0,
                "ENDORHEIC": 0,
                "DIS_AV_CMS": 3.418,
                "ORD_STRA": 2,
                "ORD_CLAS": 2,
                "ORD_FLOW": 6,
                "HYBAS_L12": 4121158200.0,
                "Shape_Length": 0.04023689270626103
            },
            "geometry": {
                "type": "LineString",
                "coordinates": [
                    [
                        81.57708333333298,
                        7.197916666666565
                    ],
                    [
                        81.5854166666663,
                        7.206249999999876
                    ],
                    [
                        81.5854166666663,
                        7.210416666666582
                    ],
                    [
                        81.58958333333297,
                        7.214583333333231
                    ],
                    [
                        81.59791666666635,
                        7.214583333333231
                    ],
                    [
                        81.60208333333301,
                        7.218749999999893
                    ],
                    [
                        81.60208333333301,
                        7.222916666666556
                    ]
                ]
            }
        },
        {
            "type": "Feature",
            "properties": {
                "HYRIV_ID": 41404701,
                "NEXT_DOWN": 41404529,
                "MAIN_RIV": 41404379,
                "LENGTH_KM": 6.08,
                "DIST_DN_KM": 27.700001,
                "DIST_UP_KM": 8.4,
                "CATCH_SKM": 25.549999,
                "UPLAND_SKM": 25.6,
                "ENDORHEIC": 0,
                "DIS_AV_CMS": 0.56300002,
                "ORD_STRA": 1,
                "ORD_CLAS": 3,
                "ORD_FLOW": 7,
                "HYBAS_L12": 4121158100.0,
                "Shape_Length": 0.05482022603951767
            },
            "geometry": {
                "type": "LineString",
                "coordinates": [
                    [
                        81.68541666666627,
                        7.195833333333233
                    ],
                    [
                        81.68541666666627,
                        7.206249999999876
                    ],
                    [
                        81.68124999999961,
                        7.210416666666582
                    ],
                    [
                        81.68124999999961,
                        7.214583333333231
                    ],
                    [
                        81.68541666666627,
                        7.218749999999893
                    ],
                    [
                        81.68541666666627,
                        7.227083333333205
                    ],
                    [
                        81.68958333333293,
                        7.231249999999868
                    ],
                    [
                        81.68958333333293,
                        7.239583333333222
                    ],
                    [
                        81.68541666666627,
                        7.243749999999885
                    ]
                ]
            }
        },
        {
            "type": "Feature",
            "properties": {
                "HYRIV_ID": 41404714,
                "NEXT_DOWN": 41404715,
                "MAIN_RIV": 41404379,
                "LENGTH_KM": 2.46,
                "DIST_DN_KM": 58.0,
                "DIST_UP_KM": 4.9,
                "CATCH_SKM": 8.9399996,
                "UPLAND_SKM": 8.9,
                "ENDORHEIC": 0,
                "DIS_AV_CMS": 0.207,
                "ORD_STRA": 1,
                "ORD_CLAS": 3,
                "ORD_FLOW": 7,
                "HYBAS_L12": 4121158260.0,
                "Shape_Length": 0.022201779686495046
            },
            "geometry": {
                "type": "LineString",
                "coordinates": [
                    [
                        81.43541666666627,
                        7.2125
                    ],
                    [
                        81.43541666666627,
                        7.206249999999876
                    ],
                    [
                        81.44374999999965,
                        7.197916666666565
                    ],
                    [
                        81.44374999999965,
                        7.19375
                    ]
                ]
            }
        },
        {
            "type": "Feature",
            "properties": {
                "HYRIV_ID": 41404715,
                "NEXT_DOWN": 41404699,
                "MAIN_RIV": 41404379,
                "LENGTH_KM": 2.49,
                "DIST_DN_KM": 55.5,
                "DIST_UP_KM": 51.200001,
                "CATCH_SKM": 4.9,
                "UPLAND_SKM": 573.20001,
                "ENDORHEIC": 0,
                "DIS_AV_CMS": 13.525,
                "ORD_STRA": 4,
                "ORD_CLAS": 1,
                "ORD_FLOW": 5,
                "HYBAS_L12": 4121158260.0,
                "Shape_Length": 0.022559223176534044
            },
            "geometry": {
                "type": "LineString",
                "coordinates": [
                    [
                        81.44374999999965,
                        7.19375
                    ],
                    [
                        81.44791666666632,
                        7.197916666666565
                    ],
                    [
                        81.46458333333297,
                        7.197916666666565
                    ]
                ]
            }
        },
        {
            "type": "Feature",
            "properties": {
                "HYRIV_ID": 41404716,
                "NEXT_DOWN": 41404700,
                "MAIN_RIV": 41404379,
                "LENGTH_KM": 1.9,
                "DIST_DN_KM": 42.900002,
                "DIST_UP_KM": 4.4,
                "CATCH_SKM": 6.39,
                "UPLAND_SKM": 6.4,
                "ENDORHEIC": 0,
                "DIS_AV_CMS": 0.14300001,
                "ORD_STRA": 1,
                "ORD_CLAS": 3,
                "ORD_FLOW": 7,
                "HYBAS_L12": 4121158200.0,
                "Shape_Length": 0.017172168098226498
            },
            "geometry": {
                "type": "LineString",
                "coordinates": [
                    [
                        81.56249999999957,
                        7.191666666666571
                    ],
                    [
                        81.5687499999996,
                        7.197916666666565
                    ],
                    [
                        81.57708333333298,
                        7.197916666666565
                    ]
                ]
            }
        },
        {
            "type": "Feature",
            "properties": {
                "HYRIV_ID": 41404717,
                "NEXT_DOWN": 41404700,
                "MAIN_RIV": 41404379,
                "LENGTH_KM": 0.46,
                "DIST_DN_KM": 42.900002,
                "DIST_UP_KM": 28.6,
                "CATCH_SKM": 1.49,
                "UPLAND_SKM": 139.3,
                "ENDORHEIC": 0,
                "DIS_AV_CMS": 2.973,
                "ORD_STRA": 2,
                "ORD_CLAS": 2,
                "ORD_FLOW": 6,
                "HYBAS_L12": 4121158200.0,
                "Shape_Length": 0.004166666666662877
            },
            "geometry": {
                "type": "LineString",
                "coordinates": [
                    [
                        81.57708333333298,
                        7.19375
                    ],
                    [
                        81.57708333333298,
                        7.197916666666565
                    ]
                ]
            }
        },
        {
            "type": "Feature",
            "properties": {
                "HYRIV_ID": 41404729,
                "NEXT_DOWN": 41404764,
                "MAIN_RIV": 41404379,
                "LENGTH_KM": 3.58,
                "DIST_DN_KM": 64.400002,
                "DIST_UP_KM": 6.7,
                "CATCH_SKM": 11.71,
                "UPLAND_SKM": 11.7,
                "ENDORHEIC": 0,
                "DIS_AV_CMS": 0.273,
                "ORD_STRA": 1,
                "ORD_CLAS": 2,
                "ORD_FLOW": 7,
                "HYBAS_L12": 4121601760.0,
                "Shape_Length": 0.03226100286297945
            },
            "geometry": {
                "type": "LineString",
                "coordinates": [
                    [
                        81.3812499999996,
                        7.2125
                    ],
                    [
                        81.3812499999996,
                        7.206249999999876
                    ],
                    [
                        81.38541666666626,
                        7.202083333333213
                    ],
                    [
                        81.38541666666626,
                        7.197916666666565
                    ],
                    [
                        81.39374999999964,
                        7.189583333333239
                    ],
                    [
                        81.39791666666625,
                        7.189583333333239
                    ]
                ]
            }
        },
        {
            "type": "Feature",
            "properties": {
                "HYRIV_ID": 41404730,
                "NEXT_DOWN": 41404764,
                "MAIN_RIV": 41404379,
                "LENGTH_KM": 2.46,
                "DIST_DN_KM": 64.599998,
                "DIST_UP_KM": 5.7,
                "CATCH_SKM": 8.0900002,
                "UPLAND_SKM": 8.1,
                "ENDORHEIC": 0,
                "DIS_AV_CMS": 0.188,
                "ORD_STRA": 1,
                "ORD_CLAS": 3,
                "ORD_FLOW": 7,
                "HYBAS_L12": 4121601760.0,
                "Shape_Length": 0.022201779686374462
            },
            "geometry": {
                "type": "LineString",
                "coordinates": [
                    [
                        81.39791666666625,
                        7.20833333333325
                    ],
                    [
                        81.39791666666625,
                        7.202083333333213
                    ],
                    [
                        81.39374999999964,
                        7.197916666666565
                    ],
                    [
                        81.39374999999964,
                        7.19375
                    ],
                    [
                        81.39791666666625,
                        7.189583333333239
                    ]
                ]
            }
        },
        {
            "type": "Feature",
            "properties": {
                "HYRIV_ID": 41404731,
                "NEXT_DOWN": 41404717,
                "MAIN_RIV": 41404379,
                "LENGTH_KM": 0.69,
                "DIST_DN_KM": 43.400002,
                "DIST_UP_KM": 4.5,
                "CATCH_SKM": 5.1100001,
                "UPLAND_SKM": 5.1,
                "ENDORHEIC": 0,
                "DIS_AV_CMS": 0.113,
                "ORD_STRA": 1,
                "ORD_CLAS": 3,
                "ORD_FLOW": 7,
                "HYBAS_L12": 4121158200.0,
                "Shape_Length": 0.006250000000036948
            },
            "geometry": {
                "type": "LineString",
                "coordinates": [
                    [
                        81.57708333333298,
                        7.187499999999865
                    ],
                    [
                        81.57708333333298,
                        7.19375
                    ]
                ]
            }
        },
        {
            "type": "Feature",
            "properties": {
                "HYRIV_ID": 41404732,
                "NEXT_DOWN": 41404529,
                "MAIN_RIV": 41404379,
                "LENGTH_KM": 9.1099997,
                "DIST_DN_KM": 27.5,
                "DIST_UP_KM": 23.3,
                "CATCH_SKM": 25.129999,
                "UPLAND_SKM": 86.300003,
                "ENDORHEIC": 0,
                "DIS_AV_CMS": 1.8710001,
                "ORD_STRA": 2,
                "ORD_CLAS": 2,
                "ORD_FLOW": 6,
                "HYBAS_L12": 4121158100.0,
                "Shape_Length": 0.08219967525581236
            },
            "geometry": {
                "type": "LineString",
                "coordinates": [
                    [
                        81.6437499999997,
                        7.189583333333239
                    ],
                    [
                        81.64791666666625,
                        7.19375
                    ],
                    [
                        81.64791666666625,
                        7.197916666666565
                    ],
                    [
                        81.65208333333308,
                        7.202083333333213
                    ],
                    [
                        81.65208333333308,
                        7.214583333333231
                    ],
                    [
                        81.64791666666625,
                        7.218749999999893
                    ],
                    [
                        81.6604166666663,
                        7.231249999999868
                    ],
                    [
                        81.66874999999962,
                        7.231249999999868
                    ],
                    [
                        81.68124999999961,
                        7.243749999999885
                    ],
                    [
                        81.68541666666627,
                        7.243749999999885
                    ]
                ]
            }
        },
        {
            "type": "Feature",
            "properties": {
                "HYRIV_ID": 41404764,
                "NEXT_DOWN": 41404765,
                "MAIN_RIV": 41404379,
                "LENGTH_KM": 1.3,
                "DIST_DN_KM": 63.3,
                "DIST_UP_KM": 7.8,
                "CATCH_SKM": 0.64,
                "UPLAND_SKM": 20.4,
                "ENDORHEIC": 0,
                "DIS_AV_CMS": 0.47600001,
                "ORD_STRA": 2,
                "ORD_CLAS": 2,
                "ORD_FLOW": 7,
                "HYBAS_L12": 4121601760.0,
                "Shape_Length": 0.01178511301978517
            },
            "geometry": {
                "type": "LineString",
                "coordinates": [
                    [
                        81.39791666666625,
                        7.189583333333239
                    ],
                    [
                        81.40624999999957,
                        7.181249999999885
                    ]
                ]
            }
        },
        {
            "type": "Feature",
            "properties": {
                "HYRIV_ID": 41404765,
                "NEXT_DOWN": 41404715,
                "MAIN_RIV": 41404379,
                "LENGTH_KM": 5.1,
                "DIST_DN_KM": 58.0,
                "DIST_UP_KM": 48.700001,
                "CATCH_SKM": 11.93,
                "UPLAND_SKM": 547.40002,
                "ENDORHEIC": 0,
                "DIS_AV_CMS": 12.941,
                "ORD_STRA": 4,
                "ORD_CLAS": 1,
                "ORD_FLOW": 5,
                "HYBAS_L12": 4121158260.0,
                "Shape_Length": 0.046129449216181326
            },
            "geometry": {
                "type": "LineString",
                "coordinates": [
                    [
                        81.40624999999957,
                        7.181249999999885
                    ],
                    [
                        81.41874999999962,
                        7.19375
                    ],
                    [
                        81.42291666666628,
                        7.189583333333239
                    ],
                    [
                        81.42708333333294,
                        7.19375
                    ],
                    [
                        81.44374999999965,
                        7.19375
                    ]
                ]
            }
        },
        {
            "type": "Feature",
            "properties": {
                "HYRIV_ID": 41404776,
                "NEXT_DOWN": 41404777,
                "MAIN_RIV": 41404379,
                "LENGTH_KM": 5.9499998,
                "DIST_DN_KM": 73.099998,
                "DIST_UP_KM": 13.0,
                "CATCH_SKM": 19.809999,
                "UPLAND_SKM": 53.0,
                "ENDORHEIC": 0,
                "DIS_AV_CMS": 1.2589999,
                "ORD_STRA": 2,
                "ORD_CLAS": 2,
                "ORD_FLOW": 6,
                "HYBAS_L12": 4121601760.0,
                "Shape_Length": 0.053747895569231555
            },
            "geometry": {
                "type": "LineString",
                "coordinates": [
                    [
                        81.30624999999961,
                        7.210416666666582
                    ],
                    [
                        81.31458333333299,
                        7.210416666666582
                    ],
                    [
                        81.33541666666636,
                        7.189583333333239
                    ],
                    [
                        81.33541666666636,
                        7.185416666666548
                    ],
                    [
                        81.34374999999957,
                        7.177083333333222
                    ]
                ]
            }
        },
        {
            "type": "Feature",
            "properties": {
                "HYRIV_ID": 41404777,
                "NEXT_DOWN": 41404778,
                "MAIN_RIV": 41404379,
                "LENGTH_KM": 3.8,
                "DIST_DN_KM": 69.099998,
                "DIST_UP_KM": 37.599998,
                "CATCH_SKM": 8.5200005,
                "UPLAND_SKM": 440.5,
                "ENDORHEIC": 0,
                "DIS_AV_CMS": 10.48,
                "ORD_STRA": 4,
                "ORD_CLAS": 1,
                "ORD_FLOW": 5,
                "HYBAS_L12": 4121601760.0,
                "Shape_Length": 0.034344336196448125
            },
            "geometry": {
                "type": "LineString",
                "coordinates": [
                    [
                        81.34374999999957,
                        7.177083333333222
                    ],
                    [
                        81.34791666666635,
                        7.181249999999885
                    ],
                    [
                        81.34791666666635,
                        7.189583333333239
                    ],
                    [
                        81.35208333333301,
                        7.19375
                    ],
                    [
                        81.35624999999968,
                        7.19375
                    ],
                    [
                        81.3604166666664,
                        7.197916666666565
                    ],
                    [
                        81.36458333333306,
                        7.197916666666565
                    ]
                ]
            }
        },
        {
            "type": "Feature",
            "properties": {
                "HYRIV_ID": 41404778,
                "NEXT_DOWN": 41404779,
                "MAIN_RIV": 41404379,
                "LENGTH_KM": 3.99,
                "DIST_DN_KM": 65.300003,
                "DIST_UP_KM": 41.400002,
                "CATCH_SKM": 7.6700001,
                "UPLAND_SKM": 481.39999,
                "ENDORHEIC": 0,
                "DIS_AV_CMS": 11.431,
                "ORD_STRA": 4,
                "ORD_CLAS": 1,
                "ORD_FLOW": 5,
                "HYBAS_L12": 4121601760.0,
                "Shape_Length": 0.03607022603945849
            },
            "geometry": {
                "type": "LineString",
                "coordinates": [
                    [
                        81.36458333333306,
                        7.197916666666565
                    ],
                    [
                        81.36458333333306,
                        7.19375
                    ],
                    [
                        81.36874999999961,
                        7.189583333333239
                    ],
                    [
                        81.37291666666627,
                        7.189583333333239
                    ],
                    [
                        81.37708333333293,
                        7.185416666666548
                    ],
                    [
                        81.3812499999996,
                        7.185416666666548
                    ],
                    [
                        81.38958333333292,
                        7.177083333333222
                    ]
                ]
            }
        },
        {
            "type": "Feature",
            "properties": {
                "HYRIV_ID": 41404779,
                "NEXT_DOWN": 41404780,
                "MAIN_RIV": 41404379,
                "LENGTH_KM": 0.92,
                "DIST_DN_KM": 64.199997,
                "DIST_UP_KM": 42.5,
                "CATCH_SKM": 1.7,
                "UPLAND_SKM": 491.79999,
                "ENDORHEIC": 0,
                "DIS_AV_CMS": 11.671,
                "ORD_STRA": 4,
                "ORD_CLAS": 1,
                "ORD_FLOW": 5,
                "HYBAS_L12": 4121601760.0,
                "Shape_Length": 0.008333333333325754
            },
            "geometry": {
                "type": "LineString",
                "coordinates": [
                    [
                        81.38958333333292,
                        7.177083333333222
                    ],
                    [
                        81.39791666666625,
                        7.177083333333222
                    ]
                ]
            }
        },
        {
            "type": "Feature",
            "properties": {
                "HYRIV_ID": 41404780,
                "NEXT_DOWN": 41404765,
                "MAIN_RIV": 41404379,
                "LENGTH_KM": 1.11,
                "DIST_DN_KM": 63.3,
                "DIST_UP_KM": 43.400002,
                "CATCH_SKM": 4.9,
                "UPLAND_SKM": 515.0,
                "ENDORHEIC": 0,
                "DIS_AV_CMS": 12.202,
                "ORD_STRA": 4,
                "ORD_CLAS": 1,
                "ORD_FLOW": 5,
                "HYBAS_L12": 4121601760.0,
                "Shape_Length": 0.010059223176562063
            },
            "geometry": {
                "type": "LineString",
                "coordinates": [
                    [
                        81.39791666666625,
                        7.177083333333222
                    ],
                    [
                        81.40208333333297,
                        7.177083333333222
                    ],
                    [
                        81.40624999999957,
                        7.181249999999885
                    ]
                ]
            }
        },
        {
            "type": "Feature",
            "properties": {
                "HYRIV_ID": 41404814,
                "NEXT_DOWN": 41404955,
                "MAIN_RIV": 41404379,
                "LENGTH_KM": 0.98,
                "DIST_DN_KM": 95.699997,
                "DIST_UP_KM": 4.3,
                "CATCH_SKM": 9.37,
                "UPLAND_SKM": 9.4,
                "ENDORHEIC": 0,
                "DIS_AV_CMS": 0.233,
                "ORD_STRA": 1,
                "ORD_CLAS": 2,
                "ORD_FLOW": 7,
                "HYBAS_L12": 4121158360.0,
                "Shape_Length": 0.008838834764833853
            },
            "geometry": {
                "type": "LineString",
                "coordinates": [
                    [
                        81.18749999999963,
                        7.174999999999891
                    ],
                    [
                        81.19374999999965,
                        7.16875
                    ]
                ]
            }
        },
        {
            "type": "Feature",
            "properties": {
                "HYRIV_ID": 41404815,
                "NEXT_DOWN": 41404715,
                "MAIN_RIV": 41404379,
                "LENGTH_KM": 3.86,
                "DIST_DN_KM": 58.200001,
                "DIST_UP_KM": 6.0,
                "CATCH_SKM": 11.93,
                "UPLAND_SKM": 11.9,
                "ENDORHEIC": 0,
                "DIS_AV_CMS": 0.273,
                "ORD_STRA": 1,
                "ORD_CLAS": 2,
                "ORD_FLOW": 7,
                "HYBAS_L12": 4121158260.0,
                "Shape_Length": 0.03484983762782559
            },
            "geometry": {
                "type": "LineString",
                "coordinates": [
                    [
                        81.43333333333302,
                        7.166666666666536
                    ],
                    [
                        81.44374999999965,
                        7.177083333333222
                    ],
                    [
                        81.44374999999965,
                        7.181249999999885
                    ],
                    [
                        81.44791666666632,
                        7.185416666666548
                    ],
                    [
                        81.44791666666632,
                        7.189583333333239
                    ],
                    [
                        81.44374999999965,
                        7.19375
                    ]
                ]
            }
        },
        {
            "type": "Feature",
            "properties": {
                "HYRIV_ID": 41404829,
                "NEXT_DOWN": 41404779,
                "MAIN_RIV": 41404379,
                "LENGTH_KM": 2.74,
                "DIST_DN_KM": 65.199997,
                "DIST_UP_KM": 5.0,
                "CATCH_SKM": 8.7299995,
                "UPLAND_SKM": 8.7,
                "ENDORHEIC": 0,
                "DIS_AV_CMS": 0.20200001,
                "ORD_STRA": 1,
                "ORD_CLAS": 2,
                "ORD_FLOW": 7,
                "HYBAS_L12": 4121601760.0,
                "Shape_Length": 0.024790614451251757
            },
            "geometry": {
                "type": "LineString",
                "coordinates": [
                    [
                        81.37083333333297,
                        7.162499999999874
                    ],
                    [
                        81.38541666666626,
                        7.177083333333222
                    ],
                    [
                        81.38958333333292,
                        7.177083333333222
                    ]
                ]
            }
        },
        {
            "type": "Feature",
            "properties": {
                "HYRIV_ID": 41404830,
                "NEXT_DOWN": 41404672,
                "MAIN_RIV": 41404379,
                "LENGTH_KM": 4.9299998,
                "DIST_DN_KM": 48.900002,
                "DIST_UP_KM": 13.4,
                "CATCH_SKM": 10.86,
                "UPLAND_SKM": 42.8,
                "ENDORHEIC": 0,
                "DIS_AV_CMS": 0.949,
                "ORD_STRA": 2,
                "ORD_CLAS": 2,
                "ORD_FLOW": 7,
                "HYBAS_L12": 4121158190.0,
                "Shape_Length": 0.044403559372883004
            },
            "geometry": {
                "type": "LineString",
                "coordinates": [
                    [
                        81.5062499999996,
                        7.164583333333205
                    ],
                    [
                        81.5062499999996,
                        7.172916666666573
                    ],
                    [
                        81.51458333333292,
                        7.181249999999885
                    ],
                    [
                        81.51458333333292,
                        7.185416666666548
                    ],
                    [
                        81.51874999999976,
                        7.189583333333239
                    ],
                    [
                        81.51874999999976,
                        7.19375
                    ],
                    [
                        81.52291666666625,
                        7.197916666666565
                    ],
                    [
                        81.52291666666625,
                        7.202083333333213
                    ]
                ]
            }
        },
        {
            "type": "Feature",
            "properties": {
                "HYRIV_ID": 41404844,
                "NEXT_DOWN": 41404830,
                "MAIN_RIV": 41404379,
                "LENGTH_KM": 1.4400001,
                "DIST_DN_KM": 53.8,
                "DIST_UP_KM": 3.5,
                "CATCH_SKM": 6.6,
                "UPLAND_SKM": 6.6,
                "ENDORHEIC": 0,
                "DIS_AV_CMS": 0.147,
                "ORD_STRA": 1,
                "ORD_CLAS": 3,
                "ORD_FLOW": 7,
                "HYBAS_L12": 4121158190.0,
                "Shape_Length": 0.01300550143149673
            },
            "geometry": {
                "type": "LineString",
                "coordinates": [
                    [
                        81.51666666666628,
                        7.158333333333225
                    ],
                    [
                        81.51041666666626,
                        7.164583333333205
                    ],
                    [
                        81.5062499999996,
                        7.164583333333205
                    ]
                ]
            }
        },
        {
            "type": "Feature",
            "properties": {
                "HYRIV_ID": 41404858,
                "NEXT_DOWN": 41404891,
                "MAIN_RIV": 41404379,
                "LENGTH_KM": 2.0,
                "DIST_DN_KM": 85.5,
                "DIST_UP_KM": 5.1,
                "CATCH_SKM": 6.1799998,
                "UPLAND_SKM": 6.2,
                "ENDORHEIC": 0,
                "DIS_AV_CMS": 0.15,
                "ORD_STRA": 1,
                "ORD_CLAS": 3,
                "ORD_FLOW": 7,
                "HYBAS_L12": 4121158360.0,
                "Shape_Length": 0.018035113019730965
            },
            "geometry": {
                "type": "LineString",
                "coordinates": [
                    [
                        81.24999999999963,
                        7.156249999999893
                    ],
                    [
                        81.2562499999996,
                        7.156249999999893
                    ],
                    [
                        81.26041666666626,
                        7.160416666666556
                    ],
                    [
                        81.26458333333292,
                        7.156249999999893
                    ]
                ]
            }
        },
        {
            "type": "Feature",
            "properties": {
                "HYRIV_ID": 41404859,
                "NEXT_DOWN": 41404891,
                "MAIN_RIV": 41404379,
                "LENGTH_KM": 6.9200001,
                "DIST_DN_KM": 85.300003,
                "DIST_UP_KM": 9.6,
                "CATCH_SKM": 23.639999,
                "UPLAND_SKM": 23.6,
                "ENDORHEIC": 0,
                "DIS_AV_CMS": 0.57300001,
                "ORD_STRA": 1,
                "ORD_CLAS": 2,
                "ORD_FLOW": 7,
                "HYBAS_L12": 4121158360.0,
                "Shape_Length": 0.062438672392704106
            },
            "geometry": {
                "type": "LineString",
                "coordinates": [
                    [
                        81.22916666666626,
                        7.189583333333239
                    ],
                    [
                        81.2354166666664,
                        7.189583333333239
                    ],
                    [
                        81.23958333333294,
                        7.19375
                    ],
                    [
                        81.24374999999961,
                        7.19375
                    ],
                    [
                        81.24791666666627,
                        7.189583333333239
                    ],
                    [
                        81.24791666666627,
                        7.181249999999885
                    ],
                    [
                        81.2562499999996,
                        7.172916666666573
                    ],
                    [
                        81.2562499999996,
                        7.16875
                    ],
                    [
                        81.26458333333292,
                        7.160416666666556
                    ],
                    [
                        81.26458333333292,
                        7.156249999999893
                    ]
                ]
            }
        },
        {
            "type": "Feature",
            "properties": {
                "HYRIV_ID": 41404860,
                "NEXT_DOWN": 41404671,
                "MAIN_RIV": 41404379,
                "LENGTH_KM": 7.0700002,
                "DIST_DN_KM": 50.900002,
                "DIST_UP_KM": 35.900002,
                "CATCH_SKM": 19.379999,
                "UPLAND_SKM": 263.10001,
                "ENDORHEIC": 0,
                "DIS_AV_CMS": 5.8759999,
                "ORD_STRA": 3,
                "ORD_CLAS": 2,
                "ORD_FLOW": 6,
                "HYBAS_L12": 4121158270.0,
                "Shape_Length": 0.06380711874569171
            },
            "geometry": {
                "type": "LineString",
                "coordinates": [
                    [
                        81.46874999999969,
                        7.156249999999893
                    ],
                    [
                        81.48541666666634,
                        7.172916666666573
                    ],
                    [
                        81.489583333333,
                        7.172916666666573
                    ],
                    [
                        81.49374999999972,
                        7.177083333333222
                    ],
                    [
                        81.49374999999972,
                        7.185416666666548
                    ],
                    [
                        81.49791666666627,
                        7.189583333333239
                    ],
                    [
                        81.49791666666627,
                        7.19375
                    ],
                    [
                        81.5062499999996,
                        7.202083333333213
                    ]
                ]
            }
        },
        {
            "type": "Feature",
            "properties": {
                "HYRIV_ID": 41404868,
                "NEXT_DOWN": 41404955,
                "MAIN_RIV": 41404379,
                "LENGTH_KM": 2.96,
                "DIST_DN_KM": 95.5,
                "DIST_UP_KM": 11.2,
                "CATCH_SKM": 5.1100001,
                "UPLAND_SKM": 38.3,
                "ENDORHEIC": 0,
                "DIS_AV_CMS": 0.959,
                "ORD_STRA": 2,
                "ORD_CLAS": 1,
                "ORD_FLOW": 7,
                "HYBAS_L12": 4121158360.0,
                "Shape_Length": 0.026725889843225343
            },
            "geometry": {
                "type": "LineString",
                "coordinates": [
                    [
                        81.18124999999966,
                        7.152083333333231
                    ],
                    [
                        81.18541666666633,
                        7.152083333333231
                    ],
                    [
                        81.18958333333299,
                        7.156249999999893
                    ],
                    [
                        81.18958333333299,
                        7.16875
                    ],
                    [
                        81.19374999999965,
                        7.16875
                    ]
                ]
            }
        },
        {
            "type": "Feature",
            "properties": {
                "HYRIV_ID": 41404869,
                "NEXT_DOWN": 41404892,
                "MAIN_RIV": 41404379,
                "LENGTH_KM": 2.37,
                "DIST_DN_KM": 84.800003,
                "DIST_UP_KM": 5.2,
                "CATCH_SKM": 9.1599998,
                "UPLAND_SKM": 9.2,
                "ENDORHEIC": 0,
                "DIS_AV_CMS": 0.219,
                "ORD_STRA": 1,
                "ORD_CLAS": 3,
                "ORD_FLOW": 7,
                "HYBAS_L12": 4121158360.0,
                "Shape_Length": 0.021338834764888664
            },
            "geometry": {
                "type": "LineString",
                "coordinates": [
                    [
                        81.27916666666633,
                        7.170833333333242
                    ],
                    [
                        81.27291666666625,
                        7.164583333333205
                    ],
                    [
                        81.27291666666625,
                        7.152083333333231
                    ]
                ]
            }
        },
        {
            "type": "Feature",
            "properties": {
                "HYRIV_ID": 41404870,
                "NEXT_DOWN": 41404892,
                "MAIN_RIV": 41404379,
                "LENGTH_KM": 2.74,
                "DIST_DN_KM": 84.800003,
                "DIST_UP_KM": 5.1,
                "CATCH_SKM": 7.2399998,
                "UPLAND_SKM": 7.2,
                "ENDORHEIC": 0,
                "DIS_AV_CMS": 0.17200001,
                "ORD_STRA": 1,
                "ORD_CLAS": 4,
                "ORD_FLOW": 7,
                "HYBAS_L12": 4121158360.0,
                "Shape_Length": 0.02479061445135884
            },
            "geometry": {
                "type": "LineString",
                "coordinates": [
                    [
                        81.29166666666637,
                        7.166666666666536
                    ],
                    [
                        81.27708333333297,
                        7.152083333333231
                    ],
                    [
                        81.27291666666625,
                        7.152083333333231
                    ]
                ]
            }
        },
        {
            "type": "Feature",
            "properties": {
                "HYRIV_ID": 41404871,
                "NEXT_DOWN": 41404777,
                "MAIN_RIV": 41404379,
                "LENGTH_KM": 3.35,
                "DIST_DN_KM": 72.900002,
                "DIST_UP_KM": 33.8,
                "CATCH_SKM": 9.58,
                "UPLAND_SKM": 378.89999,
                "ENDORHEIC": 0,
                "DIS_AV_CMS": 9.0299997,
                "ORD_STRA": 4,
                "ORD_CLAS": 1,
                "ORD_FLOW": 6,
                "HYBAS_L12": 4121601760.0,
                "Shape_Length": 0.03017766952961026
            },
            "geometry": {
                "type": "LineString",
                "coordinates": [
                    [
                        81.33124999999964,
                        7.152083333333231
                    ],
                    [
                        81.33958333333302,
                        7.160416666666556
                    ],
                    [
                        81.33958333333302,
                        7.16875
                    ],
                    [
                        81.34374999999957,
                        7.172916666666573
                    ],
                    [
                        81.34374999999957,
                        7.177083333333222
                    ]
                ]
            }
        },
        {
            "type": "Feature",
            "properties": {
                "HYRIV_ID": 41404872,
                "NEXT_DOWN": 41404873,
                "MAIN_RIV": 41404379,
                "LENGTH_KM": 0.69,
                "DIST_DN_KM": 48.700001,
                "DIST_UP_KM": 3.1,
                "CATCH_SKM": 5.1100001,
                "UPLAND_SKM": 5.1,
                "ENDORHEIC": 0,
                "DIS_AV_CMS": 0.114,
                "ORD_STRA": 1,
                "ORD_CLAS": 3,
                "ORD_FLOW": 7,
                "HYBAS_L12": 4121158200.0,
                "Shape_Length": 0.006250000000022737
            },
            "geometry": {
                "type": "LineString",
                "coordinates": [
                    [
                        81.55416666666625,
                        7.152083333333231
                    ],
                    [
                        81.56041666666627,
                        7.152083333333231
                    ]
                ]
            }
        },
        {
            "type": "Feature",
            "properties": {
                "HYRIV_ID": 41404873,
                "NEXT_DOWN": 41404717,
                "MAIN_RIV": 41404379,
                "LENGTH_KM": 5.39,
                "DIST_DN_KM": 43.5,
                "DIST_UP_KM": 28.0,
                "CATCH_SKM": 19.59,
                "UPLAND_SKM": 132.7,
                "ENDORHEIC": 0,
                "DIS_AV_CMS": 2.829,
                "ORD_STRA": 2,
                "ORD_CLAS": 2,
                "ORD_FLOW": 6,
                "HYBAS_L12": 4121158200.0,
                "Shape_Length": 0.04857022603957775
            },
            "geometry": {
                "type": "LineString",
                "coordinates": [
                    [
                        81.56041666666627,
                        7.152083333333231
                    ],
                    [
                        81.56041666666627,
                        7.156249999999893
                    ],
                    [
                        81.56458333333293,
                        7.160416666666556
                    ],
                    [
                        81.56458333333293,
                        7.164583333333205
                    ],
                    [
                        81.5687499999996,
                        7.16875
                    ],
                    [
                        81.5687499999996,
                        7.181249999999885
                    ],
                    [
                        81.57291666666632,
                        7.185416666666548
                    ],
                    [
                        81.57291666666632,
                        7.189583333333239
                    ],
                    [
                        81.57708333333298,
                        7.19375
                    ]
                ]
            }
        },
        {
            "type": "Feature",
            "properties": {
                "HYRIV_ID": 41404874,
                "NEXT_DOWN": 41404732,
                "MAIN_RIV": 41404379,
                "LENGTH_KM": 5.4299998,
                "DIST_DN_KM": 36.8,
                "DIST_UP_KM": 9.0,
                "CATCH_SKM": 20.02,
                "UPLAND_SKM": 20.0,
                "ENDORHEIC": 0,
                "DIS_AV_CMS": 0.436,
                "ORD_STRA": 1,
                "ORD_CLAS": 3,
                "ORD_FLOW": 7,
                "HYBAS_L12": 4121158100.0,
                "Shape_Length": 0.048927669529610564
            },
            "geometry": {
                "type": "LineString",
                "coordinates": [
                    [
                        81.63541666666626,
                        7.149999999999899
                    ],
                    [
                        81.63541666666626,
                        7.172916666666573
                    ],
                    [
                        81.63958333333292,
                        7.177083333333222
                    ],
                    [
                        81.6437499999997,
                        7.177083333333222
                    ],
                    [
                        81.64791666666625,
                        7.181249999999885
                    ],
                    [
                        81.64791666666625,
                        7.185416666666548
                    ],
                    [
                        81.6437499999997,
                        7.189583333333239
                    ]
                ]
            }
        },
        {
            "type": "Feature",
            "properties": {
                "HYRIV_ID": 41404890,
                "NEXT_DOWN": 41404868,
                "MAIN_RIV": 41404379,
                "LENGTH_KM": 2.6500001,
                "DIST_DN_KM": 98.599998,
                "DIST_UP_KM": 5.5,
                "CATCH_SKM": 6.8200002,
                "UPLAND_SKM": 6.8,
                "ENDORHEIC": 0,
                "DIS_AV_CMS": 0.17200001,
                "ORD_STRA": 1,
                "ORD_CLAS": 2,
                "ORD_FLOW": 7,
                "HYBAS_L12": 4121158360.0,
                "Shape_Length": 0.023927669529770833
            },
            "geometry": {
                "type": "LineString",
                "coordinates": [
                    [
                        81.1624999999996,
                        7.147916666666539
                    ],
                    [
                        81.16874999999962,
                        7.147916666666539
                    ],
                    [
                        81.17291666666628,
                        7.152083333333231
                    ],
                    [
                        81.17708333333294,
                        7.147916666666539
                    ],
                    [
                        81.18124999999966,
                        7.152083333333231
                    ]
                ]
            }
        },
        {
            "type": "Feature",
            "properties": {
                "HYRIV_ID": 41404891,
                "NEXT_DOWN": 41404912,
                "MAIN_RIV": 41404379,
                "LENGTH_KM": 1.12,
                "DIST_DN_KM": 84.300003,
                "DIST_UP_KM": 10.6,
                "CATCH_SKM": 2.34,
                "UPLAND_SKM": 32.200001,
                "ENDORHEIC": 0,
                "DIS_AV_CMS": 0.778,
                "ORD_STRA": 2,
                "ORD_CLAS": 2,
                "ORD_FLOW": 7,
                "HYBAS_L12": 4121158360.0,
                "Shape_Length": 0.010059223176605705
            },
            "geometry": {
                "type": "LineString",
                "coordinates": [
                    [
                        81.26458333333292,
                        7.156249999999893
                    ],
                    [
                        81.26458333333292,
                        7.152083333333231
                    ],
                    [
                        81.26874999999964,
                        7.147916666666539
                    ]
                ]
            }
        },
        {
            "type": "Feature",
            "properties": {
                "HYRIV_ID": 41404892,
                "NEXT_DOWN": 41404912,
                "MAIN_RIV": 41404379,
                "LENGTH_KM": 0.65,
                "DIST_DN_KM": 84.300003,
                "DIST_UP_KM": 5.7,
                "CATCH_SKM": 0.21,
                "UPLAND_SKM": 16.6,
                "ENDORHEIC": 0,
                "DIS_AV_CMS": 0.396,
                "ORD_STRA": 2,
                "ORD_CLAS": 3,
                "ORD_FLOW": 7,
                "HYBAS_L12": 4121158360.0,
                "Shape_Length": 0.00589255650986244
            },
            "geometry": {
                "type": "LineString",
                "coordinates": [
                    [
                        81.27291666666625,
                        7.152083333333231
                    ],
                    [
                        81.26874999999964,
                        7.147916666666539
                    ]
                ]
            }
        },
        {
            "type": "Feature",
            "properties": {
                "HYRIV_ID": 41404893,
                "NEXT_DOWN": 41404860,
                "MAIN_RIV": 41404379,
                "LENGTH_KM": 1.16,
                "DIST_DN_KM": 57.8,
                "DIST_UP_KM": 3.8,
                "CATCH_SKM": 5.96,
                "UPLAND_SKM": 6.0,
                "ENDORHEIC": 0,
                "DIS_AV_CMS": 0.134,
                "ORD_STRA": 1,
                "ORD_CLAS": 3,
                "ORD_FLOW": 7,
                "HYBAS_L12": 4121158270.0,
                "Shape_Length": 0.010416666666685614
            },
            "geometry": {
                "type": "LineString",
                "coordinates": [
                    [
                        81.46874999999969,
                        7.145833333333208
                    ],
                    [
                        81.46874999999969,
                        7.156249999999893
                    ]
                ]
            }
        },
        {
            "type": "Feature",
            "properties": {
                "HYRIV_ID": 41404912,
                "NEXT_DOWN": 41404927,
                "MAIN_RIV": 41404379,
                "LENGTH_KM": 0.65,
                "DIST_DN_KM": 83.699997,
                "DIST_UP_KM": 11.2,
                "CATCH_SKM": 0.21,
                "UPLAND_SKM": 49.0,
                "ENDORHEIC": 0,
                "DIS_AV_CMS": 1.179,
                "ORD_STRA": 3,
                "ORD_CLAS": 2,
                "ORD_FLOW": 6,
                "HYBAS_L12": 4121158360.0,
                "Shape_Length": 0.005892556509842342
            },
            "geometry": {
                "type": "LineString",
                "coordinates": [
                    [
                        81.26874999999964,
                        7.147916666666539
                    ],
                    [
                        81.27291666666625,
                        7.143749999999876
                    ]
                ]
            }
        },
        {
            "type": "Feature",
            "properties": {
                "HYRIV_ID": 41404927,
                "NEXT_DOWN": 41404871,
                "MAIN_RIV": 41404379,
                "LENGTH_KM": 7.21,
                "DIST_DN_KM": 76.300003,
                "DIST_UP_KM": 30.4,
                "CATCH_SKM": 19.809999,
                "UPLAND_SKM": 213.39999,
                "ENDORHEIC": 0,
                "DIS_AV_CMS": 5.1849999,
                "ORD_STRA": 4,
                "ORD_CLAS": 1,
                "ORD_FLOW": 6,
                "HYBAS_L12": 4121158360.0,
                "Shape_Length": 0.0652368927062594
            },
            "geometry": {
                "type": "LineString",
                "coordinates": [
                    [
                        81.27291666666625,
                        7.143749999999876
                    ],
                    [
                        81.27708333333297,
                        7.139583333333213
                    ],
                    [
                        81.28124999999957,
                        7.139583333333213
                    ],
                    [
                        81.2854166666663,
                        7.143749999999876
                    ],
                    [
                        81.29791666666628,
                        7.143749999999876
                    ],
                    [
                        81.30208333333294,
                        7.147916666666539
                    ],
                    [
                        81.31458333333299,
                        7.147916666666539
                    ],
                    [
                        81.31874999999965,
                        7.152083333333231
                    ],
                    [
                        81.33124999999964,
                        7.152083333333231
                    ]
                ]
            }
        },
        {
            "type": "Feature",
            "properties": {
                "HYRIV_ID": 41404928,
                "NEXT_DOWN": 41404871,
                "MAIN_RIV": 41404379,
                "LENGTH_KM": 1.39,
                "DIST_DN_KM": 76.300003,
                "DIST_UP_KM": 25.6,
                "CATCH_SKM": 5.96,
                "UPLAND_SKM": 155.89999,
                "ENDORHEIC": 0,
                "DIS_AV_CMS": 3.6259999,
                "ORD_STRA": 2,
                "ORD_CLAS": 2,
                "ORD_FLOW": 6,
                "HYBAS_L12": 4121158380.0,
                "Shape_Length": 0.012500000000017053
            },
            "geometry": {
                "type": "LineString",
                "coordinates": [
                    [
                        81.33124999999964,
                        7.139583333333213
                    ],
                    [
                        81.33124999999964,
                        7.152083333333231
                    ]
                ]
            }
        },
        {
            "type": "Feature",
            "properties": {
                "HYRIV_ID": 41404929,
                "NEXT_DOWN": 41404780,
                "MAIN_RIV": 41404379,
                "LENGTH_KM": 5.62,
                "DIST_DN_KM": 64.199997,
                "DIST_UP_KM": 8.5,
                "CATCH_SKM": 18.32,
                "UPLAND_SKM": 18.3,
                "ENDORHEIC": 0,
                "DIS_AV_CMS": 0.421,
                "ORD_STRA": 1,
                "ORD_CLAS": 2,
                "ORD_FLOW": 7,
                "HYBAS_L12": 4121601760.0,
                "Shape_Length": 0.050653559372853055
            },
            "geometry": {
                "type": "LineString",
                "coordinates": [
                    [
                        81.37499999999963,
                        7.139583333333213
                    ],
                    [
                        81.3812499999996,
                        7.139583333333213
                    ],
                    [
                        81.38958333333292,
                        7.147916666666539
                    ],
                    [
                        81.38958333333292,
                        7.156249999999893
                    ],
                    [
                        81.39374999999964,
                        7.160416666666556
                    ],
                    [
                        81.39374999999964,
                        7.16875
                    ],
                    [
                        81.39791666666625,
                        7.172916666666573
                    ],
                    [
                        81.39791666666625,
                        7.177083333333222
                    ]
                ]
            }
        },
        {
            "type": "Feature",
            "properties": {
                "HYRIV_ID": 41404930,
                "NEXT_DOWN": 41404860,
                "MAIN_RIV": 41404379,
                "LENGTH_KM": 2.8800001,
                "DIST_DN_KM": 58.0,
                "DIST_UP_KM": 28.8,
                "CATCH_SKM": 9.8,
                "UPLAND_SKM": 237.7,
                "ENDORHEIC": 0,
                "DIS_AV_CMS": 5.3140001,
                "ORD_STRA": 3,
                "ORD_CLAS": 2,
                "ORD_FLOW": 6,
                "HYBAS_L12": 4121158270.0,
                "Shape_Length": 0.026011002863033657
            },
            "geometry": {
                "type": "LineString",
                "coordinates": [
                    [
                        81.45208333333298,
                        7.139583333333213
                    ],
                    [
                        81.45624999999964,
                        7.139583333333213
                    ],
                    [
                        81.45624999999964,
                        7.143749999999876
                    ],
                    [
                        81.46874999999969,
                        7.156249999999893
                    ]
                ]
            }
        },
        {
            "type": "Feature",
            "properties": {
                "HYRIV_ID": 41404931,
                "NEXT_DOWN": 41404732,
                "MAIN_RIV": 41404379,
                "LENGTH_KM": 8.83,
                "DIST_DN_KM": 36.599998,
                "DIST_UP_KM": 14.2,
                "CATCH_SKM": 23.639999,
                "UPLAND_SKM": 41.099998,
                "ENDORHEIC": 0,
                "DIS_AV_CMS": 0.89099997,
                "ORD_STRA": 2,
                "ORD_CLAS": 2,
                "ORD_FLOW": 7,
                "HYBAS_L12": 4121158100.0,
                "Shape_Length": 0.07975889843230369
            },
            "geometry": {
                "type": "LineString",
                "coordinates": [
                    [
                        81.58958333333297,
                        7.139583333333213
                    ],
                    [
                        81.58958333333297,
                        7.143749999999876
                    ],
                    [
                        81.59791666666635,
                        7.152083333333231
                    ],
                    [
                        81.60208333333301,
                        7.152083333333231
                    ],
                    [
                        81.60624999999968,
                        7.156249999999893
                    ],
                    [
                        81.60624999999968,
                        7.160416666666556
                    ],
                    [
                        81.62291666666638,
                        7.177083333333222
                    ],
                    [
                        81.62708333333305,
                        7.177083333333222
                    ],
                    [
                        81.63958333333292,
                        7.189583333333239
                    ],
                    [
                        81.6437499999997,
                        7.189583333333239
                    ]
                ]
            }
        },
        {
            "type": "Feature",
            "properties": {
                "HYRIV_ID": 41404940,
                "NEXT_DOWN": 41404957,
                "MAIN_RIV": 41404379,
                "LENGTH_KM": 2.74,
                "DIST_DN_KM": 87.0,
                "DIST_UP_KM": 5.6,
                "CATCH_SKM": 6.8200002,
                "UPLAND_SKM": 6.8,
                "ENDORHEIC": 0,
                "DIS_AV_CMS": 0.166,
                "ORD_STRA": 1,
                "ORD_CLAS": 2,
                "ORD_FLOW": 7,
                "HYBAS_L12": 4121158360.0,
                "Shape_Length": 0.02479061445129195
            },
            "geometry": {
                "type": "LineString",
                "coordinates": [
                    [
                        81.22916666666626,
                        7.149999999999899
                    ],
                    [
                        81.24374999999961,
                        7.135416666666551
                    ],
                    [
                        81.24791666666627,
                        7.135416666666551
                    ]
                ]
            }
        },
        {
            "type": "Feature",
            "properties": {
                "HYRIV_ID": 41404941,
                "NEXT_DOWN": 41404931,
                "MAIN_RIV": 41404379,
                "LENGTH_KM": 0.98,
                "DIST_DN_KM": 45.599998,
                "DIST_UP_KM": 4.5,
                "CATCH_SKM": 8.5200005,
                "UPLAND_SKM": 8.5,
                "ENDORHEIC": 0,
                "DIS_AV_CMS": 0.183,
                "ORD_STRA": 1,
                "ORD_CLAS": 3,
                "ORD_FLOW": 7,
                "HYBAS_L12": 4121158100.0,
                "Shape_Length": 0.00883883476479366
            },
            "geometry": {
                "type": "LineString",
                "coordinates": [
                    [
                        81.59583333333293,
                        7.133333333333233
                    ],
                    [
                        81.58958333333297,
                        7.139583333333213
                    ]
                ]
            }
        },
        {
            "type": "Feature",
            "properties": {
                "HYRIV_ID": 41404955,
                "NEXT_DOWN": 41404956,
                "MAIN_RIV": 41404379,
                "LENGTH_KM": 7.79,
                "DIST_DN_KM": 87.699997,
                "DIST_UP_KM": 19.0,
                "CATCH_SKM": 18.530001,
                "UPLAND_SKM": 66.199997,
                "ENDORHEIC": 0,
                "DIS_AV_CMS": 1.645,
                "ORD_STRA": 2,
                "ORD_CLAS": 1,
                "ORD_FLOW": 6,
                "HYBAS_L12": 4121158360.0,
                "Shape_Length": 0.0704145622358314
            },
            "geometry": {
                "type": "LineString",
                "coordinates": [
                    [
                        81.19374999999965,
                        7.16875
                    ],
                    [
                        81.20208333333298,
                        7.160416666666556
                    ],
                    [
                        81.20208333333298,
                        7.156249999999893
                    ],
                    [
                        81.2062499999997,
                        7.152083333333231
                    ],
                    [
                        81.21041666666636,
                        7.152083333333231
                    ],
                    [
                        81.21458333333302,
                        7.147916666666539
                    ],
                    [
                        81.21458333333302,
                        7.143749999999876
                    ],
                    [
                        81.21874999999969,
                        7.139583333333213
                    ],
                    [
                        81.22291666666635,
                        7.139583333333213
                    ],
                    [
                        81.22708333333301,
                        7.135416666666551
                    ],
                    [
                        81.23124999999973,
                        7.135416666666551
                    ],
                    [
                        81.2354166666664,
                        7.13125
                    ],
                    [
                        81.24374999999961,
                        7.13125
                    ]
                ]
            }
        },
        {
            "type": "Feature",
            "properties": {
                "HYRIV_ID": 41404956,
                "NEXT_DOWN": 41404957,
                "MAIN_RIV": 41404379,
                "LENGTH_KM": 0.65,
                "DIST_DN_KM": 87.199997,
                "DIST_UP_KM": 19.5,
                "CATCH_SKM": 0.43,
                "UPLAND_SKM": 124.2,
                "ENDORHEIC": 0,
                "DIS_AV_CMS": 3.0550001,
                "ORD_STRA": 3,
                "ORD_CLAS": 1,
                "ORD_FLOW": 6,
                "HYBAS_L12": 4121158360.0,
                "Shape_Length": 0.005892556509872488
            },
            "geometry": {
                "type": "LineString",
                "coordinates": [
                    [
                        81.24374999999961,
                        7.13125
                    ],
                    [
                        81.24791666666627,
                        7.135416666666551
                    ]
                ]
            }
        },
        {
            "type": "Feature",
            "properties": {
                "HYRIV_ID": 41404957,
                "NEXT_DOWN": 41404927,
                "MAIN_RIV": 41404379,
                "LENGTH_KM": 3.53,
                "DIST_DN_KM": 83.699997,
                "DIST_UP_KM": 23.0,
                "CATCH_SKM": 13.63,
                "UPLAND_SKM": 144.60001,
                "ENDORHEIC": 0,
                "DIS_AV_CMS": 3.5439999,
                "ORD_STRA": 3,
                "ORD_CLAS": 1,
                "ORD_FLOW": 6,
                "HYBAS_L12": 4121158360.0,
                "Shape_Length": 0.0319035593728358
            },
            "geometry": {
                "type": "LineString",
                "coordinates": [
                    [
                        81.24791666666627,
                        7.135416666666551
                    ],
                    [
                        81.2562499999996,
                        7.135416666666551
                    ],
                    [
                        81.26041666666626,
                        7.13125
                    ],
                    [
                        81.27291666666625,
                        7.143749999999876
                    ]
                ]
            }
        },
        {
            "type": "Feature",
            "properties": {
                "HYRIV_ID": 41404977,
                "NEXT_DOWN": 41404956,
                "MAIN_RIV": 41404379,
                "LENGTH_KM": 1.3,
                "DIST_DN_KM": 87.900002,
                "DIST_UP_KM": 16.200001,
                "CATCH_SKM": 1.28,
                "UPLAND_SKM": 57.5,
                "ENDORHEIC": 0,
                "DIS_AV_CMS": 1.4,
                "ORD_STRA": 2,
                "ORD_CLAS": 2,
                "ORD_FLOW": 6,
                "HYBAS_L12": 4121158360.0,
                "Shape_Length": 0.011785113019875608
            },
            "geometry": {
                "type": "LineString",
                "coordinates": [
                    [
                        81.25208333333305,
                        7.122916666666534
                    ],
                    [
                        81.24374999999961,
                        7.13125
                    ]
                ]
            }
        },
        {
            "type": "Feature",
            "properties": {
                "HYRIV_ID": 41404978,
                "NEXT_DOWN": 41404928,
                "MAIN_RIV": 41404379,
                "LENGTH_KM": 2.4200001,
                "DIST_DN_KM": 77.900002,
                "DIST_UP_KM": 24.1,
                "CATCH_SKM": 5.96,
                "UPLAND_SKM": 141.89999,
                "ENDORHEIC": 0,
                "DIS_AV_CMS": 3.3010001,
                "ORD_STRA": 2,
                "ORD_CLAS": 2,
                "ORD_FLOW": 6,
                "HYBAS_L12": 4121158380.0,
                "Shape_Length": 0.021844336196326423
            },
            "geometry": {
                "type": "LineString",
                "coordinates": [
                    [
                        81.31874999999965,
                        7.122916666666534
                    ],
                    [
                        81.32708333333298,
                        7.13125
                    ],
                    [
                        81.32708333333298,
                        7.135416666666551
                    ],
                    [
                        81.33124999999964,
                        7.139583333333213
                    ]
                ]
            }
        },
        {
            "type": "Feature",
            "properties": {
                "HYRIV_ID": 41404979,
                "NEXT_DOWN": 41404928,
                "MAIN_RIV": 41404379,
                "LENGTH_KM": 2.46,
                "DIST_DN_KM": 77.900002,
                "DIST_UP_KM": 5.2,
                "CATCH_SKM": 8.0900002,
                "UPLAND_SKM": 8.1,
                "ENDORHEIC": 0,
                "DIS_AV_CMS": 0.18700001,
                "ORD_STRA": 1,
                "ORD_CLAS": 3,
                "ORD_FLOW": 7,
                "HYBAS_L12": 4121158380.0,
                "Shape_Length": 0.022201779686464182
            },
            "geometry": {
                "type": "LineString",
                "coordinates": [
                    [
                        81.33958333333302,
                        7.120833333333216
                    ],
                    [
                        81.33958333333302,
                        7.127083333333196
                    ],
                    [
                        81.33541666666636,
                        7.13125
                    ],
                    [
                        81.33541666666636,
                        7.135416666666551
                    ],
                    [
                        81.33124999999964,
                        7.139583333333213
                    ]
                ]
            }
        },
        {
            "type": "Feature",
            "properties": {
                "HYRIV_ID": 41404980,
                "NEXT_DOWN": 41404931,
                "MAIN_RIV": 41404379,
                "LENGTH_KM": 2.46,
                "DIST_DN_KM": 45.599998,
                "DIST_UP_KM": 5.2,
                "CATCH_SKM": 8.9499998,
                "UPLAND_SKM": 8.9,
                "ENDORHEIC": 0,
                "DIS_AV_CMS": 0.193,
                "ORD_STRA": 1,
                "ORD_CLAS": 2,
                "ORD_FLOW": 7,
                "HYBAS_L12": 4121158100.0,
                "Shape_Length": 0.02220177968644064
            },
            "geometry": {
                "type": "LineString",
                "coordinates": [
                    [
                        81.58124999999964,
                        7.120833333333216
                    ],
                    [
                        81.58124999999964,
                        7.13125
                    ],
                    [
                        81.58958333333297,
                        7.139583333333213
                    ]
                ]
            }
        },
        {
            "type": "Feature",
            "properties": {
                "HYRIV_ID": 41404992,
                "NEXT_DOWN": 41404978,
                "MAIN_RIV": 41404379,
                "LENGTH_KM": 0.65,
                "DIST_DN_KM": 80.300003,
                "DIST_UP_KM": 21.6,
                "CATCH_SKM": 0.43,
                "UPLAND_SKM": 128.7,
                "ENDORHEIC": 0,
                "DIS_AV_CMS": 2.9949999,
                "ORD_STRA": 2,
                "ORD_CLAS": 2,
                "ORD_FLOW": 6,
                "HYBAS_L12": 4121158380.0,
                "Shape_Length": 0.005892556509872488
            },
            "geometry": {
                "type": "LineString",
                "coordinates": [
                    [
                        81.31458333333299,
                        7.118749999999885
                    ],
                    [
                        81.31874999999965,
                        7.122916666666534
                    ]
                ]
            }
        },
        {
            "type": "Feature",
            "properties": {
                "HYRIV_ID": 41404993,
                "NEXT_DOWN": 41404830,
                "MAIN_RIV": 41404379,
                "LENGTH_KM": 5.71,
                "DIST_DN_KM": 54.0,
                "DIST_UP_KM": 8.3,
                "CATCH_SKM": 25.35,
                "UPLAND_SKM": 25.3,
                "ENDORHEIC": 0,
                "DIS_AV_CMS": 0.56199998,
                "ORD_STRA": 1,
                "ORD_CLAS": 2,
                "ORD_FLOW": 7,
                "HYBAS_L12": 4121158190.0,
                "Shape_Length": 0.05136844635309499
            },
            "geometry": {
                "type": "LineString",
                "coordinates": [
                    [
                        81.49791666666627,
                        7.116666666666553
                    ],
                    [
                        81.49791666666627,
                        7.156249999999893
                    ],
                    [
                        81.5062499999996,
                        7.164583333333205
                    ]
                ]
            }
        },
        {
            "type": "Feature",
            "properties": {
                "HYRIV_ID": 41405006,
                "NEXT_DOWN": 41405007,
                "MAIN_RIV": 41404379,
                "LENGTH_KM": 0.69,
                "DIST_DN_KM": 53.900002,
                "DIST_UP_KM": 3.8,
                "CATCH_SKM": 5.33,
                "UPLAND_SKM": 5.3,
                "ENDORHEIC": 0,
                "DIS_AV_CMS": 0.117,
                "ORD_STRA": 1,
                "ORD_CLAS": 3,
                "ORD_FLOW": 7,
                "HYBAS_L12": 4121158200.0,
                "Shape_Length": 0.006249999999994316
            },
            "geometry": {
                "type": "LineString",
                "coordinates": [
                    [
                        81.53958333333296,
                        7.120833333333216
                    ],
                    [
                        81.53958333333296,
                        7.114583333333222
                    ]
                ]
            }
        },
        {
            "type": "Feature",
            "properties": {
                "HYRIV_ID": 41405007,
                "NEXT_DOWN": 41404873,
                "MAIN_RIV": 41404379,
                "LENGTH_KM": 5.12,
                "DIST_DN_KM": 48.700001,
                "DIST_UP_KM": 22.8,
                "CATCH_SKM": 19.379999,
                "UPLAND_SKM": 108.0,
                "ENDORHEIC": 0,
                "DIS_AV_CMS": 2.2980001,
                "ORD_STRA": 2,
                "ORD_CLAS": 2,
                "ORD_FLOW": 6,
                "HYBAS_L12": 4121158200.0,
                "Shape_Length": 0.04612944921609434
            },
            "geometry": {
                "type": "LineString",
                "coordinates": [
                    [
                        81.53958333333296,
                        7.114583333333222
                    ],
                    [
                        81.54374999999962,
                        7.118749999999885
                    ],
                    [
                        81.54374999999962,
                        7.122916666666534
                    ],
                    [
                        81.55208333333294,
                        7.13125
                    ],
                    [
                        81.55208333333294,
                        7.135416666666551
                    ],
                    [
                        81.55624999999961,
                        7.139583333333213
                    ],
                    [
                        81.55624999999961,
                        7.143749999999876
                    ],
                    [
                        81.56041666666627,
                        7.147916666666539
                    ],
                    [
                        81.56041666666627,
                        7.152083333333231
                    ]
                ]
            }
        },
        {
            "type": "Feature",
            "properties": {
                "HYRIV_ID": 41405026,
                "NEXT_DOWN": 41404868,
                "MAIN_RIV": 41404379,
                "LENGTH_KM": 5.62,
                "DIST_DN_KM": 98.400002,
                "DIST_UP_KM": 8.3,
                "CATCH_SKM": 26.41,
                "UPLAND_SKM": 26.4,
                "ENDORHEIC": 0,
                "DIS_AV_CMS": 0.66100001,
                "ORD_STRA": 1,
                "ORD_CLAS": 1,
                "ORD_FLOW": 7,
                "HYBAS_L12": 4121158360.0,
                "Shape_Length": 0.05065355937297952
            },
            "geometry": {
                "type": "LineString",
                "coordinates": [
                    [
                        81.17291666666628,
                        7.108333333333242
                    ],
                    [
                        81.17291666666628,
                        7.118749999999885
                    ],
                    [
                        81.17708333333294,
                        7.122916666666534
                    ],
                    [
                        81.17708333333294,
                        7.127083333333196
                    ],
                    [
                        81.18124999999966,
                        7.13125
                    ],
                    [
                        81.18124999999966,
                        7.135416666666551
                    ],
                    [
                        81.17708333333294,
                        7.139583333333213
                    ],
                    [
                        81.18124999999966,
                        7.143749999999876
                    ],
                    [
                        81.18124999999966,
                        7.152083333333231
                    ]
                ]
            }
        },
        {
            "type": "Feature",
            "properties": {
                "HYRIV_ID": 41405027,
                "NEXT_DOWN": 41404992,
                "MAIN_RIV": 41404379,
                "LENGTH_KM": 1.35,
                "DIST_DN_KM": 81.0,
                "DIST_UP_KM": 4.3,
                "CATCH_SKM": 5.54,
                "UPLAND_SKM": 5.5,
                "ENDORHEIC": 0,
                "DIS_AV_CMS": 0.129,
                "ORD_STRA": 1,
                "ORD_CLAS": 3,
                "ORD_FLOW": 7,
                "HYBAS_L12": 4121158380.0,
                "Shape_Length": 0.01214255650986264
            },
            "geometry": {
                "type": "LineString",
                "coordinates": [
                    [
                        81.31874999999965,
                        7.108333333333242
                    ],
                    [
                        81.31874999999965,
                        7.114583333333222
                    ],
                    [
                        81.31458333333299,
                        7.118749999999885
                    ]
                ]
            }
        },
        {
            "type": "Feature",
            "properties": {
                "HYRIV_ID": 41405028,
                "NEXT_DOWN": 41404978,
                "MAIN_RIV": 41404379,
                "LENGTH_KM": 2.28,
                "DIST_DN_KM": 80.300003,
                "DIST_UP_KM": 5.7,
                "CATCH_SKM": 7.2399998,
                "UPLAND_SKM": 7.2,
                "ENDORHEIC": 0,
                "DIS_AV_CMS": 0.168,
                "ORD_STRA": 1,
                "ORD_CLAS": 3,
                "ORD_FLOW": 7,
                "HYBAS_L12": 4121158380.0,
                "Shape_Length": 0.020623947784548683
            },
            "geometry": {
                "type": "LineString",
                "coordinates": [
                    [
                        81.33333333333294,
                        7.108333333333242
                    ],
                    [
                        81.31874999999965,
                        7.122916666666534
                    ]
                ]
            }
        },
        {
            "type": "Feature",
            "properties": {
                "HYRIV_ID": 41405029,
                "NEXT_DOWN": 41405030,
                "MAIN_RIV": 41404379,
                "LENGTH_KM": 3.86,
                "DIST_DN_KM": 65.099998,
                "DIST_UP_KM": 6.2,
                "CATCH_SKM": 17.040001,
                "UPLAND_SKM": 17.0,
                "ENDORHEIC": 0,
                "DIS_AV_CMS": 0.38800001,
                "ORD_STRA": 1,
                "ORD_CLAS": 3,
                "ORD_FLOW": 7,
                "HYBAS_L12": 4121158270.0,
                "Shape_Length": 0.03484983762779717
            },
            "geometry": {
                "type": "LineString",
                "coordinates": [
                    [
                        81.40416666666633,
                        7.133333333333233
                    ],
                    [
                        81.4104166666663,
                        7.127083333333196
                    ],
                    [
                        81.4104166666663,
                        7.122916666666534
                    ],
                    [
                        81.42291666666628,
                        7.110416666666559
                    ],
                    [
                        81.42708333333294,
                        7.110416666666559
                    ]
                ]
            }
        },
        {
            "type": "Feature",
            "properties": {
                "HYRIV_ID": 41405030,
                "NEXT_DOWN": 41404930,
                "MAIN_RIV": 41404379,
                "LENGTH_KM": 4.3800001,
                "DIST_DN_KM": 60.900002,
                "DIST_UP_KM": 25.9,
                "CATCH_SKM": 14.48,
                "UPLAND_SKM": 195.8,
                "ENDORHEIC": 0,
                "DIS_AV_CMS": 4.3870001,
                "ORD_STRA": 3,
                "ORD_CLAS": 2,
                "ORD_FLOW": 6,
                "HYBAS_L12": 4121158270.0,
                "Shape_Length": 0.03952200572602083
            },
            "geometry": {
                "type": "LineString",
                "coordinates": [
                    [
                        81.42708333333294,
                        7.110416666666559
                    ],
                    [
                        81.44374999999965,
                        7.127083333333196
                    ],
                    [
                        81.44374999999965,
                        7.13125
                    ],
                    [
                        81.45208333333298,
                        7.139583333333213
                    ]
                ]
            }
        },
        {
            "type": "Feature",
            "properties": {
                "HYRIV_ID": 41405058,
                "NEXT_DOWN": 41405030,
                "MAIN_RIV": 41404379,
                "LENGTH_KM": 1.12,
                "DIST_DN_KM": 65.300003,
                "DIST_UP_KM": 21.5,
                "CATCH_SKM": 1.92,
                "UPLAND_SKM": 164.2,
                "ENDORHEIC": 0,
                "DIS_AV_CMS": 3.6760001,
                "ORD_STRA": 3,
                "ORD_CLAS": 2,
                "ORD_FLOW": 6,
                "HYBAS_L12": 4121158270.0,
                "Shape_Length": 0.010059223176577998
            },
            "geometry": {
                "type": "LineString",
                "coordinates": [
                    [
                        81.42291666666628,
                        7.102083333333205
                    ],
                    [
                        81.42291666666628,
                        7.10625
                    ],
                    [
                        81.42708333333294,
                        7.110416666666559
                    ]
                ]
            }
        },
        {
            "type": "Feature",
            "properties": {
                "HYRIV_ID": 41405085,
                "NEXT_DOWN": 41405007,
                "MAIN_RIV": 41404379,
                "LENGTH_KM": 2.04,
                "DIST_DN_KM": 54.099998,
                "DIST_UP_KM": 17.5,
                "CATCH_SKM": 9.5900002,
                "UPLAND_SKM": 83.300003,
                "ENDORHEIC": 0,
                "DIS_AV_CMS": 1.771,
                "ORD_STRA": 2,
                "ORD_CLAS": 2,
                "ORD_FLOW": 6,
                "HYBAS_L12": 4121158200.0,
                "Shape_Length": 0.01839255650989959
            },
            "geometry": {
                "type": "LineString",
                "coordinates": [
                    [
                        81.5354166666663,
                        7.097916666666542
                    ],
                    [
                        81.5354166666663,
                        7.110416666666559
                    ],
                    [
                        81.53958333333296,
                        7.114583333333222
                    ]
                ]
            }
        },
        {
            "type": "Feature",
            "properties": {
                "HYRIV_ID": 41405099,
                "NEXT_DOWN": 41405085,
                "MAIN_RIV": 41404379,
                "LENGTH_KM": 0.46,
                "DIST_DN_KM": 55.900002,
                "DIST_UP_KM": 15.6,
                "CATCH_SKM": 1.92,
                "UPLAND_SKM": 67.699997,
                "ENDORHEIC": 0,
                "DIS_AV_CMS": 1.438,
                "ORD_STRA": 2,
                "ORD_CLAS": 2,
                "ORD_FLOW": 6,
                "HYBAS_L12": 4121158200.0,
                "Shape_Length": 0.004166666666648666
            },
            "geometry": {
                "type": "LineString",
                "coordinates": [
                    [
                        81.5354166666663,
                        7.093749999999893
                    ],
                    [
                        81.5354166666663,
                        7.097916666666542
                    ]
                ]
            }
        },
        {
            "type": "Feature",
            "properties": {
                "HYRIV_ID": 41405100,
                "NEXT_DOWN": 41405085,
                "MAIN_RIV": 41404379,
                "LENGTH_KM": 1.9,
                "DIST_DN_KM": 55.900002,
                "DIST_UP_KM": 4.7,
                "CATCH_SKM": 5.96,
                "UPLAND_SKM": 6.0,
                "ENDORHEIC": 0,
                "DIS_AV_CMS": 0.12800001,
                "ORD_STRA": 1,
                "ORD_CLAS": 3,
                "ORD_FLOW": 7,
                "HYBAS_L12": 4121158200.0,
                "Shape_Length": 0.017172168098199804
            },
            "geometry": {
                "type": "LineString",
                "coordinates": [
                    [
                        81.5499999999997,
                        7.091666666666562
                    ],
                    [
                        81.54374999999962,
                        7.097916666666542
                    ],
                    [
                        81.5354166666663,
                        7.097916666666542
                    ]
                ]
            }
        },
        {
            "type": "Feature",
            "properties": {
                "HYRIV_ID": 41405115,
                "NEXT_DOWN": 41404992,
                "MAIN_RIV": 41404379,
                "LENGTH_KM": 4.9200001,
                "DIST_DN_KM": 80.800003,
                "DIST_UP_KM": 21.200001,
                "CATCH_SKM": 15.12,
                "UPLAND_SKM": 122.7,
                "ENDORHEIC": 0,
                "DIS_AV_CMS": 2.8559999,
                "ORD_STRA": 2,
                "ORD_CLAS": 2,
                "ORD_FLOW": 6,
                "HYBAS_L12": 4121158380.0,
                "Shape_Length": 0.0444035593729031
            },
            "geometry": {
                "type": "LineString",
                "coordinates": [
                    [
                        81.28958333333296,
                        7.089583333333231
                    ],
                    [
                        81.28958333333296,
                        7.097916666666542
                    ],
                    [
                        81.29374999999962,
                        7.102083333333205
                    ],
                    [
                        81.29791666666628,
                        7.102083333333205
                    ],
                    [
                        81.29791666666628,
                        7.10625
                    ],
                    [
                        81.31041666666633,
                        7.118749999999885
                    ],
                    [
                        81.31458333333299,
                        7.118749999999885
                    ]
                ]
            }
        },
        {
            "type": "Feature",
            "properties": {
                "HYRIV_ID": 41405126,
                "NEXT_DOWN": 41405058,
                "MAIN_RIV": 41404379,
                "LENGTH_KM": 3.34,
                "DIST_DN_KM": 66.199997,
                "DIST_UP_KM": 20.6,
                "CATCH_SKM": 8.5200005,
                "UPLAND_SKM": 141.0,
                "ENDORHEIC": 0,
                "DIS_AV_CMS": 3.1619999,
                "ORD_STRA": 3,
                "ORD_CLAS": 2,
                "ORD_FLOW": 6,
                "HYBAS_L12": 4121158270.0,
                "Shape_Length": 0.03017766952962619
            },
            "geometry": {
                "type": "LineString",
                "coordinates": [
                    [
                        81.40208333333297,
                        7.085416666666568
                    ],
                    [
                        81.40624999999957,
                        7.089583333333231
                    ],
                    [
                        81.40624999999957,
                        7.093749999999893
                    ],
                    [
                        81.4104166666663,
                        7.097916666666542
                    ],
                    [
                        81.41458333333296,
                        7.097916666666542
                    ],
                    [
                        81.41874999999962,
                        7.102083333333205
                    ],
                    [
                        81.42291666666628,
                        7.102083333333205
                    ]
                ]
            }
        },
        {
            "type": "Feature",
            "properties": {
                "HYRIV_ID": 41405127,
                "NEXT_DOWN": 41405099,
                "MAIN_RIV": 41404379,
                "LENGTH_KM": 1.12,
                "DIST_DN_KM": 56.400002,
                "DIST_UP_KM": 6.3,
                "CATCH_SKM": 0.43,
                "UPLAND_SKM": 16.200001,
                "ENDORHEIC": 0,
                "DIS_AV_CMS": 0.34200001,
                "ORD_STRA": 2,
                "ORD_CLAS": 3,
                "ORD_FLOW": 7,
                "HYBAS_L12": 4121158200.0,
                "Shape_Length": 0.010059223176545413
            },
            "geometry": {
                "type": "LineString",
                "coordinates": [
                    [
                        81.53958333333296,
                        7.085416666666568
                    ],
                    [
                        81.5354166666663,
                        7.089583333333231
                    ],
                    [
                        81.5354166666663,
                        7.093749999999893
                    ]
                ]
            }
        },
        {
            "type": "Feature",
            "properties": {
                "HYRIV_ID": 41405128,
                "NEXT_DOWN": 41405127,
                "MAIN_RIV": 41404379,
                "LENGTH_KM": 0.69,
                "DIST_DN_KM": 57.5,
                "DIST_UP_KM": 4.3,
                "CATCH_SKM": 5.75,
                "UPLAND_SKM": 5.8,
                "ENDORHEIC": 0,
                "DIS_AV_CMS": 0.122,
                "ORD_STRA": 1,
                "ORD_CLAS": 4,
                "ORD_FLOW": 7,
                "HYBAS_L12": 4121158200.0,
                "Shape_Length": 0.006250000000079581
            },
            "geometry": {
                "type": "LineString",
                "coordinates": [
                    [
                        81.54583333333304,
                        7.085416666666568
                    ],
                    [
                        81.53958333333296,
                        7.085416666666568
                    ]
                ]
            }
        },
        {
            "type": "Feature",
            "properties": {
                "HYRIV_ID": 41405142,
                "NEXT_DOWN": 41404977,
                "MAIN_RIV": 41404379,
                "LENGTH_KM": 5.7199998,
                "DIST_DN_KM": 89.0,
                "DIST_UP_KM": 9.4,
                "CATCH_SKM": 17.68,
                "UPLAND_SKM": 17.700001,
                "ENDORHEIC": 0,
                "DIS_AV_CMS": 0.42500001,
                "ORD_STRA": 1,
                "ORD_CLAS": 3,
                "ORD_FLOW": 7,
                "HYBAS_L12": 4121158360.0,
                "Shape_Length": 0.051516504294329815
            },
            "geometry": {
                "type": "LineString",
                "coordinates": [
                    [
                        81.24999999999963,
                        7.079166666666588
                    ],
                    [
                        81.26041666666626,
                        7.089583333333231
                    ],
                    [
                        81.26041666666626,
                        7.093749999999893
                    ],
                    [
                        81.2562499999996,
                        7.097916666666542
                    ],
                    [
                        81.2562499999996,
                        7.102083333333205
                    ],
                    [
                        81.25208333333305,
                        7.10625
                    ],
                    [
                        81.25208333333305,
                        7.122916666666534
                    ]
                ]
            }
        },
        {
            "type": "Feature",
            "properties": {
                "HYRIV_ID": 41405143,
                "NEXT_DOWN": 41405159,
                "MAIN_RIV": 41404379,
                "LENGTH_KM": 3.02,
                "DIST_DN_KM": 72.400002,
                "DIST_UP_KM": 6.2,
                "CATCH_SKM": 15.12,
                "UPLAND_SKM": 15.1,
                "ENDORHEIC": 0,
                "DIS_AV_CMS": 0.345,
                "ORD_STRA": 1,
                "ORD_CLAS": 4,
                "ORD_FLOW": 7,
                "HYBAS_L12": 4121601820.0,
                "Shape_Length": 0.027231391274676598
            },
            "geometry": {
                "type": "LineString",
                "coordinates": [
                    [
                        81.37083333333297,
                        7.104166666666579
                    ],
                    [
                        81.37708333333293,
                        7.097916666666542
                    ],
                    [
                        81.37708333333293,
                        7.093749999999893
                    ],
                    [
                        81.3812499999996,
                        7.089583333333231
                    ],
                    [
                        81.3812499999996,
                        7.08125
                    ]
                ]
            }
        },
        {
            "type": "Feature",
            "properties": {
                "HYRIV_ID": 41405144,
                "NEXT_DOWN": 41404930,
                "MAIN_RIV": 41404379,
                "LENGTH_KM": 7.48,
                "DIST_DN_KM": 60.700001,
                "DIST_UP_KM": 10.9,
                "CATCH_SKM": 32.169998,
                "UPLAND_SKM": 32.200001,
                "ENDORHEIC": 0,
                "DIS_AV_CMS": 0.70700002,
                "ORD_STRA": 1,
                "ORD_CLAS": 3,
                "ORD_FLOW": 7,
                "HYBAS_L12": 4121158270.0,
                "Shape_Length": 0.06732022603954893
            },
            "geometry": {
                "type": "LineString",
                "coordinates": [
                    [
                        81.46874999999969,
                        7.079166666666588
                    ],
                    [
                        81.46874999999969,
                        7.085416666666568
                    ],
                    [
                        81.4604166666663,
                        7.093749999999893
                    ],
                    [
                        81.4604166666663,
                        7.110416666666559
                    ],
                    [
                        81.45624999999964,
                        7.114583333333222
                    ],
                    [
                        81.45624999999964,
                        7.13125
                    ],
                    [
                        81.45208333333298,
                        7.135416666666551
                    ],
                    [
                        81.45208333333298,
                        7.139583333333213
                    ]
                ]
            }
        },
        {
            "type": "Feature",
            "properties": {
                "HYRIV_ID": 41405159,
                "NEXT_DOWN": 41405160,
                "MAIN_RIV": 41404379,
                "LENGTH_KM": 1.11,
                "DIST_DN_KM": 71.5,
                "DIST_UP_KM": 11.2,
                "CATCH_SKM": 1.28,
                "UPLAND_SKM": 51.099998,
                "ENDORHEIC": 0,
                "DIS_AV_CMS": 1.1670001,
                "ORD_STRA": 2,
                "ORD_CLAS": 3,
                "ORD_FLOW": 6,
                "HYBAS_L12": 4121601820.0,
                "Shape_Length": 0.010059223176575559
            },
            "geometry": {
                "type": "LineString",
                "coordinates": [
                    [
                        81.3812499999996,
                        7.08125
                    ],
                    [
                        81.38541666666626,
                        7.08125
                    ],
                    [
                        81.38958333333292,
                        7.077083333333213
                    ]
                ]
            }
        },
        {
            "type": "Feature",
            "properties": {
                "HYRIV_ID": 41405160,
                "NEXT_DOWN": 41405126,
                "MAIN_RIV": 41404379,
                "LENGTH_KM": 1.76,
                "DIST_DN_KM": 69.699997,
                "DIST_UP_KM": 17.1,
                "CATCH_SKM": 2.1300001,
                "UPLAND_SKM": 117.0,
                "ENDORHEIC": 0,
                "DIS_AV_CMS": 2.6270001,
                "ORD_STRA": 3,
                "ORD_CLAS": 2,
                "ORD_FLOW": 6,
                "HYBAS_L12": 4121601820.0,
                "Shape_Length": 0.015951779686471594
            },
            "geometry": {
                "type": "LineString",
                "coordinates": [
                    [
                        81.38958333333292,
                        7.077083333333213
                    ],
                    [
                        81.39374999999964,
                        7.08125
                    ],
                    [
                        81.39791666666625,
                        7.08125
                    ],
                    [
                        81.40208333333297,
                        7.085416666666568
                    ]
                ]
            }
        },
        {
            "type": "Feature",
            "properties": {
                "HYRIV_ID": 41405161,
                "NEXT_DOWN": 41405058,
                "MAIN_RIV": 41404379,
                "LENGTH_KM": 3.6700001,
                "DIST_DN_KM": 66.199997,
                "DIST_UP_KM": 6.8,
                "CATCH_SKM": 21.3,
                "UPLAND_SKM": 21.3,
                "ENDORHEIC": 0,
                "DIS_AV_CMS": 0.472,
                "ORD_STRA": 1,
                "ORD_CLAS": 3,
                "ORD_FLOW": 7,
                "HYBAS_L12": 4121158270.0,
                "Shape_Length": 0.03312394778456747
            },
            "geometry": {
                "type": "LineString",
                "coordinates": [
                    [
                        81.43749999999957,
                        7.074999999999882
                    ],
                    [
                        81.42708333333294,
                        7.085416666666568
                    ],
                    [
                        81.42708333333294,
                        7.093749999999893
                    ],
                    [
                        81.42291666666628,
                        7.097916666666542
                    ],
                    [
                        81.42291666666628,
                        7.102083333333205
                    ]
                ]
            }
        },
        {
            "type": "Feature",
            "properties": {
                "HYRIV_ID": 41405189,
                "NEXT_DOWN": 41404977,
                "MAIN_RIV": 41404379,
                "LENGTH_KM": 12.02,
                "DIST_DN_KM": 89.199997,
                "DIST_UP_KM": 14.8,
                "CATCH_SKM": 38.549999,
                "UPLAND_SKM": 38.599998,
                "ENDORHEIC": 0,
                "DIS_AV_CMS": 0.94400001,
                "ORD_STRA": 1,
                "ORD_CLAS": 2,
                "ORD_FLOW": 7,
                "HYBAS_L12": 4121158360.0,
                "Shape_Length": 0.10842006366735563
            },
            "geometry": {
                "type": "LineString",
                "coordinates": [
                    [
                        81.20416666666628,
                        7.066666666666571
                    ],
                    [
                        81.21041666666636,
                        7.072916666666551
                    ],
                    [
                        81.21041666666636,
                        7.077083333333213
                    ],
                    [
                        81.21458333333302,
                        7.08125
                    ],
                    [
                        81.21458333333302,
                        7.085416666666568
                    ],
                    [
                        81.21874999999969,
                        7.089583333333231
                    ],
                    [
                        81.21874999999969,
                        7.093749999999893
                    ],
                    [
                        81.21458333333302,
                        7.097916666666542
                    ],
                    [
                        81.21458333333302,
                        7.122916666666534
                    ],
                    [
                        81.21874999999969,
                        7.122916666666534
                    ],
                    [
                        81.22708333333301,
                        7.114583333333222
                    ],
                    [
                        81.24374999999961,
                        7.114583333333222
                    ],
                    [
                        81.25208333333305,
                        7.122916666666534
                    ]
                ]
            }
        },
        {
            "type": "Feature",
            "properties": {
                "HYRIV_ID": 41405190,
                "NEXT_DOWN": 41405127,
                "MAIN_RIV": 41404379,
                "LENGTH_KM": 2.08,
                "DIST_DN_KM": 57.5,
                "DIST_UP_KM": 5.2,
                "CATCH_SKM": 10.01,
                "UPLAND_SKM": 10.0,
                "ENDORHEIC": 0,
                "DIS_AV_CMS": 0.212,
                "ORD_STRA": 1,
                "ORD_CLAS": 3,
                "ORD_FLOW": 7,
                "HYBAS_L12": 4121158200.0,
                "Shape_Length": 0.018749999999997158
            },
            "geometry": {
                "type": "LineString",
                "coordinates": [
                    [
                        81.53958333333296,
                        7.066666666666571
                    ],
                    [
                        81.53958333333296,
                        7.085416666666568
                    ]
                ]
            }
        },
        {
            "type": "Feature",
            "properties": {
                "HYRIV_ID": 41405212,
                "NEXT_DOWN": 41405115,
                "MAIN_RIV": 41404379,
                "LENGTH_KM": 4.5100002,
                "DIST_DN_KM": 85.900002,
                "DIST_UP_KM": 7.1,
                "CATCH_SKM": 17.68,
                "UPLAND_SKM": 17.700001,
                "ENDORHEIC": 0,
                "DIS_AV_CMS": 0.42,
                "ORD_STRA": 1,
                "ORD_CLAS": 3,
                "ORD_FLOW": 7,
                "HYBAS_L12": 4121158380.0,
                "Shape_Length": 0.04074239413768315
            },
            "geometry": {
                "type": "LineString",
                "coordinates": [
                    [
                        81.26249999999968,
                        7.062499999999865
                    ],
                    [
                        81.26874999999964,
                        7.06875
                    ],
                    [
                        81.27291666666625,
                        7.06875
                    ],
                    [
                        81.27708333333297,
                        7.072916666666551
                    ],
                    [
                        81.27708333333297,
                        7.077083333333213
                    ],
                    [
                        81.28958333333296,
                        7.089583333333231
                    ]
                ]
            }
        },
        {
            "type": "Feature",
            "properties": {
                "HYRIV_ID": 41405213,
                "NEXT_DOWN": 41405115,
                "MAIN_RIV": 41404379,
                "LENGTH_KM": 2.97,
                "DIST_DN_KM": 85.900002,
                "DIST_UP_KM": 16.1,
                "CATCH_SKM": 7.0300002,
                "UPLAND_SKM": 89.900002,
                "ENDORHEIC": 0,
                "DIS_AV_CMS": 2.082,
                "ORD_STRA": 2,
                "ORD_CLAS": 2,
                "ORD_FLOW": 6,
                "HYBAS_L12": 4121158380.0,
                "Shape_Length": 0.026725889843211132
            },
            "geometry": {
                "type": "LineString",
                "coordinates": [
                    [
                        81.29374999999962,
                        7.064583333333239
                    ],
                    [
                        81.29374999999962,
                        7.085416666666568
                    ],
                    [
                        81.28958333333296,
                        7.089583333333231
                    ]
                ]
            }
        },
        {
            "type": "Feature",
            "properties": {
                "HYRIV_ID": 41405242,
                "NEXT_DOWN": 41405243,
                "MAIN_RIV": 41404379,
                "LENGTH_KM": 2.56,
                "DIST_DN_KM": 77.0,
                "DIST_UP_KM": 4.7,
                "CATCH_SKM": 7.6700001,
                "UPLAND_SKM": 7.7,
                "ENDORHEIC": 0,
                "DIS_AV_CMS": 0.176,
                "ORD_STRA": 1,
                "ORD_CLAS": 4,
                "ORD_FLOW": 7,
                "HYBAS_L12": 4121601820.0,
                "Shape_Length": 0.02306472460811492
            },
            "geometry": {
                "type": "LineString",
                "coordinates": [
                    [
                        81.33749999999961,
                        7.070833333333219
                    ],
                    [
                        81.34374999999957,
                        7.064583333333239
                    ],
                    [
                        81.34374999999957,
                        7.060416666666534
                    ],
                    [
                        81.34791666666635,
                        7.056249999999885
                    ],
                    [
                        81.35208333333301,
                        7.056249999999885
                    ]
                ]
            }
        },
        {
            "type": "Feature",
            "properties": {
                "HYRIV_ID": 41405243,
                "NEXT_DOWN": 41405159,
                "MAIN_RIV": 41404379,
                "LENGTH_KM": 4.6500001,
                "DIST_DN_KM": 72.599998,
                "DIST_UP_KM": 10.1,
                "CATCH_SKM": 14.7,
                "UPLAND_SKM": 34.700001,
                "ENDORHEIC": 0,
                "DIS_AV_CMS": 0.79299998,
                "ORD_STRA": 2,
                "ORD_CLAS": 3,
                "ORD_FLOW": 7,
                "HYBAS_L12": 4121601820.0,
                "Shape_Length": 0.04196278254936801
            },
            "geometry": {
                "type": "LineString",
                "coordinates": [
                    [
                        81.35208333333301,
                        7.056249999999885
                    ],
                    [
                        81.3604166666664,
                        7.064583333333239
                    ],
                    [
                        81.3604166666664,
                        7.06875
                    ],
                    [
                        81.36458333333306,
                        7.072916666666551
                    ],
                    [
                        81.36874999999961,
                        7.072916666666551
                    ],
                    [
                        81.37291666666627,
                        7.077083333333213
                    ],
                    [
                        81.37708333333293,
                        7.077083333333213
                    ],
                    [
                        81.3812499999996,
                        7.08125
                    ]
                ]
            }
        },
        {
            "type": "Feature",
            "properties": {
                "HYRIV_ID": 41405244,
                "NEXT_DOWN": 41405126,
                "MAIN_RIV": 41404379,
                "LENGTH_KM": 4.14,
                "DIST_DN_KM": 69.5,
                "DIST_UP_KM": 7.8,
                "CATCH_SKM": 15.55,
                "UPLAND_SKM": 15.6,
                "ENDORHEIC": 0,
                "DIS_AV_CMS": 0.345,
                "ORD_STRA": 1,
                "ORD_CLAS": 3,
                "ORD_FLOW": 7,
                "HYBAS_L12": 4121601820.0,
                "Shape_Length": 0.0372906144512144
            },
            "geometry": {
                "type": "LineString",
                "coordinates": [
                    [
                        81.40833333333299,
                        7.054166666666553
                    ],
                    [
                        81.40208333333297,
                        7.060416666666534
                    ],
                    [
                        81.40208333333297,
                        7.072916666666551
                    ],
                    [
                        81.40624999999957,
                        7.077083333333213
                    ],
                    [
                        81.40208333333297,
                        7.08125
                    ],
                    [
                        81.40208333333297,
                        7.085416666666568
                    ]
                ]
            }
        },
        {
            "type": "Feature",
            "properties": {
                "HYRIV_ID": 41405285,
                "NEXT_DOWN": 41405243,
                "MAIN_RIV": 41404379,
                "LENGTH_KM": 2.27,
                "DIST_DN_KM": 77.199997,
                "DIST_UP_KM": 5.5,
                "CATCH_SKM": 12.36,
                "UPLAND_SKM": 12.4,
                "ENDORHEIC": 0,
                "DIS_AV_CMS": 0.28200001,
                "ORD_STRA": 1,
                "ORD_CLAS": 3,
                "ORD_FLOW": 7,
                "HYBAS_L12": 4121601820.0,
                "Shape_Length": 0.02047588984330208
            },
            "geometry": {
                "type": "LineString",
                "coordinates": [
                    [
                        81.34374999999957,
                        7.041666666666579
                    ],
                    [
                        81.34374999999957,
                        7.052083333333222
                    ],
                    [
                        81.34791666666635,
                        7.052083333333222
                    ],
                    [
                        81.35208333333301,
                        7.056249999999885
                    ]
                ]
            }
        },
        {
            "type": "Feature",
            "properties": {
                "HYRIV_ID": 41405315,
                "NEXT_DOWN": 41405213,
                "MAIN_RIV": 41404379,
                "LENGTH_KM": 4.0,
                "DIST_DN_KM": 88.699997,
                "DIST_UP_KM": 11.8,
                "CATCH_SKM": 10.23,
                "UPLAND_SKM": 39.599998,
                "ENDORHEIC": 0,
                "DIS_AV_CMS": 0.931,
                "ORD_STRA": 2,
                "ORD_CLAS": 3,
                "ORD_FLOW": 7,
                "HYBAS_L12": 4121158380.0,
                "Shape_Length": 0.036070226039583944
            },
            "geometry": {
                "type": "LineString",
                "coordinates": [
                    [
                        81.27708333333297,
                        7.035416666666542
                    ],
                    [
                        81.27708333333297,
                        7.039583333333248
                    ],
                    [
                        81.2854166666663,
                        7.047916666666559
                    ],
                    [
                        81.2854166666663,
                        7.052083333333222
                    ],
                    [
                        81.29374999999962,
                        7.060416666666534
                    ],
                    [
                        81.29374999999962,
                        7.064583333333239
                    ]
                ]
            }
        },
        {
            "type": "Feature",
            "properties": {
                "HYRIV_ID": 41405330,
                "NEXT_DOWN": 41405099,
                "MAIN_RIV": 41404379,
                "LENGTH_KM": 11.38,
                "DIST_DN_KM": 56.599998,
                "DIST_UP_KM": 14.9,
                "CATCH_SKM": 49.639999,
                "UPLAND_SKM": 49.599998,
                "ENDORHEIC": 0,
                "DIS_AV_CMS": 1.056,
                "ORD_STRA": 1,
                "ORD_CLAS": 2,
                "ORD_FLOW": 6,
                "HYBAS_L12": 4121158200.0,
                "Shape_Length": 0.10267556509893874
            },
            "geometry": {
                "type": "LineString",
                "coordinates": [
                    [
                        81.47916666666626,
                        7.039583333333248
                    ],
                    [
                        81.489583333333,
                        7.039583333333248
                    ],
                    [
                        81.489583333333,
                        7.035416666666542
                    ],
                    [
                        81.49374999999972,
                        7.031249999999879
                    ],
                    [
                        81.49791666666627,
                        7.031249999999879
                    ],
                    [
                        81.51041666666626,
                        7.043749999999896
                    ],
                    [
                        81.51041666666626,
                        7.052083333333222
                    ],
                    [
                        81.51874999999976,
                        7.060416666666534
                    ],
                    [
                        81.51874999999976,
                        7.072916666666551
                    ],
                    [
                        81.53124999999957,
                        7.085416666666568
                    ],
                    [
                        81.53124999999957,
                        7.089583333333231
                    ],
                    [
                        81.5354166666663,
                        7.093749999999893
                    ]
                ]
            }
        },
        {
            "type": "Feature",
            "properties": {
                "HYRIV_ID": 41405357,
                "NEXT_DOWN": 41405160,
                "MAIN_RIV": 41404379,
                "LENGTH_KM": 7.0500002,
                "DIST_DN_KM": 71.300003,
                "DIST_UP_KM": 15.5,
                "CATCH_SKM": 22.8,
                "UPLAND_SKM": 63.700001,
                "ENDORHEIC": 0,
                "DIS_AV_CMS": 1.414,
                "ORD_STRA": 2,
                "ORD_CLAS": 2,
                "ORD_FLOW": 6,
                "HYBAS_L12": 4121601820.0,
                "Shape_Length": 0.06351100286301864
            },
            "geometry": {
                "type": "LineString",
                "coordinates": [
                    [
                        81.37708333333293,
                        7.018749999999862
                    ],
                    [
                        81.37708333333293,
                        7.047916666666559
                    ],
                    [
                        81.3812499999996,
                        7.052083333333222
                    ],
                    [
                        81.3812499999996,
                        7.056249999999885
                    ],
                    [
                        81.38541666666626,
                        7.060416666666534
                    ],
                    [
                        81.38541666666626,
                        7.06875
                    ],
                    [
                        81.38958333333292,
                        7.072916666666551
                    ],
                    [
                        81.38958333333292,
                        7.077083333333213
                    ]
                ]
            }
        },
        {
            "type": "Feature",
            "properties": {
                "HYRIV_ID": 41405385,
                "NEXT_DOWN": 41405315,
                "MAIN_RIV": 41404379,
                "LENGTH_KM": 3.2,
                "DIST_DN_KM": 92.699997,
                "DIST_UP_KM": 5.9,
                "CATCH_SKM": 10.87,
                "UPLAND_SKM": 10.9,
                "ENDORHEIC": 0,
                "DIS_AV_CMS": 0.253,
                "ORD_STRA": 1,
                "ORD_CLAS": 4,
                "ORD_FLOW": 7,
                "HYBAS_L12": 4121158380.0,
                "Shape_Length": 0.028809223176502377
            },
            "geometry": {
                "type": "LineString",
                "coordinates": [
                    [
                        81.28124999999957,
                        7.008333333333219
                    ],
                    [
                        81.28124999999957,
                        7.022916666666568
                    ],
                    [
                        81.27708333333297,
                        7.027083333333231
                    ],
                    [
                        81.27708333333297,
                        7.035416666666542
                    ]
                ]
            }
        },
        {
            "type": "Feature",
            "properties": {
                "HYRIV_ID": 41405405,
                "NEXT_DOWN": 41405315,
                "MAIN_RIV": 41404379,
                "LENGTH_KM": 4.52,
                "DIST_DN_KM": 92.800003,
                "DIST_UP_KM": 7.6,
                "CATCH_SKM": 18.540001,
                "UPLAND_SKM": 18.5,
                "ENDORHEIC": 0,
                "DIS_AV_CMS": 0.438,
                "ORD_STRA": 1,
                "ORD_CLAS": 3,
                "ORD_FLOW": 7,
                "HYBAS_L12": 4121158380.0,
                "Shape_Length": 0.04074239413773584
            },
            "geometry": {
                "type": "LineString",
                "coordinates": [
                    [
                        81.26249999999968,
                        7.004166666666571
                    ],
                    [
                        81.26874999999964,
                        7.010416666666551
                    ],
                    [
                        81.26874999999964,
                        7.018749999999862
                    ],
                    [
                        81.26458333333292,
                        7.022916666666568
                    ],
                    [
                        81.27708333333297,
                        7.035416666666542
                    ]
                ]
            }
        },
        {
            "type": "Feature",
            "properties": {
                "HYRIV_ID": 41405421,
                "NEXT_DOWN": 41405357,
                "MAIN_RIV": 41404379,
                "LENGTH_KM": 3.4,
                "DIST_DN_KM": 78.300003,
                "DIST_UP_KM": 7.1,
                "CATCH_SKM": 14.28,
                "UPLAND_SKM": 14.3,
                "ENDORHEIC": 0,
                "DIS_AV_CMS": 0.313,
                "ORD_STRA": 1,
                "ORD_CLAS": 3,
                "ORD_FLOW": 7,
                "HYBAS_L12": 4121601820.0,
                "Shape_Length": 0.030683170961174486
            },
            "geometry": {
                "type": "LineString",
                "coordinates": [
                    [
                        81.39999999999966,
                        7.0
                    ],
                    [
                        81.3812499999996,
                        7.018749999999862
                    ],
                    [
                        81.37708333333293,
                        7.018749999999862
                    ]
                ]
            }
        },
        {
            "type": "Feature",
            "properties": {
                "HYRIV_ID": 41405469,
                "NEXT_DOWN": 41405470,
                "MAIN_RIV": 41404379,
                "LENGTH_KM": 1.4400001,
                "DIST_DN_KM": 81.900002,
                "DIST_UP_KM": 4.9,
                "CATCH_SKM": 5.1100001,
                "UPLAND_SKM": 5.1,
                "ENDORHEIC": 0,
                "DIS_AV_CMS": 0.115,
                "ORD_STRA": 1,
                "ORD_CLAS": 2,
                "ORD_FLOW": 7,
                "HYBAS_L12": 4121601820.0,
                "Shape_Length": 0.013005501431633964
            },
            "geometry": {
                "type": "LineString",
                "coordinates": [
                    [
                        81.3499999999996,
                        7.0
                    ],
                    [
                        81.35624999999968,
                        6.993749999999871
                    ],
                    [
                        81.3604166666664,
                        6.993749999999871
                    ]
                ]
            }
        },
        {
            "type": "Feature",
            "properties": {
                "HYRIV_ID": 41405470,
                "NEXT_DOWN": 41405357,
                "MAIN_RIV": 41404379,
                "LENGTH_KM": 3.54,
                "DIST_DN_KM": 78.5,
                "DIST_UP_KM": 8.3,
                "CATCH_SKM": 15.13,
                "UPLAND_SKM": 26.6,
                "ENDORHEIC": 0,
                "DIS_AV_CMS": 0.59200001,
                "ORD_STRA": 2,
                "ORD_CLAS": 2,
                "ORD_FLOW": 7,
                "HYBAS_L12": 4121601820.0,
                "Shape_Length": 0.0319035593727814
            },
            "geometry": {
                "type": "LineString",
                "coordinates": [
                    [
                        81.3604166666664,
                        6.993749999999871
                    ],
                    [
                        81.36874999999961,
                        7.002083333333239
                    ],
                    [
                        81.36874999999961,
                        7.010416666666551
                    ],
                    [
                        81.37708333333293,
                        7.018749999999862
                    ]
                ]
            }
        },
        {
            "type": "Feature",
            "properties": {
                "HYRIV_ID": 41405488,
                "NEXT_DOWN": 41405470,
                "MAIN_RIV": 41404379,
                "LENGTH_KM": 0.98,
                "DIST_DN_KM": 82.099998,
                "DIST_UP_KM": 3.0,
                "CATCH_SKM": 6.39,
                "UPLAND_SKM": 6.4,
                "ENDORHEIC": 0,
                "DIS_AV_CMS": 0.142,
                "ORD_STRA": 1,
                "ORD_CLAS": 3,
                "ORD_FLOW": 7,
                "HYBAS_L12": 4121601820.0,
                "Shape_Length": 0.008838834764914243
            },
            "geometry": {
                "type": "LineString",
                "coordinates": [
                    [
                        81.35416666666626,
                        6.987499999999891
                    ],
                    [
                        81.3604166666664,
                        6.993749999999871
                    ]
                ]
            }
        },
        {
            "type": "Feature",
            "properties": {
                "HYRIV_ID": 41405522,
                "NEXT_DOWN": 41405213,
                "MAIN_RIV": 41404379,
                "LENGTH_KM": 10.45,
                "DIST_DN_KM": 88.800003,
                "DIST_UP_KM": 13.1,
                "CATCH_SKM": 43.25,
                "UPLAND_SKM": 43.3,
                "ENDORHEIC": 0,
                "DIS_AV_CMS": 0.98799998,
                "ORD_STRA": 1,
                "ORD_CLAS": 2,
                "ORD_FLOW": 7,
                "HYBAS_L12": 4121158380.0,
                "Shape_Length": 0.09404611588282105
            },
            "geometry": {
                "type": "LineString",
                "coordinates": [
                    [
                        81.31458333333299,
                        6.979166666666565
                    ],
                    [
                        81.31458333333299,
                        7.014583333333256
                    ],
                    [
                        81.31041666666633,
                        7.018749999999862
                    ],
                    [
                        81.31041666666633,
                        7.031249999999879
                    ],
                    [
                        81.30624999999961,
                        7.035416666666542
                    ],
                    [
                        81.30624999999961,
                        7.039583333333248
                    ],
                    [
                        81.30208333333294,
                        7.043749999999896
                    ],
                    [
                        81.30208333333294,
                        7.052083333333222
                    ],
                    [
                        81.29791666666628,
                        7.056249999999885
                    ],
                    [
                        81.29791666666628,
                        7.060416666666534
                    ],
                    [
                        81.29374999999962,
                        7.064583333333239
                    ]
                ]
            }
        }
    ]
}