{
    "type": "FeatureCollection",
    "features": [
        {
            "type": "Feature",
            "properties": {
                "HYRIV_ID": 41405814,
                "NEXT_DOWN": 41405942,
                "MAIN_RIV": 41408473,
                "LENGTH_KM": 2.09,
                "DIST_DN_KM": 99.599998,
                "DIST_UP_KM": 4.4,
                "CATCH_SKM": 8.9499998,
                "UPLAND_SKM": 8.9,
                "ENDORHEIC": 0,
                "DIS_AV_CMS": 0.222,
                "ORD_STRA": 1,
                "ORD_CLAS": 2,
                "ORD_FLOW": 7,
                "HYBAS_L12": 4121159190.0,
                "Shape_Length": 0.018898057941339072
            },
            "geometry": {
                "type": "LineString",
                "coordinates": [
                    [
                        81.1749999999997,
                        6.929166666666539
                    ],
                    [
                        81.18541666666633,
                        6.918749999999896
                    ],
                    [
                        81.18958333333299,
                        6.918749999999896
                    ]
                ]
            }
        },
        {
            "type": "Feature",
            "properties": {
                "HYRIV_ID": 41405815,
                "NEXT_DOWN": 41405942,
                "MAIN_RIV": 41408473,
                "LENGTH_KM": 1.35,
                "DIST_DN_KM": 99.800003,
                "DIST_UP_KM": 4.0,
                "CATCH_SKM": 6.39,
                "UPLAND_SKM": 6.4,
                "ENDORHEIC": 0,
                "DIS_AV_CMS": 0.15700001,
                "ORD_STRA": 1,
                "ORD_CLAS": 3,
                "ORD_FLOW": 7,
                "HYBAS_L12": 4121159190.0,
                "Shape_Length": 0.01214255650986264
            },
            "geometry": {
                "type": "LineString",
                "coordinates": [
                    [
                        81.19374999999965,
                        6.929166666666539
                    ],
                    [
                        81.19374999999965,
                        6.922916666666559
                    ],
                    [
                        81.18958333333299,
                        6.918749999999896
                    ]
                ]
            }
        },
        {
            "type": "Feature",
            "properties": {
                "HYRIV_ID": 41405896,
                "NEXT_DOWN": 41406039,
                "MAIN_RIV": 41408473,
                "LENGTH_KM": 1.61,
                "DIST_DN_KM": 102.1,
                "DIST_UP_KM": 4.1,
                "CATCH_SKM": 8.5200005,
                "UPLAND_SKM": 8.5,
                "ENDORHEIC": 0,
                "DIS_AV_CMS": 0.221,
                "ORD_STRA": 1,
                "ORD_CLAS": 2,
                "ORD_FLOW": 7,
                "HYBAS_L12": 4121159190.0,
                "Shape_Length": 0.014583333333234805
            },
            "geometry": {
                "type": "LineString",
                "coordinates": [
                    [
                        81.13333333333301,
                        6.897916666666568
                    ],
                    [
                        81.14791666666625,
                        6.897916666666568
                    ]
                ]
            }
        },
        {
            "type": "Feature",
            "properties": {
                "HYRIV_ID": 41405897,
                "NEXT_DOWN": 41406039,
                "MAIN_RIV": 41408473,
                "LENGTH_KM": 1.34,
                "DIST_DN_KM": 102.3,
                "DIST_UP_KM": 4.1,
                "CATCH_SKM": 8.3100004,
                "UPLAND_SKM": 8.3,
                "ENDORHEIC": 0,
                "DIS_AV_CMS": 0.214,
                "ORD_STRA": 1,
                "ORD_CLAS": 1,
                "ORD_FLOW": 7,
                "HYBAS_L12": 4121159190.0,
                "Shape_Length": 0.012142556509798189
            },
            "geometry": {
                "type": "LineString",
                "coordinates": [
                    [
                        81.13749999999968,
                        6.902083333333216
                    ],
                    [
                        81.14374999999964,
                        6.902083333333216
                    ],
                    [
                        81.14791666666625,
                        6.897916666666568
                    ]
                ]
            }
        },
        {
            "type": "Feature",
            "properties": {
                "HYRIV_ID": 41405941,
                "NEXT_DOWN": 41405998,
                "MAIN_RIV": 41408473,
                "LENGTH_KM": 3.3800001,
                "DIST_DN_KM": 96.0,
                "DIST_UP_KM": 6.7,
                "CATCH_SKM": 11.08,
                "UPLAND_SKM": 11.1,
                "ENDORHEIC": 0,
                "DIS_AV_CMS": 0.274,
                "ORD_STRA": 1,
                "ORD_CLAS": 3,
                "ORD_FLOW": 7,
                "HYBAS_L12": 4121159190.0,
                "Shape_Length": 0.030535113019774004
            },
            "geometry": {
                "type": "LineString",
                "coordinates": [
                    [
                        81.17708333333294,
                        6.904166666666548
                    ],
                    [
                        81.17708333333294,
                        6.897916666666568
                    ],
                    [
                        81.18541666666633,
                        6.889583333333242
                    ],
                    [
                        81.19791666666632,
                        6.889583333333242
                    ]
                ]
            }
        },
        {
            "type": "Feature",
            "properties": {
                "HYRIV_ID": 41405942,
                "NEXT_DOWN": 41405998,
                "MAIN_RIV": 41408473,
                "LENGTH_KM": 3.62,
                "DIST_DN_KM": 96.0,
                "DIST_UP_KM": 8.0,
                "CATCH_SKM": 10.44,
                "UPLAND_SKM": 25.8,
                "ENDORHEIC": 0,
                "DIS_AV_CMS": 0.63,
                "ORD_STRA": 2,
                "ORD_CLAS": 2,
                "ORD_FLOW": 7,
                "HYBAS_L12": 4121159190.0,
                "Shape_Length": 0.03261844635309783
            },
            "geometry": {
                "type": "LineString",
                "coordinates": [
                    [
                        81.18958333333299,
                        6.918749999999896
                    ],
                    [
                        81.18958333333299,
                        6.914583333333233
                    ],
                    [
                        81.19374999999965,
                        6.910416666666585
                    ],
                    [
                        81.19374999999965,
                        6.906249999999879
                    ],
                    [
                        81.19791666666632,
                        6.902083333333216
                    ],
                    [
                        81.19791666666632,
                        6.889583333333242
                    ]
                ]
            }
        },
        {
            "type": "Feature",
            "properties": {
                "HYRIV_ID": 41405998,
                "NEXT_DOWN": 41406195,
                "MAIN_RIV": 41408473,
                "LENGTH_KM": 2.04,
                "DIST_DN_KM": 93.900002,
                "DIST_UP_KM": 10.0,
                "CATCH_SKM": 3.4100001,
                "UPLAND_SKM": 40.3,
                "ENDORHEIC": 0,
                "DIS_AV_CMS": 0.982,
                "ORD_STRA": 2,
                "ORD_CLAS": 2,
                "ORD_FLOW": 7,
                "HYBAS_L12": 4121159190.0,
                "Shape_Length": 0.018392556509885378
            },
            "geometry": {
                "type": "LineString",
                "coordinates": [
                    [
                        81.19791666666632,
                        6.889583333333242
                    ],
                    [
                        81.19791666666632,
                        6.881249999999888
                    ],
                    [
                        81.20208333333298,
                        6.877083333333225
                    ],
                    [
                        81.20208333333298,
                        6.872916666666576
                    ]
                ]
            }
        },
        {
            "type": "Feature",
            "properties": {
                "HYRIV_ID": 41406039,
                "NEXT_DOWN": 41406195,
                "MAIN_RIV": 41408473,
                "LENGTH_KM": 8.1800003,
                "DIST_DN_KM": 94.099998,
                "DIST_UP_KM": 12.2,
                "CATCH_SKM": 20.67,
                "UPLAND_SKM": 37.5,
                "ENDORHEIC": 0,
                "DIS_AV_CMS": 0.93800002,
                "ORD_STRA": 2,
                "ORD_CLAS": 1,
                "ORD_FLOW": 7,
                "HYBAS_L12": 4121159190.0,
                "Shape_Length": 0.07386634192242461
            },
            "geometry": {
                "type": "LineString",
                "coordinates": [
                    [
                        81.14791666666625,
                        6.897916666666568
                    ],
                    [
                        81.1604166666663,
                        6.885416666666551
                    ],
                    [
                        81.16458333333296,
                        6.885416666666551
                    ],
                    [
                        81.16874999999962,
                        6.881249999999888
                    ],
                    [
                        81.16874999999962,
                        6.877083333333225
                    ],
                    [
                        81.17708333333294,
                        6.868749999999871
                    ],
                    [
                        81.18124999999966,
                        6.868749999999871
                    ],
                    [
                        81.18541666666633,
                        6.864583333333208
                    ],
                    [
                        81.18958333333299,
                        6.864583333333208
                    ],
                    [
                        81.19374999999965,
                        6.868749999999871
                    ],
                    [
                        81.19791666666632,
                        6.868749999999871
                    ],
                    [
                        81.20208333333298,
                        6.872916666666576
                    ]
                ]
            }
        },
        {
            "type": "Feature",
            "properties": {
                "HYRIV_ID": 41406132,
                "NEXT_DOWN": 41406234,
                "MAIN_RIV": 41408473,
                "LENGTH_KM": 1.15,
                "DIST_DN_KM": 89.5,
                "DIST_UP_KM": 4.1,
                "CATCH_SKM": 4.48,
                "UPLAND_SKM": 4.5,
                "ENDORHEIC": 0,
                "DIS_AV_CMS": 0.116,
                "ORD_STRA": 1,
                "ORD_CLAS": 4,
                "ORD_FLOW": 7,
                "HYBAS_L12": 4121159180.0,
                "Shape_Length": 0.010416666666571928
            },
            "geometry": {
                "type": "LineString",
                "coordinates": [
                    [
                        81.13749999999968,
                        6.84375
                    ],
                    [
                        81.14791666666625,
                        6.84375
                    ]
                ]
            }
        },
        {
            "type": "Feature",
            "properties": {
                "HYRIV_ID": 41406133,
                "NEXT_DOWN": 41406234,
                "MAIN_RIV": 41408473,
                "LENGTH_KM": 3.48,
                "DIST_DN_KM": 89.5,
                "DIST_UP_KM": 6.2,
                "CATCH_SKM": 11.51,
                "UPLAND_SKM": 11.5,
                "ENDORHEIC": 0,
                "DIS_AV_CMS": 0.296,
                "ORD_STRA": 1,
                "ORD_CLAS": 3,
                "ORD_FLOW": 7,
                "HYBAS_L12": 4121159180.0,
                "Shape_Length": 0.0313980579412733
            },
            "geometry": {
                "type": "LineString",
                "coordinates": [
                    [
                        81.12916666666635,
                        6.862499999999876
                    ],
                    [
                        81.13541666666632,
                        6.856249999999896
                    ],
                    [
                        81.14374999999964,
                        6.856249999999896
                    ],
                    [
                        81.14791666666625,
                        6.852083333333233
                    ],
                    [
                        81.14791666666625,
                        6.84375
                    ]
                ]
            }
        },
        {
            "type": "Feature",
            "properties": {
                "HYRIV_ID": 41406195,
                "NEXT_DOWN": 41406394,
                "MAIN_RIV": 41408473,
                "LENGTH_KM": 9.46,
                "DIST_DN_KM": 84.699997,
                "DIST_UP_KM": 21.700001,
                "CATCH_SKM": 30.48,
                "UPLAND_SKM": 108.3,
                "ENDORHEIC": 0,
                "DIS_AV_CMS": 2.5880001,
                "ORD_STRA": 3,
                "ORD_CLAS": 1,
                "ORD_FLOW": 6,
                "HYBAS_L12": 4121159190.0,
                "Shape_Length": 0.08535533905918356
            },
            "geometry": {
                "type": "LineString",
                "coordinates": [
                    [
                        81.20208333333298,
                        6.872916666666576
                    ],
                    [
                        81.2062499999997,
                        6.868749999999871
                    ],
                    [
                        81.21041666666636,
                        6.868749999999871
                    ],
                    [
                        81.21458333333302,
                        6.872916666666576
                    ],
                    [
                        81.23124999999973,
                        6.872916666666576
                    ],
                    [
                        81.23124999999973,
                        6.868749999999871
                    ],
                    [
                        81.2354166666664,
                        6.864583333333208
                    ],
                    [
                        81.2354166666664,
                        6.860416666666559
                    ],
                    [
                        81.23958333333294,
                        6.856249999999896
                    ],
                    [
                        81.23958333333294,
                        6.847916666666571
                    ],
                    [
                        81.2354166666664,
                        6.84375
                    ],
                    [
                        81.2354166666664,
                        6.835416666666553
                    ],
                    [
                        81.23958333333294,
                        6.835416666666553
                    ],
                    [
                        81.24374999999961,
                        6.83125
                    ]
                ]
            }
        },
        {
            "type": "Feature",
            "properties": {
                "HYRIV_ID": 41406196,
                "NEXT_DOWN": 41406394,
                "MAIN_RIV": 41408473,
                "LENGTH_KM": 1.62,
                "DIST_DN_KM": 84.5,
                "DIST_UP_KM": 4.3,
                "CATCH_SKM": 9.8,
                "UPLAND_SKM": 9.8,
                "ENDORHEIC": 0,
                "DIS_AV_CMS": 0.22400001,
                "ORD_STRA": 1,
                "ORD_CLAS": 2,
                "ORD_FLOW": 7,
                "HYBAS_L12": 4121159190.0,
                "Shape_Length": 0.014583333333305859
            },
            "geometry": {
                "type": "LineString",
                "coordinates": [
                    [
                        81.24791666666627,
                        6.841666666666548
                    ],
                    [
                        81.24791666666627,
                        6.835416666666553
                    ],
                    [
                        81.24374999999961,
                        6.835416666666553
                    ],
                    [
                        81.24374999999961,
                        6.83125
                    ]
                ]
            }
        },
        {
            "type": "Feature",
            "properties": {
                "HYRIV_ID": 41406234,
                "NEXT_DOWN": 41406359,
                "MAIN_RIV": 41408473,
                "LENGTH_KM": 2.8800001,
                "DIST_DN_KM": 86.800003,
                "DIST_UP_KM": 8.9,
                "CATCH_SKM": 8.5299997,
                "UPLAND_SKM": 24.5,
                "ENDORHEIC": 0,
                "DIS_AV_CMS": 0.625,
                "ORD_STRA": 2,
                "ORD_CLAS": 3,
                "ORD_FLOW": 7,
                "HYBAS_L12": 4121159180.0,
                "Shape_Length": 0.02601100286304614
            },
            "geometry": {
                "type": "LineString",
                "coordinates": [
                    [
                        81.14791666666625,
                        6.84375
                    ],
                    [
                        81.15208333333297,
                        6.839583333333216
                    ],
                    [
                        81.15208333333297,
                        6.835416666666553
                    ],
                    [
                        81.15624999999963,
                        6.83125
                    ],
                    [
                        81.15624999999963,
                        6.827083333333199
                    ],
                    [
                        81.1604166666663,
                        6.822916666666579
                    ]
                ]
            }
        },
        {
            "type": "Feature",
            "properties": {
                "HYRIV_ID": 41406235,
                "NEXT_DOWN": 41406359,
                "MAIN_RIV": 41408473,
                "LENGTH_KM": 4.52,
                "DIST_DN_KM": 86.800003,
                "DIST_UP_KM": 10.2,
                "CATCH_SKM": 13.64,
                "UPLAND_SKM": 13.6,
                "ENDORHEIC": 0,
                "DIS_AV_CMS": 0.338,
                "ORD_STRA": 1,
                "ORD_CLAS": 2,
                "ORD_FLOW": 7,
                "HYBAS_L12": 4121159180.0,
                "Shape_Length": 0.04074239413776254
            },
            "geometry": {
                "type": "LineString",
                "coordinates": [
                    [
                        81.1749999999997,
                        6.854166666666565
                    ],
                    [
                        81.16874999999962,
                        6.847916666666571
                    ],
                    [
                        81.17291666666628,
                        6.84375
                    ],
                    [
                        81.17291666666628,
                        6.835416666666553
                    ],
                    [
                        81.1604166666663,
                        6.822916666666579
                    ]
                ]
            }
        },
        {
            "type": "Feature",
            "properties": {
                "HYRIV_ID": 41406359,
                "NEXT_DOWN": 41406528,
                "MAIN_RIV": 41408473,
                "LENGTH_KM": 3.35,
                "DIST_DN_KM": 83.300003,
                "DIST_UP_KM": 13.8,
                "CATCH_SKM": 11.08,
                "UPLAND_SKM": 49.200001,
                "ENDORHEIC": 0,
                "DIS_AV_CMS": 1.228,
                "ORD_STRA": 2,
                "ORD_CLAS": 2,
                "ORD_FLOW": 6,
                "HYBAS_L12": 4121159180.0,
                "Shape_Length": 0.030177669529688922
            },
            "geometry": {
                "type": "LineString",
                "coordinates": [
                    [
                        81.1604166666663,
                        6.822916666666579
                    ],
                    [
                        81.16458333333296,
                        6.818749999999888
                    ],
                    [
                        81.16458333333296,
                        6.814583333333225
                    ],
                    [
                        81.17291666666628,
                        6.80625
                    ],
                    [
                        81.17291666666628,
                        6.797916666666545
                    ]
                ]
            }
        },
        {
            "type": "Feature",
            "properties": {
                "HYRIV_ID": 41406371,
                "NEXT_DOWN": 41406528,
                "MAIN_RIV": 41408473,
                "LENGTH_KM": 3.57,
                "DIST_DN_KM": 83.300003,
                "DIST_UP_KM": 7.9,
                "CATCH_SKM": 15.77,
                "UPLAND_SKM": 15.8,
                "ENDORHEIC": 0,
                "DIS_AV_CMS": 0.398,
                "ORD_STRA": 1,
                "ORD_CLAS": 3,
                "ORD_FLOW": 7,
                "HYBAS_L12": 4121159180.0,
                "Shape_Length": 0.032261002862919164
            },
            "geometry": {
                "type": "LineString",
                "coordinates": [
                    [
                        81.145833333333,
                        6.802083333333208
                    ],
                    [
                        81.15208333333297,
                        6.802083333333208
                    ],
                    [
                        81.15624999999963,
                        6.797916666666545
                    ],
                    [
                        81.1604166666663,
                        6.797916666666545
                    ],
                    [
                        81.16458333333296,
                        6.793749999999896
                    ],
                    [
                        81.16874999999962,
                        6.797916666666545
                    ],
                    [
                        81.17291666666628,
                        6.797916666666545
                    ]
                ]
            }
        },
        {
            "type": "Feature",
            "properties": {
                "HYRIV_ID": 41406394,
                "NEXT_DOWN": 41406665,
                "MAIN_RIV": 41408473,
                "LENGTH_KM": 5.39,
                "DIST_DN_KM": 79.099998,
                "DIST_UP_KM": 27.3,
                "CATCH_SKM": 16.200001,
                "UPLAND_SKM": 134.3,
                "ENDORHEIC": 0,
                "DIS_AV_CMS": 3.148,
                "ORD_STRA": 3,
                "ORD_CLAS": 1,
                "ORD_FLOW": 6,
                "HYBAS_L12": 4121159190.0,
                "Shape_Length": 0.04857022603946133
            },
            "geometry": {
                "type": "LineString",
                "coordinates": [
                    [
                        81.24374999999961,
                        6.83125
                    ],
                    [
                        81.24374999999961,
                        6.827083333333199
                    ],
                    [
                        81.2354166666664,
                        6.818749999999888
                    ],
                    [
                        81.2354166666664,
                        6.814583333333225
                    ],
                    [
                        81.23124999999973,
                        6.810416666666562
                    ],
                    [
                        81.23124999999973,
                        6.80625
                    ],
                    [
                        81.2354166666664,
                        6.802083333333208
                    ],
                    [
                        81.2354166666664,
                        6.789583333333233
                    ]
                ]
            }
        },
        {
            "type": "Feature",
            "properties": {
                "HYRIV_ID": 41406395,
                "NEXT_DOWN": 41406665,
                "MAIN_RIV": 41408473,
                "LENGTH_KM": 1.81,
                "DIST_DN_KM": 79.099998,
                "DIST_UP_KM": 5.4,
                "CATCH_SKM": 9.1599998,
                "UPLAND_SKM": 9.2,
                "ENDORHEIC": 0,
                "DIS_AV_CMS": 0.208,
                "ORD_STRA": 1,
                "ORD_CLAS": 2,
                "ORD_FLOW": 7,
                "HYBAS_L12": 4121159190.0,
                "Shape_Length": 0.01630922317641183
            },
            "geometry": {
                "type": "LineString",
                "coordinates": [
                    [
                        81.24374999999961,
                        6.799999999999876
                    ],
                    [
                        81.24374999999961,
                        6.793749999999896
                    ],
                    [
                        81.23958333333294,
                        6.789583333333233
                    ],
                    [
                        81.2354166666664,
                        6.789583333333233
                    ]
                ]
            }
        },
        {
            "type": "Feature",
            "properties": {
                "HYRIV_ID": 41406528,
                "NEXT_DOWN": 41406663,
                "MAIN_RIV": 41408473,
                "LENGTH_KM": 6.6100001,
                "DIST_DN_KM": 76.900002,
                "DIST_UP_KM": 20.200001,
                "CATCH_SKM": 14.71,
                "UPLAND_SKM": 79.699997,
                "ENDORHEIC": 0,
                "DIS_AV_CMS": 1.957,
                "ORD_STRA": 2,
                "ORD_CLAS": 2,
                "ORD_FLOW": 6,
                "HYBAS_L12": 4121159180.0,
                "Shape_Length": 0.059640452079145964
            },
            "geometry": {
                "type": "LineString",
                "coordinates": [
                    [
                        81.17291666666628,
                        6.797916666666545
                    ],
                    [
                        81.17708333333294,
                        6.793749999999896
                    ],
                    [
                        81.18124999999966,
                        6.793749999999896
                    ],
                    [
                        81.18541666666633,
                        6.789583333333233
                    ],
                    [
                        81.18958333333299,
                        6.789583333333233
                    ],
                    [
                        81.19374999999965,
                        6.785416666666571
                    ],
                    [
                        81.18958333333299,
                        6.781249999999879
                    ],
                    [
                        81.18958333333299,
                        6.777083333333216
                    ],
                    [
                        81.2062499999997,
                        6.760416666666579
                    ]
                ]
            }
        },
        {
            "type": "Feature",
            "properties": {
                "HYRIV_ID": 41406529,
                "NEXT_DOWN": 41406663,
                "MAIN_RIV": 41408473,
                "LENGTH_KM": 7.0100002,
                "DIST_DN_KM": 76.699997,
                "DIST_UP_KM": 10.5,
                "CATCH_SKM": 19.4,
                "UPLAND_SKM": 19.4,
                "ENDORHEIC": 0,
                "DIS_AV_CMS": 0.459,
                "ORD_STRA": 1,
                "ORD_CLAS": 3,
                "ORD_FLOW": 7,
                "HYBAS_L12": 4121159180.0,
                "Shape_Length": 0.06315355937291964
            },
            "geometry": {
                "type": "LineString",
                "coordinates": [
                    [
                        81.2062499999997,
                        6.816666666666556
                    ],
                    [
                        81.2062499999997,
                        6.80625
                    ],
                    [
                        81.21041666666636,
                        6.802083333333208
                    ],
                    [
                        81.21041666666636,
                        6.797916666666545
                    ],
                    [
                        81.2062499999997,
                        6.793749999999896
                    ],
                    [
                        81.2062499999997,
                        6.785416666666571
                    ],
                    [
                        81.20208333333298,
                        6.781249999999879
                    ],
                    [
                        81.20208333333298,
                        6.777083333333216
                    ],
                    [
                        81.2062499999997,
                        6.772916666666553
                    ],
                    [
                        81.2062499999997,
                        6.760416666666579
                    ]
                ]
            }
        },
        {
            "type": "Feature",
            "properties": {
                "HYRIV_ID": 41406662,
                "NEXT_DOWN": 41406755,
                "MAIN_RIV": 41408473,
                "LENGTH_KM": 2.29,
                "DIST_DN_KM": 73.5,
                "DIST_UP_KM": 6.8,
                "CATCH_SKM": 8.3100004,
                "UPLAND_SKM": 8.3,
                "ENDORHEIC": 0,
                "DIS_AV_CMS": 0.20200001,
                "ORD_STRA": 1,
                "ORD_CLAS": 3,
                "ORD_FLOW": 7,
                "HYBAS_L12": 4121159180.0,
                "Shape_Length": 0.020623947784629074
            },
            "geometry": {
                "type": "LineString",
                "coordinates": [
                    [
                        81.18749999999963,
                        6.749999999999893
                    ],
                    [
                        81.20208333333298,
                        6.735416666666545
                    ]
                ]
            }
        },
        {
            "type": "Feature",
            "properties": {
                "HYRIV_ID": 41406663,
                "NEXT_DOWN": 41406755,
                "MAIN_RIV": 41408473,
                "LENGTH_KM": 3.35,
                "DIST_DN_KM": 73.5,
                "DIST_UP_KM": 23.5,
                "CATCH_SKM": 5.54,
                "UPLAND_SKM": 104.7,
                "ENDORHEIC": 0,
                "DIS_AV_CMS": 2.526,
                "ORD_STRA": 2,
                "ORD_CLAS": 2,
                "ORD_FLOW": 6,
                "HYBAS_L12": 4121159180.0,
                "Shape_Length": 0.030177669529712466
            },
            "geometry": {
                "type": "LineString",
                "coordinates": [
                    [
                        81.2062499999997,
                        6.760416666666579
                    ],
                    [
                        81.21041666666636,
                        6.756249999999888
                    ],
                    [
                        81.21041666666636,
                        6.747916666666562
                    ],
                    [
                        81.2062499999997,
                        6.743749999999899
                    ],
                    [
                        81.2062499999997,
                        6.73958333333325
                    ],
                    [
                        81.20208333333298,
                        6.735416666666545
                    ]
                ]
            }
        },
        {
            "type": "Feature",
            "properties": {
                "HYRIV_ID": 41406664,
                "NEXT_DOWN": 41406777,
                "MAIN_RIV": 41408473,
                "LENGTH_KM": 3.49,
                "DIST_DN_KM": 72.300003,
                "DIST_UP_KM": 7.1,
                "CATCH_SKM": 10.23,
                "UPLAND_SKM": 10.2,
                "ENDORHEIC": 0,
                "DIS_AV_CMS": 0.23800001,
                "ORD_STRA": 1,
                "ORD_CLAS": 2,
                "ORD_FLOW": 7,
                "HYBAS_L12": 4121159190.0,
                "Shape_Length": 0.031398057941511015
            },
            "geometry": {
                "type": "LineString",
                "coordinates": [
                    [
                        81.2249999999996,
                        6.7625
                    ],
                    [
                        81.23124999999973,
                        6.756249999999888
                    ],
                    [
                        81.23124999999973,
                        6.743749999999899
                    ],
                    [
                        81.2354166666664,
                        6.73958333333325
                    ],
                    [
                        81.2354166666664,
                        6.735416666666545
                    ]
                ]
            }
        },
        {
            "type": "Feature",
            "properties": {
                "HYRIV_ID": 41406665,
                "NEXT_DOWN": 41406777,
                "MAIN_RIV": 41408473,
                "LENGTH_KM": 6.7800002,
                "DIST_DN_KM": 72.5,
                "DIST_UP_KM": 33.900002,
                "CATCH_SKM": 17.48,
                "UPLAND_SKM": 160.89999,
                "ENDORHEIC": 0,
                "DIS_AV_CMS": 3.691,
                "ORD_STRA": 3,
                "ORD_CLAS": 1,
                "ORD_FLOW": 6,
                "HYBAS_L12": 4121159190.0,
                "Shape_Length": 0.061070226039393834
            },
            "geometry": {
                "type": "LineString",
                "coordinates": [
                    [
                        81.2354166666664,
                        6.789583333333233
                    ],
                    [
                        81.23958333333294,
                        6.785416666666571
                    ],
                    [
                        81.23958333333294,
                        6.764583333333242
                    ],
                    [
                        81.24374999999961,
                        6.760416666666579
                    ],
                    [
                        81.24374999999961,
                        6.752083333333225
                    ],
                    [
                        81.23958333333294,
                        6.747916666666562
                    ],
                    [
                        81.23958333333294,
                        6.73958333333325
                    ],
                    [
                        81.2354166666664,
                        6.735416666666545
                    ]
                ]
            }
        },
        {
            "type": "Feature",
            "properties": {
                "HYRIV_ID": 41406754,
                "NEXT_DOWN": 41406776,
                "MAIN_RIV": 41408473,
                "LENGTH_KM": 7.3200002,
                "DIST_DN_KM": 71.300003,
                "DIST_UP_KM": 10.5,
                "CATCH_SKM": 23.02,
                "UPLAND_SKM": 23.0,
                "ENDORHEIC": 0,
                "DIS_AV_CMS": 0.565,
                "ORD_STRA": 1,
                "ORD_CLAS": 3,
                "ORD_FLOW": 7,
                "HYBAS_L12": 4121159180.0,
                "Shape_Length": 0.06603851002043956
            },
            "geometry": {
                "type": "LineString",
                "coordinates": [
                    [
                        81.15416666666638,
                        6.766666666666573
                    ],
                    [
                        81.19791666666632,
                        6.722916666666571
                    ],
                    [
                        81.19791666666632,
                        6.71875
                    ]
                ]
            }
        },
        {
            "type": "Feature",
            "properties": {
                "HYRIV_ID": 41406755,
                "NEXT_DOWN": 41406776,
                "MAIN_RIV": 41408473,
                "LENGTH_KM": 2.04,
                "DIST_DN_KM": 71.5,
                "DIST_UP_KM": 25.6,
                "CATCH_SKM": 3.4100001,
                "UPLAND_SKM": 116.4,
                "ENDORHEIC": 0,
                "DIS_AV_CMS": 2.7939999,
                "ORD_STRA": 2,
                "ORD_CLAS": 2,
                "ORD_FLOW": 6,
                "HYBAS_L12": 4121159180.0,
                "Shape_Length": 0.018392556509856956
            },
            "geometry": {
                "type": "LineString",
                "coordinates": [
                    [
                        81.20208333333298,
                        6.735416666666545
                    ],
                    [
                        81.20208333333298,
                        6.722916666666571
                    ],
                    [
                        81.19791666666632,
                        6.71875
                    ]
                ]
            }
        },
        {
            "type": "Feature",
            "properties": {
                "HYRIV_ID": 41406775,
                "NEXT_DOWN": 41407034,
                "MAIN_RIV": 41408473,
                "LENGTH_KM": 0.69,
                "DIST_DN_KM": 70.599998,
                "DIST_UP_KM": 3.5,
                "CATCH_SKM": 4.9,
                "UPLAND_SKM": 4.9,
                "ENDORHEIC": 0,
                "DIS_AV_CMS": 0.119,
                "ORD_STRA": 1,
                "ORD_CLAS": 3,
                "ORD_FLOW": 7,
                "HYBAS_L12": 4121159180.0,
                "Shape_Length": 0.006250000000022737
            },
            "geometry": {
                "type": "LineString",
                "coordinates": [
                    [
                        81.18749999999963,
                        6.714583333333216
                    ],
                    [
                        81.19374999999965,
                        6.714583333333216
                    ]
                ]
            }
        },
        {
            "type": "Feature",
            "properties": {
                "HYRIV_ID": 41406776,
                "NEXT_DOWN": 41407034,
                "MAIN_RIV": 41408473,
                "LENGTH_KM": 0.65,
                "DIST_DN_KM": 70.800003,
                "DIST_UP_KM": 26.200001,
                "CATCH_SKM": 0.64,
                "UPLAND_SKM": 140.0,
                "ENDORHEIC": 0,
                "DIS_AV_CMS": 3.369,
                "ORD_STRA": 2,
                "ORD_CLAS": 2,
                "ORD_FLOW": 6,
                "HYBAS_L12": 4121159180.0,
                "Shape_Length": 0.005892556509902633
            },
            "geometry": {
                "type": "LineString",
                "coordinates": [
                    [
                        81.19791666666632,
                        6.71875
                    ],
                    [
                        81.19374999999965,
                        6.714583333333216
                    ]
                ]
            }
        },
        {
            "type": "Feature",
            "properties": {
                "HYRIV_ID": 41406777,
                "NEXT_DOWN": 41407241,
                "MAIN_RIV": 41408473,
                "LENGTH_KM": 2.7,
                "DIST_DN_KM": 69.800003,
                "DIST_UP_KM": 36.599998,
                "CATCH_SKM": 7.25,
                "UPLAND_SKM": 178.39999,
                "ENDORHEIC": 0,
                "DIS_AV_CMS": 4.0669999,
                "ORD_STRA": 3,
                "ORD_CLAS": 1,
                "ORD_FLOW": 6,
                "HYBAS_L12": 4121159190.0,
                "Shape_Length": 0.024285113019679203
            },
            "geometry": {
                "type": "LineString",
                "coordinates": [
                    [
                        81.2354166666664,
                        6.735416666666545
                    ],
                    [
                        81.2354166666664,
                        6.722916666666571
                    ],
                    [
                        81.24374999999961,
                        6.714583333333216
                    ]
                ]
            }
        },
        {
            "type": "Feature",
            "properties": {
                "HYRIV_ID": 41406778,
                "NEXT_DOWN": 41407241,
                "MAIN_RIV": 41408473,
                "LENGTH_KM": 0.98,
                "DIST_DN_KM": 69.800003,
                "DIST_UP_KM": 5.4,
                "CATCH_SKM": 8.1,
                "UPLAND_SKM": 8.1,
                "ENDORHEIC": 0,
                "DIS_AV_CMS": 0.181,
                "ORD_STRA": 1,
                "ORD_CLAS": 2,
                "ORD_FLOW": 7,
                "HYBAS_L12": 4121159190.0,
                "Shape_Length": 0.008838834764863999
            },
            "geometry": {
                "type": "LineString",
                "coordinates": [
                    [
                        81.24999999999963,
                        6.720833333333239
                    ],
                    [
                        81.24374999999961,
                        6.714583333333216
                    ]
                ]
            }
        },
        {
            "type": "Feature",
            "properties": {
                "HYRIV_ID": 41407033,
                "NEXT_DOWN": 41407086,
                "MAIN_RIV": 41408473,
                "LENGTH_KM": 1.15,
                "DIST_DN_KM": 63.8,
                "DIST_UP_KM": 4.3,
                "CATCH_SKM": 10.23,
                "UPLAND_SKM": 10.2,
                "ENDORHEIC": 0,
                "DIS_AV_CMS": 0.241,
                "ORD_STRA": 1,
                "ORD_CLAS": 3,
                "ORD_FLOW": 7,
                "HYBAS_L12": 4121159180.0,
                "Shape_Length": 0.010416666666742458
            },
            "geometry": {
                "type": "LineString",
                "coordinates": [
                    [
                        81.20416666666628,
                        6.664583333333233
                    ],
                    [
                        81.21458333333302,
                        6.664583333333233
                    ]
                ]
            }
        },
        {
            "type": "Feature",
            "properties": {
                "HYRIV_ID": 41407034,
                "NEXT_DOWN": 41407086,
                "MAIN_RIV": 41408473,
                "LENGTH_KM": 6.7800002,
                "DIST_DN_KM": 63.8,
                "DIST_UP_KM": 33.200001,
                "CATCH_SKM": 24.940001,
                "UPLAND_SKM": 169.89999,
                "ENDORHEIC": 0,
                "DIS_AV_CMS": 4.0079999,
                "ORD_STRA": 2,
                "ORD_CLAS": 2,
                "ORD_FLOW": 6,
                "HYBAS_L12": 4121159180.0,
                "Shape_Length": 0.06107022603957299
            },
            "geometry": {
                "type": "LineString",
                "coordinates": [
                    [
                        81.19374999999965,
                        6.714583333333216
                    ],
                    [
                        81.19374999999965,
                        6.710416666666553
                    ],
                    [
                        81.19791666666632,
                        6.706249999999891
                    ],
                    [
                        81.20208333333298,
                        6.706249999999891
                    ],
                    [
                        81.2062499999997,
                        6.702083333333242
                    ],
                    [
                        81.2062499999997,
                        6.689583333333225
                    ],
                    [
                        81.21041666666636,
                        6.685416666666562
                    ],
                    [
                        81.21041666666636,
                        6.681249999999899
                    ],
                    [
                        81.21458333333302,
                        6.67708333333325
                    ],
                    [
                        81.21458333333302,
                        6.664583333333233
                    ]
                ]
            }
        },
        {
            "type": "Feature",
            "properties": {
                "HYRIV_ID": 41407086,
                "NEXT_DOWN": 41407257,
                "MAIN_RIV": 41408473,
                "LENGTH_KM": 1.96,
                "DIST_DN_KM": 62.099998,
                "DIST_UP_KM": 35.0,
                "CATCH_SKM": 3.84,
                "UPLAND_SKM": 184.0,
                "ENDORHEIC": 0,
                "DIS_AV_CMS": 4.3189998,
                "ORD_STRA": 2,
                "ORD_CLAS": 2,
                "ORD_FLOW": 6,
                "HYBAS_L12": 4121159180.0,
                "Shape_Length": 0.01767766952964761
            },
            "geometry": {
                "type": "LineString",
                "coordinates": [
                    [
                        81.21458333333302,
                        6.664583333333233
                    ],
                    [
                        81.22708333333301,
                        6.652083333333245
                    ]
                ]
            }
        },
        {
            "type": "Feature",
            "properties": {
                "HYRIV_ID": 41407087,
                "NEXT_DOWN": 41407257,
                "MAIN_RIV": 41408473,
                "LENGTH_KM": 1.35,
                "DIST_DN_KM": 62.099998,
                "DIST_UP_KM": 5.4,
                "CATCH_SKM": 6.8200002,
                "UPLAND_SKM": 6.8,
                "ENDORHEIC": 0,
                "DIS_AV_CMS": 0.155,
                "ORD_STRA": 1,
                "ORD_CLAS": 3,
                "ORD_FLOW": 7,
                "HYBAS_L12": 4121159180.0,
                "Shape_Length": 0.012142556509917047
            },
            "geometry": {
                "type": "LineString",
                "coordinates": [
                    [
                        81.23124999999973,
                        6.6625
                    ],
                    [
                        81.23124999999973,
                        6.65625
                    ],
                    [
                        81.22708333333301,
                        6.652083333333245
                    ]
                ]
            }
        },
        {
            "type": "Feature",
            "properties": {
                "HYRIV_ID": 41407241,
                "NEXT_DOWN": 41407429,
                "MAIN_RIV": 41408473,
                "LENGTH_KM": 12.17,
                "DIST_DN_KM": 57.599998,
                "DIST_UP_KM": 48.700001,
                "CATCH_SKM": 43.919998,
                "UPLAND_SKM": 230.39999,
                "ENDORHEIC": 0,
                "DIS_AV_CMS": 5.0619998,
                "ORD_STRA": 3,
                "ORD_CLAS": 1,
                "ORD_FLOW": 6,
                "HYBAS_L12": 4121159190.0,
                "Shape_Length": 0.10964045207875295
            },
            "geometry": {
                "type": "LineString",
                "coordinates": [
                    [
                        81.24374999999961,
                        6.714583333333216
                    ],
                    [
                        81.24374999999961,
                        6.710416666666553
                    ],
                    [
                        81.24791666666627,
                        6.706249999999891
                    ],
                    [
                        81.24791666666627,
                        6.697916666666579
                    ],
                    [
                        81.2562499999996,
                        6.689583333333225
                    ],
                    [
                        81.2562499999996,
                        6.685416666666562
                    ],
                    [
                        81.25208333333305,
                        6.681249999999899
                    ],
                    [
                        81.2562499999996,
                        6.67708333333325
                    ],
                    [
                        81.26041666666626,
                        6.67708333333325
                    ],
                    [
                        81.26041666666626,
                        6.664583333333233
                    ],
                    [
                        81.2562499999996,
                        6.660416666666571
                    ],
                    [
                        81.2562499999996,
                        6.647916666666553
                    ],
                    [
                        81.25208333333305,
                        6.643749999999891
                    ],
                    [
                        81.25208333333305,
                        6.627083333333211
                    ],
                    [
                        81.2562499999996,
                        6.622916666666562
                    ]
                ]
            }
        },
        {
            "type": "Feature",
            "properties": {
                "HYRIV_ID": 41407242,
                "NEXT_DOWN": 41407429,
                "MAIN_RIV": 41408473,
                "LENGTH_KM": 0.98,
                "DIST_DN_KM": 57.599998,
                "DIST_UP_KM": 4.2,
                "CATCH_SKM": 7.25,
                "UPLAND_SKM": 7.2,
                "ENDORHEIC": 0,
                "DIS_AV_CMS": 0.155,
                "ORD_STRA": 1,
                "ORD_CLAS": 2,
                "ORD_FLOW": 7,
                "HYBAS_L12": 4121159190.0,
                "Shape_Length": 0.008838834764904194
            },
            "geometry": {
                "type": "LineString",
                "coordinates": [
                    [
                        81.26249999999968,
                        6.629166666666585
                    ],
                    [
                        81.2562499999996,
                        6.622916666666562
                    ]
                ]
            }
        },
        {
            "type": "Feature",
            "properties": {
                "HYRIV_ID": 41407257,
                "NEXT_DOWN": 41407428,
                "MAIN_RIV": 41408473,
                "LENGTH_KM": 4.7399998,
                "DIST_DN_KM": 57.3,
                "DIST_UP_KM": 39.700001,
                "CATCH_SKM": 11.94,
                "UPLAND_SKM": 202.7,
                "ENDORHEIC": 0,
                "DIS_AV_CMS": 4.684,
                "ORD_STRA": 2,
                "ORD_CLAS": 2,
                "ORD_FLOW": 6,
                "HYBAS_L12": 4121159180.0,
                "Shape_Length": 0.042677669529699376
            },
            "geometry": {
                "type": "LineString",
                "coordinates": [
                    [
                        81.22708333333301,
                        6.652083333333245
                    ],
                    [
                        81.23124999999973,
                        6.647916666666553
                    ],
                    [
                        81.2354166666664,
                        6.647916666666553
                    ],
                    [
                        81.2354166666664,
                        6.643749999999891
                    ],
                    [
                        81.23124999999973,
                        6.639583333333228
                    ],
                    [
                        81.23124999999973,
                        6.622916666666562
                    ],
                    [
                        81.2354166666664,
                        6.618749999999899
                    ]
                ]
            }
        },
        {
            "type": "Feature",
            "properties": {
                "HYRIV_ID": 41407258,
                "NEXT_DOWN": 41407460,
                "MAIN_RIV": 41408473,
                "LENGTH_KM": 0.69,
                "DIST_DN_KM": 45.700001,
                "DIST_UP_KM": 3.8,
                "CATCH_SKM": 7.04,
                "UPLAND_SKM": 7.0,
                "ENDORHEIC": 0,
                "DIS_AV_CMS": 0.14300001,
                "ORD_STRA": 1,
                "ORD_CLAS": 3,
                "ORD_FLOW": 7,
                "HYBAS_L12": 4121159390.0,
                "Shape_Length": 0.006249999999994316
            },
            "geometry": {
                "type": "LineString",
                "coordinates": [
                    [
                        81.33541666666636,
                        6.624999999999893
                    ],
                    [
                        81.33541666666636,
                        6.618749999999899
                    ]
                ]
            }
        },
        {
            "type": "Feature",
            "properties": {
                "HYRIV_ID": 41407259,
                "NEXT_DOWN": 41407460,
                "MAIN_RIV": 41408473,
                "LENGTH_KM": 1.81,
                "DIST_DN_KM": 45.900002,
                "DIST_UP_KM": 4.7,
                "CATCH_SKM": 9.1700001,
                "UPLAND_SKM": 9.2,
                "ENDORHEIC": 0,
                "DIS_AV_CMS": 0.183,
                "ORD_STRA": 1,
                "ORD_CLAS": 2,
                "ORD_FLOW": 7,
                "HYBAS_L12": 4121159390.0,
                "Shape_Length": 0.016309223176525518
            },
            "geometry": {
                "type": "LineString",
                "coordinates": [
                    [
                        81.33958333333302,
                        6.633333333333205
                    ],
                    [
                        81.33958333333302,
                        6.622916666666562
                    ],
                    [
                        81.33541666666636,
                        6.618749999999899
                    ]
                ]
            }
        },
        {
            "type": "Feature",
            "properties": {
                "HYRIV_ID": 41407279,
                "NEXT_DOWN": 41407428,
                "MAIN_RIV": 41408473,
                "LENGTH_KM": 4.0300002,
                "DIST_DN_KM": 57.099998,
                "DIST_UP_KM": 7.8,
                "CATCH_SKM": 17.059999,
                "UPLAND_SKM": 17.1,
                "ENDORHEIC": 0,
                "DIS_AV_CMS": 0.39,
                "ORD_STRA": 1,
                "ORD_CLAS": 3,
                "ORD_FLOW": 7,
                "HYBAS_L12": 4121159180.0,
                "Shape_Length": 0.03642766952975601
            },
            "geometry": {
                "type": "LineString",
                "coordinates": [
                    [
                        81.20416666666628,
                        6.622916666666562
                    ],
                    [
                        81.21458333333302,
                        6.622916666666562
                    ],
                    [
                        81.21874999999969,
                        6.618749999999899
                    ],
                    [
                        81.22291666666635,
                        6.618749999999899
                    ],
                    [
                        81.22708333333301,
                        6.614583333333236
                    ],
                    [
                        81.23124999999973,
                        6.618749999999899
                    ],
                    [
                        81.2354166666664,
                        6.618749999999899
                    ]
                ]
            }
        },
        {
            "type": "Feature",
            "properties": {
                "HYRIV_ID": 41407428,
                "NEXT_DOWN": 41407503,
                "MAIN_RIV": 41408473,
                "LENGTH_KM": 4.2800002,
                "DIST_DN_KM": 53.099998,
                "DIST_UP_KM": 44.0,
                "CATCH_SKM": 11.73,
                "UPLAND_SKM": 231.5,
                "ENDORHEIC": 0,
                "DIS_AV_CMS": 5.2740002,
                "ORD_STRA": 2,
                "ORD_CLAS": 2,
                "ORD_FLOW": 6,
                "HYBAS_L12": 4121159180.0,
                "Shape_Length": 0.038511002862898255
            },
            "geometry": {
                "type": "LineString",
                "coordinates": [
                    [
                        81.2354166666664,
                        6.618749999999899
                    ],
                    [
                        81.23958333333294,
                        6.614583333333236
                    ],
                    [
                        81.23958333333294,
                        6.606249999999882
                    ],
                    [
                        81.24374999999961,
                        6.602083333333219
                    ],
                    [
                        81.24374999999961,
                        6.589583333333202
                    ],
                    [
                        81.24791666666627,
                        6.585416666666596
                    ]
                ]
            }
        },
        {
            "type": "Feature",
            "properties": {
                "HYRIV_ID": 41407429,
                "NEXT_DOWN": 41407503,
                "MAIN_RIV": 41408473,
                "LENGTH_KM": 4.5500002,
                "DIST_DN_KM": 52.900002,
                "DIST_UP_KM": 53.5,
                "CATCH_SKM": 10.45,
                "UPLAND_SKM": 248.10001,
                "ENDORHEIC": 0,
                "DIS_AV_CMS": 5.37,
                "ORD_STRA": 3,
                "ORD_CLAS": 1,
                "ORD_FLOW": 6,
                "HYBAS_L12": 4121159190.0,
                "Shape_Length": 0.04095177968639689
            },
            "geometry": {
                "type": "LineString",
                "coordinates": [
                    [
                        81.2562499999996,
                        6.622916666666562
                    ],
                    [
                        81.2562499999996,
                        6.614583333333236
                    ],
                    [
                        81.24791666666627,
                        6.606249999999882
                    ],
                    [
                        81.24791666666627,
                        6.585416666666596
                    ]
                ]
            }
        },
        {
            "type": "Feature",
            "properties": {
                "HYRIV_ID": 41407459,
                "NEXT_DOWN": 41407553,
                "MAIN_RIV": 41408473,
                "LENGTH_KM": 1.61,
                "DIST_DN_KM": 41.599998,
                "DIST_UP_KM": 4.7,
                "CATCH_SKM": 9.1700001,
                "UPLAND_SKM": 9.2,
                "ENDORHEIC": 0,
                "DIS_AV_CMS": 0.184,
                "ORD_STRA": 1,
                "ORD_CLAS": 3,
                "ORD_FLOW": 7,
                "HYBAS_L12": 4121159390.0,
                "Shape_Length": 0.014583333333405335
            },
            "geometry": {
                "type": "LineString",
                "coordinates": [
                    [
                        81.32083333333296,
                        6.581249999999891
                    ],
                    [
                        81.33541666666636,
                        6.581249999999891
                    ]
                ]
            }
        },
        {
            "type": "Feature",
            "properties": {
                "HYRIV_ID": 41407460,
                "NEXT_DOWN": 41407553,
                "MAIN_RIV": 41408473,
                "LENGTH_KM": 4.1700001,
                "DIST_DN_KM": 41.599998,
                "DIST_UP_KM": 9.1,
                "CATCH_SKM": 13.01,
                "UPLAND_SKM": 29.200001,
                "ENDORHEIC": 0,
                "DIS_AV_CMS": 0.579,
                "ORD_STRA": 2,
                "ORD_CLAS": 2,
                "ORD_FLOW": 7,
                "HYBAS_L12": 4121159390.0,
                "Shape_Length": 0.037500000000008527
            },
            "geometry": {
                "type": "LineString",
                "coordinates": [
                    [
                        81.33541666666636,
                        6.618749999999899
                    ],
                    [
                        81.33541666666636,
                        6.581249999999891
                    ]
                ]
            }
        },
        {
            "type": "Feature",
            "properties": {
                "HYRIV_ID": 41407502,
                "NEXT_DOWN": 41407574,
                "MAIN_RIV": 41408473,
                "LENGTH_KM": 0.69,
                "DIST_DN_KM": 51.099998,
                "DIST_UP_KM": 4.8,
                "CATCH_SKM": 7.89,
                "UPLAND_SKM": 7.9,
                "ENDORHEIC": 0,
                "DIS_AV_CMS": 0.174,
                "ORD_STRA": 1,
                "ORD_CLAS": 2,
                "ORD_FLOW": 7,
                "HYBAS_L12": 4121159450.0,
                "Shape_Length": 0.006249999999965894
            },
            "geometry": {
                "type": "LineString",
                "coordinates": [
                    [
                        81.2416666666663,
                        6.572916666666579
                    ],
                    [
                        81.24791666666627,
                        6.572916666666579
                    ]
                ]
            }
        },
        {
            "type": "Feature",
            "properties": {
                "HYRIV_ID": 41407503,
                "NEXT_DOWN": 41407574,
                "MAIN_RIV": 41408473,
                "LENGTH_KM": 1.77,
                "DIST_DN_KM": 51.3,
                "DIST_UP_KM": 55.099998,
                "CATCH_SKM": 1.92,
                "UPLAND_SKM": 481.5,
                "ENDORHEIC": 0,
                "DIS_AV_CMS": 10.639,
                "ORD_STRA": 3,
                "ORD_CLAS": 1,
                "ORD_FLOW": 5,
                "HYBAS_L12": 4121159450.0,
                "Shape_Length": 0.015951779686621315
            },
            "geometry": {
                "type": "LineString",
                "coordinates": [
                    [
                        81.24791666666627,
                        6.585416666666596
                    ],
                    [
                        81.24791666666627,
                        6.581249999999891
                    ],
                    [
                        81.25208333333305,
                        6.577083333333228
                    ],
                    [
                        81.24791666666627,
                        6.572916666666579
                    ]
                ]
            }
        },
        {
            "type": "Feature",
            "properties": {
                "HYRIV_ID": 41407504,
                "NEXT_DOWN": 41407575,
                "MAIN_RIV": 41408473,
                "LENGTH_KM": 13.35,
                "DIST_DN_KM": 51.8,
                "DIST_UP_KM": 16.1,
                "CATCH_SKM": 37.950001,
                "UPLAND_SKM": 38.0,
                "ENDORHEIC": 0,
                "DIS_AV_CMS": 0.783,
                "ORD_STRA": 1,
                "ORD_CLAS": 2,
                "ORD_FLOW": 7,
                "HYBAS_L12": 4121159450.0,
                "Shape_Length": 0.12035323462863
            },
            "geometry": {
                "type": "LineString",
                "coordinates": [
                    [
                        81.29374999999962,
                        6.666666666666551
                    ],
                    [
                        81.29374999999962,
                        6.65625
                    ],
                    [
                        81.29791666666628,
                        6.652083333333245
                    ],
                    [
                        81.29791666666628,
                        6.643749999999891
                    ],
                    [
                        81.30208333333294,
                        6.639583333333228
                    ],
                    [
                        81.30208333333294,
                        6.635416666666579
                    ],
                    [
                        81.29791666666628,
                        6.631249999999874
                    ],
                    [
                        81.29791666666628,
                        6.627083333333211
                    ],
                    [
                        81.29374999999962,
                        6.622916666666562
                    ],
                    [
                        81.29374999999962,
                        6.618749999999899
                    ],
                    [
                        81.28124999999957,
                        6.606249999999882
                    ],
                    [
                        81.27708333333297,
                        6.606249999999882
                    ],
                    [
                        81.26458333333292,
                        6.59375
                    ],
                    [
                        81.26458333333292,
                        6.589583333333202
                    ],
                    [
                        81.26874999999964,
                        6.585416666666596
                    ],
                    [
                        81.26458333333292,
                        6.581249999999891
                    ],
                    [
                        81.26458333333292,
                        6.577083333333228
                    ],
                    [
                        81.26874999999964,
                        6.572916666666579
                    ]
                ]
            }
        },
        {
            "type": "Feature",
            "properties": {
                "HYRIV_ID": 41407505,
                "NEXT_DOWN": 41407575,
                "MAIN_RIV": 41408473,
                "LENGTH_KM": 0.69,
                "DIST_DN_KM": 51.599998,
                "DIST_UP_KM": 4.5,
                "CATCH_SKM": 9.8100004,
                "UPLAND_SKM": 9.8,
                "ENDORHEIC": 0,
                "DIS_AV_CMS": 0.20200001,
                "ORD_STRA": 1,
                "ORD_CLAS": 3,
                "ORD_FLOW": 7,
                "HYBAS_L12": 4121159450.0,
                "Shape_Length": 0.006250000000022737
            },
            "geometry": {
                "type": "LineString",
                "coordinates": [
                    [
                        81.27499999999966,
                        6.572916666666579
                    ],
                    [
                        81.26874999999964,
                        6.572916666666579
                    ]
                ]
            }
        },
        {
            "type": "Feature",
            "properties": {
                "HYRIV_ID": 41407553,
                "NEXT_DOWN": 41407877,
                "MAIN_RIV": 41408473,
                "LENGTH_KM": 4.46,
                "DIST_DN_KM": 37.099998,
                "DIST_UP_KM": 13.6,
                "CATCH_SKM": 12.58,
                "UPLAND_SKM": 51.0,
                "ENDORHEIC": 0,
                "DIS_AV_CMS": 0.99800003,
                "ORD_STRA": 2,
                "ORD_CLAS": 2,
                "ORD_FLOW": 7,
                "HYBAS_L12": 4121159390.0,
                "Shape_Length": 0.040236892706265195
            },
            "geometry": {
                "type": "LineString",
                "coordinates": [
                    [
                        81.33541666666636,
                        6.581249999999891
                    ],
                    [
                        81.33541666666636,
                        6.577083333333228
                    ],
                    [
                        81.34374999999957,
                        6.56875
                    ],
                    [
                        81.34791666666635,
                        6.56875
                    ],
                    [
                        81.35208333333301,
                        6.564583333333211
                    ],
                    [
                        81.35624999999968,
                        6.564583333333211
                    ],
                    [
                        81.3604166666664,
                        6.560416666666562
                    ],
                    [
                        81.36458333333306,
                        6.560416666666562
                    ]
                ]
            }
        },
        {
            "type": "Feature",
            "properties": {
                "HYRIV_ID": 41407554,
                "NEXT_DOWN": 41407877,
                "MAIN_RIV": 41408473,
                "LENGTH_KM": 4.3200002,
                "DIST_DN_KM": 37.099998,
                "DIST_UP_KM": 7.4,
                "CATCH_SKM": 17.059999,
                "UPLAND_SKM": 17.1,
                "ENDORHEIC": 0,
                "DIS_AV_CMS": 0.324,
                "ORD_STRA": 1,
                "ORD_CLAS": 3,
                "ORD_FLOW": 7,
                "HYBAS_L12": 4121159390.0,
                "Shape_Length": 0.03886844635294314
            },
            "geometry": {
                "type": "LineString",
                "coordinates": [
                    [
                        81.36458333333306,
                        6.595833333333239
                    ],
                    [
                        81.36458333333306,
                        6.581249999999891
                    ],
                    [
                        81.36874999999961,
                        6.577083333333228
                    ],
                    [
                        81.36874999999961,
                        6.56875
                    ],
                    [
                        81.36458333333306,
                        6.564583333333211
                    ],
                    [
                        81.36458333333306,
                        6.560416666666562
                    ]
                ]
            }
        },
        {
            "type": "Feature",
            "properties": {
                "HYRIV_ID": 41407574,
                "NEXT_DOWN": 41407807,
                "MAIN_RIV": 41408473,
                "LENGTH_KM": 2.7,
                "DIST_DN_KM": 48.400002,
                "DIST_UP_KM": 58.0,
                "CATCH_SKM": 6.1799998,
                "UPLAND_SKM": 495.60001,
                "ENDORHEIC": 0,
                "DIS_AV_CMS": 10.866,
                "ORD_STRA": 3,
                "ORD_CLAS": 1,
                "ORD_FLOW": 5,
                "HYBAS_L12": 4121159450.0,
                "Shape_Length": 0.0242851130197738
            },
            "geometry": {
                "type": "LineString",
                "coordinates": [
                    [
                        81.24791666666627,
                        6.572916666666579
                    ],
                    [
                        81.24791666666627,
                        6.56875
                    ],
                    [
                        81.2562499999996,
                        6.560416666666562
                    ],
                    [
                        81.2562499999996,
                        6.552083333333236
                    ]
                ]
            }
        },
        {
            "type": "Feature",
            "properties": {
                "HYRIV_ID": 41407575,
                "NEXT_DOWN": 41407807,
                "MAIN_RIV": 41408473,
                "LENGTH_KM": 3.1600001,
                "DIST_DN_KM": 48.400002,
                "DIST_UP_KM": 19.4,
                "CATCH_SKM": 4.6900001,
                "UPLAND_SKM": 52.5,
                "ENDORHEIC": 0,
                "DIS_AV_CMS": 1.074,
                "ORD_STRA": 2,
                "ORD_CLAS": 2,
                "ORD_FLOW": 6,
                "HYBAS_L12": 4121159450.0,
                "Shape_Length": 0.0284517796864852
            },
            "geometry": {
                "type": "LineString",
                "coordinates": [
                    [
                        81.26874999999964,
                        6.572916666666579
                    ],
                    [
                        81.26874999999964,
                        6.560416666666562
                    ],
                    [
                        81.26041666666626,
                        6.552083333333236
                    ],
                    [
                        81.2562499999996,
                        6.552083333333236
                    ]
                ]
            }
        },
        {
            "type": "Feature",
            "properties": {
                "HYRIV_ID": 41407606,
                "NEXT_DOWN": 41407829,
                "MAIN_RIV": 41408473,
                "LENGTH_KM": 9.8900003,
                "DIST_DN_KM": 49.400002,
                "DIST_UP_KM": 12.9,
                "CATCH_SKM": 36.889999,
                "UPLAND_SKM": 36.900002,
                "ENDORHEIC": 0,
                "DIS_AV_CMS": 0.84100002,
                "ORD_STRA": 1,
                "ORD_CLAS": 2,
                "ORD_FLOW": 7,
                "HYBAS_L12": 4121159460.0,
                "Shape_Length": 0.08916456223590621
            },
            "geometry": {
                "type": "LineString",
                "coordinates": [
                    [
                        81.18124999999966,
                        6.6125
                    ],
                    [
                        81.18124999999966,
                        6.606249999999882
                    ],
                    [
                        81.18958333333299,
                        6.597916666666571
                    ],
                    [
                        81.19374999999965,
                        6.597916666666571
                    ],
                    [
                        81.19374999999965,
                        6.581249999999891
                    ],
                    [
                        81.19791666666632,
                        6.577083333333228
                    ],
                    [
                        81.19791666666632,
                        6.572916666666579
                    ],
                    [
                        81.19374999999965,
                        6.56875
                    ],
                    [
                        81.19374999999965,
                        6.560416666666562
                    ],
                    [
                        81.19791666666632,
                        6.556249999999899
                    ],
                    [
                        81.20208333333298,
                        6.556249999999899
                    ],
                    [
                        81.2062499999997,
                        6.552083333333236
                    ],
                    [
                        81.2062499999997,
                        6.547916666666573
                    ],
                    [
                        81.21041666666636,
                        6.54375
                    ]
                ]
            }
        },
        {
            "type": "Feature",
            "properties": {
                "HYRIV_ID": 41407627,
                "NEXT_DOWN": 41407829,
                "MAIN_RIV": 41408473,
                "LENGTH_KM": 1.8,
                "DIST_DN_KM": 49.200001,
                "DIST_UP_KM": 4.9,
                "CATCH_SKM": 9.3800001,
                "UPLAND_SKM": 9.4,
                "ENDORHEIC": 0,
                "DIS_AV_CMS": 0.213,
                "ORD_STRA": 1,
                "ORD_CLAS": 3,
                "ORD_FLOW": 7,
                "HYBAS_L12": 4121159460.0,
                "Shape_Length": 0.016309223176638493
            },
            "geometry": {
                "type": "LineString",
                "coordinates": [
                    [
                        81.19583333333296,
                        6.539583333333219
                    ],
                    [
                        81.20208333333298,
                        6.539583333333219
                    ],
                    [
                        81.2062499999997,
                        6.54375
                    ],
                    [
                        81.21041666666636,
                        6.54375
                    ]
                ]
            }
        },
        {
            "type": "Feature",
            "properties": {
                "HYRIV_ID": 41407681,
                "NEXT_DOWN": 41407847,
                "MAIN_RIV": 41408473,
                "LENGTH_KM": 10.09,
                "DIST_DN_KM": 30.4,
                "DIST_UP_KM": 14.1,
                "CATCH_SKM": 37.32,
                "UPLAND_SKM": 37.3,
                "ENDORHEIC": 0,
                "DIS_AV_CMS": 0.67900002,
                "ORD_STRA": 1,
                "ORD_CLAS": 3,
                "ORD_FLOW": 7,
                "HYBAS_L12": 4121159370.0,
                "Shape_Length": 0.09089045207906729
            },
            "geometry": {
                "type": "LineString",
                "coordinates": [
                    [
                        81.40208333333297,
                        6.604166666666551
                    ],
                    [
                        81.40208333333297,
                        6.597916666666571
                    ],
                    [
                        81.39374999999964,
                        6.589583333333202
                    ],
                    [
                        81.39791666666625,
                        6.585416666666596
                    ],
                    [
                        81.39791666666625,
                        6.560416666666562
                    ],
                    [
                        81.4104166666663,
                        6.547916666666573
                    ],
                    [
                        81.4104166666663,
                        6.539583333333219
                    ],
                    [
                        81.41458333333296,
                        6.535416666666556
                    ],
                    [
                        81.41458333333296,
                        6.53125
                    ],
                    [
                        81.41874999999962,
                        6.527083333333245
                    ]
                ]
            }
        },
        {
            "type": "Feature",
            "properties": {
                "HYRIV_ID": 41407682,
                "NEXT_DOWN": 41407847,
                "MAIN_RIV": 41408473,
                "LENGTH_KM": 7.8600001,
                "DIST_DN_KM": 30.4,
                "DIST_UP_KM": 10.3,
                "CATCH_SKM": 31.35,
                "UPLAND_SKM": 31.3,
                "ENDORHEIC": 0,
                "DIS_AV_CMS": 0.552,
                "ORD_STRA": 1,
                "ORD_CLAS": 4,
                "ORD_FLOW": 7,
                "HYBAS_L12": 4121159370.0,
                "Shape_Length": 0.07077200572594804
            },
            "geometry": {
                "type": "LineString",
                "coordinates": [
                    [
                        81.42708333333294,
                        6.587499999999871
                    ],
                    [
                        81.42708333333294,
                        6.581249999999891
                    ],
                    [
                        81.43124999999961,
                        6.577083333333228
                    ],
                    [
                        81.43124999999961,
                        6.572916666666579
                    ],
                    [
                        81.42708333333294,
                        6.56875
                    ],
                    [
                        81.42708333333294,
                        6.556249999999899
                    ],
                    [
                        81.43124999999961,
                        6.552083333333236
                    ],
                    [
                        81.42291666666628,
                        6.54375
                    ],
                    [
                        81.42291666666628,
                        6.53125
                    ],
                    [
                        81.41874999999962,
                        6.527083333333245
                    ]
                ]
            }
        },
        {
            "type": "Feature",
            "properties": {
                "HYRIV_ID": 41407807,
                "NEXT_DOWN": 41407890,
                "MAIN_RIV": 41408473,
                "LENGTH_KM": 6.89,
                "DIST_DN_KM": 41.700001,
                "DIST_UP_KM": 64.599998,
                "CATCH_SKM": 18.98,
                "UPLAND_SKM": 567.0,
                "ENDORHEIC": 0,
                "DIS_AV_CMS": 12.12,
                "ORD_STRA": 3,
                "ORD_CLAS": 1,
                "ORD_FLOW": 5,
                "HYBAS_L12": 4121159450.0,
                "Shape_Length": 0.062081228902586744
            },
            "geometry": {
                "type": "LineString",
                "coordinates": [
                    [
                        81.2562499999996,
                        6.552083333333236
                    ],
                    [
                        81.26041666666626,
                        6.547916666666573
                    ],
                    [
                        81.26041666666626,
                        6.539583333333219
                    ],
                    [
                        81.2562499999996,
                        6.535416666666556
                    ],
                    [
                        81.2562499999996,
                        6.527083333333245
                    ],
                    [
                        81.26874999999964,
                        6.514583333333228
                    ],
                    [
                        81.26874999999964,
                        6.510416666666565
                    ],
                    [
                        81.27708333333297,
                        6.502083333333211
                    ]
                ]
            }
        },
        {
            "type": "Feature",
            "properties": {
                "HYRIV_ID": 41407808,
                "NEXT_DOWN": 41407890,
                "MAIN_RIV": 41408473,
                "LENGTH_KM": 7.2,
                "DIST_DN_KM": 41.5,
                "DIST_UP_KM": 10.1,
                "CATCH_SKM": 24.950001,
                "UPLAND_SKM": 25.0,
                "ENDORHEIC": 0,
                "DIS_AV_CMS": 0.496,
                "ORD_STRA": 1,
                "ORD_CLAS": 2,
                "ORD_FLOW": 7,
                "HYBAS_L12": 4121159450.0,
                "Shape_Length": 0.06487944921610155
            },
            "geometry": {
                "type": "LineString",
                "coordinates": [
                    [
                        81.29374999999962,
                        6.554166666666568
                    ],
                    [
                        81.29374999999962,
                        6.535416666666556
                    ],
                    [
                        81.28958333333296,
                        6.53125
                    ],
                    [
                        81.28958333333296,
                        6.527083333333245
                    ],
                    [
                        81.2854166666663,
                        6.522916666666539
                    ],
                    [
                        81.28958333333296,
                        6.518749999999891
                    ],
                    [
                        81.28958333333296,
                        6.514583333333228
                    ],
                    [
                        81.28124999999957,
                        6.50625
                    ],
                    [
                        81.27708333333297,
                        6.50625
                    ],
                    [
                        81.27708333333297,
                        6.502083333333211
                    ]
                ]
            }
        },
        {
            "type": "Feature",
            "properties": {
                "HYRIV_ID": 41407828,
                "NEXT_DOWN": 41407905,
                "MAIN_RIV": 41408473,
                "LENGTH_KM": 4.7600002,
                "DIST_DN_KM": 41.900002,
                "DIST_UP_KM": 7.4,
                "CATCH_SKM": 21.110001,
                "UPLAND_SKM": 21.1,
                "ENDORHEIC": 0,
                "DIS_AV_CMS": 0.456,
                "ORD_STRA": 1,
                "ORD_CLAS": 3,
                "ORD_FLOW": 7,
                "HYBAS_L12": 4121159460.0,
                "Shape_Length": 0.04303511301967909
            },
            "geometry": {
                "type": "LineString",
                "coordinates": [
                    [
                        81.2062499999997,
                        6.512499999999896
                    ],
                    [
                        81.2062499999997,
                        6.50625
                    ],
                    [
                        81.21041666666636,
                        6.50625
                    ],
                    [
                        81.21458333333302,
                        6.502083333333211
                    ],
                    [
                        81.22708333333301,
                        6.502083333333211
                    ],
                    [
                        81.23124999999973,
                        6.497916666666548
                    ],
                    [
                        81.23958333333294,
                        6.497916666666548
                    ]
                ]
            }
        },
        {
            "type": "Feature",
            "properties": {
                "HYRIV_ID": 41407829,
                "NEXT_DOWN": 41407905,
                "MAIN_RIV": 41408473,
                "LENGTH_KM": 7.35,
                "DIST_DN_KM": 41.900002,
                "DIST_UP_KM": 20.4,
                "CATCH_SKM": 23.030001,
                "UPLAND_SKM": 69.300003,
                "ENDORHEIC": 0,
                "DIS_AV_CMS": 1.529,
                "ORD_STRA": 2,
                "ORD_CLAS": 2,
                "ORD_FLOW": 6,
                "HYBAS_L12": 4121159460.0,
                "Shape_Length": 0.0662478955691668
            },
            "geometry": {
                "type": "LineString",
                "coordinates": [
                    [
                        81.21041666666636,
                        6.54375
                    ],
                    [
                        81.21874999999969,
                        6.54375
                    ],
                    [
                        81.22291666666635,
                        6.539583333333219
                    ],
                    [
                        81.22291666666635,
                        6.535416666666556
                    ],
                    [
                        81.2354166666664,
                        6.522916666666539
                    ],
                    [
                        81.2354166666664,
                        6.518749999999891
                    ],
                    [
                        81.23124999999973,
                        6.514583333333228
                    ],
                    [
                        81.2354166666664,
                        6.510416666666565
                    ],
                    [
                        81.2354166666664,
                        6.50625
                    ],
                    [
                        81.23958333333294,
                        6.502083333333211
                    ],
                    [
                        81.23958333333294,
                        6.497916666666548
                    ]
                ]
            }
        },
        {
            "type": "Feature",
            "properties": {
                "HYRIV_ID": 41407847,
                "NEXT_DOWN": 41407878,
                "MAIN_RIV": 41408473,
                "LENGTH_KM": 4.4699998,
                "DIST_DN_KM": 26.0,
                "DIST_UP_KM": 18.6,
                "CATCH_SKM": 12.8,
                "UPLAND_SKM": 81.5,
                "ENDORHEIC": 0,
                "DIS_AV_CMS": 1.4400001,
                "ORD_STRA": 2,
                "ORD_CLAS": 3,
                "ORD_FLOW": 6,
                "HYBAS_L12": 4121159370.0,
                "Shape_Length": 0.04023689270623261
            },
            "geometry": {
                "type": "LineString",
                "coordinates": [
                    [
                        81.41874999999962,
                        6.527083333333245
                    ],
                    [
                        81.41874999999962,
                        6.518749999999891
                    ],
                    [
                        81.42291666666628,
                        6.514583333333228
                    ],
                    [
                        81.41874999999962,
                        6.510416666666565
                    ],
                    [
                        81.42291666666628,
                        6.50625
                    ],
                    [
                        81.42291666666628,
                        6.497916666666548
                    ],
                    [
                        81.42708333333294,
                        6.493749999999899
                    ]
                ]
            }
        },
        {
            "type": "Feature",
            "properties": {
                "HYRIV_ID": 41407848,
                "NEXT_DOWN": 41407878,
                "MAIN_RIV": 41408473,
                "LENGTH_KM": 4.79,
                "DIST_DN_KM": 26.0,
                "DIST_UP_KM": 9.4,
                "CATCH_SKM": 26.450001,
                "UPLAND_SKM": 26.4,
                "ENDORHEIC": 0,
                "DIS_AV_CMS": 0.44600001,
                "ORD_STRA": 1,
                "ORD_CLAS": 4,
                "ORD_FLOW": 7,
                "HYBAS_L12": 4121159370.0,
                "Shape_Length": 0.04318317096118149
            },
            "geometry": {
                "type": "LineString",
                "coordinates": [
                    [
                        81.44583333333296,
                        6.529166666666576
                    ],
                    [
                        81.43124999999961,
                        6.514583333333228
                    ],
                    [
                        81.43124999999961,
                        6.497916666666548
                    ],
                    [
                        81.42708333333294,
                        6.493749999999899
                    ]
                ]
            }
        },
        {
            "type": "Feature",
            "properties": {
                "HYRIV_ID": 41407877,
                "NEXT_DOWN": 41408032,
                "MAIN_RIV": 41408473,
                "LENGTH_KM": 12.46,
                "DIST_DN_KM": 24.700001,
                "DIST_UP_KM": 26.0,
                "CATCH_SKM": 35.400002,
                "UPLAND_SKM": 103.4,
                "ENDORHEIC": 0,
                "DIS_AV_CMS": 1.906,
                "ORD_STRA": 2,
                "ORD_CLAS": 2,
                "ORD_FLOW": 6,
                "HYBAS_L12": 4121159390.0,
                "Shape_Length": 0.11237734478521089
            },
            "geometry": {
                "type": "LineString",
                "coordinates": [
                    [
                        81.36458333333306,
                        6.560416666666562
                    ],
                    [
                        81.36874999999961,
                        6.556249999999899
                    ],
                    [
                        81.36874999999961,
                        6.54375
                    ],
                    [
                        81.37291666666627,
                        6.539583333333219
                    ],
                    [
                        81.37291666666627,
                        6.53125
                    ],
                    [
                        81.36874999999961,
                        6.527083333333245
                    ],
                    [
                        81.38541666666626,
                        6.510416666666565
                    ],
                    [
                        81.38958333333292,
                        6.510416666666565
                    ],
                    [
                        81.39374999999964,
                        6.50625
                    ],
                    [
                        81.39791666666625,
                        6.50625
                    ],
                    [
                        81.40624999999957,
                        6.497916666666548
                    ],
                    [
                        81.4104166666663,
                        6.497916666666548
                    ],
                    [
                        81.41458333333296,
                        6.493749999999899
                    ],
                    [
                        81.41458333333296,
                        6.489583333333236
                    ],
                    [
                        81.41874999999962,
                        6.485416666666573
                    ],
                    [
                        81.42291666666628,
                        6.485416666666573
                    ]
                ]
            }
        },
        {
            "type": "Feature",
            "properties": {
                "HYRIV_ID": 41407878,
                "NEXT_DOWN": 41408032,
                "MAIN_RIV": 41408473,
                "LENGTH_KM": 1.12,
                "DIST_DN_KM": 24.9,
                "DIST_UP_KM": 19.700001,
                "CATCH_SKM": 1.49,
                "UPLAND_SKM": 109.4,
                "ENDORHEIC": 0,
                "DIS_AV_CMS": 1.9,
                "ORD_STRA": 2,
                "ORD_CLAS": 3,
                "ORD_FLOW": 6,
                "HYBAS_L12": 4121159370.0,
                "Shape_Length": 0.010059223176545413
            },
            "geometry": {
                "type": "LineString",
                "coordinates": [
                    [
                        81.42708333333294,
                        6.493749999999899
                    ],
                    [
                        81.42708333333294,
                        6.489583333333236
                    ],
                    [
                        81.42291666666628,
                        6.485416666666573
                    ]
                ]
            }
        },
        {
            "type": "Feature",
            "properties": {
                "HYRIV_ID": 41407890,
                "NEXT_DOWN": 41407971,
                "MAIN_RIV": 41408473,
                "LENGTH_KM": 2.8900001,
                "DIST_DN_KM": 38.8,
                "DIST_UP_KM": 67.5,
                "CATCH_SKM": 6.4,
                "UPLAND_SKM": 598.40002,
                "ENDORHEIC": 0,
                "DIS_AV_CMS": 12.571,
                "ORD_STRA": 3,
                "ORD_CLAS": 1,
                "ORD_FLOW": 5,
                "HYBAS_L12": 4121159450.0,
                "Shape_Length": 0.02601100286295327
            },
            "geometry": {
                "type": "LineString",
                "coordinates": [
                    [
                        81.27708333333297,
                        6.502083333333211
                    ],
                    [
                        81.27708333333297,
                        6.497916666666548
                    ],
                    [
                        81.28124999999957,
                        6.493749999999899
                    ],
                    [
                        81.28124999999957,
                        6.489583333333236
                    ],
                    [
                        81.28958333333296,
                        6.48125
                    ]
                ]
            }
        },
        {
            "type": "Feature",
            "properties": {
                "HYRIV_ID": 41407891,
                "NEXT_DOWN": 41407971,
                "MAIN_RIV": 41408473,
                "LENGTH_KM": 2.56,
                "DIST_DN_KM": 38.599998,
                "DIST_UP_KM": 5.3,
                "CATCH_SKM": 11.52,
                "UPLAND_SKM": 11.5,
                "ENDORHEIC": 0,
                "DIS_AV_CMS": 0.223,
                "ORD_STRA": 1,
                "ORD_CLAS": 2,
                "ORD_FLOW": 7,
                "HYBAS_L12": 4121159450.0,
                "Shape_Length": 0.02306472460806813
            },
            "geometry": {
                "type": "LineString",
                "coordinates": [
                    [
                        81.2999999999997,
                        6.499999999999879
                    ],
                    [
                        81.29374999999962,
                        6.493749999999899
                    ],
                    [
                        81.29374999999962,
                        6.489583333333236
                    ],
                    [
                        81.28958333333296,
                        6.485416666666573
                    ],
                    [
                        81.28958333333296,
                        6.48125
                    ]
                ]
            }
        },
        {
            "type": "Feature",
            "properties": {
                "HYRIV_ID": 41407904,
                "NEXT_DOWN": 41407970,
                "MAIN_RIV": 41408473,
                "LENGTH_KM": 1.61,
                "DIST_DN_KM": 38.599998,
                "DIST_UP_KM": 4.5,
                "CATCH_SKM": 7.46,
                "UPLAND_SKM": 7.5,
                "ENDORHEIC": 0,
                "DIS_AV_CMS": 0.154,
                "ORD_STRA": 1,
                "ORD_CLAS": 3,
                "ORD_FLOW": 7,
                "HYBAS_L12": 4121159460.0,
                "Shape_Length": 0.014583333333291648
            },
            "geometry": {
                "type": "LineString",
                "coordinates": [
                    [
                        81.24583333333297,
                        6.477083333333219
                    ],
                    [
                        81.26041666666626,
                        6.477083333333219
                    ]
                ]
            }
        },
        {
            "type": "Feature",
            "properties": {
                "HYRIV_ID": 41407905,
                "NEXT_DOWN": 41407970,
                "MAIN_RIV": 41408473,
                "LENGTH_KM": 3.27,
                "DIST_DN_KM": 38.8,
                "DIST_UP_KM": 23.5,
                "CATCH_SKM": 10.45,
                "UPLAND_SKM": 100.9,
                "ENDORHEIC": 0,
                "DIS_AV_CMS": 2.171,
                "ORD_STRA": 2,
                "ORD_CLAS": 2,
                "ORD_FLOW": 6,
                "HYBAS_L12": 4121159460.0,
                "Shape_Length": 0.029462782549422733
            },
            "geometry": {
                "type": "LineString",
                "coordinates": [
                    [
                        81.23958333333294,
                        6.497916666666548
                    ],
                    [
                        81.26041666666626,
                        6.477083333333219
                    ]
                ]
            }
        },
        {
            "type": "Feature",
            "properties": {
                "HYRIV_ID": 41407970,
                "NEXT_DOWN": 41408052,
                "MAIN_RIV": 41408473,
                "LENGTH_KM": 2.4200001,
                "DIST_DN_KM": 36.200001,
                "DIST_UP_KM": 26.1,
                "CATCH_SKM": 5.7600002,
                "UPLAND_SKM": 114.1,
                "ENDORHEIC": 0,
                "DIS_AV_CMS": 2.4130001,
                "ORD_STRA": 2,
                "ORD_CLAS": 2,
                "ORD_FLOW": 6,
                "HYBAS_L12": 4121159460.0,
                "Shape_Length": 0.021844336196357284
            },
            "geometry": {
                "type": "LineString",
                "coordinates": [
                    [
                        81.26041666666626,
                        6.477083333333219
                    ],
                    [
                        81.27291666666625,
                        6.464583333333245
                    ],
                    [
                        81.27708333333297,
                        6.464583333333245
                    ]
                ]
            }
        },
        {
            "type": "Feature",
            "properties": {
                "HYRIV_ID": 41407971,
                "NEXT_DOWN": 41408052,
                "MAIN_RIV": 41408473,
                "LENGTH_KM": 2.4200001,
                "DIST_DN_KM": 36.400002,
                "DIST_UP_KM": 70.0,
                "CATCH_SKM": 4.9099998,
                "UPLAND_SKM": 614.79999,
                "ENDORHEIC": 0,
                "DIS_AV_CMS": 12.731,
                "ORD_STRA": 3,
                "ORD_CLAS": 1,
                "ORD_FLOW": 5,
                "HYBAS_L12": 4121159450.0,
                "Shape_Length": 0.02184433619632642
            },
            "geometry": {
                "type": "LineString",
                "coordinates": [
                    [
                        81.28958333333296,
                        6.48125
                    ],
                    [
                        81.28124999999957,
                        6.472916666666556
                    ],
                    [
                        81.28124999999957,
                        6.46875
                    ],
                    [
                        81.27708333333297,
                        6.464583333333245
                    ]
                ]
            }
        },
        {
            "type": "Feature",
            "properties": {
                "HYRIV_ID": 41408031,
                "NEXT_DOWN": 41408090,
                "MAIN_RIV": 41408473,
                "LENGTH_KM": 15.4,
                "DIST_DN_KM": 19.5,
                "DIST_UP_KM": 20.0,
                "CATCH_SKM": 51.189999,
                "UPLAND_SKM": 51.200001,
                "ENDORHEIC": 0,
                "DIS_AV_CMS": 0.90499997,
                "ORD_STRA": 1,
                "ORD_CLAS": 3,
                "ORD_FLOW": 7,
                "HYBAS_L12": 4121159470.0,
                "Shape_Length": 0.13889384907990066
            },
            "geometry": {
                "type": "LineString",
                "coordinates": [
                    [
                        81.33333333333294,
                        6.533333333333239
                    ],
                    [
                        81.34791666666635,
                        6.518749999999891
                    ],
                    [
                        81.34791666666635,
                        6.510416666666565
                    ],
                    [
                        81.35208333333301,
                        6.50625
                    ],
                    [
                        81.35624999999968,
                        6.50625
                    ],
                    [
                        81.3604166666664,
                        6.502083333333211
                    ],
                    [
                        81.3604166666664,
                        6.497916666666548
                    ],
                    [
                        81.36458333333306,
                        6.497916666666548
                    ],
                    [
                        81.38541666666626,
                        6.477083333333219
                    ],
                    [
                        81.38958333333292,
                        6.48125
                    ],
                    [
                        81.39374999999964,
                        6.48125
                    ],
                    [
                        81.39791666666625,
                        6.477083333333219
                    ],
                    [
                        81.40208333333297,
                        6.477083333333219
                    ],
                    [
                        81.41458333333296,
                        6.464583333333245
                    ],
                    [
                        81.41458333333296,
                        6.45625
                    ],
                    [
                        81.41874999999962,
                        6.452083333333228
                    ],
                    [
                        81.41874999999962,
                        6.447916666666565
                    ]
                ]
            }
        },
        {
            "type": "Feature",
            "properties": {
                "HYRIV_ID": 41408032,
                "NEXT_DOWN": 41408090,
                "MAIN_RIV": 41408473,
                "LENGTH_KM": 5.12,
                "DIST_DN_KM": 19.700001,
                "DIST_UP_KM": 30.9,
                "CATCH_SKM": 15.14,
                "UPLAND_SKM": 228.0,
                "ENDORHEIC": 0,
                "DIS_AV_CMS": 3.957,
                "ORD_STRA": 3,
                "ORD_CLAS": 2,
                "ORD_FLOW": 6,
                "HYBAS_L12": 4121159470.0,
                "Shape_Length": 0.04612944921611931
            },
            "geometry": {
                "type": "LineString",
                "coordinates": [
                    [
                        81.42291666666628,
                        6.485416666666573
                    ],
                    [
                        81.42708333333294,
                        6.48125
                    ],
                    [
                        81.42708333333294,
                        6.472916666666556
                    ],
                    [
                        81.43124999999961,
                        6.46875
                    ],
                    [
                        81.42708333333294,
                        6.464583333333245
                    ],
                    [
                        81.42708333333294,
                        6.460416666666582
                    ],
                    [
                        81.42291666666628,
                        6.45625
                    ],
                    [
                        81.42291666666628,
                        6.452083333333228
                    ],
                    [
                        81.41874999999962,
                        6.447916666666565
                    ]
                ]
            }
        },
        {
            "type": "Feature",
            "properties": {
                "HYRIV_ID": 41408052,
                "NEXT_DOWN": 41408108,
                "MAIN_RIV": 41408473,
                "LENGTH_KM": 2.51,
                "DIST_DN_KM": 33.700001,
                "DIST_UP_KM": 72.699997,
                "CATCH_SKM": 9.3800001,
                "UPLAND_SKM": 738.29999,
                "ENDORHEIC": 0,
                "DIS_AV_CMS": 15.092,
                "ORD_STRA": 3,
                "ORD_CLAS": 1,
                "ORD_FLOW": 5,
                "HYBAS_L12": 4121159500.0,
                "Shape_Length": 0.022559223176509786
            },
            "geometry": {
                "type": "LineString",
                "coordinates": [
                    [
                        81.27708333333297,
                        6.464583333333245
                    ],
                    [
                        81.27708333333297,
                        6.45625
                    ],
                    [
                        81.28124999999957,
                        6.452083333333228
                    ],
                    [
                        81.28124999999957,
                        6.44375
                    ]
                ]
            }
        },
        {
            "type": "Feature",
            "properties": {
                "HYRIV_ID": 41408087,
                "NEXT_DOWN": 41408088,
                "MAIN_RIV": 41408473,
                "LENGTH_KM": 1.4400001,
                "DIST_DN_KM": 36.700001,
                "DIST_UP_KM": 4.5,
                "CATCH_SKM": 6.6100001,
                "UPLAND_SKM": 6.6,
                "ENDORHEIC": 0,
                "DIS_AV_CMS": 0.134,
                "ORD_STRA": 1,
                "ORD_CLAS": 2,
                "ORD_FLOW": 7,
                "HYBAS_L12": 4121159500.0,
                "Shape_Length": 0.013005501431499169
            },
            "geometry": {
                "type": "LineString",
                "coordinates": [
                    [
                        81.2541666666663,
                        6.445833333333233
                    ],
                    [
                        81.26041666666626,
                        6.439583333333253
                    ],
                    [
                        81.26041666666626,
                        6.435416666666548
                    ]
                ]
            }
        },
        {
            "type": "Feature",
            "properties": {
                "HYRIV_ID": 41408088,
                "NEXT_DOWN": 41408108,
                "MAIN_RIV": 41408473,
                "LENGTH_KM": 2.96,
                "DIST_DN_KM": 33.700001,
                "DIST_UP_KM": 7.4,
                "CATCH_SKM": 5.33,
                "UPLAND_SKM": 20.700001,
                "ENDORHEIC": 0,
                "DIS_AV_CMS": 0.408,
                "ORD_STRA": 2,
                "ORD_CLAS": 2,
                "ORD_FLOW": 7,
                "HYBAS_L12": 4121159500.0,
                "Shape_Length": 0.026725889843229506
            },
            "geometry": {
                "type": "LineString",
                "coordinates": [
                    [
                        81.26041666666626,
                        6.435416666666548
                    ],
                    [
                        81.27708333333297,
                        6.435416666666548
                    ],
                    [
                        81.28124999999957,
                        6.439583333333253
                    ],
                    [
                        81.28124999999957,
                        6.44375
                    ]
                ]
            }
        },
        {
            "type": "Feature",
            "properties": {
                "HYRIV_ID": 41408089,
                "NEXT_DOWN": 41408193,
                "MAIN_RIV": 41408473,
                "LENGTH_KM": 4.3200002,
                "DIST_DN_KM": 18.0,
                "DIST_UP_KM": 7.3,
                "CATCH_SKM": 15.36,
                "UPLAND_SKM": 15.4,
                "ENDORHEIC": 0,
                "DIS_AV_CMS": 0.265,
                "ORD_STRA": 1,
                "ORD_CLAS": 3,
                "ORD_FLOW": 7,
                "HYBAS_L12": 4121159470.0,
                "Shape_Length": 0.03901650429452034
            },
            "geometry": {
                "type": "LineString",
                "coordinates": [
                    [
                        81.38333333333296,
                        6.45833333333325
                    ],
                    [
                        81.38958333333292,
                        6.452083333333228
                    ],
                    [
                        81.38958333333292,
                        6.447916666666565
                    ],
                    [
                        81.39791666666625,
                        6.447916666666565
                    ],
                    [
                        81.4104166666663,
                        6.435416666666548
                    ]
                ]
            }
        },
        {
            "type": "Feature",
            "properties": {
                "HYRIV_ID": 41408090,
                "NEXT_DOWN": 41408193,
                "MAIN_RIV": 41408473,
                "LENGTH_KM": 1.77,
                "DIST_DN_KM": 18.0,
                "DIST_UP_KM": 32.700001,
                "CATCH_SKM": 7.6799998,
                "UPLAND_SKM": 286.79999,
                "ENDORHEIC": 0,
                "DIS_AV_CMS": 4.947,
                "ORD_STRA": 3,
                "ORD_CLAS": 2,
                "ORD_FLOW": 6,
                "HYBAS_L12": 4121159470.0,
                "Shape_Length": 0.015951779686448047
            },
            "geometry": {
                "type": "LineString",
                "coordinates": [
                    [
                        81.41874999999962,
                        6.447916666666565
                    ],
                    [
                        81.41874999999962,
                        6.44375
                    ],
                    [
                        81.4104166666663,
                        6.435416666666548
                    ]
                ]
            }
        },
        {
            "type": "Feature",
            "properties": {
                "HYRIV_ID": 41408107,
                "NEXT_DOWN": 41408088,
                "MAIN_RIV": 41408473,
                "LENGTH_KM": 0.98,
                "DIST_DN_KM": 36.900002,
                "DIST_UP_KM": 3.8,
                "CATCH_SKM": 8.75,
                "UPLAND_SKM": 8.7,
                "ENDORHEIC": 0,
                "DIS_AV_CMS": 0.175,
                "ORD_STRA": 1,
                "ORD_CLAS": 3,
                "ORD_FLOW": 7,
                "HYBAS_L12": 4121159500.0,
                "Shape_Length": 0.00883883476479366
            },
            "geometry": {
                "type": "LineString",
                "coordinates": [
                    [
                        81.2541666666663,
                        6.429166666666568
                    ],
                    [
                        81.26041666666626,
                        6.435416666666548
                    ]
                ]
            }
        },
        {
            "type": "Feature",
            "properties": {
                "HYRIV_ID": 41408108,
                "NEXT_DOWN": 41408192,
                "MAIN_RIV": 41408473,
                "LENGTH_KM": 1.77,
                "DIST_DN_KM": 32.099998,
                "DIST_UP_KM": 74.199997,
                "CATCH_SKM": 3.2,
                "UPLAND_SKM": 762.20001,
                "ENDORHEIC": 0,
                "DIS_AV_CMS": 15.416,
                "ORD_STRA": 3,
                "ORD_CLAS": 1,
                "ORD_FLOW": 5,
                "HYBAS_L12": 4121159500.0,
                "Shape_Length": 0.015951779686500727
            },
            "geometry": {
                "type": "LineString",
                "coordinates": [
                    [
                        81.28124999999957,
                        6.44375
                    ],
                    [
                        81.2854166666663,
                        6.439583333333253
                    ],
                    [
                        81.2854166666663,
                        6.435416666666548
                    ],
                    [
                        81.28958333333296,
                        6.431249999999885
                    ]
                ]
            }
        },
        {
            "type": "Feature",
            "properties": {
                "HYRIV_ID": 41408128,
                "NEXT_DOWN": 41408192,
                "MAIN_RIV": 41408473,
                "LENGTH_KM": 2.27,
                "DIST_DN_KM": 32.099998,
                "DIST_UP_KM": 5.5,
                "CATCH_SKM": 11.09,
                "UPLAND_SKM": 11.1,
                "ENDORHEIC": 0,
                "DIS_AV_CMS": 0.213,
                "ORD_STRA": 1,
                "ORD_CLAS": 2,
                "ORD_FLOW": 7,
                "HYBAS_L12": 4121159500.0,
                "Shape_Length": 0.020475889843164136
            },
            "geometry": {
                "type": "LineString",
                "coordinates": [
                    [
                        81.270833333333,
                        6.427083333333236
                    ],
                    [
                        81.2854166666663,
                        6.427083333333236
                    ],
                    [
                        81.28958333333296,
                        6.431249999999885
                    ]
                ]
            }
        },
        {
            "type": "Feature",
            "properties": {
                "HYRIV_ID": 41408192,
                "NEXT_DOWN": 41408222,
                "MAIN_RIV": 41408473,
                "LENGTH_KM": 5.5700002,
                "DIST_DN_KM": 26.4,
                "DIST_UP_KM": 80.0,
                "CATCH_SKM": 22.82,
                "UPLAND_SKM": 796.09998,
                "ENDORHEIC": 0,
                "DIS_AV_CMS": 15.559,
                "ORD_STRA": 3,
                "ORD_CLAS": 1,
                "ORD_FLOW": 5,
                "HYBAS_L12": 4121159500.0,
                "Shape_Length": 0.05029611588272291
            },
            "geometry": {
                "type": "LineString",
                "coordinates": [
                    [
                        81.28958333333296,
                        6.431249999999885
                    ],
                    [
                        81.29374999999962,
                        6.427083333333236
                    ],
                    [
                        81.29791666666628,
                        6.431249999999885
                    ],
                    [
                        81.30208333333294,
                        6.427083333333236
                    ],
                    [
                        81.30624999999961,
                        6.427083333333236
                    ],
                    [
                        81.31041666666633,
                        6.422916666666573
                    ],
                    [
                        81.32291666666632,
                        6.422916666666573
                    ],
                    [
                        81.32708333333298,
                        6.41875
                    ],
                    [
                        81.32708333333298,
                        6.414583333333262
                    ]
                ]
            }
        },
        {
            "type": "Feature",
            "properties": {
                "HYRIV_ID": 41408193,
                "NEXT_DOWN": 41408243,
                "MAIN_RIV": 41408473,
                "LENGTH_KM": 5.8400002,
                "DIST_DN_KM": 11.9,
                "DIST_UP_KM": 38.700001,
                "CATCH_SKM": 18.129999,
                "UPLAND_SKM": 320.29999,
                "ENDORHEIC": 0,
                "DIS_AV_CMS": 5.3379998,
                "ORD_STRA": 3,
                "ORD_CLAS": 2,
                "ORD_FLOW": 6,
                "HYBAS_L12": 4121159470.0,
                "Shape_Length": 0.05273689270618622
            },
            "geometry": {
                "type": "LineString",
                "coordinates": [
                    [
                        81.4104166666663,
                        6.435416666666548
                    ],
                    [
                        81.4104166666663,
                        6.431249999999885
                    ],
                    [
                        81.41458333333296,
                        6.427083333333236
                    ],
                    [
                        81.41458333333296,
                        6.422916666666573
                    ],
                    [
                        81.41874999999962,
                        6.41875
                    ],
                    [
                        81.42291666666628,
                        6.41875
                    ],
                    [
                        81.42708333333294,
                        6.422916666666573
                    ],
                    [
                        81.43541666666627,
                        6.422916666666573
                    ],
                    [
                        81.43958333333299,
                        6.41875
                    ],
                    [
                        81.43958333333299,
                        6.414583333333262
                    ],
                    [
                        81.44374999999965,
                        6.414583333333262
                    ]
                ]
            }
        },
        {
            "type": "Feature",
            "properties": {
                "HYRIV_ID": 41408222,
                "NEXT_DOWN": 41408266,
                "MAIN_RIV": 41408473,
                "LENGTH_KM": 0.65,
                "DIST_DN_KM": 25.9,
                "DIST_UP_KM": 80.5,
                "CATCH_SKM": 0.64,
                "UPLAND_SKM": 804.40002,
                "ENDORHEIC": 0,
                "DIS_AV_CMS": 15.662,
                "ORD_STRA": 3,
                "ORD_CLAS": 1,
                "ORD_FLOW": 5,
                "HYBAS_L12": 4121159500.0,
                "Shape_Length": 0.005892556509912683
            },
            "geometry": {
                "type": "LineString",
                "coordinates": [
                    [
                        81.32708333333298,
                        6.414583333333262
                    ],
                    [
                        81.33124999999964,
                        6.410416666666556
                    ]
                ]
            }
        },
        {
            "type": "Feature",
            "properties": {
                "HYRIV_ID": 41408242,
                "NEXT_DOWN": 41408222,
                "MAIN_RIV": 41408473,
                "LENGTH_KM": 2.27,
                "DIST_DN_KM": 26.4,
                "DIST_UP_KM": 6.6,
                "CATCH_SKM": 7.6799998,
                "UPLAND_SKM": 7.7,
                "ENDORHEIC": 0,
                "DIS_AV_CMS": 0.142,
                "ORD_STRA": 1,
                "ORD_CLAS": 2,
                "ORD_FLOW": 7,
                "HYBAS_L12": 4121159500.0,
                "Shape_Length": 0.020475889843330503
            },
            "geometry": {
                "type": "LineString",
                "coordinates": [
                    [
                        81.31249999999957,
                        6.406249999999893
                    ],
                    [
                        81.32291666666632,
                        6.406249999999893
                    ],
                    [
                        81.32708333333298,
                        6.410416666666556
                    ],
                    [
                        81.32708333333298,
                        6.414583333333262
                    ]
                ]
            }
        },
        {
            "type": "Feature",
            "properties": {
                "HYRIV_ID": 41408243,
                "NEXT_DOWN": 41408269,
                "MAIN_RIV": 41408473,
                "LENGTH_KM": 2.23,
                "DIST_DN_KM": 9.9,
                "DIST_UP_KM": 96.5,
                "CATCH_SKM": 5.33,
                "UPLAND_SKM": 1266.6,
                "ENDORHEIC": 0,
                "DIS_AV_CMS": 21.674,
                "ORD_STRA": 4,
                "ORD_CLAS": 1,
                "ORD_FLOW": 5,
                "HYBAS_L12": 4120050020.0,
                "Shape_Length": 0.02011844635312097
            },
            "geometry": {
                "type": "LineString",
                "coordinates": [
                    [
                        81.44374999999965,
                        6.414583333333262
                    ],
                    [
                        81.44791666666632,
                        6.414583333333262
                    ],
                    [
                        81.45208333333298,
                        6.410416666666556
                    ],
                    [
                        81.45624999999964,
                        6.410416666666556
                    ],
                    [
                        81.4604166666663,
                        6.406249999999893
                    ]
                ]
            }
        },
        {
            "type": "Feature",
            "properties": {
                "HYRIV_ID": 41408244,
                "NEXT_DOWN": 41408269,
                "MAIN_RIV": 41408473,
                "LENGTH_KM": 6.3600001,
                "DIST_DN_KM": 9.7,
                "DIST_UP_KM": 10.7,
                "CATCH_SKM": 20.049999,
                "UPLAND_SKM": 20.1,
                "ENDORHEIC": 0,
                "DIS_AV_CMS": 0.315,
                "ORD_STRA": 1,
                "ORD_CLAS": 2,
                "ORD_FLOW": 7,
                "HYBAS_L12": 4120050020.0,
                "Shape_Length": 0.057261002863104704
            },
            "geometry": {
                "type": "LineString",
                "coordinates": [
                    [
                        81.46458333333297,
                        6.45833333333325
                    ],
                    [
                        81.46458333333297,
                        6.447916666666565
                    ],
                    [
                        81.46874999999969,
                        6.44375
                    ],
                    [
                        81.46458333333297,
                        6.439583333333253
                    ],
                    [
                        81.46458333333297,
                        6.41875
                    ],
                    [
                        81.4604166666663,
                        6.414583333333262
                    ],
                    [
                        81.4604166666663,
                        6.406249999999893
                    ]
                ]
            }
        },
        {
            "type": "Feature",
            "properties": {
                "HYRIV_ID": 41408266,
                "NEXT_DOWN": 41408267,
                "MAIN_RIV": 41408473,
                "LENGTH_KM": 6.37,
                "DIST_DN_KM": 19.5,
                "DIST_UP_KM": 86.800003,
                "CATCH_SKM": 14.72,
                "UPLAND_SKM": 830.0,
                "ENDORHEIC": 0,
                "DIS_AV_CMS": 15.447,
                "ORD_STRA": 3,
                "ORD_CLAS": 1,
                "ORD_FLOW": 5,
                "HYBAS_L12": 4121159500.0,
                "Shape_Length": 0.05761844635304667
            },
            "geometry": {
                "type": "LineString",
                "coordinates": [
                    [
                        81.33124999999964,
                        6.410416666666556
                    ],
                    [
                        81.37708333333293,
                        6.410416666666556
                    ],
                    [
                        81.38541666666626,
                        6.402083333333245
                    ]
                ]
            }
        },
        {
            "type": "Feature",
            "properties": {
                "HYRIV_ID": 41408267,
                "NEXT_DOWN": 41408289,
                "MAIN_RIV": 41408473,
                "LENGTH_KM": 1.38,
                "DIST_DN_KM": 18.0,
                "DIST_UP_KM": 88.400002,
                "CATCH_SKM": 2.35,
                "UPLAND_SKM": 852.0,
                "ENDORHEIC": 0,
                "DIS_AV_CMS": 15.665,
                "ORD_STRA": 3,
                "ORD_CLAS": 1,
                "ORD_FLOW": 5,
                "HYBAS_L12": 4121159500.0,
                "Shape_Length": 0.012499999999988631
            },
            "geometry": {
                "type": "LineString",
                "coordinates": [
                    [
                        81.38541666666626,
                        6.402083333333245
                    ],
                    [
                        81.39791666666625,
                        6.402083333333245
                    ]
                ]
            }
        },
        {
            "type": "Feature",
            "properties": {
                "HYRIV_ID": 41408268,
                "NEXT_DOWN": 41408289,
                "MAIN_RIV": 41408473,
                "LENGTH_KM": 14.73,
                "DIST_DN_KM": 18.0,
                "DIST_UP_KM": 17.700001,
                "CATCH_SKM": 53.75,
                "UPLAND_SKM": 53.8,
                "ENDORHEIC": 0,
                "DIS_AV_CMS": 0.931,
                "ORD_STRA": 1,
                "ORD_CLAS": 2,
                "ORD_FLOW": 7,
                "HYBAS_L12": 4121159500.0,
                "Shape_Length": 0.13285323462851367
            },
            "geometry": {
                "type": "LineString",
                "coordinates": [
                    [
                        81.32916666666628,
                        6.472916666666556
                    ],
                    [
                        81.33541666666636,
                        6.472916666666556
                    ],
                    [
                        81.33958333333302,
                        6.46875
                    ],
                    [
                        81.33958333333302,
                        6.464583333333245
                    ],
                    [
                        81.33541666666636,
                        6.460416666666582
                    ],
                    [
                        81.33541666666636,
                        6.45625
                    ],
                    [
                        81.33958333333302,
                        6.452083333333228
                    ],
                    [
                        81.33958333333302,
                        6.435416666666548
                    ],
                    [
                        81.35208333333301,
                        6.422916666666573
                    ],
                    [
                        81.35624999999968,
                        6.427083333333236
                    ],
                    [
                        81.3604166666664,
                        6.422916666666573
                    ],
                    [
                        81.36458333333306,
                        6.422916666666573
                    ],
                    [
                        81.36874999999961,
                        6.427083333333236
                    ],
                    [
                        81.37708333333293,
                        6.427083333333236
                    ],
                    [
                        81.38958333333292,
                        6.414583333333262
                    ],
                    [
                        81.39374999999964,
                        6.414583333333262
                    ],
                    [
                        81.39791666666625,
                        6.410416666666556
                    ],
                    [
                        81.39791666666625,
                        6.402083333333245
                    ]
                ]
            }
        },
        {
            "type": "Feature",
            "properties": {
                "HYRIV_ID": 41408269,
                "NEXT_DOWN": 41408291,
                "MAIN_RIV": 41408473,
                "LENGTH_KM": 2.03,
                "DIST_DN_KM": 7.7,
                "DIST_UP_KM": 98.699997,
                "CATCH_SKM": 4.48,
                "UPLAND_SKM": 1291.1,
                "ENDORHEIC": 0,
                "DIS_AV_CMS": 21.757999,
                "ORD_STRA": 4,
                "ORD_CLAS": 1,
                "ORD_FLOW": 5,
                "HYBAS_L12": 4120050020.0,
                "Shape_Length": 0.018392556509917963
            },
            "geometry": {
                "type": "LineString",
                "coordinates": [
                    [
                        81.4604166666663,
                        6.406249999999893
                    ],
                    [
                        81.46458333333297,
                        6.402083333333245
                    ],
                    [
                        81.47708333333301,
                        6.402083333333245
                    ]
                ]
            }
        },
        {
            "type": "Feature",
            "properties": {
                "HYRIV_ID": 41408270,
                "NEXT_DOWN": 41408291,
                "MAIN_RIV": 41408473,
                "LENGTH_KM": 15.66,
                "DIST_DN_KM": 7.9,
                "DIST_UP_KM": 19.0,
                "CATCH_SKM": 40.310001,
                "UPLAND_SKM": 40.3,
                "ENDORHEIC": 0,
                "DIS_AV_CMS": 0.61799997,
                "ORD_STRA": 1,
                "ORD_CLAS": 2,
                "ORD_FLOW": 7,
                "HYBAS_L12": 4120050020.0,
                "Shape_Length": 0.14103851002053114
            },
            "geometry": {
                "type": "LineString",
                "coordinates": [
                    [
                        81.4749999999996,
                        6.525
                    ],
                    [
                        81.48124999999968,
                        6.518749999999891
                    ],
                    [
                        81.48124999999968,
                        6.514583333333228
                    ],
                    [
                        81.48541666666634,
                        6.510416666666565
                    ],
                    [
                        81.48541666666634,
                        6.497916666666548
                    ],
                    [
                        81.47708333333301,
                        6.489583333333236
                    ],
                    [
                        81.47708333333301,
                        6.464583333333245
                    ],
                    [
                        81.48124999999968,
                        6.460416666666582
                    ],
                    [
                        81.48124999999968,
                        6.45625
                    ],
                    [
                        81.47708333333301,
                        6.452083333333228
                    ],
                    [
                        81.47708333333301,
                        6.431249999999885
                    ],
                    [
                        81.48124999999968,
                        6.427083333333236
                    ],
                    [
                        81.48124999999968,
                        6.41875
                    ],
                    [
                        81.47708333333301,
                        6.414583333333262
                    ],
                    [
                        81.47708333333301,
                        6.410416666666556
                    ],
                    [
                        81.48124999999968,
                        6.406249999999893
                    ],
                    [
                        81.47708333333301,
                        6.402083333333245
                    ]
                ]
            }
        },
        {
            "type": "Feature",
            "properties": {
                "HYRIV_ID": 41408288,
                "NEXT_DOWN": 41408266,
                "MAIN_RIV": 41408473,
                "LENGTH_KM": 2.29,
                "DIST_DN_KM": 25.9,
                "DIST_UP_KM": 5.3,
                "CATCH_SKM": 10.88,
                "UPLAND_SKM": 10.9,
                "ENDORHEIC": 0,
                "DIS_AV_CMS": 0.199,
                "ORD_STRA": 1,
                "ORD_CLAS": 2,
                "ORD_FLOW": 7,
                "HYBAS_L12": 4121159500.0,
                "Shape_Length": 0.020623947784629074
            },
            "geometry": {
                "type": "LineString",
                "coordinates": [
                    [
                        81.3166666666663,
                        6.395833333333208
                    ],
                    [
                        81.33124999999964,
                        6.410416666666556
                    ]
                ]
            }
        },
        {
            "type": "Feature",
            "properties": {
                "HYRIV_ID": 41408289,
                "NEXT_DOWN": 41408290,
                "MAIN_RIV": 41408473,
                "LENGTH_KM": 1.5700001,
                "DIST_DN_KM": 16.4,
                "DIST_UP_KM": 90.0,
                "CATCH_SKM": 3.6300001,
                "UPLAND_SKM": 909.40002,
                "ENDORHEIC": 0,
                "DIS_AV_CMS": 16.488001,
                "ORD_STRA": 3,
                "ORD_CLAS": 1,
                "ORD_FLOW": 5,
                "HYBAS_L12": 4121159500.0,
                "Shape_Length": 0.014225889843278631
            },
            "geometry": {
                "type": "LineString",
                "coordinates": [
                    [
                        81.39791666666625,
                        6.402083333333245
                    ],
                    [
                        81.40208333333297,
                        6.397916666666539
                    ],
                    [
                        81.4104166666663,
                        6.397916666666539
                    ]
                ]
            }
        },
        {
            "type": "Feature",
            "properties": {
                "HYRIV_ID": 41408290,
                "NEXT_DOWN": 41408243,
                "MAIN_RIV": 41408473,
                "LENGTH_KM": 4.4499998,
                "DIST_DN_KM": 12.1,
                "DIST_UP_KM": 94.199997,
                "CATCH_SKM": 14.51,
                "UPLAND_SKM": 940.90002,
                "ENDORHEIC": 0,
                "DIS_AV_CMS": 16.547001,
                "ORD_STRA": 3,
                "ORD_CLAS": 1,
                "ORD_FLOW": 5,
                "HYBAS_L12": 4121159500.0,
                "Shape_Length": 0.04023689270627209
            },
            "geometry": {
                "type": "LineString",
                "coordinates": [
                    [
                        81.4104166666663,
                        6.397916666666539
                    ],
                    [
                        81.41458333333296,
                        6.397916666666539
                    ],
                    [
                        81.41874999999962,
                        6.402083333333245
                    ],
                    [
                        81.43124999999961,
                        6.402083333333245
                    ],
                    [
                        81.44374999999965,
                        6.414583333333262
                    ]
                ]
            }
        },
        {
            "type": "Feature",
            "properties": {
                "HYRIV_ID": 41408291,
                "NEXT_DOWN": 41408455,
                "MAIN_RIV": 41408473,
                "LENGTH_KM": 0.65,
                "DIST_DN_KM": 7.2,
                "DIST_UP_KM": 99.199997,
                "CATCH_SKM": 0.43,
                "UPLAND_SKM": 1331.9,
                "ENDORHEIC": 0,
                "DIS_AV_CMS": 22.305,
                "ORD_STRA": 4,
                "ORD_CLAS": 1,
                "ORD_FLOW": 5,
                "HYBAS_L12": 4120050020.0,
                "Shape_Length": 0.005892556509912683
            },
            "geometry": {
                "type": "LineString",
                "coordinates": [
                    [
                        81.47708333333301,
                        6.402083333333245
                    ],
                    [
                        81.48124999999968,
                        6.397916666666539
                    ]
                ]
            }
        },
        {
            "type": "Feature",
            "properties": {
                "HYRIV_ID": 41408315,
                "NEXT_DOWN": 41408455,
                "MAIN_RIV": 41408473,
                "LENGTH_KM": 1.4400001,
                "DIST_DN_KM": 7.0,
                "DIST_UP_KM": 5.1,
                "CATCH_SKM": 7.6799998,
                "UPLAND_SKM": 7.7,
                "ENDORHEIC": 0,
                "DIS_AV_CMS": 0.119,
                "ORD_STRA": 1,
                "ORD_CLAS": 2,
                "ORD_FLOW": 7,
                "HYBAS_L12": 4120050020.0,
                "Shape_Length": 0.013005501431536925
            },
            "geometry": {
                "type": "LineString",
                "coordinates": [
                    [
                        81.47083333333293,
                        6.391666666666559
                    ],
                    [
                        81.47708333333301,
                        6.397916666666539
                    ],
                    [
                        81.48124999999968,
                        6.397916666666539
                    ]
                ]
            }
        },
        {
            "type": "Feature",
            "properties": {
                "HYRIV_ID": 41408316,
                "NEXT_DOWN": 41408456,
                "MAIN_RIV": 41408473,
                "LENGTH_KM": 5.4499998,
                "DIST_DN_KM": 4.8,
                "DIST_UP_KM": 8.5,
                "CATCH_SKM": 26.24,
                "UPLAND_SKM": 26.200001,
                "ENDORHEIC": 0,
                "DIS_AV_CMS": 0.36700001,
                "ORD_STRA": 1,
                "ORD_CLAS": 2,
                "ORD_FLOW": 7,
                "HYBAS_L12": 4120050020.0,
                "Shape_Length": 0.04907572747108068
            },
            "geometry": {
                "type": "LineString",
                "coordinates": [
                    [
                        81.51249999999962,
                        6.433333333333216
                    ],
                    [
                        81.5062499999996,
                        6.427083333333236
                    ],
                    [
                        81.5062499999996,
                        6.41875
                    ],
                    [
                        81.51041666666626,
                        6.414583333333262
                    ],
                    [
                        81.51041666666626,
                        6.410416666666556
                    ],
                    [
                        81.51874999999976,
                        6.402083333333245
                    ],
                    [
                        81.51874999999976,
                        6.397916666666539
                    ],
                    [
                        81.52291666666625,
                        6.393749999999876
                    ]
                ]
            }
        },
        {
            "type": "Feature",
            "properties": {
                "HYRIV_ID": 41408317,
                "NEXT_DOWN": 41408456,
                "MAIN_RIV": 41408473,
                "LENGTH_KM": 0.69,
                "DIST_DN_KM": 4.6,
                "DIST_UP_KM": 5.1,
                "CATCH_SKM": 7.89,
                "UPLAND_SKM": 7.9,
                "ENDORHEIC": 0,
                "DIS_AV_CMS": 0.11,
                "ORD_STRA": 1,
                "ORD_CLAS": 3,
                "ORD_FLOW": 7,
                "HYBAS_L12": 4120050020.0,
                "Shape_Length": 0.006250000000036948
            },
            "geometry": {
                "type": "LineString",
                "coordinates": [
                    [
                        81.52291666666625,
                        6.4
                    ],
                    [
                        81.52291666666625,
                        6.393749999999876
                    ]
                ]
            }
        },
        {
            "type": "Feature",
            "properties": {
                "HYRIV_ID": 41408359,
                "NEXT_DOWN": 41408290,
                "MAIN_RIV": 41408473,
                "LENGTH_KM": 2.56,
                "DIST_DN_KM": 16.4,
                "DIST_UP_KM": 6.2,
                "CATCH_SKM": 17.07,
                "UPLAND_SKM": 17.1,
                "ENDORHEIC": 0,
                "DIS_AV_CMS": 0.281,
                "ORD_STRA": 1,
                "ORD_CLAS": 2,
                "ORD_FLOW": 7,
                "HYBAS_L12": 4121159500.0,
                "Shape_Length": 0.02306472460800195
            },
            "geometry": {
                "type": "LineString",
                "coordinates": [
                    [
                        81.39999999999966,
                        6.379166666666571
                    ],
                    [
                        81.40624999999957,
                        6.385416666666565
                    ],
                    [
                        81.40624999999957,
                        6.389583333333228
                    ],
                    [
                        81.4104166666663,
                        6.393749999999876
                    ],
                    [
                        81.4104166666663,
                        6.397916666666539
                    ]
                ]
            }
        },
        {
            "type": "Feature",
            "properties": {
                "HYRIV_ID": 41408387,
                "NEXT_DOWN": 41408267,
                "MAIN_RIV": 41408473,
                "LENGTH_KM": 6.0900002,
                "DIST_DN_KM": 19.5,
                "DIST_UP_KM": 8.9,
                "CATCH_SKM": 19.629999,
                "UPLAND_SKM": 19.6,
                "ENDORHEIC": 0,
                "DIS_AV_CMS": 0.338,
                "ORD_STRA": 1,
                "ORD_CLAS": 2,
                "ORD_FLOW": 7,
                "HYBAS_L12": 4121159500.0,
                "Shape_Length": 0.05496828398088484
            },
            "geometry": {
                "type": "LineString",
                "coordinates": [
                    [
                        81.34166666666627,
                        6.375
                    ],
                    [
                        81.34791666666635,
                        6.38125
                    ],
                    [
                        81.35208333333301,
                        6.38125
                    ],
                    [
                        81.3604166666664,
                        6.389583333333228
                    ],
                    [
                        81.36874999999961,
                        6.389583333333228
                    ],
                    [
                        81.37708333333293,
                        6.397916666666539
                    ],
                    [
                        81.3812499999996,
                        6.397916666666539
                    ],
                    [
                        81.38541666666626,
                        6.402083333333245
                    ]
                ]
            }
        },
        {
            "type": "Feature",
            "properties": {
                "HYRIV_ID": 41408455,
                "NEXT_DOWN": 41408473,
                "MAIN_RIV": 41408473,
                "LENGTH_KM": 6.23,
                "DIST_DN_KM": 0.8,
                "DIST_UP_KM": 105.6,
                "CATCH_SKM": 18.129999,
                "UPLAND_SKM": 1357.7,
                "ENDORHEIC": 0,
                "DIS_AV_CMS": 20.787001,
                "ORD_STRA": 4,
                "ORD_CLAS": 1,
                "ORD_FLOW": 5,
                "HYBAS_L12": 4120050020.0,
                "Shape_Length": 0.05618867239265254
            },
            "geometry": {
                "type": "LineString",
                "coordinates": [
                    [
                        81.48124999999968,
                        6.397916666666539
                    ],
                    [
                        81.49374999999972,
                        6.385416666666565
                    ],
                    [
                        81.5062499999996,
                        6.385416666666565
                    ],
                    [
                        81.51874999999976,
                        6.372916666666548
                    ],
                    [
                        81.51874999999976,
                        6.364583333333236
                    ]
                ]
            }
        },
        {
            "type": "Feature",
            "properties": {
                "HYRIV_ID": 41408456,
                "NEXT_DOWN": 41408473,
                "MAIN_RIV": 41408473,
                "LENGTH_KM": 3.81,
                "DIST_DN_KM": 1.0,
                "DIST_UP_KM": 12.3,
                "CATCH_SKM": 10.03,
                "UPLAND_SKM": 44.200001,
                "ENDORHEIC": 0,
                "DIS_AV_CMS": 0.584,
                "ORD_STRA": 2,
                "ORD_CLAS": 2,
                "ORD_FLOW": 7,
                "HYBAS_L12": 4120050020.0,
                "Shape_Length": 0.034344336196263085
            },
            "geometry": {
                "type": "LineString",
                "coordinates": [
                    [
                        81.52291666666625,
                        6.393749999999876
                    ],
                    [
                        81.52291666666625,
                        6.385416666666565
                    ],
                    [
                        81.52708333333297,
                        6.38125
                    ],
                    [
                        81.52708333333297,
                        6.372916666666548
                    ],
                    [
                        81.51874999999976,
                        6.364583333333236
                    ]
                ]
            }
        },
        {
            "type": "Feature",
            "properties": {
                "HYRIV_ID": 41408473,
                "NEXT_DOWN": 0,
                "MAIN_RIV": 41408473,
                "LENGTH_KM": 0.65,
                "DIST_DN_KM": 0.0,
                "DIST_UP_KM": 106.0,
                "CATCH_SKM": 0.43,
                "UPLAND_SKM": 1402.0,
                "ENDORHEIC": 0,
                "DIS_AV_CMS": 21.113001,
                "ORD_STRA": 4,
                "ORD_CLAS": 1,
                "ORD_FLOW": 5,
                "HYBAS_L12": 4120050020.0,
                "Shape_Length": 0.005892556509761953
            },
            "geometry": {
                "type": "LineString",
                "coordinates": [
                    [
                        81.51874999999976,
                        6.364583333333236
                    ],
                    [
                        81.52291666666625,
                        6.360416666666573
                    ]
                ]
            }
        }
    ]
}