{
    "type": "FeatureCollection",
    "features": [
        {
            "type": "Feature",
            "properties": {
                "HYRIV_ID": 41401864,
                "NEXT_DOWN": 41401911,
                "MAIN_RIV": 41402045,
                "LENGTH_KM": 3.3,
                "DIST_DN_KM": 30.4,
                "DIST_UP_KM": 5.8,
                "CATCH_SKM": 8.9300003,
                "UPLAND_SKM": 8.9,
                "ENDORHEIC": 0,
                "DIS_AV_CMS": 0.191,
                "ORD_STRA": 1,
                "ORD_CLAS": 2,
                "ORD_FLOW": 7,
                "HYBAS_L12": 4121157080.0,
                "Shape_Length": 0.02982022603944996
            },
            "geometry": {
                "type": "LineString",
                "coordinates": [
                    [
                        81.3604166666664,
                        7.974999999999874
                    ],
                    [
                        81.3604166666664,
                        7.968749999999893
                    ],
                    [
                        81.37708333333293,
                        7.952083333333213
                    ]
                ]
            }
        },
        {
            "type": "Feature",
            "properties": {
                "HYRIV_ID": 41401906,
                "NEXT_DOWN": 41401957,
                "MAIN_RIV": 41402045,
                "LENGTH_KM": 1.81,
                "DIST_DN_KM": 41.8,
                "DIST_UP_KM": 5.6,
                "CATCH_SKM": 12.33,
                "UPLAND_SKM": 12.3,
                "ENDORHEIC": 0,
                "DIS_AV_CMS": 0.26,
                "ORD_STRA": 1,
                "ORD_CLAS": 2,
                "ORD_FLOW": 7,
                "HYBAS_L12": 4121601300.0,
                "Shape_Length": 0.016309223176525518
            },
            "geometry": {
                "type": "LineString",
                "coordinates": [
                    [
                        81.28958333333296,
                        7.958333333333194
                    ],
                    [
                        81.28958333333296,
                        7.952083333333213
                    ],
                    [
                        81.29374999999962,
                        7.947916666666551
                    ],
                    [
                        81.29374999999962,
                        7.943749999999888
                    ]
                ]
            }
        },
        {
            "type": "Feature",
            "properties": {
                "HYRIV_ID": 41401907,
                "NEXT_DOWN": 41401927,
                "MAIN_RIV": 41402045,
                "LENGTH_KM": 0.98,
                "DIST_DN_KM": 37.099998,
                "DIST_UP_KM": 4.5,
                "CATCH_SKM": 5.7399998,
                "UPLAND_SKM": 5.7,
                "ENDORHEIC": 0,
                "DIS_AV_CMS": 0.122,
                "ORD_STRA": 1,
                "ORD_CLAS": 3,
                "ORD_FLOW": 7,
                "HYBAS_L12": 4121601300.0,
                "Shape_Length": 0.008838834764843902
            },
            "geometry": {
                "type": "LineString",
                "coordinates": [
                    [
                        81.3166666666663,
                        7.949999999999882
                    ],
                    [
                        81.32291666666632,
                        7.943749999999888
                    ]
                ]
            }
        },
        {
            "type": "Feature",
            "properties": {
                "HYRIV_ID": 41401908,
                "NEXT_DOWN": 41401927,
                "MAIN_RIV": 41402045,
                "LENGTH_KM": 4.1300001,
                "DIST_DN_KM": 36.900002,
                "DIST_UP_KM": 7.6,
                "CATCH_SKM": 13.82,
                "UPLAND_SKM": 13.8,
                "ENDORHEIC": 0,
                "DIS_AV_CMS": 0.29300001,
                "ORD_STRA": 1,
                "ORD_CLAS": 2,
                "ORD_FLOW": 7,
                "HYBAS_L12": 4121601300.0,
                "Shape_Length": 0.03729061445123034
            },
            "geometry": {
                "type": "LineString",
                "coordinates": [
                    [
                        81.33333333333294,
                        7.970833333333211
                    ],
                    [
                        81.32708333333298,
                        7.964583333333188
                    ],
                    [
                        81.32708333333298,
                        7.960416666666525
                    ],
                    [
                        81.33124999999964,
                        7.956249999999876
                    ],
                    [
                        81.32708333333298,
                        7.952083333333213
                    ],
                    [
                        81.32291666666632,
                        7.952083333333213
                    ],
                    [
                        81.32291666666632,
                        7.943749999999888
                    ]
                ]
            }
        },
        {
            "type": "Feature",
            "properties": {
                "HYRIV_ID": 41401909,
                "NEXT_DOWN": 41401910,
                "MAIN_RIV": 41402045,
                "LENGTH_KM": 3.3900001,
                "DIST_DN_KM": 32.900002,
                "DIST_UP_KM": 7.0,
                "CATCH_SKM": 13.18,
                "UPLAND_SKM": 13.2,
                "ENDORHEIC": 0,
                "DIS_AV_CMS": 0.28,
                "ORD_STRA": 1,
                "ORD_CLAS": 2,
                "ORD_FLOW": 7,
                "HYBAS_L12": 4121157080.0,
                "Shape_Length": 0.030535113019766393
            },
            "geometry": {
                "type": "LineString",
                "coordinates": [
                    [
                        81.34791666666635,
                        7.970833333333211
                    ],
                    [
                        81.34791666666635,
                        7.960416666666525
                    ],
                    [
                        81.35208333333301,
                        7.956249999999876
                    ],
                    [
                        81.35208333333301,
                        7.952083333333213
                    ],
                    [
                        81.35624999999968,
                        7.947916666666551
                    ],
                    [
                        81.35624999999968,
                        7.943749999999888
                    ]
                ]
            }
        },
        {
            "type": "Feature",
            "properties": {
                "HYRIV_ID": 41401910,
                "NEXT_DOWN": 41401911,
                "MAIN_RIV": 41402045,
                "LENGTH_KM": 2.6800001,
                "DIST_DN_KM": 30.4,
                "DIST_UP_KM": 111.6,
                "CATCH_SKM": 4.6799998,
                "UPLAND_SKM": 1160.1,
                "ENDORHEIC": 0,
                "DIS_AV_CMS": 25.377001,
                "ORD_STRA": 4,
                "ORD_CLAS": 1,
                "ORD_FLOW": 5,
                "HYBAS_L12": 4121157080.0,
                "Shape_Length": 0.02428511301969686
            },
            "geometry": {
                "type": "LineString",
                "coordinates": [
                    [
                        81.35624999999968,
                        7.943749999999888
                    ],
                    [
                        81.36874999999961,
                        7.943749999999888
                    ],
                    [
                        81.37708333333293,
                        7.952083333333213
                    ]
                ]
            }
        },
        {
            "type": "Feature",
            "properties": {
                "HYRIV_ID": 41401911,
                "NEXT_DOWN": 41402010,
                "MAIN_RIV": 41402045,
                "LENGTH_KM": 1.76,
                "DIST_DN_KM": 28.4,
                "DIST_UP_KM": 113.5,
                "CATCH_SKM": 5.7399998,
                "UPLAND_SKM": 1174.8,
                "ENDORHEIC": 0,
                "DIS_AV_CMS": 25.667,
                "ORD_STRA": 4,
                "ORD_CLAS": 1,
                "ORD_FLOW": 5,
                "HYBAS_L12": 4121157080.0,
                "Shape_Length": 0.01595177968642795
            },
            "geometry": {
                "type": "LineString",
                "coordinates": [
                    [
                        81.37708333333293,
                        7.952083333333213
                    ],
                    [
                        81.38541666666626,
                        7.943749999999888
                    ],
                    [
                        81.38958333333292,
                        7.943749999999888
                    ]
                ]
            }
        },
        {
            "type": "Feature",
            "properties": {
                "HYRIV_ID": 41401912,
                "NEXT_DOWN": 41402010,
                "MAIN_RIV": 41402045,
                "LENGTH_KM": 1.62,
                "DIST_DN_KM": 28.4,
                "DIST_UP_KM": 4.9,
                "CATCH_SKM": 13.82,
                "UPLAND_SKM": 13.8,
                "ENDORHEIC": 0,
                "DIS_AV_CMS": 0.297,
                "ORD_STRA": 1,
                "ORD_CLAS": 2,
                "ORD_FLOW": 7,
                "HYBAS_L12": 4121157080.0,
                "Shape_Length": 0.014583333333305859
            },
            "geometry": {
                "type": "LineString",
                "coordinates": [
                    [
                        81.38958333333292,
                        7.958333333333194
                    ],
                    [
                        81.38958333333292,
                        7.943749999999888
                    ]
                ]
            }
        },
        {
            "type": "Feature",
            "properties": {
                "HYRIV_ID": 41401925,
                "NEXT_DOWN": 41401955,
                "MAIN_RIV": 41402045,
                "LENGTH_KM": 2.55,
                "DIST_DN_KM": 47.200001,
                "DIST_UP_KM": 5.6,
                "CATCH_SKM": 10.2,
                "UPLAND_SKM": 10.2,
                "ENDORHEIC": 0,
                "DIS_AV_CMS": 0.214,
                "ORD_STRA": 1,
                "ORD_CLAS": 3,
                "ORD_FLOW": 7,
                "HYBAS_L12": 4121601300.0,
                "Shape_Length": 0.02306472460800195
            },
            "geometry": {
                "type": "LineString",
                "coordinates": [
                    [
                        81.23749999999964,
                        7.949999999999882
                    ],
                    [
                        81.24791666666627,
                        7.939583333333239
                    ],
                    [
                        81.2562499999996,
                        7.939583333333239
                    ]
                ]
            }
        },
        {
            "type": "Feature",
            "properties": {
                "HYRIV_ID": 41401926,
                "NEXT_DOWN": 41401955,
                "MAIN_RIV": 41402045,
                "LENGTH_KM": 2.83,
                "DIST_DN_KM": 47.200001,
                "DIST_UP_KM": 5.8,
                "CATCH_SKM": 13.61,
                "UPLAND_SKM": 13.6,
                "ENDORHEIC": 0,
                "DIS_AV_CMS": 0.28600001,
                "ORD_STRA": 1,
                "ORD_CLAS": 2,
                "ORD_FLOW": 7,
                "HYBAS_L12": 4121601300.0,
                "Shape_Length": 0.025505501431511347
            },
            "geometry": {
                "type": "LineString",
                "coordinates": [
                    [
                        81.26666666666634,
                        7.958333333333194
                    ],
                    [
                        81.26041666666626,
                        7.952083333333213
                    ],
                    [
                        81.2562499999996,
                        7.952083333333213
                    ],
                    [
                        81.2562499999996,
                        7.939583333333239
                    ]
                ]
            }
        },
        {
            "type": "Feature",
            "properties": {
                "HYRIV_ID": 41401927,
                "NEXT_DOWN": 41401928,
                "MAIN_RIV": 41402045,
                "LENGTH_KM": 1.5700001,
                "DIST_DN_KM": 35.3,
                "DIST_UP_KM": 9.2,
                "CATCH_SKM": 2.34,
                "UPLAND_SKM": 21.9,
                "ENDORHEIC": 0,
                "DIS_AV_CMS": 0.464,
                "ORD_STRA": 2,
                "ORD_CLAS": 2,
                "ORD_FLOW": 7,
                "HYBAS_L12": 4121601300.0,
                "Shape_Length": 0.014225889843255086
            },
            "geometry": {
                "type": "LineString",
                "coordinates": [
                    [
                        81.32291666666632,
                        7.943749999999888
                    ],
                    [
                        81.32708333333298,
                        7.939583333333239
                    ],
                    [
                        81.33541666666636,
                        7.939583333333239
                    ]
                ]
            }
        },
        {
            "type": "Feature",
            "properties": {
                "HYRIV_ID": 41401928,
                "NEXT_DOWN": 41401910,
                "MAIN_RIV": 41402045,
                "LENGTH_KM": 2.49,
                "DIST_DN_KM": 32.900002,
                "DIST_UP_KM": 109.1,
                "CATCH_SKM": 4.89,
                "UPLAND_SKM": 1134.0,
                "ENDORHEIC": 0,
                "DIS_AV_CMS": 24.858,
                "ORD_STRA": 4,
                "ORD_CLAS": 1,
                "ORD_FLOW": 5,
                "HYBAS_L12": 4121157080.0,
                "Shape_Length": 0.022559223176523997
            },
            "geometry": {
                "type": "LineString",
                "coordinates": [
                    [
                        81.33541666666636,
                        7.939583333333239
                    ],
                    [
                        81.33958333333302,
                        7.943749999999888
                    ],
                    [
                        81.35624999999968,
                        7.943749999999888
                    ]
                ]
            }
        },
        {
            "type": "Feature",
            "properties": {
                "HYRIV_ID": 41401955,
                "NEXT_DOWN": 41401956,
                "MAIN_RIV": 41402045,
                "LENGTH_KM": 2.03,
                "DIST_DN_KM": 45.200001,
                "DIST_UP_KM": 7.9,
                "CATCH_SKM": 2.1300001,
                "UPLAND_SKM": 25.9,
                "ENDORHEIC": 0,
                "DIS_AV_CMS": 0.54500002,
                "ORD_STRA": 2,
                "ORD_CLAS": 2,
                "ORD_FLOW": 7,
                "HYBAS_L12": 4121601300.0,
                "Shape_Length": 0.018392556509958156
            },
            "geometry": {
                "type": "LineString",
                "coordinates": [
                    [
                        81.2562499999996,
                        7.939583333333239
                    ],
                    [
                        81.26041666666626,
                        7.939583333333239
                    ],
                    [
                        81.26458333333292,
                        7.935416666666534
                    ],
                    [
                        81.26874999999964,
                        7.935416666666534
                    ],
                    [
                        81.26874999999964,
                        7.931249999999871
                    ]
                ]
            }
        },
        {
            "type": "Feature",
            "properties": {
                "HYRIV_ID": 41401956,
                "NEXT_DOWN": 41401957,
                "MAIN_RIV": 41402045,
                "LENGTH_KM": 3.33,
                "DIST_DN_KM": 42.0,
                "DIST_UP_KM": 99.900002,
                "CATCH_SKM": 7.4400001,
                "UPLAND_SKM": 1040.4,
                "ENDORHEIC": 0,
                "DIS_AV_CMS": 22.997,
                "ORD_STRA": 4,
                "ORD_CLAS": 1,
                "ORD_FLOW": 5,
                "HYBAS_L12": 4121601300.0,
                "Shape_Length": 0.03017766952965634
            },
            "geometry": {
                "type": "LineString",
                "coordinates": [
                    [
                        81.26874999999964,
                        7.931249999999871
                    ],
                    [
                        81.27291666666625,
                        7.935416666666534
                    ],
                    [
                        81.28124999999957,
                        7.935416666666534
                    ],
                    [
                        81.2854166666663,
                        7.939583333333239
                    ],
                    [
                        81.28958333333296,
                        7.939583333333239
                    ],
                    [
                        81.29374999999962,
                        7.943749999999888
                    ]
                ]
            }
        },
        {
            "type": "Feature",
            "properties": {
                "HYRIV_ID": 41401957,
                "NEXT_DOWN": 41401974,
                "MAIN_RIV": 41402045,
                "LENGTH_KM": 1.96,
                "DIST_DN_KM": 40.099998,
                "DIST_UP_KM": 101.9,
                "CATCH_SKM": 5.1,
                "UPLAND_SKM": 1057.8,
                "ENDORHEIC": 0,
                "DIS_AV_CMS": 23.343,
                "ORD_STRA": 4,
                "ORD_CLAS": 1,
                "ORD_FLOW": 5,
                "HYBAS_L12": 4121601300.0,
                "Shape_Length": 0.017677669529667706
            },
            "geometry": {
                "type": "LineString",
                "coordinates": [
                    [
                        81.29374999999962,
                        7.943749999999888
                    ],
                    [
                        81.30624999999961,
                        7.931249999999871
                    ]
                ]
            }
        },
        {
            "type": "Feature",
            "properties": {
                "HYRIV_ID": 41401958,
                "NEXT_DOWN": 41401910,
                "MAIN_RIV": 41402045,
                "LENGTH_KM": 1.91,
                "DIST_DN_KM": 32.900002,
                "DIST_UP_KM": 5.2,
                "CATCH_SKM": 8.29,
                "UPLAND_SKM": 8.3,
                "ENDORHEIC": 0,
                "DIS_AV_CMS": 0.178,
                "ORD_STRA": 1,
                "ORD_CLAS": 3,
                "ORD_FLOW": 7,
                "HYBAS_L12": 4121157080.0,
                "Shape_Length": 0.017172168098228226
            },
            "geometry": {
                "type": "LineString",
                "coordinates": [
                    [
                        81.3499999999996,
                        7.929166666666553
                    ],
                    [
                        81.35624999999968,
                        7.935416666666534
                    ],
                    [
                        81.35624999999968,
                        7.943749999999888
                    ]
                ]
            }
        },
        {
            "type": "Feature",
            "properties": {
                "HYRIV_ID": 41401974,
                "NEXT_DOWN": 41401975,
                "MAIN_RIV": 41402045,
                "LENGTH_KM": 2.49,
                "DIST_DN_KM": 37.599998,
                "DIST_UP_KM": 104.4,
                "CATCH_SKM": 5.7399998,
                "UPLAND_SKM": 1094.2,
                "ENDORHEIC": 0,
                "DIS_AV_CMS": 24.080999,
                "ORD_STRA": 4,
                "ORD_CLAS": 1,
                "ORD_FLOW": 5,
                "HYBAS_L12": 4121601300.0,
                "Shape_Length": 0.02255922317658084
            },
            "geometry": {
                "type": "LineString",
                "coordinates": [
                    [
                        81.30624999999961,
                        7.931249999999871
                    ],
                    [
                        81.32291666666632,
                        7.931249999999871
                    ],
                    [
                        81.32708333333298,
                        7.927083333333222
                    ]
                ]
            }
        },
        {
            "type": "Feature",
            "properties": {
                "HYRIV_ID": 41401975,
                "NEXT_DOWN": 41401928,
                "MAIN_RIV": 41402045,
                "LENGTH_KM": 2.04,
                "DIST_DN_KM": 35.3,
                "DIST_UP_KM": 106.6,
                "CATCH_SKM": 4.04,
                "UPLAND_SKM": 1107.2,
                "ENDORHEIC": 0,
                "DIS_AV_CMS": 24.327999,
                "ORD_STRA": 4,
                "ORD_CLAS": 1,
                "ORD_FLOW": 5,
                "HYBAS_L12": 4121601300.0,
                "Shape_Length": 0.018392556509943946
            },
            "geometry": {
                "type": "LineString",
                "coordinates": [
                    [
                        81.32708333333298,
                        7.927083333333222
                    ],
                    [
                        81.33124999999964,
                        7.927083333333222
                    ],
                    [
                        81.33541666666636,
                        7.931249999999871
                    ],
                    [
                        81.33541666666636,
                        7.939583333333239
                    ]
                ]
            }
        },
        {
            "type": "Feature",
            "properties": {
                "HYRIV_ID": 41401988,
                "NEXT_DOWN": 41401989,
                "MAIN_RIV": 41402045,
                "LENGTH_KM": 4.0500002,
                "DIST_DN_KM": 48.3,
                "DIST_UP_KM": 7.1,
                "CATCH_SKM": 12.33,
                "UPLAND_SKM": 12.3,
                "ENDORHEIC": 0,
                "DIS_AV_CMS": 0.259,
                "ORD_STRA": 1,
                "ORD_CLAS": 2,
                "ORD_FLOW": 7,
                "HYBAS_L12": 4121601300.0,
                "Shape_Length": 0.03657572747107955
            },
            "geometry": {
                "type": "LineString",
                "coordinates": [
                    [
                        81.22083333333293,
                        7.941666666666571
                    ],
                    [
                        81.2354166666664,
                        7.927083333333222
                    ],
                    [
                        81.23958333333294,
                        7.931249999999871
                    ],
                    [
                        81.24374999999961,
                        7.927083333333222
                    ],
                    [
                        81.24374999999961,
                        7.922916666666517
                    ]
                ]
            }
        },
        {
            "type": "Feature",
            "properties": {
                "HYRIV_ID": 41401989,
                "NEXT_DOWN": 41401956,
                "MAIN_RIV": 41402045,
                "LENGTH_KM": 3.1400001,
                "DIST_DN_KM": 45.3,
                "DIST_UP_KM": 96.599998,
                "CATCH_SKM": 5.9499998,
                "UPLAND_SKM": 1007.0,
                "ENDORHEIC": 0,
                "DIS_AV_CMS": 22.337999,
                "ORD_STRA": 4,
                "ORD_CLAS": 1,
                "ORD_FLOW": 5,
                "HYBAS_L12": 4121601300.0,
                "Shape_Length": 0.028451779686476872
            },
            "geometry": {
                "type": "LineString",
                "coordinates": [
                    [
                        81.24374999999961,
                        7.922916666666517
                    ],
                    [
                        81.24791666666627,
                        7.927083333333222
                    ],
                    [
                        81.26458333333292,
                        7.927083333333222
                    ],
                    [
                        81.26874999999964,
                        7.931249999999871
                    ]
                ]
            }
        },
        {
            "type": "Feature",
            "properties": {
                "HYRIV_ID": 41401990,
                "NEXT_DOWN": 41401975,
                "MAIN_RIV": 41402045,
                "LENGTH_KM": 0.98,
                "DIST_DN_KM": 37.599998,
                "DIST_UP_KM": 4.0,
                "CATCH_SKM": 8.9300003,
                "UPLAND_SKM": 8.9,
                "ENDORHEIC": 0,
                "DIS_AV_CMS": 0.192,
                "ORD_STRA": 1,
                "ORD_CLAS": 2,
                "ORD_FLOW": 7,
                "HYBAS_L12": 4121601300.0,
                "Shape_Length": 0.008838834764874048
            },
            "geometry": {
                "type": "LineString",
                "coordinates": [
                    [
                        81.32083333333296,
                        7.920833333333185
                    ],
                    [
                        81.32708333333298,
                        7.927083333333222
                    ]
                ]
            }
        },
        {
            "type": "Feature",
            "properties": {
                "HYRIV_ID": 41402010,
                "NEXT_DOWN": 41402030,
                "MAIN_RIV": 41402045,
                "LENGTH_KM": 4.1799998,
                "DIST_DN_KM": 24.200001,
                "DIST_UP_KM": 117.7,
                "CATCH_SKM": 7.4400001,
                "UPLAND_SKM": 1196.0,
                "ENDORHEIC": 0,
                "DIS_AV_CMS": 26.066999,
                "ORD_STRA": 4,
                "ORD_CLAS": 1,
                "ORD_FLOW": 5,
                "HYBAS_L12": 4121157080.0,
                "Shape_Length": 0.03779611588280218
            },
            "geometry": {
                "type": "LineString",
                "coordinates": [
                    [
                        81.38958333333292,
                        7.943749999999888
                    ],
                    [
                        81.40208333333297,
                        7.931249999999871
                    ],
                    [
                        81.40624999999957,
                        7.931249999999871
                    ],
                    [
                        81.41458333333296,
                        7.922916666666517
                    ],
                    [
                        81.41458333333296,
                        7.918749999999854
                    ]
                ]
            }
        },
        {
            "type": "Feature",
            "properties": {
                "HYRIV_ID": 41402027,
                "NEXT_DOWN": 41401989,
                "MAIN_RIV": 41402045,
                "LENGTH_KM": 0.93,
                "DIST_DN_KM": 48.3,
                "DIST_UP_KM": 93.599998,
                "CATCH_SKM": 1.06,
                "UPLAND_SKM": 988.70001,
                "ENDORHEIC": 0,
                "DIS_AV_CMS": 21.995001,
                "ORD_STRA": 4,
                "ORD_CLAS": 1,
                "ORD_FLOW": 5,
                "HYBAS_L12": 4121601300.0,
                "Shape_Length": 0.008333333333311543
            },
            "geometry": {
                "type": "LineString",
                "coordinates": [
                    [
                        81.24374999999961,
                        7.914583333333205
                    ],
                    [
                        81.24374999999961,
                        7.922916666666517
                    ]
                ]
            }
        },
        {
            "type": "Feature",
            "properties": {
                "HYRIV_ID": 41402028,
                "NEXT_DOWN": 41402027,
                "MAIN_RIV": 41402045,
                "LENGTH_KM": 0.69,
                "DIST_DN_KM": 49.200001,
                "DIST_UP_KM": 4.5,
                "CATCH_SKM": 5.3200002,
                "UPLAND_SKM": 5.3,
                "ENDORHEIC": 0,
                "DIS_AV_CMS": 0.113,
                "ORD_STRA": 1,
                "ORD_CLAS": 2,
                "ORD_FLOW": 7,
                "HYBAS_L12": 4121601300.0,
                "Shape_Length": 0.006250000000022737
            },
            "geometry": {
                "type": "LineString",
                "coordinates": [
                    [
                        81.24999999999963,
                        7.914583333333205
                    ],
                    [
                        81.24374999999961,
                        7.914583333333205
                    ]
                ]
            }
        },
        {
            "type": "Feature",
            "properties": {
                "HYRIV_ID": 41402029,
                "NEXT_DOWN": 41402030,
                "MAIN_RIV": 41402045,
                "LENGTH_KM": 4.48,
                "DIST_DN_KM": 24.200001,
                "DIST_UP_KM": 8.2,
                "CATCH_SKM": 20.41,
                "UPLAND_SKM": 20.4,
                "ENDORHEIC": 0,
                "DIS_AV_CMS": 0.443,
                "ORD_STRA": 1,
                "ORD_CLAS": 2,
                "ORD_FLOW": 7,
                "HYBAS_L12": 4121157080.0,
                "Shape_Length": 0.04059433619631181
            },
            "geometry": {
                "type": "LineString",
                "coordinates": [
                    [
                        81.3791666666663,
                        7.914583333333205
                    ],
                    [
                        81.38541666666626,
                        7.914583333333205
                    ],
                    [
                        81.38958333333292,
                        7.918749999999854
                    ],
                    [
                        81.39374999999964,
                        7.918749999999854
                    ],
                    [
                        81.39791666666625,
                        7.922916666666517
                    ],
                    [
                        81.40208333333297,
                        7.918749999999854
                    ],
                    [
                        81.41458333333296,
                        7.918749999999854
                    ]
                ]
            }
        },
        {
            "type": "Feature",
            "properties": {
                "HYRIV_ID": 41402030,
                "NEXT_DOWN": 41402043,
                "MAIN_RIV": 41402045,
                "LENGTH_KM": 0.65,
                "DIST_DN_KM": 23.8,
                "DIST_UP_KM": 118.2,
                "CATCH_SKM": 0.85,
                "UPLAND_SKM": 1217.3,
                "ENDORHEIC": 0,
                "DIS_AV_CMS": 26.52,
                "ORD_STRA": 4,
                "ORD_CLAS": 1,
                "ORD_FLOW": 5,
                "HYBAS_L12": 4121157080.0,
                "Shape_Length": 0.005892556509872488
            },
            "geometry": {
                "type": "LineString",
                "coordinates": [
                    [
                        81.41458333333296,
                        7.918749999999854
                    ],
                    [
                        81.41874999999962,
                        7.914583333333205
                    ]
                ]
            }
        },
        {
            "type": "Feature",
            "properties": {
                "HYRIV_ID": 41402031,
                "NEXT_DOWN": 41402043,
                "MAIN_RIV": 41402045,
                "LENGTH_KM": 2.74,
                "DIST_DN_KM": 23.8,
                "DIST_UP_KM": 5.9,
                "CATCH_SKM": 18.07,
                "UPLAND_SKM": 18.1,
                "ENDORHEIC": 0,
                "DIS_AV_CMS": 0.39300001,
                "ORD_STRA": 1,
                "ORD_CLAS": 2,
                "ORD_FLOW": 7,
                "HYBAS_L12": 4121157080.0,
                "Shape_Length": 0.024642556509883857
            },
            "geometry": {
                "type": "LineString",
                "coordinates": [
                    [
                        81.42291666666628,
                        7.937499999999865
                    ],
                    [
                        81.42291666666628,
                        7.918749999999854
                    ],
                    [
                        81.41874999999962,
                        7.914583333333205
                    ]
                ]
            }
        },
        {
            "type": "Feature",
            "properties": {
                "HYRIV_ID": 41402043,
                "NEXT_DOWN": 41402079,
                "MAIN_RIV": 41402045,
                "LENGTH_KM": 2.22,
                "DIST_DN_KM": 21.4,
                "DIST_UP_KM": 120.6,
                "CATCH_SKM": 5.5300002,
                "UPLAND_SKM": 1240.9,
                "ENDORHEIC": 0,
                "DIS_AV_CMS": 27.0,
                "ORD_STRA": 4,
                "ORD_CLAS": 1,
                "ORD_FLOW": 5,
                "HYBAS_L12": 4121157080.0,
                "Shape_Length": 0.020118446353090826
            },
            "geometry": {
                "type": "LineString",
                "coordinates": [
                    [
                        81.41874999999962,
                        7.914583333333205
                    ],
                    [
                        81.42291666666628,
                        7.910416666666542
                    ],
                    [
                        81.42708333333294,
                        7.910416666666542
                    ],
                    [
                        81.43124999999961,
                        7.906249999999879
                    ],
                    [
                        81.43541666666627,
                        7.906249999999879
                    ]
                ]
            }
        },
        {
            "type": "Feature",
            "properties": {
                "HYRIV_ID": 41402044,
                "NEXT_DOWN": 41402045,
                "MAIN_RIV": 41402045,
                "LENGTH_KM": 3.9300001,
                "DIST_DN_KM": 3.4,
                "DIST_UP_KM": 7.2,
                "CATCH_SKM": 14.88,
                "UPLAND_SKM": 14.9,
                "ENDORHEIC": 0,
                "DIS_AV_CMS": 0.32800001,
                "ORD_STRA": 1,
                "ORD_CLAS": 2,
                "ORD_FLOW": 7,
                "HYBAS_L12": 4120049740.0,
                "Shape_Length": 0.03556472460818709
            },
            "geometry": {
                "type": "LineString",
                "coordinates": [
                    [
                        81.49583333333297,
                        7.924999999999891
                    ],
                    [
                        81.50208333333293,
                        7.918749999999854
                    ],
                    [
                        81.50208333333293,
                        7.910416666666542
                    ],
                    [
                        81.5062499999996,
                        7.906249999999879
                    ],
                    [
                        81.51874999999976,
                        7.906249999999879
                    ]
                ]
            }
        },
        {
            "type": "Feature",
            "properties": {
                "HYRIV_ID": 41402045,
                "NEXT_DOWN": 0,
                "MAIN_RIV": 41402045,
                "LENGTH_KM": 3.1500001,
                "DIST_DN_KM": 0.0,
                "DIST_UP_KM": 141.7,
                "CATCH_SKM": 12.54,
                "UPLAND_SKM": 1752.5,
                "ENDORHEIC": 0,
                "DIS_AV_CMS": 37.146999,
                "ORD_STRA": 4,
                "ORD_CLAS": 1,
                "ORD_FLOW": 5,
                "HYBAS_L12": 4120049740.0,
                "Shape_Length": 0.028451779686295284
            },
            "geometry": {
                "type": "LineString",
                "coordinates": [
                    [
                        81.51874999999976,
                        7.906249999999879
                    ],
                    [
                        81.51874999999976,
                        7.918749999999854
                    ],
                    [
                        81.52708333333297,
                        7.927083333333222
                    ],
                    [
                        81.53124999999957,
                        7.927083333333222
                    ]
                ]
            }
        },
        {
            "type": "Feature",
            "properties": {
                "HYRIV_ID": 41402065,
                "NEXT_DOWN": 41402066,
                "MAIN_RIV": 41402045,
                "LENGTH_KM": 1.99,
                "DIST_DN_KM": 51.599998,
                "DIST_UP_KM": 5.6,
                "CATCH_SKM": 12.33,
                "UPLAND_SKM": 12.3,
                "ENDORHEIC": 0,
                "DIS_AV_CMS": 0.26,
                "ORD_STRA": 1,
                "ORD_CLAS": 3,
                "ORD_FLOW": 7,
                "HYBAS_L12": 4121601320.0,
                "Shape_Length": 0.0180351130198748
            },
            "geometry": {
                "type": "LineString",
                "coordinates": [
                    [
                        81.21666666666627,
                        7.910416666666542
                    ],
                    [
                        81.22291666666635,
                        7.910416666666542
                    ],
                    [
                        81.23124999999973,
                        7.902083333333231
                    ]
                ]
            }
        },
        {
            "type": "Feature",
            "properties": {
                "HYRIV_ID": 41402066,
                "NEXT_DOWN": 41402067,
                "MAIN_RIV": 41402045,
                "LENGTH_KM": 0.46,
                "DIST_DN_KM": 51.0,
                "DIST_UP_KM": 10.5,
                "CATCH_SKM": 0.42,
                "UPLAND_SKM": 38.3,
                "ENDORHEIC": 0,
                "DIS_AV_CMS": 0.80800003,
                "ORD_STRA": 2,
                "ORD_CLAS": 2,
                "ORD_FLOW": 7,
                "HYBAS_L12": 4121601320.0,
                "Shape_Length": 0.004166666666662877
            },
            "geometry": {
                "type": "LineString",
                "coordinates": [
                    [
                        81.23124999999973,
                        7.902083333333231
                    ],
                    [
                        81.2354166666664,
                        7.902083333333231
                    ]
                ]
            }
        },
        {
            "type": "Feature",
            "properties": {
                "HYRIV_ID": 41402067,
                "NEXT_DOWN": 41402027,
                "MAIN_RIV": 41402045,
                "LENGTH_KM": 1.77,
                "DIST_DN_KM": 49.400002,
                "DIST_UP_KM": 92.5,
                "CATCH_SKM": 2.76,
                "UPLAND_SKM": 982.40002,
                "ENDORHEIC": 0,
                "DIS_AV_CMS": 21.872999,
                "ORD_STRA": 4,
                "ORD_CLAS": 1,
                "ORD_FLOW": 5,
                "HYBAS_L12": 4121601300.0,
                "Shape_Length": 0.015951779686337514
            },
            "geometry": {
                "type": "LineString",
                "coordinates": [
                    [
                        81.2354166666664,
                        7.902083333333231
                    ],
                    [
                        81.23958333333294,
                        7.906249999999879
                    ],
                    [
                        81.23958333333294,
                        7.910416666666542
                    ],
                    [
                        81.24374999999961,
                        7.914583333333205
                    ]
                ]
            }
        },
        {
            "type": "Feature",
            "properties": {
                "HYRIV_ID": 41402078,
                "NEXT_DOWN": 41402079,
                "MAIN_RIV": 41402045,
                "LENGTH_KM": 2.26,
                "DIST_DN_KM": 21.4,
                "DIST_UP_KM": 5.2,
                "CATCH_SKM": 6.5900002,
                "UPLAND_SKM": 6.6,
                "ENDORHEIC": 0,
                "DIS_AV_CMS": 0.144,
                "ORD_STRA": 1,
                "ORD_CLAS": 2,
                "ORD_FLOW": 7,
                "HYBAS_L12": 4121157080.0,
                "Shape_Length": 0.020475889843246962
            },
            "geometry": {
                "type": "LineString",
                "coordinates": [
                    [
                        81.42083333333292,
                        7.897916666666525
                    ],
                    [
                        81.43124999999961,
                        7.897916666666525
                    ],
                    [
                        81.43541666666627,
                        7.902083333333231
                    ],
                    [
                        81.43541666666627,
                        7.906249999999879
                    ]
                ]
            }
        },
        {
            "type": "Feature",
            "properties": {
                "HYRIV_ID": 41402079,
                "NEXT_DOWN": 41402127,
                "MAIN_RIV": 41402045,
                "LENGTH_KM": 2.6800001,
                "DIST_DN_KM": 18.700001,
                "DIST_UP_KM": 123.2,
                "CATCH_SKM": 5.5300002,
                "UPLAND_SKM": 1253.0,
                "ENDORHEIC": 0,
                "DIS_AV_CMS": 27.222,
                "ORD_STRA": 4,
                "ORD_CLAS": 1,
                "ORD_FLOW": 5,
                "HYBAS_L12": 4121157080.0,
                "Shape_Length": 0.024285113019830645
            },
            "geometry": {
                "type": "LineString",
                "coordinates": [
                    [
                        81.43541666666627,
                        7.906249999999879
                    ],
                    [
                        81.43958333333299,
                        7.906249999999879
                    ],
                    [
                        81.44791666666632,
                        7.897916666666525
                    ],
                    [
                        81.45624999999964,
                        7.897916666666525
                    ]
                ]
            }
        },
        {
            "type": "Feature",
            "properties": {
                "HYRIV_ID": 41402080,
                "NEXT_DOWN": 41402127,
                "MAIN_RIV": 41402045,
                "LENGTH_KM": 3.2,
                "DIST_DN_KM": 18.700001,
                "DIST_UP_KM": 7.5,
                "CATCH_SKM": 15.95,
                "UPLAND_SKM": 15.9,
                "ENDORHEIC": 0,
                "DIS_AV_CMS": 0.35,
                "ORD_STRA": 1,
                "ORD_CLAS": 2,
                "ORD_FLOW": 7,
                "HYBAS_L12": 4121157080.0,
                "Shape_Length": 0.02880922317654257
            },
            "geometry": {
                "type": "LineString",
                "coordinates": [
                    [
                        81.45624999999964,
                        7.920833333333185
                    ],
                    [
                        81.45624999999964,
                        7.910416666666542
                    ],
                    [
                        81.4604166666663,
                        7.906249999999879
                    ],
                    [
                        81.4604166666663,
                        7.897916666666525
                    ],
                    [
                        81.45624999999964,
                        7.897916666666525
                    ]
                ]
            }
        },
        {
            "type": "Feature",
            "properties": {
                "HYRIV_ID": 41402091,
                "NEXT_DOWN": 41402067,
                "MAIN_RIV": 41402045,
                "LENGTH_KM": 1.11,
                "DIST_DN_KM": 51.200001,
                "DIST_UP_KM": 90.699997,
                "CATCH_SKM": 1.28,
                "UPLAND_SKM": 941.29999,
                "ENDORHEIC": 0,
                "DIS_AV_CMS": 21.027,
                "ORD_STRA": 4,
                "ORD_CLAS": 1,
                "ORD_FLOW": 5,
                "HYBAS_L12": 4121601320.0,
                "Shape_Length": 0.010059223176575559
            },
            "geometry": {
                "type": "LineString",
                "coordinates": [
                    [
                        81.23124999999973,
                        7.893749999999862
                    ],
                    [
                        81.23124999999973,
                        7.897916666666525
                    ],
                    [
                        81.2354166666664,
                        7.902083333333231
                    ]
                ]
            }
        },
        {
            "type": "Feature",
            "properties": {
                "HYRIV_ID": 41402092,
                "NEXT_DOWN": 41401974,
                "MAIN_RIV": 41402045,
                "LENGTH_KM": 6.8200002,
                "DIST_DN_KM": 40.099998,
                "DIST_UP_KM": 11.0,
                "CATCH_SKM": 30.620001,
                "UPLAND_SKM": 30.6,
                "ENDORHEIC": 0,
                "DIS_AV_CMS": 0.65399998,
                "ORD_STRA": 1,
                "ORD_CLAS": 2,
                "ORD_FLOW": 7,
                "HYBAS_L12": 4121601300.0,
                "Shape_Length": 0.06157572747101246
            },
            "geometry": {
                "type": "LineString",
                "coordinates": [
                    [
                        81.270833333333,
                        7.891666666666531
                    ],
                    [
                        81.27708333333297,
                        7.897916666666525
                    ],
                    [
                        81.27708333333297,
                        7.906249999999879
                    ],
                    [
                        81.28124999999957,
                        7.910416666666542
                    ],
                    [
                        81.28124999999957,
                        7.914583333333205
                    ],
                    [
                        81.2854166666663,
                        7.918749999999854
                    ],
                    [
                        81.2854166666663,
                        7.922916666666517
                    ],
                    [
                        81.28958333333296,
                        7.927083333333222
                    ],
                    [
                        81.30208333333294,
                        7.927083333333222
                    ],
                    [
                        81.30624999999961,
                        7.931249999999871
                    ]
                ]
            }
        },
        {
            "type": "Feature",
            "properties": {
                "HYRIV_ID": 41402127,
                "NEXT_DOWN": 41402201,
                "MAIN_RIV": 41402045,
                "LENGTH_KM": 2.23,
                "DIST_DN_KM": 16.4,
                "DIST_UP_KM": 125.5,
                "CATCH_SKM": 3.4,
                "UPLAND_SKM": 1272.4,
                "ENDORHEIC": 0,
                "DIS_AV_CMS": 27.613001,
                "ORD_STRA": 4,
                "ORD_CLAS": 1,
                "ORD_FLOW": 5,
                "HYBAS_L12": 4121157080.0,
                "Shape_Length": 0.020118446353133458
            },
            "geometry": {
                "type": "LineString",
                "coordinates": [
                    [
                        81.45624999999964,
                        7.897916666666525
                    ],
                    [
                        81.4604166666663,
                        7.893749999999862
                    ],
                    [
                        81.4604166666663,
                        7.889583333333213
                    ],
                    [
                        81.46458333333297,
                        7.885416666666551
                    ],
                    [
                        81.46874999999969,
                        7.885416666666551
                    ]
                ]
            }
        },
        {
            "type": "Feature",
            "properties": {
                "HYRIV_ID": 41402128,
                "NEXT_DOWN": 41402201,
                "MAIN_RIV": 41402045,
                "LENGTH_KM": 0.69,
                "DIST_DN_KM": 16.4,
                "DIST_UP_KM": 4.1,
                "CATCH_SKM": 5.9499998,
                "UPLAND_SKM": 6.0,
                "ENDORHEIC": 0,
                "DIS_AV_CMS": 0.132,
                "ORD_STRA": 1,
                "ORD_CLAS": 2,
                "ORD_FLOW": 7,
                "HYBAS_L12": 4121157080.0,
                "Shape_Length": 0.0062499999999090505
            },
            "geometry": {
                "type": "LineString",
                "coordinates": [
                    [
                        81.4749999999996,
                        7.885416666666551
                    ],
                    [
                        81.46874999999969,
                        7.885416666666551
                    ]
                ]
            }
        },
        {
            "type": "Feature",
            "properties": {
                "HYRIV_ID": 41402145,
                "NEXT_DOWN": 41402066,
                "MAIN_RIV": 41402045,
                "LENGTH_KM": 6.1500001,
                "DIST_DN_KM": 51.400002,
                "DIST_UP_KM": 10.0,
                "CATCH_SKM": 25.52,
                "UPLAND_SKM": 25.5,
                "ENDORHEIC": 0,
                "DIS_AV_CMS": 0.53899997,
                "ORD_STRA": 1,
                "ORD_CLAS": 2,
                "ORD_FLOW": 7,
                "HYBAS_L12": 4121601320.0,
                "Shape_Length": 0.05568317096127477
            },
            "geometry": {
                "type": "LineString",
                "coordinates": [
                    [
                        81.18749999999963,
                        7.879166666666514
                    ],
                    [
                        81.19791666666632,
                        7.889583333333213
                    ],
                    [
                        81.19791666666632,
                        7.893749999999862
                    ],
                    [
                        81.20208333333298,
                        7.893749999999862
                    ],
                    [
                        81.21041666666636,
                        7.902083333333231
                    ],
                    [
                        81.23124999999973,
                        7.902083333333231
                    ]
                ]
            }
        },
        {
            "type": "Feature",
            "properties": {
                "HYRIV_ID": 41402146,
                "NEXT_DOWN": 41402175,
                "MAIN_RIV": 41402045,
                "LENGTH_KM": 2.52,
                "DIST_DN_KM": 34.0,
                "DIST_UP_KM": 5.9,
                "CATCH_SKM": 11.06,
                "UPLAND_SKM": 11.1,
                "ENDORHEIC": 0,
                "DIS_AV_CMS": 0.23800001,
                "ORD_STRA": 1,
                "ORD_CLAS": 3,
                "ORD_FLOW": 7,
                "HYBAS_L12": 4121157120.0,
                "Shape_Length": 0.02291666666673109
            },
            "geometry": {
                "type": "LineString",
                "coordinates": [
                    [
                        81.3166666666663,
                        7.881249999999888
                    ],
                    [
                        81.33958333333302,
                        7.881249999999888
                    ]
                ]
            }
        },
        {
            "type": "Feature",
            "properties": {
                "HYRIV_ID": 41402175,
                "NEXT_DOWN": 41402221,
                "MAIN_RIV": 41402045,
                "LENGTH_KM": 4.9,
                "DIST_DN_KM": 29.200001,
                "DIST_UP_KM": 13.6,
                "CATCH_SKM": 14.46,
                "UPLAND_SKM": 53.8,
                "ENDORHEIC": 0,
                "DIS_AV_CMS": 1.161,
                "ORD_STRA": 2,
                "ORD_CLAS": 2,
                "ORD_FLOW": 6,
                "HYBAS_L12": 4121157120.0,
                "Shape_Length": 0.04440355937284108
            },
            "geometry": {
                "type": "LineString",
                "coordinates": [
                    [
                        81.33958333333302,
                        7.881249999999888
                    ],
                    [
                        81.34374999999957,
                        7.885416666666551
                    ],
                    [
                        81.34791666666635,
                        7.885416666666551
                    ],
                    [
                        81.35208333333301,
                        7.881249999999888
                    ],
                    [
                        81.3604166666664,
                        7.881249999999888
                    ],
                    [
                        81.36458333333306,
                        7.877083333333239
                    ],
                    [
                        81.37291666666627,
                        7.877083333333239
                    ],
                    [
                        81.37708333333293,
                        7.872916666666534
                    ]
                ]
            }
        },
        {
            "type": "Feature",
            "properties": {
                "HYRIV_ID": 41402200,
                "NEXT_DOWN": 41402175,
                "MAIN_RIV": 41402045,
                "LENGTH_KM": 2.23,
                "DIST_DN_KM": 34.0,
                "DIST_UP_KM": 8.9,
                "CATCH_SKM": 4.46,
                "UPLAND_SKM": 28.3,
                "ENDORHEIC": 0,
                "DIS_AV_CMS": 0.61299998,
                "ORD_STRA": 2,
                "ORD_CLAS": 2,
                "ORD_FLOW": 7,
                "HYBAS_L12": 4121157120.0,
                "Shape_Length": 0.020118446353132743
            },
            "geometry": {
                "type": "LineString",
                "coordinates": [
                    [
                        81.33124999999964,
                        7.864583333333222
                    ],
                    [
                        81.33124999999964,
                        7.868749999999871
                    ],
                    [
                        81.33958333333302,
                        7.877083333333239
                    ],
                    [
                        81.33958333333302,
                        7.881249999999888
                    ]
                ]
            }
        },
        {
            "type": "Feature",
            "properties": {
                "HYRIV_ID": 41402201,
                "NEXT_DOWN": 41402225,
                "MAIN_RIV": 41402045,
                "LENGTH_KM": 2.6900001,
                "DIST_DN_KM": 13.9,
                "DIST_UP_KM": 128.0,
                "CATCH_SKM": 4.46,
                "UPLAND_SKM": 1282.8,
                "ENDORHEIC": 0,
                "DIS_AV_CMS": 27.8,
                "ORD_STRA": 4,
                "ORD_CLAS": 1,
                "ORD_FLOW": 5,
                "HYBAS_L12": 4121157080.0,
                "Shape_Length": 0.024285113019772077
            },
            "geometry": {
                "type": "LineString",
                "coordinates": [
                    [
                        81.46874999999969,
                        7.885416666666551
                    ],
                    [
                        81.47291666666635,
                        7.881249999999888
                    ],
                    [
                        81.47291666666635,
                        7.868749999999871
                    ],
                    [
                        81.47708333333301,
                        7.864583333333222
                    ]
                ]
            }
        },
        {
            "type": "Feature",
            "properties": {
                "HYRIV_ID": 41402202,
                "NEXT_DOWN": 41402045,
                "MAIN_RIV": 41402045,
                "LENGTH_KM": 5.0100002,
                "DIST_DN_KM": 3.4,
                "DIST_UP_KM": 138.5,
                "CATCH_SKM": 14.67,
                "UPLAND_SKM": 1726.2,
                "ENDORHEIC": 0,
                "DIS_AV_CMS": 36.828999,
                "ORD_STRA": 4,
                "ORD_CLAS": 1,
                "ORD_FLOW": 5,
                "HYBAS_L12": 4120049740.0,
                "Shape_Length": 0.04511844635286367
            },
            "geometry": {
                "type": "LineString",
                "coordinates": [
                    [
                        81.51874999999976,
                        7.864583333333222
                    ],
                    [
                        81.52291666666625,
                        7.868749999999871
                    ],
                    [
                        81.52291666666625,
                        7.877083333333239
                    ],
                    [
                        81.51874999999976,
                        7.881249999999888
                    ],
                    [
                        81.51874999999976,
                        7.906249999999879
                    ]
                ]
            }
        },
        {
            "type": "Feature",
            "properties": {
                "HYRIV_ID": 41402203,
                "NEXT_DOWN": 41402202,
                "MAIN_RIV": 41402045,
                "LENGTH_KM": 0.92,
                "DIST_DN_KM": 8.4,
                "DIST_UP_KM": 50.3,
                "CATCH_SKM": 2.76,
                "UPLAND_SKM": 250.3,
                "ENDORHEIC": 0,
                "DIS_AV_CMS": 5.4439998,
                "ORD_STRA": 3,
                "ORD_CLAS": 2,
                "ORD_FLOW": 6,
                "HYBAS_L12": 4121157110.0,
                "Shape_Length": 0.008333333333212067
            },
            "geometry": {
                "type": "LineString",
                "coordinates": [
                    [
                        81.52708333333297,
                        7.864583333333222
                    ],
                    [
                        81.51874999999976,
                        7.864583333333222
                    ]
                ]
            }
        },
        {
            "type": "Feature",
            "properties": {
                "HYRIV_ID": 41402204,
                "NEXT_DOWN": 41402203,
                "MAIN_RIV": 41402045,
                "LENGTH_KM": 4.0300002,
                "DIST_DN_KM": 9.3,
                "DIST_UP_KM": 7.3,
                "CATCH_SKM": 12.33,
                "UPLAND_SKM": 12.3,
                "ENDORHEIC": 0,
                "DIS_AV_CMS": 0.27900001,
                "ORD_STRA": 1,
                "ORD_CLAS": 3,
                "ORD_FLOW": 7,
                "HYBAS_L12": 4121157110.0,
                "Shape_Length": 0.03642766952963573
            },
            "geometry": {
                "type": "LineString",
                "coordinates": [
                    [
                        81.55416666666625,
                        7.872916666666534
                    ],
                    [
                        81.54791666666628,
                        7.872916666666534
                    ],
                    [
                        81.54374999999962,
                        7.877083333333239
                    ],
                    [
                        81.53958333333296,
                        7.877083333333239
                    ],
                    [
                        81.5354166666663,
                        7.872916666666534
                    ],
                    [
                        81.5354166666663,
                        7.868749999999871
                    ],
                    [
                        81.53124999999957,
                        7.864583333333222
                    ],
                    [
                        81.52708333333297,
                        7.864583333333222
                    ]
                ]
            }
        },
        {
            "type": "Feature",
            "properties": {
                "HYRIV_ID": 41402221,
                "NEXT_DOWN": 41402222,
                "MAIN_RIV": 41402045,
                "LENGTH_KM": 1.96,
                "DIST_DN_KM": 27.3,
                "DIST_UP_KM": 15.6,
                "CATCH_SKM": 3.62,
                "UPLAND_SKM": 76.099998,
                "ENDORHEIC": 0,
                "DIS_AV_CMS": 1.647,
                "ORD_STRA": 2,
                "ORD_CLAS": 2,
                "ORD_FLOW": 6,
                "HYBAS_L12": 4121157120.0,
                "Shape_Length": 0.017677669529637563
            },
            "geometry": {
                "type": "LineString",
                "coordinates": [
                    [
                        81.37708333333293,
                        7.872916666666534
                    ],
                    [
                        81.38958333333292,
                        7.860416666666559
                    ]
                ]
            }
        },
        {
            "type": "Feature",
            "properties": {
                "HYRIV_ID": 41402222,
                "NEXT_DOWN": 41402223,
                "MAIN_RIV": 41402045,
                "LENGTH_KM": 1.76,
                "DIST_DN_KM": 25.3,
                "DIST_UP_KM": 17.5,
                "CATCH_SKM": 7.6599998,
                "UPLAND_SKM": 96.099998,
                "ENDORHEIC": 0,
                "DIS_AV_CMS": 2.0840001,
                "ORD_STRA": 2,
                "ORD_CLAS": 2,
                "ORD_FLOW": 6,
                "HYBAS_L12": 4121157120.0,
                "Shape_Length": 0.015951779686484792
            },
            "geometry": {
                "type": "LineString",
                "coordinates": [
                    [
                        81.38958333333292,
                        7.860416666666559
                    ],
                    [
                        81.39374999999964,
                        7.864583333333222
                    ],
                    [
                        81.39791666666625,
                        7.860416666666559
                    ],
                    [
                        81.40208333333297,
                        7.860416666666559
                    ]
                ]
            }
        },
        {
            "type": "Feature",
            "properties": {
                "HYRIV_ID": 41402223,
                "NEXT_DOWN": 41402239,
                "MAIN_RIV": 41402045,
                "LENGTH_KM": 7.7800002,
                "DIST_DN_KM": 17.700001,
                "DIST_UP_KM": 25.1,
                "CATCH_SKM": 21.26,
                "UPLAND_SKM": 129.89999,
                "ENDORHEIC": 0,
                "DIS_AV_CMS": 2.82,
                "ORD_STRA": 2,
                "ORD_CLAS": 2,
                "ORD_FLOW": 6,
                "HYBAS_L12": 4121157120.0,
                "Shape_Length": 0.07041456223588408
            },
            "geometry": {
                "type": "LineString",
                "coordinates": [
                    [
                        81.40208333333297,
                        7.860416666666559
                    ],
                    [
                        81.40624999999957,
                        7.860416666666559
                    ],
                    [
                        81.41458333333296,
                        7.868749999999871
                    ],
                    [
                        81.43124999999961,
                        7.868749999999871
                    ],
                    [
                        81.44374999999965,
                        7.881249999999888
                    ],
                    [
                        81.44791666666632,
                        7.881249999999888
                    ],
                    [
                        81.45208333333298,
                        7.877083333333239
                    ],
                    [
                        81.45208333333298,
                        7.872916666666534
                    ],
                    [
                        81.45624999999964,
                        7.868749999999871
                    ]
                ]
            }
        },
        {
            "type": "Feature",
            "properties": {
                "HYRIV_ID": 41402224,
                "NEXT_DOWN": 41402239,
                "MAIN_RIV": 41402045,
                "LENGTH_KM": 1.8,
                "DIST_DN_KM": 17.6,
                "DIST_UP_KM": 5.8,
                "CATCH_SKM": 10.42,
                "UPLAND_SKM": 10.4,
                "ENDORHEIC": 0,
                "DIS_AV_CMS": 0.232,
                "ORD_STRA": 1,
                "ORD_CLAS": 3,
                "ORD_FLOW": 7,
                "HYBAS_L12": 4121157120.0,
                "Shape_Length": 0.01630922317655394
            },
            "geometry": {
                "type": "LineString",
                "coordinates": [
                    [
                        81.44583333333296,
                        7.860416666666559
                    ],
                    [
                        81.45208333333298,
                        7.860416666666559
                    ],
                    [
                        81.45624999999964,
                        7.864583333333222
                    ],
                    [
                        81.45624999999964,
                        7.868749999999871
                    ]
                ]
            }
        },
        {
            "type": "Feature",
            "properties": {
                "HYRIV_ID": 41402225,
                "NEXT_DOWN": 41402226,
                "MAIN_RIV": 41402045,
                "LENGTH_KM": 0.65,
                "DIST_DN_KM": 13.3,
                "DIST_UP_KM": 128.60001,
                "CATCH_SKM": 0.21,
                "UPLAND_SKM": 1439.3,
                "ENDORHEIC": 0,
                "DIS_AV_CMS": 31.197001,
                "ORD_STRA": 4,
                "ORD_CLAS": 1,
                "ORD_FLOW": 5,
                "HYBAS_L12": 4121157100.0,
                "Shape_Length": 0.0058925565098825365
            },
            "geometry": {
                "type": "LineString",
                "coordinates": [
                    [
                        81.47708333333301,
                        7.864583333333222
                    ],
                    [
                        81.48124999999968,
                        7.860416666666559
                    ]
                ]
            }
        },
        {
            "type": "Feature",
            "properties": {
                "HYRIV_ID": 41402226,
                "NEXT_DOWN": 41402202,
                "MAIN_RIV": 41402045,
                "LENGTH_KM": 4.71,
                "DIST_DN_KM": 8.4,
                "DIST_UP_KM": 133.5,
                "CATCH_SKM": 16.8,
                "UPLAND_SKM": 1461.2,
                "ENDORHEIC": 0,
                "DIS_AV_CMS": 31.492001,
                "ORD_STRA": 4,
                "ORD_CLAS": 1,
                "ORD_FLOW": 5,
                "HYBAS_L12": 4121157100.0,
                "Shape_Length": 0.042677669529718465
            },
            "geometry": {
                "type": "LineString",
                "coordinates": [
                    [
                        81.48124999999968,
                        7.860416666666559
                    ],
                    [
                        81.489583333333,
                        7.868749999999871
                    ],
                    [
                        81.5062499999996,
                        7.868749999999871
                    ],
                    [
                        81.51041666666626,
                        7.864583333333222
                    ],
                    [
                        81.51874999999976,
                        7.864583333333222
                    ]
                ]
            }
        },
        {
            "type": "Feature",
            "properties": {
                "HYRIV_ID": 41402237,
                "NEXT_DOWN": 41402091,
                "MAIN_RIV": 41402045,
                "LENGTH_KM": 4.3600001,
                "DIST_DN_KM": 52.3,
                "DIST_UP_KM": 89.599998,
                "CATCH_SKM": 14.67,
                "UPLAND_SKM": 908.59998,
                "ENDORHEIC": 0,
                "DIS_AV_CMS": 20.339001,
                "ORD_STRA": 4,
                "ORD_CLAS": 1,
                "ORD_FLOW": 5,
                "HYBAS_L12": 4121601320.0,
                "Shape_Length": 0.03922588984322991
            },
            "geometry": {
                "type": "LineString",
                "coordinates": [
                    [
                        81.22708333333301,
                        7.856249999999896
                    ],
                    [
                        81.22708333333301,
                        7.889583333333213
                    ],
                    [
                        81.23124999999973,
                        7.893749999999862
                    ]
                ]
            }
        },
        {
            "type": "Feature",
            "properties": {
                "HYRIV_ID": 41402238,
                "NEXT_DOWN": 41402200,
                "MAIN_RIV": 41402045,
                "LENGTH_KM": 2.55,
                "DIST_DN_KM": 36.400002,
                "DIST_UP_KM": 5.4,
                "CATCH_SKM": 8.7200003,
                "UPLAND_SKM": 8.7,
                "ENDORHEIC": 0,
                "DIS_AV_CMS": 0.189,
                "ORD_STRA": 1,
                "ORD_CLAS": 3,
                "ORD_FLOW": 7,
                "HYBAS_L12": 4121157120.0,
                "Shape_Length": 0.023064724608122533
            },
            "geometry": {
                "type": "LineString",
                "coordinates": [
                    [
                        81.31249999999957,
                        7.854166666666522
                    ],
                    [
                        81.31874999999965,
                        7.860416666666559
                    ],
                    [
                        81.32708333333298,
                        7.860416666666559
                    ],
                    [
                        81.33124999999964,
                        7.864583333333222
                    ]
                ]
            }
        },
        {
            "type": "Feature",
            "properties": {
                "HYRIV_ID": 41402239,
                "NEXT_DOWN": 41402240,
                "MAIN_RIV": 41402045,
                "LENGTH_KM": 2.6900001,
                "DIST_DN_KM": 14.9,
                "DIST_UP_KM": 28.0,
                "CATCH_SKM": 5.1,
                "UPLAND_SKM": 145.39999,
                "ENDORHEIC": 0,
                "DIS_AV_CMS": 3.161,
                "ORD_STRA": 2,
                "ORD_CLAS": 2,
                "ORD_FLOW": 6,
                "HYBAS_L12": 4121157120.0,
                "Shape_Length": 0.0242851130198005
            },
            "geometry": {
                "type": "LineString",
                "coordinates": [
                    [
                        81.45624999999964,
                        7.868749999999871
                    ],
                    [
                        81.4604166666663,
                        7.864583333333222
                    ],
                    [
                        81.4604166666663,
                        7.860416666666559
                    ],
                    [
                        81.46458333333297,
                        7.856249999999896
                    ],
                    [
                        81.47291666666635,
                        7.856249999999896
                    ]
                ]
            }
        },
        {
            "type": "Feature",
            "properties": {
                "HYRIV_ID": 41402240,
                "NEXT_DOWN": 41402225,
                "MAIN_RIV": 41402045,
                "LENGTH_KM": 1.11,
                "DIST_DN_KM": 13.8,
                "DIST_UP_KM": 29.1,
                "CATCH_SKM": 0.64,
                "UPLAND_SKM": 156.3,
                "ENDORHEIC": 0,
                "DIS_AV_CMS": 3.402,
                "ORD_STRA": 2,
                "ORD_CLAS": 2,
                "ORD_FLOW": 6,
                "HYBAS_L12": 4121157120.0,
                "Shape_Length": 0.010059223176545413
            },
            "geometry": {
                "type": "LineString",
                "coordinates": [
                    [
                        81.47291666666635,
                        7.856249999999896
                    ],
                    [
                        81.47708333333301,
                        7.860416666666559
                    ],
                    [
                        81.47708333333301,
                        7.864583333333222
                    ]
                ]
            }
        },
        {
            "type": "Feature",
            "properties": {
                "HYRIV_ID": 41402241,
                "NEXT_DOWN": 41402226,
                "MAIN_RIV": 41402045,
                "LENGTH_KM": 0.98,
                "DIST_DN_KM": 13.3,
                "DIST_UP_KM": 3.2,
                "CATCH_SKM": 5.1,
                "UPLAND_SKM": 5.1,
                "ENDORHEIC": 0,
                "DIS_AV_CMS": 0.115,
                "ORD_STRA": 1,
                "ORD_CLAS": 2,
                "ORD_FLOW": 7,
                "HYBAS_L12": 4121157100.0,
                "Shape_Length": 0.008838834764833853
            },
            "geometry": {
                "type": "LineString",
                "coordinates": [
                    [
                        81.48749999999964,
                        7.854166666666522
                    ],
                    [
                        81.48124999999968,
                        7.860416666666559
                    ]
                ]
            }
        },
        {
            "type": "Feature",
            "properties": {
                "HYRIV_ID": 41402270,
                "NEXT_DOWN": 41402200,
                "MAIN_RIV": 41402045,
                "LENGTH_KM": 2.04,
                "DIST_DN_KM": 36.200001,
                "DIST_UP_KM": 6.7,
                "CATCH_SKM": 3.1900001,
                "UPLAND_SKM": 15.1,
                "ENDORHEIC": 0,
                "DIS_AV_CMS": 0.32800001,
                "ORD_STRA": 2,
                "ORD_CLAS": 2,
                "ORD_FLOW": 7,
                "HYBAS_L12": 4121157120.0,
                "Shape_Length": 0.018392556509891266
            },
            "geometry": {
                "type": "LineString",
                "coordinates": [
                    [
                        81.32708333333298,
                        7.847916666666542
                    ],
                    [
                        81.32708333333298,
                        7.852083333333205
                    ],
                    [
                        81.33124999999964,
                        7.856249999999896
                    ],
                    [
                        81.33124999999964,
                        7.864583333333222
                    ]
                ]
            }
        },
        {
            "type": "Feature",
            "properties": {
                "HYRIV_ID": 41402271,
                "NEXT_DOWN": 41402240,
                "MAIN_RIV": 41402045,
                "LENGTH_KM": 1.16,
                "DIST_DN_KM": 14.9,
                "DIST_UP_KM": 4.6,
                "CATCH_SKM": 10.21,
                "UPLAND_SKM": 10.2,
                "ENDORHEIC": 0,
                "DIS_AV_CMS": 0.229,
                "ORD_STRA": 1,
                "ORD_CLAS": 3,
                "ORD_FLOW": 7,
                "HYBAS_L12": 4121157120.0,
                "Shape_Length": 0.010416666666685614
            },
            "geometry": {
                "type": "LineString",
                "coordinates": [
                    [
                        81.47291666666635,
                        7.845833333333211
                    ],
                    [
                        81.47291666666635,
                        7.856249999999896
                    ]
                ]
            }
        },
        {
            "type": "Feature",
            "properties": {
                "HYRIV_ID": 41402287,
                "NEXT_DOWN": 41402237,
                "MAIN_RIV": 41402045,
                "LENGTH_KM": 4.58,
                "DIST_DN_KM": 56.5,
                "DIST_UP_KM": 7.3,
                "CATCH_SKM": 18.07,
                "UPLAND_SKM": 18.1,
                "ENDORHEIC": 0,
                "DIS_AV_CMS": 0.38600001,
                "ORD_STRA": 1,
                "ORD_CLAS": 2,
                "ORD_FLOW": 7,
                "HYBAS_L12": 4121601320.0,
                "Shape_Length": 0.0414572811180003
            },
            "geometry": {
                "type": "LineString",
                "coordinates": [
                    [
                        81.1916666666663,
                        7.841666666666548
                    ],
                    [
                        81.19791666666632,
                        7.847916666666542
                    ],
                    [
                        81.21458333333302,
                        7.847916666666542
                    ],
                    [
                        81.22291666666635,
                        7.856249999999896
                    ],
                    [
                        81.22708333333301,
                        7.856249999999896
                    ]
                ]
            }
        },
        {
            "type": "Feature",
            "properties": {
                "HYRIV_ID": 41402288,
                "NEXT_DOWN": 41402091,
                "MAIN_RIV": 41402045,
                "LENGTH_KM": 7.1,
                "DIST_DN_KM": 52.099998,
                "DIST_UP_KM": 11.4,
                "CATCH_SKM": 31.469999,
                "UPLAND_SKM": 31.5,
                "ENDORHEIC": 0,
                "DIS_AV_CMS": 0.67500001,
                "ORD_STRA": 1,
                "ORD_CLAS": 2,
                "ORD_FLOW": 7,
                "HYBAS_L12": 4121601320.0,
                "Shape_Length": 0.06401650429440543
            },
            "geometry": {
                "type": "LineString",
                "coordinates": [
                    [
                        81.2541666666663,
                        7.841666666666548
                    ],
                    [
                        81.24791666666627,
                        7.847916666666542
                    ],
                    [
                        81.24791666666627,
                        7.860416666666559
                    ],
                    [
                        81.24374999999961,
                        7.864583333333222
                    ],
                    [
                        81.24374999999961,
                        7.881249999999888
                    ],
                    [
                        81.2354166666664,
                        7.889583333333213
                    ],
                    [
                        81.23124999999973,
                        7.889583333333213
                    ],
                    [
                        81.23124999999973,
                        7.893749999999862
                    ]
                ]
            }
        },
        {
            "type": "Feature",
            "properties": {
                "HYRIV_ID": 41402289,
                "NEXT_DOWN": 41402270,
                "MAIN_RIV": 41402045,
                "LENGTH_KM": 1.4400001,
                "DIST_DN_KM": 38.200001,
                "DIST_UP_KM": 4.6,
                "CATCH_SKM": 5.7399998,
                "UPLAND_SKM": 5.7,
                "ENDORHEIC": 0,
                "DIS_AV_CMS": 0.125,
                "ORD_STRA": 1,
                "ORD_CLAS": 2,
                "ORD_FLOW": 7,
                "HYBAS_L12": 4121157120.0,
                "Shape_Length": 0.01300550143150678
            },
            "geometry": {
                "type": "LineString",
                "coordinates": [
                    [
                        81.3166666666663,
                        7.841666666666548
                    ],
                    [
                        81.32291666666632,
                        7.847916666666542
                    ],
                    [
                        81.32708333333298,
                        7.847916666666542
                    ]
                ]
            }
        },
        {
            "type": "Feature",
            "properties": {
                "HYRIV_ID": 41402301,
                "NEXT_DOWN": 41402270,
                "MAIN_RIV": 41402045,
                "LENGTH_KM": 1.16,
                "DIST_DN_KM": 38.200001,
                "DIST_UP_KM": 4.1,
                "CATCH_SKM": 6.1700001,
                "UPLAND_SKM": 6.2,
                "ENDORHEIC": 0,
                "DIS_AV_CMS": 0.134,
                "ORD_STRA": 1,
                "ORD_CLAS": 3,
                "ORD_FLOW": 7,
                "HYBAS_L12": 4121157120.0,
                "Shape_Length": 0.010416666666642982
            },
            "geometry": {
                "type": "LineString",
                "coordinates": [
                    [
                        81.32708333333298,
                        7.837499999999899
                    ],
                    [
                        81.32708333333298,
                        7.847916666666542
                    ]
                ]
            }
        },
        {
            "type": "Feature",
            "properties": {
                "HYRIV_ID": 41402302,
                "NEXT_DOWN": 41402221,
                "MAIN_RIV": 41402045,
                "LENGTH_KM": 7.0,
                "DIST_DN_KM": 29.1,
                "DIST_UP_KM": 8.9,
                "CATCH_SKM": 18.709999,
                "UPLAND_SKM": 18.700001,
                "ENDORHEIC": 0,
                "DIS_AV_CMS": 0.408,
                "ORD_STRA": 1,
                "ORD_CLAS": 3,
                "ORD_FLOW": 7,
                "HYBAS_L12": 4121157120.0,
                "Shape_Length": 0.06330161731416321
            },
            "geometry": {
                "type": "LineString",
                "coordinates": [
                    [
                        81.34583333333293,
                        7.837499999999899
                    ],
                    [
                        81.33958333333302,
                        7.843749999999879
                    ],
                    [
                        81.34374999999957,
                        7.847916666666542
                    ],
                    [
                        81.34791666666635,
                        7.847916666666542
                    ],
                    [
                        81.35208333333301,
                        7.852083333333205
                    ],
                    [
                        81.3604166666664,
                        7.852083333333205
                    ],
                    [
                        81.36874999999961,
                        7.860416666666559
                    ],
                    [
                        81.36874999999961,
                        7.864583333333222
                    ],
                    [
                        81.37291666666627,
                        7.864583333333222
                    ],
                    [
                        81.37708333333293,
                        7.868749999999871
                    ],
                    [
                        81.37708333333293,
                        7.872916666666534
                    ]
                ]
            }
        },
        {
            "type": "Feature",
            "properties": {
                "HYRIV_ID": 41402303,
                "NEXT_DOWN": 41402223,
                "MAIN_RIV": 41402045,
                "LENGTH_KM": 3.02,
                "DIST_DN_KM": 25.3,
                "DIST_UP_KM": 5.6,
                "CATCH_SKM": 12.55,
                "UPLAND_SKM": 12.5,
                "ENDORHEIC": 0,
                "DIS_AV_CMS": 0.278,
                "ORD_STRA": 1,
                "ORD_CLAS": 3,
                "ORD_FLOW": 7,
                "HYBAS_L12": 4121157120.0,
                "Shape_Length": 0.027231391274733445
            },
            "geometry": {
                "type": "LineString",
                "coordinates": [
                    [
                        81.41249999999965,
                        7.837499999999899
                    ],
                    [
                        81.40624999999957,
                        7.843749999999879
                    ],
                    [
                        81.40624999999957,
                        7.847916666666542
                    ],
                    [
                        81.40208333333297,
                        7.852083333333205
                    ],
                    [
                        81.40208333333297,
                        7.860416666666559
                    ]
                ]
            }
        },
        {
            "type": "Feature",
            "properties": {
                "HYRIV_ID": 41402315,
                "NEXT_DOWN": 41402222,
                "MAIN_RIV": 41402045,
                "LENGTH_KM": 3.3900001,
                "DIST_DN_KM": 27.1,
                "DIST_UP_KM": 5.8,
                "CATCH_SKM": 12.33,
                "UPLAND_SKM": 12.3,
                "ENDORHEIC": 0,
                "DIS_AV_CMS": 0.271,
                "ORD_STRA": 1,
                "ORD_CLAS": 3,
                "ORD_FLOW": 7,
                "HYBAS_L12": 4121157120.0,
                "Shape_Length": 0.030535113019753906
            },
            "geometry": {
                "type": "LineString",
                "coordinates": [
                    [
                        81.3812499999996,
                        7.833333333333236
                    ],
                    [
                        81.3812499999996,
                        7.847916666666542
                    ],
                    [
                        81.38958333333292,
                        7.856249999999896
                    ],
                    [
                        81.38958333333292,
                        7.860416666666559
                    ]
                ]
            }
        },
        {
            "type": "Feature",
            "properties": {
                "HYRIV_ID": 41402356,
                "NEXT_DOWN": 41402203,
                "MAIN_RIV": 41402045,
                "LENGTH_KM": 5.77,
                "DIST_DN_KM": 9.5,
                "DIST_UP_KM": 49.200001,
                "CATCH_SKM": 12.76,
                "UPLAND_SKM": 235.2,
                "ENDORHEIC": 0,
                "DIS_AV_CMS": 5.1149998,
                "ORD_STRA": 3,
                "ORD_CLAS": 2,
                "ORD_FLOW": 6,
                "HYBAS_L12": 4121157110.0,
                "Shape_Length": 0.05202200572598936
            },
            "geometry": {
                "type": "LineString",
                "coordinates": [
                    [
                        81.54374999999962,
                        7.822916666666551
                    ],
                    [
                        81.54791666666628,
                        7.827083333333199
                    ],
                    [
                        81.54791666666628,
                        7.835416666666568
                    ],
                    [
                        81.53958333333296,
                        7.843749999999879
                    ],
                    [
                        81.53958333333296,
                        7.852083333333205
                    ],
                    [
                        81.52708333333297,
                        7.864583333333222
                    ]
                ]
            }
        },
        {
            "type": "Feature",
            "properties": {
                "HYRIV_ID": 41402376,
                "NEXT_DOWN": 41402377,
                "MAIN_RIV": 41402045,
                "LENGTH_KM": 0.69,
                "DIST_DN_KM": 18.4,
                "DIST_UP_KM": 3.2,
                "CATCH_SKM": 5.9499998,
                "UPLAND_SKM": 6.0,
                "ENDORHEIC": 0,
                "DIS_AV_CMS": 0.13500001,
                "ORD_STRA": 1,
                "ORD_CLAS": 3,
                "ORD_FLOW": 7,
                "HYBAS_L12": 4121157110.0,
                "Shape_Length": 0.006249999999994316
            },
            "geometry": {
                "type": "LineString",
                "coordinates": [
                    [
                        81.51874999999976,
                        7.824999999999882
                    ],
                    [
                        81.51874999999976,
                        7.818749999999888
                    ]
                ]
            }
        },
        {
            "type": "Feature",
            "properties": {
                "HYRIV_ID": 41402377,
                "NEXT_DOWN": 41402356,
                "MAIN_RIV": 41402045,
                "LENGTH_KM": 3.33,
                "DIST_DN_KM": 15.3,
                "DIST_UP_KM": 43.5,
                "CATCH_SKM": 7.6599998,
                "UPLAND_SKM": 205.39999,
                "ENDORHEIC": 0,
                "DIS_AV_CMS": 4.4910002,
                "ORD_STRA": 3,
                "ORD_CLAS": 2,
                "ORD_FLOW": 6,
                "HYBAS_L12": 4121157110.0,
                "Shape_Length": 0.030177669529552406
            },
            "geometry": {
                "type": "LineString",
                "coordinates": [
                    [
                        81.51874999999976,
                        7.818749999999888
                    ],
                    [
                        81.52291666666625,
                        7.822916666666551
                    ],
                    [
                        81.5354166666663,
                        7.822916666666551
                    ],
                    [
                        81.53958333333296,
                        7.827083333333199
                    ],
                    [
                        81.54374999999962,
                        7.822916666666551
                    ]
                ]
            }
        },
        {
            "type": "Feature",
            "properties": {
                "HYRIV_ID": 41402403,
                "NEXT_DOWN": 41402237,
                "MAIN_RIV": 41402045,
                "LENGTH_KM": 5.6599998,
                "DIST_DN_KM": 56.5,
                "DIST_UP_KM": 85.5,
                "CATCH_SKM": 20.200001,
                "UPLAND_SKM": 875.79999,
                "ENDORHEIC": 0,
                "DIS_AV_CMS": 19.697001,
                "ORD_STRA": 4,
                "ORD_CLAS": 1,
                "ORD_FLOW": 5,
                "HYBAS_L12": 4121601320.0,
                "Shape_Length": 0.05101100286309374
            },
            "geometry": {
                "type": "LineString",
                "coordinates": [
                    [
                        81.22291666666635,
                        7.810416666666534
                    ],
                    [
                        81.22708333333301,
                        7.814583333333225
                    ],
                    [
                        81.22708333333301,
                        7.839583333333216
                    ],
                    [
                        81.23124999999973,
                        7.843749999999879
                    ],
                    [
                        81.23124999999973,
                        7.847916666666542
                    ],
                    [
                        81.22708333333301,
                        7.852083333333205
                    ],
                    [
                        81.22708333333301,
                        7.856249999999896
                    ]
                ]
            }
        },
        {
            "type": "Feature",
            "properties": {
                "HYRIV_ID": 41402404,
                "NEXT_DOWN": 41402377,
                "MAIN_RIV": 41402045,
                "LENGTH_KM": 1.5700001,
                "DIST_DN_KM": 18.4,
                "DIST_UP_KM": 40.3,
                "CATCH_SKM": 3.83,
                "UPLAND_SKM": 191.8,
                "ENDORHEIC": 0,
                "DIS_AV_CMS": 4.211,
                "ORD_STRA": 3,
                "ORD_CLAS": 2,
                "ORD_FLOW": 6,
                "HYBAS_L12": 4121157110.0,
                "Shape_Length": 0.014225889843407242
            },
            "geometry": {
                "type": "LineString",
                "coordinates": [
                    [
                        81.51041666666626,
                        7.810416666666534
                    ],
                    [
                        81.51041666666626,
                        7.814583333333225
                    ],
                    [
                        81.51458333333292,
                        7.818749999999888
                    ],
                    [
                        81.51874999999976,
                        7.818749999999888
                    ]
                ]
            }
        },
        {
            "type": "Feature",
            "properties": {
                "HYRIV_ID": 41402405,
                "NEXT_DOWN": 41402356,
                "MAIN_RIV": 41402045,
                "LENGTH_KM": 1.39,
                "DIST_DN_KM": 15.1,
                "DIST_UP_KM": 6.5,
                "CATCH_SKM": 2.34,
                "UPLAND_SKM": 17.0,
                "ENDORHEIC": 0,
                "DIS_AV_CMS": 0.39,
                "ORD_STRA": 2,
                "ORD_CLAS": 3,
                "ORD_FLOW": 7,
                "HYBAS_L12": 4121157110.0,
                "Shape_Length": 0.012500000000017053
            },
            "geometry": {
                "type": "LineString",
                "coordinates": [
                    [
                        81.54374999999962,
                        7.810416666666534
                    ],
                    [
                        81.54374999999962,
                        7.822916666666551
                    ]
                ]
            }
        },
        {
            "type": "Feature",
            "properties": {
                "HYRIV_ID": 41402426,
                "NEXT_DOWN": 41402405,
                "MAIN_RIV": 41402045,
                "LENGTH_KM": 0.92,
                "DIST_DN_KM": 16.5,
                "DIST_UP_KM": 5.1,
                "CATCH_SKM": 7.4400001,
                "UPLAND_SKM": 7.4,
                "ENDORHEIC": 0,
                "DIS_AV_CMS": 0.171,
                "ORD_STRA": 1,
                "ORD_CLAS": 3,
                "ORD_FLOW": 7,
                "HYBAS_L12": 4121157110.0,
                "Shape_Length": 0.008333333333325754
            },
            "geometry": {
                "type": "LineString",
                "coordinates": [
                    [
                        81.54791666666628,
                        7.806249999999871
                    ],
                    [
                        81.54374999999962,
                        7.806249999999871
                    ],
                    [
                        81.54374999999962,
                        7.810416666666534
                    ]
                ]
            }
        },
        {
            "type": "Feature",
            "properties": {
                "HYRIV_ID": 41402427,
                "NEXT_DOWN": 41402405,
                "MAIN_RIV": 41402045,
                "LENGTH_KM": 1.4400001,
                "DIST_DN_KM": 16.5,
                "DIST_UP_KM": 4.0,
                "CATCH_SKM": 7.23,
                "UPLAND_SKM": 7.2,
                "ENDORHEIC": 0,
                "DIS_AV_CMS": 0.167,
                "ORD_STRA": 1,
                "ORD_CLAS": 4,
                "ORD_FLOW": 7,
                "HYBAS_L12": 4121157110.0,
                "Shape_Length": 0.013005501431466584
            },
            "geometry": {
                "type": "LineString",
                "coordinates": [
                    [
                        81.55416666666625,
                        7.804166666666539
                    ],
                    [
                        81.54791666666628,
                        7.810416666666534
                    ],
                    [
                        81.54374999999962,
                        7.810416666666534
                    ]
                ]
            }
        },
        {
            "type": "Feature",
            "properties": {
                "HYRIV_ID": 41402438,
                "NEXT_DOWN": 41402403,
                "MAIN_RIV": 41402045,
                "LENGTH_KM": 1.12,
                "DIST_DN_KM": 62.099998,
                "DIST_UP_KM": 79.800003,
                "CATCH_SKM": 1.06,
                "UPLAND_SKM": 836.70001,
                "ENDORHEIC": 0,
                "DIS_AV_CMS": 18.921,
                "ORD_STRA": 4,
                "ORD_CLAS": 1,
                "ORD_FLOW": 5,
                "HYBAS_L12": 4121601320.0,
                "Shape_Length": 0.010059223176545413
            },
            "geometry": {
                "type": "LineString",
                "coordinates": [
                    [
                        81.22708333333301,
                        7.802083333333208
                    ],
                    [
                        81.22291666666635,
                        7.806249999999871
                    ],
                    [
                        81.22291666666635,
                        7.810416666666534
                    ]
                ]
            }
        },
        {
            "type": "Feature",
            "properties": {
                "HYRIV_ID": 41402439,
                "NEXT_DOWN": 41402438,
                "MAIN_RIV": 41402045,
                "LENGTH_KM": 2.72,
                "DIST_DN_KM": 63.400002,
                "DIST_UP_KM": 6.1,
                "CATCH_SKM": 12.34,
                "UPLAND_SKM": 12.3,
                "ENDORHEIC": 0,
                "DIS_AV_CMS": 0.267,
                "ORD_STRA": 1,
                "ORD_CLAS": 2,
                "ORD_FLOW": 7,
                "HYBAS_L12": 4121601320.0,
                "Shape_Length": 0.024642556509834622
            },
            "geometry": {
                "type": "LineString",
                "coordinates": [
                    [
                        81.24374999999961,
                        7.8125
                    ],
                    [
                        81.24374999999961,
                        7.806249999999871
                    ],
                    [
                        81.23124999999973,
                        7.806249999999871
                    ],
                    [
                        81.22708333333301,
                        7.802083333333208
                    ]
                ]
            }
        },
        {
            "type": "Feature",
            "properties": {
                "HYRIV_ID": 41402440,
                "NEXT_DOWN": 41402404,
                "MAIN_RIV": 41402045,
                "LENGTH_KM": 1.35,
                "DIST_DN_KM": 20.200001,
                "DIST_UP_KM": 4.3,
                "CATCH_SKM": 6.81,
                "UPLAND_SKM": 6.8,
                "ENDORHEIC": 0,
                "DIS_AV_CMS": 0.155,
                "ORD_STRA": 1,
                "ORD_CLAS": 3,
                "ORD_FLOW": 7,
                "HYBAS_L12": 4121157110.0,
                "Shape_Length": 0.012142556509876851
            },
            "geometry": {
                "type": "LineString",
                "coordinates": [
                    [
                        81.51458333333292,
                        7.799999999999876
                    ],
                    [
                        81.51458333333292,
                        7.806249999999871
                    ],
                    [
                        81.51041666666626,
                        7.810416666666534
                    ]
                ]
            }
        },
        {
            "type": "Feature",
            "properties": {
                "HYRIV_ID": 41402452,
                "NEXT_DOWN": 41402403,
                "MAIN_RIV": 41402045,
                "LENGTH_KM": 4.48,
                "DIST_DN_KM": 62.099998,
                "DIST_UP_KM": 7.1,
                "CATCH_SKM": 18.93,
                "UPLAND_SKM": 18.9,
                "ENDORHEIC": 0,
                "DIS_AV_CMS": 0.408,
                "ORD_STRA": 1,
                "ORD_CLAS": 2,
                "ORD_FLOW": 7,
                "HYBAS_L12": 4121601320.0,
                "Shape_Length": 0.04059433619636865
            },
            "geometry": {
                "type": "LineString",
                "coordinates": [
                    [
                        81.18749999999963,
                        7.797916666666559
                    ],
                    [
                        81.19791666666632,
                        7.797916666666559
                    ],
                    [
                        81.20208333333298,
                        7.802083333333208
                    ],
                    [
                        81.2062499999997,
                        7.802083333333208
                    ],
                    [
                        81.21458333333302,
                        7.810416666666534
                    ],
                    [
                        81.22291666666635,
                        7.810416666666534
                    ]
                ]
            }
        },
        {
            "type": "Feature",
            "properties": {
                "HYRIV_ID": 41402453,
                "NEXT_DOWN": 41402474,
                "MAIN_RIV": 41402045,
                "LENGTH_KM": 0.69,
                "DIST_DN_KM": 50.3,
                "DIST_UP_KM": 3.1,
                "CATCH_SKM": 5.3200002,
                "UPLAND_SKM": 5.3,
                "ENDORHEIC": 0,
                "DIS_AV_CMS": 0.116,
                "ORD_STRA": 1,
                "ORD_CLAS": 4,
                "ORD_FLOW": 7,
                "HYBAS_L12": 4121601380.0,
                "Shape_Length": 0.006249999999980105
            },
            "geometry": {
                "type": "LineString",
                "coordinates": [
                    [
                        81.31041666666633,
                        7.804166666666539
                    ],
                    [
                        81.31041666666633,
                        7.797916666666559
                    ]
                ]
            }
        },
        {
            "type": "Feature",
            "properties": {
                "HYRIV_ID": 41402454,
                "NEXT_DOWN": 41402455,
                "MAIN_RIV": 41402045,
                "LENGTH_KM": 3.6600001,
                "DIST_DN_KM": 29.3,
                "DIST_UP_KM": 6.1,
                "CATCH_SKM": 15.31,
                "UPLAND_SKM": 15.3,
                "ENDORHEIC": 0,
                "DIS_AV_CMS": 0.34200001,
                "ORD_STRA": 1,
                "ORD_CLAS": 3,
                "ORD_FLOW": 7,
                "HYBAS_L12": 4121157110.0,
                "Shape_Length": 0.03312394778467455
            },
            "geometry": {
                "type": "LineString",
                "coordinates": [
                    [
                        81.42916666666625,
                        7.8125
                    ],
                    [
                        81.43541666666627,
                        7.806249999999871
                    ],
                    [
                        81.43958333333299,
                        7.806249999999871
                    ],
                    [
                        81.44374999999965,
                        7.802083333333208
                    ],
                    [
                        81.44791666666632,
                        7.802083333333208
                    ],
                    [
                        81.45208333333298,
                        7.797916666666559
                    ],
                    [
                        81.45624999999964,
                        7.797916666666559
                    ]
                ]
            }
        },
        {
            "type": "Feature",
            "properties": {
                "HYRIV_ID": 41402455,
                "NEXT_DOWN": 41402404,
                "MAIN_RIV": 41402045,
                "LENGTH_KM": 9.29,
                "DIST_DN_KM": 20.200001,
                "DIST_UP_KM": 38.599998,
                "CATCH_SKM": 25.52,
                "UPLAND_SKM": 181.2,
                "ENDORHEIC": 0,
                "DIS_AV_CMS": 3.983,
                "ORD_STRA": 3,
                "ORD_CLAS": 2,
                "ORD_FLOW": 6,
                "HYBAS_L12": 4121157110.0,
                "Shape_Length": 0.08392556509884527
            },
            "geometry": {
                "type": "LineString",
                "coordinates": [
                    [
                        81.45624999999964,
                        7.797916666666559
                    ],
                    [
                        81.45624999999964,
                        7.806249999999871
                    ],
                    [
                        81.4604166666663,
                        7.810416666666534
                    ],
                    [
                        81.46874999999969,
                        7.810416666666534
                    ],
                    [
                        81.47291666666635,
                        7.814583333333225
                    ],
                    [
                        81.47291666666635,
                        7.818749999999888
                    ],
                    [
                        81.47708333333301,
                        7.822916666666551
                    ],
                    [
                        81.48124999999968,
                        7.818749999999888
                    ],
                    [
                        81.48541666666634,
                        7.822916666666551
                    ],
                    [
                        81.489583333333,
                        7.822916666666551
                    ],
                    [
                        81.5062499999996,
                        7.806249999999871
                    ],
                    [
                        81.51041666666626,
                        7.810416666666534
                    ]
                ]
            }
        },
        {
            "type": "Feature",
            "properties": {
                "HYRIV_ID": 41402471,
                "NEXT_DOWN": 41402438,
                "MAIN_RIV": 41402045,
                "LENGTH_KM": 0.93,
                "DIST_DN_KM": 63.200001,
                "DIST_UP_KM": 78.699997,
                "CATCH_SKM": 1.49,
                "UPLAND_SKM": 823.29999,
                "ENDORHEIC": 0,
                "DIS_AV_CMS": 18.643,
                "ORD_STRA": 4,
                "ORD_CLAS": 1,
                "ORD_FLOW": 5,
                "HYBAS_L12": 4121601320.0,
                "Shape_Length": 0.008333333333354176
            },
            "geometry": {
                "type": "LineString",
                "coordinates": [
                    [
                        81.22708333333301,
                        7.793749999999854
                    ],
                    [
                        81.22708333333301,
                        7.802083333333208
                    ]
                ]
            }
        },
        {
            "type": "Feature",
            "properties": {
                "HYRIV_ID": 41402472,
                "NEXT_DOWN": 41402471,
                "MAIN_RIV": 41402045,
                "LENGTH_KM": 2.98,
                "DIST_DN_KM": 64.199997,
                "DIST_UP_KM": 6.3,
                "CATCH_SKM": 9.7799997,
                "UPLAND_SKM": 9.8,
                "ENDORHEIC": 0,
                "DIS_AV_CMS": 0.213,
                "ORD_STRA": 1,
                "ORD_CLAS": 2,
                "ORD_FLOW": 7,
                "HYBAS_L12": 4121601320.0,
                "Shape_Length": 0.02708333333328028
            },
            "geometry": {
                "type": "LineString",
                "coordinates": [
                    [
                        81.2541666666663,
                        7.793749999999854
                    ],
                    [
                        81.22708333333301,
                        7.793749999999854
                    ]
                ]
            }
        },
        {
            "type": "Feature",
            "properties": {
                "HYRIV_ID": 41402473,
                "NEXT_DOWN": 41402474,
                "MAIN_RIV": 41402045,
                "LENGTH_KM": 1.9,
                "DIST_DN_KM": 50.3,
                "DIST_UP_KM": 5.3,
                "CATCH_SKM": 11.27,
                "UPLAND_SKM": 11.3,
                "ENDORHEIC": 0,
                "DIS_AV_CMS": 0.247,
                "ORD_STRA": 1,
                "ORD_CLAS": 3,
                "ORD_FLOW": 7,
                "HYBAS_L12": 4121601380.0,
                "Shape_Length": 0.017172168098256647
            },
            "geometry": {
                "type": "LineString",
                "coordinates": [
                    [
                        81.29583333333292,
                        7.791666666666522
                    ],
                    [
                        81.30208333333294,
                        7.797916666666559
                    ],
                    [
                        81.31041666666633,
                        7.797916666666559
                    ]
                ]
            }
        },
        {
            "type": "Feature",
            "properties": {
                "HYRIV_ID": 41402474,
                "NEXT_DOWN": 41402475,
                "MAIN_RIV": 41402045,
                "LENGTH_KM": 1.5700001,
                "DIST_DN_KM": 48.700001,
                "DIST_UP_KM": 6.9,
                "CATCH_SKM": 4.04,
                "UPLAND_SKM": 20.6,
                "ENDORHEIC": 0,
                "DIS_AV_CMS": 0.45100001,
                "ORD_STRA": 2,
                "ORD_CLAS": 3,
                "ORD_FLOW": 7,
                "HYBAS_L12": 4121601380.0,
                "Shape_Length": 0.014225889843238436
            },
            "geometry": {
                "type": "LineString",
                "coordinates": [
                    [
                        81.31041666666633,
                        7.797916666666559
                    ],
                    [
                        81.31458333333299,
                        7.793749999999854
                    ],
                    [
                        81.32291666666632,
                        7.793749999999854
                    ]
                ]
            }
        },
        {
            "type": "Feature",
            "properties": {
                "HYRIV_ID": 41402475,
                "NEXT_DOWN": 41402542,
                "MAIN_RIV": 41402045,
                "LENGTH_KM": 10.54,
                "DIST_DN_KM": 38.200001,
                "DIST_UP_KM": 20.6,
                "CATCH_SKM": 34.029999,
                "UPLAND_SKM": 93.400002,
                "ENDORHEIC": 0,
                "DIS_AV_CMS": 2.0469999,
                "ORD_STRA": 3,
                "ORD_CLAS": 2,
                "ORD_FLOW": 6,
                "HYBAS_L12": 4121601380.0,
                "Shape_Length": 0.09541456223590884
            },
            "geometry": {
                "type": "LineString",
                "coordinates": [
                    [
                        81.32291666666632,
                        7.793749999999854
                    ],
                    [
                        81.33124999999964,
                        7.793749999999854
                    ],
                    [
                        81.33541666666636,
                        7.797916666666559
                    ],
                    [
                        81.35208333333301,
                        7.797916666666559
                    ],
                    [
                        81.35624999999968,
                        7.802083333333208
                    ],
                    [
                        81.36458333333306,
                        7.802083333333208
                    ],
                    [
                        81.36874999999961,
                        7.806249999999871
                    ],
                    [
                        81.37708333333293,
                        7.806249999999871
                    ],
                    [
                        81.3812499999996,
                        7.810416666666534
                    ],
                    [
                        81.38541666666626,
                        7.810416666666534
                    ],
                    [
                        81.38958333333292,
                        7.806249999999871
                    ],
                    [
                        81.38958333333292,
                        7.802083333333208
                    ],
                    [
                        81.39791666666625,
                        7.793749999999854
                    ],
                    [
                        81.40208333333297,
                        7.793749999999854
                    ]
                ]
            }
        },
        {
            "type": "Feature",
            "properties": {
                "HYRIV_ID": 41402486,
                "NEXT_DOWN": 41402471,
                "MAIN_RIV": 41402045,
                "LENGTH_KM": 0.46,
                "DIST_DN_KM": 64.199997,
                "DIST_UP_KM": 77.800003,
                "CATCH_SKM": 0.42,
                "UPLAND_SKM": 812.0,
                "ENDORHEIC": 0,
                "DIS_AV_CMS": 18.409,
                "ORD_STRA": 4,
                "ORD_CLAS": 1,
                "ORD_FLOW": 5,
                "HYBAS_L12": 4121601320.0,
                "Shape_Length": 0.004166666666662877
            },
            "geometry": {
                "type": "LineString",
                "coordinates": [
                    [
                        81.22708333333301,
                        7.789583333333191
                    ],
                    [
                        81.22708333333301,
                        7.793749999999854
                    ]
                ]
            }
        },
        {
            "type": "Feature",
            "properties": {
                "HYRIV_ID": 41402487,
                "NEXT_DOWN": 41402475,
                "MAIN_RIV": 41402045,
                "LENGTH_KM": 0.46,
                "DIST_DN_KM": 48.700001,
                "DIST_UP_KM": 10.0,
                "CATCH_SKM": 2.55,
                "UPLAND_SKM": 38.700001,
                "ENDORHEIC": 0,
                "DIS_AV_CMS": 0.85500002,
                "ORD_STRA": 2,
                "ORD_CLAS": 2,
                "ORD_FLOW": 7,
                "HYBAS_L12": 4121601380.0,
                "Shape_Length": 0.004166666666662877
            },
            "geometry": {
                "type": "LineString",
                "coordinates": [
                    [
                        81.32291666666632,
                        7.789583333333191
                    ],
                    [
                        81.32291666666632,
                        7.793749999999854
                    ]
                ]
            }
        },
        {
            "type": "Feature",
            "properties": {
                "HYRIV_ID": 41402506,
                "NEXT_DOWN": 41402487,
                "MAIN_RIV": 41402045,
                "LENGTH_KM": 1.8,
                "DIST_DN_KM": 49.200001,
                "DIST_UP_KM": 5.3,
                "CATCH_SKM": 7.23,
                "UPLAND_SKM": 7.2,
                "ENDORHEIC": 0,
                "DIS_AV_CMS": 0.159,
                "ORD_STRA": 1,
                "ORD_CLAS": 3,
                "ORD_FLOW": 7,
                "HYBAS_L12": 4121601380.0,
                "Shape_Length": 0.016309223176444416
            },
            "geometry": {
                "type": "LineString",
                "coordinates": [
                    [
                        81.30833333333308,
                        7.785416666666542
                    ],
                    [
                        81.31458333333299,
                        7.785416666666542
                    ],
                    [
                        81.31874999999965,
                        7.789583333333191
                    ],
                    [
                        81.32291666666632,
                        7.789583333333191
                    ]
                ]
            }
        },
        {
            "type": "Feature",
            "properties": {
                "HYRIV_ID": 41402539,
                "NEXT_DOWN": 41402540,
                "MAIN_RIV": 41402045,
                "LENGTH_KM": 1.38,
                "DIST_DN_KM": 68.199997,
                "DIST_UP_KM": 11.5,
                "CATCH_SKM": 2.1300001,
                "UPLAND_SKM": 40.0,
                "ENDORHEIC": 0,
                "DIS_AV_CMS": 0.871,
                "ORD_STRA": 2,
                "ORD_CLAS": 3,
                "ORD_FLOW": 7,
                "HYBAS_L12": 4121157210.0,
                "Shape_Length": 0.012499999999988631
            },
            "geometry": {
                "type": "LineString",
                "coordinates": [
                    [
                        81.18958333333299,
                        7.777083333333216
                    ],
                    [
                        81.20208333333298,
                        7.777083333333216
                    ]
                ]
            }
        },
        {
            "type": "Feature",
            "properties": {
                "HYRIV_ID": 41402540,
                "NEXT_DOWN": 41402486,
                "MAIN_RIV": 41402045,
                "LENGTH_KM": 3.6,
                "DIST_DN_KM": 64.599998,
                "DIST_UP_KM": 28.3,
                "CATCH_SKM": 5.96,
                "UPLAND_SKM": 160.8,
                "ENDORHEIC": 0,
                "DIS_AV_CMS": 3.5369999,
                "ORD_STRA": 3,
                "ORD_CLAS": 2,
                "ORD_FLOW": 6,
                "HYBAS_L12": 4121157210.0,
                "Shape_Length": 0.032618446353109606
            },
            "geometry": {
                "type": "LineString",
                "coordinates": [
                    [
                        81.20208333333298,
                        7.777083333333216
                    ],
                    [
                        81.2062499999997,
                        7.781249999999879
                    ],
                    [
                        81.21041666666636,
                        7.781249999999879
                    ],
                    [
                        81.21041666666636,
                        7.785416666666542
                    ],
                    [
                        81.21458333333302,
                        7.789583333333191
                    ],
                    [
                        81.22708333333301,
                        7.789583333333191
                    ]
                ]
            }
        },
        {
            "type": "Feature",
            "properties": {
                "HYRIV_ID": 41402541,
                "NEXT_DOWN": 41402542,
                "MAIN_RIV": 41402045,
                "LENGTH_KM": 4.4899998,
                "DIST_DN_KM": 38.200001,
                "DIST_UP_KM": 6.9,
                "CATCH_SKM": 17.02,
                "UPLAND_SKM": 17.0,
                "ENDORHEIC": 0,
                "DIS_AV_CMS": 0.37900001,
                "ORD_STRA": 1,
                "ORD_CLAS": 3,
                "ORD_FLOW": 7,
                "HYBAS_L12": 4121601380.0,
                "Shape_Length": 0.04059433619631181
            },
            "geometry": {
                "type": "LineString",
                "coordinates": [
                    [
                        81.37083333333297,
                        7.777083333333216
                    ],
                    [
                        81.3812499999996,
                        7.777083333333216
                    ],
                    [
                        81.38541666666626,
                        7.781249999999879
                    ],
                    [
                        81.39374999999964,
                        7.781249999999879
                    ],
                    [
                        81.40208333333297,
                        7.789583333333191
                    ],
                    [
                        81.40208333333297,
                        7.793749999999854
                    ]
                ]
            }
        },
        {
            "type": "Feature",
            "properties": {
                "HYRIV_ID": 41402542,
                "NEXT_DOWN": 41402455,
                "MAIN_RIV": 41402045,
                "LENGTH_KM": 8.8900003,
                "DIST_DN_KM": 29.3,
                "DIST_UP_KM": 29.5,
                "CATCH_SKM": 29.99,
                "UPLAND_SKM": 140.39999,
                "ENDORHEIC": 0,
                "DIS_AV_CMS": 3.0869999,
                "ORD_STRA": 3,
                "ORD_CLAS": 2,
                "ORD_FLOW": 6,
                "HYBAS_L12": 4121157110.0,
                "Shape_Length": 0.08047378541244268
            },
            "geometry": {
                "type": "LineString",
                "coordinates": [
                    [
                        81.40208333333297,
                        7.793749999999854
                    ],
                    [
                        81.41874999999962,
                        7.777083333333216
                    ],
                    [
                        81.44374999999965,
                        7.777083333333216
                    ],
                    [
                        81.45208333333298,
                        7.785416666666542
                    ],
                    [
                        81.45624999999964,
                        7.785416666666542
                    ],
                    [
                        81.4604166666663,
                        7.789583333333191
                    ],
                    [
                        81.45624999999964,
                        7.793749999999854
                    ],
                    [
                        81.45624999999964,
                        7.797916666666559
                    ]
                ]
            }
        },
        {
            "type": "Feature",
            "properties": {
                "HYRIV_ID": 41402573,
                "NEXT_DOWN": 41402539,
                "MAIN_RIV": 41402045,
                "LENGTH_KM": 4.8400002,
                "DIST_DN_KM": 69.599998,
                "DIST_UP_KM": 10.1,
                "CATCH_SKM": 18.290001,
                "UPLAND_SKM": 18.3,
                "ENDORHEIC": 0,
                "DIS_AV_CMS": 0.39700001,
                "ORD_STRA": 1,
                "ORD_CLAS": 3,
                "ORD_FLOW": 7,
                "HYBAS_L12": 4121157210.0,
                "Shape_Length": 0.04389805794140333
            },
            "geometry": {
                "type": "LineString",
                "coordinates": [
                    [
                        81.14999999999966,
                        7.766666666666531
                    ],
                    [
                        81.1604166666663,
                        7.777083333333216
                    ],
                    [
                        81.18958333333299,
                        7.777083333333216
                    ]
                ]
            }
        },
        {
            "type": "Feature",
            "properties": {
                "HYRIV_ID": 41402587,
                "NEXT_DOWN": 41402487,
                "MAIN_RIV": 41402045,
                "LENGTH_KM": 3.54,
                "DIST_DN_KM": 49.400002,
                "DIST_UP_KM": 9.4,
                "CATCH_SKM": 6.1700001,
                "UPLAND_SKM": 28.9,
                "ENDORHEIC": 0,
                "DIS_AV_CMS": 0.64,
                "ORD_STRA": 2,
                "ORD_CLAS": 2,
                "ORD_FLOW": 7,
                "HYBAS_L12": 4121601380.0,
                "Shape_Length": 0.03190355937290615
            },
            "geometry": {
                "type": "LineString",
                "coordinates": [
                    [
                        81.33958333333302,
                        7.764583333333199
                    ],
                    [
                        81.33958333333302,
                        7.768749999999862
                    ],
                    [
                        81.32708333333298,
                        7.781249999999879
                    ],
                    [
                        81.32708333333298,
                        7.785416666666542
                    ],
                    [
                        81.32291666666632,
                        7.789583333333191
                    ]
                ]
            }
        },
        {
            "type": "Feature",
            "properties": {
                "HYRIV_ID": 41402614,
                "NEXT_DOWN": 41402486,
                "MAIN_RIV": 41402045,
                "LENGTH_KM": 4.08,
                "DIST_DN_KM": 64.599998,
                "DIST_UP_KM": 77.300003,
                "CATCH_SKM": 13.19,
                "UPLAND_SKM": 650.79999,
                "ENDORHEIC": 0,
                "DIS_AV_CMS": 14.868,
                "ORD_STRA": 4,
                "ORD_CLAS": 1,
                "ORD_FLOW": 5,
                "HYBAS_L12": 4121157220.0,
                "Shape_Length": 0.036785113019786694
            },
            "geometry": {
                "type": "LineString",
                "coordinates": [
                    [
                        81.2354166666664,
                        7.756249999999888
                    ],
                    [
                        81.23124999999973,
                        7.760416666666551
                    ],
                    [
                        81.23124999999973,
                        7.772916666666568
                    ],
                    [
                        81.22708333333301,
                        7.777083333333216
                    ],
                    [
                        81.22708333333301,
                        7.789583333333191
                    ]
                ]
            }
        },
        {
            "type": "Feature",
            "properties": {
                "HYRIV_ID": 41402615,
                "NEXT_DOWN": 41402614,
                "MAIN_RIV": 41402045,
                "LENGTH_KM": 3.1800001,
                "DIST_DN_KM": 68.900002,
                "DIST_UP_KM": 6.1,
                "CATCH_SKM": 14.25,
                "UPLAND_SKM": 14.3,
                "ENDORHEIC": 0,
                "DIS_AV_CMS": 0.31200001,
                "ORD_STRA": 1,
                "ORD_CLAS": 2,
                "ORD_FLOW": 7,
                "HYBAS_L12": 4121157220.0,
                "Shape_Length": 0.028809223176533238
            },
            "geometry": {
                "type": "LineString",
                "coordinates": [
                    [
                        81.26249999999968,
                        7.760416666666551
                    ],
                    [
                        81.23958333333294,
                        7.760416666666551
                    ],
                    [
                        81.2354166666664,
                        7.756249999999888
                    ]
                ]
            }
        },
        {
            "type": "Feature",
            "properties": {
                "HYRIV_ID": 41402616,
                "NEXT_DOWN": 41402587,
                "MAIN_RIV": 41402045,
                "LENGTH_KM": 2.27,
                "DIST_DN_KM": 52.700001,
                "DIST_UP_KM": 5.6,
                "CATCH_SKM": 8.9300003,
                "UPLAND_SKM": 8.9,
                "ENDORHEIC": 0,
                "DIS_AV_CMS": 0.199,
                "ORD_STRA": 1,
                "ORD_CLAS": 3,
                "ORD_FLOW": 7,
                "HYBAS_L12": 4121601380.0,
                "Shape_Length": 0.020475889843159262
            },
            "geometry": {
                "type": "LineString",
                "coordinates": [
                    [
                        81.35208333333301,
                        7.754166666666556
                    ],
                    [
                        81.35208333333301,
                        7.760416666666551
                    ],
                    [
                        81.34791666666635,
                        7.760416666666551
                    ],
                    [
                        81.34374999999957,
                        7.764583333333199
                    ],
                    [
                        81.33958333333302,
                        7.764583333333199
                    ]
                ]
            }
        },
        {
            "type": "Feature",
            "properties": {
                "HYRIV_ID": 41402628,
                "NEXT_DOWN": 41402587,
                "MAIN_RIV": 41402045,
                "LENGTH_KM": 3.2,
                "DIST_DN_KM": 52.900002,
                "DIST_UP_KM": 5.8,
                "CATCH_SKM": 13.82,
                "UPLAND_SKM": 13.8,
                "ENDORHEIC": 0,
                "DIS_AV_CMS": 0.306,
                "ORD_STRA": 1,
                "ORD_CLAS": 2,
                "ORD_FLOW": 7,
                "HYBAS_L12": 4121601380.0,
                "Shape_Length": 0.028957281117964875
            },
            "geometry": {
                "type": "LineString",
                "coordinates": [
                    [
                        81.3166666666663,
                        7.749999999999893
                    ],
                    [
                        81.32291666666632,
                        7.756249999999888
                    ],
                    [
                        81.33124999999964,
                        7.756249999999888
                    ],
                    [
                        81.33958333333302,
                        7.764583333333199
                    ]
                ]
            }
        },
        {
            "type": "Feature",
            "properties": {
                "HYRIV_ID": 41402673,
                "NEXT_DOWN": 41402539,
                "MAIN_RIV": 41402045,
                "LENGTH_KM": 5.8,
                "DIST_DN_KM": 69.599998,
                "DIST_UP_KM": 9.1,
                "CATCH_SKM": 19.57,
                "UPLAND_SKM": 19.6,
                "ENDORHEIC": 0,
                "DIS_AV_CMS": 0.428,
                "ORD_STRA": 1,
                "ORD_CLAS": 4,
                "ORD_FLOW": 7,
                "HYBAS_L12": 4121157210.0,
                "Shape_Length": 0.052379449216141336
            },
            "geometry": {
                "type": "LineString",
                "coordinates": [
                    [
                        81.16458333333296,
                        7.737499999999876
                    ],
                    [
                        81.16458333333296,
                        7.743749999999871
                    ],
                    [
                        81.16874999999962,
                        7.747916666666562
                    ],
                    [
                        81.16874999999962,
                        7.756249999999888
                    ],
                    [
                        81.17708333333294,
                        7.764583333333199
                    ],
                    [
                        81.18124999999966,
                        7.764583333333199
                    ],
                    [
                        81.18958333333299,
                        7.772916666666568
                    ],
                    [
                        81.18958333333299,
                        7.777083333333216
                    ]
                ]
            }
        },
        {
            "type": "Feature",
            "properties": {
                "HYRIV_ID": 41402686,
                "NEXT_DOWN": 41402705,
                "MAIN_RIV": 41402045,
                "LENGTH_KM": 1.15,
                "DIST_DN_KM": 75.0,
                "DIST_UP_KM": 4.4,
                "CATCH_SKM": 8.08,
                "UPLAND_SKM": 8.1,
                "ENDORHEIC": 0,
                "DIS_AV_CMS": 0.17900001,
                "ORD_STRA": 1,
                "ORD_CLAS": 3,
                "ORD_FLOW": 7,
                "HYBAS_L12": 4121157220.0,
                "Shape_Length": 0.010416666666742458
            },
            "geometry": {
                "type": "LineString",
                "coordinates": [
                    [
                        81.27499999999966,
                        7.735416666666545
                    ],
                    [
                        81.26458333333292,
                        7.735416666666545
                    ]
                ]
            }
        },
        {
            "type": "Feature",
            "properties": {
                "HYRIV_ID": 41402704,
                "NEXT_DOWN": 41402614,
                "MAIN_RIV": 41402045,
                "LENGTH_KM": 2.97,
                "DIST_DN_KM": 68.699997,
                "DIST_UP_KM": 73.199997,
                "CATCH_SKM": 8.7200003,
                "UPLAND_SKM": 623.40002,
                "ENDORHEIC": 0,
                "DIS_AV_CMS": 14.305,
                "ORD_STRA": 4,
                "ORD_CLAS": 1,
                "ORD_FLOW": 5,
                "HYBAS_L12": 4121157220.0,
                "Shape_Length": 0.026725889843134905
            },
            "geometry": {
                "type": "LineString",
                "coordinates": [
                    [
                        81.23958333333294,
                        7.731249999999896
                    ],
                    [
                        81.2354166666664,
                        7.735416666666545
                    ],
                    [
                        81.2354166666664,
                        7.756249999999888
                    ]
                ]
            }
        },
        {
            "type": "Feature",
            "properties": {
                "HYRIV_ID": 41402705,
                "NEXT_DOWN": 41402704,
                "MAIN_RIV": 41402045,
                "LENGTH_KM": 3.33,
                "DIST_DN_KM": 71.900002,
                "DIST_UP_KM": 11.5,
                "CATCH_SKM": 6.1700001,
                "UPLAND_SKM": 39.099998,
                "ENDORHEIC": 0,
                "DIS_AV_CMS": 0.866,
                "ORD_STRA": 2,
                "ORD_CLAS": 2,
                "ORD_FLOW": 7,
                "HYBAS_L12": 4121157220.0,
                "Shape_Length": 0.030177669529606096
            },
            "geometry": {
                "type": "LineString",
                "coordinates": [
                    [
                        81.26458333333292,
                        7.735416666666545
                    ],
                    [
                        81.26041666666626,
                        7.731249999999896
                    ],
                    [
                        81.24791666666627,
                        7.731249999999896
                    ],
                    [
                        81.24374999999961,
                        7.735416666666545
                    ],
                    [
                        81.23958333333294,
                        7.731249999999896
                    ]
                ]
            }
        },
        {
            "type": "Feature",
            "properties": {
                "HYRIV_ID": 41402778,
                "NEXT_DOWN": 41402704,
                "MAIN_RIV": 41402045,
                "LENGTH_KM": 3.07,
                "DIST_DN_KM": 71.699997,
                "DIST_UP_KM": 70.199997,
                "CATCH_SKM": 12.76,
                "UPLAND_SKM": 575.5,
                "ENDORHEIC": 0,
                "DIS_AV_CMS": 13.273,
                "ORD_STRA": 4,
                "ORD_CLAS": 1,
                "ORD_FLOW": 5,
                "HYBAS_L12": 4121157220.0,
                "Shape_Length": 0.02773689270606483
            },
            "geometry": {
                "type": "LineString",
                "coordinates": [
                    [
                        81.23958333333294,
                        7.710416666666553
                    ],
                    [
                        81.24374999999961,
                        7.714583333333216
                    ],
                    [
                        81.2354166666664,
                        7.722916666666528
                    ],
                    [
                        81.23958333333294,
                        7.727083333333191
                    ],
                    [
                        81.23958333333294,
                        7.731249999999896
                    ]
                ]
            }
        },
        {
            "type": "Feature",
            "properties": {
                "HYRIV_ID": 41402794,
                "NEXT_DOWN": 41402705,
                "MAIN_RIV": 41402045,
                "LENGTH_KM": 5.1599998,
                "DIST_DN_KM": 75.199997,
                "DIST_UP_KM": 8.2,
                "CATCH_SKM": 24.889999,
                "UPLAND_SKM": 24.9,
                "ENDORHEIC": 0,
                "DIS_AV_CMS": 0.55299997,
                "ORD_STRA": 1,
                "ORD_CLAS": 2,
                "ORD_FLOW": 7,
                "HYBAS_L12": 4121157220.0,
                "Shape_Length": 0.04663495064756569
            },
            "geometry": {
                "type": "LineString",
                "coordinates": [
                    [
                        81.29583333333292,
                        7.704166666666573
                    ],
                    [
                        81.28124999999957,
                        7.718749999999879
                    ],
                    [
                        81.27708333333297,
                        7.718749999999879
                    ],
                    [
                        81.27291666666625,
                        7.722916666666528
                    ],
                    [
                        81.27291666666625,
                        7.727083333333191
                    ],
                    [
                        81.26458333333292,
                        7.735416666666545
                    ]
                ]
            }
        },
        {
            "type": "Feature",
            "properties": {
                "HYRIV_ID": 41402808,
                "NEXT_DOWN": 41402778,
                "MAIN_RIV": 41402045,
                "LENGTH_KM": 2.36,
                "DIST_DN_KM": 74.800003,
                "DIST_UP_KM": 5.6,
                "CATCH_SKM": 8.7200003,
                "UPLAND_SKM": 8.7,
                "ENDORHEIC": 0,
                "DIS_AV_CMS": 0.19400001,
                "ORD_STRA": 1,
                "ORD_CLAS": 2,
                "ORD_FLOW": 7,
                "HYBAS_L12": 4121157220.0,
                "Shape_Length": 0.02133883476484847
            },
            "geometry": {
                "type": "LineString",
                "coordinates": [
                    [
                        81.2541666666663,
                        7.699999999999868
                    ],
                    [
                        81.24791666666627,
                        7.70625
                    ],
                    [
                        81.24791666666627,
                        7.710416666666553
                    ],
                    [
                        81.23958333333294,
                        7.710416666666553
                    ]
                ]
            }
        },
        {
            "type": "Feature",
            "properties": {
                "HYRIV_ID": 41402823,
                "NEXT_DOWN": 41402824,
                "MAIN_RIV": 41402045,
                "LENGTH_KM": 1.61,
                "DIST_DN_KM": 78.599998,
                "DIST_UP_KM": 4.4,
                "CATCH_SKM": 8.9300003,
                "UPLAND_SKM": 8.9,
                "ENDORHEIC": 0,
                "DIS_AV_CMS": 0.198,
                "ORD_STRA": 1,
                "ORD_CLAS": 3,
                "ORD_FLOW": 7,
                "HYBAS_L12": 4121157210.0,
                "Shape_Length": 0.014583333333348492
            },
            "geometry": {
                "type": "LineString",
                "coordinates": [
                    [
                        81.1624999999996,
                        7.697916666666536
                    ],
                    [
                        81.17708333333294,
                        7.697916666666536
                    ]
                ]
            }
        },
        {
            "type": "Feature",
            "properties": {
                "HYRIV_ID": 41402824,
                "NEXT_DOWN": 41402540,
                "MAIN_RIV": 41402045,
                "LENGTH_KM": 10.31,
                "DIST_DN_KM": 68.199997,
                "DIST_UP_KM": 24.700001,
                "CATCH_SKM": 34.669998,
                "UPLAND_SKM": 114.9,
                "ENDORHEIC": 0,
                "DIS_AV_CMS": 2.5450001,
                "ORD_STRA": 2,
                "ORD_CLAS": 2,
                "ORD_FLOW": 6,
                "HYBAS_L12": 4121157210.0,
                "Shape_Length": 0.09297378541247739
            },
            "geometry": {
                "type": "LineString",
                "coordinates": [
                    [
                        81.17708333333294,
                        7.697916666666536
                    ],
                    [
                        81.17708333333294,
                        7.70625
                    ],
                    [
                        81.18124999999966,
                        7.710416666666553
                    ],
                    [
                        81.18124999999966,
                        7.718749999999879
                    ],
                    [
                        81.18541666666633,
                        7.722916666666528
                    ],
                    [
                        81.18541666666633,
                        7.727083333333191
                    ],
                    [
                        81.20208333333298,
                        7.743749999999871
                    ],
                    [
                        81.20208333333298,
                        7.752083333333225
                    ],
                    [
                        81.19791666666632,
                        7.756249999999888
                    ],
                    [
                        81.19791666666632,
                        7.764583333333199
                    ],
                    [
                        81.20208333333298,
                        7.768749999999862
                    ],
                    [
                        81.20208333333298,
                        7.777083333333216
                    ]
                ]
            }
        },
        {
            "type": "Feature",
            "properties": {
                "HYRIV_ID": 41402870,
                "NEXT_DOWN": 41402778,
                "MAIN_RIV": 41402045,
                "LENGTH_KM": 3.24,
                "DIST_DN_KM": 74.800003,
                "DIST_UP_KM": 67.199997,
                "CATCH_SKM": 10.21,
                "UPLAND_SKM": 554.0,
                "ENDORHEIC": 0,
                "DIS_AV_CMS": 12.818,
                "ORD_STRA": 4,
                "ORD_CLAS": 1,
                "ORD_FLOW": 5,
                "HYBAS_L12": 4121157220.0,
                "Shape_Length": 0.02916666666664014
            },
            "geometry": {
                "type": "LineString",
                "coordinates": [
                    [
                        81.23958333333294,
                        7.68125
                    ],
                    [
                        81.23958333333294,
                        7.710416666666553
                    ]
                ]
            }
        },
        {
            "type": "Feature",
            "properties": {
                "HYRIV_ID": 41402888,
                "NEXT_DOWN": 41402870,
                "MAIN_RIV": 41402045,
                "LENGTH_KM": 3.27,
                "DIST_DN_KM": 78.0,
                "DIST_UP_KM": 5.7,
                "CATCH_SKM": 9.3599997,
                "UPLAND_SKM": 9.4,
                "ENDORHEIC": 0,
                "DIS_AV_CMS": 0.20900001,
                "ORD_STRA": 1,
                "ORD_CLAS": 3,
                "ORD_FLOW": 7,
                "HYBAS_L12": 4121601440.0,
                "Shape_Length": 0.02967216809822863
            },
            "geometry": {
                "type": "LineString",
                "coordinates": [
                    [
                        81.26666666666634,
                        7.674999999999876
                    ],
                    [
                        81.26041666666626,
                        7.68125
                    ],
                    [
                        81.23958333333294,
                        7.68125
                    ]
                ]
            }
        },
        {
            "type": "Feature",
            "properties": {
                "HYRIV_ID": 41402909,
                "NEXT_DOWN": 41402870,
                "MAIN_RIV": 41402045,
                "LENGTH_KM": 1.12,
                "DIST_DN_KM": 78.0,
                "DIST_UP_KM": 10.6,
                "CATCH_SKM": 1.49,
                "UPLAND_SKM": 44.700001,
                "ENDORHEIC": 0,
                "DIS_AV_CMS": 1.0039999,
                "ORD_STRA": 2,
                "ORD_CLAS": 2,
                "ORD_FLOW": 6,
                "HYBAS_L12": 4121601440.0,
                "Shape_Length": 0.010059223176588045
            },
            "geometry": {
                "type": "LineString",
                "coordinates": [
                    [
                        81.24374999999961,
                        7.672916666666545
                    ],
                    [
                        81.23958333333294,
                        7.677083333333208
                    ],
                    [
                        81.23958333333294,
                        7.68125
                    ]
                ]
            }
        },
        {
            "type": "Feature",
            "properties": {
                "HYRIV_ID": 41402932,
                "NEXT_DOWN": 41402933,
                "MAIN_RIV": 41402045,
                "LENGTH_KM": 4.02,
                "DIST_DN_KM": 82.400002,
                "DIST_UP_KM": 6.7,
                "CATCH_SKM": 18.93,
                "UPLAND_SKM": 18.9,
                "ENDORHEIC": 0,
                "DIS_AV_CMS": 0.422,
                "ORD_STRA": 1,
                "ORD_CLAS": 3,
                "ORD_FLOW": 7,
                "HYBAS_L12": 4121157210.0,
                "Shape_Length": 0.036427669529605584
            },
            "geometry": {
                "type": "LineString",
                "coordinates": [
                    [
                        81.13749999999968,
                        7.68125
                    ],
                    [
                        81.14791666666625,
                        7.68125
                    ],
                    [
                        81.15208333333297,
                        7.677083333333208
                    ],
                    [
                        81.1604166666663,
                        7.677083333333208
                    ],
                    [
                        81.16874999999962,
                        7.668749999999896
                    ]
                ]
            }
        },
        {
            "type": "Feature",
            "properties": {
                "HYRIV_ID": 41402933,
                "NEXT_DOWN": 41402824,
                "MAIN_RIV": 41402045,
                "LENGTH_KM": 3.62,
                "DIST_DN_KM": 78.599998,
                "DIST_UP_KM": 14.4,
                "CATCH_SKM": 13.83,
                "UPLAND_SKM": 71.300003,
                "ENDORHEIC": 0,
                "DIS_AV_CMS": 1.596,
                "ORD_STRA": 2,
                "ORD_CLAS": 2,
                "ORD_FLOW": 6,
                "HYBAS_L12": 4121157210.0,
                "Shape_Length": 0.03261844635307114
            },
            "geometry": {
                "type": "LineString",
                "coordinates": [
                    [
                        81.16874999999962,
                        7.668749999999896
                    ],
                    [
                        81.17291666666628,
                        7.672916666666545
                    ],
                    [
                        81.17291666666628,
                        7.677083333333208
                    ],
                    [
                        81.17708333333294,
                        7.68125
                    ],
                    [
                        81.17708333333294,
                        7.697916666666536
                    ]
                ]
            }
        },
        {
            "type": "Feature",
            "properties": {
                "HYRIV_ID": 41402961,
                "NEXT_DOWN": 41402909,
                "MAIN_RIV": 41402045,
                "LENGTH_KM": 4.9400001,
                "DIST_DN_KM": 79.300003,
                "DIST_UP_KM": 7.4,
                "CATCH_SKM": 18.93,
                "UPLAND_SKM": 18.9,
                "ENDORHEIC": 0,
                "DIS_AV_CMS": 0.42500001,
                "ORD_STRA": 1,
                "ORD_CLAS": 3,
                "ORD_FLOW": 7,
                "HYBAS_L12": 4121601440.0,
                "Shape_Length": 0.044761002863085216
            },
            "geometry": {
                "type": "LineString",
                "coordinates": [
                    [
                        81.28333333333305,
                        7.660416666666528
                    ],
                    [
                        81.26041666666626,
                        7.660416666666528
                    ],
                    [
                        81.2562499999996,
                        7.664583333333191
                    ],
                    [
                        81.25208333333305,
                        7.664583333333191
                    ],
                    [
                        81.24374999999961,
                        7.672916666666545
                    ]
                ]
            }
        },
        {
            "type": "Feature",
            "properties": {
                "HYRIV_ID": 41402983,
                "NEXT_DOWN": 41402933,
                "MAIN_RIV": 41402045,
                "LENGTH_KM": 1.77,
                "DIST_DN_KM": 82.400002,
                "DIST_UP_KM": 10.6,
                "CATCH_SKM": 5.96,
                "UPLAND_SKM": 38.5,
                "ENDORHEIC": 0,
                "DIS_AV_CMS": 0.86799997,
                "ORD_STRA": 2,
                "ORD_CLAS": 2,
                "ORD_FLOW": 7,
                "HYBAS_L12": 4121157210.0,
                "Shape_Length": 0.015951779686443884
            },
            "geometry": {
                "type": "LineString",
                "coordinates": [
                    [
                        81.16874999999962,
                        7.656249999999879
                    ],
                    [
                        81.16874999999962,
                        7.660416666666528
                    ],
                    [
                        81.17291666666628,
                        7.664583333333191
                    ],
                    [
                        81.16874999999962,
                        7.668749999999896
                    ]
                ]
            }
        },
        {
            "type": "Feature",
            "properties": {
                "HYRIV_ID": 41403014,
                "NEXT_DOWN": 41402983,
                "MAIN_RIV": 41402045,
                "LENGTH_KM": 2.22,
                "DIST_DN_KM": 84.099998,
                "DIST_UP_KM": 8.8,
                "CATCH_SKM": 2.98,
                "UPLAND_SKM": 23.8,
                "ENDORHEIC": 0,
                "DIS_AV_CMS": 0.538,
                "ORD_STRA": 2,
                "ORD_CLAS": 2,
                "ORD_FLOW": 7,
                "HYBAS_L12": 4121157210.0,
                "Shape_Length": 0.020118446353090826
            },
            "geometry": {
                "type": "LineString",
                "coordinates": [
                    [
                        81.15208333333297,
                        7.647916666666553
                    ],
                    [
                        81.1604166666663,
                        7.647916666666553
                    ],
                    [
                        81.16874999999962,
                        7.656249999999879
                    ]
                ]
            }
        },
        {
            "type": "Feature",
            "properties": {
                "HYRIV_ID": 41403015,
                "NEXT_DOWN": 41402870,
                "MAIN_RIV": 41402045,
                "LENGTH_KM": 5.7600002,
                "DIST_DN_KM": 78.199997,
                "DIST_UP_KM": 63.700001,
                "CATCH_SKM": 19.15,
                "UPLAND_SKM": 489.79999,
                "ENDORHEIC": 0,
                "DIS_AV_CMS": 11.405,
                "ORD_STRA": 4,
                "ORD_CLAS": 1,
                "ORD_FLOW": 5,
                "HYBAS_L12": 4121601440.0,
                "Shape_Length": 0.0520220057259717
            },
            "geometry": {
                "type": "LineString",
                "coordinates": [
                    [
                        81.21458333333302,
                        7.647916666666553
                    ],
                    [
                        81.22291666666635,
                        7.656249999999879
                    ],
                    [
                        81.21874999999969,
                        7.660416666666528
                    ],
                    [
                        81.22291666666635,
                        7.664583333333191
                    ],
                    [
                        81.22291666666635,
                        7.672916666666545
                    ],
                    [
                        81.22708333333301,
                        7.677083333333208
                    ],
                    [
                        81.2354166666664,
                        7.677083333333208
                    ],
                    [
                        81.23958333333294,
                        7.68125
                    ]
                ]
            }
        },
        {
            "type": "Feature",
            "properties": {
                "HYRIV_ID": 41403023,
                "NEXT_DOWN": 41403014,
                "MAIN_RIV": 41402045,
                "LENGTH_KM": 2.26,
                "DIST_DN_KM": 86.199997,
                "DIST_UP_KM": 5.0,
                "CATCH_SKM": 10.64,
                "UPLAND_SKM": 10.6,
                "ENDORHEIC": 0,
                "DIS_AV_CMS": 0.24,
                "ORD_STRA": 1,
                "ORD_CLAS": 3,
                "ORD_FLOW": 7,
                "HYBAS_L12": 4121157210.0,
                "Shape_Length": 0.020475889843157534
            },
            "geometry": {
                "type": "LineString",
                "coordinates": [
                    [
                        81.13333333333301,
                        7.643749999999891
                    ],
                    [
                        81.13958333333292,
                        7.643749999999891
                    ],
                    [
                        81.14374999999964,
                        7.647916666666553
                    ],
                    [
                        81.15208333333297,
                        7.647916666666553
                    ]
                ]
            }
        },
        {
            "type": "Feature",
            "properties": {
                "HYRIV_ID": 41403033,
                "NEXT_DOWN": 41402983,
                "MAIN_RIV": 41402045,
                "LENGTH_KM": 2.37,
                "DIST_DN_KM": 83.900002,
                "DIST_UP_KM": 4.9,
                "CATCH_SKM": 8.7200003,
                "UPLAND_SKM": 8.7,
                "ENDORHEIC": 0,
                "DIS_AV_CMS": 0.197,
                "ORD_STRA": 1,
                "ORD_CLAS": 3,
                "ORD_FLOW": 7,
                "HYBAS_L12": 4121157210.0,
                "Shape_Length": 0.02133883476485263
            },
            "geometry": {
                "type": "LineString",
                "coordinates": [
                    [
                        81.1624999999996,
                        7.637499999999868
                    ],
                    [
                        81.16874999999962,
                        7.643749999999891
                    ],
                    [
                        81.16874999999962,
                        7.656249999999879
                    ]
                ]
            }
        },
        {
            "type": "Feature",
            "properties": {
                "HYRIV_ID": 41403055,
                "NEXT_DOWN": 41403014,
                "MAIN_RIV": 41402045,
                "LENGTH_KM": 2.37,
                "DIST_DN_KM": 86.199997,
                "DIST_UP_KM": 6.8,
                "CATCH_SKM": 10.21,
                "UPLAND_SKM": 10.2,
                "ENDORHEIC": 0,
                "DIS_AV_CMS": 0.232,
                "ORD_STRA": 1,
                "ORD_CLAS": 2,
                "ORD_FLOW": 7,
                "HYBAS_L12": 4121157210.0,
                "Shape_Length": 0.021338834764810712
            },
            "geometry": {
                "type": "LineString",
                "coordinates": [
                    [
                        81.145833333333,
                        7.629166666666556
                    ],
                    [
                        81.15208333333297,
                        7.635416666666536
                    ],
                    [
                        81.15208333333297,
                        7.647916666666553
                    ]
                ]
            }
        },
        {
            "type": "Feature",
            "properties": {
                "HYRIV_ID": 41403086,
                "NEXT_DOWN": 41402909,
                "MAIN_RIV": 41402045,
                "LENGTH_KM": 6.83,
                "DIST_DN_KM": 79.099998,
                "DIST_UP_KM": 9.5,
                "CATCH_SKM": 24.25,
                "UPLAND_SKM": 24.3,
                "ENDORHEIC": 0,
                "DIS_AV_CMS": 0.546,
                "ORD_STRA": 1,
                "ORD_CLAS": 2,
                "ORD_FLOW": 7,
                "HYBAS_L12": 4121601440.0,
                "Shape_Length": 0.061575727470885994
            },
            "geometry": {
                "type": "LineString",
                "coordinates": [
                    [
                        81.24999999999963,
                        7.620833333333231
                    ],
                    [
                        81.2354166666664,
                        7.635416666666536
                    ],
                    [
                        81.2354166666664,
                        7.652083333333216
                    ],
                    [
                        81.23958333333294,
                        7.656249999999879
                    ],
                    [
                        81.23958333333294,
                        7.660416666666528
                    ],
                    [
                        81.24374999999961,
                        7.664583333333191
                    ],
                    [
                        81.24374999999961,
                        7.672916666666545
                    ]
                ]
            }
        },
        {
            "type": "Feature",
            "properties": {
                "HYRIV_ID": 41403167,
                "NEXT_DOWN": 41403217,
                "MAIN_RIV": 41402045,
                "LENGTH_KM": 2.72,
                "DIST_DN_KM": 96.400002,
                "DIST_UP_KM": 6.5,
                "CATCH_SKM": 9.3599997,
                "UPLAND_SKM": 9.4,
                "ENDORHEIC": 0,
                "DIS_AV_CMS": 0.214,
                "ORD_STRA": 1,
                "ORD_CLAS": 4,
                "ORD_FLOW": 7,
                "HYBAS_L12": 4121601470.0,
                "Shape_Length": 0.024642556509843663
            },
            "geometry": {
                "type": "LineString",
                "coordinates": [
                    [
                        81.12916666666635,
                        7.606249999999882
                    ],
                    [
                        81.14374999999964,
                        7.606249999999882
                    ],
                    [
                        81.14791666666625,
                        7.602083333333233
                    ],
                    [
                        81.15208333333297,
                        7.602083333333233
                    ]
                ]
            }
        },
        {
            "type": "Feature",
            "properties": {
                "HYRIV_ID": 41403168,
                "NEXT_DOWN": 41403015,
                "MAIN_RIV": 41402045,
                "LENGTH_KM": 5.6599998,
                "DIST_DN_KM": 84.0,
                "DIST_UP_KM": 58.0,
                "CATCH_SKM": 18.93,
                "UPLAND_SKM": 453.60001,
                "ENDORHEIC": 0,
                "DIS_AV_CMS": 10.626,
                "ORD_STRA": 4,
                "ORD_CLAS": 1,
                "ORD_FLOW": 5,
                "HYBAS_L12": 4121601440.0,
                "Shape_Length": 0.05101100286301092
            },
            "geometry": {
                "type": "LineString",
                "coordinates": [
                    [
                        81.20208333333298,
                        7.602083333333233
                    ],
                    [
                        81.20208333333298,
                        7.635416666666536
                    ],
                    [
                        81.21458333333302,
                        7.647916666666553
                    ]
                ]
            }
        },
        {
            "type": "Feature",
            "properties": {
                "HYRIV_ID": 41403201,
                "NEXT_DOWN": 41403015,
                "MAIN_RIV": 41402045,
                "LENGTH_KM": 6.8200002,
                "DIST_DN_KM": 83.800003,
                "DIST_UP_KM": 9.9,
                "CATCH_SKM": 17.02,
                "UPLAND_SKM": 17.0,
                "ENDORHEIC": 0,
                "DIS_AV_CMS": 0.38600001,
                "ORD_STRA": 1,
                "ORD_CLAS": 2,
                "ORD_FLOW": 7,
                "HYBAS_L12": 4121601440.0,
                "Shape_Length": 0.06142766952968304
            },
            "geometry": {
                "type": "LineString",
                "coordinates": [
                    [
                        81.21874999999969,
                        7.591666666666534
                    ],
                    [
                        81.21874999999969,
                        7.606249999999882
                    ],
                    [
                        81.22291666666635,
                        7.610416666666545
                    ],
                    [
                        81.21874999999969,
                        7.614583333333208
                    ],
                    [
                        81.21874999999969,
                        7.639583333333242
                    ],
                    [
                        81.21458333333302,
                        7.643749999999891
                    ],
                    [
                        81.21458333333302,
                        7.647916666666553
                    ]
                ]
            }
        },
        {
            "type": "Feature",
            "properties": {
                "HYRIV_ID": 41403217,
                "NEXT_DOWN": 41403218,
                "MAIN_RIV": 41402045,
                "LENGTH_KM": 4.71,
                "DIST_DN_KM": 91.699997,
                "DIST_UP_KM": 11.3,
                "CATCH_SKM": 11.7,
                "UPLAND_SKM": 31.5,
                "ENDORHEIC": 0,
                "DIS_AV_CMS": 0.72,
                "ORD_STRA": 2,
                "ORD_CLAS": 3,
                "ORD_FLOW": 7,
                "HYBAS_L12": 4121601470.0,
                "Shape_Length": 0.04267766952970181
            },
            "geometry": {
                "type": "LineString",
                "coordinates": [
                    [
                        81.15208333333297,
                        7.602083333333233
                    ],
                    [
                        81.15624999999963,
                        7.597916666666528
                    ],
                    [
                        81.1604166666663,
                        7.597916666666528
                    ],
                    [
                        81.16458333333296,
                        7.593749999999865
                    ],
                    [
                        81.16874999999962,
                        7.593749999999865
                    ],
                    [
                        81.17291666666628,
                        7.589583333333216
                    ],
                    [
                        81.18958333333299,
                        7.589583333333216
                    ]
                ]
            }
        },
        {
            "type": "Feature",
            "properties": {
                "HYRIV_ID": 41403218,
                "NEXT_DOWN": 41403168,
                "MAIN_RIV": 41402045,
                "LENGTH_KM": 2.23,
                "DIST_DN_KM": 89.400002,
                "DIST_UP_KM": 19.0,
                "CATCH_SKM": 5.1100001,
                "UPLAND_SKM": 93.599998,
                "ENDORHEIC": 0,
                "DIS_AV_CMS": 2.155,
                "ORD_STRA": 3,
                "ORD_CLAS": 2,
                "ORD_FLOW": 6,
                "HYBAS_L12": 4121601470.0,
                "Shape_Length": 0.020118446353110924
            },
            "geometry": {
                "type": "LineString",
                "coordinates": [
                    [
                        81.18958333333299,
                        7.589583333333216
                    ],
                    [
                        81.19374999999965,
                        7.593749999999865
                    ],
                    [
                        81.19374999999965,
                        7.597916666666528
                    ],
                    [
                        81.19791666666632,
                        7.602083333333233
                    ],
                    [
                        81.20208333333298,
                        7.602083333333233
                    ]
                ]
            }
        },
        {
            "type": "Feature",
            "properties": {
                "HYRIV_ID": 41403234,
                "NEXT_DOWN": 41403217,
                "MAIN_RIV": 41402045,
                "LENGTH_KM": 2.75,
                "DIST_DN_KM": 96.599998,
                "DIST_UP_KM": 6.4,
                "CATCH_SKM": 10.43,
                "UPLAND_SKM": 10.4,
                "ENDORHEIC": 0,
                "DIS_AV_CMS": 0.24,
                "ORD_STRA": 1,
                "ORD_CLAS": 3,
                "ORD_FLOW": 7,
                "HYBAS_L12": 4121601470.0,
                "Shape_Length": 0.02479061445124759
            },
            "geometry": {
                "type": "LineString",
                "coordinates": [
                    [
                        81.13749999999968,
                        7.583333333333222
                    ],
                    [
                        81.14374999999964,
                        7.589583333333216
                    ],
                    [
                        81.14374999999964,
                        7.593749999999865
                    ],
                    [
                        81.15208333333297,
                        7.602083333333233
                    ]
                ]
            }
        },
        {
            "type": "Feature",
            "properties": {
                "HYRIV_ID": 41403326,
                "NEXT_DOWN": 41403168,
                "MAIN_RIV": 41402045,
                "LENGTH_KM": 4.8200002,
                "DIST_DN_KM": 89.400002,
                "DIST_UP_KM": 52.5,
                "CATCH_SKM": 11.28,
                "UPLAND_SKM": 341.0,
                "ENDORHEIC": 0,
                "DIS_AV_CMS": 8.0780001,
                "ORD_STRA": 3,
                "ORD_CLAS": 1,
                "ORD_FLOW": 6,
                "HYBAS_L12": 4121601470.0,
                "Shape_Length": 0.04339255650997805
            },
            "geometry": {
                "type": "LineString",
                "coordinates": [
                    [
                        81.2062499999997,
                        7.560416666666519
                    ],
                    [
                        81.2062499999997,
                        7.564583333333225
                    ],
                    [
                        81.20208333333298,
                        7.568749999999874
                    ],
                    [
                        81.20208333333298,
                        7.602083333333233
                    ]
                ]
            }
        },
        {
            "type": "Feature",
            "properties": {
                "HYRIV_ID": 41403327,
                "NEXT_DOWN": 41403326,
                "MAIN_RIV": 41402045,
                "LENGTH_KM": 0.69,
                "DIST_DN_KM": 94.300003,
                "DIST_UP_KM": 3.5,
                "CATCH_SKM": 5.1100001,
                "UPLAND_SKM": 5.1,
                "ENDORHEIC": 0,
                "DIS_AV_CMS": 0.117,
                "ORD_STRA": 1,
                "ORD_CLAS": 2,
                "ORD_FLOW": 7,
                "HYBAS_L12": 4121601470.0,
                "Shape_Length": 0.0062499999999090505
            },
            "geometry": {
                "type": "LineString",
                "coordinates": [
                    [
                        81.21249999999961,
                        7.560416666666519
                    ],
                    [
                        81.2062499999997,
                        7.560416666666519
                    ]
                ]
            }
        },
        {
            "type": "Feature",
            "properties": {
                "HYRIV_ID": 41403347,
                "NEXT_DOWN": 41403348,
                "MAIN_RIV": 41402045,
                "LENGTH_KM": 1.15,
                "DIST_DN_KM": 98.300003,
                "DIST_UP_KM": 5.2,
                "CATCH_SKM": 5.96,
                "UPLAND_SKM": 6.0,
                "ENDORHEIC": 0,
                "DIS_AV_CMS": 0.138,
                "ORD_STRA": 1,
                "ORD_CLAS": 3,
                "ORD_FLOW": 7,
                "HYBAS_L12": 4121601470.0,
                "Shape_Length": 0.010416666666586138
            },
            "geometry": {
                "type": "LineString",
                "coordinates": [
                    [
                        81.14999999999966,
                        7.560416666666519
                    ],
                    [
                        81.15624999999963,
                        7.560416666666519
                    ],
                    [
                        81.15624999999963,
                        7.556249999999899
                    ]
                ]
            }
        },
        {
            "type": "Feature",
            "properties": {
                "HYRIV_ID": 41403348,
                "NEXT_DOWN": 41403218,
                "MAIN_RIV": 41402045,
                "LENGTH_KM": 6.6900001,
                "DIST_DN_KM": 91.699997,
                "DIST_UP_KM": 16.700001,
                "CATCH_SKM": 16.6,
                "UPLAND_SKM": 57.0,
                "ENDORHEIC": 0,
                "DIS_AV_CMS": 1.322,
                "ORD_STRA": 2,
                "ORD_CLAS": 2,
                "ORD_FLOW": 6,
                "HYBAS_L12": 4121601470.0,
                "Shape_Length": 0.06035533905931095
            },
            "geometry": {
                "type": "LineString",
                "coordinates": [
                    [
                        81.15624999999963,
                        7.556249999999899
                    ],
                    [
                        81.1604166666663,
                        7.560416666666519
                    ],
                    [
                        81.1604166666663,
                        7.564583333333225
                    ],
                    [
                        81.16458333333296,
                        7.568749999999874
                    ],
                    [
                        81.16874999999962,
                        7.564583333333225
                    ],
                    [
                        81.17708333333294,
                        7.564583333333225
                    ],
                    [
                        81.18958333333299,
                        7.577083333333242
                    ],
                    [
                        81.18958333333299,
                        7.589583333333216
                    ]
                ]
            }
        },
        {
            "type": "Feature",
            "properties": {
                "HYRIV_ID": 41403349,
                "NEXT_DOWN": 41403326,
                "MAIN_RIV": 41402045,
                "LENGTH_KM": 0.46,
                "DIST_DN_KM": 94.300003,
                "DIST_UP_KM": 47.700001,
                "CATCH_SKM": 0.43,
                "UPLAND_SKM": 324.60001,
                "ENDORHEIC": 0,
                "DIS_AV_CMS": 7.7270002,
                "ORD_STRA": 3,
                "ORD_CLAS": 1,
                "ORD_FLOW": 6,
                "HYBAS_L12": 4121601470.0,
                "Shape_Length": 0.0041666666666202445
            },
            "geometry": {
                "type": "LineString",
                "coordinates": [
                    [
                        81.2062499999997,
                        7.556249999999899
                    ],
                    [
                        81.2062499999997,
                        7.560416666666519
                    ]
                ]
            }
        },
        {
            "type": "Feature",
            "properties": {
                "HYRIV_ID": 41403406,
                "NEXT_DOWN": 41403349,
                "MAIN_RIV": 41402045,
                "LENGTH_KM": 3.47,
                "DIST_DN_KM": 94.699997,
                "DIST_UP_KM": 6.7,
                "CATCH_SKM": 14.04,
                "UPLAND_SKM": 14.0,
                "ENDORHEIC": 0,
                "DIS_AV_CMS": 0.325,
                "ORD_STRA": 1,
                "ORD_CLAS": 2,
                "ORD_FLOW": 7,
                "HYBAS_L12": 4121601470.0,
                "Shape_Length": 0.031398057941382826
            },
            "geometry": {
                "type": "LineString",
                "coordinates": [
                    [
                        81.18333333333308,
                        7.541666666666551
                    ],
                    [
                        81.19374999999965,
                        7.552083333333208
                    ],
                    [
                        81.19374999999965,
                        7.556249999999899
                    ],
                    [
                        81.2062499999997,
                        7.556249999999899
                    ]
                ]
            }
        },
        {
            "type": "Feature",
            "properties": {
                "HYRIV_ID": 41403521,
                "NEXT_DOWN": 41403348,
                "MAIN_RIV": 41402045,
                "LENGTH_KM": 5.85,
                "DIST_DN_KM": 98.300003,
                "DIST_UP_KM": 10.0,
                "CATCH_SKM": 22.129999,
                "UPLAND_SKM": 34.5,
                "ENDORHEIC": 0,
                "DIS_AV_CMS": 0.806,
                "ORD_STRA": 2,
                "ORD_CLAS": 2,
                "ORD_FLOW": 7,
                "HYBAS_L12": 4121601470.0,
                "Shape_Length": 0.05273689270623474
            },
            "geometry": {
                "type": "LineString",
                "coordinates": [
                    [
                        81.14791666666625,
                        7.510416666666579
                    ],
                    [
                        81.15208333333297,
                        7.514583333333228
                    ],
                    [
                        81.15208333333297,
                        7.518749999999891
                    ],
                    [
                        81.15624999999963,
                        7.522916666666553
                    ],
                    [
                        81.15208333333297,
                        7.527083333333202
                    ],
                    [
                        81.15208333333297,
                        7.531249999999865
                    ],
                    [
                        81.15624999999963,
                        7.535416666666571
                    ],
                    [
                        81.15624999999963,
                        7.556249999999899
                    ]
                ]
            }
        },
        {
            "type": "Feature",
            "properties": {
                "HYRIV_ID": 41403542,
                "NEXT_DOWN": 41403521,
                "MAIN_RIV": 41402045,
                "LENGTH_KM": 0.98,
                "DIST_DN_KM": 104.4,
                "DIST_UP_KM": 4.0,
                "CATCH_SKM": 6.81,
                "UPLAND_SKM": 6.8,
                "ENDORHEIC": 0,
                "DIS_AV_CMS": 0.161,
                "ORD_STRA": 1,
                "ORD_CLAS": 2,
                "ORD_FLOW": 7,
                "HYBAS_L12": 4121601470.0,
                "Shape_Length": 0.00883883476479366
            },
            "geometry": {
                "type": "LineString",
                "coordinates": [
                    [
                        81.14166666666634,
                        7.504166666666542
                    ],
                    [
                        81.14791666666625,
                        7.510416666666579
                    ]
                ]
            }
        },
        {
            "type": "Feature",
            "properties": {
                "HYRIV_ID": 41403543,
                "NEXT_DOWN": 41403521,
                "MAIN_RIV": 41402045,
                "LENGTH_KM": 0.98,
                "DIST_DN_KM": 104.4,
                "DIST_UP_KM": 3.5,
                "CATCH_SKM": 5.5300002,
                "UPLAND_SKM": 5.5,
                "ENDORHEIC": 0,
                "DIS_AV_CMS": 0.131,
                "ORD_STRA": 1,
                "ORD_CLAS": 3,
                "ORD_FLOW": 7,
                "HYBAS_L12": 4121601470.0,
                "Shape_Length": 0.008838834764954437
            },
            "geometry": {
                "type": "LineString",
                "coordinates": [
                    [
                        81.15416666666638,
                        7.504166666666542
                    ],
                    [
                        81.14791666666625,
                        7.510416666666579
                    ]
                ]
            }
        },
        {
            "type": "Feature",
            "properties": {
                "HYRIV_ID": 41403578,
                "NEXT_DOWN": 41403349,
                "MAIN_RIV": 41402045,
                "LENGTH_KM": 6.87,
                "DIST_DN_KM": 94.699997,
                "DIST_UP_KM": 47.200001,
                "CATCH_SKM": 27.450001,
                "UPLAND_SKM": 310.20001,
                "ENDORHEIC": 0,
                "DIS_AV_CMS": 7.395,
                "ORD_STRA": 3,
                "ORD_CLAS": 1,
                "ORD_FLOW": 6,
                "HYBAS_L12": 4121601470.0,
                "Shape_Length": 0.0617851130198208
            },
            "geometry": {
                "type": "LineString",
                "coordinates": [
                    [
                        81.19791666666632,
                        7.497916666666562
                    ],
                    [
                        81.20208333333298,
                        7.502083333333211
                    ],
                    [
                        81.20208333333298,
                        7.514583333333228
                    ],
                    [
                        81.2062499999997,
                        7.518749999999891
                    ],
                    [
                        81.2062499999997,
                        7.556249999999899
                    ]
                ]
            }
        },
        {
            "type": "Feature",
            "properties": {
                "HYRIV_ID": 41403597,
                "NEXT_DOWN": 41403578,
                "MAIN_RIV": 41402045,
                "LENGTH_KM": 1.76,
                "DIST_DN_KM": 101.8,
                "DIST_UP_KM": 10.2,
                "CATCH_SKM": 6.3800001,
                "UPLAND_SKM": 31.9,
                "ENDORHEIC": 0,
                "DIS_AV_CMS": 0.755,
                "ORD_STRA": 2,
                "ORD_CLAS": 2,
                "ORD_FLOW": 7,
                "HYBAS_L12": 4121601570.0,
                "Shape_Length": 0.015951779686458098
            },
            "geometry": {
                "type": "LineString",
                "coordinates": [
                    [
                        81.18541666666633,
                        7.489583333333194
                    ],
                    [
                        81.18958333333299,
                        7.489583333333194
                    ],
                    [
                        81.19791666666632,
                        7.497916666666562
                    ]
                ]
            }
        },
        {
            "type": "Feature",
            "properties": {
                "HYRIV_ID": 41403613,
                "NEXT_DOWN": 41403597,
                "MAIN_RIV": 41402045,
                "LENGTH_KM": 0.98,
                "DIST_DN_KM": 103.5,
                "DIST_UP_KM": 4.1,
                "CATCH_SKM": 4.6799998,
                "UPLAND_SKM": 4.7,
                "ENDORHEIC": 0,
                "DIS_AV_CMS": 0.11,
                "ORD_STRA": 1,
                "ORD_CLAS": 3,
                "ORD_FLOW": 7,
                "HYBAS_L12": 4121601570.0,
                "Shape_Length": 0.008838834764874048
            },
            "geometry": {
                "type": "LineString",
                "coordinates": [
                    [
                        81.17916666666625,
                        7.483333333333213
                    ],
                    [
                        81.18541666666633,
                        7.489583333333194
                    ]
                ]
            }
        },
        {
            "type": "Feature",
            "properties": {
                "HYRIV_ID": 41403691,
                "NEXT_DOWN": 41403692,
                "MAIN_RIV": 41402045,
                "LENGTH_KM": 1.4400001,
                "DIST_DN_KM": 107.5,
                "DIST_UP_KM": 3.5,
                "CATCH_SKM": 5.96,
                "UPLAND_SKM": 6.0,
                "ENDORHEIC": 0,
                "DIS_AV_CMS": 0.142,
                "ORD_STRA": 1,
                "ORD_CLAS": 3,
                "ORD_FLOW": 7,
                "HYBAS_L12": 4121601570.0,
                "Shape_Length": 0.01300550143149673
            },
            "geometry": {
                "type": "LineString",
                "coordinates": [
                    [
                        81.14999999999966,
                        7.470833333333239
                    ],
                    [
                        81.15624999999963,
                        7.464583333333202
                    ],
                    [
                        81.1604166666663,
                        7.464583333333202
                    ]
                ]
            }
        },
        {
            "type": "Feature",
            "properties": {
                "HYRIV_ID": 41403692,
                "NEXT_DOWN": 41403597,
                "MAIN_RIV": 41402045,
                "LENGTH_KM": 4.1799998,
                "DIST_DN_KM": 103.3,
                "DIST_UP_KM": 8.6,
                "CATCH_SKM": 7.4499998,
                "UPLAND_SKM": 20.9,
                "ENDORHEIC": 0,
                "DIS_AV_CMS": 0.495,
                "ORD_STRA": 2,
                "ORD_CLAS": 2,
                "ORD_FLOW": 7,
                "HYBAS_L12": 4121601570.0,
                "Shape_Length": 0.03779611588278452
            },
            "geometry": {
                "type": "LineString",
                "coordinates": [
                    [
                        81.1604166666663,
                        7.464583333333202
                    ],
                    [
                        81.16874999999962,
                        7.472916666666571
                    ],
                    [
                        81.17291666666628,
                        7.472916666666571
                    ],
                    [
                        81.18541666666633,
                        7.485416666666545
                    ],
                    [
                        81.18541666666633,
                        7.489583333333194
                    ]
                ]
            }
        },
        {
            "type": "Feature",
            "properties": {
                "HYRIV_ID": 41403717,
                "NEXT_DOWN": 41403692,
                "MAIN_RIV": 41402045,
                "LENGTH_KM": 1.8,
                "DIST_DN_KM": 107.7,
                "DIST_UP_KM": 4.3,
                "CATCH_SKM": 7.4499998,
                "UPLAND_SKM": 7.5,
                "ENDORHEIC": 0,
                "DIS_AV_CMS": 0.178,
                "ORD_STRA": 1,
                "ORD_CLAS": 2,
                "ORD_FLOW": 7,
                "HYBAS_L12": 4121601570.0,
                "Shape_Length": 0.01630922317650126
            },
            "geometry": {
                "type": "LineString",
                "coordinates": [
                    [
                        81.14999999999966,
                        7.456249999999891
                    ],
                    [
                        81.15624999999963,
                        7.456249999999891
                    ],
                    [
                        81.15624999999963,
                        7.460416666666553
                    ],
                    [
                        81.1604166666663,
                        7.464583333333202
                    ]
                ]
            }
        },
        {
            "type": "Feature",
            "properties": {
                "HYRIV_ID": 41403773,
                "NEXT_DOWN": 41403578,
                "MAIN_RIV": 41402045,
                "LENGTH_KM": 6.9699998,
                "DIST_DN_KM": 101.8,
                "DIST_UP_KM": 40.200001,
                "CATCH_SKM": 18.73,
                "UPLAND_SKM": 250.8,
                "ENDORHEIC": 0,
                "DIS_AV_CMS": 6.0310001,
                "ORD_STRA": 3,
                "ORD_CLAS": 1,
                "ORD_FLOW": 6,
                "HYBAS_L12": 4121601570.0,
                "Shape_Length": 0.06279611588274829
            },
            "geometry": {
                "type": "LineString",
                "coordinates": [
                    [
                        81.18541666666633,
                        7.44375
                    ],
                    [
                        81.18958333333299,
                        7.447916666666536
                    ],
                    [
                        81.18958333333299,
                        7.452083333333228
                    ],
                    [
                        81.19374999999965,
                        7.456249999999891
                    ],
                    [
                        81.19374999999965,
                        7.460416666666553
                    ],
                    [
                        81.19791666666632,
                        7.464583333333202
                    ],
                    [
                        81.19791666666632,
                        7.481249999999882
                    ],
                    [
                        81.20208333333298,
                        7.485416666666545
                    ],
                    [
                        81.20208333333298,
                        7.493749999999856
                    ],
                    [
                        81.19791666666632,
                        7.497916666666562
                    ]
                ]
            }
        },
        {
            "type": "Feature",
            "properties": {
                "HYRIV_ID": 41403838,
                "NEXT_DOWN": 41403773,
                "MAIN_RIV": 41402045,
                "LENGTH_KM": 3.07,
                "DIST_DN_KM": 108.7,
                "DIST_UP_KM": 8.6,
                "CATCH_SKM": 7.2399998,
                "UPLAND_SKM": 33.0,
                "ENDORHEIC": 0,
                "DIS_AV_CMS": 0.79299998,
                "ORD_STRA": 2,
                "ORD_CLAS": 2,
                "ORD_FLOW": 7,
                "HYBAS_L12": 4121601570.0,
                "Shape_Length": 0.027736892706253315
            },
            "geometry": {
                "type": "LineString",
                "coordinates": [
                    [
                        81.16458333333296,
                        7.427083333333236
                    ],
                    [
                        81.16874999999962,
                        7.431249999999899
                    ],
                    [
                        81.17291666666628,
                        7.431249999999899
                    ],
                    [
                        81.18541666666633,
                        7.44375
                    ]
                ]
            }
        },
        {
            "type": "Feature",
            "properties": {
                "HYRIV_ID": 41403847,
                "NEXT_DOWN": 41403838,
                "MAIN_RIV": 41402045,
                "LENGTH_KM": 1.4400001,
                "DIST_DN_KM": 111.6,
                "DIST_UP_KM": 4.0,
                "CATCH_SKM": 11.28,
                "UPLAND_SKM": 11.3,
                "ENDORHEIC": 0,
                "DIS_AV_CMS": 0.271,
                "ORD_STRA": 1,
                "ORD_CLAS": 3,
                "ORD_FLOW": 7,
                "HYBAS_L12": 4121601570.0,
                "Shape_Length": 0.013005501431446487
            },
            "geometry": {
                "type": "LineString",
                "coordinates": [
                    [
                        81.15416666666638,
                        7.420833333333213
                    ],
                    [
                        81.1604166666663,
                        7.427083333333236
                    ],
                    [
                        81.16458333333296,
                        7.427083333333236
                    ]
                ]
            }
        },
        {
            "type": "Feature",
            "properties": {
                "HYRIV_ID": 41403903,
                "NEXT_DOWN": 41403838,
                "MAIN_RIV": 41402045,
                "LENGTH_KM": 3.02,
                "DIST_DN_KM": 111.8,
                "DIST_UP_KM": 5.6,
                "CATCH_SKM": 14.47,
                "UPLAND_SKM": 14.5,
                "ENDORHEIC": 0,
                "DIS_AV_CMS": 0.34900001,
                "ORD_STRA": 1,
                "ORD_CLAS": 2,
                "ORD_FLOW": 7,
                "HYBAS_L12": 4121601570.0,
                "Shape_Length": 0.027231391274720955
            },
            "geometry": {
                "type": "LineString",
                "coordinates": [
                    [
                        81.1624999999996,
                        7.404166666666576
                    ],
                    [
                        81.16874999999962,
                        7.410416666666556
                    ],
                    [
                        81.16874999999962,
                        7.422916666666531
                    ],
                    [
                        81.16458333333296,
                        7.427083333333236
                    ]
                ]
            }
        },
        {
            "type": "Feature",
            "properties": {
                "HYRIV_ID": 41403989,
                "NEXT_DOWN": 41403773,
                "MAIN_RIV": 41402045,
                "LENGTH_KM": 8.0900002,
                "DIST_DN_KM": 108.7,
                "DIST_UP_KM": 33.200001,
                "CATCH_SKM": 23.84,
                "UPLAND_SKM": 199.10001,
                "ENDORHEIC": 0,
                "DIS_AV_CMS": 4.8039999,
                "ORD_STRA": 3,
                "ORD_CLAS": 1,
                "ORD_FLOW": 6,
                "HYBAS_L12": 4121601570.0,
                "Shape_Length": 0.07285533905934394
            },
            "geometry": {
                "type": "LineString",
                "coordinates": [
                    [
                        81.19374999999965,
                        7.381249999999874
                    ],
                    [
                        81.20208333333298,
                        7.389583333333228
                    ],
                    [
                        81.20208333333298,
                        7.397916666666539
                    ],
                    [
                        81.19791666666632,
                        7.402083333333202
                    ],
                    [
                        81.19791666666632,
                        7.40625
                    ],
                    [
                        81.19374999999965,
                        7.410416666666556
                    ],
                    [
                        81.19374999999965,
                        7.427083333333236
                    ],
                    [
                        81.18958333333299,
                        7.431249999999899
                    ],
                    [
                        81.18958333333299,
                        7.439583333333211
                    ],
                    [
                        81.18541666666633,
                        7.44375
                    ]
                ]
            }
        },
        {
            "type": "Feature",
            "properties": {
                "HYRIV_ID": 41404001,
                "NEXT_DOWN": 41403989,
                "MAIN_RIV": 41402045,
                "LENGTH_KM": 1.4400001,
                "DIST_DN_KM": 116.6,
                "DIST_UP_KM": 4.5,
                "CATCH_SKM": 8.7299995,
                "UPLAND_SKM": 8.7,
                "ENDORHEIC": 0,
                "DIS_AV_CMS": 0.211,
                "ORD_STRA": 1,
                "ORD_CLAS": 2,
                "ORD_FLOW": 7,
                "HYBAS_L12": 4121601570.0,
                "Shape_Length": 0.01300550143142639
            },
            "geometry": {
                "type": "LineString",
                "coordinates": [
                    [
                        81.18333333333308,
                        7.374999999999879
                    ],
                    [
                        81.18958333333299,
                        7.381249999999874
                    ],
                    [
                        81.19374999999965,
                        7.381249999999874
                    ]
                ]
            }
        },
        {
            "type": "Feature",
            "properties": {
                "HYRIV_ID": 41404047,
                "NEXT_DOWN": 41403989,
                "MAIN_RIV": 41402045,
                "LENGTH_KM": 2.6900001,
                "DIST_DN_KM": 116.6,
                "DIST_UP_KM": 25.3,
                "CATCH_SKM": 11.92,
                "UPLAND_SKM": 166.5,
                "ENDORHEIC": 0,
                "DIS_AV_CMS": 4.0300002,
                "ORD_STRA": 3,
                "ORD_CLAS": 1,
                "ORD_FLOW": 6,
                "HYBAS_L12": 4121601570.0,
                "Shape_Length": 0.02428511301982648
            },
            "geometry": {
                "type": "LineString",
                "coordinates": [
                    [
                        81.2062499999997,
                        7.364583333333194
                    ],
                    [
                        81.2062499999997,
                        7.368749999999899
                    ],
                    [
                        81.20208333333298,
                        7.372916666666548
                    ],
                    [
                        81.19791666666632,
                        7.372916666666548
                    ],
                    [
                        81.19374999999965,
                        7.377083333333211
                    ],
                    [
                        81.19374999999965,
                        7.381249999999874
                    ]
                ]
            }
        },
        {
            "type": "Feature",
            "properties": {
                "HYRIV_ID": 41404208,
                "NEXT_DOWN": 41404047,
                "MAIN_RIV": 41402045,
                "LENGTH_KM": 5.58,
                "DIST_DN_KM": 119.5,
                "DIST_UP_KM": 22.4,
                "CATCH_SKM": 17.459999,
                "UPLAND_SKM": 134.10001,
                "ENDORHEIC": 0,
                "DIS_AV_CMS": 3.2460001,
                "ORD_STRA": 3,
                "ORD_CLAS": 1,
                "ORD_FLOW": 6,
                "HYBAS_L12": 4121601570.0,
                "Shape_Length": 0.05029611588276138
            },
            "geometry": {
                "type": "LineString",
                "coordinates": [
                    [
                        81.22708333333301,
                        7.322916666666522
                    ],
                    [
                        81.22291666666635,
                        7.327083333333228
                    ],
                    [
                        81.22291666666635,
                        7.331249999999876
                    ],
                    [
                        81.21874999999969,
                        7.335416666666539
                    ],
                    [
                        81.21874999999969,
                        7.339583333333245
                    ],
                    [
                        81.21458333333302,
                        7.343749999999893
                    ],
                    [
                        81.21458333333302,
                        7.347916666666556
                    ],
                    [
                        81.21041666666636,
                        7.352083333333219
                    ],
                    [
                        81.21041666666636,
                        7.360416666666531
                    ],
                    [
                        81.2062499999997,
                        7.364583333333194
                    ]
                ]
            }
        },
        {
            "type": "Feature",
            "properties": {
                "HYRIV_ID": 41404229,
                "NEXT_DOWN": 41404047,
                "MAIN_RIV": 41402045,
                "LENGTH_KM": 6.6500001,
                "DIST_DN_KM": 119.3,
                "DIST_UP_KM": 9.3,
                "CATCH_SKM": 20.440001,
                "UPLAND_SKM": 20.4,
                "ENDORHEIC": 0,
                "DIS_AV_CMS": 0.498,
                "ORD_STRA": 1,
                "ORD_CLAS": 2,
                "ORD_FLOW": 7,
                "HYBAS_L12": 4121601570.0,
                "Shape_Length": 0.05999789556922688
            },
            "geometry": {
                "type": "LineString",
                "coordinates": [
                    [
                        81.17708333333294,
                        7.316666666666585
                    ],
                    [
                        81.17708333333294,
                        7.322916666666522
                    ],
                    [
                        81.18541666666633,
                        7.331249999999876
                    ],
                    [
                        81.18541666666633,
                        7.339583333333245
                    ],
                    [
                        81.2062499999997,
                        7.360416666666531
                    ],
                    [
                        81.2062499999997,
                        7.364583333333194
                    ]
                ]
            }
        },
        {
            "type": "Feature",
            "properties": {
                "HYRIV_ID": 41404287,
                "NEXT_DOWN": 41404208,
                "MAIN_RIV": 41402045,
                "LENGTH_KM": 4.1300001,
                "DIST_DN_KM": 124.9,
                "DIST_UP_KM": 6.4,
                "CATCH_SKM": 15.33,
                "UPLAND_SKM": 15.3,
                "ENDORHEIC": 0,
                "DIS_AV_CMS": 0.368,
                "ORD_STRA": 1,
                "ORD_CLAS": 2,
                "ORD_FLOW": 7,
                "HYBAS_L12": 4121601640.0,
                "Shape_Length": 0.03729061445122517
            },
            "geometry": {
                "type": "LineString",
                "coordinates": [
                    [
                        81.24999999999963,
                        7.3
                    ],
                    [
                        81.24374999999961,
                        7.306249999999885
                    ],
                    [
                        81.24374999999961,
                        7.310416666666548
                    ],
                    [
                        81.23958333333294,
                        7.310416666666548
                    ],
                    [
                        81.2354166666664,
                        7.314583333333211
                    ],
                    [
                        81.2354166666664,
                        7.31875
                    ],
                    [
                        81.23124999999973,
                        7.322916666666522
                    ],
                    [
                        81.22708333333301,
                        7.322916666666522
                    ]
                ]
            }
        },
        {
            "type": "Feature",
            "properties": {
                "HYRIV_ID": 41404297,
                "NEXT_DOWN": 41404208,
                "MAIN_RIV": 41402045,
                "LENGTH_KM": 2.97,
                "DIST_DN_KM": 124.9,
                "DIST_UP_KM": 17.0,
                "CATCH_SKM": 10.22,
                "UPLAND_SKM": 101.4,
                "ENDORHEIC": 0,
                "DIS_AV_CMS": 2.4590001,
                "ORD_STRA": 3,
                "ORD_CLAS": 1,
                "ORD_FLOW": 6,
                "HYBAS_L12": 4121601640.0,
                "Shape_Length": 0.026725889843211132
            },
            "geometry": {
                "type": "LineString",
                "coordinates": [
                    [
                        81.22291666666635,
                        7.297916666666531
                    ],
                    [
                        81.22291666666635,
                        7.306249999999885
                    ],
                    [
                        81.22708333333301,
                        7.310416666666548
                    ],
                    [
                        81.22708333333301,
                        7.322916666666522
                    ]
                ]
            }
        },
        {
            "type": "Feature",
            "properties": {
                "HYRIV_ID": 41404374,
                "NEXT_DOWN": 41404297,
                "MAIN_RIV": 41402045,
                "LENGTH_KM": 3.34,
                "DIST_DN_KM": 128.10001,
                "DIST_UP_KM": 10.0,
                "CATCH_SKM": 8.5200005,
                "UPLAND_SKM": 25.8,
                "ENDORHEIC": 0,
                "DIS_AV_CMS": 0.63099998,
                "ORD_STRA": 2,
                "ORD_CLAS": 2,
                "ORD_FLOW": 7,
                "HYBAS_L12": 4121601640.0,
                "Shape_Length": 0.030177669529666384
            },
            "geometry": {
                "type": "LineString",
                "coordinates": [
                    [
                        81.20208333333298,
                        7.281249999999893
                    ],
                    [
                        81.20208333333298,
                        7.285416666666556
                    ],
                    [
                        81.2062499999997,
                        7.289583333333219
                    ],
                    [
                        81.21458333333302,
                        7.289583333333219
                    ],
                    [
                        81.22291666666635,
                        7.297916666666531
                    ]
                ]
            }
        },
        {
            "type": "Feature",
            "properties": {
                "HYRIV_ID": 41404400,
                "NEXT_DOWN": 41404374,
                "MAIN_RIV": 41402045,
                "LENGTH_KM": 0.98,
                "DIST_DN_KM": 131.39999,
                "DIST_UP_KM": 4.0,
                "CATCH_SKM": 5.75,
                "UPLAND_SKM": 5.7,
                "ENDORHEIC": 0,
                "DIS_AV_CMS": 0.141,
                "ORD_STRA": 1,
                "ORD_CLAS": 3,
                "ORD_FLOW": 7,
                "HYBAS_L12": 4121601640.0,
                "Shape_Length": 0.00883883476479366
            },
            "geometry": {
                "type": "LineString",
                "coordinates": [
                    [
                        81.20833333333294,
                        7.275
                    ],
                    [
                        81.20208333333298,
                        7.281249999999893
                    ]
                ]
            }
        },
        {
            "type": "Feature",
            "properties": {
                "HYRIV_ID": 41404504,
                "NEXT_DOWN": 41404374,
                "MAIN_RIV": 41402045,
                "LENGTH_KM": 4.5,
                "DIST_DN_KM": 131.39999,
                "DIST_UP_KM": 6.7,
                "CATCH_SKM": 11.5,
                "UPLAND_SKM": 11.5,
                "ENDORHEIC": 0,
                "DIS_AV_CMS": 0.283,
                "ORD_STRA": 1,
                "ORD_CLAS": 2,
                "ORD_FLOW": 7,
                "HYBAS_L12": 4121601640.0,
                "Shape_Length": 0.04059433619632774
            },
            "geometry": {
                "type": "LineString",
                "coordinates": [
                    [
                        81.19374999999965,
                        7.249999999999879
                    ],
                    [
                        81.19374999999965,
                        7.260416666666565
                    ],
                    [
                        81.18958333333299,
                        7.264583333333228
                    ],
                    [
                        81.18958333333299,
                        7.272916666666539
                    ],
                    [
                        81.19374999999965,
                        7.277083333333245
                    ],
                    [
                        81.19791666666632,
                        7.277083333333245
                    ],
                    [
                        81.20208333333298,
                        7.281249999999893
                    ]
                ]
            }
        },
        {
            "type": "Feature",
            "properties": {
                "HYRIV_ID": 41404505,
                "NEXT_DOWN": 41404297,
                "MAIN_RIV": 41402045,
                "LENGTH_KM": 6.04,
                "DIST_DN_KM": 127.9,
                "DIST_UP_KM": 14.0,
                "CATCH_SKM": 18.950001,
                "UPLAND_SKM": 65.400002,
                "ENDORHEIC": 0,
                "DIS_AV_CMS": 1.582,
                "ORD_STRA": 2,
                "ORD_CLAS": 1,
                "ORD_FLOW": 6,
                "HYBAS_L12": 4121601640.0,
                "Shape_Length": 0.054462782549437753
            },
            "geometry": {
                "type": "LineString",
                "coordinates": [
                    [
                        81.2354166666664,
                        7.252083333333211
                    ],
                    [
                        81.23124999999973,
                        7.256249999999859
                    ],
                    [
                        81.2354166666664,
                        7.260416666666565
                    ],
                    [
                        81.23124999999973,
                        7.264583333333228
                    ],
                    [
                        81.23124999999973,
                        7.272916666666539
                    ],
                    [
                        81.22708333333301,
                        7.277083333333245
                    ],
                    [
                        81.22708333333301,
                        7.285416666666556
                    ],
                    [
                        81.22291666666635,
                        7.289583333333219
                    ],
                    [
                        81.22291666666635,
                        7.297916666666531
                    ]
                ]
            }
        },
        {
            "type": "Feature",
            "properties": {
                "HYRIV_ID": 41404506,
                "NEXT_DOWN": 41404505,
                "MAIN_RIV": 41402045,
                "LENGTH_KM": 0.46,
                "DIST_DN_KM": 133.89999,
                "DIST_UP_KM": 7.9,
                "CATCH_SKM": 0.21,
                "UPLAND_SKM": 26.8,
                "ENDORHEIC": 0,
                "DIS_AV_CMS": 0.64600003,
                "ORD_STRA": 2,
                "ORD_CLAS": 2,
                "ORD_FLOW": 7,
                "HYBAS_L12": 4121601640.0,
                "Shape_Length": 0.00416666666654919
            },
            "geometry": {
                "type": "LineString",
                "coordinates": [
                    [
                        81.23958333333294,
                        7.252083333333211
                    ],
                    [
                        81.2354166666664,
                        7.252083333333211
                    ]
                ]
            }
        },
        {
            "type": "Feature",
            "properties": {
                "HYRIV_ID": 41404507,
                "NEXT_DOWN": 41404506,
                "MAIN_RIV": 41402045,
                "LENGTH_KM": 2.07,
                "DIST_DN_KM": 134.39999,
                "DIST_UP_KM": 5.4,
                "CATCH_SKM": 11.29,
                "UPLAND_SKM": 11.3,
                "ENDORHEIC": 0,
                "DIS_AV_CMS": 0.271,
                "ORD_STRA": 1,
                "ORD_CLAS": 3,
                "ORD_FLOW": 7,
                "HYBAS_L12": 4121601640.0,
                "Shape_Length": 0.018750000000082423
            },
            "geometry": {
                "type": "LineString",
                "coordinates": [
                    [
                        81.25208333333305,
                        7.258333333333191
                    ],
                    [
                        81.25208333333305,
                        7.252083333333211
                    ],
                    [
                        81.23958333333294,
                        7.252083333333211
                    ]
                ]
            }
        },
        {
            "type": "Feature",
            "properties": {
                "HYRIV_ID": 41404588,
                "NEXT_DOWN": 41404506,
                "MAIN_RIV": 41402045,
                "LENGTH_KM": 3.85,
                "DIST_DN_KM": 134.60001,
                "DIST_UP_KM": 7.2,
                "CATCH_SKM": 15.33,
                "UPLAND_SKM": 15.3,
                "ENDORHEIC": 0,
                "DIS_AV_CMS": 0.369,
                "ORD_STRA": 1,
                "ORD_CLAS": 2,
                "ORD_FLOW": 7,
                "HYBAS_L12": 4121601640.0,
                "Shape_Length": 0.034701779686425106
            },
            "geometry": {
                "type": "LineString",
                "coordinates": [
                    [
                        81.24791666666627,
                        7.220833333333225
                    ],
                    [
                        81.24791666666627,
                        7.227083333333205
                    ],
                    [
                        81.24374999999961,
                        7.231249999999868
                    ],
                    [
                        81.24374999999961,
                        7.247916666666548
                    ],
                    [
                        81.23958333333294,
                        7.252083333333211
                    ]
                ]
            }
        },
        {
            "type": "Feature",
            "properties": {
                "HYRIV_ID": 41404599,
                "NEXT_DOWN": 41404505,
                "MAIN_RIV": 41402045,
                "LENGTH_KM": 4.79,
                "DIST_DN_KM": 133.89999,
                "DIST_UP_KM": 8.0,
                "CATCH_SKM": 19.59,
                "UPLAND_SKM": 19.6,
                "ENDORHEIC": 0,
                "DIS_AV_CMS": 0.478,
                "ORD_STRA": 1,
                "ORD_CLAS": 1,
                "ORD_FLOW": 7,
                "HYBAS_L12": 4121601640.0,
                "Shape_Length": 0.0431831709612293
            },
            "geometry": {
                "type": "LineString",
                "coordinates": [
                    [
                        81.21666666666627,
                        7.216666666666562
                    ],
                    [
                        81.22291666666635,
                        7.222916666666556
                    ],
                    [
                        81.22291666666635,
                        7.227083333333205
                    ],
                    [
                        81.2354166666664,
                        7.239583333333222
                    ],
                    [
                        81.2354166666664,
                        7.252083333333211
                    ]
                ]
            }
        }
    ]
}