{
    "type": "FeatureCollection",
    "features": [
        {
            "type": "Feature",
            "properties": {
                "HYRIV_ID": 41408795,
                "NEXT_DOWN": 41408900,
                "MAIN_RIV": 41410526,
                "LENGTH_KM": 2.29,
                "DIST_DN_KM": 49.599998,
                "DIST_UP_KM": 3.3,
                "CATCH_SKM": 6.83,
                "UPLAND_SKM": 6.8,
                "ENDORHEIC": 0,
                "DIS_AV_CMS": 0.302,
                "ORD_STRA": 1,
                "ORD_CLAS": 4,
                "ORD_FLOW": 7,
                "HYBAS_L12": 4121159870.0,
                "Shape_Length": 0.02062394778458888
            },
            "geometry": {
                "type": "LineString",
                "coordinates": [
                    [
                        80.46249999999966,
                        6.3
                    ],
                    [
                        80.47708333333296,
                        6.285416666666556
                    ]
                ]
            }
        },
        {
            "type": "Feature",
            "properties": {
                "HYRIV_ID": 41408796,
                "NEXT_DOWN": 41408900,
                "MAIN_RIV": 41410526,
                "LENGTH_KM": 0.69,
                "DIST_DN_KM": 49.400002,
                "DIST_UP_KM": 3.8,
                "CATCH_SKM": 3.6300001,
                "UPLAND_SKM": 3.6,
                "ENDORHEIC": 0,
                "DIS_AV_CMS": 0.159,
                "ORD_STRA": 1,
                "ORD_CLAS": 3,
                "ORD_FLOW": 7,
                "HYBAS_L12": 4121159870.0,
                "Shape_Length": 0.006250000000022737
            },
            "geometry": {
                "type": "LineString",
                "coordinates": [
                    [
                        80.47708333333296,
                        6.291666666666579
                    ],
                    [
                        80.47708333333296,
                        6.285416666666556
                    ]
                ]
            }
        },
        {
            "type": "Feature",
            "properties": {
                "HYRIV_ID": 41408797,
                "NEXT_DOWN": 41408831,
                "MAIN_RIV": 41410526,
                "LENGTH_KM": 9.8,
                "DIST_DN_KM": 54.200001,
                "DIST_UP_KM": 12.0,
                "CATCH_SKM": 24.32,
                "UPLAND_SKM": 24.3,
                "ENDORHEIC": 0,
                "DIS_AV_CMS": 0.97600001,
                "ORD_STRA": 1,
                "ORD_CLAS": 2,
                "ORD_FLOW": 7,
                "HYBAS_L12": 4121159870.0,
                "Shape_Length": 0.0884496752556403
            },
            "geometry": {
                "type": "LineString",
                "coordinates": [
                    [
                        80.62499999999969,
                        6.327083333333213
                    ],
                    [
                        80.61874999999961,
                        6.327083333333213
                    ],
                    [
                        80.61458333333294,
                        6.33125
                    ],
                    [
                        80.60624999999962,
                        6.322916666666565
                    ],
                    [
                        80.5979166666663,
                        6.322916666666565
                    ],
                    [
                        80.5854166666663,
                        6.31041666666659
                    ],
                    [
                        80.58124999999976,
                        6.31041666666659
                    ],
                    [
                        80.57708333333292,
                        6.306249999999885
                    ],
                    [
                        80.57291666666637,
                        6.306249999999885
                    ],
                    [
                        80.5687499999996,
                        6.302083333333222
                    ],
                    [
                        80.5687499999996,
                        6.29375
                    ],
                    [
                        80.56458333333305,
                        6.289583333333248
                    ],
                    [
                        80.56458333333305,
                        6.285416666666556
                    ]
                ]
            }
        },
        {
            "type": "Feature",
            "properties": {
                "HYRIV_ID": 41408798,
                "NEXT_DOWN": 41408831,
                "MAIN_RIV": 41410526,
                "LENGTH_KM": 0.69,
                "DIST_DN_KM": 54.200001,
                "DIST_UP_KM": 2.2,
                "CATCH_SKM": 2.77,
                "UPLAND_SKM": 2.8,
                "ENDORHEIC": 0,
                "DIS_AV_CMS": 0.112,
                "ORD_STRA": 1,
                "ORD_CLAS": 3,
                "ORD_FLOW": 7,
                "HYBAS_L12": 4121159870.0,
                "Shape_Length": 0.0062499999999090505
            },
            "geometry": {
                "type": "LineString",
                "coordinates": [
                    [
                        80.57083333333296,
                        6.285416666666556
                    ],
                    [
                        80.56458333333305,
                        6.285416666666556
                    ]
                ]
            }
        },
        {
            "type": "Feature",
            "properties": {
                "HYRIV_ID": 41408799,
                "NEXT_DOWN": 41408902,
                "MAIN_RIV": 41410526,
                "LENGTH_KM": 14.25,
                "DIST_DN_KM": 60.599998,
                "DIST_UP_KM": 15.7,
                "CATCH_SKM": 37.549999,
                "UPLAND_SKM": 37.5,
                "ENDORHEIC": 0,
                "DIS_AV_CMS": 1.457,
                "ORD_STRA": 1,
                "ORD_CLAS": 1,
                "ORD_FLOW": 6,
                "HYBAS_L12": 4121159900.0,
                "Shape_Length": 0.12868656796186947
            },
            "geometry": {
                "type": "LineString",
                "coordinates": [
                    [
                        80.68749999999963,
                        6.33125
                    ],
                    [
                        80.68124999999966,
                        6.33125
                    ],
                    [
                        80.677083333333,
                        6.335416666666582
                    ],
                    [
                        80.67291666666634,
                        6.335416666666582
                    ],
                    [
                        80.66874999999968,
                        6.33125
                    ],
                    [
                        80.64374999999964,
                        6.33125
                    ],
                    [
                        80.62708333333299,
                        6.314583333333239
                    ],
                    [
                        80.62291666666627,
                        6.31875
                    ],
                    [
                        80.61874999999961,
                        6.31875
                    ],
                    [
                        80.61458333333294,
                        6.314583333333239
                    ],
                    [
                        80.61458333333294,
                        6.31041666666659
                    ],
                    [
                        80.61041666666628,
                        6.306249999999885
                    ],
                    [
                        80.60624999999962,
                        6.306249999999885
                    ],
                    [
                        80.60208333333296,
                        6.302083333333222
                    ],
                    [
                        80.60208333333296,
                        6.297916666666573
                    ],
                    [
                        80.59374999999963,
                        6.289583333333248
                    ],
                    [
                        80.5979166666663,
                        6.285416666666556
                    ]
                ]
            }
        },
        {
            "type": "Feature",
            "properties": {
                "HYRIV_ID": 41408800,
                "NEXT_DOWN": 41408902,
                "MAIN_RIV": 41410526,
                "LENGTH_KM": 0.69,
                "DIST_DN_KM": 60.400002,
                "DIST_UP_KM": 3.1,
                "CATCH_SKM": 3.6300001,
                "UPLAND_SKM": 3.6,
                "ENDORHEIC": 0,
                "DIS_AV_CMS": 0.14300001,
                "ORD_STRA": 1,
                "ORD_CLAS": 2,
                "ORD_FLOW": 7,
                "HYBAS_L12": 4121159900.0,
                "Shape_Length": 0.006250000000022737
            },
            "geometry": {
                "type": "LineString",
                "coordinates": [
                    [
                        80.60416666666632,
                        6.285416666666556
                    ],
                    [
                        80.5979166666663,
                        6.285416666666556
                    ]
                ]
            }
        },
        {
            "type": "Feature",
            "properties": {
                "HYRIV_ID": 41408828,
                "NEXT_DOWN": 41408899,
                "MAIN_RIV": 41410526,
                "LENGTH_KM": 4.33,
                "DIST_DN_KM": 49.700001,
                "DIST_UP_KM": 6.7,
                "CATCH_SKM": 12.38,
                "UPLAND_SKM": 12.4,
                "ENDORHEIC": 0,
                "DIS_AV_CMS": 0.56699997,
                "ORD_STRA": 1,
                "ORD_CLAS": 2,
                "ORD_FLOW": 7,
                "HYBAS_L12": 4121602630.0,
                "Shape_Length": 0.03901650429468112
            },
            "geometry": {
                "type": "LineString",
                "coordinates": [
                    [
                        80.4124999999996,
                        6.3125
                    ],
                    [
                        80.41874999999968,
                        6.306249999999885
                    ],
                    [
                        80.41874999999968,
                        6.302083333333222
                    ],
                    [
                        80.4229166666664,
                        6.297916666666573
                    ],
                    [
                        80.41874999999968,
                        6.29375
                    ],
                    [
                        80.41874999999968,
                        6.289583333333248
                    ],
                    [
                        80.4229166666664,
                        6.285416666666556
                    ],
                    [
                        80.4229166666664,
                        6.281249999999893
                    ]
                ]
            }
        },
        {
            "type": "Feature",
            "properties": {
                "HYRIV_ID": 41408829,
                "NEXT_DOWN": 41408849,
                "MAIN_RIV": 41410526,
                "LENGTH_KM": 6.56,
                "DIST_DN_KM": 52.700001,
                "DIST_UP_KM": 9.1,
                "CATCH_SKM": 26.030001,
                "UPLAND_SKM": 26.0,
                "ENDORHEIC": 0,
                "DIS_AV_CMS": 1.074,
                "ORD_STRA": 1,
                "ORD_CLAS": 3,
                "ORD_FLOW": 6,
                "HYBAS_L12": 4121159870.0,
                "Shape_Length": 0.059134950647693994
            },
            "geometry": {
                "type": "LineString",
                "coordinates": [
                    [
                        80.5666666666663,
                        6.324999999999896
                    ],
                    [
                        80.55624999999972,
                        6.314583333333239
                    ],
                    [
                        80.55208333333306,
                        6.314583333333239
                    ],
                    [
                        80.54791666666634,
                        6.31041666666659
                    ],
                    [
                        80.54791666666634,
                        6.302083333333222
                    ],
                    [
                        80.55208333333306,
                        6.297916666666573
                    ],
                    [
                        80.54791666666634,
                        6.29375
                    ],
                    [
                        80.54791666666634,
                        6.289583333333248
                    ],
                    [
                        80.55208333333306,
                        6.285416666666556
                    ],
                    [
                        80.55208333333306,
                        6.281249999999893
                    ]
                ]
            }
        },
        {
            "type": "Feature",
            "properties": {
                "HYRIV_ID": 41408830,
                "NEXT_DOWN": 41408849,
                "MAIN_RIV": 41410526,
                "LENGTH_KM": 0.92,
                "DIST_DN_KM": 52.700001,
                "DIST_UP_KM": 13.6,
                "CATCH_SKM": 1.92,
                "UPLAND_SKM": 33.099998,
                "ENDORHEIC": 0,
                "DIS_AV_CMS": 1.33,
                "ORD_STRA": 2,
                "ORD_CLAS": 2,
                "ORD_FLOW": 6,
                "HYBAS_L12": 4121159870.0,
                "Shape_Length": 0.008333333333212067
            },
            "geometry": {
                "type": "LineString",
                "coordinates": [
                    [
                        80.56041666666627,
                        6.281249999999893
                    ],
                    [
                        80.55208333333306,
                        6.281249999999893
                    ]
                ]
            }
        },
        {
            "type": "Feature",
            "properties": {
                "HYRIV_ID": 41408831,
                "NEXT_DOWN": 41408830,
                "MAIN_RIV": 41410526,
                "LENGTH_KM": 0.65,
                "DIST_DN_KM": 53.8,
                "DIST_UP_KM": 12.5,
                "CATCH_SKM": 0.21,
                "UPLAND_SKM": 27.3,
                "ENDORHEIC": 0,
                "DIS_AV_CMS": 1.096,
                "ORD_STRA": 2,
                "ORD_CLAS": 2,
                "ORD_FLOW": 6,
                "HYBAS_L12": 4121159870.0,
                "Shape_Length": 0.005892556509962925
            },
            "geometry": {
                "type": "LineString",
                "coordinates": [
                    [
                        80.56458333333305,
                        6.285416666666556
                    ],
                    [
                        80.56041666666627,
                        6.281249999999893
                    ]
                ]
            }
        },
        {
            "type": "Feature",
            "properties": {
                "HYRIV_ID": 41408848,
                "NEXT_DOWN": 41408899,
                "MAIN_RIV": 41410526,
                "LENGTH_KM": 1.8,
                "DIST_DN_KM": 49.700001,
                "DIST_UP_KM": 3.8,
                "CATCH_SKM": 6.62,
                "UPLAND_SKM": 6.6,
                "ENDORHEIC": 0,
                "DIS_AV_CMS": 0.297,
                "ORD_STRA": 1,
                "ORD_CLAS": 3,
                "ORD_FLOW": 7,
                "HYBAS_L12": 4121602630.0,
                "Shape_Length": 0.016309223176487763
            },
            "geometry": {
                "type": "LineString",
                "coordinates": [
                    [
                        80.43749999999963,
                        6.277083333333231
                    ],
                    [
                        80.43124999999961,
                        6.277083333333231
                    ],
                    [
                        80.42708333333306,
                        6.281249999999893
                    ],
                    [
                        80.4229166666664,
                        6.281249999999893
                    ]
                ]
            }
        },
        {
            "type": "Feature",
            "properties": {
                "HYRIV_ID": 41408849,
                "NEXT_DOWN": 41408901,
                "MAIN_RIV": 41410526,
                "LENGTH_KM": 0.65,
                "DIST_DN_KM": 52.200001,
                "DIST_UP_KM": 14.0,
                "CATCH_SKM": 0.21,
                "UPLAND_SKM": 59.3,
                "ENDORHEIC": 0,
                "DIS_AV_CMS": 2.4130001,
                "ORD_STRA": 2,
                "ORD_CLAS": 2,
                "ORD_FLOW": 6,
                "HYBAS_L12": 4121159870.0,
                "Shape_Length": 0.005892556509922731
            },
            "geometry": {
                "type": "LineString",
                "coordinates": [
                    [
                        80.55208333333306,
                        6.281249999999893
                    ],
                    [
                        80.54791666666634,
                        6.277083333333231
                    ]
                ]
            }
        },
        {
            "type": "Feature",
            "properties": {
                "HYRIV_ID": 41408850,
                "NEXT_DOWN": 41408830,
                "MAIN_RIV": 41410526,
                "LENGTH_KM": 0.69,
                "DIST_DN_KM": 53.599998,
                "DIST_UP_KM": 3.2,
                "CATCH_SKM": 3.84,
                "UPLAND_SKM": 3.8,
                "ENDORHEIC": 0,
                "DIS_AV_CMS": 0.155,
                "ORD_STRA": 1,
                "ORD_CLAS": 3,
                "ORD_FLOW": 7,
                "HYBAS_L12": 4121159870.0,
                "Shape_Length": 0.006249999999994316
            },
            "geometry": {
                "type": "LineString",
                "coordinates": [
                    [
                        80.56041666666627,
                        6.274999999999899
                    ],
                    [
                        80.56041666666627,
                        6.281249999999893
                    ]
                ]
            }
        },
        {
            "type": "Feature",
            "properties": {
                "HYRIV_ID": 41408872,
                "NEXT_DOWN": 41408901,
                "MAIN_RIV": 41410526,
                "LENGTH_KM": 1.62,
                "DIST_DN_KM": 52.0,
                "DIST_UP_KM": 4.5,
                "CATCH_SKM": 6.1900001,
                "UPLAND_SKM": 6.2,
                "ENDORHEIC": 0,
                "DIS_AV_CMS": 0.253,
                "ORD_STRA": 1,
                "ORD_CLAS": 3,
                "ORD_FLOW": 7,
                "HYBAS_L12": 4121159870.0,
                "Shape_Length": 0.014583333333362702
            },
            "geometry": {
                "type": "LineString",
                "coordinates": [
                    [
                        80.55624999999972,
                        6.27083333333325
                    ],
                    [
                        80.55624999999972,
                        6.277083333333231
                    ],
                    [
                        80.54791666666634,
                        6.277083333333231
                    ]
                ]
            }
        },
        {
            "type": "Feature",
            "properties": {
                "HYRIV_ID": 41408899,
                "NEXT_DOWN": 41409026,
                "MAIN_RIV": 41410526,
                "LENGTH_KM": 2.6900001,
                "DIST_DN_KM": 47.0,
                "DIST_UP_KM": 9.4,
                "CATCH_SKM": 4.48,
                "UPLAND_SKM": 23.5,
                "ENDORHEIC": 0,
                "DIS_AV_CMS": 1.079,
                "ORD_STRA": 2,
                "ORD_CLAS": 2,
                "ORD_FLOW": 6,
                "HYBAS_L12": 4121602630.0,
                "Shape_Length": 0.024285113019813995
            },
            "geometry": {
                "type": "LineString",
                "coordinates": [
                    [
                        80.4229166666664,
                        6.281249999999893
                    ],
                    [
                        80.4229166666664,
                        6.277083333333231
                    ],
                    [
                        80.41874999999968,
                        6.272916666666582
                    ],
                    [
                        80.41458333333301,
                        6.272916666666582
                    ],
                    [
                        80.41041666666635,
                        6.268749999999876
                    ],
                    [
                        80.41041666666635,
                        6.264583333333213
                    ]
                ]
            }
        },
        {
            "type": "Feature",
            "properties": {
                "HYRIV_ID": 41408900,
                "NEXT_DOWN": 41408921,
                "MAIN_RIV": 41410526,
                "LENGTH_KM": 3.54,
                "DIST_DN_KM": 45.900002,
                "DIST_UP_KM": 7.3,
                "CATCH_SKM": 8.96,
                "UPLAND_SKM": 19.4,
                "ENDORHEIC": 0,
                "DIS_AV_CMS": 0.85900003,
                "ORD_STRA": 2,
                "ORD_CLAS": 3,
                "ORD_FLOW": 7,
                "HYBAS_L12": 4121159870.0,
                "Shape_Length": 0.031903559372892645
            },
            "geometry": {
                "type": "LineString",
                "coordinates": [
                    [
                        80.47708333333296,
                        6.285416666666556
                    ],
                    [
                        80.48958333333294,
                        6.272916666666582
                    ],
                    [
                        80.49374999999966,
                        6.272916666666582
                    ],
                    [
                        80.49791666666627,
                        6.268749999999876
                    ],
                    [
                        80.49791666666627,
                        6.264583333333213
                    ]
                ]
            }
        },
        {
            "type": "Feature",
            "properties": {
                "HYRIV_ID": 41408901,
                "NEXT_DOWN": 41408921,
                "MAIN_RIV": 41410526,
                "LENGTH_KM": 6.1100001,
                "DIST_DN_KM": 45.900002,
                "DIST_UP_KM": 20.3,
                "CATCH_SKM": 21.34,
                "UPLAND_SKM": 86.800003,
                "ENDORHEIC": 0,
                "DIS_AV_CMS": 3.5580001,
                "ORD_STRA": 2,
                "ORD_CLAS": 2,
                "ORD_FLOW": 6,
                "HYBAS_L12": 4121159870.0,
                "Shape_Length": 0.05517766952973064
            },
            "geometry": {
                "type": "LineString",
                "coordinates": [
                    [
                        80.54791666666634,
                        6.277083333333231
                    ],
                    [
                        80.54374999999968,
                        6.272916666666582
                    ],
                    [
                        80.52708333333302,
                        6.272916666666582
                    ],
                    [
                        80.5229166666663,
                        6.268749999999876
                    ],
                    [
                        80.51874999999964,
                        6.268749999999876
                    ],
                    [
                        80.51458333333298,
                        6.264583333333213
                    ],
                    [
                        80.49791666666627,
                        6.264583333333213
                    ]
                ]
            }
        },
        {
            "type": "Feature",
            "properties": {
                "HYRIV_ID": 41408902,
                "NEXT_DOWN": 41409142,
                "MAIN_RIV": 41410526,
                "LENGTH_KM": 3.08,
                "DIST_DN_KM": 57.5,
                "DIST_UP_KM": 18.8,
                "CATCH_SKM": 5.9699998,
                "UPLAND_SKM": 47.200001,
                "ENDORHEIC": 0,
                "DIS_AV_CMS": 1.837,
                "ORD_STRA": 2,
                "ORD_CLAS": 1,
                "ORD_FLOW": 6,
                "HYBAS_L12": 4121159900.0,
                "Shape_Length": 0.02773689270621312
            },
            "geometry": {
                "type": "LineString",
                "coordinates": [
                    [
                        80.5979166666663,
                        6.285416666666556
                    ],
                    [
                        80.5979166666663,
                        6.281249999999893
                    ],
                    [
                        80.60208333333296,
                        6.277083333333231
                    ],
                    [
                        80.58958333333297,
                        6.264583333333213
                    ]
                ]
            }
        },
        {
            "type": "Feature",
            "properties": {
                "HYRIV_ID": 41408919,
                "NEXT_DOWN": 41409026,
                "MAIN_RIV": 41410526,
                "LENGTH_KM": 2.36,
                "DIST_DN_KM": 47.0,
                "DIST_UP_KM": 3.6,
                "CATCH_SKM": 8.54,
                "UPLAND_SKM": 8.5,
                "ENDORHEIC": 0,
                "DIS_AV_CMS": 0.391,
                "ORD_STRA": 1,
                "ORD_CLAS": 3,
                "ORD_FLOW": 7,
                "HYBAS_L12": 4121602630.0,
                "Shape_Length": 0.02133883476478229
            },
            "geometry": {
                "type": "LineString",
                "coordinates": [
                    [
                        80.3916666666664,
                        6.258333333333233
                    ],
                    [
                        80.39791666666636,
                        6.264583333333213
                    ],
                    [
                        80.41041666666635,
                        6.264583333333213
                    ]
                ]
            }
        },
        {
            "type": "Feature",
            "properties": {
                "HYRIV_ID": 41408920,
                "NEXT_DOWN": 41409007,
                "MAIN_RIV": 41410526,
                "LENGTH_KM": 8.9700003,
                "DIST_DN_KM": 45.200001,
                "DIST_UP_KM": 10.4,
                "CATCH_SKM": 14.08,
                "UPLAND_SKM": 14.1,
                "ENDORHEIC": 0,
                "DIS_AV_CMS": 0.63599998,
                "ORD_STRA": 1,
                "ORD_CLAS": 3,
                "ORD_FLOW": 7,
                "HYBAS_L12": 4121159870.0,
                "Shape_Length": 0.08097928684391432
            },
            "geometry": {
                "type": "LineString",
                "coordinates": [
                    [
                        80.43333333333297,
                        6.295833333333242
                    ],
                    [
                        80.44791666666643,
                        6.281249999999893
                    ],
                    [
                        80.45208333333292,
                        6.281249999999893
                    ],
                    [
                        80.45624999999964,
                        6.285416666666556
                    ],
                    [
                        80.4729166666663,
                        6.268749999999876
                    ],
                    [
                        80.48124999999962,
                        6.268749999999876
                    ],
                    [
                        80.48541666666628,
                        6.264583333333213
                    ],
                    [
                        80.49374999999966,
                        6.264583333333213
                    ],
                    [
                        80.49374999999966,
                        6.260416666666565
                    ]
                ]
            }
        },
        {
            "type": "Feature",
            "properties": {
                "HYRIV_ID": 41408921,
                "NEXT_DOWN": 41409007,
                "MAIN_RIV": 41410526,
                "LENGTH_KM": 0.65,
                "DIST_DN_KM": 45.400002,
                "DIST_UP_KM": 20.8,
                "CATCH_SKM": 0.21,
                "UPLAND_SKM": 106.5,
                "ENDORHEIC": 0,
                "DIS_AV_CMS": 4.4380002,
                "ORD_STRA": 3,
                "ORD_CLAS": 2,
                "ORD_FLOW": 6,
                "HYBAS_L12": 4121159870.0,
                "Shape_Length": 0.005892556509832294
            },
            "geometry": {
                "type": "LineString",
                "coordinates": [
                    [
                        80.49791666666627,
                        6.264583333333213
                    ],
                    [
                        80.49374999999966,
                        6.260416666666565
                    ]
                ]
            }
        },
        {
            "type": "Feature",
            "properties": {
                "HYRIV_ID": 41408990,
                "NEXT_DOWN": 41409142,
                "MAIN_RIV": 41410526,
                "LENGTH_KM": 6.6700001,
                "DIST_DN_KM": 57.3,
                "DIST_UP_KM": 8.6,
                "CATCH_SKM": 22.41,
                "UPLAND_SKM": 22.4,
                "ENDORHEIC": 0,
                "DIS_AV_CMS": 0.87400001,
                "ORD_STRA": 1,
                "ORD_CLAS": 2,
                "ORD_FLOW": 7,
                "HYBAS_L12": 4121159900.0,
                "Shape_Length": 0.06014595351065752
            },
            "geometry": {
                "type": "LineString",
                "coordinates": [
                    [
                        80.63333333333307,
                        6.27083333333325
                    ],
                    [
                        80.61041666666628,
                        6.247916666666576
                    ],
                    [
                        80.59374999999963,
                        6.264583333333213
                    ],
                    [
                        80.58958333333297,
                        6.264583333333213
                    ]
                ]
            }
        },
        {
            "type": "Feature",
            "properties": {
                "HYRIV_ID": 41409007,
                "NEXT_DOWN": 41409117,
                "MAIN_RIV": 41410526,
                "LENGTH_KM": 2.04,
                "DIST_DN_KM": 43.200001,
                "DIST_UP_KM": 23.0,
                "CATCH_SKM": 5.5500002,
                "UPLAND_SKM": 126.1,
                "ENDORHEIC": 0,
                "DIS_AV_CMS": 5.37,
                "ORD_STRA": 3,
                "ORD_CLAS": 2,
                "ORD_FLOW": 6,
                "HYBAS_L12": 4121159870.0,
                "Shape_Length": 0.018392556509816763
            },
            "geometry": {
                "type": "LineString",
                "coordinates": [
                    [
                        80.49374999999966,
                        6.260416666666565
                    ],
                    [
                        80.49374999999966,
                        6.25625
                    ],
                    [
                        80.49791666666627,
                        6.252083333333239
                    ],
                    [
                        80.49791666666627,
                        6.24375
                    ]
                ]
            }
        },
        {
            "type": "Feature",
            "properties": {
                "HYRIV_ID": 41409026,
                "NEXT_DOWN": 41409217,
                "MAIN_RIV": 41410526,
                "LENGTH_KM": 3.54,
                "DIST_DN_KM": 43.700001,
                "DIST_UP_KM": 12.7,
                "CATCH_SKM": 10.24,
                "UPLAND_SKM": 42.200001,
                "ENDORHEIC": 0,
                "DIS_AV_CMS": 1.9579999,
                "ORD_STRA": 2,
                "ORD_CLAS": 2,
                "ORD_FLOW": 6,
                "HYBAS_L12": 4121602630.0,
                "Shape_Length": 0.03190355937290615
            },
            "geometry": {
                "type": "LineString",
                "coordinates": [
                    [
                        80.41041666666635,
                        6.264583333333213
                    ],
                    [
                        80.41458333333301,
                        6.260416666666565
                    ],
                    [
                        80.41458333333301,
                        6.252083333333239
                    ],
                    [
                        80.42708333333306,
                        6.239583333333222
                    ]
                ]
            }
        },
        {
            "type": "Feature",
            "properties": {
                "HYRIV_ID": 41409027,
                "NEXT_DOWN": 41409117,
                "MAIN_RIV": 41410526,
                "LENGTH_KM": 2.27,
                "DIST_DN_KM": 43.200001,
                "DIST_UP_KM": 4.3,
                "CATCH_SKM": 5.33,
                "UPLAND_SKM": 5.3,
                "ENDORHEIC": 0,
                "DIS_AV_CMS": 0.223,
                "ORD_STRA": 1,
                "ORD_CLAS": 3,
                "ORD_FLOW": 7,
                "HYBAS_L12": 4121159870.0,
                "Shape_Length": 0.020475889843261173
            },
            "geometry": {
                "type": "LineString",
                "coordinates": [
                    [
                        80.51666666666628,
                        6.239583333333222
                    ],
                    [
                        80.51041666666632,
                        6.239583333333222
                    ],
                    [
                        80.50624999999965,
                        6.24375
                    ],
                    [
                        80.49791666666627,
                        6.24375
                    ]
                ]
            }
        },
        {
            "type": "Feature",
            "properties": {
                "HYRIV_ID": 41409063,
                "NEXT_DOWN": 41409217,
                "MAIN_RIV": 41410526,
                "LENGTH_KM": 1.81,
                "DIST_DN_KM": 43.700001,
                "DIST_UP_KM": 3.0,
                "CATCH_SKM": 4.7,
                "UPLAND_SKM": 4.7,
                "ENDORHEIC": 0,
                "DIS_AV_CMS": 0.211,
                "ORD_STRA": 1,
                "ORD_CLAS": 3,
                "ORD_FLOW": 7,
                "HYBAS_L12": 4121602630.0,
                "Shape_Length": 0.016309223176610783
            },
            "geometry": {
                "type": "LineString",
                "coordinates": [
                    [
                        80.41666666666632,
                        6.23125
                    ],
                    [
                        80.4229166666664,
                        6.23125
                    ],
                    [
                        80.4229166666664,
                        6.235416666666559
                    ],
                    [
                        80.42708333333306,
                        6.239583333333222
                    ]
                ]
            }
        },
        {
            "type": "Feature",
            "properties": {
                "HYRIV_ID": 41409092,
                "NEXT_DOWN": 41409218,
                "MAIN_RIV": 41410526,
                "LENGTH_KM": 4.7,
                "DIST_DN_KM": 38.700001,
                "DIST_UP_KM": 6.0,
                "CATCH_SKM": 11.52,
                "UPLAND_SKM": 11.5,
                "ENDORHEIC": 0,
                "DIS_AV_CMS": 0.509,
                "ORD_STRA": 1,
                "ORD_CLAS": 2,
                "ORD_FLOW": 7,
                "HYBAS_L12": 4121602630.0,
                "Shape_Length": 0.042320226039508926
            },
            "geometry": {
                "type": "LineString",
                "coordinates": [
                    [
                        80.46458333333297,
                        6.262499999999882
                    ],
                    [
                        80.46458333333297,
                        6.252083333333239
                    ],
                    [
                        80.47708333333296,
                        6.239583333333222
                    ],
                    [
                        80.47708333333296,
                        6.235416666666559
                    ],
                    [
                        80.48124999999962,
                        6.23125
                    ],
                    [
                        80.48124999999962,
                        6.227083333333248
                    ]
                ]
            }
        },
        {
            "type": "Feature",
            "properties": {
                "HYRIV_ID": 41409116,
                "NEXT_DOWN": 41409218,
                "MAIN_RIV": 41410526,
                "LENGTH_KM": 1.5700001,
                "DIST_DN_KM": 38.700001,
                "DIST_UP_KM": 37.5,
                "CATCH_SKM": 2.35,
                "UPLAND_SKM": 290.0,
                "ENDORHEIC": 0,
                "DIS_AV_CMS": 12.116,
                "ORD_STRA": 3,
                "ORD_CLAS": 1,
                "ORD_FLOW": 5,
                "HYBAS_L12": 4121602630.0,
                "Shape_Length": 0.014225889843265133
            },
            "geometry": {
                "type": "LineString",
                "coordinates": [
                    [
                        80.49374999999966,
                        6.222916666666585
                    ],
                    [
                        80.48958333333294,
                        6.222916666666585
                    ],
                    [
                        80.48541666666628,
                        6.227083333333248
                    ],
                    [
                        80.48124999999962,
                        6.227083333333248
                    ]
                ]
            }
        },
        {
            "type": "Feature",
            "properties": {
                "HYRIV_ID": 41409117,
                "NEXT_DOWN": 41409116,
                "MAIN_RIV": 41410526,
                "LENGTH_KM": 2.8900001,
                "DIST_DN_KM": 40.5,
                "DIST_UP_KM": 25.700001,
                "CATCH_SKM": 4.27,
                "UPLAND_SKM": 135.7,
                "ENDORHEIC": 0,
                "DIS_AV_CMS": 5.8530002,
                "ORD_STRA": 3,
                "ORD_CLAS": 2,
                "ORD_FLOW": 6,
                "HYBAS_L12": 4121159870.0,
                "Shape_Length": 0.02601100286287288
            },
            "geometry": {
                "type": "LineString",
                "coordinates": [
                    [
                        80.49791666666627,
                        6.24375
                    ],
                    [
                        80.49374999999966,
                        6.239583333333222
                    ],
                    [
                        80.49374999999966,
                        6.235416666666559
                    ],
                    [
                        80.49791666666627,
                        6.23125
                    ],
                    [
                        80.49791666666627,
                        6.227083333333248
                    ],
                    [
                        80.49374999999966,
                        6.222916666666585
                    ]
                ]
            }
        },
        {
            "type": "Feature",
            "properties": {
                "HYRIV_ID": 41409140,
                "NEXT_DOWN": 41409116,
                "MAIN_RIV": 41410526,
                "LENGTH_KM": 1.11,
                "DIST_DN_KM": 40.3,
                "DIST_UP_KM": 35.900002,
                "CATCH_SKM": 1.92,
                "UPLAND_SKM": 151.89999,
                "ENDORHEIC": 0,
                "DIS_AV_CMS": 6.0619998,
                "ORD_STRA": 2,
                "ORD_CLAS": 1,
                "ORD_FLOW": 6,
                "HYBAS_L12": 4121159900.0,
                "Shape_Length": 0.010059223176518715
            },
            "geometry": {
                "type": "LineString",
                "coordinates": [
                    [
                        80.50208333333299,
                        6.21875
                    ],
                    [
                        80.49791666666627,
                        6.222916666666585
                    ],
                    [
                        80.49374999999966,
                        6.222916666666585
                    ]
                ]
            }
        },
        {
            "type": "Feature",
            "properties": {
                "HYRIV_ID": 41409141,
                "NEXT_DOWN": 41409140,
                "MAIN_RIV": 41410526,
                "LENGTH_KM": 4.3200002,
                "DIST_DN_KM": 41.599998,
                "DIST_UP_KM": 5.8,
                "CATCH_SKM": 7.04,
                "UPLAND_SKM": 7.0,
                "ENDORHEIC": 0,
                "DIS_AV_CMS": 0.292,
                "ORD_STRA": 1,
                "ORD_CLAS": 2,
                "ORD_FLOW": 7,
                "HYBAS_L12": 4121159900.0,
                "Shape_Length": 0.03901650429446005
            },
            "geometry": {
                "type": "LineString",
                "coordinates": [
                    [
                        80.53333333333299,
                        6.237499999999891
                    ],
                    [
                        80.5229166666663,
                        6.227083333333248
                    ],
                    [
                        80.51041666666632,
                        6.227083333333248
                    ],
                    [
                        80.50208333333299,
                        6.21875
                    ]
                ]
            }
        },
        {
            "type": "Feature",
            "properties": {
                "HYRIV_ID": 41409142,
                "NEXT_DOWN": 41409181,
                "MAIN_RIV": 41410526,
                "LENGTH_KM": 6.7800002,
                "DIST_DN_KM": 50.5,
                "DIST_UP_KM": 25.700001,
                "CATCH_SKM": 15.79,
                "UPLAND_SKM": 85.300003,
                "ENDORHEIC": 0,
                "DIS_AV_CMS": 3.346,
                "ORD_STRA": 2,
                "ORD_CLAS": 1,
                "ORD_FLOW": 6,
                "HYBAS_L12": 4121159900.0,
                "Shape_Length": 0.06107022603946661
            },
            "geometry": {
                "type": "LineString",
                "coordinates": [
                    [
                        80.58958333333297,
                        6.264583333333213
                    ],
                    [
                        80.58958333333297,
                        6.260416666666565
                    ],
                    [
                        80.5854166666663,
                        6.260416666666565
                    ],
                    [
                        80.5854166666663,
                        6.25625
                    ],
                    [
                        80.58124999999976,
                        6.252083333333239
                    ],
                    [
                        80.58124999999976,
                        6.247916666666576
                    ],
                    [
                        80.57291666666637,
                        6.239583333333222
                    ],
                    [
                        80.5687499999996,
                        6.239583333333222
                    ],
                    [
                        80.56458333333305,
                        6.235416666666559
                    ],
                    [
                        80.56458333333305,
                        6.21875
                    ]
                ]
            }
        },
        {
            "type": "Feature",
            "properties": {
                "HYRIV_ID": 41409143,
                "NEXT_DOWN": 41409181,
                "MAIN_RIV": 41410526,
                "LENGTH_KM": 5.7199998,
                "DIST_DN_KM": 50.700001,
                "DIST_UP_KM": 8.2,
                "CATCH_SKM": 17.5,
                "UPLAND_SKM": 17.5,
                "ENDORHEIC": 0,
                "DIS_AV_CMS": 0.69,
                "ORD_STRA": 1,
                "ORD_CLAS": 2,
                "ORD_FLOW": 7,
                "HYBAS_L12": 4121159900.0,
                "Shape_Length": 0.05166456223577293
            },
            "geometry": {
                "type": "LineString",
                "coordinates": [
                    [
                        80.60416666666632,
                        6.23125
                    ],
                    [
                        80.5979166666663,
                        6.23125
                    ],
                    [
                        80.59374999999963,
                        6.235416666666559
                    ],
                    [
                        80.58958333333297,
                        6.235416666666559
                    ],
                    [
                        80.57291666666637,
                        6.21875
                    ],
                    [
                        80.5687499999996,
                        6.222916666666585
                    ],
                    [
                        80.56458333333305,
                        6.21875
                    ]
                ]
            }
        },
        {
            "type": "Feature",
            "properties": {
                "HYRIV_ID": 41409144,
                "NEXT_DOWN": 41409349,
                "MAIN_RIV": 41410526,
                "LENGTH_KM": 3.11,
                "DIST_DN_KM": 45.900002,
                "DIST_UP_KM": 5.6,
                "CATCH_SKM": 11.95,
                "UPLAND_SKM": 11.9,
                "ENDORHEIC": 0,
                "DIS_AV_CMS": 0.45500001,
                "ORD_STRA": 1,
                "ORD_CLAS": 2,
                "ORD_FLOW": 7,
                "HYBAS_L12": 4121160090.0,
                "Shape_Length": 0.028094336196426817
            },
            "geometry": {
                "type": "LineString",
                "coordinates": [
                    [
                        80.6583333333331,
                        6.235416666666559
                    ],
                    [
                        80.65208333333297,
                        6.235416666666559
                    ],
                    [
                        80.6479166666663,
                        6.23125
                    ],
                    [
                        80.6479166666663,
                        6.227083333333248
                    ],
                    [
                        80.63958333333298,
                        6.21875
                    ]
                ]
            }
        },
        {
            "type": "Feature",
            "properties": {
                "HYRIV_ID": 41409162,
                "NEXT_DOWN": 41409349,
                "MAIN_RIV": 41410526,
                "LENGTH_KM": 1.4400001,
                "DIST_DN_KM": 45.700001,
                "DIST_UP_KM": 3.2,
                "CATCH_SKM": 4.7,
                "UPLAND_SKM": 4.7,
                "ENDORHEIC": 0,
                "DIS_AV_CMS": 0.177,
                "ORD_STRA": 1,
                "ORD_CLAS": 3,
                "ORD_FLOW": 7,
                "HYBAS_L12": 4121160090.0,
                "Shape_Length": 0.01300550143149673
            },
            "geometry": {
                "type": "LineString",
                "coordinates": [
                    [
                        80.64999999999961,
                        6.212499999999899
                    ],
                    [
                        80.64374999999964,
                        6.21875
                    ],
                    [
                        80.63958333333298,
                        6.21875
                    ]
                ]
            }
        },
        {
            "type": "Feature",
            "properties": {
                "HYRIV_ID": 41409181,
                "NEXT_DOWN": 41409220,
                "MAIN_RIV": 41410526,
                "LENGTH_KM": 2.23,
                "DIST_DN_KM": 48.5,
                "DIST_UP_KM": 27.8,
                "CATCH_SKM": 4.9099998,
                "UPLAND_SKM": 107.8,
                "ENDORHEIC": 0,
                "DIS_AV_CMS": 4.2340002,
                "ORD_STRA": 2,
                "ORD_CLAS": 1,
                "ORD_FLOW": 6,
                "HYBAS_L12": 4121159900.0,
                "Shape_Length": 0.020118446353127872
            },
            "geometry": {
                "type": "LineString",
                "coordinates": [
                    [
                        80.56458333333305,
                        6.21875
                    ],
                    [
                        80.56041666666627,
                        6.214583333333231
                    ],
                    [
                        80.55208333333306,
                        6.214583333333231
                    ],
                    [
                        80.54791666666634,
                        6.210416666666568
                    ]
                ]
            }
        },
        {
            "type": "Feature",
            "properties": {
                "HYRIV_ID": 41409216,
                "NEXT_DOWN": 41409293,
                "MAIN_RIV": 41410526,
                "LENGTH_KM": 0.69,
                "DIST_DN_KM": 38.400002,
                "DIST_UP_KM": 3.1,
                "CATCH_SKM": 2.56,
                "UPLAND_SKM": 2.6,
                "ENDORHEIC": 0,
                "DIS_AV_CMS": 0.113,
                "ORD_STRA": 1,
                "ORD_CLAS": 3,
                "ORD_FLOW": 7,
                "HYBAS_L12": 4121602630.0,
                "Shape_Length": 0.006249999999965894
            },
            "geometry": {
                "type": "LineString",
                "coordinates": [
                    [
                        80.44583333333296,
                        6.20625
                    ],
                    [
                        80.45208333333292,
                        6.20625
                    ]
                ]
            }
        },
        {
            "type": "Feature",
            "properties": {
                "HYRIV_ID": 41409217,
                "NEXT_DOWN": 41409293,
                "MAIN_RIV": 41410526,
                "LENGTH_KM": 5.12,
                "DIST_DN_KM": 38.400002,
                "DIST_UP_KM": 18.0,
                "CATCH_SKM": 17.93,
                "UPLAND_SKM": 64.900002,
                "ENDORHEIC": 0,
                "DIS_AV_CMS": 3.023,
                "ORD_STRA": 2,
                "ORD_CLAS": 2,
                "ORD_FLOW": 6,
                "HYBAS_L12": 4121602630.0,
                "Shape_Length": 0.046129449216042076
            },
            "geometry": {
                "type": "LineString",
                "coordinates": [
                    [
                        80.42708333333306,
                        6.239583333333222
                    ],
                    [
                        80.4437499999996,
                        6.222916666666585
                    ],
                    [
                        80.44791666666643,
                        6.222916666666585
                    ],
                    [
                        80.45208333333292,
                        6.21875
                    ],
                    [
                        80.45208333333292,
                        6.20625
                    ]
                ]
            }
        },
        {
            "type": "Feature",
            "properties": {
                "HYRIV_ID": 41409218,
                "NEXT_DOWN": 41409348,
                "MAIN_RIV": 41410526,
                "LENGTH_KM": 3.08,
                "DIST_DN_KM": 35.700001,
                "DIST_UP_KM": 40.599998,
                "CATCH_SKM": 5.5500002,
                "UPLAND_SKM": 307.0,
                "ENDORHEIC": 0,
                "DIS_AV_CMS": 13.039,
                "ORD_STRA": 3,
                "ORD_CLAS": 1,
                "ORD_FLOW": 5,
                "HYBAS_L12": 4121602630.0,
                "Shape_Length": 0.027736892706198907
            },
            "geometry": {
                "type": "LineString",
                "coordinates": [
                    [
                        80.48124999999962,
                        6.227083333333248
                    ],
                    [
                        80.47708333333296,
                        6.222916666666585
                    ],
                    [
                        80.48124999999962,
                        6.21875
                    ],
                    [
                        80.47708333333296,
                        6.214583333333231
                    ],
                    [
                        80.48124999999962,
                        6.210416666666568
                    ],
                    [
                        80.48124999999962,
                        6.20625
                    ]
                ]
            }
        },
        {
            "type": "Feature",
            "properties": {
                "HYRIV_ID": 41409219,
                "NEXT_DOWN": 41409258,
                "MAIN_RIV": 41410526,
                "LENGTH_KM": 1.4400001,
                "DIST_DN_KM": 47.700001,
                "DIST_UP_KM": 3.2,
                "CATCH_SKM": 5.12,
                "UPLAND_SKM": 5.1,
                "ENDORHEIC": 0,
                "DIS_AV_CMS": 0.21,
                "ORD_STRA": 1,
                "ORD_CLAS": 2,
                "ORD_FLOW": 7,
                "HYBAS_L12": 4121159900.0,
                "Shape_Length": 0.013005501431532764
            },
            "geometry": {
                "type": "LineString",
                "coordinates": [
                    [
                        80.5374999999996,
                        6.216666666666562
                    ],
                    [
                        80.54374999999968,
                        6.210416666666568
                    ],
                    [
                        80.54374999999968,
                        6.20625
                    ]
                ]
            }
        },
        {
            "type": "Feature",
            "properties": {
                "HYRIV_ID": 41409220,
                "NEXT_DOWN": 41409258,
                "MAIN_RIV": 41410526,
                "LENGTH_KM": 0.65,
                "DIST_DN_KM": 47.8,
                "DIST_UP_KM": 28.4,
                "CATCH_SKM": 1.0700001,
                "UPLAND_SKM": 118.2,
                "ENDORHEIC": 0,
                "DIS_AV_CMS": 4.6539998,
                "ORD_STRA": 2,
                "ORD_CLAS": 1,
                "ORD_FLOW": 6,
                "HYBAS_L12": 4121159900.0,
                "Shape_Length": 0.005892556509872488
            },
            "geometry": {
                "type": "LineString",
                "coordinates": [
                    [
                        80.54791666666634,
                        6.210416666666568
                    ],
                    [
                        80.54374999999968,
                        6.20625
                    ]
                ]
            }
        },
        {
            "type": "Feature",
            "properties": {
                "HYRIV_ID": 41409256,
                "NEXT_DOWN": 41409348,
                "MAIN_RIV": 41410526,
                "LENGTH_KM": 2.55,
                "DIST_DN_KM": 35.900002,
                "DIST_UP_KM": 4.7,
                "CATCH_SKM": 7.6799998,
                "UPLAND_SKM": 7.7,
                "ENDORHEIC": 0,
                "DIS_AV_CMS": 0.325,
                "ORD_STRA": 1,
                "ORD_CLAS": 2,
                "ORD_FLOW": 7,
                "HYBAS_L12": 4121602630.0,
                "Shape_Length": 0.02306472460816933
            },
            "geometry": {
                "type": "LineString",
                "coordinates": [
                    [
                        80.49999999999974,
                        6.195833333333233
                    ],
                    [
                        80.49374999999966,
                        6.202083333333213
                    ],
                    [
                        80.48541666666628,
                        6.202083333333213
                    ],
                    [
                        80.48124999999962,
                        6.20625
                    ]
                ]
            }
        },
        {
            "type": "Feature",
            "properties": {
                "HYRIV_ID": 41409257,
                "NEXT_DOWN": 41409140,
                "MAIN_RIV": 41410526,
                "LENGTH_KM": 3.08,
                "DIST_DN_KM": 41.599998,
                "DIST_UP_KM": 34.599998,
                "CATCH_SKM": 8.96,
                "UPLAND_SKM": 143.0,
                "ENDORHEIC": 0,
                "DIS_AV_CMS": 5.6719999,
                "ORD_STRA": 2,
                "ORD_CLAS": 1,
                "ORD_FLOW": 6,
                "HYBAS_L12": 4121159900.0,
                "Shape_Length": 0.027736892706243264
            },
            "geometry": {
                "type": "LineString",
                "coordinates": [
                    [
                        80.51874999999964,
                        6.197916666666551
                    ],
                    [
                        80.50624999999965,
                        6.210416666666568
                    ],
                    [
                        80.50624999999965,
                        6.214583333333231
                    ],
                    [
                        80.50208333333299,
                        6.21875
                    ]
                ]
            }
        },
        {
            "type": "Feature",
            "properties": {
                "HYRIV_ID": 41409258,
                "NEXT_DOWN": 41409257,
                "MAIN_RIV": 41410526,
                "LENGTH_KM": 3.1500001,
                "DIST_DN_KM": 44.5,
                "DIST_UP_KM": 31.8,
                "CATCH_SKM": 7.04,
                "UPLAND_SKM": 130.39999,
                "ENDORHEIC": 0,
                "DIS_AV_CMS": 5.1529999,
                "ORD_STRA": 2,
                "ORD_CLAS": 1,
                "ORD_FLOW": 6,
                "HYBAS_L12": 4121159900.0,
                "Shape_Length": 0.028451779686503573
            },
            "geometry": {
                "type": "LineString",
                "coordinates": [
                    [
                        80.54374999999968,
                        6.20625
                    ],
                    [
                        80.53541666666635,
                        6.197916666666551
                    ],
                    [
                        80.51874999999964,
                        6.197916666666551
                    ]
                ]
            }
        },
        {
            "type": "Feature",
            "properties": {
                "HYRIV_ID": 41409292,
                "NEXT_DOWN": 41409346,
                "MAIN_RIV": 41410526,
                "LENGTH_KM": 1.15,
                "DIST_DN_KM": 36.5,
                "DIST_UP_KM": 3.1,
                "CATCH_SKM": 4.9099998,
                "UPLAND_SKM": 4.9,
                "ENDORHEIC": 0,
                "DIS_AV_CMS": 0.21600001,
                "ORD_STRA": 1,
                "ORD_CLAS": 3,
                "ORD_FLOW": 7,
                "HYBAS_L12": 4121602630.0,
                "Shape_Length": 0.010416666666628771
            },
            "geometry": {
                "type": "LineString",
                "coordinates": [
                    [
                        80.4416666666663,
                        6.189583333333239
                    ],
                    [
                        80.45208333333292,
                        6.189583333333239
                    ]
                ]
            }
        },
        {
            "type": "Feature",
            "properties": {
                "HYRIV_ID": 41409293,
                "NEXT_DOWN": 41409346,
                "MAIN_RIV": 41410526,
                "LENGTH_KM": 1.85,
                "DIST_DN_KM": 36.5,
                "DIST_UP_KM": 19.9,
                "CATCH_SKM": 4.48,
                "UPLAND_SKM": 71.900002,
                "ENDORHEIC": 0,
                "DIS_AV_CMS": 3.3659999,
                "ORD_STRA": 2,
                "ORD_CLAS": 2,
                "ORD_FLOW": 6,
                "HYBAS_L12": 4121602630.0,
                "Shape_Length": 0.01666666666667993
            },
            "geometry": {
                "type": "LineString",
                "coordinates": [
                    [
                        80.45208333333292,
                        6.20625
                    ],
                    [
                        80.45208333333292,
                        6.189583333333239
                    ]
                ]
            }
        },
        {
            "type": "Feature",
            "properties": {
                "HYRIV_ID": 41409294,
                "NEXT_DOWN": 41409220,
                "MAIN_RIV": 41410526,
                "LENGTH_KM": 3.4,
                "DIST_DN_KM": 48.5,
                "DIST_UP_KM": 4.8,
                "CATCH_SKM": 9.3900003,
                "UPLAND_SKM": 9.4,
                "ENDORHEIC": 0,
                "DIS_AV_CMS": 0.377,
                "ORD_STRA": 1,
                "ORD_CLAS": 2,
                "ORD_FLOW": 7,
                "HYBAS_L12": 4121159900.0,
                "Shape_Length": 0.030683170961079885
            },
            "geometry": {
                "type": "LineString",
                "coordinates": [
                    [
                        80.5541666666663,
                        6.1875
                    ],
                    [
                        80.56041666666627,
                        6.19375
                    ],
                    [
                        80.56041666666627,
                        6.197916666666551
                    ],
                    [
                        80.54791666666634,
                        6.210416666666568
                    ]
                ]
            }
        },
        {
            "type": "Feature",
            "properties": {
                "HYRIV_ID": 41409308,
                "NEXT_DOWN": 41409257,
                "MAIN_RIV": 41410526,
                "LENGTH_KM": 1.91,
                "DIST_DN_KM": 44.5,
                "DIST_UP_KM": 3.6,
                "CATCH_SKM": 3.6300001,
                "UPLAND_SKM": 3.6,
                "ENDORHEIC": 0,
                "DIS_AV_CMS": 0.148,
                "ORD_STRA": 1,
                "ORD_CLAS": 2,
                "ORD_FLOW": 7,
                "HYBAS_L12": 4121159900.0,
                "Shape_Length": 0.01717216809811525
            },
            "geometry": {
                "type": "LineString",
                "coordinates": [
                    [
                        80.52499999999961,
                        6.183333333333245
                    ],
                    [
                        80.51874999999964,
                        6.189583333333239
                    ],
                    [
                        80.51874999999964,
                        6.197916666666551
                    ]
                ]
            }
        },
        {
            "type": "Feature",
            "properties": {
                "HYRIV_ID": 41409345,
                "NEXT_DOWN": 41409639,
                "MAIN_RIV": 41410526,
                "LENGTH_KM": 4.33,
                "DIST_DN_KM": 39.8,
                "DIST_UP_KM": 6.0,
                "CATCH_SKM": 15.15,
                "UPLAND_SKM": 15.2,
                "ENDORHEIC": 0,
                "DIS_AV_CMS": 0.68400002,
                "ORD_STRA": 1,
                "ORD_CLAS": 3,
                "ORD_FLOW": 7,
                "HYBAS_L12": 4121160080.0,
                "Shape_Length": 0.03901650429456886
            },
            "geometry": {
                "type": "LineString",
                "coordinates": [
                    [
                        80.39583333333294,
                        6.20833333333325
                    ],
                    [
                        80.40208333333302,
                        6.202083333333213
                    ],
                    [
                        80.40208333333302,
                        6.19375
                    ],
                    [
                        80.41458333333301,
                        6.18125
                    ],
                    [
                        80.41458333333301,
                        6.177083333333222
                    ]
                ]
            }
        },
        {
            "type": "Feature",
            "properties": {
                "HYRIV_ID": 41409346,
                "NEXT_DOWN": 41409347,
                "MAIN_RIV": 41410526,
                "LENGTH_KM": 2.04,
                "DIST_DN_KM": 34.5,
                "DIST_UP_KM": 21.9,
                "CATCH_SKM": 5.12,
                "UPLAND_SKM": 81.900002,
                "ENDORHEIC": 0,
                "DIS_AV_CMS": 3.8440001,
                "ORD_STRA": 2,
                "ORD_CLAS": 2,
                "ORD_FLOW": 6,
                "HYBAS_L12": 4121602630.0,
                "Shape_Length": 0.0183925565099273
            },
            "geometry": {
                "type": "LineString",
                "coordinates": [
                    [
                        80.45208333333292,
                        6.189583333333239
                    ],
                    [
                        80.45208333333292,
                        6.18125
                    ],
                    [
                        80.45624999999964,
                        6.177083333333222
                    ],
                    [
                        80.4604166666663,
                        6.177083333333222
                    ]
                ]
            }
        },
        {
            "type": "Feature",
            "properties": {
                "HYRIV_ID": 41409347,
                "NEXT_DOWN": 41409439,
                "MAIN_RIV": 41410526,
                "LENGTH_KM": 2.23,
                "DIST_DN_KM": 32.200001,
                "DIST_UP_KM": 24.200001,
                "CATCH_SKM": 3.4200001,
                "UPLAND_SKM": 92.0,
                "ENDORHEIC": 0,
                "DIS_AV_CMS": 4.323,
                "ORD_STRA": 2,
                "ORD_CLAS": 2,
                "ORD_FLOW": 6,
                "HYBAS_L12": 4121602630.0,
                "Shape_Length": 0.020118446353151118
            },
            "geometry": {
                "type": "LineString",
                "coordinates": [
                    [
                        80.4604166666663,
                        6.177083333333222
                    ],
                    [
                        80.46458333333297,
                        6.18125
                    ],
                    [
                        80.46874999999963,
                        6.177083333333222
                    ],
                    [
                        80.47708333333296,
                        6.177083333333222
                    ]
                ]
            }
        },
        {
            "type": "Feature",
            "properties": {
                "HYRIV_ID": 41409348,
                "NEXT_DOWN": 41409439,
                "MAIN_RIV": 41410526,
                "LENGTH_KM": 3.4300001,
                "DIST_DN_KM": 32.200001,
                "DIST_UP_KM": 44.0,
                "CATCH_SKM": 8.54,
                "UPLAND_SKM": 323.29999,
                "ENDORHEIC": 0,
                "DIS_AV_CMS": 13.987,
                "ORD_STRA": 3,
                "ORD_CLAS": 1,
                "ORD_FLOW": 5,
                "HYBAS_L12": 4121602630.0,
                "Shape_Length": 0.030892556509904155
            },
            "geometry": {
                "type": "LineString",
                "coordinates": [
                    [
                        80.48124999999962,
                        6.20625
                    ],
                    [
                        80.47708333333296,
                        6.202083333333213
                    ],
                    [
                        80.47708333333296,
                        6.177083333333222
                    ]
                ]
            }
        },
        {
            "type": "Feature",
            "properties": {
                "HYRIV_ID": 41409349,
                "NEXT_DOWN": 41409424,
                "MAIN_RIV": 41410526,
                "LENGTH_KM": 5.39,
                "DIST_DN_KM": 40.3,
                "DIST_UP_KM": 11.2,
                "CATCH_SKM": 17.290001,
                "UPLAND_SKM": 33.900002,
                "ENDORHEIC": 0,
                "DIS_AV_CMS": 1.2970001,
                "ORD_STRA": 2,
                "ORD_CLAS": 2,
                "ORD_FLOW": 6,
                "HYBAS_L12": 4121160090.0,
                "Shape_Length": 0.04857022603961206
            },
            "geometry": {
                "type": "LineString",
                "coordinates": [
                    [
                        80.63958333333298,
                        6.21875
                    ],
                    [
                        80.63541666666632,
                        6.214583333333231
                    ],
                    [
                        80.63541666666632,
                        6.20625
                    ],
                    [
                        80.63124999999965,
                        6.202083333333213
                    ],
                    [
                        80.63124999999965,
                        6.197916666666551
                    ],
                    [
                        80.62291666666627,
                        6.189583333333239
                    ],
                    [
                        80.62291666666627,
                        6.177083333333222
                    ]
                ]
            }
        },
        {
            "type": "Feature",
            "properties": {
                "HYRIV_ID": 41409350,
                "NEXT_DOWN": 41409424,
                "MAIN_RIV": 41410526,
                "LENGTH_KM": 1.63,
                "DIST_DN_KM": 40.5,
                "DIST_UP_KM": 3.8,
                "CATCH_SKM": 4.9099998,
                "UPLAND_SKM": 4.9,
                "ENDORHEIC": 0,
                "DIS_AV_CMS": 0.186,
                "ORD_STRA": 1,
                "ORD_CLAS": 3,
                "ORD_FLOW": 7,
                "HYBAS_L12": 4121160090.0,
                "Shape_Length": 0.01473139127486712
            },
            "geometry": {
                "type": "LineString",
                "coordinates": [
                    [
                        80.63333333333307,
                        6.174999999999891
                    ],
                    [
                        80.62708333333299,
                        6.18125
                    ],
                    [
                        80.62291666666627,
                        6.177083333333222
                    ]
                ]
            }
        },
        {
            "type": "Feature",
            "properties": {
                "HYRIV_ID": 41409394,
                "NEXT_DOWN": 41409639,
                "MAIN_RIV": 41410526,
                "LENGTH_KM": 5.4400001,
                "DIST_DN_KM": 39.8,
                "DIST_UP_KM": 7.5,
                "CATCH_SKM": 9.6,
                "UPLAND_SKM": 9.6,
                "ENDORHEIC": 0,
                "DIS_AV_CMS": 0.435,
                "ORD_STRA": 1,
                "ORD_CLAS": 2,
                "ORD_FLOW": 7,
                "HYBAS_L12": 4121160080.0,
                "Shape_Length": 0.049075727471065755
            },
            "geometry": {
                "type": "LineString",
                "coordinates": [
                    [
                        80.3791666666663,
                        6.1875
                    ],
                    [
                        80.38958333333298,
                        6.177083333333222
                    ],
                    [
                        80.39374999999964,
                        6.177083333333222
                    ],
                    [
                        80.40208333333302,
                        6.16875
                    ],
                    [
                        80.41041666666635,
                        6.16875
                    ],
                    [
                        80.41458333333301,
                        6.172916666666559
                    ],
                    [
                        80.41458333333301,
                        6.177083333333222
                    ]
                ]
            }
        },
        {
            "type": "Feature",
            "properties": {
                "HYRIV_ID": 41409422,
                "NEXT_DOWN": 41409347,
                "MAIN_RIV": 41410526,
                "LENGTH_KM": 2.54,
                "DIST_DN_KM": 34.5,
                "DIST_UP_KM": 4.3,
                "CATCH_SKM": 6.62,
                "UPLAND_SKM": 6.6,
                "ENDORHEIC": 0,
                "DIS_AV_CMS": 0.287,
                "ORD_STRA": 1,
                "ORD_CLAS": 3,
                "ORD_FLOW": 7,
                "HYBAS_L12": 4121602630.0,
                "Shape_Length": 0.02291666666660319
            },
            "geometry": {
                "type": "LineString",
                "coordinates": [
                    [
                        80.44999999999968,
                        6.164583333333248
                    ],
                    [
                        80.4604166666663,
                        6.164583333333248
                    ],
                    [
                        80.4604166666663,
                        6.177083333333222
                    ]
                ]
            }
        },
        {
            "type": "Feature",
            "properties": {
                "HYRIV_ID": 41409423,
                "NEXT_DOWN": 41409481,
                "MAIN_RIV": 41410526,
                "LENGTH_KM": 0.69,
                "DIST_DN_KM": 38.099998,
                "DIST_UP_KM": 3.2,
                "CATCH_SKM": 4.27,
                "UPLAND_SKM": 4.3,
                "ENDORHEIC": 0,
                "DIS_AV_CMS": 0.166,
                "ORD_STRA": 1,
                "ORD_CLAS": 3,
                "ORD_FLOW": 7,
                "HYBAS_L12": 4121160090.0,
                "Shape_Length": 0.006249999999980105
            },
            "geometry": {
                "type": "LineString",
                "coordinates": [
                    [
                        80.61041666666628,
                        6.170833333333228
                    ],
                    [
                        80.61041666666628,
                        6.164583333333248
                    ]
                ]
            }
        },
        {
            "type": "Feature",
            "properties": {
                "HYRIV_ID": 41409424,
                "NEXT_DOWN": 41409481,
                "MAIN_RIV": 41410526,
                "LENGTH_KM": 2.23,
                "DIST_DN_KM": 38.3,
                "DIST_UP_KM": 13.2,
                "CATCH_SKM": 4.0500002,
                "UPLAND_SKM": 42.900002,
                "ENDORHEIC": 0,
                "DIS_AV_CMS": 1.6390001,
                "ORD_STRA": 2,
                "ORD_CLAS": 2,
                "ORD_FLOW": 6,
                "HYBAS_L12": 4121160090.0,
                "Shape_Length": 0.020118446353080778
            },
            "geometry": {
                "type": "LineString",
                "coordinates": [
                    [
                        80.62291666666627,
                        6.177083333333222
                    ],
                    [
                        80.62291666666627,
                        6.172916666666559
                    ],
                    [
                        80.61874999999961,
                        6.16875
                    ],
                    [
                        80.61458333333294,
                        6.16875
                    ],
                    [
                        80.61041666666628,
                        6.164583333333248
                    ]
                ]
            }
        },
        {
            "type": "Feature",
            "properties": {
                "HYRIV_ID": 41409439,
                "NEXT_DOWN": 41409535,
                "MAIN_RIV": 41410526,
                "LENGTH_KM": 2.23,
                "DIST_DN_KM": 30.200001,
                "DIST_UP_KM": 46.099998,
                "CATCH_SKM": 5.7600002,
                "UPLAND_SKM": 421.0,
                "ENDORHEIC": 0,
                "DIS_AV_CMS": 18.752001,
                "ORD_STRA": 3,
                "ORD_CLAS": 1,
                "ORD_FLOW": 5,
                "HYBAS_L12": 4121602630.0,
                "Shape_Length": 0.020118446353106764
            },
            "geometry": {
                "type": "LineString",
                "coordinates": [
                    [
                        80.47708333333296,
                        6.177083333333222
                    ],
                    [
                        80.47708333333296,
                        6.16875
                    ],
                    [
                        80.48541666666628,
                        6.160416666666542
                    ]
                ]
            }
        },
        {
            "type": "Feature",
            "properties": {
                "HYRIV_ID": 41409440,
                "NEXT_DOWN": 41409535,
                "MAIN_RIV": 41410526,
                "LENGTH_KM": 0.69,
                "DIST_DN_KM": 30.0,
                "DIST_UP_KM": 3.3,
                "CATCH_SKM": 3.2,
                "UPLAND_SKM": 3.2,
                "ENDORHEIC": 0,
                "DIS_AV_CMS": 0.134,
                "ORD_STRA": 1,
                "ORD_CLAS": 2,
                "ORD_FLOW": 7,
                "HYBAS_L12": 4121602630.0,
                "Shape_Length": 0.006250000000079581
            },
            "geometry": {
                "type": "LineString",
                "coordinates": [
                    [
                        80.49166666666636,
                        6.160416666666542
                    ],
                    [
                        80.48541666666628,
                        6.160416666666542
                    ]
                ]
            }
        },
        {
            "type": "Feature",
            "properties": {
                "HYRIV_ID": 41409479,
                "NEXT_DOWN": 41409557,
                "MAIN_RIV": 41410526,
                "LENGTH_KM": 6.75,
                "DIST_DN_KM": 35.400002,
                "DIST_UP_KM": 8.7,
                "CATCH_SKM": 19.42,
                "UPLAND_SKM": 19.4,
                "ENDORHEIC": 0,
                "DIS_AV_CMS": 0.764,
                "ORD_STRA": 1,
                "ORD_CLAS": 3,
                "ORD_FLOW": 7,
                "HYBAS_L12": 4121160090.0,
                "Shape_Length": 0.06086084049089528
            },
            "geometry": {
                "type": "LineString",
                "coordinates": [
                    [
                        80.59166666666633,
                        6.199999999999882
                    ],
                    [
                        80.57708333333292,
                        6.185416666666576
                    ],
                    [
                        80.58124999999976,
                        6.18125
                    ],
                    [
                        80.58124999999976,
                        6.177083333333222
                    ],
                    [
                        80.5854166666663,
                        6.172916666666559
                    ],
                    [
                        80.5854166666663,
                        6.16875
                    ],
                    [
                        80.59374999999963,
                        6.160416666666542
                    ],
                    [
                        80.59374999999963,
                        6.152083333333231
                    ]
                ]
            }
        },
        {
            "type": "Feature",
            "properties": {
                "HYRIV_ID": 41409480,
                "NEXT_DOWN": 41409557,
                "MAIN_RIV": 41410526,
                "LENGTH_KM": 0.46,
                "DIST_DN_KM": 35.400002,
                "DIST_UP_KM": 16.1,
                "CATCH_SKM": 1.0700001,
                "UPLAND_SKM": 88.099998,
                "ENDORHEIC": 0,
                "DIS_AV_CMS": 3.3529999,
                "ORD_STRA": 3,
                "ORD_CLAS": 2,
                "ORD_FLOW": 6,
                "HYBAS_L12": 4121160090.0,
                "Shape_Length": 0.004166666666662877
            },
            "geometry": {
                "type": "LineString",
                "coordinates": [
                    [
                        80.5979166666663,
                        6.152083333333231
                    ],
                    [
                        80.59374999999963,
                        6.152083333333231
                    ]
                ]
            }
        },
        {
            "type": "Feature",
            "properties": {
                "HYRIV_ID": 41409481,
                "NEXT_DOWN": 41409480,
                "MAIN_RIV": 41410526,
                "LENGTH_KM": 2.23,
                "DIST_DN_KM": 35.8,
                "DIST_UP_KM": 15.6,
                "CATCH_SKM": 4.48,
                "UPLAND_SKM": 51.599998,
                "ENDORHEIC": 0,
                "DIS_AV_CMS": 1.977,
                "ORD_STRA": 2,
                "ORD_CLAS": 2,
                "ORD_FLOW": 6,
                "HYBAS_L12": 4121160090.0,
                "Shape_Length": 0.02011844635312341
            },
            "geometry": {
                "type": "LineString",
                "coordinates": [
                    [
                        80.61041666666628,
                        6.164583333333248
                    ],
                    [
                        80.61041666666628,
                        6.160416666666542
                    ],
                    [
                        80.60208333333296,
                        6.152083333333231
                    ],
                    [
                        80.5979166666663,
                        6.152083333333231
                    ]
                ]
            }
        },
        {
            "type": "Feature",
            "properties": {
                "HYRIV_ID": 41409521,
                "NEXT_DOWN": 41409480,
                "MAIN_RIV": 41410526,
                "LENGTH_KM": 1.31,
                "DIST_DN_KM": 36.0,
                "DIST_UP_KM": 10.3,
                "CATCH_SKM": 2.1300001,
                "UPLAND_SKM": 35.400002,
                "ENDORHEIC": 0,
                "DIS_AV_CMS": 1.334,
                "ORD_STRA": 2,
                "ORD_CLAS": 3,
                "ORD_FLOW": 6,
                "HYBAS_L12": 4121160090.0,
                "Shape_Length": 0.011785113019765073
            },
            "geometry": {
                "type": "LineString",
                "coordinates": [
                    [
                        80.60624999999962,
                        6.14375
                    ],
                    [
                        80.5979166666663,
                        6.152083333333231
                    ]
                ]
            }
        },
        {
            "type": "Feature",
            "properties": {
                "HYRIV_ID": 41409522,
                "NEXT_DOWN": 41409521,
                "MAIN_RIV": 41410526,
                "LENGTH_KM": 4.9699998,
                "DIST_DN_KM": 37.099998,
                "DIST_UP_KM": 6.8,
                "CATCH_SKM": 7.9,
                "UPLAND_SKM": 7.9,
                "ENDORHEIC": 0,
                "DIS_AV_CMS": 0.29800001,
                "ORD_STRA": 1,
                "ORD_CLAS": 4,
                "ORD_FLOW": 7,
                "HYBAS_L12": 4121160090.0,
                "Shape_Length": 0.04490906080442957
            },
            "geometry": {
                "type": "LineString",
                "coordinates": [
                    [
                        80.64166666666628,
                        6.158333333333211
                    ],
                    [
                        80.63541666666632,
                        6.152083333333231
                    ],
                    [
                        80.63124999999965,
                        6.15625
                    ],
                    [
                        80.62708333333299,
                        6.152083333333231
                    ],
                    [
                        80.61874999999961,
                        6.152083333333231
                    ],
                    [
                        80.61041666666628,
                        6.14375
                    ],
                    [
                        80.60624999999962,
                        6.14375
                    ]
                ]
            }
        },
        {
            "type": "Feature",
            "properties": {
                "HYRIV_ID": 41409535,
                "NEXT_DOWN": 41409555,
                "MAIN_RIV": 41410526,
                "LENGTH_KM": 2.51,
                "DIST_DN_KM": 27.5,
                "DIST_UP_KM": 48.8,
                "CATCH_SKM": 5.12,
                "UPLAND_SKM": 429.29999,
                "ENDORHEIC": 0,
                "DIS_AV_CMS": 19.351999,
                "ORD_STRA": 3,
                "ORD_CLAS": 1,
                "ORD_FLOW": 5,
                "HYBAS_L12": 4121602630.0,
                "Shape_Length": 0.022559223176505622
            },
            "geometry": {
                "type": "LineString",
                "coordinates": [
                    [
                        80.48541666666628,
                        6.160416666666542
                    ],
                    [
                        80.48541666666628,
                        6.147916666666568
                    ],
                    [
                        80.48958333333294,
                        6.14375
                    ],
                    [
                        80.48958333333294,
                        6.139583333333256
                    ]
                ]
            }
        },
        {
            "type": "Feature",
            "properties": {
                "HYRIV_ID": 41409536,
                "NEXT_DOWN": 41409555,
                "MAIN_RIV": 41410526,
                "LENGTH_KM": 1.4400001,
                "DIST_DN_KM": 27.5,
                "DIST_UP_KM": 3.5,
                "CATCH_SKM": 3.6300001,
                "UPLAND_SKM": 3.6,
                "ENDORHEIC": 0,
                "DIS_AV_CMS": 0.151,
                "ORD_STRA": 1,
                "ORD_CLAS": 2,
                "ORD_FLOW": 7,
                "HYBAS_L12": 4121602630.0,
                "Shape_Length": 0.013005501431593769
            },
            "geometry": {
                "type": "LineString",
                "coordinates": [
                    [
                        80.49999999999974,
                        6.145833333333236
                    ],
                    [
                        80.49374999999966,
                        6.139583333333256
                    ],
                    [
                        80.48958333333294,
                        6.139583333333256
                    ]
                ]
            }
        },
        {
            "type": "Feature",
            "properties": {
                "HYRIV_ID": 41409537,
                "NEXT_DOWN": 41409521,
                "MAIN_RIV": 41410526,
                "LENGTH_KM": 1.5700001,
                "DIST_DN_KM": 37.3,
                "DIST_UP_KM": 9.0,
                "CATCH_SKM": 3.4200001,
                "UPLAND_SKM": 25.4,
                "ENDORHEIC": 0,
                "DIS_AV_CMS": 0.954,
                "ORD_STRA": 2,
                "ORD_CLAS": 3,
                "ORD_FLOW": 7,
                "HYBAS_L12": 4121160090.0,
                "Shape_Length": 0.014225889843198242
            },
            "geometry": {
                "type": "LineString",
                "coordinates": [
                    [
                        80.61874999999961,
                        6.139583333333256
                    ],
                    [
                        80.61041666666628,
                        6.139583333333256
                    ],
                    [
                        80.60624999999962,
                        6.14375
                    ]
                ]
            }
        },
        {
            "type": "Feature",
            "properties": {
                "HYRIV_ID": 41409538,
                "NEXT_DOWN": 41409537,
                "MAIN_RIV": 41410526,
                "LENGTH_KM": 2.23,
                "DIST_DN_KM": 38.700001,
                "DIST_UP_KM": 7.6,
                "CATCH_SKM": 2.99,
                "UPLAND_SKM": 16.200001,
                "ENDORHEIC": 0,
                "DIS_AV_CMS": 0.60600001,
                "ORD_STRA": 2,
                "ORD_CLAS": 3,
                "ORD_FLOW": 7,
                "HYBAS_L12": 4121160090.0,
                "Shape_Length": 0.020118446353110924
            },
            "geometry": {
                "type": "LineString",
                "coordinates": [
                    [
                        80.63541666666632,
                        6.139583333333256
                    ],
                    [
                        80.63124999999965,
                        6.139583333333256
                    ],
                    [
                        80.62708333333299,
                        6.14375
                    ],
                    [
                        80.62291666666627,
                        6.139583333333256
                    ],
                    [
                        80.61874999999961,
                        6.139583333333256
                    ]
                ]
            }
        },
        {
            "type": "Feature",
            "properties": {
                "HYRIV_ID": 41409539,
                "NEXT_DOWN": 41409538,
                "MAIN_RIV": 41410526,
                "LENGTH_KM": 3.0,
                "DIST_DN_KM": 40.900002,
                "DIST_UP_KM": 5.4,
                "CATCH_SKM": 7.4699998,
                "UPLAND_SKM": 7.5,
                "ENDORHEIC": 0,
                "DIS_AV_CMS": 0.278,
                "ORD_STRA": 1,
                "ORD_CLAS": 3,
                "ORD_FLOW": 7,
                "HYBAS_L12": 4121160090.0,
                "Shape_Length": 0.0270833333334366
            },
            "geometry": {
                "type": "LineString",
                "coordinates": [
                    [
                        80.6583333333331,
                        6.14375
                    ],
                    [
                        80.63541666666632,
                        6.14375
                    ],
                    [
                        80.63541666666632,
                        6.139583333333256
                    ]
                ]
            }
        },
        {
            "type": "Feature",
            "properties": {
                "HYRIV_ID": 41409554,
                "NEXT_DOWN": 41409590,
                "MAIN_RIV": 41410526,
                "LENGTH_KM": 2.9200001,
                "DIST_DN_KM": 26.8,
                "DIST_UP_KM": 4.9,
                "CATCH_SKM": 4.9099998,
                "UPLAND_SKM": 4.9,
                "ENDORHEIC": 0,
                "DIS_AV_CMS": 0.21,
                "ORD_STRA": 1,
                "ORD_CLAS": 2,
                "ORD_FLOW": 7,
                "HYBAS_L12": 4121602630.0,
                "Shape_Length": 0.026368446353076818
            },
            "geometry": {
                "type": "LineString",
                "coordinates": [
                    [
                        80.46249999999966,
                        6.14375
                    ],
                    [
                        80.4729166666663,
                        6.14375
                    ],
                    [
                        80.48124999999962,
                        6.135416666666551
                    ],
                    [
                        80.48541666666628,
                        6.135416666666551
                    ]
                ]
            }
        },
        {
            "type": "Feature",
            "properties": {
                "HYRIV_ID": 41409555,
                "NEXT_DOWN": 41409590,
                "MAIN_RIV": 41410526,
                "LENGTH_KM": 0.65,
                "DIST_DN_KM": 27.0,
                "DIST_UP_KM": 49.200001,
                "CATCH_SKM": 0.21,
                "UPLAND_SKM": 433.20001,
                "ENDORHEIC": 0,
                "DIS_AV_CMS": 19.563,
                "ORD_STRA": 3,
                "ORD_CLAS": 1,
                "ORD_FLOW": 5,
                "HYBAS_L12": 4121602630.0,
                "Shape_Length": 0.005892556509912683
            },
            "geometry": {
                "type": "LineString",
                "coordinates": [
                    [
                        80.48958333333294,
                        6.139583333333256
                    ],
                    [
                        80.48541666666628,
                        6.135416666666551
                    ]
                ]
            }
        },
        {
            "type": "Feature",
            "properties": {
                "HYRIV_ID": 41409556,
                "NEXT_DOWN": 41409642,
                "MAIN_RIV": 41410526,
                "LENGTH_KM": 6.3600001,
                "DIST_DN_KM": 30.200001,
                "DIST_UP_KM": 7.6,
                "CATCH_SKM": 22.84,
                "UPLAND_SKM": 22.8,
                "ENDORHEIC": 0,
                "DIS_AV_CMS": 0.92,
                "ORD_STRA": 1,
                "ORD_CLAS": 3,
                "ORD_FLOW": 7,
                "HYBAS_L12": 4121160090.0,
                "Shape_Length": 0.0574090608044248
            },
            "geometry": {
                "type": "LineString",
                "coordinates": [
                    [
                        80.51666666666628,
                        6.1625
                    ],
                    [
                        80.5229166666663,
                        6.15625
                    ],
                    [
                        80.53958333333301,
                        6.15625
                    ],
                    [
                        80.54791666666634,
                        6.147916666666568
                    ],
                    [
                        80.55208333333306,
                        6.147916666666568
                    ],
                    [
                        80.55208333333306,
                        6.14375
                    ],
                    [
                        80.56041666666627,
                        6.135416666666551
                    ]
                ]
            }
        },
        {
            "type": "Feature",
            "properties": {
                "HYRIV_ID": 41409557,
                "NEXT_DOWN": 41409642,
                "MAIN_RIV": 41410526,
                "LENGTH_KM": 5.3800001,
                "DIST_DN_KM": 30.0,
                "DIST_UP_KM": 21.5,
                "CATCH_SKM": 10.24,
                "UPLAND_SKM": 117.8,
                "ENDORHEIC": 0,
                "DIS_AV_CMS": 4.52,
                "ORD_STRA": 3,
                "ORD_CLAS": 2,
                "ORD_FLOW": 6,
                "HYBAS_L12": 4121160090.0,
                "Shape_Length": 0.04857022603960719
            },
            "geometry": {
                "type": "LineString",
                "coordinates": [
                    [
                        80.59374999999963,
                        6.152083333333231
                    ],
                    [
                        80.58958333333297,
                        6.152083333333231
                    ],
                    [
                        80.5854166666663,
                        6.15625
                    ],
                    [
                        80.58124999999976,
                        6.15625
                    ],
                    [
                        80.57708333333292,
                        6.152083333333231
                    ],
                    [
                        80.57708333333292,
                        6.147916666666568
                    ],
                    [
                        80.57291666666637,
                        6.14375
                    ],
                    [
                        80.56458333333305,
                        6.14375
                    ],
                    [
                        80.56041666666627,
                        6.139583333333256
                    ],
                    [
                        80.56041666666627,
                        6.135416666666551
                    ]
                ]
            }
        },
        {
            "type": "Feature",
            "properties": {
                "HYRIV_ID": 41409558,
                "NEXT_DOWN": 41409538,
                "MAIN_RIV": 41410526,
                "LENGTH_KM": 1.61,
                "DIST_DN_KM": 40.900002,
                "DIST_UP_KM": 3.2,
                "CATCH_SKM": 5.7600002,
                "UPLAND_SKM": 5.8,
                "ENDORHEIC": 0,
                "DIS_AV_CMS": 0.215,
                "ORD_STRA": 1,
                "ORD_CLAS": 4,
                "ORD_FLOW": 7,
                "HYBAS_L12": 4121160090.0,
                "Shape_Length": 0.01458333333333428
            },
            "geometry": {
                "type": "LineString",
                "coordinates": [
                    [
                        80.64583333333294,
                        6.135416666666551
                    ],
                    [
                        80.63541666666632,
                        6.135416666666551
                    ],
                    [
                        80.63541666666632,
                        6.139583333333256
                    ]
                ]
            }
        },
        {
            "type": "Feature",
            "properties": {
                "HYRIV_ID": 41409590,
                "NEXT_DOWN": 41409674,
                "MAIN_RIV": 41410526,
                "LENGTH_KM": 0.93,
                "DIST_DN_KM": 25.9,
                "DIST_UP_KM": 50.3,
                "CATCH_SKM": 4.0500002,
                "UPLAND_SKM": 442.10001,
                "ENDORHEIC": 0,
                "DIS_AV_CMS": 20.048,
                "ORD_STRA": 3,
                "ORD_CLAS": 1,
                "ORD_FLOW": 5,
                "HYBAS_L12": 4121602630.0,
                "Shape_Length": 0.008333333333311543
            },
            "geometry": {
                "type": "LineString",
                "coordinates": [
                    [
                        80.48541666666628,
                        6.135416666666551
                    ],
                    [
                        80.48541666666628,
                        6.127083333333239
                    ]
                ]
            }
        },
        {
            "type": "Feature",
            "properties": {
                "HYRIV_ID": 41409591,
                "NEXT_DOWN": 41409674,
                "MAIN_RIV": 41410526,
                "LENGTH_KM": 5.0500002,
                "DIST_DN_KM": 25.9,
                "DIST_UP_KM": 6.9,
                "CATCH_SKM": 16.43,
                "UPLAND_SKM": 16.4,
                "ENDORHEIC": 0,
                "DIS_AV_CMS": 0.67299998,
                "ORD_STRA": 1,
                "ORD_CLAS": 2,
                "ORD_FLOW": 7,
                "HYBAS_L12": 4121602630.0,
                "Shape_Length": 0.04562394778458279
            },
            "geometry": {
                "type": "LineString",
                "coordinates": [
                    [
                        80.52499999999961,
                        6.129166666666571
                    ],
                    [
                        80.51874999999964,
                        6.135416666666551
                    ],
                    [
                        80.50208333333299,
                        6.135416666666551
                    ],
                    [
                        80.49374999999966,
                        6.127083333333239
                    ],
                    [
                        80.48541666666628,
                        6.127083333333239
                    ]
                ]
            }
        },
        {
            "type": "Feature",
            "properties": {
                "HYRIV_ID": 41409592,
                "NEXT_DOWN": 41409537,
                "MAIN_RIV": 41410526,
                "LENGTH_KM": 1.81,
                "DIST_DN_KM": 38.700001,
                "DIST_UP_KM": 3.6,
                "CATCH_SKM": 5.7600002,
                "UPLAND_SKM": 5.8,
                "ENDORHEIC": 0,
                "DIS_AV_CMS": 0.218,
                "ORD_STRA": 1,
                "ORD_CLAS": 4,
                "ORD_FLOW": 7,
                "HYBAS_L12": 4121160090.0,
                "Shape_Length": 0.01630922317656815
            },
            "geometry": {
                "type": "LineString",
                "coordinates": [
                    [
                        80.62291666666627,
                        6.125
                    ],
                    [
                        80.62291666666627,
                        6.131249999999888
                    ],
                    [
                        80.61874999999961,
                        6.135416666666551
                    ],
                    [
                        80.61874999999961,
                        6.139583333333256
                    ]
                ]
            }
        },
        {
            "type": "Feature",
            "properties": {
                "HYRIV_ID": 41409639,
                "NEXT_DOWN": 41409640,
                "MAIN_RIV": 41410526,
                "LENGTH_KM": 7.8200002,
                "DIST_DN_KM": 32.099998,
                "DIST_UP_KM": 15.2,
                "CATCH_SKM": 23.48,
                "UPLAND_SKM": 48.200001,
                "ENDORHEIC": 0,
                "DIS_AV_CMS": 2.207,
                "ORD_STRA": 2,
                "ORD_CLAS": 2,
                "ORD_FLOW": 6,
                "HYBAS_L12": 4121160080.0,
                "Shape_Length": 0.07041456223595026
            },
            "geometry": {
                "type": "LineString",
                "coordinates": [
                    [
                        80.41458333333301,
                        6.177083333333222
                    ],
                    [
                        80.4229166666664,
                        6.16875
                    ],
                    [
                        80.4229166666664,
                        6.15625
                    ],
                    [
                        80.41874999999968,
                        6.152083333333231
                    ],
                    [
                        80.41874999999968,
                        6.147916666666568
                    ],
                    [
                        80.41458333333301,
                        6.14375
                    ],
                    [
                        80.41458333333301,
                        6.139583333333256
                    ],
                    [
                        80.41874999999968,
                        6.135416666666551
                    ],
                    [
                        80.41874999999968,
                        6.131249999999888
                    ],
                    [
                        80.4229166666664,
                        6.127083333333239
                    ],
                    [
                        80.4229166666664,
                        6.122916666666576
                    ],
                    [
                        80.42708333333306,
                        6.11875
                    ]
                ]
            }
        },
        {
            "type": "Feature",
            "properties": {
                "HYRIV_ID": 41409640,
                "NEXT_DOWN": 41409669,
                "MAIN_RIV": 41410526,
                "LENGTH_KM": 0.46,
                "DIST_DN_KM": 31.5,
                "DIST_UP_KM": 15.8,
                "CATCH_SKM": 1.0700001,
                "UPLAND_SKM": 53.599998,
                "ENDORHEIC": 0,
                "DIS_AV_CMS": 2.444,
                "ORD_STRA": 2,
                "ORD_CLAS": 2,
                "ORD_FLOW": 6,
                "HYBAS_L12": 4121160080.0,
                "Shape_Length": 0.00416666666654919
            },
            "geometry": {
                "type": "LineString",
                "coordinates": [
                    [
                        80.42708333333306,
                        6.11875
                    ],
                    [
                        80.43124999999961,
                        6.11875
                    ]
                ]
            }
        },
        {
            "type": "Feature",
            "properties": {
                "HYRIV_ID": 41409641,
                "NEXT_DOWN": 41409669,
                "MAIN_RIV": 41410526,
                "LENGTH_KM": 1.16,
                "DIST_DN_KM": 31.5,
                "DIST_UP_KM": 3.4,
                "CATCH_SKM": 2.99,
                "UPLAND_SKM": 3.0,
                "ENDORHEIC": 0,
                "DIS_AV_CMS": 0.129,
                "ORD_STRA": 1,
                "ORD_CLAS": 3,
                "ORD_FLOW": 7,
                "HYBAS_L12": 4121160080.0,
                "Shape_Length": 0.010416666666657193
            },
            "geometry": {
                "type": "LineString",
                "coordinates": [
                    [
                        80.43124999999961,
                        6.129166666666571
                    ],
                    [
                        80.43124999999961,
                        6.11875
                    ]
                ]
            }
        },
        {
            "type": "Feature",
            "properties": {
                "HYRIV_ID": 41409642,
                "NEXT_DOWN": 41409737,
                "MAIN_RIV": 41410526,
                "LENGTH_KM": 3.35,
                "DIST_DN_KM": 26.6,
                "DIST_UP_KM": 24.8,
                "CATCH_SKM": 7.6799998,
                "UPLAND_SKM": 148.3,
                "ENDORHEIC": 0,
                "DIS_AV_CMS": 5.7399998,
                "ORD_STRA": 3,
                "ORD_CLAS": 2,
                "ORD_FLOW": 6,
                "HYBAS_L12": 4121160090.0,
                "Shape_Length": 0.030177669529702418
            },
            "geometry": {
                "type": "LineString",
                "coordinates": [
                    [
                        80.56041666666627,
                        6.135416666666551
                    ],
                    [
                        80.56458333333305,
                        6.131249999999888
                    ],
                    [
                        80.5687499999996,
                        6.135416666666551
                    ],
                    [
                        80.57291666666637,
                        6.131249999999888
                    ],
                    [
                        80.57291666666637,
                        6.11875
                    ]
                ]
            }
        },
        {
            "type": "Feature",
            "properties": {
                "HYRIV_ID": 41409668,
                "NEXT_DOWN": 41409640,
                "MAIN_RIV": 41410526,
                "LENGTH_KM": 0.98,
                "DIST_DN_KM": 32.099998,
                "DIST_UP_KM": 2.2,
                "CATCH_SKM": 4.27,
                "UPLAND_SKM": 4.3,
                "ENDORHEIC": 0,
                "DIS_AV_CMS": 0.184,
                "ORD_STRA": 1,
                "ORD_CLAS": 3,
                "ORD_FLOW": 7,
                "HYBAS_L12": 4121160080.0,
                "Shape_Length": 0.00883883476494439
            },
            "geometry": {
                "type": "LineString",
                "coordinates": [
                    [
                        80.42083333333292,
                        6.112499999999891
                    ],
                    [
                        80.42708333333306,
                        6.11875
                    ]
                ]
            }
        },
        {
            "type": "Feature",
            "properties": {
                "HYRIV_ID": 41409669,
                "NEXT_DOWN": 41409671,
                "MAIN_RIV": 41410526,
                "LENGTH_KM": 3.34,
                "DIST_DN_KM": 28.1,
                "DIST_UP_KM": 19.200001,
                "CATCH_SKM": 6.62,
                "UPLAND_SKM": 63.200001,
                "ENDORHEIC": 0,
                "DIS_AV_CMS": 2.8989999,
                "ORD_STRA": 2,
                "ORD_CLAS": 2,
                "ORD_FLOW": 6,
                "HYBAS_L12": 4121160080.0,
                "Shape_Length": 0.030177669529666384
            },
            "geometry": {
                "type": "LineString",
                "coordinates": [
                    [
                        80.43124999999961,
                        6.11875
                    ],
                    [
                        80.43541666666627,
                        6.122916666666576
                    ],
                    [
                        80.43958333333305,
                        6.122916666666576
                    ],
                    [
                        80.44791666666643,
                        6.114583333333265
                    ],
                    [
                        80.45624999999964,
                        6.114583333333265
                    ]
                ]
            }
        },
        {
            "type": "Feature",
            "properties": {
                "HYRIV_ID": 41409670,
                "NEXT_DOWN": 41409671,
                "MAIN_RIV": 41410526,
                "LENGTH_KM": 0.69,
                "DIST_DN_KM": 28.1,
                "DIST_UP_KM": 2.7,
                "CATCH_SKM": 3.2,
                "UPLAND_SKM": 3.2,
                "ENDORHEIC": 0,
                "DIS_AV_CMS": 0.137,
                "ORD_STRA": 1,
                "ORD_CLAS": 3,
                "ORD_FLOW": 7,
                "HYBAS_L12": 4121160080.0,
                "Shape_Length": 0.006249999999980105
            },
            "geometry": {
                "type": "LineString",
                "coordinates": [
                    [
                        80.45624999999964,
                        6.120833333333245
                    ],
                    [
                        80.45624999999964,
                        6.114583333333265
                    ]
                ]
            }
        },
        {
            "type": "Feature",
            "properties": {
                "HYRIV_ID": 41409671,
                "NEXT_DOWN": 41409672,
                "MAIN_RIV": 41410526,
                "LENGTH_KM": 0.46,
                "DIST_DN_KM": 27.700001,
                "DIST_UP_KM": 19.6,
                "CATCH_SKM": 0.43,
                "UPLAND_SKM": 66.800003,
                "ENDORHEIC": 0,
                "DIS_AV_CMS": 3.062,
                "ORD_STRA": 2,
                "ORD_CLAS": 2,
                "ORD_FLOW": 6,
                "HYBAS_L12": 4121160080.0,
                "Shape_Length": 0.004166666666662877
            },
            "geometry": {
                "type": "LineString",
                "coordinates": [
                    [
                        80.45624999999964,
                        6.114583333333265
                    ],
                    [
                        80.4604166666663,
                        6.114583333333265
                    ]
                ]
            }
        },
        {
            "type": "Feature",
            "properties": {
                "HYRIV_ID": 41409672,
                "NEXT_DOWN": 41409700,
                "MAIN_RIV": 41410526,
                "LENGTH_KM": 1.38,
                "DIST_DN_KM": 26.3,
                "DIST_UP_KM": 21.0,
                "CATCH_SKM": 3.4200001,
                "UPLAND_SKM": 74.900002,
                "ENDORHEIC": 0,
                "DIS_AV_CMS": 3.431,
                "ORD_STRA": 2,
                "ORD_CLAS": 2,
                "ORD_FLOW": 6,
                "HYBAS_L12": 4121160080.0,
                "Shape_Length": 0.012499999999988631
            },
            "geometry": {
                "type": "LineString",
                "coordinates": [
                    [
                        80.4604166666663,
                        6.114583333333265
                    ],
                    [
                        80.4729166666663,
                        6.114583333333265
                    ]
                ]
            }
        },
        {
            "type": "Feature",
            "properties": {
                "HYRIV_ID": 41409673,
                "NEXT_DOWN": 41409700,
                "MAIN_RIV": 41410526,
                "LENGTH_KM": 0.69,
                "DIST_DN_KM": 26.3,
                "DIST_UP_KM": 3.2,
                "CATCH_SKM": 2.99,
                "UPLAND_SKM": 3.0,
                "ENDORHEIC": 0,
                "DIS_AV_CMS": 0.127,
                "ORD_STRA": 1,
                "ORD_CLAS": 3,
                "ORD_FLOW": 7,
                "HYBAS_L12": 4121160080.0,
                "Shape_Length": 0.006249999999980105
            },
            "geometry": {
                "type": "LineString",
                "coordinates": [
                    [
                        80.4729166666663,
                        6.120833333333245
                    ],
                    [
                        80.4729166666663,
                        6.114583333333265
                    ]
                ]
            }
        },
        {
            "type": "Feature",
            "properties": {
                "HYRIV_ID": 41409674,
                "NEXT_DOWN": 41409735,
                "MAIN_RIV": 41410526,
                "LENGTH_KM": 1.39,
                "DIST_DN_KM": 24.5,
                "DIST_UP_KM": 51.700001,
                "CATCH_SKM": 2.1300001,
                "UPLAND_SKM": 460.70001,
                "ENDORHEIC": 0,
                "DIS_AV_CMS": 20.972,
                "ORD_STRA": 3,
                "ORD_CLAS": 1,
                "ORD_FLOW": 5,
                "HYBAS_L12": 4121160080.0,
                "Shape_Length": 0.01249999999997442
            },
            "geometry": {
                "type": "LineString",
                "coordinates": [
                    [
                        80.48541666666628,
                        6.127083333333239
                    ],
                    [
                        80.48541666666628,
                        6.114583333333265
                    ]
                ]
            }
        },
        {
            "type": "Feature",
            "properties": {
                "HYRIV_ID": 41409675,
                "NEXT_DOWN": 41409737,
                "MAIN_RIV": 41410526,
                "LENGTH_KM": 2.56,
                "DIST_DN_KM": 26.6,
                "DIST_UP_KM": 4.2,
                "CATCH_SKM": 10.03,
                "UPLAND_SKM": 10.0,
                "ENDORHEIC": 0,
                "DIS_AV_CMS": 0.38600001,
                "ORD_STRA": 1,
                "ORD_CLAS": 3,
                "ORD_FLOW": 7,
                "HYBAS_L12": 4121160090.0,
                "Shape_Length": 0.023064724607925306
            },
            "geometry": {
                "type": "LineString",
                "coordinates": [
                    [
                        80.59166666666633,
                        6.120833333333245
                    ],
                    [
                        80.5854166666663,
                        6.114583333333265
                    ],
                    [
                        80.58124999999976,
                        6.114583333333265
                    ],
                    [
                        80.57708333333292,
                        6.11875
                    ],
                    [
                        80.57291666666637,
                        6.11875
                    ]
                ]
            }
        },
        {
            "type": "Feature",
            "properties": {
                "HYRIV_ID": 41409699,
                "NEXT_DOWN": 41409672,
                "MAIN_RIV": 41410526,
                "LENGTH_KM": 0.69,
                "DIST_DN_KM": 27.700001,
                "DIST_UP_KM": 2.9,
                "CATCH_SKM": 4.7,
                "UPLAND_SKM": 4.7,
                "ENDORHEIC": 0,
                "DIS_AV_CMS": 0.199,
                "ORD_STRA": 1,
                "ORD_CLAS": 3,
                "ORD_FLOW": 7,
                "HYBAS_L12": 4121160080.0,
                "Shape_Length": 0.006250000000036948
            },
            "geometry": {
                "type": "LineString",
                "coordinates": [
                    [
                        80.4604166666663,
                        6.108333333333228
                    ],
                    [
                        80.4604166666663,
                        6.114583333333265
                    ]
                ]
            }
        },
        {
            "type": "Feature",
            "properties": {
                "HYRIV_ID": 41409700,
                "NEXT_DOWN": 41409735,
                "MAIN_RIV": 41410526,
                "LENGTH_KM": 1.77,
                "DIST_DN_KM": 24.700001,
                "DIST_UP_KM": 22.6,
                "CATCH_SKM": 1.49,
                "UPLAND_SKM": 79.400002,
                "ENDORHEIC": 0,
                "DIS_AV_CMS": 3.648,
                "ORD_STRA": 2,
                "ORD_CLAS": 2,
                "ORD_FLOW": 6,
                "HYBAS_L12": 4121160080.0,
                "Shape_Length": 0.01595177968648824
            },
            "geometry": {
                "type": "LineString",
                "coordinates": [
                    [
                        80.4729166666663,
                        6.114583333333265
                    ],
                    [
                        80.47708333333296,
                        6.114583333333265
                    ],
                    [
                        80.48124999999962,
                        6.110416666666559
                    ],
                    [
                        80.48541666666628,
                        6.114583333333265
                    ]
                ]
            }
        },
        {
            "type": "Feature",
            "properties": {
                "HYRIV_ID": 41409735,
                "NEXT_DOWN": 41409888,
                "MAIN_RIV": 41410526,
                "LENGTH_KM": 1.31,
                "DIST_DN_KM": 23.4,
                "DIST_UP_KM": 52.900002,
                "CATCH_SKM": 2.1300001,
                "UPLAND_SKM": 542.20001,
                "ENDORHEIC": 0,
                "DIS_AV_CMS": 24.837,
                "ORD_STRA": 3,
                "ORD_CLAS": 1,
                "ORD_FLOW": 5,
                "HYBAS_L12": 4121160080.0,
                "Shape_Length": 0.011785113019795219
            },
            "geometry": {
                "type": "LineString",
                "coordinates": [
                    [
                        80.48541666666628,
                        6.114583333333265
                    ],
                    [
                        80.48958333333294,
                        6.110416666666559
                    ],
                    [
                        80.48541666666628,
                        6.106249999999896
                    ]
                ]
            }
        },
        {
            "type": "Feature",
            "properties": {
                "HYRIV_ID": 41409736,
                "NEXT_DOWN": 41409889,
                "MAIN_RIV": 41410526,
                "LENGTH_KM": 1.61,
                "DIST_DN_KM": 24.9,
                "DIST_UP_KM": 4.1,
                "CATCH_SKM": 4.7,
                "UPLAND_SKM": 4.7,
                "ENDORHEIC": 0,
                "DIS_AV_CMS": 0.186,
                "ORD_STRA": 1,
                "ORD_CLAS": 3,
                "ORD_FLOW": 7,
                "HYBAS_L12": 4121160090.0,
                "Shape_Length": 0.014583333333405335
            },
            "geometry": {
                "type": "LineString",
                "coordinates": [
                    [
                        80.5541666666663,
                        6.110416666666559
                    ],
                    [
                        80.56458333333305,
                        6.110416666666559
                    ],
                    [
                        80.56458333333305,
                        6.106249999999896
                    ]
                ]
            }
        },
        {
            "type": "Feature",
            "properties": {
                "HYRIV_ID": 41409737,
                "NEXT_DOWN": 41409889,
                "MAIN_RIV": 41410526,
                "LENGTH_KM": 1.77,
                "DIST_DN_KM": 25.1,
                "DIST_UP_KM": 26.4,
                "CATCH_SKM": 1.92,
                "UPLAND_SKM": 160.3,
                "ENDORHEIC": 0,
                "DIS_AV_CMS": 6.2010002,
                "ORD_STRA": 3,
                "ORD_CLAS": 2,
                "ORD_FLOW": 6,
                "HYBAS_L12": 4121160090.0,
                "Shape_Length": 0.015951779686460534
            },
            "geometry": {
                "type": "LineString",
                "coordinates": [
                    [
                        80.57291666666637,
                        6.11875
                    ],
                    [
                        80.5687499999996,
                        6.114583333333265
                    ],
                    [
                        80.5687499999996,
                        6.110416666666559
                    ],
                    [
                        80.56458333333305,
                        6.106249999999896
                    ]
                ]
            }
        },
        {
            "type": "Feature",
            "properties": {
                "HYRIV_ID": 41409770,
                "NEXT_DOWN": 41409888,
                "MAIN_RIV": 41410526,
                "LENGTH_KM": 3.3800001,
                "DIST_DN_KM": 23.200001,
                "DIST_UP_KM": 5.8,
                "CATCH_SKM": 8.96,
                "UPLAND_SKM": 9.0,
                "ENDORHEIC": 0,
                "DIS_AV_CMS": 0.36500001,
                "ORD_STRA": 1,
                "ORD_CLAS": 2,
                "ORD_FLOW": 7,
                "HYBAS_L12": 4121160080.0,
                "Shape_Length": 0.030535113019756345
            },
            "geometry": {
                "type": "LineString",
                "coordinates": [
                    [
                        80.51249999999962,
                        6.106249999999896
                    ],
                    [
                        80.49791666666627,
                        6.106249999999896
                    ],
                    [
                        80.49374999999966,
                        6.102083333333248
                    ],
                    [
                        80.48958333333294,
                        6.106249999999896
                    ],
                    [
                        80.48541666666628,
                        6.106249999999896
                    ]
                ]
            }
        },
        {
            "type": "Feature",
            "properties": {
                "HYRIV_ID": 41409888,
                "NEXT_DOWN": 41409912,
                "MAIN_RIV": 41410526,
                "LENGTH_KM": 3.62,
                "DIST_DN_KM": 19.8,
                "DIST_UP_KM": 56.5,
                "CATCH_SKM": 10.24,
                "UPLAND_SKM": 561.40002,
                "ENDORHEIC": 0,
                "DIS_AV_CMS": 26.086,
                "ORD_STRA": 3,
                "ORD_CLAS": 1,
                "ORD_FLOW": 5,
                "HYBAS_L12": 4121160080.0,
                "Shape_Length": 0.03261844635311133
            },
            "geometry": {
                "type": "LineString",
                "coordinates": [
                    [
                        80.48541666666628,
                        6.106249999999896
                    ],
                    [
                        80.48541666666628,
                        6.097916666666585
                    ],
                    [
                        80.48958333333294,
                        6.093749999999879
                    ],
                    [
                        80.48958333333294,
                        6.08125
                    ],
                    [
                        80.49374999999966,
                        6.077083333333256
                    ]
                ]
            }
        },
        {
            "type": "Feature",
            "properties": {
                "HYRIV_ID": 41409889,
                "NEXT_DOWN": 41409915,
                "MAIN_RIV": 41410526,
                "LENGTH_KM": 3.81,
                "DIST_DN_KM": 21.1,
                "DIST_UP_KM": 30.4,
                "CATCH_SKM": 6.4,
                "UPLAND_SKM": 171.39999,
                "ENDORHEIC": 0,
                "DIS_AV_CMS": 6.6370001,
                "ORD_STRA": 3,
                "ORD_CLAS": 2,
                "ORD_FLOW": 6,
                "HYBAS_L12": 4121160090.0,
                "Shape_Length": 0.034344336196210405
            },
            "geometry": {
                "type": "LineString",
                "coordinates": [
                    [
                        80.56458333333305,
                        6.106249999999896
                    ],
                    [
                        80.56458333333305,
                        6.102083333333248
                    ],
                    [
                        80.55624999999972,
                        6.093749999999879
                    ],
                    [
                        80.56041666666627,
                        6.089583333333231
                    ],
                    [
                        80.56041666666627,
                        6.077083333333256
                    ]
                ]
            }
        },
        {
            "type": "Feature",
            "properties": {
                "HYRIV_ID": 41409890,
                "NEXT_DOWN": 41409915,
                "MAIN_RIV": 41410526,
                "LENGTH_KM": 5.4400001,
                "DIST_DN_KM": 21.1,
                "DIST_UP_KM": 7.5,
                "CATCH_SKM": 11.1,
                "UPLAND_SKM": 11.1,
                "ENDORHEIC": 0,
                "DIS_AV_CMS": 0.426,
                "ORD_STRA": 1,
                "ORD_CLAS": 3,
                "ORD_FLOW": 7,
                "HYBAS_L12": 4121160090.0,
                "Shape_Length": 0.049075727471179144
            },
            "geometry": {
                "type": "LineString",
                "coordinates": [
                    [
                        80.59583333333299,
                        6.091666666666562
                    ],
                    [
                        80.58958333333297,
                        6.097916666666585
                    ],
                    [
                        80.5854166666663,
                        6.097916666666585
                    ],
                    [
                        80.58124999999976,
                        6.093749999999879
                    ],
                    [
                        80.57708333333292,
                        6.093749999999879
                    ],
                    [
                        80.57291666666637,
                        6.089583333333231
                    ],
                    [
                        80.57291666666637,
                        6.085416666666568
                    ],
                    [
                        80.56458333333305,
                        6.077083333333256
                    ],
                    [
                        80.56041666666627,
                        6.077083333333256
                    ]
                ]
            }
        },
        {
            "type": "Feature",
            "properties": {
                "HYRIV_ID": 41409912,
                "NEXT_DOWN": 41409965,
                "MAIN_RIV": 41410526,
                "LENGTH_KM": 1.11,
                "DIST_DN_KM": 18.700001,
                "DIST_UP_KM": 57.599998,
                "CATCH_SKM": 1.49,
                "UPLAND_SKM": 582.79999,
                "ENDORHEIC": 0,
                "DIS_AV_CMS": 27.113001,
                "ORD_STRA": 3,
                "ORD_CLAS": 1,
                "ORD_FLOW": 5,
                "HYBAS_L12": 4121160080.0,
                "Shape_Length": 0.01005922317655891
            },
            "geometry": {
                "type": "LineString",
                "coordinates": [
                    [
                        80.49374999999966,
                        6.077083333333256
                    ],
                    [
                        80.49791666666627,
                        6.077083333333256
                    ],
                    [
                        80.50208333333299,
                        6.072916666666551
                    ]
                ]
            }
        },
        {
            "type": "Feature",
            "properties": {
                "HYRIV_ID": 41409913,
                "NEXT_DOWN": 41409965,
                "MAIN_RIV": 41410526,
                "LENGTH_KM": 1.81,
                "DIST_DN_KM": 18.5,
                "DIST_UP_KM": 3.5,
                "CATCH_SKM": 5.12,
                "UPLAND_SKM": 5.1,
                "ENDORHEIC": 0,
                "DIS_AV_CMS": 0.205,
                "ORD_STRA": 1,
                "ORD_CLAS": 2,
                "ORD_FLOW": 7,
                "HYBAS_L12": 4121160080.0,
                "Shape_Length": 0.016309223176555664
            },
            "geometry": {
                "type": "LineString",
                "coordinates": [
                    [
                        80.51041666666632,
                        6.083333333333236
                    ],
                    [
                        80.51041666666632,
                        6.077083333333256
                    ],
                    [
                        80.50624999999965,
                        6.072916666666551
                    ],
                    [
                        80.50208333333299,
                        6.072916666666551
                    ]
                ]
            }
        },
        {
            "type": "Feature",
            "properties": {
                "HYRIV_ID": 41409914,
                "NEXT_DOWN": 41409983,
                "MAIN_RIV": 41410526,
                "LENGTH_KM": 4.1300001,
                "DIST_DN_KM": 20.6,
                "DIST_UP_KM": 5.4,
                "CATCH_SKM": 10.03,
                "UPLAND_SKM": 10.0,
                "ENDORHEIC": 0,
                "DIS_AV_CMS": 0.396,
                "ORD_STRA": 1,
                "ORD_CLAS": 3,
                "ORD_FLOW": 7,
                "HYBAS_L12": 4121160090.0,
                "Shape_Length": 0.03729061445126322
            },
            "geometry": {
                "type": "LineString",
                "coordinates": [
                    [
                        80.5374999999996,
                        6.095833333333253
                    ],
                    [
                        80.54374999999968,
                        6.089583333333231
                    ],
                    [
                        80.54374999999968,
                        6.085416666666568
                    ],
                    [
                        80.54791666666634,
                        6.08125
                    ],
                    [
                        80.54791666666634,
                        6.077083333333256
                    ],
                    [
                        80.55208333333306,
                        6.072916666666551
                    ],
                    [
                        80.56041666666627,
                        6.072916666666551
                    ]
                ]
            }
        },
        {
            "type": "Feature",
            "properties": {
                "HYRIV_ID": 41409915,
                "NEXT_DOWN": 41409983,
                "MAIN_RIV": 41410526,
                "LENGTH_KM": 0.46,
                "DIST_DN_KM": 20.6,
                "DIST_UP_KM": 30.9,
                "CATCH_SKM": 0.43,
                "UPLAND_SKM": 182.89999,
                "ENDORHEIC": 0,
                "DIS_AV_CMS": 7.079,
                "ORD_STRA": 3,
                "ORD_CLAS": 2,
                "ORD_FLOW": 6,
                "HYBAS_L12": 4121160090.0,
                "Shape_Length": 0.00416666666670551
            },
            "geometry": {
                "type": "LineString",
                "coordinates": [
                    [
                        80.56041666666627,
                        6.077083333333256
                    ],
                    [
                        80.56041666666627,
                        6.072916666666551
                    ]
                ]
            }
        },
        {
            "type": "Feature",
            "properties": {
                "HYRIV_ID": 41409949,
                "NEXT_DOWN": 41409950,
                "MAIN_RIV": 41410526,
                "LENGTH_KM": 1.81,
                "DIST_DN_KM": 22.700001,
                "DIST_UP_KM": 3.8,
                "CATCH_SKM": 5.98,
                "UPLAND_SKM": 6.0,
                "ENDORHEIC": 0,
                "DIS_AV_CMS": 0.25,
                "ORD_STRA": 1,
                "ORD_CLAS": 2,
                "ORD_FLOW": 7,
                "HYBAS_L12": 4121160080.0,
                "Shape_Length": 0.016309223176558103
            },
            "geometry": {
                "type": "LineString",
                "coordinates": [
                    [
                        80.46874999999963,
                        6.079166666666573
                    ],
                    [
                        80.46874999999963,
                        6.068749999999888
                    ],
                    [
                        80.4729166666663,
                        6.064583333333239
                    ]
                ]
            }
        },
        {
            "type": "Feature",
            "properties": {
                "HYRIV_ID": 41409950,
                "NEXT_DOWN": 41409912,
                "MAIN_RIV": 41410526,
                "LENGTH_KM": 2.8800001,
                "DIST_DN_KM": 19.8,
                "DIST_UP_KM": 6.7,
                "CATCH_SKM": 10.03,
                "UPLAND_SKM": 19.9,
                "ENDORHEIC": 0,
                "DIS_AV_CMS": 0.829,
                "ORD_STRA": 2,
                "ORD_CLAS": 2,
                "ORD_FLOW": 7,
                "HYBAS_L12": 4121160080.0,
                "Shape_Length": 0.026011002863033657
            },
            "geometry": {
                "type": "LineString",
                "coordinates": [
                    [
                        80.4729166666663,
                        6.064583333333239
                    ],
                    [
                        80.48124999999962,
                        6.064583333333239
                    ],
                    [
                        80.49374999999966,
                        6.077083333333256
                    ]
                ]
            }
        },
        {
            "type": "Feature",
            "properties": {
                "HYRIV_ID": 41409965,
                "NEXT_DOWN": 41410022,
                "MAIN_RIV": 41410526,
                "LENGTH_KM": 1.96,
                "DIST_DN_KM": 16.700001,
                "DIST_UP_KM": 59.599998,
                "CATCH_SKM": 7.04,
                "UPLAND_SKM": 594.90002,
                "ENDORHEIC": 0,
                "DIS_AV_CMS": 27.6,
                "ORD_STRA": 3,
                "ORD_CLAS": 1,
                "ORD_FLOW": 5,
                "HYBAS_L12": 4121160080.0,
                "Shape_Length": 0.017677669529637563
            },
            "geometry": {
                "type": "LineString",
                "coordinates": [
                    [
                        80.50208333333299,
                        6.072916666666551
                    ],
                    [
                        80.51458333333298,
                        6.060416666666576
                    ]
                ]
            }
        },
        {
            "type": "Feature",
            "properties": {
                "HYRIV_ID": 41409966,
                "NEXT_DOWN": 41410022,
                "MAIN_RIV": 41410526,
                "LENGTH_KM": 1.4400001,
                "DIST_DN_KM": 16.5,
                "DIST_UP_KM": 3.5,
                "CATCH_SKM": 4.06,
                "UPLAND_SKM": 4.1,
                "ENDORHEIC": 0,
                "DIS_AV_CMS": 0.16,
                "ORD_STRA": 1,
                "ORD_CLAS": 2,
                "ORD_FLOW": 7,
                "HYBAS_L12": 4121160080.0,
                "Shape_Length": 0.013005501431456536
            },
            "geometry": {
                "type": "LineString",
                "coordinates": [
                    [
                        80.52499999999961,
                        6.066666666666556
                    ],
                    [
                        80.51874999999964,
                        6.060416666666576
                    ],
                    [
                        80.51458333333298,
                        6.060416666666576
                    ]
                ]
            }
        },
        {
            "type": "Feature",
            "properties": {
                "HYRIV_ID": 41409982,
                "NEXT_DOWN": 41409950,
                "MAIN_RIV": 41410526,
                "LENGTH_KM": 1.4400001,
                "DIST_DN_KM": 22.5,
                "DIST_UP_KM": 2.9,
                "CATCH_SKM": 3.84,
                "UPLAND_SKM": 3.8,
                "ENDORHEIC": 0,
                "DIS_AV_CMS": 0.159,
                "ORD_STRA": 1,
                "ORD_CLAS": 4,
                "ORD_FLOW": 7,
                "HYBAS_L12": 4121160080.0,
                "Shape_Length": 0.013005501431466584
            },
            "geometry": {
                "type": "LineString",
                "coordinates": [
                    [
                        80.46666666666633,
                        6.054166666666582
                    ],
                    [
                        80.4729166666663,
                        6.060416666666576
                    ],
                    [
                        80.4729166666663,
                        6.064583333333239
                    ]
                ]
            }
        },
        {
            "type": "Feature",
            "properties": {
                "HYRIV_ID": 41409983,
                "NEXT_DOWN": 41410023,
                "MAIN_RIV": 41410526,
                "LENGTH_KM": 2.04,
                "DIST_DN_KM": 18.700001,
                "DIST_UP_KM": 32.700001,
                "CATCH_SKM": 2.77,
                "UPLAND_SKM": 195.7,
                "ENDORHEIC": 0,
                "DIS_AV_CMS": 7.5830002,
                "ORD_STRA": 3,
                "ORD_CLAS": 2,
                "ORD_FLOW": 6,
                "HYBAS_L12": 4121160090.0,
                "Shape_Length": 0.01839255650977657
            },
            "geometry": {
                "type": "LineString",
                "coordinates": [
                    [
                        80.56041666666627,
                        6.072916666666551
                    ],
                    [
                        80.56041666666627,
                        6.060416666666576
                    ],
                    [
                        80.55624999999972,
                        6.05625
                    ]
                ]
            }
        },
        {
            "type": "Feature",
            "properties": {
                "HYRIV_ID": 41409984,
                "NEXT_DOWN": 41410023,
                "MAIN_RIV": 41410526,
                "LENGTH_KM": 3.3800001,
                "DIST_DN_KM": 18.6,
                "DIST_UP_KM": 6.0,
                "CATCH_SKM": 11.1,
                "UPLAND_SKM": 11.1,
                "ENDORHEIC": 0,
                "DIS_AV_CMS": 0.424,
                "ORD_STRA": 1,
                "ORD_CLAS": 3,
                "ORD_FLOW": 7,
                "HYBAS_L12": 4121160090.0,
                "Shape_Length": 0.03053511301962012
            },
            "geometry": {
                "type": "LineString",
                "coordinates": [
                    [
                        80.57708333333292,
                        6.070833333333219
                    ],
                    [
                        80.57708333333292,
                        6.064583333333239
                    ],
                    [
                        80.5687499999996,
                        6.05625
                    ],
                    [
                        80.55624999999972,
                        6.05625
                    ]
                ]
            }
        },
        {
            "type": "Feature",
            "properties": {
                "HYRIV_ID": 41410022,
                "NEXT_DOWN": 41410167,
                "MAIN_RIV": 41410526,
                "LENGTH_KM": 1.96,
                "DIST_DN_KM": 14.7,
                "DIST_UP_KM": 61.5,
                "CATCH_SKM": 4.48,
                "UPLAND_SKM": 603.5,
                "ENDORHEIC": 0,
                "DIS_AV_CMS": 27.938,
                "ORD_STRA": 3,
                "ORD_CLAS": 1,
                "ORD_FLOW": 5,
                "HYBAS_L12": 4121160080.0,
                "Shape_Length": 0.017677669529707903
            },
            "geometry": {
                "type": "LineString",
                "coordinates": [
                    [
                        80.51458333333298,
                        6.060416666666576
                    ],
                    [
                        80.52708333333302,
                        6.047916666666559
                    ]
                ]
            }
        },
        {
            "type": "Feature",
            "properties": {
                "HYRIV_ID": 41410023,
                "NEXT_DOWN": 41410167,
                "MAIN_RIV": 41410526,
                "LENGTH_KM": 4.0,
                "DIST_DN_KM": 14.7,
                "DIST_UP_KM": 36.700001,
                "CATCH_SKM": 6.83,
                "UPLAND_SKM": 213.60001,
                "ENDORHEIC": 0,
                "DIS_AV_CMS": 8.2729998,
                "ORD_STRA": 3,
                "ORD_CLAS": 2,
                "ORD_FLOW": 6,
                "HYBAS_L12": 4121160090.0,
                "Shape_Length": 0.03607022603955897
            },
            "geometry": {
                "type": "LineString",
                "coordinates": [
                    [
                        80.55624999999972,
                        6.05625
                    ],
                    [
                        80.55208333333306,
                        6.05625
                    ],
                    [
                        80.54791666666634,
                        6.052083333333265
                    ],
                    [
                        80.54374999999968,
                        6.05625
                    ],
                    [
                        80.53958333333301,
                        6.052083333333265
                    ],
                    [
                        80.53124999999969,
                        6.052083333333265
                    ],
                    [
                        80.52708333333302,
                        6.047916666666559
                    ]
                ]
            }
        },
        {
            "type": "Feature",
            "properties": {
                "HYRIV_ID": 41410024,
                "NEXT_DOWN": 41410191,
                "MAIN_RIV": 41410526,
                "LENGTH_KM": 4.7,
                "DIST_DN_KM": 16.3,
                "DIST_UP_KM": 7.6,
                "CATCH_SKM": 14.52,
                "UPLAND_SKM": 14.5,
                "ENDORHEIC": 0,
                "DIS_AV_CMS": 0.547,
                "ORD_STRA": 1,
                "ORD_CLAS": 2,
                "ORD_FLOW": 7,
                "HYBAS_L12": 4121160240.0,
                "Shape_Length": 0.042320226039551566
            },
            "geometry": {
                "type": "LineString",
                "coordinates": [
                    [
                        80.60208333333296,
                        6.079166666666573
                    ],
                    [
                        80.60208333333296,
                        6.072916666666551
                    ],
                    [
                        80.61041666666628,
                        6.064583333333239
                    ],
                    [
                        80.61041666666628,
                        6.05625
                    ],
                    [
                        80.61458333333294,
                        6.052083333333265
                    ],
                    [
                        80.61874999999961,
                        6.052083333333265
                    ],
                    [
                        80.62291666666627,
                        6.047916666666559
                    ]
                ]
            }
        },
        {
            "type": "Feature",
            "properties": {
                "HYRIV_ID": 41410025,
                "NEXT_DOWN": 41410191,
                "MAIN_RIV": 41410526,
                "LENGTH_KM": 2.9200001,
                "DIST_DN_KM": 16.200001,
                "DIST_UP_KM": 4.5,
                "CATCH_SKM": 11.74,
                "UPLAND_SKM": 11.7,
                "ENDORHEIC": 0,
                "DIS_AV_CMS": 0.43200001,
                "ORD_STRA": 1,
                "ORD_CLAS": 3,
                "ORD_FLOW": 7,
                "HYBAS_L12": 4121160240.0,
                "Shape_Length": 0.02636844635313366
            },
            "geometry": {
                "type": "LineString",
                "coordinates": [
                    [
                        80.64583333333294,
                        6.05625
                    ],
                    [
                        80.63541666666632,
                        6.05625
                    ],
                    [
                        80.62708333333299,
                        6.047916666666559
                    ],
                    [
                        80.62291666666627,
                        6.047916666666559
                    ]
                ]
            }
        },
        {
            "type": "Feature",
            "properties": {
                "HYRIV_ID": 41410166,
                "NEXT_DOWN": 41410306,
                "MAIN_RIV": 41410526,
                "LENGTH_KM": 5.8800001,
                "DIST_DN_KM": 11.4,
                "DIST_UP_KM": 7.4,
                "CATCH_SKM": 20.280001,
                "UPLAND_SKM": 20.3,
                "ENDORHEIC": 0,
                "DIS_AV_CMS": 0.82,
                "ORD_STRA": 1,
                "ORD_CLAS": 2,
                "ORD_FLOW": 7,
                "HYBAS_L12": 4121160220.0,
                "Shape_Length": 0.053094336196313936
            },
            "geometry": {
                "type": "LineString",
                "coordinates": [
                    [
                        80.47083333333299,
                        6.035416666666585
                    ],
                    [
                        80.47708333333296,
                        6.035416666666585
                    ],
                    [
                        80.48124999999962,
                        6.03125
                    ],
                    [
                        80.49791666666627,
                        6.03125
                    ],
                    [
                        80.50208333333299,
                        6.027083333333259
                    ],
                    [
                        80.51041666666632,
                        6.027083333333259
                    ],
                    [
                        80.51458333333298,
                        6.022916666666568
                    ],
                    [
                        80.51874999999964,
                        6.022916666666568
                    ]
                ]
            }
        },
        {
            "type": "Feature",
            "properties": {
                "HYRIV_ID": 41410167,
                "NEXT_DOWN": 41410306,
                "MAIN_RIV": 41410526,
                "LENGTH_KM": 3.1600001,
                "DIST_DN_KM": 11.4,
                "DIST_UP_KM": 64.900002,
                "CATCH_SKM": 7.6799998,
                "UPLAND_SKM": 824.79999,
                "ENDORHEIC": 0,
                "DIS_AV_CMS": 36.512001,
                "ORD_STRA": 4,
                "ORD_CLAS": 1,
                "ORD_FLOW": 5,
                "HYBAS_L12": 4121160220.0,
                "Shape_Length": 0.02845177968647515
            },
            "geometry": {
                "type": "LineString",
                "coordinates": [
                    [
                        80.52708333333302,
                        6.047916666666559
                    ],
                    [
                        80.52708333333302,
                        6.039583333333233
                    ],
                    [
                        80.51874999999964,
                        6.03125
                    ],
                    [
                        80.51874999999964,
                        6.022916666666568
                    ]
                ]
            }
        },
        {
            "type": "Feature",
            "properties": {
                "HYRIV_ID": 41410190,
                "NEXT_DOWN": 41410231,
                "MAIN_RIV": 41410526,
                "LENGTH_KM": 0.98,
                "DIST_DN_KM": 11.3,
                "DIST_UP_KM": 3.5,
                "CATCH_SKM": 4.27,
                "UPLAND_SKM": 4.3,
                "ENDORHEIC": 0,
                "DIS_AV_CMS": 0.161,
                "ORD_STRA": 1,
                "ORD_CLAS": 3,
                "ORD_FLOW": 7,
                "HYBAS_L12": 4121160240.0,
                "Shape_Length": 0.008838834764803707
            },
            "geometry": {
                "type": "LineString",
                "coordinates": [
                    [
                        80.583333333333,
                        6.024999999999899
                    ],
                    [
                        80.58958333333297,
                        6.01875
                    ]
                ]
            }
        },
        {
            "type": "Feature",
            "properties": {
                "HYRIV_ID": 41410191,
                "NEXT_DOWN": 41410231,
                "MAIN_RIV": 41410526,
                "LENGTH_KM": 5.04,
                "DIST_DN_KM": 11.1,
                "DIST_UP_KM": 12.8,
                "CATCH_SKM": 14.09,
                "UPLAND_SKM": 40.3,
                "ENDORHEIC": 0,
                "DIS_AV_CMS": 1.503,
                "ORD_STRA": 2,
                "ORD_CLAS": 2,
                "ORD_FLOW": 6,
                "HYBAS_L12": 4121160240.0,
                "Shape_Length": 0.045414562235850685
            },
            "geometry": {
                "type": "LineString",
                "coordinates": [
                    [
                        80.62291666666627,
                        6.047916666666559
                    ],
                    [
                        80.59374999999963,
                        6.01875
                    ],
                    [
                        80.58958333333297,
                        6.01875
                    ]
                ]
            }
        },
        {
            "type": "Feature",
            "properties": {
                "HYRIV_ID": 41410230,
                "NEXT_DOWN": 41410282,
                "MAIN_RIV": 41410526,
                "LENGTH_KM": 0.69,
                "DIST_DN_KM": 9.4,
                "DIST_UP_KM": 4.3,
                "CATCH_SKM": 3.6300001,
                "UPLAND_SKM": 3.6,
                "ENDORHEIC": 0,
                "DIS_AV_CMS": 0.138,
                "ORD_STRA": 1,
                "ORD_CLAS": 3,
                "ORD_FLOW": 7,
                "HYBAS_L12": 4121160240.0,
                "Shape_Length": 0.006250000000036948
            },
            "geometry": {
                "type": "LineString",
                "coordinates": [
                    [
                        80.58124999999976,
                        6.0125
                    ],
                    [
                        80.58124999999976,
                        6.006249999999888
                    ]
                ]
            }
        },
        {
            "type": "Feature",
            "properties": {
                "HYRIV_ID": 41410231,
                "NEXT_DOWN": 41410282,
                "MAIN_RIV": 41410526,
                "LENGTH_KM": 1.77,
                "DIST_DN_KM": 9.5,
                "DIST_UP_KM": 14.4,
                "CATCH_SKM": 3.2,
                "UPLAND_SKM": 47.8,
                "ENDORHEIC": 0,
                "DIS_AV_CMS": 1.785,
                "ORD_STRA": 2,
                "ORD_CLAS": 2,
                "ORD_FLOW": 6,
                "HYBAS_L12": 4121160240.0,
                "Shape_Length": 0.015951779686363497
            },
            "geometry": {
                "type": "LineString",
                "coordinates": [
                    [
                        80.58958333333297,
                        6.01875
                    ],
                    [
                        80.5854166666663,
                        6.014583333333242
                    ],
                    [
                        80.5854166666663,
                        6.010416666666593
                    ],
                    [
                        80.58124999999976,
                        6.006249999999888
                    ]
                ]
            }
        },
        {
            "type": "Feature",
            "properties": {
                "HYRIV_ID": 41410232,
                "NEXT_DOWN": 41410308,
                "MAIN_RIV": 41410526,
                "LENGTH_KM": 4.33,
                "DIST_DN_KM": 13.8,
                "DIST_UP_KM": 6.0,
                "CATCH_SKM": 9.1800003,
                "UPLAND_SKM": 9.2,
                "ENDORHEIC": 0,
                "DIS_AV_CMS": 0.336,
                "ORD_STRA": 1,
                "ORD_CLAS": 3,
                "ORD_FLOW": 7,
                "HYBAS_L12": 4121160240.0,
                "Shape_Length": 0.039016504294516176
            },
            "geometry": {
                "type": "LineString",
                "coordinates": [
                    [
                        80.64166666666628,
                        6.033333333333253
                    ],
                    [
                        80.63541666666632,
                        6.027083333333259
                    ],
                    [
                        80.63124999999965,
                        6.027083333333259
                    ],
                    [
                        80.62708333333299,
                        6.022916666666568
                    ],
                    [
                        80.62708333333299,
                        6.01875
                    ],
                    [
                        80.62291666666627,
                        6.014583333333242
                    ],
                    [
                        80.62291666666627,
                        6.010416666666593
                    ],
                    [
                        80.61874999999961,
                        6.006249999999888
                    ]
                ]
            }
        },
        {
            "type": "Feature",
            "properties": {
                "HYRIV_ID": 41410233,
                "NEXT_DOWN": 41410308,
                "MAIN_RIV": 41410526,
                "LENGTH_KM": 4.0300002,
                "DIST_DN_KM": 13.6,
                "DIST_UP_KM": 5.8,
                "CATCH_SKM": 10.67,
                "UPLAND_SKM": 10.7,
                "ENDORHEIC": 0,
                "DIS_AV_CMS": 0.387,
                "ORD_STRA": 1,
                "ORD_CLAS": 4,
                "ORD_FLOW": 7,
                "HYBAS_L12": 4121160240.0,
                "Shape_Length": 0.036427669529679074
            },
            "geometry": {
                "type": "LineString",
                "coordinates": [
                    [
                        80.64999999999961,
                        6.01875
                    ],
                    [
                        80.64374999999964,
                        6.01875
                    ],
                    [
                        80.63124999999965,
                        6.006249999999888
                    ],
                    [
                        80.61874999999961,
                        6.006249999999888
                    ]
                ]
            }
        },
        {
            "type": "Feature",
            "properties": {
                "HYRIV_ID": 41410261,
                "NEXT_DOWN": 41410308,
                "MAIN_RIV": 41410526,
                "LENGTH_KM": 0.69,
                "DIST_DN_KM": 13.6,
                "DIST_UP_KM": 3.1,
                "CATCH_SKM": 4.7,
                "UPLAND_SKM": 4.7,
                "ENDORHEIC": 0,
                "DIS_AV_CMS": 0.171,
                "ORD_STRA": 1,
                "ORD_CLAS": 5,
                "ORD_FLOW": 7,
                "HYBAS_L12": 4121160240.0,
                "Shape_Length": 0.006249999999980105
            },
            "geometry": {
                "type": "LineString",
                "coordinates": [
                    [
                        80.61874999999961,
                        6.0
                    ],
                    [
                        80.61874999999961,
                        6.006249999999888
                    ]
                ]
            }
        },
        {
            "type": "Feature",
            "properties": {
                "HYRIV_ID": 41410282,
                "NEXT_DOWN": 41410330,
                "MAIN_RIV": 41410526,
                "LENGTH_KM": 1.12,
                "DIST_DN_KM": 8.2,
                "DIST_UP_KM": 15.7,
                "CATCH_SKM": 2.77,
                "UPLAND_SKM": 54.200001,
                "ENDORHEIC": 0,
                "DIS_AV_CMS": 2.027,
                "ORD_STRA": 2,
                "ORD_CLAS": 2,
                "ORD_FLOW": 6,
                "HYBAS_L12": 4121160240.0,
                "Shape_Length": 0.010059223176651786
            },
            "geometry": {
                "type": "LineString",
                "coordinates": [
                    [
                        80.58124999999976,
                        6.006249999999888
                    ],
                    [
                        80.57708333333292,
                        6.002083333333225
                    ],
                    [
                        80.57708333333292,
                        5.997916666666576
                    ]
                ]
            }
        },
        {
            "type": "Feature",
            "properties": {
                "HYRIV_ID": 41410306,
                "NEXT_DOWN": 41410409,
                "MAIN_RIV": 41410526,
                "LENGTH_KM": 4.8400002,
                "DIST_DN_KM": 6.7,
                "DIST_UP_KM": 69.5,
                "CATCH_SKM": 10.25,
                "UPLAND_SKM": 855.29999,
                "ENDORHEIC": 0,
                "DIS_AV_CMS": 37.729,
                "ORD_STRA": 4,
                "ORD_CLAS": 1,
                "ORD_FLOW": 5,
                "HYBAS_L12": 4121160220.0,
                "Shape_Length": 0.04368867239268371
            },
            "geometry": {
                "type": "LineString",
                "coordinates": [
                    [
                        80.51874999999964,
                        6.022916666666568
                    ],
                    [
                        80.5229166666663,
                        6.01875
                    ],
                    [
                        80.52708333333302,
                        6.01875
                    ],
                    [
                        80.54374999999968,
                        6.002083333333225
                    ],
                    [
                        80.54374999999968,
                        5.997916666666576
                    ],
                    [
                        80.54791666666634,
                        5.99375
                    ]
                ]
            }
        },
        {
            "type": "Feature",
            "properties": {
                "HYRIV_ID": 41410307,
                "NEXT_DOWN": 41410409,
                "MAIN_RIV": 41410526,
                "LENGTH_KM": 7.2,
                "DIST_DN_KM": 6.7,
                "DIST_UP_KM": 9.3,
                "CATCH_SKM": 16.219999,
                "UPLAND_SKM": 16.200001,
                "ENDORHEIC": 0,
                "DIS_AV_CMS": 0.621,
                "ORD_STRA": 1,
                "ORD_CLAS": 2,
                "ORD_FLOW": 7,
                "HYBAS_L12": 4121160220.0,
                "Shape_Length": 0.06487944921613585
            },
            "geometry": {
                "type": "LineString",
                "coordinates": [
                    [
                        80.5666666666663,
                        6.043749999999896
                    ],
                    [
                        80.56041666666627,
                        6.043749999999896
                    ],
                    [
                        80.55624999999972,
                        6.039583333333233
                    ],
                    [
                        80.55624999999972,
                        6.03125
                    ],
                    [
                        80.54791666666634,
                        6.022916666666568
                    ],
                    [
                        80.54791666666634,
                        6.01875
                    ],
                    [
                        80.55208333333306,
                        6.014583333333242
                    ],
                    [
                        80.55208333333306,
                        5.997916666666576
                    ],
                    [
                        80.54791666666634,
                        5.99375
                    ]
                ]
            }
        },
        {
            "type": "Feature",
            "properties": {
                "HYRIV_ID": 41410308,
                "NEXT_DOWN": 41410330,
                "MAIN_RIV": 41410526,
                "LENGTH_KM": 5.3800001,
                "DIST_DN_KM": 8.4,
                "DIST_UP_KM": 11.4,
                "CATCH_SKM": 10.89,
                "UPLAND_SKM": 35.400002,
                "ENDORHEIC": 0,
                "DIS_AV_CMS": 1.2970001,
                "ORD_STRA": 2,
                "ORD_CLAS": 3,
                "ORD_FLOW": 6,
                "HYBAS_L12": 4121160240.0,
                "Shape_Length": 0.04857022603953755
            },
            "geometry": {
                "type": "LineString",
                "coordinates": [
                    [
                        80.61874999999961,
                        6.006249999999888
                    ],
                    [
                        80.5979166666663,
                        6.006249999999888
                    ],
                    [
                        80.58958333333297,
                        5.997916666666576
                    ],
                    [
                        80.5854166666663,
                        5.997916666666576
                    ],
                    [
                        80.58124999999976,
                        5.99375
                    ],
                    [
                        80.57708333333292,
                        5.997916666666576
                    ]
                ]
            }
        },
        {
            "type": "Feature",
            "properties": {
                "HYRIV_ID": 41410330,
                "NEXT_DOWN": 41410410,
                "MAIN_RIV": 41410526,
                "LENGTH_KM": 1.12,
                "DIST_DN_KM": 7.1,
                "DIST_UP_KM": 16.8,
                "CATCH_SKM": 2.1300001,
                "UPLAND_SKM": 91.800003,
                "ENDORHEIC": 0,
                "DIS_AV_CMS": 3.404,
                "ORD_STRA": 3,
                "ORD_CLAS": 2,
                "ORD_FLOW": 6,
                "HYBAS_L12": 4121160240.0,
                "Shape_Length": 0.010059223176465026
            },
            "geometry": {
                "type": "LineString",
                "coordinates": [
                    [
                        80.57708333333292,
                        5.997916666666576
                    ],
                    [
                        80.57291666666637,
                        5.99375
                    ],
                    [
                        80.57291666666637,
                        5.98958333333325
                    ]
                ]
            }
        },
        {
            "type": "Feature",
            "properties": {
                "HYRIV_ID": 41410372,
                "NEXT_DOWN": 41410410,
                "MAIN_RIV": 41410526,
                "LENGTH_KM": 2.9200001,
                "DIST_DN_KM": 7.3,
                "DIST_UP_KM": 6.0,
                "CATCH_SKM": 8.9700003,
                "UPLAND_SKM": 9.0,
                "ENDORHEIC": 0,
                "DIS_AV_CMS": 0.331,
                "ORD_STRA": 1,
                "ORD_CLAS": 3,
                "ORD_FLOW": 7,
                "HYBAS_L12": 4121160240.0,
                "Shape_Length": 0.026368446353143414
            },
            "geometry": {
                "type": "LineString",
                "coordinates": [
                    [
                        80.59583333333299,
                        5.981249999999896
                    ],
                    [
                        80.5854166666663,
                        5.981249999999896
                    ],
                    [
                        80.58124999999976,
                        5.985416666666602
                    ],
                    [
                        80.57708333333292,
                        5.985416666666602
                    ],
                    [
                        80.57291666666637,
                        5.98958333333325
                    ]
                ]
            }
        },
        {
            "type": "Feature",
            "properties": {
                "HYRIV_ID": 41410406,
                "NEXT_DOWN": 41410408,
                "MAIN_RIV": 41410526,
                "LENGTH_KM": 1.84,
                "DIST_DN_KM": 5.0,
                "DIST_UP_KM": 10.1,
                "CATCH_SKM": 4.27,
                "UPLAND_SKM": 26.9,
                "ENDORHEIC": 0,
                "DIS_AV_CMS": 1.04,
                "ORD_STRA": 2,
                "ORD_CLAS": 3,
                "ORD_FLOW": 6,
                "HYBAS_L12": 4120048910.0,
                "Shape_Length": 0.01666666666665151
            },
            "geometry": {
                "type": "LineString",
                "coordinates": [
                    [
                        80.52708333333302,
                        5.972916666666585
                    ],
                    [
                        80.54374999999968,
                        5.972916666666585
                    ]
                ]
            }
        },
        {
            "type": "Feature",
            "properties": {
                "HYRIV_ID": 41410407,
                "NEXT_DOWN": 41410408,
                "MAIN_RIV": 41410526,
                "LENGTH_KM": 7.3800001,
                "DIST_DN_KM": 5.2,
                "DIST_UP_KM": 8.9,
                "CATCH_SKM": 15.16,
                "UPLAND_SKM": 15.2,
                "ENDORHEIC": 0,
                "DIS_AV_CMS": 0.59100002,
                "ORD_STRA": 1,
                "ORD_CLAS": 4,
                "ORD_FLOW": 7,
                "HYBAS_L12": 4120048910.0,
                "Shape_Length": 0.06660533905926191
            },
            "geometry": {
                "type": "LineString",
                "coordinates": [
                    [
                        80.49166666666636,
                        6.002083333333225
                    ],
                    [
                        80.49791666666627,
                        6.002083333333225
                    ],
                    [
                        80.50208333333299,
                        5.997916666666576
                    ],
                    [
                        80.50624999999965,
                        5.997916666666576
                    ],
                    [
                        80.51041666666632,
                        5.99375
                    ],
                    [
                        80.5229166666663,
                        5.99375
                    ],
                    [
                        80.5229166666663,
                        5.98958333333325
                    ],
                    [
                        80.52708333333302,
                        5.985416666666602
                    ],
                    [
                        80.53124999999969,
                        5.985416666666602
                    ],
                    [
                        80.54374999999968,
                        5.972916666666585
                    ]
                ]
            }
        },
        {
            "type": "Feature",
            "properties": {
                "HYRIV_ID": 41410408,
                "NEXT_DOWN": 41410482,
                "MAIN_RIV": 41410526,
                "LENGTH_KM": 0.92,
                "DIST_DN_KM": 4.0,
                "DIST_UP_KM": 11.0,
                "CATCH_SKM": 1.0700001,
                "UPLAND_SKM": 43.099998,
                "ENDORHEIC": 0,
                "DIS_AV_CMS": 1.6720001,
                "ORD_STRA": 2,
                "ORD_CLAS": 3,
                "ORD_FLOW": 6,
                "HYBAS_L12": 4120048910.0,
                "Shape_Length": 0.008333333333382598
            },
            "geometry": {
                "type": "LineString",
                "coordinates": [
                    [
                        80.54374999999968,
                        5.972916666666585
                    ],
                    [
                        80.55208333333306,
                        5.972916666666585
                    ]
                ]
            }
        },
        {
            "type": "Feature",
            "properties": {
                "HYRIV_ID": 41410409,
                "NEXT_DOWN": 41410482,
                "MAIN_RIV": 41410526,
                "LENGTH_KM": 2.51,
                "DIST_DN_KM": 4.0,
                "DIST_UP_KM": 72.199997,
                "CATCH_SKM": 3.6300001,
                "UPLAND_SKM": 875.20001,
                "ENDORHEIC": 0,
                "DIS_AV_CMS": 38.487,
                "ORD_STRA": 4,
                "ORD_CLAS": 1,
                "ORD_FLOW": 5,
                "HYBAS_L12": 4121160220.0,
                "Shape_Length": 0.022559223176592612
            },
            "geometry": {
                "type": "LineString",
                "coordinates": [
                    [
                        80.54791666666634,
                        5.99375
                    ],
                    [
                        80.54791666666634,
                        5.98958333333325
                    ],
                    [
                        80.55208333333306,
                        5.985416666666602
                    ],
                    [
                        80.55208333333306,
                        5.972916666666585
                    ]
                ]
            }
        },
        {
            "type": "Feature",
            "properties": {
                "HYRIV_ID": 41410410,
                "NEXT_DOWN": 41410482,
                "MAIN_RIV": 41410526,
                "LENGTH_KM": 3.08,
                "DIST_DN_KM": 4.0,
                "DIST_UP_KM": 19.9,
                "CATCH_SKM": 6.4099998,
                "UPLAND_SKM": 107.2,
                "ENDORHEIC": 0,
                "DIS_AV_CMS": 3.9749999,
                "ORD_STRA": 3,
                "ORD_CLAS": 2,
                "ORD_FLOW": 6,
                "HYBAS_L12": 4121160240.0,
                "Shape_Length": 0.02773689270620307
            },
            "geometry": {
                "type": "LineString",
                "coordinates": [
                    [
                        80.57291666666637,
                        5.98958333333325
                    ],
                    [
                        80.55624999999972,
                        5.972916666666585
                    ],
                    [
                        80.55208333333306,
                        5.972916666666585
                    ]
                ]
            }
        },
        {
            "type": "Feature",
            "properties": {
                "HYRIV_ID": 41410426,
                "NEXT_DOWN": 41410406,
                "MAIN_RIV": 41410526,
                "LENGTH_KM": 6.27,
                "DIST_DN_KM": 7.0,
                "DIST_UP_KM": 8.1,
                "CATCH_SKM": 18.360001,
                "UPLAND_SKM": 18.4,
                "ENDORHEIC": 0,
                "DIS_AV_CMS": 0.714,
                "ORD_STRA": 1,
                "ORD_CLAS": 3,
                "ORD_FLOW": 7,
                "HYBAS_L12": 4120048910.0,
                "Shape_Length": 0.056546115882876995
            },
            "geometry": {
                "type": "LineString",
                "coordinates": [
                    [
                        80.48958333333294,
                        5.9875
                    ],
                    [
                        80.48958333333294,
                        5.977083333333233
                    ],
                    [
                        80.50208333333299,
                        5.977083333333233
                    ],
                    [
                        80.51041666666632,
                        5.968749999999879
                    ],
                    [
                        80.51874999999964,
                        5.977083333333233
                    ],
                    [
                        80.5229166666663,
                        5.977083333333233
                    ],
                    [
                        80.52708333333302,
                        5.972916666666585
                    ]
                ]
            }
        },
        {
            "type": "Feature",
            "properties": {
                "HYRIV_ID": 41410452,
                "NEXT_DOWN": 41410406,
                "MAIN_RIV": 41410526,
                "LENGTH_KM": 1.91,
                "DIST_DN_KM": 6.8,
                "DIST_UP_KM": 4.0,
                "CATCH_SKM": 4.27,
                "UPLAND_SKM": 4.3,
                "ENDORHEIC": 0,
                "DIS_AV_CMS": 0.163,
                "ORD_STRA": 1,
                "ORD_CLAS": 4,
                "ORD_FLOW": 7,
                "HYBAS_L12": 4120048910.0,
                "Shape_Length": 0.017172168098242437
            },
            "geometry": {
                "type": "LineString",
                "coordinates": [
                    [
                        80.52083333333294,
                        5.958333333333236
                    ],
                    [
                        80.52708333333302,
                        5.964583333333216
                    ],
                    [
                        80.52708333333302,
                        5.972916666666585
                    ]
                ]
            }
        },
        {
            "type": "Feature",
            "properties": {
                "HYRIV_ID": 41410482,
                "NEXT_DOWN": 41410526,
                "MAIN_RIV": 41410526,
                "LENGTH_KM": 2.7,
                "DIST_DN_KM": 1.3,
                "DIST_UP_KM": 74.900002,
                "CATCH_SKM": 4.06,
                "UPLAND_SKM": 1029.5,
                "ENDORHEIC": 0,
                "DIS_AV_CMS": 44.286999,
                "ORD_STRA": 4,
                "ORD_CLAS": 1,
                "ORD_FLOW": 5,
                "HYBAS_L12": 4120048910.0,
                "Shape_Length": 0.0242851130197059
            },
            "geometry": {
                "type": "LineString",
                "coordinates": [
                    [
                        80.55208333333306,
                        5.972916666666585
                    ],
                    [
                        80.55208333333306,
                        5.968749999999879
                    ],
                    [
                        80.56041666666627,
                        5.960416666666568
                    ],
                    [
                        80.56041666666627,
                        5.952083333333242
                    ]
                ]
            }
        },
        {
            "type": "Feature",
            "properties": {
                "HYRIV_ID": 41410483,
                "NEXT_DOWN": 41410526,
                "MAIN_RIV": 41410526,
                "LENGTH_KM": 4.3,
                "DIST_DN_KM": 1.3,
                "DIST_UP_KM": 7.4,
                "CATCH_SKM": 10.68,
                "UPLAND_SKM": 10.7,
                "ENDORHEIC": 0,
                "DIS_AV_CMS": 0.394,
                "ORD_STRA": 1,
                "ORD_CLAS": 2,
                "ORD_FLOW": 7,
                "HYBAS_L12": 4120048910.0,
                "Shape_Length": 0.03886844635312574
            },
            "geometry": {
                "type": "LineString",
                "coordinates": [
                    [
                        80.59583333333299,
                        5.952083333333242
                    ],
                    [
                        80.58958333333297,
                        5.952083333333242
                    ],
                    [
                        80.5854166666663,
                        5.95625
                    ],
                    [
                        80.57291666666637,
                        5.95625
                    ],
                    [
                        80.5687499999996,
                        5.952083333333242
                    ],
                    [
                        80.56041666666627,
                        5.952083333333242
                    ]
                ]
            }
        },
        {
            "type": "Feature",
            "properties": {
                "HYRIV_ID": 41410526,
                "NEXT_DOWN": 0,
                "MAIN_RIV": 41410526,
                "LENGTH_KM": 1.12,
                "DIST_DN_KM": 0.0,
                "DIST_UP_KM": 76.0,
                "CATCH_SKM": 1.5,
                "UPLAND_SKM": 1041.1,
                "ENDORHEIC": 0,
                "DIS_AV_CMS": 44.712002,
                "ORD_STRA": 4,
                "ORD_CLAS": 1,
                "ORD_FLOW": 5,
                "HYBAS_L12": 4120048910.0,
                "Shape_Length": 0.010059223176450815
            },
            "geometry": {
                "type": "LineString",
                "coordinates": [
                    [
                        80.56041666666627,
                        5.952083333333242
                    ],
                    [
                        80.55624999999972,
                        5.947916666666579
                    ],
                    [
                        80.55624999999972,
                        5.94375
                    ]
                ]
            }
        }
    ]
}