{
"type": "FeatureCollection",
"name": "main_river_41397865",
"crs": { "type": "name", "properties": { "name": "urn:ogc:def:crs:OGC:1.3:CRS84" } },
"features": [
{ "type": "Feature", "properties": { "HYRIV_ID": 41397833, "NEXT_DOWN": 41397865, "MAIN_RIV": 41397865, "LENGTH_KM": 3.37, "DIST_DN_KM": 6.3, "DIST_UP_KM": 9.0, "CATCH_SKM": 19.940001, "UPLAND_SKM": 19.9, "ENDORHEIC": 0, "DIS_AV_CMS": 0.189, "ORD_STRA": 1, "ORD_CLAS": 2, "ORD_FLOW": 7, "HYBAS_L12": 4120049300.0, "Shape_Length": 0.030535113019762229 }, "geometry": { "type": "MultiLineString", "coordinates": [ [ [ 79.991666666666305, 8.814583333333196 ], [ 79.985416666666339, 8.814583333333196 ], [ 79.981249999999676, 8.810416666666534 ], [ 79.972916666666293, 8.810416666666534 ], [ 79.968749999999631, 8.806249999999871 ], [ 79.968749999999631, 8.802083333333222 ] ] ] } },
{ "type": "Feature", "properties": { "HYRIV_ID": 41397834, "NEXT_DOWN": 41397890, "MAIN_RIV": 41397865, "LENGTH_KM": 1.35, "DIST_DN_KM": 24.6, "DIST_UP_KM": 7.1, "CATCH_SKM": 11.88, "UPLAND_SKM": 11.9, "ENDORHEIC": 0, "DIS_AV_CMS": 0.109, "ORD_STRA": 1, "ORD_CLAS": 3, "ORD_FLOW": 7, "HYBAS_L12": 4121600650.0, "Shape_Length": 0.012142556509906997 }, "geometry": { "type": "MultiLineString", "coordinates": [ [ [ 80.106249999999619, 8.812499999999865 ], [ 80.106249999999619, 8.806249999999871 ], [ 80.110416666666339, 8.802083333333222 ] ] ] } },
{ "type": "Feature", "properties": { "HYRIV_ID": 41397835, "NEXT_DOWN": 41397890, "MAIN_RIV": 41397865, "LENGTH_KM": 5.6, "DIST_DN_KM": 24.5, "DIST_UP_KM": 10.0, "CATCH_SKM": 28.0, "UPLAND_SKM": 28.0, "ENDORHEIC": 0, "DIS_AV_CMS": 0.253, "ORD_STRA": 1, "ORD_CLAS": 2, "ORD_FLOW": 7, "HYBAS_L12": 4121600650.0, "Shape_Length": 0.050653559372826361 }, "geometry": { "type": "MultiLineString", "coordinates": [ [ [ 80.131249999999653, 8.833333333333194 ], [ 80.131249999999653, 8.827083333333213 ], [ 80.122916666666328, 8.818749999999845 ], [ 80.122916666666328, 8.814583333333196 ], [ 80.118749999999665, 8.810416666666534 ], [ 80.122916666666328, 8.806249999999871 ], [ 80.122916666666328, 8.802083333333222 ], [ 80.110416666666339, 8.802083333333222 ] ] ] } },
{ "type": "Feature", "properties": { "HYRIV_ID": 41397865, "NEXT_DOWN": 0, "MAIN_RIV": 41397865, "LENGTH_KM": 6.08, "DIST_DN_KM": 0.0, "DIST_UP_KM": 161.3, "CATCH_SKM": 21.639999, "UPLAND_SKM": 3344.8999, "ENDORHEIC": 0, "DIS_AV_CMS": 32.097, "ORD_STRA": 4, "ORD_CLAS": 1, "ORD_FLOW": 5, "HYBAS_L12": 4120049300.0, "Shape_Length": 0.055177669529720585 }, "geometry": { "type": "MultiLineString", "coordinates": [ [ [ 79.968749999999631, 8.802083333333222 ], [ 79.952083333332979, 8.802083333333222 ], [ 79.947916666666316, 8.797916666666517 ], [ 79.935416666666271, 8.797916666666517 ], [ 79.927083333332945, 8.806249999999871 ], [ 79.918749999999619, 8.806249999999871 ] ] ] } },
{ "type": "Feature", "properties": { "HYRIV_ID": 41397866, "NEXT_DOWN": 41397889, "MAIN_RIV": 41397865, "LENGTH_KM": 2.29, "DIST_DN_KM": 10.5, "DIST_UP_KM": 151.0, "CATCH_SKM": 4.0300002, "UPLAND_SKM": 3256.7, "ENDORHEIC": 0, "DIS_AV_CMS": 31.738001, "ORD_STRA": 4, "ORD_CLAS": 1, "ORD_FLOW": 5, "HYBAS_L12": 4120049300.0, "Shape_Length": 0.020833333333371229 }, "geometry": { "type": "MultiLineString", "coordinates": [ [ [ 80.022916666666362, 8.797916666666517 ], [ 80.00208333333299, 8.797916666666517 ] ] ] } },
{ "type": "Feature", "properties": { "HYRIV_ID": 41397867, "NEXT_DOWN": 41397866, "MAIN_RIV": 41397865, "LENGTH_KM": 1.9, "DIST_DN_KM": 12.8, "DIST_UP_KM": 7.5, "CATCH_SKM": 15.48, "UPLAND_SKM": 15.5, "ENDORHEIC": 0, "DIS_AV_CMS": 0.14300001, "ORD_STRA": 1, "ORD_CLAS": 2, "ORD_FLOW": 7, "HYBAS_L12": 4120049300.0, "Shape_Length": 0.017172168098162046 }, "geometry": { "type": "MultiLineString", "coordinates": [ [ [ 80.03333333333299, 8.808333333333202 ], [ 80.027083333333024, 8.802083333333222 ], [ 80.027083333333024, 8.797916666666517 ], [ 80.022916666666362, 8.797916666666517 ] ] ] } },
{ "type": "Feature", "properties": { "HYRIV_ID": 41397888, "NEXT_DOWN": 41397865, "MAIN_RIV": 41397865, "LENGTH_KM": 1.3, "DIST_DN_KM": 6.5, "DIST_UP_KM": 155.0, "CATCH_SKM": 3.3900001, "UPLAND_SKM": 3303.6001, "ENDORHEIC": 0, "DIS_AV_CMS": 31.948999, "ORD_STRA": 4, "ORD_CLAS": 1, "ORD_FLOW": 5, "HYBAS_L12": 4120049300.0, "Shape_Length": 0.011785113019795219 }, "geometry": { "type": "MultiLineString", "coordinates": [ [ [ 79.977083333332956, 8.793749999999854 ], [ 79.968749999999631, 8.802083333333222 ] ] ] } },
{ "type": "Feature", "properties": { "HYRIV_ID": 41397889, "NEXT_DOWN": 41397888, "MAIN_RIV": 41397865, "LENGTH_KM": 2.9400001, "DIST_DN_KM": 7.6, "DIST_UP_KM": 153.89999, "CATCH_SKM": 4.6700001, "UPLAND_SKM": 3274.8999, "ENDORHEIC": 0, "DIS_AV_CMS": 31.718, "ORD_STRA": 4, "ORD_CLAS": 1, "ORD_FLOW": 5, "HYBAS_L12": 4120049300.0, "Shape_Length": 0.026725889843253765 }, "geometry": { "type": "MultiLineString", "coordinates": [ [ [ 80.00208333333299, 8.797916666666517 ], [ 79.993749999999665, 8.797916666666517 ], [ 79.989583333333002, 8.793749999999854 ], [ 79.977083333332956, 8.793749999999854 ] ] ] } },
{ "type": "Feature", "properties": { "HYRIV_ID": 41397890, "NEXT_DOWN": 41397943, "MAIN_RIV": 41397865, "LENGTH_KM": 1.3, "DIST_DN_KM": 23.3, "DIST_UP_KM": 11.1, "CATCH_SKM": 1.27, "UPLAND_SKM": 41.099998, "ENDORHEIC": 0, "DIS_AV_CMS": 0.37200001, "ORD_STRA": 2, "ORD_CLAS": 2, "ORD_FLOW": 7, "HYBAS_L12": 4121600650.0, "Shape_Length": 0.011785113019835413 }, "geometry": { "type": "MultiLineString", "coordinates": [ [ [ 80.110416666666339, 8.802083333333222 ], [ 80.102083333332956, 8.793749999999854 ] ] ] } },
{ "type": "Feature", "properties": { "HYRIV_ID": 41397914, "NEXT_DOWN": 41397889, "MAIN_RIV": 41397865, "LENGTH_KM": 1.16, "DIST_DN_KM": 10.5, "DIST_UP_KM": 9.2, "CATCH_SKM": 13.58, "UPLAND_SKM": 13.6, "ENDORHEIC": 0, "DIS_AV_CMS": 0.127, "ORD_STRA": 1, "ORD_CLAS": 2, "ORD_FLOW": 7, "HYBAS_L12": 4120049300.0, "Shape_Length": 0.010416666666642982 }, "geometry": { "type": "MultiLineString", "coordinates": [ [ [ 80.00208333333299, 8.787499999999874 ], [ 80.00208333333299, 8.797916666666517 ] ] ] } },
{ "type": "Feature", "properties": { "HYRIV_ID": 41397915, "NEXT_DOWN": 41397940, "MAIN_RIV": 41397865, "LENGTH_KM": 2.09, "DIST_DN_KM": 16.8, "DIST_UP_KM": 7.4, "CATCH_SKM": 12.3, "UPLAND_SKM": 12.3, "ENDORHEIC": 0, "DIS_AV_CMS": 0.113, "ORD_STRA": 1, "ORD_CLAS": 2, "ORD_FLOW": 7, "HYBAS_L12": 4120049300.0, "Shape_Length": 0.018898057941419168 }, "geometry": { "type": "MultiLineString", "coordinates": [ [ [ 80.062499999999687, 8.799999999999891 ], [ 80.056249999999778, 8.793749999999854 ], [ 80.052083333332945, 8.793749999999854 ], [ 80.047916666666396, 8.789583333333205 ] ] ] } },
{ "type": "Feature", "properties": { "HYRIV_ID": 41397940, "NEXT_DOWN": 41397866, "MAIN_RIV": 41397865, "LENGTH_KM": 3.79, "DIST_DN_KM": 13.0, "DIST_UP_KM": 148.5, "CATCH_SKM": 12.3, "UPLAND_SKM": 3237.2, "ENDORHEIC": 0, "DIS_AV_CMS": 32.000999, "ORD_STRA": 4, "ORD_CLAS": 1, "ORD_FLOW": 5, "HYBAS_L12": 4120049300.0, "Shape_Length": 0.034344336196358405 }, "geometry": { "type": "MultiLineString", "coordinates": [ [ [ 80.047916666666396, 8.789583333333205 ], [ 80.039583333332956, 8.789583333333205 ], [ 80.035416666666407, 8.785416666666542 ], [ 80.031249999999744, 8.785416666666542 ], [ 80.027083333333024, 8.789583333333205 ], [ 80.027083333333024, 8.793749999999854 ], [ 80.022916666666362, 8.797916666666517 ] ] ] } },
{ "type": "Feature", "properties": { "HYRIV_ID": 41397941, "NEXT_DOWN": 41397940, "MAIN_RIV": 41397865, "LENGTH_KM": 0.65, "DIST_DN_KM": 16.8, "DIST_UP_KM": 144.7, "CATCH_SKM": 0.42, "UPLAND_SKM": 3212.6001, "ENDORHEIC": 0, "DIS_AV_CMS": 32.391998, "ORD_STRA": 4, "ORD_CLAS": 1, "ORD_FLOW": 5, "HYBAS_L12": 4121600650.0, "Shape_Length": 0.0058925565098021477 }, "geometry": { "type": "MultiLineString", "coordinates": [ [ [ 80.052083333332945, 8.785416666666542 ], [ 80.047916666666396, 8.789583333333205 ] ] ] } },
{ "type": "Feature", "properties": { "HYRIV_ID": 41397942, "NEXT_DOWN": 41397941, "MAIN_RIV": 41397865, "LENGTH_KM": 1.37, "DIST_DN_KM": 17.3, "DIST_UP_KM": 144.2, "CATCH_SKM": 1.7, "UPLAND_SKM": 3167.8, "ENDORHEIC": 0, "DIS_AV_CMS": 32.070999, "ORD_STRA": 4, "ORD_CLAS": 1, "ORD_FLOW": 5, "HYBAS_L12": 4121600650.0, "Shape_Length": 0.012500000000045475 }, "geometry": { "type": "MultiLineString", "coordinates": [ [ [ 80.06458333333299, 8.785416666666542 ], [ 80.052083333332945, 8.785416666666542 ] ] ] } },
{ "type": "Feature", "properties": { "HYRIV_ID": 41397943, "NEXT_DOWN": 41397942, "MAIN_RIV": 41397865, "LENGTH_KM": 4.5100002, "DIST_DN_KM": 18.6, "DIST_UP_KM": 142.89999, "CATCH_SKM": 9.33, "UPLAND_SKM": 3150.3999, "ENDORHEIC": 0, "DIS_AV_CMS": 32.173, "ORD_STRA": 4, "ORD_CLAS": 1, "ORD_FLOW": 5, "HYBAS_L12": 4121600650.0, "Shape_Length": 0.040951779686395164 }, "geometry": { "type": "MultiLineString", "coordinates": [ [ [ 80.102083333332956, 8.793749999999854 ], [ 80.093749999999631, 8.793749999999854 ], [ 80.089583333332968, 8.789583333333205 ], [ 80.085416666666305, 8.789583333333205 ], [ 80.081249999999642, 8.785416666666542 ], [ 80.06458333333299, 8.785416666666542 ] ] ] } },
{ "type": "Feature", "properties": { "HYRIV_ID": 41398001, "NEXT_DOWN": 41397942, "MAIN_RIV": 41397865, "LENGTH_KM": 1.8, "DIST_DN_KM": 18.700001, "DIST_UP_KM": 7.2, "CATCH_SKM": 15.7, "UPLAND_SKM": 15.7, "ENDORHEIC": 0, "DIS_AV_CMS": 0.144, "ORD_STRA": 1, "ORD_CLAS": 2, "ORD_FLOW": 7, "HYBAS_L12": 4121600650.0, "Shape_Length": 0.016309223176574753 }, "geometry": { "type": "MultiLineString", "coordinates": [ [ [ 80.074999999999676, 8.777083333333231 ], [ 80.068749999999596, 8.777083333333231 ], [ 80.06458333333299, 8.781249999999879 ], [ 80.06458333333299, 8.785416666666542 ] ] ] } },
{ "type": "Feature", "properties": { "HYRIV_ID": 41398102, "NEXT_DOWN": 41397943, "MAIN_RIV": 41397865, "LENGTH_KM": 7.77, "DIST_DN_KM": 23.3, "DIST_UP_KM": 138.2, "CATCH_SKM": 45.400002, "UPLAND_SKM": 3099.8999, "ENDORHEIC": 0, "DIS_AV_CMS": 32.495998, "ORD_STRA": 4, "ORD_CLAS": 1, "ORD_FLOW": 5, "HYBAS_L12": 4121600650.0, "Shape_Length": 0.07041456223593158 }, "geometry": { "type": "MultiLineString", "coordinates": [ [ [ 80.156249999999687, 8.760416666666551 ], [ 80.156249999999687, 8.764583333333213 ], [ 80.147916666666362, 8.772916666666525 ], [ 80.143749999999699, 8.772916666666525 ], [ 80.139583333333036, 8.777083333333231 ], [ 80.12708333333299, 8.777083333333231 ], [ 80.114583333333002, 8.789583333333205 ], [ 80.106249999999619, 8.789583333333205 ], [ 80.102083333332956, 8.793749999999854 ] ] ] } },
{ "type": "Feature", "properties": { "HYRIV_ID": 41398131, "NEXT_DOWN": 41397888, "MAIN_RIV": 41397865, "LENGTH_KM": 5.1500001, "DIST_DN_KM": 7.6, "DIST_UP_KM": 11.0, "CATCH_SKM": 25.25, "UPLAND_SKM": 25.200001, "ENDORHEIC": 0, "DIS_AV_CMS": 0.24, "ORD_STRA": 1, "ORD_CLAS": 2, "ORD_FLOW": 7, "HYBAS_L12": 4120049300.0, "Shape_Length": 0.04648689270626296 }, "geometry": { "type": "MultiLineString", "coordinates": [ [ [ 79.993749999999665, 8.754166666666514 ], [ 79.993749999999665, 8.768749999999862 ], [ 79.989583333333002, 8.772916666666525 ], [ 79.989583333333002, 8.777083333333231 ], [ 79.977083333332956, 8.789583333333205 ], [ 79.977083333332956, 8.793749999999854 ] ] ] } },
{ "type": "Feature", "properties": { "HYRIV_ID": 41398151, "NEXT_DOWN": 41398102, "MAIN_RIV": 41397865, "LENGTH_KM": 1.16, "DIST_DN_KM": 30.9, "DIST_UP_KM": 7.0, "CATCH_SKM": 17.82, "UPLAND_SKM": 17.8, "ENDORHEIC": 0, "DIS_AV_CMS": 0.164, "ORD_STRA": 1, "ORD_CLAS": 2, "ORD_FLOW": 7, "HYBAS_L12": 4121600650.0, "Shape_Length": 0.010416666666685614 }, "geometry": { "type": "MultiLineString", "coordinates": [ [ [ 80.156249999999687, 8.749999999999865 ], [ 80.156249999999687, 8.760416666666551 ] ] ] } },
{ "type": "Feature", "properties": { "HYRIV_ID": 41398201, "NEXT_DOWN": 41398102, "MAIN_RIV": 41397865, "LENGTH_KM": 3.06, "DIST_DN_KM": 31.1, "DIST_UP_KM": 130.39999, "CATCH_SKM": 8.9099998, "UPLAND_SKM": 3036.7, "ENDORHEIC": 0, "DIS_AV_CMS": 33.112999, "ORD_STRA": 4, "ORD_CLAS": 1, "ORD_FLOW": 5, "HYBAS_L12": 4121600650.0, "Shape_Length": 0.027736892706139625 }, "geometry": { "type": "MultiLineString", "coordinates": [ [ [ 80.177083333332945, 8.743749999999871 ], [ 80.168749999999619, 8.752083333333196 ], [ 80.16458333333307, 8.752083333333196 ], [ 80.156249999999687, 8.760416666666551 ] ] ] } },
{ "type": "Feature", "properties": { "HYRIV_ID": 41398202, "NEXT_DOWN": 41398201, "MAIN_RIV": 41397865, "LENGTH_KM": 0.46, "DIST_DN_KM": 34.0, "DIST_UP_KM": 127.5, "CATCH_SKM": 1.06, "UPLAND_SKM": 3009.1001, "ENDORHEIC": 0, "DIS_AV_CMS": 33.279999, "ORD_STRA": 4, "ORD_CLAS": 1, "ORD_FLOW": 5, "HYBAS_L12": 4121600680.0, "Shape_Length": 0.0041666666667765639 }, "geometry": { "type": "MultiLineString", "coordinates": [ [ [ 80.181249999999721, 8.743749999999871 ], [ 80.177083333332945, 8.743749999999871 ] ] ] } },
{ "type": "Feature", "properties": { "HYRIV_ID": 41398203, "NEXT_DOWN": 41398202, "MAIN_RIV": 41397865, "LENGTH_KM": 1.15, "DIST_DN_KM": 34.400002, "DIST_UP_KM": 9.6, "CATCH_SKM": 20.370001, "UPLAND_SKM": 20.4, "ENDORHEIC": 0, "DIS_AV_CMS": 0.18700001, "ORD_STRA": 1, "ORD_CLAS": 2, "ORD_FLOW": 7, "HYBAS_L12": 4121600680.0, "Shape_Length": 0.010416666666543506 }, "geometry": { "type": "MultiLineString", "coordinates": [ [ [ 80.185416666666271, 8.749999999999865 ], [ 80.185416666666271, 8.743749999999871 ], [ 80.181249999999721, 8.743749999999871 ] ] ] } },
{ "type": "Feature", "properties": { "HYRIV_ID": 41398268, "NEXT_DOWN": 41397941, "MAIN_RIV": 41397865, "LENGTH_KM": 8.7700005, "DIST_DN_KM": 17.3, "DIST_UP_KM": 14.3, "CATCH_SKM": 44.34, "UPLAND_SKM": 44.3, "ENDORHEIC": 0, "DIS_AV_CMS": 0.405, "ORD_STRA": 1, "ORD_CLAS": 2, "ORD_FLOW": 7, "HYBAS_L12": 4121600650.0, "Shape_Length": 0.079253397000606671 }, "geometry": { "type": "MultiLineString", "coordinates": [ [ [ 80.087499999999721, 8.729166666666522 ], [ 80.081249999999642, 8.735416666666559 ], [ 80.077083333332979, 8.735416666666559 ], [ 80.068749999999596, 8.743749999999871 ], [ 80.06458333333299, 8.743749999999871 ], [ 80.060416666666271, 8.747916666666534 ], [ 80.060416666666271, 8.756249999999845 ], [ 80.047916666666396, 8.768749999999862 ], [ 80.047916666666396, 8.772916666666525 ], [ 80.052083333332945, 8.777083333333231 ], [ 80.052083333332945, 8.785416666666542 ] ] ] } },
{ "type": "Feature", "properties": { "HYRIV_ID": 41398269, "NEXT_DOWN": 41398202, "MAIN_RIV": 41397865, "LENGTH_KM": 2.22, "DIST_DN_KM": 34.599998, "DIST_UP_KM": 126.9, "CATCH_SKM": 4.0300002, "UPLAND_SKM": 2987.7, "ENDORHEIC": 0, "DIS_AV_CMS": 33.167, "ORD_STRA": 4, "ORD_CLAS": 1, "ORD_FLOW": 5, "HYBAS_L12": 4121600680.0, "Shape_Length": 0.020118446352976427 }, "geometry": { "type": "MultiLineString", "coordinates": [ [ [ 80.193749999999596, 8.731249999999854 ], [ 80.189583333333104, 8.731249999999854 ], [ 80.185416666666271, 8.735416666666559 ], [ 80.185416666666271, 8.739583333333208 ], [ 80.181249999999721, 8.743749999999871 ] ] ] } },
{ "type": "Feature", "properties": { "HYRIV_ID": 41398270, "NEXT_DOWN": 41398269, "MAIN_RIV": 41397865, "LENGTH_KM": 3.85, "DIST_DN_KM": 36.700001, "DIST_UP_KM": 8.6, "CATCH_SKM": 19.73, "UPLAND_SKM": 19.700001, "ENDORHEIC": 0, "DIS_AV_CMS": 0.183, "ORD_STRA": 1, "ORD_CLAS": 2, "ORD_FLOW": 7, "HYBAS_L12": 4121600680.0, "Shape_Length": 0.03484983762792019 }, "geometry": { "type": "MultiLineString", "coordinates": [ [ [ 80.216666666666384, 8.754166666666514 ], [ 80.206249999999642, 8.743749999999871 ], [ 80.202083333332979, 8.743749999999871 ], [ 80.193749999999596, 8.735416666666559 ], [ 80.193749999999596, 8.731249999999854 ] ] ] } },
{ "type": "Feature", "properties": { "HYRIV_ID": 41398294, "NEXT_DOWN": 41398269, "MAIN_RIV": 41397865, "LENGTH_KM": 0.65, "DIST_DN_KM": 36.900002, "DIST_UP_KM": 124.6, "CATCH_SKM": 1.49, "UPLAND_SKM": 2963.8999, "ENDORHEIC": 0, "DIS_AV_CMS": 33.282001, "ORD_STRA": 4, "ORD_CLAS": 1, "ORD_FLOW": 5, "HYBAS_L12": 4121600680.0, "Shape_Length": 0.005892556509922731 }, "geometry": { "type": "MultiLineString", "coordinates": [ [ [ 80.197916666666316, 8.727083333333191 ], [ 80.193749999999596, 8.731249999999854 ] ] ] } },
{ "type": "Feature", "properties": { "HYRIV_ID": 41398295, "NEXT_DOWN": 41398294, "MAIN_RIV": 41397865, "LENGTH_KM": 5.87, "DIST_DN_KM": 37.3, "DIST_UP_KM": 10.2, "CATCH_SKM": 23.969999, "UPLAND_SKM": 24.0, "ENDORHEIC": 0, "DIS_AV_CMS": 0.22400001, "ORD_STRA": 1, "ORD_CLAS": 2, "ORD_FLOW": 7, "HYBAS_L12": 4121600680.0, "Shape_Length": 0.053242394137788918 }, "geometry": { "type": "MultiLineString", "coordinates": [ [ [ 80.241666666666418, 8.749999999999865 ], [ 80.235416666666282, 8.743749999999871 ], [ 80.222916666666293, 8.743749999999871 ], [ 80.218749999999631, 8.739583333333208 ], [ 80.214583333332968, 8.739583333333208 ], [ 80.202083333332979, 8.727083333333191 ], [ 80.197916666666316, 8.727083333333191 ] ] ] } },
{ "type": "Feature", "properties": { "HYRIV_ID": 41398399, "NEXT_DOWN": 41398294, "MAIN_RIV": 41397865, "LENGTH_KM": 2.4200001, "DIST_DN_KM": 37.5, "DIST_UP_KM": 124.0, "CATCH_SKM": 7.64, "UPLAND_SKM": 2938.5, "ENDORHEIC": 0, "DIS_AV_CMS": 33.126999, "ORD_STRA": 4, "ORD_CLAS": 1, "ORD_FLOW": 5, "HYBAS_L12": 4121600680.0, "Shape_Length": 0.021844336196320535 }, "geometry": { "type": "MultiLineString", "coordinates": [ [ [ 80.210416666666305, 8.710416666666525 ], [ 80.202083333332979, 8.718749999999879 ], [ 80.202083333332979, 8.722916666666542 ], [ 80.197916666666316, 8.727083333333191 ] ] ] } },
{ "type": "Feature", "properties": { "HYRIV_ID": 41398400, "NEXT_DOWN": 41398399, "MAIN_RIV": 41397865, "LENGTH_KM": 5.6799998, "DIST_DN_KM": 39.900002, "DIST_UP_KM": 11.8, "CATCH_SKM": 27.790001, "UPLAND_SKM": 27.8, "ENDORHEIC": 0, "DIS_AV_CMS": 0.264, "ORD_STRA": 1, "ORD_CLAS": 2, "ORD_FLOW": 7, "HYBAS_L12": 4121600680.0, "Shape_Length": 0.051516504294505522 }, "geometry": { "type": "MultiLineString", "coordinates": [ [ [ 80.254166666666293, 8.716666666666548 ], [ 80.247916666666328, 8.722916666666542 ], [ 80.235416666666282, 8.722916666666542 ], [ 80.231249999999619, 8.718749999999879 ], [ 80.222916666666293, 8.718749999999879 ], [ 80.218749999999631, 8.714583333333174 ], [ 80.214583333332968, 8.714583333333174 ], [ 80.210416666666305, 8.710416666666525 ] ] ] } },
{ "type": "Feature", "properties": { "HYRIV_ID": 41398401, "NEXT_DOWN": 41398431, "MAIN_RIV": 41397865, "LENGTH_KM": 8.3800001, "DIST_DN_KM": 79.099998, "DIST_UP_KM": 11.9, "CATCH_SKM": 33.52, "UPLAND_SKM": 33.5, "ENDORHEIC": 0, "DIS_AV_CMS": 0.427, "ORD_STRA": 1, "ORD_CLAS": 3, "ORD_FLOW": 7, "HYBAS_L12": 4121600750.0, "Shape_Length": 0.075949675255610472 }, "geometry": { "type": "MultiLineString", "coordinates": [ [ [ 80.545833333332922, 8.714583333333174 ], [ 80.539583333333013, 8.714583333333174 ], [ 80.53541666666635, 8.718749999999879 ], [ 80.531249999999687, 8.718749999999879 ], [ 80.522916666666305, 8.727083333333191 ], [ 80.518749999999642, 8.722916666666542 ], [ 80.514583333332979, 8.727083333333191 ], [ 80.506249999999653, 8.727083333333191 ], [ 80.50208333333299, 8.722916666666542 ], [ 80.497916666666271, 8.722916666666542 ], [ 80.485416666666282, 8.710416666666525 ] ] ] } },
{ "type": "Feature", "properties": { "HYRIV_ID": 41398428, "NEXT_DOWN": 41398201, "MAIN_RIV": 41397865, "LENGTH_KM": 5.25, "DIST_DN_KM": 34.0, "DIST_UP_KM": 10.9, "CATCH_SKM": 18.67, "UPLAND_SKM": 18.700001, "ENDORHEIC": 0, "DIS_AV_CMS": 0.173, "ORD_STRA": 1, "ORD_CLAS": 2, "ORD_FLOW": 7, "HYBAS_L12": 4121600680.0, "Shape_Length": 0.047349837627655884 }, "geometry": { "type": "MultiLineString", "coordinates": [ [ [ 80.166666666666316, 8.704166666666531 ], [ 80.177083333332945, 8.714583333333174 ], [ 80.177083333332945, 8.718749999999879 ], [ 80.172916666666396, 8.722916666666542 ], [ 80.177083333332945, 8.727083333333191 ], [ 80.177083333332945, 8.743749999999871 ] ] ] } },
{ "type": "Feature", "properties": { "HYRIV_ID": 41398429, "NEXT_DOWN": 41398399, "MAIN_RIV": 41397865, "LENGTH_KM": 0.69, "DIST_DN_KM": 39.700001, "DIST_UP_KM": 7.0, "CATCH_SKM": 11.46, "UPLAND_SKM": 11.5, "ENDORHEIC": 0, "DIS_AV_CMS": 0.109, "ORD_STRA": 1, "ORD_CLAS": 3, "ORD_FLOW": 7, "HYBAS_L12": 4121600680.0, "Shape_Length": 0.0062499999999943157 }, "geometry": { "type": "MultiLineString", "coordinates": [ [ [ 80.210416666666305, 8.704166666666531 ], [ 80.210416666666305, 8.710416666666525 ] ] ] } },
{ "type": "Feature", "properties": { "HYRIV_ID": 41398430, "NEXT_DOWN": 41398507, "MAIN_RIV": 41397865, "LENGTH_KM": 1.81, "DIST_DN_KM": 73.800003, "DIST_UP_KM": 5.8, "CATCH_SKM": 13.15, "UPLAND_SKM": 13.2, "ENDORHEIC": 0, "DIS_AV_CMS": 0.151, "ORD_STRA": 1, "ORD_CLAS": 4, "ORD_FLOW": 7, "HYBAS_L12": 4121600750.0, "Shape_Length": 0.016309223176692898 }, "geometry": { "type": "MultiLineString", "coordinates": [ [ [ 80.44791666666643, 8.720833333333211 ], [ 80.44791666666643, 8.714583333333174 ], [ 80.443749999999596, 8.710416666666525 ], [ 80.443749999999596, 8.706249999999862 ] ] ] } },
{ "type": "Feature", "properties": { "HYRIV_ID": 41398431, "NEXT_DOWN": 41398507, "MAIN_RIV": 41397865, "LENGTH_KM": 5.1599998, "DIST_DN_KM": 73.800003, "DIST_UP_KM": 17.3, "CATCH_SKM": 20.370001, "UPLAND_SKM": 76.199997, "ENDORHEIC": 0, "DIS_AV_CMS": 0.93199998, "ORD_STRA": 2, "ORD_CLAS": 3, "ORD_FLOW": 7, "HYBAS_L12": 4121600750.0, "Shape_Length": 0.046844336196307845 }, "geometry": { "type": "MultiLineString", "coordinates": [ [ [ 80.485416666666282, 8.710416666666525 ], [ 80.481249999999619, 8.710416666666525 ], [ 80.477083333332956, 8.714583333333174 ], [ 80.472916666666293, 8.710416666666525 ], [ 80.456249999999642, 8.710416666666525 ], [ 80.452083333332922, 8.706249999999862 ], [ 80.443749999999596, 8.706249999999862 ] ] ] } },
{ "type": "Feature", "properties": { "HYRIV_ID": 41398459, "NEXT_DOWN": 41398480, "MAIN_RIV": 41397865, "LENGTH_KM": 8.87, "DIST_DN_KM": 57.3, "DIST_UP_KM": 13.2, "CATCH_SKM": 46.459999, "UPLAND_SKM": 46.5, "ENDORHEIC": 0, "DIS_AV_CMS": 0.47, "ORD_STRA": 1, "ORD_CLAS": 3, "ORD_FLOW": 7, "HYBAS_L12": 4121155600.0, "Shape_Length": 0.080116341922371104 }, "geometry": { "type": "MultiLineString", "coordinates": [ [ [ 80.362499999999699, 8.752083333333196 ], [ 80.356249999999619, 8.752083333333196 ], [ 80.352083333332956, 8.747916666666534 ], [ 80.347916666666293, 8.752083333333196 ], [ 80.339583333332968, 8.743749999999871 ], [ 80.339583333332968, 8.735416666666559 ], [ 80.343749999999631, 8.731249999999854 ], [ 80.343749999999631, 8.722916666666542 ], [ 80.339583333332968, 8.718749999999879 ], [ 80.339583333332968, 8.714583333333174 ], [ 80.343749999999631, 8.710416666666525 ], [ 80.335416666666305, 8.702083333333199 ] ] ] } },
{ "type": "Feature", "properties": { "HYRIV_ID": 41398460, "NEXT_DOWN": 41398481, "MAIN_RIV": 41397865, "LENGTH_KM": 7.46, "DIST_DN_KM": 60.700001, "DIST_UP_KM": 11.4, "CATCH_SKM": 41.369999, "UPLAND_SKM": 41.400002, "ENDORHEIC": 0, "DIS_AV_CMS": 0.443, "ORD_STRA": 1, "ORD_CLAS": 3, "ORD_FLOW": 7, "HYBAS_L12": 4121155600.0, "Shape_Length": 0.067468283980960164 }, "geometry": { "type": "MultiLineString", "coordinates": [ [ [ 80.404166666666271, 8.745833333333202 ], [ 80.393749999999642, 8.735416666666559 ], [ 80.393749999999642, 8.731249999999854 ], [ 80.389583333332979, 8.727083333333191 ], [ 80.389583333332979, 8.722916666666542 ], [ 80.385416666666316, 8.718749999999879 ], [ 80.385416666666316, 8.710416666666525 ], [ 80.381249999999653, 8.706249999999862 ], [ 80.372916666666328, 8.706249999999862 ], [ 80.368749999999665, 8.702083333333199 ], [ 80.364583333332945, 8.702083333333199 ] ] ] } },
{ "type": "Feature", "properties": { "HYRIV_ID": 41398479, "NEXT_DOWN": 41398603, "MAIN_RIV": 41397865, "LENGTH_KM": 1.4400001, "DIST_DN_KM": 53.3, "DIST_UP_KM": 6.8, "CATCH_SKM": 19.1, "UPLAND_SKM": 19.1, "ENDORHEIC": 0, "DIS_AV_CMS": 0.189, "ORD_STRA": 1, "ORD_CLAS": 3, "ORD_FLOW": 7, "HYBAS_L12": 4121155600.0, "Shape_Length": 0.013005501431492568 }, "geometry": { "type": "MultiLineString", "coordinates": [ [ [ 80.308333333332968, 8.708333333333194 ], [ 80.302083333332945, 8.702083333333199 ], [ 80.302083333332945, 8.697916666666551 ] ] ] } },
{ "type": "Feature", "properties": { "HYRIV_ID": 41398480, "NEXT_DOWN": 41398603, "MAIN_RIV": 41397865, "LENGTH_KM": 3.86, "DIST_DN_KM": 53.3, "DIST_UP_KM": 43.200001, "CATCH_SKM": 14.64, "UPLAND_SKM": 456.20001, "ENDORHEIC": 0, "DIS_AV_CMS": 4.994, "ORD_STRA": 3, "ORD_CLAS": 2, "ORD_FLOW": 6, "HYBAS_L12": 4121155600.0, "Shape_Length": 0.035059223176536175 }, "geometry": { "type": "MultiLineString", "coordinates": [ [ [ 80.335416666666305, 8.702083333333199 ], [ 80.314583333333047, 8.702083333333199 ], [ 80.310416666666271, 8.697916666666551 ], [ 80.302083333332945, 8.697916666666551 ] ] ] } },
{ "type": "Feature", "properties": { "HYRIV_ID": 41398481, "NEXT_DOWN": 41398480, "MAIN_RIV": 41397865, "LENGTH_KM": 3.59, "DIST_DN_KM": 57.3, "DIST_UP_KM": 39.200001, "CATCH_SKM": 11.25, "UPLAND_SKM": 395.10001, "ENDORHEIC": 0, "DIS_AV_CMS": 4.4619999, "ORD_STRA": 3, "ORD_CLAS": 2, "ORD_FLOW": 6, "HYBAS_L12": 4121155600.0, "Shape_Length": 0.032618446353059362 }, "geometry": { "type": "MultiLineString", "coordinates": [ [ [ 80.364583333332945, 8.702083333333199 ], [ 80.360416666666282, 8.697916666666551 ], [ 80.339583333332968, 8.697916666666551 ], [ 80.335416666666305, 8.702083333333199 ] ] ] } },
{ "type": "Feature", "properties": { "HYRIV_ID": 41398507, "NEXT_DOWN": 41398585, "MAIN_RIV": 41397865, "LENGTH_KM": 1.95, "DIST_DN_KM": 72.0, "DIST_UP_KM": 19.1, "CATCH_SKM": 1.91, "UPLAND_SKM": 91.199997, "ENDORHEIC": 0, "DIS_AV_CMS": 1.098, "ORD_STRA": 2, "ORD_CLAS": 3, "ORD_FLOW": 6, "HYBAS_L12": 4121600750.0, "Shape_Length": 0.017677669529637563 }, "geometry": { "type": "MultiLineString", "coordinates": [ [ [ 80.443749999999596, 8.706249999999862 ], [ 80.431249999999608, 8.693749999999888 ] ] ] } },
{ "type": "Feature", "properties": { "HYRIV_ID": 41398525, "NEXT_DOWN": 41398399, "MAIN_RIV": 41397865, "LENGTH_KM": 3.07, "DIST_DN_KM": 39.900002, "DIST_UP_KM": 121.6, "CATCH_SKM": 9.5500002, "UPLAND_SKM": 2891.6001, "ENDORHEIC": 0, "DIS_AV_CMS": 33.013, "ORD_STRA": 4, "ORD_CLAS": 1, "ORD_FLOW": 5, "HYBAS_L12": 4121600680.0, "Shape_Length": 0.027736892706213122 }, "geometry": { "type": "MultiLineString", "coordinates": [ [ [ 80.227083333332956, 8.689583333333182 ], [ 80.222916666666293, 8.693749999999888 ], [ 80.222916666666293, 8.697916666666551 ], [ 80.210416666666305, 8.710416666666525 ] ] ] } },
{ "type": "Feature", "properties": { "HYRIV_ID": 41398542, "NEXT_DOWN": 41398431, "MAIN_RIV": 41397865, "LENGTH_KM": 5.23, "DIST_DN_KM": 79.099998, "DIST_UP_KM": 8.5, "CATCH_SKM": 22.280001, "UPLAND_SKM": 22.3, "ENDORHEIC": 0, "DIS_AV_CMS": 0.28, "ORD_STRA": 1, "ORD_CLAS": 4, "ORD_FLOW": 7, "HYBAS_L12": 4121600750.0, "Shape_Length": 0.047349837627811787 }, "geometry": { "type": "MultiLineString", "coordinates": [ [ [ 80.516666666666282, 8.683333333333202 ], [ 80.506249999999653, 8.693749999999888 ], [ 80.493749999999665, 8.693749999999888 ], [ 80.489583333332945, 8.697916666666551 ], [ 80.489583333332945, 8.706249999999862 ], [ 80.485416666666282, 8.710416666666525 ] ] ] } },
{ "type": "Feature", "properties": { "HYRIV_ID": 41398562, "NEXT_DOWN": 41398481, "MAIN_RIV": 41397865, "LENGTH_KM": 3.34, "DIST_DN_KM": 60.900002, "DIST_UP_KM": 35.599998, "CATCH_SKM": 5.3, "UPLAND_SKM": 342.5, "ENDORHEIC": 0, "DIS_AV_CMS": 3.9690001, "ORD_STRA": 3, "ORD_CLAS": 2, "ORD_FLOW": 6, "HYBAS_L12": 4121155600.0, "Shape_Length": 0.030177669529698969 }, "geometry": { "type": "MultiLineString", "coordinates": [ [ [ 80.372916666666328, 8.681249999999871 ], [ 80.372916666666328, 8.685416666666534 ], [ 80.37708333333299, 8.689583333333182 ], [ 80.37708333333299, 8.693749999999888 ], [ 80.372916666666328, 8.697916666666551 ], [ 80.368749999999665, 8.697916666666551 ], [ 80.364583333332945, 8.702083333333199 ] ] ] } },
{ "type": "Feature", "properties": { "HYRIV_ID": 41398582, "NEXT_DOWN": 41398525, "MAIN_RIV": 41397865, "LENGTH_KM": 2.28, "DIST_DN_KM": 43.0, "DIST_UP_KM": 7.1, "CATCH_SKM": 18.459999, "UPLAND_SKM": 18.5, "ENDORHEIC": 0, "DIS_AV_CMS": 0.177, "ORD_STRA": 1, "ORD_CLAS": 2, "ORD_FLOW": 7, "HYBAS_L12": 4121600680.0, "Shape_Length": 0.020623947784558734 }, "geometry": { "type": "MultiLineString", "coordinates": [ [ [ 80.212499999999665, 8.674999999999876 ], [ 80.227083333332956, 8.689583333333182 ] ] ] } },
{ "type": "Feature", "properties": { "HYRIV_ID": 41398583, "NEXT_DOWN": 41398525, "MAIN_RIV": 41397865, "LENGTH_KM": 1.77, "DIST_DN_KM": 43.0, "DIST_UP_KM": 118.5, "CATCH_SKM": 8.7, "UPLAND_SKM": 2863.6001, "ENDORHEIC": 0, "DIS_AV_CMS": 33.153999, "ORD_STRA": 4, "ORD_CLAS": 1, "ORD_FLOW": 5, "HYBAS_L12": 4121600680.0, "Shape_Length": 0.015951779686417901 }, "geometry": { "type": "MultiLineString", "coordinates": [ [ [ 80.235416666666282, 8.677083333333208 ], [ 80.235416666666282, 8.681249999999871 ], [ 80.227083333332956, 8.689583333333182 ] ] ] } },
{ "type": "Feature", "properties": { "HYRIV_ID": 41398584, "NEXT_DOWN": 41398562, "MAIN_RIV": 41397865, "LENGTH_KM": 4.7, "DIST_DN_KM": 64.199997, "DIST_UP_KM": 32.200001, "CATCH_SKM": 13.58, "UPLAND_SKM": 315.5, "ENDORHEIC": 0, "DIS_AV_CMS": 3.7260001, "ORD_STRA": 3, "ORD_CLAS": 2, "ORD_FLOW": 6, "HYBAS_L12": 4121600780.0, "Shape_Length": 0.042677669529681717 }, "geometry": { "type": "MultiLineString", "coordinates": [ [ [ 80.41041666666635, 8.677083333333208 ], [ 80.393749999999642, 8.677083333333208 ], [ 80.389583333332979, 8.681249999999871 ], [ 80.385416666666316, 8.681249999999871 ], [ 80.381249999999653, 8.677083333333208 ], [ 80.37708333333299, 8.677083333333208 ], [ 80.372916666666328, 8.681249999999871 ] ] ] } },
{ "type": "Feature", "properties": { "HYRIV_ID": 41398585, "NEXT_DOWN": 41398584, "MAIN_RIV": 41397865, "LENGTH_KM": 3.06, "DIST_DN_KM": 68.699997, "DIST_UP_KM": 27.700001, "CATCH_SKM": 14.64, "UPLAND_SKM": 233.0, "ENDORHEIC": 0, "DIS_AV_CMS": 2.8329999, "ORD_STRA": 3, "ORD_CLAS": 2, "ORD_FLOW": 6, "HYBAS_L12": 4121600780.0, "Shape_Length": 0.027736892706172928 }, "geometry": { "type": "MultiLineString", "coordinates": [ [ [ 80.431249999999608, 8.693749999999888 ], [ 80.414583333333013, 8.677083333333208 ], [ 80.41041666666635, 8.677083333333208 ] ] ] } },
{ "type": "Feature", "properties": { "HYRIV_ID": 41398602, "NEXT_DOWN": 41398583, "MAIN_RIV": 41397865, "LENGTH_KM": 1.5700001, "DIST_DN_KM": 44.599998, "DIST_UP_KM": 51.900002, "CATCH_SKM": 2.76, "UPLAND_SKM": 642.29999, "ENDORHEIC": 0, "DIS_AV_CMS": 6.71, "ORD_STRA": 3, "ORD_CLAS": 2, "ORD_FLOW": 6, "HYBAS_L12": 4121155570.0, "Shape_Length": 0.014225889843238436 }, "geometry": { "type": "MultiLineString", "coordinates": [ [ [ 80.247916666666328, 8.672916666666559 ], [ 80.243749999999665, 8.672916666666559 ], [ 80.239583333332945, 8.677083333333208 ], [ 80.235416666666282, 8.677083333333208 ] ] ] } },
{ "type": "Feature", "properties": { "HYRIV_ID": 41398603, "NEXT_DOWN": 41398602, "MAIN_RIV": 41397865, "LENGTH_KM": 7.12, "DIST_DN_KM": 46.099998, "DIST_UP_KM": 50.3, "CATCH_SKM": 23.34, "UPLAND_SKM": 498.70001, "ENDORHEIC": 0, "DIS_AV_CMS": 5.263, "ORD_STRA": 3, "ORD_CLAS": 2, "ORD_FLOW": 6, "HYBAS_L12": 4121155600.0, "Shape_Length": 0.064522005725978715 }, "geometry": { "type": "MultiLineString", "coordinates": [ [ [ 80.302083333332945, 8.697916666666551 ], [ 80.293749999999733, 8.689583333333182 ], [ 80.28541666666635, 8.689583333333182 ], [ 80.277083333333024, 8.681249999999871 ], [ 80.272916666666362, 8.681249999999871 ], [ 80.268749999999699, 8.677083333333208 ], [ 80.260416666666316, 8.677083333333208 ], [ 80.256249999999653, 8.672916666666559 ], [ 80.247916666666328, 8.672916666666559 ] ] ] } },
{ "type": "Feature", "properties": { "HYRIV_ID": 41398646, "NEXT_DOWN": 41398562, "MAIN_RIV": 41397865, "LENGTH_KM": 4.48, "DIST_DN_KM": 64.0, "DIST_UP_KM": 8.1, "CATCH_SKM": 21.65, "UPLAND_SKM": 21.6, "ENDORHEIC": 0, "DIS_AV_CMS": 0.237, "ORD_STRA": 1, "ORD_CLAS": 3, "ORD_FLOW": 7, "HYBAS_L12": 4121600780.0, "Shape_Length": 0.040594336196393917 }, "geometry": { "type": "MultiLineString", "coordinates": [ [ [ 80.385416666666316, 8.662499999999859 ], [ 80.385416666666316, 8.668749999999854 ], [ 80.372916666666328, 8.668749999999854 ], [ 80.364583333332945, 8.677083333333208 ], [ 80.368749999999665, 8.681249999999871 ], [ 80.372916666666328, 8.681249999999871 ] ] ] } },
{ "type": "Feature", "properties": { "HYRIV_ID": 41398687, "NEXT_DOWN": 41398699, "MAIN_RIV": 41397865, "LENGTH_KM": 5.2, "DIST_DN_KM": 53.700001, "DIST_UP_KM": 9.4, "CATCH_SKM": 18.889999, "UPLAND_SKM": 18.9, "ENDORHEIC": 0, "DIS_AV_CMS": 0.196, "ORD_STRA": 1, "ORD_CLAS": 4, "ORD_FLOW": 7, "HYBAS_L12": 4121155620.0, "Shape_Length": 0.047201779686367656 }, "geometry": { "type": "MultiLineString", "coordinates": [ [ [ 80.337499999999665, 8.660416666666542 ], [ 80.331249999999642, 8.660416666666542 ], [ 80.327083333332922, 8.664583333333191 ], [ 80.302083333332945, 8.664583333333191 ], [ 80.297916666666396, 8.660416666666542 ], [ 80.297916666666396, 8.656249999999879 ] ] ] } },
{ "type": "Feature", "properties": { "HYRIV_ID": 41398699, "NEXT_DOWN": 41398602, "MAIN_RIV": 41397865, "LENGTH_KM": 7.58, "DIST_DN_KM": 46.099998, "DIST_UP_KM": 32.0, "CATCH_SKM": 17.83, "UPLAND_SKM": 140.89999, "ENDORHEIC": 0, "DIS_AV_CMS": 1.466, "ORD_STRA": 2, "ORD_CLAS": 3, "ORD_FLOW": 6, "HYBAS_L12": 4121155620.0, "Shape_Length": 0.068688672392727856 }, "geometry": { "type": "MultiLineString", "coordinates": [ [ [ 80.297916666666396, 8.656249999999879 ], [ 80.293749999999733, 8.656249999999879 ], [ 80.289583333333013, 8.660416666666542 ], [ 80.28541666666635, 8.656249999999879 ], [ 80.281249999999687, 8.656249999999879 ], [ 80.277083333333024, 8.652083333333216 ], [ 80.272916666666362, 8.652083333333216 ], [ 80.268749999999699, 8.656249999999879 ], [ 80.260416666666316, 8.656249999999879 ], [ 80.25208333333299, 8.664583333333191 ], [ 80.247916666666328, 8.664583333333191 ], [ 80.247916666666328, 8.672916666666559 ] ] ] } },
{ "type": "Feature", "properties": { "HYRIV_ID": 41398718, "NEXT_DOWN": 41398583, "MAIN_RIV": 41397865, "LENGTH_KM": 3.4300001, "DIST_DN_KM": 44.599998, "DIST_UP_KM": 116.9, "CATCH_SKM": 8.2799997, "UPLAND_SKM": 2212.5, "ENDORHEIC": 0, "DIS_AV_CMS": 26.601999, "ORD_STRA": 4, "ORD_CLAS": 1, "ORD_FLOW": 5, "HYBAS_L12": 4121155590.0, "Shape_Length": 0.030892556509916642 }, "geometry": { "type": "MultiLineString", "coordinates": [ [ [ 80.231249999999619, 8.647916666666511 ], [ 80.231249999999619, 8.656249999999879 ], [ 80.235416666666282, 8.660416666666542 ], [ 80.235416666666282, 8.677083333333208 ] ] ] } },
{ "type": "Feature", "properties": { "HYRIV_ID": 41398719, "NEXT_DOWN": 41398748, "MAIN_RIV": 41397865, "LENGTH_KM": 5.79, "DIST_DN_KM": 86.0, "DIST_UP_KM": 9.8, "CATCH_SKM": 29.07, "UPLAND_SKM": 29.1, "ENDORHEIC": 0, "DIS_AV_CMS": 0.389, "ORD_STRA": 1, "ORD_CLAS": 3, "ORD_FLOW": 7, "HYBAS_L12": 4121600750.0, "Shape_Length": 0.052379449216061955 }, "geometry": { "type": "MultiLineString", "coordinates": [ [ [ 80.562499999999631, 8.681249999999871 ], [ 80.556249999999721, 8.681249999999871 ], [ 80.556249999999721, 8.677083333333208 ], [ 80.552083333333059, 8.672916666666559 ], [ 80.552083333333059, 8.668749999999854 ], [ 80.547916666666339, 8.664583333333191 ], [ 80.547916666666339, 8.660416666666542 ], [ 80.539583333333013, 8.652083333333216 ], [ 80.53541666666635, 8.652083333333216 ], [ 80.531249999999687, 8.647916666666511 ] ] ] } },
{ "type": "Feature", "properties": { "HYRIV_ID": 41398745, "NEXT_DOWN": 41398718, "MAIN_RIV": 41397865, "LENGTH_KM": 1.8, "DIST_DN_KM": 48.200001, "DIST_UP_KM": 5.6, "CATCH_SKM": 12.73, "UPLAND_SKM": 12.7, "ENDORHEIC": 0, "DIS_AV_CMS": 0.125, "ORD_STRA": 1, "ORD_CLAS": 2, "ORD_FLOW": 7, "HYBAS_L12": 4121155590.0, "Shape_Length": 0.016309223176444416 }, "geometry": { "type": "MultiLineString", "coordinates": [ [ [ 80.216666666666384, 8.643749999999862 ], [ 80.227083333332956, 8.643749999999862 ], [ 80.231249999999619, 8.647916666666511 ] ] ] } },
{ "type": "Feature", "properties": { "HYRIV_ID": 41398746, "NEXT_DOWN": 41398584, "MAIN_RIV": 41397865, "LENGTH_KM": 6.4, "DIST_DN_KM": 68.699997, "DIST_UP_KM": 14.4, "CATCH_SKM": 28.860001, "UPLAND_SKM": 69.0, "ENDORHEIC": 0, "DIS_AV_CMS": 0.81400001, "ORD_STRA": 2, "ORD_CLAS": 3, "ORD_FLOW": 7, "HYBAS_L12": 4121600780.0, "Shape_Length": 0.057914562235765105 }, "geometry": { "type": "MultiLineString", "coordinates": [ [ [ 80.452083333332922, 8.643749999999862 ], [ 80.44791666666643, 8.643749999999862 ], [ 80.443749999999596, 8.647916666666511 ], [ 80.435416666666271, 8.647916666666511 ], [ 80.41041666666635, 8.672916666666559 ], [ 80.41041666666635, 8.677083333333208 ] ] ] } },
{ "type": "Feature", "properties": { "HYRIV_ID": 41398747, "NEXT_DOWN": 41398585, "MAIN_RIV": 41397865, "LENGTH_KM": 12.48, "DIST_DN_KM": 71.800003, "DIST_UP_KM": 24.6, "CATCH_SKM": 41.8, "UPLAND_SKM": 127.1, "ENDORHEIC": 0, "DIS_AV_CMS": 1.599, "ORD_STRA": 2, "ORD_CLAS": 2, "ORD_FLOW": 6, "HYBAS_L12": 4121600750.0, "Shape_Length": 0.11309223176564832 }, "geometry": { "type": "MultiLineString", "coordinates": [ [ [ 80.518749999999642, 8.643749999999862 ], [ 80.514583333332979, 8.647916666666511 ], [ 80.514583333332979, 8.652083333333216 ], [ 80.497916666666271, 8.668749999999854 ], [ 80.489583333332945, 8.668749999999854 ], [ 80.481249999999619, 8.677083333333208 ], [ 80.477083333332956, 8.677083333333208 ], [ 80.472916666666293, 8.681249999999871 ], [ 80.464583333332968, 8.681249999999871 ], [ 80.460416666666305, 8.685416666666534 ], [ 80.460416666666305, 8.689583333333182 ], [ 80.452083333332922, 8.689583333333182 ], [ 80.44791666666643, 8.693749999999888 ], [ 80.431249999999608, 8.693749999999888 ] ] ] } },
{ "type": "Feature", "properties": { "HYRIV_ID": 41398748, "NEXT_DOWN": 41398747, "MAIN_RIV": 41397865, "LENGTH_KM": 1.5700001, "DIST_DN_KM": 84.300003, "DIST_UP_KM": 11.6, "CATCH_SKM": 5.3, "UPLAND_SKM": 46.700001, "ENDORHEIC": 0, "DIS_AV_CMS": 0.62300003, "ORD_STRA": 2, "ORD_CLAS": 3, "ORD_FLOW": 7, "HYBAS_L12": 4121600750.0, "Shape_Length": 0.014225889843255086 }, "geometry": { "type": "MultiLineString", "coordinates": [ [ [ 80.531249999999687, 8.647916666666511 ], [ 80.527083333333024, 8.643749999999862 ], [ 80.518749999999642, 8.643749999999862 ] ] ] } },
{ "type": "Feature", "properties": { "HYRIV_ID": 41398770, "NEXT_DOWN": 41398748, "MAIN_RIV": 41397865, "LENGTH_KM": 3.0, "DIST_DN_KM": 86.0, "DIST_UP_KM": 6.9, "CATCH_SKM": 12.31, "UPLAND_SKM": 12.3, "ENDORHEIC": 0, "DIS_AV_CMS": 0.166, "ORD_STRA": 1, "ORD_CLAS": 4, "ORD_FLOW": 7, "HYBAS_L12": 4121600750.0, "Shape_Length": 0.027231391274664826 }, "geometry": { "type": "MultiLineString", "coordinates": [ [ [ 80.554166666666305, 8.637499999999868 ], [ 80.547916666666339, 8.643749999999862 ], [ 80.53541666666635, 8.643749999999862 ], [ 80.531249999999687, 8.647916666666511 ] ] ] } },
{ "type": "Feature", "properties": { "HYRIV_ID": 41398798, "NEXT_DOWN": 41398746, "MAIN_RIV": 41397865, "LENGTH_KM": 1.16, "DIST_DN_KM": 75.099998, "DIST_UP_KM": 5.0, "CATCH_SKM": 9.5500002, "UPLAND_SKM": 9.6, "ENDORHEIC": 0, "DIS_AV_CMS": 0.115, "ORD_STRA": 1, "ORD_CLAS": 4, "ORD_FLOW": 7, "HYBAS_L12": 4121600780.0, "Shape_Length": 0.010416666666642982 }, "geometry": { "type": "MultiLineString", "coordinates": [ [ [ 80.452083333332922, 8.633333333333219 ], [ 80.452083333332922, 8.643749999999862 ] ] ] } },
{ "type": "Feature", "properties": { "HYRIV_ID": 41398825, "NEXT_DOWN": 41398746, "MAIN_RIV": 41397865, "LENGTH_KM": 2.4100001, "DIST_DN_KM": 75.300003, "DIST_UP_KM": 7.8, "CATCH_SKM": 7.0, "UPLAND_SKM": 30.6, "ENDORHEIC": 0, "DIS_AV_CMS": 0.377, "ORD_STRA": 2, "ORD_CLAS": 3, "ORD_FLOW": 7, "HYBAS_L12": 4121600780.0, "Shape_Length": 0.02184433619634063 }, "geometry": { "type": "MultiLineString", "coordinates": [ [ [ 80.468749999999631, 8.631249999999888 ], [ 80.464583333332968, 8.635416666666536 ], [ 80.460416666666305, 8.635416666666536 ], [ 80.452083333332922, 8.643749999999862 ] ] ] } },
{ "type": "Feature", "properties": { "HYRIV_ID": 41398826, "NEXT_DOWN": 41398825, "MAIN_RIV": 41397865, "LENGTH_KM": 0.69, "DIST_DN_KM": 77.599998, "DIST_UP_KM": 5.5, "CATCH_SKM": 10.82, "UPLAND_SKM": 10.8, "ENDORHEIC": 0, "DIS_AV_CMS": 0.13600001, "ORD_STRA": 1, "ORD_CLAS": 3, "ORD_FLOW": 7, "HYBAS_L12": 4121600780.0, "Shape_Length": 0.0062500000000795808 }, "geometry": { "type": "MultiLineString", "coordinates": [ [ [ 80.47499999999971, 8.631249999999888 ], [ 80.468749999999631, 8.631249999999888 ] ] ] } },
{ "type": "Feature", "properties": { "HYRIV_ID": 41398846, "NEXT_DOWN": 41398825, "MAIN_RIV": 41397865, "LENGTH_KM": 0.69, "DIST_DN_KM": 77.599998, "DIST_UP_KM": 4.7, "CATCH_SKM": 12.73, "UPLAND_SKM": 12.7, "ENDORHEIC": 0, "DIS_AV_CMS": 0.15800001, "ORD_STRA": 1, "ORD_CLAS": 4, "ORD_FLOW": 7, "HYBAS_L12": 4121600780.0, "Shape_Length": 0.0062500000000369482 }, "geometry": { "type": "MultiLineString", "coordinates": [ [ [ 80.468749999999631, 8.624999999999851 ], [ 80.468749999999631, 8.631249999999888 ] ] ] } },
{ "type": "Feature", "properties": { "HYRIV_ID": 41398891, "NEXT_DOWN": 41398718, "MAIN_RIV": 41397865, "LENGTH_KM": 3.81, "DIST_DN_KM": 48.200001, "DIST_UP_KM": 113.3, "CATCH_SKM": 16.129999, "UPLAND_SKM": 2191.5, "ENDORHEIC": 0, "DIS_AV_CMS": 26.856001, "ORD_STRA": 4, "ORD_CLAS": 1, "ORD_FLOW": 5, "HYBAS_L12": 4121155590.0, "Shape_Length": 0.034344336196347636 }, "geometry": { "type": "MultiLineString", "coordinates": [ [ [ 80.243749999999665, 8.618749999999871 ], [ 80.235416666666282, 8.627083333333182 ], [ 80.235416666666282, 8.643749999999862 ], [ 80.231249999999619, 8.647916666666511 ] ] ] } },
{ "type": "Feature", "properties": { "HYRIV_ID": 41398908, "NEXT_DOWN": 41398909, "MAIN_RIV": 41397865, "LENGTH_KM": 0.69, "DIST_DN_KM": 52.5, "DIST_UP_KM": 5.1, "CATCH_SKM": 10.82, "UPLAND_SKM": 10.8, "ENDORHEIC": 0, "DIS_AV_CMS": 0.109, "ORD_STRA": 1, "ORD_CLAS": 3, "ORD_FLOW": 7, "HYBAS_L12": 4121155590.0, "Shape_Length": 0.0062499999999090505 }, "geometry": { "type": "MultiLineString", "coordinates": [ [ [ 80.233333333333036, 8.614583333333208 ], [ 80.239583333332945, 8.614583333333208 ] ] ] } },
{ "type": "Feature", "properties": { "HYRIV_ID": 41398909, "NEXT_DOWN": 41398891, "MAIN_RIV": 41397865, "LENGTH_KM": 0.65, "DIST_DN_KM": 52.0, "DIST_UP_KM": 6.8, "CATCH_SKM": 0.21, "UPLAND_SKM": 29.5, "ENDORHEIC": 0, "DIS_AV_CMS": 0.301, "ORD_STRA": 2, "ORD_CLAS": 2, "ORD_FLOW": 7, "HYBAS_L12": 4121155590.0, "Shape_Length": 0.005892556509922731 }, "geometry": { "type": "MultiLineString", "coordinates": [ [ [ 80.239583333332945, 8.614583333333208 ], [ 80.243749999999665, 8.618749999999871 ] ] ] } },
{ "type": "Feature", "properties": { "HYRIV_ID": 41398910, "NEXT_DOWN": 41398747, "MAIN_RIV": 41397865, "LENGTH_KM": 9.2600002, "DIST_DN_KM": 84.300003, "DIST_UP_KM": 12.2, "CATCH_SKM": 38.630001, "UPLAND_SKM": 38.599998, "ENDORHEIC": 0, "DIS_AV_CMS": 0.519, "ORD_STRA": 1, "ORD_CLAS": 2, "ORD_FLOW": 7, "HYBAS_L12": 4121600750.0, "Shape_Length": 0.083986892706178914 }, "geometry": { "type": "MultiLineString", "coordinates": [ [ [ 80.583333333333002, 8.614583333333208 ], [ 80.572916666666373, 8.614583333333208 ], [ 80.568749999999596, 8.618749999999871 ], [ 80.564583333333047, 8.618749999999871 ], [ 80.560416666666271, 8.622916666666519 ], [ 80.531249999999687, 8.622916666666519 ], [ 80.527083333333024, 8.627083333333182 ], [ 80.522916666666305, 8.627083333333182 ], [ 80.522916666666305, 8.635416666666536 ], [ 80.518749999999642, 8.639583333333199 ], [ 80.518749999999642, 8.643749999999862 ] ] ] } },
{ "type": "Feature", "properties": { "HYRIV_ID": 41398942, "NEXT_DOWN": 41398699, "MAIN_RIV": 41397865, "LENGTH_KM": 7.71, "DIST_DN_KM": 53.900002, "DIST_UP_KM": 24.200001, "CATCH_SKM": 31.620001, "UPLAND_SKM": 104.2, "ENDORHEIC": 0, "DIS_AV_CMS": 1.131, "ORD_STRA": 2, "ORD_CLAS": 3, "ORD_FLOW": 6, "HYBAS_L12": 4121155620.0, "Shape_Length": 0.069699675255578394 }, "geometry": { "type": "MultiLineString", "coordinates": [ [ [ 80.339583333332968, 8.606249999999896 ], [ 80.335416666666305, 8.610416666666545 ], [ 80.331249999999642, 8.610416666666545 ], [ 80.314583333333047, 8.627083333333182 ], [ 80.314583333333047, 8.635416666666536 ], [ 80.306249999999608, 8.643749999999862 ], [ 80.306249999999608, 8.647916666666511 ], [ 80.297916666666396, 8.656249999999879 ] ] ] } },
{ "type": "Feature", "properties": { "HYRIV_ID": 41398943, "NEXT_DOWN": 41398942, "MAIN_RIV": 41397865, "LENGTH_KM": 4.1100001, "DIST_DN_KM": 61.599998, "DIST_UP_KM": 8.4, "CATCH_SKM": 20.16, "UPLAND_SKM": 20.200001, "ENDORHEIC": 0, "DIS_AV_CMS": 0.22400001, "ORD_STRA": 1, "ORD_CLAS": 4, "ORD_FLOW": 7, "HYBAS_L12": 4121155620.0, "Shape_Length": 0.03729061445133082 }, "geometry": { "type": "MultiLineString", "coordinates": [ [ [ 80.370833333333081, 8.620833333333202 ], [ 80.364583333332945, 8.614583333333208 ], [ 80.356249999999619, 8.614583333333208 ], [ 80.352083333332956, 8.610416666666545 ], [ 80.343749999999631, 8.610416666666545 ], [ 80.339583333332968, 8.606249999999896 ] ] ] } },
{ "type": "Feature", "properties": { "HYRIV_ID": 41398972, "NEXT_DOWN": 41398909, "MAIN_RIV": 41397865, "LENGTH_KM": 1.62, "DIST_DN_KM": 52.5, "DIST_UP_KM": 6.3, "CATCH_SKM": 18.469999, "UPLAND_SKM": 18.5, "ENDORHEIC": 0, "DIS_AV_CMS": 0.19, "ORD_STRA": 1, "ORD_CLAS": 2, "ORD_FLOW": 7, "HYBAS_L12": 4121155590.0, "Shape_Length": 0.014583333333348492 }, "geometry": { "type": "MultiLineString", "coordinates": [ [ [ 80.239583333332945, 8.599999999999859 ], [ 80.239583333332945, 8.614583333333208 ] ] ] } },
{ "type": "Feature", "properties": { "HYRIV_ID": 41399051, "NEXT_DOWN": 41399073, "MAIN_RIV": 41397865, "LENGTH_KM": 2.45, "DIST_DN_KM": 69.199997, "DIST_UP_KM": 6.0, "CATCH_SKM": 12.95, "UPLAND_SKM": 12.9, "ENDORHEIC": 0, "DIS_AV_CMS": 0.151, "ORD_STRA": 1, "ORD_CLAS": 4, "ORD_FLOW": 7, "HYBAS_L12": 4121155620.0, "Shape_Length": 0.022201779686409781 }, "geometry": { "type": "MultiLineString", "coordinates": [ [ [ 80.404166666666271, 8.597916666666528 ], [ 80.397916666666362, 8.597916666666528 ], [ 80.389583333332979, 8.589583333333216 ], [ 80.389583333332979, 8.585416666666511 ] ] ] } },
{ "type": "Feature", "properties": { "HYRIV_ID": 41399071, "NEXT_DOWN": 41398891, "MAIN_RIV": 41397865, "LENGTH_KM": 6.9400001, "DIST_DN_KM": 52.0, "DIST_UP_KM": 109.5, "CATCH_SKM": 37.779999, "UPLAND_SKM": 2145.8999, "ENDORHEIC": 0, "DIS_AV_CMS": 26.849001, "ORD_STRA": 4, "ORD_CLAS": 1, "ORD_FLOW": 5, "HYBAS_L12": 4121155590.0, "Shape_Length": 0.062796115882819345 }, "geometry": { "type": "MultiLineString", "coordinates": [ [ [ 80.281249999999687, 8.581249999999862 ], [ 80.281249999999687, 8.589583333333216 ], [ 80.277083333333024, 8.593749999999879 ], [ 80.277083333333024, 8.597916666666528 ], [ 80.272916666666362, 8.602083333333191 ], [ 80.272916666666362, 8.606249999999896 ], [ 80.268749999999699, 8.610416666666545 ], [ 80.25208333333299, 8.610416666666545 ], [ 80.243749999999665, 8.618749999999871 ] ] ] } },
{ "type": "Feature", "properties": { "HYRIV_ID": 41399072, "NEXT_DOWN": 41399071, "MAIN_RIV": 41397865, "LENGTH_KM": 0.69, "DIST_DN_KM": 58.8, "DIST_UP_KM": 5.2, "CATCH_SKM": 10.82, "UPLAND_SKM": 10.8, "ENDORHEIC": 0, "DIS_AV_CMS": 0.117, "ORD_STRA": 1, "ORD_CLAS": 2, "ORD_FLOW": 7, "HYBAS_L12": 4121155590.0, "Shape_Length": 0.0062499999999090505 }, "geometry": { "type": "MultiLineString", "coordinates": [ [ [ 80.287499999999596, 8.581249999999862 ], [ 80.281249999999687, 8.581249999999862 ] ] ] } },
{ "type": "Feature", "properties": { "HYRIV_ID": 41399073, "NEXT_DOWN": 41398942, "MAIN_RIV": 41397865, "LENGTH_KM": 7.7800002, "DIST_DN_KM": 61.599998, "DIST_UP_KM": 16.5, "CATCH_SKM": 20.379999, "UPLAND_SKM": 52.400002, "ENDORHEIC": 0, "DIS_AV_CMS": 0.597, "ORD_STRA": 2, "ORD_CLAS": 3, "ORD_FLOW": 7, "HYBAS_L12": 4121155620.0, "Shape_Length": 0.070414562235977654 }, "geometry": { "type": "MultiLineString", "coordinates": [ [ [ 80.389583333332979, 8.585416666666511 ], [ 80.385416666666316, 8.585416666666511 ], [ 80.381249999999653, 8.589583333333216 ], [ 80.37708333333299, 8.585416666666511 ], [ 80.364583333332945, 8.585416666666511 ], [ 80.360416666666282, 8.581249999999862 ], [ 80.356249999999619, 8.581249999999862 ], [ 80.352083333332956, 8.585416666666511 ], [ 80.352083333332956, 8.593749999999879 ], [ 80.339583333332968, 8.606249999999896 ] ] ] } },
{ "type": "Feature", "properties": { "HYRIV_ID": 41399091, "NEXT_DOWN": 41399073, "MAIN_RIV": 41397865, "LENGTH_KM": 4.02, "DIST_DN_KM": 69.199997, "DIST_UP_KM": 8.9, "CATCH_SKM": 19.1, "UPLAND_SKM": 19.1, "ENDORHEIC": 0, "DIS_AV_CMS": 0.227, "ORD_STRA": 1, "ORD_CLAS": 3, "ORD_FLOW": 7, "HYBAS_L12": 4121155620.0, "Shape_Length": 0.036427669529575435 }, "geometry": { "type": "MultiLineString", "coordinates": [ [ [ 80.420833333332922, 8.581249999999862 ], [ 80.414583333333013, 8.581249999999862 ], [ 80.41041666666635, 8.577083333333199 ], [ 80.402083333333024, 8.577083333333199 ], [ 80.393749999999642, 8.585416666666511 ], [ 80.389583333332979, 8.585416666666511 ] ] ] } },
{ "type": "Feature", "properties": { "HYRIV_ID": 41399151, "NEXT_DOWN": 41399071, "MAIN_RIV": 41397865, "LENGTH_KM": 2.04, "DIST_DN_KM": 59.0, "DIST_UP_KM": 102.5, "CATCH_SKM": 11.89, "UPLAND_SKM": 2097.3, "ENDORHEIC": 0, "DIS_AV_CMS": 27.167999, "ORD_STRA": 4, "ORD_CLAS": 1, "ORD_FLOW": 5, "HYBAS_L12": 4121155590.0, "Shape_Length": 0.018392556509899589 }, "geometry": { "type": "MultiLineString", "coordinates": [ [ [ 80.28541666666635, 8.564583333333182 ], [ 80.28541666666635, 8.577083333333199 ], [ 80.281249999999687, 8.581249999999862 ] ] ] } },
{ "type": "Feature", "properties": { "HYRIV_ID": 41399307, "NEXT_DOWN": 41399320, "MAIN_RIV": 41397865, "LENGTH_KM": 3.11, "DIST_DN_KM": 105.7, "DIST_UP_KM": 6.7, "CATCH_SKM": 22.5, "UPLAND_SKM": 22.5, "ENDORHEIC": 0, "DIS_AV_CMS": 0.32800001, "ORD_STRA": 1, "ORD_CLAS": 5, "ORD_FLOW": 7, "HYBAS_L12": 4121155850.0, "Shape_Length": 0.028094336196350884 }, "geometry": { "type": "MultiLineString", "coordinates": [ [ [ 80.631249999999653, 8.558333333333188 ], [ 80.631249999999653, 8.547916666666545 ], [ 80.618749999999608, 8.535416666666528 ] ] ] } },
{ "type": "Feature", "properties": { "HYRIV_ID": 41399320, "NEXT_DOWN": 41399349, "MAIN_RIV": 41397865, "LENGTH_KM": 4.3200002, "DIST_DN_KM": 101.2, "DIST_UP_KM": 12.3, "CATCH_SKM": 19.530001, "UPLAND_SKM": 69.800003, "ENDORHEIC": 0, "DIS_AV_CMS": 1.017, "ORD_STRA": 2, "ORD_CLAS": 4, "ORD_FLOW": 6, "HYBAS_L12": 4121155850.0, "Shape_Length": 0.039225889843071862 }, "geometry": { "type": "MultiLineString", "coordinates": [ [ [ 80.618749999999608, 8.535416666666528 ], [ 80.606249999999619, 8.535416666666528 ], [ 80.602083333332956, 8.531249999999865 ], [ 80.581249999999756, 8.531249999999865 ] ] ] } },
{ "type": "Feature", "properties": { "HYRIV_ID": 41399346, "NEXT_DOWN": 41399441, "MAIN_RIV": 41397865, "LENGTH_KM": 1.4400001, "DIST_DN_KM": 83.199997, "DIST_UP_KM": 6.5, "CATCH_SKM": 13.16, "UPLAND_SKM": 13.2, "ENDORHEIC": 0, "DIS_AV_CMS": 0.163, "ORD_STRA": 1, "ORD_CLAS": 4, "ORD_FLOW": 7, "HYBAS_L12": 4121155750.0, "Shape_Length": 0.013005501431532764 }, "geometry": { "type": "MultiLineString", "coordinates": [ [ [ 80.449999999999676, 8.537499999999859 ], [ 80.443749999999596, 8.531249999999865 ], [ 80.443749999999596, 8.527083333333216 ] ] ] } },
{ "type": "Feature", "properties": { "HYRIV_ID": 41399347, "NEXT_DOWN": 41399441, "MAIN_RIV": 41397865, "LENGTH_KM": 1.89, "DIST_DN_KM": 83.199997, "DIST_UP_KM": 7.9, "CATCH_SKM": 14.22, "UPLAND_SKM": 14.2, "ENDORHEIC": 0, "DIS_AV_CMS": 0.18, "ORD_STRA": 1, "ORD_CLAS": 3, "ORD_FLOW": 7, "HYBAS_L12": 4121155750.0, "Shape_Length": 0.017172168098199804 }, "geometry": { "type": "MultiLineString", "coordinates": [ [ [ 80.458333333333002, 8.533333333333196 ], [ 80.452083333332922, 8.527083333333216 ], [ 80.443749999999596, 8.527083333333216 ] ] ] } },
{ "type": "Feature", "properties": { "HYRIV_ID": 41399348, "NEXT_DOWN": 41399389, "MAIN_RIV": 41397865, "LENGTH_KM": 8.7799997, "DIST_DN_KM": 99.699997, "DIST_UP_KM": 12.9, "CATCH_SKM": 36.080002, "UPLAND_SKM": 36.099998, "ENDORHEIC": 0, "DIS_AV_CMS": 0.50700003, "ORD_STRA": 1, "ORD_CLAS": 5, "ORD_FLOW": 7, "HYBAS_L12": 4121155850.0, "Shape_Length": 0.079253397000581427 }, "geometry": { "type": "MultiLineString", "coordinates": [ [ [ 80.59583333333299, 8.591666666666548 ], [ 80.585416666666305, 8.581249999999862 ], [ 80.585416666666305, 8.577083333333199 ], [ 80.577083333332922, 8.568749999999888 ], [ 80.577083333332922, 8.552083333333208 ], [ 80.568749999999596, 8.543749999999839 ], [ 80.568749999999596, 8.539583333333191 ], [ 80.564583333333047, 8.535416666666528 ], [ 80.568749999999596, 8.531249999999865 ], [ 80.568749999999596, 8.527083333333216 ] ] ] } },
{ "type": "Feature", "properties": { "HYRIV_ID": 41399349, "NEXT_DOWN": 41399389, "MAIN_RIV": 41397865, "LENGTH_KM": 1.5700001, "DIST_DN_KM": 99.800003, "DIST_UP_KM": 13.7, "CATCH_SKM": 1.91, "UPLAND_SKM": 80.199997, "ENDORHEIC": 0, "DIS_AV_CMS": 1.164, "ORD_STRA": 2, "ORD_CLAS": 4, "ORD_FLOW": 6, "HYBAS_L12": 4121155850.0, "Shape_Length": 0.014225889843335475 }, "geometry": { "type": "MultiLineString", "coordinates": [ [ [ 80.581249999999756, 8.531249999999865 ], [ 80.572916666666373, 8.531249999999865 ], [ 80.568749999999596, 8.527083333333216 ] ] ] } },
{ "type": "Feature", "properties": { "HYRIV_ID": 41399350, "NEXT_DOWN": 41399349, "MAIN_RIV": 41397865, "LENGTH_KM": 0.69, "DIST_DN_KM": 101.2, "DIST_UP_KM": 4.7, "CATCH_SKM": 8.4899998, "UPLAND_SKM": 8.5, "ENDORHEIC": 0, "DIS_AV_CMS": 0.122, "ORD_STRA": 1, "ORD_CLAS": 5, "ORD_FLOW": 7, "HYBAS_L12": 4121155850.0, "Shape_Length": 0.0062499999999801048 }, "geometry": { "type": "MultiLineString", "coordinates": [ [ [ 80.581249999999756, 8.524999999999885 ], [ 80.581249999999756, 8.531249999999865 ] ] ] } },
{ "type": "Feature", "properties": { "HYRIV_ID": 41399372, "NEXT_DOWN": 41399151, "MAIN_RIV": 41397865, "LENGTH_KM": 14.43, "DIST_DN_KM": 61.0, "DIST_UP_KM": 67.900002, "CATCH_SKM": 81.730003, "UPLAND_SKM": 966.09998, "ENDORHEIC": 0, "DIS_AV_CMS": 12.13, "ORD_STRA": 4, "ORD_CLAS": 2, "ORD_FLOW": 5, "HYBAS_L12": 4121155750.0, "Shape_Length": 0.13076990129528132 }, "geometry": { "type": "MultiLineString", "coordinates": [ [ [ 80.389583333332979, 8.522916666666511 ], [ 80.385416666666316, 8.527083333333216 ], [ 80.381249999999653, 8.522916666666511 ], [ 80.37708333333299, 8.522916666666511 ], [ 80.368749999999665, 8.531249999999865 ], [ 80.364583333332945, 8.531249999999865 ], [ 80.360416666666282, 8.535416666666528 ], [ 80.360416666666282, 8.539583333333191 ], [ 80.356249999999619, 8.543749999999839 ], [ 80.352083333332956, 8.543749999999839 ], [ 80.347916666666293, 8.547916666666545 ], [ 80.343749999999631, 8.543749999999839 ], [ 80.331249999999642, 8.543749999999839 ], [ 80.327083333332922, 8.547916666666545 ], [ 80.314583333333047, 8.547916666666545 ], [ 80.306249999999608, 8.556249999999871 ], [ 80.302083333332945, 8.556249999999871 ], [ 80.297916666666396, 8.560416666666519 ], [ 80.289583333333013, 8.560416666666519 ], [ 80.28541666666635, 8.564583333333182 ] ] ] } },
{ "type": "Feature", "properties": { "HYRIV_ID": 41399373, "NEXT_DOWN": 41399372, "MAIN_RIV": 41397865, "LENGTH_KM": 4.02, "DIST_DN_KM": 75.400002, "DIST_UP_KM": 6.9, "CATCH_SKM": 22.290001, "UPLAND_SKM": 22.3, "ENDORHEIC": 0, "DIS_AV_CMS": 0.26800001, "ORD_STRA": 1, "ORD_CLAS": 3, "ORD_FLOW": 7, "HYBAS_L12": 4121155750.0, "Shape_Length": 0.036427669529733482 }, "geometry": { "type": "MultiLineString", "coordinates": [ [ [ 80.414583333333013, 8.541666666666565 ], [ 80.414583333333013, 8.535416666666528 ], [ 80.41041666666635, 8.531249999999865 ], [ 80.397916666666362, 8.531249999999865 ], [ 80.389583333332979, 8.522916666666511 ] ] ] } },
{ "type": "Feature", "properties": { "HYRIV_ID": 41399374, "NEXT_DOWN": 41399409, "MAIN_RIV": 41397865, "LENGTH_KM": 6.54, "DIST_DN_KM": 95.900002, "DIST_UP_KM": 10.9, "CATCH_SKM": 30.57, "UPLAND_SKM": 30.6, "ENDORHEIC": 0, "DIS_AV_CMS": 0.41600001, "ORD_STRA": 1, "ORD_CLAS": 5, "ORD_FLOW": 7, "HYBAS_L12": 4121155850.0, "Shape_Length": 0.058986892706239816 }, "geometry": { "type": "MultiLineString", "coordinates": [ [ [ 80.547916666666339, 8.574999999999868 ], [ 80.547916666666339, 8.564583333333182 ], [ 80.543749999999676, 8.560416666666519 ], [ 80.543749999999676, 8.552083333333208 ], [ 80.547916666666339, 8.547916666666545 ], [ 80.547916666666339, 8.539583333333191 ], [ 80.543749999999676, 8.535416666666528 ], [ 80.543749999999676, 8.531249999999865 ], [ 80.539583333333013, 8.527083333333216 ], [ 80.539583333333013, 8.522916666666511 ] ] ] } },
{ "type": "Feature", "properties": { "HYRIV_ID": 41399389, "NEXT_DOWN": 41399409, "MAIN_RIV": 41397865, "LENGTH_KM": 3.79, "DIST_DN_KM": 95.900002, "DIST_UP_KM": 17.6, "CATCH_SKM": 10.4, "UPLAND_SKM": 126.7, "ENDORHEIC": 0, "DIS_AV_CMS": 1.811, "ORD_STRA": 2, "ORD_CLAS": 4, "ORD_FLOW": 6, "HYBAS_L12": 4121155850.0, "Shape_Length": 0.034344336196272418 }, "geometry": { "type": "MultiLineString", "coordinates": [ [ [ 80.568749999999596, 8.527083333333216 ], [ 80.560416666666271, 8.518749999999848 ], [ 80.556249999999721, 8.518749999999848 ], [ 80.552083333333059, 8.522916666666511 ], [ 80.539583333333013, 8.522916666666511 ] ] ] } },
{ "type": "Feature", "properties": { "HYRIV_ID": 41399407, "NEXT_DOWN": 41399372, "MAIN_RIV": 41397865, "LENGTH_KM": 2.22, "DIST_DN_KM": 75.400002, "DIST_UP_KM": 53.5, "CATCH_SKM": 3.61, "UPLAND_SKM": 862.09998, "ENDORHEIC": 0, "DIS_AV_CMS": 11.618, "ORD_STRA": 4, "ORD_CLAS": 2, "ORD_FLOW": 5, "HYBAS_L12": 4121155750.0, "Shape_Length": 0.020118446353137621 }, "geometry": { "type": "MultiLineString", "coordinates": [ [ [ 80.406249999999687, 8.514583333333199 ], [ 80.402083333333024, 8.518749999999848 ], [ 80.393749999999642, 8.518749999999848 ], [ 80.389583333332979, 8.522916666666511 ] ] ] } },
{ "type": "Feature", "properties": { "HYRIV_ID": 41399408, "NEXT_DOWN": 41399519, "MAIN_RIV": 41397865, "LENGTH_KM": 7.75, "DIST_DN_KM": 89.599998, "DIST_UP_KM": 11.2, "CATCH_SKM": 43.73, "UPLAND_SKM": 43.700001, "ENDORHEIC": 0, "DIS_AV_CMS": 0.56199998, "ORD_STRA": 1, "ORD_CLAS": 4, "ORD_FLOW": 7, "HYBAS_L12": 4121155940.0, "Shape_Length": 0.069761002863018118 }, "geometry": { "type": "MultiLineString", "coordinates": [ [ [ 80.50208333333299, 8.579166666666531 ], [ 80.50208333333299, 8.556249999999871 ], [ 80.497916666666271, 8.552083333333208 ], [ 80.497916666666271, 8.527083333333216 ], [ 80.489583333332945, 8.518749999999848 ], [ 80.489583333332945, 8.514583333333199 ] ] ] } },
{ "type": "Feature", "properties": { "HYRIV_ID": 41399409, "NEXT_DOWN": 41399442, "MAIN_RIV": 41397865, "LENGTH_KM": 3.59, "DIST_DN_KM": 92.5, "DIST_UP_KM": 21.0, "CATCH_SKM": 14.22, "UPLAND_SKM": 171.5, "ENDORHEIC": 0, "DIS_AV_CMS": 2.4119999, "ORD_STRA": 2, "ORD_CLAS": 4, "ORD_FLOW": 6, "HYBAS_L12": 4121155850.0, "Shape_Length": 0.032618446353126253 }, "geometry": { "type": "MultiLineString", "coordinates": [ [ [ 80.539583333333013, 8.522916666666511 ], [ 80.518749999999642, 8.522916666666511 ], [ 80.510416666666316, 8.514583333333199 ] ] ] } },
{ "type": "Feature", "properties": { "HYRIV_ID": 41399410, "NEXT_DOWN": 41399320, "MAIN_RIV": 41397865, "LENGTH_KM": 4.96, "DIST_DN_KM": 105.7, "DIST_UP_KM": 7.8, "CATCH_SKM": 27.809999, "UPLAND_SKM": 27.8, "ENDORHEIC": 0, "DIS_AV_CMS": 0.412, "ORD_STRA": 1, "ORD_CLAS": 4, "ORD_FLOW": 7, "HYBAS_L12": 4121155850.0, "Shape_Length": 0.044909060804372729 }, "geometry": { "type": "MultiLineString", "coordinates": [ [ [ 80.654166666666271, 8.512499999999868 ], [ 80.643749999999642, 8.522916666666511 ], [ 80.631249999999653, 8.522916666666511 ], [ 80.618749999999608, 8.535416666666528 ] ] ] } },
{ "type": "Feature", "properties": { "HYRIV_ID": 41399440, "NEXT_DOWN": 41399407, "MAIN_RIV": 41397865, "LENGTH_KM": 2.4100001, "DIST_DN_KM": 77.5, "DIST_UP_KM": 51.400002, "CATCH_SKM": 8.0699997, "UPLAND_SKM": 848.70001, "ENDORHEIC": 0, "DIS_AV_CMS": 11.553, "ORD_STRA": 4, "ORD_CLAS": 2, "ORD_FLOW": 5, "HYBAS_L12": 4121155750.0, "Shape_Length": 0.021844336196330583 }, "geometry": { "type": "MultiLineString", "coordinates": [ [ [ 80.422916666666396, 8.510416666666536 ], [ 80.414583333333013, 8.518749999999848 ], [ 80.41041666666635, 8.514583333333199 ], [ 80.406249999999687, 8.514583333333199 ] ] ] } },
{ "type": "Feature", "properties": { "HYRIV_ID": 41399441, "NEXT_DOWN": 41399440, "MAIN_RIV": 41397865, "LENGTH_KM": 3.33, "DIST_DN_KM": 79.900002, "DIST_UP_KM": 11.2, "CATCH_SKM": 4.6700001, "UPLAND_SKM": 32.099998, "ENDORHEIC": 0, "DIS_AV_CMS": 0.398, "ORD_STRA": 2, "ORD_CLAS": 3, "ORD_FLOW": 7, "HYBAS_L12": 4121155750.0, "Shape_Length": 0.03017766952954265 }, "geometry": { "type": "MultiLineString", "coordinates": [ [ [ 80.443749999999596, 8.527083333333216 ], [ 80.439583333333047, 8.522916666666511 ], [ 80.439583333333047, 8.518749999999848 ], [ 80.431249999999608, 8.510416666666536 ], [ 80.422916666666396, 8.510416666666536 ] ] ] } },
{ "type": "Feature", "properties": { "HYRIV_ID": 41399442, "NEXT_DOWN": 41399519, "MAIN_RIV": 41397865, "LENGTH_KM": 2.6800001, "DIST_DN_KM": 89.599998, "DIST_UP_KM": 25.3, "CATCH_SKM": 7.0100002, "UPLAND_SKM": 284.0, "ENDORHEIC": 0, "DIS_AV_CMS": 3.9809999, "ORD_STRA": 3, "ORD_CLAS": 3, "ORD_FLOW": 6, "HYBAS_L12": 4121155940.0, "Shape_Length": 0.024285113019810546 }, "geometry": { "type": "MultiLineString", "coordinates": [ [ [ 80.510416666666316, 8.514583333333199 ], [ 80.50208333333299, 8.514583333333199 ], [ 80.497916666666271, 8.510416666666536 ], [ 80.493749999999665, 8.514583333333199 ], [ 80.489583333332945, 8.514583333333199 ] ] ] } },
{ "type": "Feature", "properties": { "HYRIV_ID": 41399459, "NEXT_DOWN": 41399407, "MAIN_RIV": 41397865, "LENGTH_KM": 1.16, "DIST_DN_KM": 77.5, "DIST_UP_KM": 6.3, "CATCH_SKM": 9.7700005, "UPLAND_SKM": 9.8, "ENDORHEIC": 0, "DIS_AV_CMS": 0.123, "ORD_STRA": 1, "ORD_CLAS": 3, "ORD_FLOW": 7, "HYBAS_L12": 4121155750.0, "Shape_Length": 0.010416666666657193 }, "geometry": { "type": "MultiLineString", "coordinates": [ [ [ 80.406249999999687, 8.504166666666542 ], [ 80.406249999999687, 8.514583333333199 ] ] ] } },
{ "type": "Feature", "properties": { "HYRIV_ID": 41399519, "NEXT_DOWN": 41399535, "MAIN_RIV": 41397865, "LENGTH_KM": 3.72, "DIST_DN_KM": 85.900002, "DIST_UP_KM": 29.0, "CATCH_SKM": 13.38, "UPLAND_SKM": 341.10001, "ENDORHEIC": 0, "DIS_AV_CMS": 4.6719999, "ORD_STRA": 3, "ORD_CLAS": 3, "ORD_FLOW": 6, "HYBAS_L12": 4121155940.0, "Shape_Length": 0.033629449216095661 }, "geometry": { "type": "MultiLineString", "coordinates": [ [ [ 80.489583333332945, 8.514583333333199 ], [ 80.468749999999631, 8.493749999999856 ], [ 80.464583333332968, 8.493749999999856 ] ] ] } },
{ "type": "Feature", "properties": { "HYRIV_ID": 41399534, "NEXT_DOWN": 41399440, "MAIN_RIV": 41397865, "LENGTH_KM": 4.4499998, "DIST_DN_KM": 80.099998, "DIST_UP_KM": 48.8, "CATCH_SKM": 16.77, "UPLAND_SKM": 808.59998, "ENDORHEIC": 0, "DIS_AV_CMS": 11.154, "ORD_STRA": 4, "ORD_CLAS": 2, "ORD_FLOW": 5, "HYBAS_L12": 4121155750.0, "Shape_Length": 0.040236892706111319 }, "geometry": { "type": "MultiLineString", "coordinates": [ [ [ 80.452083333332922, 8.489583333333208 ], [ 80.443749999999596, 8.489583333333208 ], [ 80.439583333333047, 8.493749999999856 ], [ 80.439583333333047, 8.497916666666519 ], [ 80.435416666666271, 8.502083333333225 ], [ 80.431249999999608, 8.502083333333225 ], [ 80.422916666666396, 8.510416666666536 ] ] ] } },
{ "type": "Feature", "properties": { "HYRIV_ID": 41399535, "NEXT_DOWN": 41399534, "MAIN_RIV": 41397865, "LENGTH_KM": 1.5700001, "DIST_DN_KM": 84.300003, "DIST_UP_KM": 44.599998, "CATCH_SKM": 3.4, "UPLAND_SKM": 775.0, "ENDORHEIC": 0, "DIS_AV_CMS": 10.837, "ORD_STRA": 4, "ORD_CLAS": 2, "ORD_FLOW": 5, "HYBAS_L12": 4121155750.0, "Shape_Length": 0.014225889843255086 }, "geometry": { "type": "MultiLineString", "coordinates": [ [ [ 80.464583333332968, 8.493749999999856 ], [ 80.460416666666305, 8.493749999999856 ], [ 80.456249999999642, 8.489583333333208 ], [ 80.452083333332922, 8.489583333333208 ] ] ] } },
{ "type": "Feature", "properties": { "HYRIV_ID": 41399572, "NEXT_DOWN": 41399442, "MAIN_RIV": 41397865, "LENGTH_KM": 6.02, "DIST_DN_KM": 92.5, "DIST_UP_KM": 22.5, "CATCH_SKM": 16.139999, "UPLAND_SKM": 105.5, "ENDORHEIC": 0, "DIS_AV_CMS": 1.498, "ORD_STRA": 2, "ORD_CLAS": 3, "ORD_FLOW": 6, "HYBAS_L12": 4121155880.0, "Shape_Length": 0.054462782549436026 }, "geometry": { "type": "MultiLineString", "coordinates": [ [ [ 80.543749999999676, 8.481249999999882 ], [ 80.543749999999676, 8.485416666666545 ], [ 80.539583333333013, 8.489583333333208 ], [ 80.53541666666635, 8.489583333333208 ], [ 80.531249999999687, 8.493749999999856 ], [ 80.531249999999687, 8.497916666666519 ], [ 80.527083333333024, 8.502083333333225 ], [ 80.527083333333024, 8.506249999999874 ], [ 80.522916666666305, 8.510416666666536 ], [ 80.514583333332979, 8.510416666666536 ], [ 80.510416666666316, 8.514583333333199 ] ] ] } },
{ "type": "Feature", "properties": { "HYRIV_ID": 41399573, "NEXT_DOWN": 41399572, "MAIN_RIV": 41397865, "LENGTH_KM": 1.89, "DIST_DN_KM": 98.300003, "DIST_UP_KM": 5.0, "CATCH_SKM": 8.71, "UPLAND_SKM": 8.7, "ENDORHEIC": 0, "DIS_AV_CMS": 0.124, "ORD_STRA": 1, "ORD_CLAS": 4, "ORD_FLOW": 7, "HYBAS_L12": 4121155880.0, "Shape_Length": 0.017172168098146111 }, "geometry": { "type": "MultiLineString", "coordinates": [ [ [ 80.558333333332968, 8.487499999999876 ], [ 80.552083333333059, 8.481249999999882 ], [ 80.543749999999676, 8.481249999999882 ] ] ] } },
{ "type": "Feature", "properties": { "HYRIV_ID": 41399590, "NEXT_DOWN": 41399151, "MAIN_RIV": 41397865, "LENGTH_KM": 12.53, "DIST_DN_KM": 60.8, "DIST_UP_KM": 100.7, "CATCH_SKM": 77.699997, "UPLAND_SKM": 1119.3, "ENDORHEIC": 0, "DIS_AV_CMS": 15.164, "ORD_STRA": 3, "ORD_CLAS": 1, "ORD_FLOW": 5, "HYBAS_L12": 4121155740.0, "Shape_Length": 0.11309223176542785 }, "geometry": { "type": "MultiLineString", "coordinates": [ [ [ 80.327083333332922, 8.477083333333191 ], [ 80.327083333332922, 8.481249999999882 ], [ 80.32291666666643, 8.485416666666545 ], [ 80.32291666666643, 8.489583333333208 ], [ 80.302083333332945, 8.510416666666536 ], [ 80.293749999999733, 8.510416666666536 ], [ 80.28541666666635, 8.518749999999848 ], [ 80.28541666666635, 8.522916666666511 ], [ 80.281249999999687, 8.527083333333216 ], [ 80.281249999999687, 8.531249999999865 ], [ 80.28541666666635, 8.535416666666528 ], [ 80.28541666666635, 8.564583333333182 ] ] ] } },
{ "type": "Feature", "properties": { "HYRIV_ID": 41399591, "NEXT_DOWN": 41399535, "MAIN_RIV": 41397865, "LENGTH_KM": 3.52, "DIST_DN_KM": 86.099998, "DIST_UP_KM": 42.8, "CATCH_SKM": 8.9200001, "UPLAND_SKM": 430.5, "ENDORHEIC": 0, "DIS_AV_CMS": 6.1490002, "ORD_STRA": 3, "ORD_CLAS": 2, "ORD_FLOW": 6, "HYBAS_L12": 4121155950.0, "Shape_Length": 0.031903559372865951 }, "geometry": { "type": "MultiLineString", "coordinates": [ [ [ 80.489583333332945, 8.477083333333191 ], [ 80.485416666666282, 8.481249999999882 ], [ 80.481249999999619, 8.481249999999882 ], [ 80.477083333332956, 8.485416666666545 ], [ 80.472916666666293, 8.485416666666545 ], [ 80.464583333332968, 8.493749999999856 ] ] ] } },
{ "type": "Feature", "properties": { "HYRIV_ID": 41399611, "NEXT_DOWN": 41399534, "MAIN_RIV": 41397865, "LENGTH_KM": 2.37, "DIST_DN_KM": 84.300003, "DIST_UP_KM": 6.1, "CATCH_SKM": 16.77, "UPLAND_SKM": 16.8, "ENDORHEIC": 0, "DIS_AV_CMS": 0.222, "ORD_STRA": 1, "ORD_CLAS": 3, "ORD_FLOW": 7, "HYBAS_L12": 4121155750.0, "Shape_Length": 0.02133883476490115 }, "geometry": { "type": "MultiLineString", "coordinates": [ [ [ 80.458333333333002, 8.470833333333196 ], [ 80.452083333332922, 8.477083333333191 ], [ 80.452083333332922, 8.489583333333208 ] ] ] } },
{ "type": "Feature", "properties": { "HYRIV_ID": 41399658, "NEXT_DOWN": 41399676, "MAIN_RIV": 41397865, "LENGTH_KM": 2.27, "DIST_DN_KM": 106.2, "DIST_UP_KM": 5.8, "CATCH_SKM": 11.46, "UPLAND_SKM": 11.5, "ENDORHEIC": 0, "DIS_AV_CMS": 0.167, "ORD_STRA": 1, "ORD_CLAS": 5, "ORD_FLOW": 7, "HYBAS_L12": 4121155880.0, "Shape_Length": 0.02047588984322098 }, "geometry": { "type": "MultiLineString", "coordinates": [ [ [ 80.597916666666293, 8.479166666666551 ], [ 80.597916666666293, 8.468749999999865 ], [ 80.593749999999631, 8.464583333333216 ], [ 80.593749999999631, 8.460416666666553 ] ] ] } },
{ "type": "Feature", "properties": { "HYRIV_ID": 41399659, "NEXT_DOWN": 41399676, "MAIN_RIV": 41397865, "LENGTH_KM": 5.0, "DIST_DN_KM": 106.2, "DIST_UP_KM": 8.4, "CATCH_SKM": 23.99, "UPLAND_SKM": 24.0, "ENDORHEIC": 0, "DIS_AV_CMS": 0.354, "ORD_STRA": 1, "ORD_CLAS": 4, "ORD_FLOW": 7, "HYBAS_L12": 4121155880.0, "Shape_Length": 0.045475889843208293 }, "geometry": { "type": "MultiLineString", "coordinates": [ [ [ 80.637499999999619, 8.464583333333216 ], [ 80.610416666666282, 8.464583333333216 ], [ 80.606249999999619, 8.460416666666553 ], [ 80.593749999999631, 8.460416666666553 ] ] ] } },
{ "type": "Feature", "properties": { "HYRIV_ID": 41399672, "NEXT_DOWN": 41399590, "MAIN_RIV": 41397865, "LENGTH_KM": 3.11, "DIST_DN_KM": 73.5, "DIST_UP_KM": 7.0, "CATCH_SKM": 19.75, "UPLAND_SKM": 19.700001, "ENDORHEIC": 0, "DIS_AV_CMS": 0.241, "ORD_STRA": 1, "ORD_CLAS": 2, "ORD_FLOW": 7, "HYBAS_L12": 4121155740.0, "Shape_Length": 0.028094336196457972 }, "geometry": { "type": "MultiLineString", "coordinates": [ [ [ 80.32291666666643, 8.454166666666517 ], [ 80.32291666666643, 8.464583333333216 ], [ 80.318749999999596, 8.468749999999865 ], [ 80.327083333332922, 8.477083333333191 ] ] ] } },
{ "type": "Feature", "properties": { "HYRIV_ID": 41399673, "NEXT_DOWN": 41399590, "MAIN_RIV": 41397865, "LENGTH_KM": 4.9, "DIST_DN_KM": 73.5, "DIST_UP_KM": 88.0, "CATCH_SKM": 18.68, "UPLAND_SKM": 1021.9, "ENDORHEIC": 0, "DIS_AV_CMS": 14.702, "ORD_STRA": 3, "ORD_CLAS": 1, "ORD_FLOW": 5, "HYBAS_L12": 4121155740.0, "Shape_Length": 0.044403559372904827 }, "geometry": { "type": "MultiLineString", "coordinates": [ [ [ 80.360416666666282, 8.456249999999848 ], [ 80.356249999999619, 8.456249999999848 ], [ 80.352083333332956, 8.460416666666553 ], [ 80.352083333332956, 8.464583333333216 ], [ 80.347916666666293, 8.468749999999865 ], [ 80.335416666666305, 8.468749999999865 ], [ 80.327083333332922, 8.477083333333191 ] ] ] } },
{ "type": "Feature", "properties": { "HYRIV_ID": 41399674, "NEXT_DOWN": 41399673, "MAIN_RIV": 41397865, "LENGTH_KM": 1.4400001, "DIST_DN_KM": 78.199997, "DIST_UP_KM": 5.7, "CATCH_SKM": 13.8, "UPLAND_SKM": 13.8, "ENDORHEIC": 0, "DIS_AV_CMS": 0.174, "ORD_STRA": 1, "ORD_CLAS": 3, "ORD_FLOW": 7, "HYBAS_L12": 4121600940.0, "Shape_Length": 0.013005501431617314 }, "geometry": { "type": "MultiLineString", "coordinates": [ [ [ 80.370833333333081, 8.462499999999885 ], [ 80.364583333332945, 8.456249999999848 ], [ 80.360416666666282, 8.456249999999848 ] ] ] } },
{ "type": "Feature", "properties": { "HYRIV_ID": 41399675, "NEXT_DOWN": 41399572, "MAIN_RIV": 41397865, "LENGTH_KM": 3.62, "DIST_DN_KM": 98.300003, "DIST_UP_KM": 16.6, "CATCH_SKM": 8.2799997, "UPLAND_SKM": 80.699997, "ENDORHEIC": 0, "DIS_AV_CMS": 1.163, "ORD_STRA": 2, "ORD_CLAS": 3, "ORD_FLOW": 6, "HYBAS_L12": 4121155880.0, "Shape_Length": 0.032618446353164007 }, "geometry": { "type": "MultiLineString", "coordinates": [ [ [ 80.556249999999721, 8.456249999999848 ], [ 80.552083333333059, 8.456249999999848 ], [ 80.547916666666339, 8.460416666666553 ], [ 80.547916666666339, 8.472916666666528 ], [ 80.543749999999676, 8.477083333333191 ], [ 80.543749999999676, 8.481249999999882 ] ] ] } },
{ "type": "Feature", "properties": { "HYRIV_ID": 41399676, "NEXT_DOWN": 41399675, "MAIN_RIV": 41397865, "LENGTH_KM": 4.3200002, "DIST_DN_KM": 102.1, "DIST_UP_KM": 12.5, "CATCH_SKM": 9.1300001, "UPLAND_SKM": 44.599998, "ENDORHEIC": 0, "DIS_AV_CMS": 0.64700001, "ORD_STRA": 2, "ORD_CLAS": 4, "ORD_FLOW": 7, "HYBAS_L12": 4121155880.0, "Shape_Length": 0.039225889843192155 }, "geometry": { "type": "MultiLineString", "coordinates": [ [ [ 80.593749999999631, 8.460416666666553 ], [ 80.560416666666271, 8.460416666666553 ], [ 80.556249999999721, 8.456249999999848 ] ] ] } },
{ "type": "Feature", "properties": { "HYRIV_ID": 41399706, "NEXT_DOWN": 41399591, "MAIN_RIV": 41397865, "LENGTH_KM": 3.48, "DIST_DN_KM": 89.400002, "DIST_UP_KM": 7.7, "CATCH_SKM": 13.8, "UPLAND_SKM": 13.8, "ENDORHEIC": 0, "DIS_AV_CMS": 0.188, "ORD_STRA": 1, "ORD_CLAS": 3, "ORD_FLOW": 7, "HYBAS_L12": 4121155950.0, "Shape_Length": 0.031398057941396322 }, "geometry": { "type": "MultiLineString", "coordinates": [ [ [ 80.487499999999699, 8.449999999999868 ], [ 80.493749999999665, 8.456249999999848 ], [ 80.493749999999665, 8.460416666666553 ], [ 80.489583333332945, 8.464583333333216 ], [ 80.489583333332945, 8.477083333333191 ] ] ] } },
{ "type": "Feature", "properties": { "HYRIV_ID": 41399746, "NEXT_DOWN": 41399675, "MAIN_RIV": 41397865, "LENGTH_KM": 7.9699998, "DIST_DN_KM": 101.9, "DIST_UP_KM": 13.0, "CATCH_SKM": 27.82, "UPLAND_SKM": 27.8, "ENDORHEIC": 0, "DIS_AV_CMS": 0.406, "ORD_STRA": 1, "ORD_CLAS": 3, "ORD_FLOW": 7, "HYBAS_L12": 4121155880.0, "Shape_Length": 0.072349837627723165 }, "geometry": { "type": "MultiLineString", "coordinates": [ [ [ 80.620833333333024, 8.449999999999868 ], [ 80.614583333332945, 8.443749999999874 ], [ 80.597916666666293, 8.443749999999874 ], [ 80.593749999999631, 8.447916666666536 ], [ 80.589583333332968, 8.447916666666536 ], [ 80.585416666666305, 8.452083333333199 ], [ 80.564583333333047, 8.452083333333199 ], [ 80.560416666666271, 8.456249999999848 ], [ 80.556249999999721, 8.456249999999848 ] ] ] } },
{ "type": "Feature", "properties": { "HYRIV_ID": 41399769, "NEXT_DOWN": 41399673, "MAIN_RIV": 41397865, "LENGTH_KM": 2.27, "DIST_DN_KM": 78.199997, "DIST_UP_KM": 6.4, "CATCH_SKM": 14.65, "UPLAND_SKM": 14.7, "ENDORHEIC": 0, "DIS_AV_CMS": 0.186, "ORD_STRA": 1, "ORD_CLAS": 2, "ORD_FLOW": 7, "HYBAS_L12": 4121600940.0, "Shape_Length": 0.020475889843174184 }, "geometry": { "type": "MultiLineString", "coordinates": [ [ [ 80.356249999999619, 8.437499999999893 ], [ 80.356249999999619, 8.447916666666536 ], [ 80.360416666666282, 8.452083333333199 ], [ 80.360416666666282, 8.456249999999848 ] ] ] } },
{ "type": "Feature", "properties": { "HYRIV_ID": 41399818, "NEXT_DOWN": 41399673, "MAIN_RIV": 41397865, "LENGTH_KM": 3.53, "DIST_DN_KM": 78.400002, "DIST_UP_KM": 83.099998, "CATCH_SKM": 8.4899998, "UPLAND_SKM": 974.70001, "ENDORHEIC": 0, "DIS_AV_CMS": 14.235, "ORD_STRA": 3, "ORD_CLAS": 1, "ORD_FLOW": 5, "HYBAS_L12": 4121600940.0, "Shape_Length": 0.031903559372914475 }, "geometry": { "type": "MultiLineString", "coordinates": [ [ [ 80.37708333333299, 8.431249999999856 ], [ 80.37708333333299, 8.439583333333211 ], [ 80.360416666666282, 8.456249999999848 ] ] ] } },
{ "type": "Feature", "properties": { "HYRIV_ID": 41399819, "NEXT_DOWN": 41399818, "MAIN_RIV": 41397865, "LENGTH_KM": 2.45, "DIST_DN_KM": 81.800003, "DIST_UP_KM": 6.0, "CATCH_SKM": 11.68, "UPLAND_SKM": 11.7, "ENDORHEIC": 0, "DIS_AV_CMS": 0.151, "ORD_STRA": 1, "ORD_CLAS": 2, "ORD_FLOW": 7, "HYBAS_L12": 4121600940.0, "Shape_Length": 0.022201779686413941 }, "geometry": { "type": "MultiLineString", "coordinates": [ [ [ 80.395833333332945, 8.439583333333211 ], [ 80.389583333332979, 8.439583333333211 ], [ 80.381249999999653, 8.431249999999856 ], [ 80.37708333333299, 8.431249999999856 ] ] ] } },
{ "type": "Feature", "properties": { "HYRIV_ID": 41399864, "NEXT_DOWN": 41399591, "MAIN_RIV": 41397865, "LENGTH_KM": 7.6100001, "DIST_DN_KM": 89.599998, "DIST_UP_KM": 39.3, "CATCH_SKM": 42.889999, "UPLAND_SKM": 407.79999, "ENDORHEIC": 0, "DIS_AV_CMS": 5.8740001, "ORD_STRA": 3, "ORD_CLAS": 2, "ORD_FLOW": 6, "HYBAS_L12": 4121155950.0, "Shape_Length": 0.068688672392658523 }, "geometry": { "type": "MultiLineString", "coordinates": [ [ [ 80.518749999999642, 8.422916666666545 ], [ 80.514583333332979, 8.427083333333194 ], [ 80.514583333332979, 8.431249999999856 ], [ 80.510416666666316, 8.435416666666519 ], [ 80.510416666666316, 8.447916666666536 ], [ 80.50208333333299, 8.456249999999848 ], [ 80.50208333333299, 8.468749999999865 ], [ 80.497916666666271, 8.472916666666528 ], [ 80.493749999999665, 8.472916666666528 ], [ 80.489583333332945, 8.477083333333191 ] ] ] } },
{ "type": "Feature", "properties": { "HYRIV_ID": 41399865, "NEXT_DOWN": 41399864, "MAIN_RIV": 41397865, "LENGTH_KM": 1.8, "DIST_DN_KM": 97.0, "DIST_UP_KM": 6.0, "CATCH_SKM": 11.47, "UPLAND_SKM": 11.5, "ENDORHEIC": 0, "DIS_AV_CMS": 0.164, "ORD_STRA": 1, "ORD_CLAS": 3, "ORD_FLOW": 7, "HYBAS_L12": 4121155950.0, "Shape_Length": 0.016309223176541453 }, "geometry": { "type": "MultiLineString", "coordinates": [ [ [ 80.53333333333299, 8.427083333333194 ], [ 80.527083333333024, 8.427083333333194 ], [ 80.522916666666305, 8.422916666666545 ], [ 80.518749999999642, 8.422916666666545 ] ] ] } },
{ "type": "Feature", "properties": { "HYRIV_ID": 41399880, "NEXT_DOWN": 41399818, "MAIN_RIV": 41397865, "LENGTH_KM": 1.96, "DIST_DN_KM": 82.0, "DIST_UP_KM": 79.5, "CATCH_SKM": 6.37, "UPLAND_SKM": 954.59998, "ENDORHEIC": 0, "DIS_AV_CMS": 14.054, "ORD_STRA": 3, "ORD_CLAS": 1, "ORD_FLOW": 5, "HYBAS_L12": 4121600940.0, "Shape_Length": 0.017677669529667706 }, "geometry": { "type": "MultiLineString", "coordinates": [ [ [ 80.389583333332979, 8.418749999999839 ], [ 80.37708333333299, 8.431249999999856 ] ] ] } },
{ "type": "Feature", "properties": { "HYRIV_ID": 41399923, "NEXT_DOWN": 41399880, "MAIN_RIV": 41397865, "LENGTH_KM": 1.76, "DIST_DN_KM": 83.900002, "DIST_UP_KM": 77.599998, "CATCH_SKM": 2.97, "UPLAND_SKM": 935.70001, "ENDORHEIC": 0, "DIS_AV_CMS": 13.845, "ORD_STRA": 3, "ORD_CLAS": 1, "ORD_FLOW": 5, "HYBAS_L12": 4121600940.0, "Shape_Length": 0.015951779686474744 }, "geometry": { "type": "MultiLineString", "coordinates": [ [ [ 80.402083333333024, 8.410416666666528 ], [ 80.397916666666362, 8.414583333333219 ], [ 80.393749999999642, 8.414583333333219 ], [ 80.389583333332979, 8.418749999999839 ] ] ] } },
{ "type": "Feature", "properties": { "HYRIV_ID": 41399924, "NEXT_DOWN": 41399923, "MAIN_RIV": 41397865, "LENGTH_KM": 3.56, "DIST_DN_KM": 85.5, "DIST_UP_KM": 8.2, "CATCH_SKM": 14.23, "UPLAND_SKM": 14.2, "ENDORHEIC": 0, "DIS_AV_CMS": 0.188, "ORD_STRA": 1, "ORD_CLAS": 2, "ORD_FLOW": 7, "HYBAS_L12": 4121600940.0, "Shape_Length": 0.032261002862936816 }, "geometry": { "type": "MultiLineString", "coordinates": [ [ [ 80.424999999999642, 8.427083333333194 ], [ 80.418749999999676, 8.427083333333194 ], [ 80.41041666666635, 8.418749999999839 ], [ 80.41041666666635, 8.414583333333219 ], [ 80.406249999999687, 8.410416666666528 ], [ 80.402083333333024, 8.410416666666528 ] ] ] } },
{ "type": "Feature", "properties": { "HYRIV_ID": 41399946, "NEXT_DOWN": 41399880, "MAIN_RIV": 41397865, "LENGTH_KM": 2.09, "DIST_DN_KM": 83.699997, "DIST_UP_KM": 6.2, "CATCH_SKM": 12.53, "UPLAND_SKM": 12.5, "ENDORHEIC": 0, "DIS_AV_CMS": 0.16500001, "ORD_STRA": 1, "ORD_CLAS": 2, "ORD_FLOW": 7, "HYBAS_L12": 4121600940.0, "Shape_Length": 0.018898057941366779 }, "geometry": { "type": "MultiLineString", "coordinates": [ [ [ 80.379166666666293, 8.404166666666534 ], [ 80.389583333332979, 8.414583333333219 ], [ 80.389583333332979, 8.418749999999839 ] ] ] } },
{ "type": "Feature", "properties": { "HYRIV_ID": 41399947, "NEXT_DOWN": 41399923, "MAIN_RIV": 41397865, "LENGTH_KM": 0.65, "DIST_DN_KM": 85.699997, "DIST_UP_KM": 75.800003, "CATCH_SKM": 0.64, "UPLAND_SKM": 918.5, "ENDORHEIC": 0, "DIS_AV_CMS": 13.655, "ORD_STRA": 3, "ORD_CLAS": 1, "ORD_FLOW": 5, "HYBAS_L12": 4121600940.0, "Shape_Length": 0.0058925565098825365 }, "geometry": { "type": "MultiLineString", "coordinates": [ [ [ 80.406249999999687, 8.406249999999865 ], [ 80.402083333333024, 8.410416666666528 ] ] ] } },
{ "type": "Feature", "properties": { "HYRIV_ID": 41399948, "NEXT_DOWN": 41399864, "MAIN_RIV": 41397865, "LENGTH_KM": 2.23, "DIST_DN_KM": 97.199997, "DIST_UP_KM": 31.700001, "CATCH_SKM": 6.37, "UPLAND_SKM": 353.39999, "ENDORHEIC": 0, "DIS_AV_CMS": 5.1939998, "ORD_STRA": 3, "ORD_CLAS": 2, "ORD_FLOW": 6, "HYBAS_L12": 4121155950.0, "Shape_Length": 0.020118446353146958 }, "geometry": { "type": "MultiLineString", "coordinates": [ [ [ 80.527083333333024, 8.406249999999865 ], [ 80.522916666666305, 8.410416666666528 ], [ 80.522916666666305, 8.418749999999839 ], [ 80.518749999999642, 8.422916666666545 ] ] ] } },
{ "type": "Feature", "properties": { "HYRIV_ID": 41399966, "NEXT_DOWN": 41399988, "MAIN_RIV": 41397865, "LENGTH_KM": 7.2800002, "DIST_DN_KM": 113.3, "DIST_UP_KM": 9.8, "CATCH_SKM": 37.580002, "UPLAND_SKM": 37.599998, "ENDORHEIC": 0, "DIS_AV_CMS": 0.57, "ORD_STRA": 1, "ORD_CLAS": 4, "ORD_FLOW": 7, "HYBAS_L12": 4121156140.0, "Shape_Length": 0.065890452079121906 }, "geometry": { "type": "MultiLineString", "coordinates": [ [ [ 80.677083333333002, 8.441666666666542 ], [ 80.677083333333002, 8.435416666666519 ], [ 80.656249999999631, 8.414583333333219 ], [ 80.643749999999642, 8.414583333333219 ], [ 80.631249999999653, 8.402083333333202 ] ] ] } },
{ "type": "Feature", "properties": { "HYRIV_ID": 41399988, "NEXT_DOWN": 41400010, "MAIN_RIV": 41397865, "LENGTH_KM": 2.03, "DIST_DN_KM": 111.3, "DIST_UP_KM": 13.6, "CATCH_SKM": 8.4899998, "UPLAND_SKM": 72.599998, "ENDORHEIC": 0, "DIS_AV_CMS": 1.1, "ORD_STRA": 2, "ORD_CLAS": 3, "ORD_FLOW": 6, "HYBAS_L12": 4121156140.0, "Shape_Length": 0.018392556509917963 }, "geometry": { "type": "MultiLineString", "coordinates": [ [ [ 80.631249999999653, 8.402083333333202 ], [ 80.618749999999608, 8.402083333333202 ], [ 80.614583333332945, 8.397916666666553 ] ] ] } },
{ "type": "Feature", "properties": { "HYRIV_ID": 41400009, "NEXT_DOWN": 41399947, "MAIN_RIV": 41397865, "LENGTH_KM": 8.1, "DIST_DN_KM": 86.099998, "DIST_UP_KM": 12.0, "CATCH_SKM": 36.310001, "UPLAND_SKM": 36.3, "ENDORHEIC": 0, "DIS_AV_CMS": 0.495, "ORD_STRA": 1, "ORD_CLAS": 2, "ORD_FLOW": 7, "HYBAS_L12": 4121600940.0, "Shape_Length": 0.073360840490879153 }, "geometry": { "type": "MultiLineString", "coordinates": [ [ [ 80.466666666666328, 8.391666666666517 ], [ 80.460416666666305, 8.397916666666553 ], [ 80.452083333332922, 8.397916666666553 ], [ 80.44791666666643, 8.402083333333202 ], [ 80.443749999999596, 8.402083333333202 ], [ 80.439583333333047, 8.397916666666553 ], [ 80.431249999999608, 8.397916666666553 ], [ 80.427083333333059, 8.402083333333202 ], [ 80.422916666666396, 8.402083333333202 ], [ 80.414583333333013, 8.410416666666528 ], [ 80.41041666666635, 8.406249999999865 ], [ 80.406249999999687, 8.406249999999865 ] ] ] } },
{ "type": "Feature", "properties": { "HYRIV_ID": 41400010, "NEXT_DOWN": 41400030, "MAIN_RIV": 41397865, "LENGTH_KM": 3.33, "DIST_DN_KM": 107.7, "DIST_UP_KM": 17.1, "CATCH_SKM": 7.8600001, "UPLAND_SKM": 113.8, "ENDORHEIC": 0, "DIS_AV_CMS": 1.715, "ORD_STRA": 2, "ORD_CLAS": 3, "ORD_FLOW": 6, "HYBAS_L12": 4121156140.0, "Shape_Length": 0.030177669529646289 }, "geometry": { "type": "MultiLineString", "coordinates": [ [ [ 80.614583333332945, 8.397916666666553 ], [ 80.610416666666282, 8.397916666666553 ], [ 80.606249999999619, 8.402083333333202 ], [ 80.602083333332956, 8.402083333333202 ], [ 80.593749999999631, 8.393749999999848 ], [ 80.589583333332968, 8.393749999999848 ] ] ] } },
{ "type": "Feature", "properties": { "HYRIV_ID": 41400028, "NEXT_DOWN": 41399948, "MAIN_RIV": 41397865, "LENGTH_KM": 2.46, "DIST_DN_KM": 99.400002, "DIST_UP_KM": 6.5, "CATCH_SKM": 12.53, "UPLAND_SKM": 12.5, "ENDORHEIC": 0, "DIS_AV_CMS": 0.178, "ORD_STRA": 1, "ORD_CLAS": 3, "ORD_FLOW": 7, "HYBAS_L12": 4121155950.0, "Shape_Length": 0.022201779686478393 }, "geometry": { "type": "MultiLineString", "coordinates": [ [ [ 80.518749999999642, 8.387499999999854 ], [ 80.518749999999642, 8.393749999999848 ], [ 80.522916666666305, 8.397916666666553 ], [ 80.522916666666305, 8.402083333333202 ], [ 80.527083333333024, 8.406249999999865 ] ] ] } },
{ "type": "Feature", "properties": { "HYRIV_ID": 41400029, "NEXT_DOWN": 41399948, "MAIN_RIV": 41397865, "LENGTH_KM": 2.8800001, "DIST_DN_KM": 99.199997, "DIST_UP_KM": 29.6, "CATCH_SKM": 7.2199998, "UPLAND_SKM": 334.5, "ENDORHEIC": 0, "DIS_AV_CMS": 4.947, "ORD_STRA": 3, "ORD_CLAS": 2, "ORD_FLOW": 6, "HYBAS_L12": 4121155950.0, "Shape_Length": 0.02601100286300595 }, "geometry": { "type": "MultiLineString", "coordinates": [ [ [ 80.543749999999676, 8.389583333333185 ], [ 80.539583333333013, 8.393749999999848 ], [ 80.539583333333013, 8.397916666666553 ], [ 80.531249999999687, 8.406249999999865 ], [ 80.527083333333024, 8.406249999999865 ] ] ] } },
{ "type": "Feature", "properties": { "HYRIV_ID": 41400030, "NEXT_DOWN": 41400029, "MAIN_RIV": 41397865, "LENGTH_KM": 5.62, "DIST_DN_KM": 102.1, "DIST_UP_KM": 22.700001, "CATCH_SKM": 24.629999, "UPLAND_SKM": 146.3, "ENDORHEIC": 0, "DIS_AV_CMS": 2.171, "ORD_STRA": 2, "ORD_CLAS": 3, "ORD_FLOW": 6, "HYBAS_L12": 4121156140.0, "Shape_Length": 0.051011002862994266 }, "geometry": { "type": "MultiLineString", "coordinates": [ [ [ 80.589583333332968, 8.393749999999848 ], [ 80.585416666666305, 8.393749999999848 ], [ 80.581249999999756, 8.397916666666553 ], [ 80.564583333333047, 8.397916666666553 ], [ 80.560416666666271, 8.393749999999848 ], [ 80.552083333333059, 8.393749999999848 ], [ 80.547916666666339, 8.389583333333185 ], [ 80.543749999999676, 8.389583333333185 ] ] ] } },
{ "type": "Feature", "properties": { "HYRIV_ID": 41400031, "NEXT_DOWN": 41400030, "MAIN_RIV": 41397865, "LENGTH_KM": 0.69, "DIST_DN_KM": 107.7, "DIST_UP_KM": 4.0, "CATCH_SKM": 7.8600001, "UPLAND_SKM": 7.9, "ENDORHEIC": 0, "DIS_AV_CMS": 0.117, "ORD_STRA": 1, "ORD_CLAS": 4, "ORD_FLOW": 7, "HYBAS_L12": 4121156140.0, "Shape_Length": 0.0062499999999943157 }, "geometry": { "type": "MultiLineString", "coordinates": [ [ [ 80.589583333332968, 8.387499999999854 ], [ 80.589583333332968, 8.393749999999848 ] ] ] } },
{ "type": "Feature", "properties": { "HYRIV_ID": 41400054, "NEXT_DOWN": 41399947, "MAIN_RIV": 41397865, "LENGTH_KM": 2.5, "DIST_DN_KM": 86.300003, "DIST_UP_KM": 75.199997, "CATCH_SKM": 6.1599998, "UPLAND_SKM": 881.5, "ENDORHEIC": 0, "DIS_AV_CMS": 13.164, "ORD_STRA": 3, "ORD_CLAS": 1, "ORD_FLOW": 5, "HYBAS_L12": 4121600940.0, "Shape_Length": 0.022559223176548255 }, "geometry": { "type": "MultiLineString", "coordinates": [ [ [ 80.41041666666635, 8.385416666666536 ], [ 80.41041666666635, 8.402083333333202 ], [ 80.406249999999687, 8.406249999999865 ] ] ] } },
{ "type": "Feature", "properties": { "HYRIV_ID": 41400055, "NEXT_DOWN": 41399988, "MAIN_RIV": 41397865, "LENGTH_KM": 6.33, "DIST_DN_KM": 113.3, "DIST_UP_KM": 11.6, "CATCH_SKM": 26.549999, "UPLAND_SKM": 26.5, "ENDORHEIC": 0, "DIS_AV_CMS": 0.40700001, "ORD_STRA": 1, "ORD_CLAS": 3, "ORD_FLOW": 7, "HYBAS_L12": 4121156140.0, "Shape_Length": 0.057409060804367959 }, "geometry": { "type": "MultiLineString", "coordinates": [ [ [ 80.679166666666305, 8.391666666666517 ], [ 80.672916666666339, 8.385416666666536 ], [ 80.652083333332968, 8.385416666666536 ], [ 80.643749999999642, 8.393749999999848 ], [ 80.639583333332979, 8.393749999999848 ], [ 80.631249999999653, 8.402083333333202 ] ] ] } },
{ "type": "Feature", "properties": { "HYRIV_ID": 41400074, "NEXT_DOWN": 41400029, "MAIN_RIV": 41397865, "LENGTH_KM": 1.11, "DIST_DN_KM": 102.3, "DIST_UP_KM": 26.6, "CATCH_SKM": 0.85, "UPLAND_SKM": 181.0, "ENDORHEIC": 0, "DIS_AV_CMS": 2.697, "ORD_STRA": 2, "ORD_CLAS": 2, "ORD_FLOW": 6, "HYBAS_L12": 4121156170.0, "Shape_Length": 0.010059223176535365 }, "geometry": { "type": "MultiLineString", "coordinates": [ [ [ 80.547916666666339, 8.381249999999874 ], [ 80.547916666666339, 8.385416666666536 ], [ 80.543749999999676, 8.389583333333185 ] ] ] } },
{ "type": "Feature", "properties": { "HYRIV_ID": 41400096, "NEXT_DOWN": 41400054, "MAIN_RIV": 41397865, "LENGTH_KM": 3.37, "DIST_DN_KM": 88.800003, "DIST_UP_KM": 7.6, "CATCH_SKM": 17.84, "UPLAND_SKM": 17.8, "ENDORHEIC": 0, "DIS_AV_CMS": 0.24600001, "ORD_STRA": 1, "ORD_CLAS": 2, "ORD_FLOW": 7, "HYBAS_L12": 4121600940.0, "Shape_Length": 0.030535113019702947 }, "geometry": { "type": "MultiLineString", "coordinates": [ [ [ 80.437499999999631, 8.377083333333211 ], [ 80.422916666666396, 8.377083333333211 ], [ 80.418749999999676, 8.381249999999874 ], [ 80.414583333333013, 8.381249999999874 ], [ 80.41041666666635, 8.385416666666536 ] ] ] } },
{ "type": "Feature", "properties": { "HYRIV_ID": 41400097, "NEXT_DOWN": 41400074, "MAIN_RIV": 41397865, "LENGTH_KM": 0.46, "DIST_DN_KM": 103.2, "DIST_UP_KM": 25.700001, "CATCH_SKM": 0.42, "UPLAND_SKM": 169.89999, "ENDORHEIC": 0, "DIS_AV_CMS": 2.543, "ORD_STRA": 2, "ORD_CLAS": 2, "ORD_FLOW": 6, "HYBAS_L12": 4121156170.0, "Shape_Length": 0.0041666666666628771 }, "geometry": { "type": "MultiLineString", "coordinates": [ [ [ 80.547916666666339, 8.377083333333211 ], [ 80.547916666666339, 8.381249999999874 ] ] ] } },
{ "type": "Feature", "properties": { "HYRIV_ID": 41400138, "NEXT_DOWN": 41400054, "MAIN_RIV": 41397865, "LENGTH_KM": 1.85, "DIST_DN_KM": 88.599998, "DIST_UP_KM": 72.900002, "CATCH_SKM": 6.37, "UPLAND_SKM": 857.5, "ENDORHEIC": 0, "DIS_AV_CMS": 12.896, "ORD_STRA": 3, "ORD_CLAS": 1, "ORD_FLOW": 5, "HYBAS_L12": 4121600940.0, "Shape_Length": 0.01666666666667993 }, "geometry": { "type": "MultiLineString", "coordinates": [ [ [ 80.41041666666635, 8.368749999999856 ], [ 80.41041666666635, 8.385416666666536 ] ] ] } },
{ "type": "Feature", "properties": { "HYRIV_ID": 41400139, "NEXT_DOWN": 41400074, "MAIN_RIV": 41397865, "LENGTH_KM": 2.55, "DIST_DN_KM": 103.2, "DIST_UP_KM": 6.3, "CATCH_SKM": 10.19, "UPLAND_SKM": 10.2, "ENDORHEIC": 0, "DIS_AV_CMS": 0.147, "ORD_STRA": 1, "ORD_CLAS": 3, "ORD_FLOW": 7, "HYBAS_L12": 4121156170.0, "Shape_Length": 0.023064724608068129 }, "geometry": { "type": "MultiLineString", "coordinates": [ [ [ 80.53333333333299, 8.366666666666525 ], [ 80.539583333333013, 8.372916666666562 ], [ 80.539583333333013, 8.377083333333211 ], [ 80.543749999999676, 8.381249999999874 ], [ 80.547916666666339, 8.381249999999874 ] ] ] } },
{ "type": "Feature", "properties": { "HYRIV_ID": 41400161, "NEXT_DOWN": 41400138, "MAIN_RIV": 41397865, "LENGTH_KM": 1.89, "DIST_DN_KM": 90.5, "DIST_UP_KM": 5.8, "CATCH_SKM": 12.96, "UPLAND_SKM": 13.0, "ENDORHEIC": 0, "DIS_AV_CMS": 0.175, "ORD_STRA": 1, "ORD_CLAS": 2, "ORD_FLOW": 7, "HYBAS_L12": 4121601020.0, "Shape_Length": 0.017172168098209852 }, "geometry": { "type": "MultiLineString", "coordinates": [ [ [ 80.395833333332945, 8.362499999999862 ], [ 80.402083333333024, 8.368749999999856 ], [ 80.41041666666635, 8.368749999999856 ] ] ] } },
{ "type": "Feature", "properties": { "HYRIV_ID": 41400213, "NEXT_DOWN": 41400010, "MAIN_RIV": 41397865, "LENGTH_KM": 7.29, "DIST_DN_KM": 111.1, "DIST_UP_KM": 10.9, "CATCH_SKM": 33.34, "UPLAND_SKM": 33.3, "ENDORHEIC": 0, "DIS_AV_CMS": 0.50800002, "ORD_STRA": 1, "ORD_CLAS": 4, "ORD_FLOW": 7, "HYBAS_L12": 4121156140.0, "Shape_Length": 0.065890452079284817 }, "geometry": { "type": "MultiLineString", "coordinates": [ [ [ 80.658333333333104, 8.356249999999882 ], [ 80.652083333332968, 8.356249999999882 ], [ 80.643749999999642, 8.364583333333194 ], [ 80.643749999999642, 8.368749999999856 ], [ 80.62708333333299, 8.385416666666536 ], [ 80.622916666666271, 8.385416666666536 ], [ 80.614583333332945, 8.393749999999848 ], [ 80.614583333332945, 8.397916666666553 ] ] ] } },
{ "type": "Feature", "properties": { "HYRIV_ID": 41400239, "NEXT_DOWN": 41400138, "MAIN_RIV": 41397865, "LENGTH_KM": 1.85, "DIST_DN_KM": 90.5, "DIST_UP_KM": 71.0, "CATCH_SKM": 3.82, "UPLAND_SKM": 838.20001, "ENDORHEIC": 0, "DIS_AV_CMS": 12.683, "ORD_STRA": 3, "ORD_CLAS": 1, "ORD_FLOW": 5, "HYBAS_L12": 4121601020.0, "Shape_Length": 0.01666666666667993 }, "geometry": { "type": "MultiLineString", "coordinates": [ [ [ 80.41041666666635, 8.352083333333177 ], [ 80.41041666666635, 8.368749999999856 ] ] ] } },
{ "type": "Feature", "properties": { "HYRIV_ID": 41400240, "NEXT_DOWN": 41400097, "MAIN_RIV": 41397865, "LENGTH_KM": 5.79, "DIST_DN_KM": 103.7, "DIST_UP_KM": 9.1, "CATCH_SKM": 24.0, "UPLAND_SKM": 24.0, "ENDORHEIC": 0, "DIS_AV_CMS": 0.357, "ORD_STRA": 1, "ORD_CLAS": 3, "ORD_FLOW": 7, "HYBAS_L12": 4121156170.0, "Shape_Length": 0.052379449216127125 }, "geometry": { "type": "MultiLineString", "coordinates": [ [ [ 80.587499999999665, 8.352083333333177 ], [ 80.577083333332922, 8.352083333333177 ], [ 80.572916666666373, 8.356249999999882 ], [ 80.572916666666373, 8.360416666666545 ], [ 80.568749999999596, 8.364583333333194 ], [ 80.564583333333047, 8.364583333333194 ], [ 80.552083333333059, 8.377083333333211 ], [ 80.547916666666339, 8.377083333333211 ] ] ] } },
{ "type": "Feature", "properties": { "HYRIV_ID": 41400256, "NEXT_DOWN": 41400097, "MAIN_RIV": 41397865, "LENGTH_KM": 3.62, "DIST_DN_KM": 103.7, "DIST_UP_KM": 25.200001, "CATCH_SKM": 9.1300001, "UPLAND_SKM": 145.5, "ENDORHEIC": 0, "DIS_AV_CMS": 2.1830001, "ORD_STRA": 2, "ORD_CLAS": 2, "ORD_FLOW": 6, "HYBAS_L12": 4121156170.0, "Shape_Length": 0.032618446353093668 }, "geometry": { "type": "MultiLineString", "coordinates": [ [ [ 80.547916666666339, 8.347916666666556 ], [ 80.547916666666339, 8.356249999999882 ], [ 80.543749999999676, 8.360416666666545 ], [ 80.543749999999676, 8.364583333333194 ], [ 80.547916666666339, 8.368749999999856 ], [ 80.547916666666339, 8.377083333333211 ] ] ] } },
{ "type": "Feature", "properties": { "HYRIV_ID": 41400270, "NEXT_DOWN": 41400256, "MAIN_RIV": 41397865, "LENGTH_KM": 0.65, "DIST_DN_KM": 107.5, "DIST_UP_KM": 21.4, "CATCH_SKM": 0.64, "UPLAND_SKM": 120.6, "ENDORHEIC": 0, "DIS_AV_CMS": 1.8329999, "ORD_STRA": 2, "ORD_CLAS": 2, "ORD_FLOW": 6, "HYBAS_L12": 4121156170.0, "Shape_Length": 0.0058925565099428286 }, "geometry": { "type": "MultiLineString", "coordinates": [ [ [ 80.552083333333059, 8.343749999999865 ], [ 80.547916666666339, 8.347916666666556 ] ] ] } },
{ "type": "Feature", "properties": { "HYRIV_ID": 41400302, "NEXT_DOWN": 41400256, "MAIN_RIV": 41397865, "LENGTH_KM": 2.74, "DIST_DN_KM": 107.5, "DIST_UP_KM": 5.7, "CATCH_SKM": 15.72, "UPLAND_SKM": 15.7, "ENDORHEIC": 0, "DIS_AV_CMS": 0.23100001, "ORD_STRA": 1, "ORD_CLAS": 3, "ORD_FLOW": 7, "HYBAS_L12": 4121156170.0, "Shape_Length": 0.024790614451322093 }, "geometry": { "type": "MultiLineString", "coordinates": [ [ [ 80.529166666666271, 8.333333333333222 ], [ 80.53541666666635, 8.339583333333202 ], [ 80.539583333333013, 8.339583333333202 ], [ 80.547916666666339, 8.347916666666556 ] ] ] } },
{ "type": "Feature", "properties": { "HYRIV_ID": 41400347, "NEXT_DOWN": 41400371, "MAIN_RIV": 41397865, "LENGTH_KM": 2.72, "DIST_DN_KM": 98.900002, "DIST_UP_KM": 6.7, "CATCH_SKM": 16.99, "UPLAND_SKM": 17.0, "ENDORHEIC": 0, "DIS_AV_CMS": 0.243, "ORD_STRA": 1, "ORD_CLAS": 3, "ORD_FLOW": 7, "HYBAS_L12": 4121601020.0, "Shape_Length": 0.024642556509966683 }, "geometry": { "type": "MultiLineString", "coordinates": [ [ [ 80.47499999999971, 8.335416666666539 ], [ 80.464583333332968, 8.335416666666539 ], [ 80.464583333332968, 8.331249999999891 ], [ 80.460416666666305, 8.327083333333185 ], [ 80.456249999999642, 8.327083333333185 ] ] ] } },
{ "type": "Feature", "properties": { "HYRIV_ID": 41400348, "NEXT_DOWN": 41400270, "MAIN_RIV": 41397865, "LENGTH_KM": 2.56, "DIST_DN_KM": 108.0, "DIST_UP_KM": 6.6, "CATCH_SKM": 9.7700005, "UPLAND_SKM": 9.8, "ENDORHEIC": 0, "DIS_AV_CMS": 0.146, "ORD_STRA": 1, "ORD_CLAS": 3, "ORD_FLOW": 7, "HYBAS_L12": 4121156170.0, "Shape_Length": 0.023064724608108322 }, "geometry": { "type": "MultiLineString", "coordinates": [ [ [ 80.541666666666316, 8.324999999999854 ], [ 80.547916666666339, 8.331249999999891 ], [ 80.547916666666339, 8.335416666666539 ], [ 80.552083333333059, 8.339583333333202 ], [ 80.552083333333059, 8.343749999999865 ] ] ] } },
{ "type": "Feature", "properties": { "HYRIV_ID": 41400370, "NEXT_DOWN": 41400239, "MAIN_RIV": 41397865, "LENGTH_KM": 5.02, "DIST_DN_KM": 92.300003, "DIST_UP_KM": 16.6, "CATCH_SKM": 21.24, "UPLAND_SKM": 84.300003, "ENDORHEIC": 0, "DIS_AV_CMS": 1.202, "ORD_STRA": 2, "ORD_CLAS": 2, "ORD_FLOW": 6, "HYBAS_L12": 4121601020.0, "Shape_Length": 0.045414562235810488 }, "geometry": { "type": "MultiLineString", "coordinates": [ [ [ 80.443749999999596, 8.322916666666522 ], [ 80.414583333333013, 8.352083333333177 ], [ 80.41041666666635, 8.352083333333177 ] ] ] } },
{ "type": "Feature", "properties": { "HYRIV_ID": 41400371, "NEXT_DOWN": 41400370, "MAIN_RIV": 41397865, "LENGTH_KM": 1.5700001, "DIST_DN_KM": 97.400002, "DIST_UP_KM": 8.3, "CATCH_SKM": 2.97, "UPLAND_SKM": 30.6, "ENDORHEIC": 0, "DIS_AV_CMS": 0.438, "ORD_STRA": 2, "ORD_CLAS": 3, "ORD_FLOW": 7, "HYBAS_L12": 4121601020.0, "Shape_Length": 0.014225889843248485 }, "geometry": { "type": "MultiLineString", "coordinates": [ [ [ 80.456249999999642, 8.327083333333185 ], [ 80.452083333332922, 8.322916666666522 ], [ 80.443749999999596, 8.322916666666522 ] ] ] } },
{ "type": "Feature", "properties": { "HYRIV_ID": 41400387, "NEXT_DOWN": 41400371, "MAIN_RIV": 41397865, "LENGTH_KM": 2.74, "DIST_DN_KM": 99.099998, "DIST_UP_KM": 6.5, "CATCH_SKM": 10.62, "UPLAND_SKM": 10.6, "ENDORHEIC": 0, "DIS_AV_CMS": 0.154, "ORD_STRA": 1, "ORD_CLAS": 4, "ORD_FLOW": 7, "HYBAS_L12": 4121601020.0, "Shape_Length": 0.024790614451291951 }, "geometry": { "type": "MultiLineString", "coordinates": [ [ [ 80.47499999999971, 8.324999999999854 ], [ 80.468749999999631, 8.318749999999874 ], [ 80.464583333332968, 8.318749999999874 ], [ 80.456249999999642, 8.327083333333185 ] ] ] } },
{ "type": "Feature", "properties": { "HYRIV_ID": 41400405, "NEXT_DOWN": 41400427, "MAIN_RIV": 41397865, "LENGTH_KM": 1.4400001, "DIST_DN_KM": 118.0, "DIST_UP_KM": 5.7, "CATCH_SKM": 8.2799997, "UPLAND_SKM": 8.3, "ENDORHEIC": 0, "DIS_AV_CMS": 0.12800001, "ORD_STRA": 1, "ORD_CLAS": 3, "ORD_FLOW": 7, "HYBAS_L12": 4121156170.0, "Shape_Length": 0.013005501431546974 }, "geometry": { "type": "MultiLineString", "coordinates": [ [ [ 80.624999999999687, 8.320833333333205 ], [ 80.618749999999608, 8.314583333333211 ], [ 80.614583333332945, 8.314583333333211 ] ] ] } },
{ "type": "Feature", "properties": { "HYRIV_ID": 41400426, "NEXT_DOWN": 41400270, "MAIN_RIV": 41397865, "LENGTH_KM": 6.21, "DIST_DN_KM": 108.2, "DIST_UP_KM": 20.700001, "CATCH_SKM": 27.190001, "UPLAND_SKM": 110.2, "ENDORHEIC": 0, "DIS_AV_CMS": 1.68, "ORD_STRA": 2, "ORD_CLAS": 2, "ORD_FLOW": 6, "HYBAS_L12": 4121156170.0, "Shape_Length": 0.056188672392878898 }, "geometry": { "type": "MultiLineString", "coordinates": [ [ [ 80.581249999999756, 8.310416666666548 ], [ 80.568749999999596, 8.310416666666548 ], [ 80.560416666666271, 8.318749999999874 ], [ 80.564583333333047, 8.322916666666522 ], [ 80.560416666666271, 8.327083333333185 ], [ 80.560416666666271, 8.335416666666539 ], [ 80.552083333333059, 8.343749999999865 ] ] ] } },
{ "type": "Feature", "properties": { "HYRIV_ID": 41400427, "NEXT_DOWN": 41400426, "MAIN_RIV": 41397865, "LENGTH_KM": 3.86, "DIST_DN_KM": 114.4, "DIST_UP_KM": 14.5, "CATCH_SKM": 15.51, "UPLAND_SKM": 70.300003, "ENDORHEIC": 0, "DIS_AV_CMS": 1.0880001, "ORD_STRA": 2, "ORD_CLAS": 2, "ORD_FLOW": 6, "HYBAS_L12": 4121156170.0, "Shape_Length": 0.035059223176442285 }, "geometry": { "type": "MultiLineString", "coordinates": [ [ [ 80.614583333332945, 8.314583333333211 ], [ 80.585416666666305, 8.314583333333211 ], [ 80.581249999999756, 8.310416666666548 ] ] ] } },
{ "type": "Feature", "properties": { "HYRIV_ID": 41400466, "NEXT_DOWN": 41400426, "MAIN_RIV": 41397865, "LENGTH_KM": 1.4400001, "DIST_DN_KM": 114.2, "DIST_UP_KM": 5.3, "CATCH_SKM": 12.74, "UPLAND_SKM": 12.7, "ENDORHEIC": 0, "DIS_AV_CMS": 0.197, "ORD_STRA": 1, "ORD_CLAS": 3, "ORD_FLOW": 7, "HYBAS_L12": 4121156170.0, "Shape_Length": 0.013005501431454812 }, "geometry": { "type": "MultiLineString", "coordinates": [ [ [ 80.587499999999665, 8.299999999999862 ], [ 80.581249999999756, 8.306249999999856 ], [ 80.581249999999756, 8.310416666666548 ] ] ] } },
{ "type": "Feature", "properties": { "HYRIV_ID": 41400467, "NEXT_DOWN": 41400427, "MAIN_RIV": 41397865, "LENGTH_KM": 2.87, "DIST_DN_KM": 118.2, "DIST_UP_KM": 10.7, "CATCH_SKM": 12.74, "UPLAND_SKM": 46.5, "ENDORHEIC": 0, "DIS_AV_CMS": 0.73, "ORD_STRA": 2, "ORD_CLAS": 2, "ORD_FLOW": 7, "HYBAS_L12": 4121156170.0, "Shape_Length": 0.026011002863033657 }, "geometry": { "type": "MultiLineString", "coordinates": [ [ [ 80.635416666666316, 8.302083333333194 ], [ 80.62708333333299, 8.302083333333194 ], [ 80.614583333332945, 8.314583333333211 ] ] ] } },
{ "type": "Feature", "properties": { "HYRIV_ID": 41400468, "NEXT_DOWN": 41400467, "MAIN_RIV": 41397865, "LENGTH_KM": 2.9100001, "DIST_DN_KM": 120.9, "DIST_UP_KM": 6.0, "CATCH_SKM": 11.47, "UPLAND_SKM": 11.5, "ENDORHEIC": 0, "DIS_AV_CMS": 0.18, "ORD_STRA": 1, "ORD_CLAS": 3, "ORD_FLOW": 7, "HYBAS_L12": 4121156170.0, "Shape_Length": 0.026368446353076818 }, "geometry": { "type": "MultiLineString", "coordinates": [ [ [ 80.654166666666271, 8.314583333333211 ], [ 80.647916666666305, 8.314583333333211 ], [ 80.643749999999642, 8.310416666666548 ], [ 80.639583333332979, 8.310416666666548 ], [ 80.635416666666316, 8.306249999999856 ], [ 80.635416666666316, 8.302083333333194 ] ] ] } },
{ "type": "Feature", "properties": { "HYRIV_ID": 41400485, "NEXT_DOWN": 41400239, "MAIN_RIV": 41397865, "LENGTH_KM": 7.1500001, "DIST_DN_KM": 92.5, "DIST_UP_KM": 69.0, "CATCH_SKM": 29.950001, "UPLAND_SKM": 750.0, "ENDORHEIC": 0, "DIS_AV_CMS": 11.474, "ORD_STRA": 3, "ORD_CLAS": 1, "ORD_FLOW": 5, "HYBAS_L12": 4121601020.0, "Shape_Length": 0.064522005726012299 }, "geometry": { "type": "MultiLineString", "coordinates": [ [ [ 80.393749999999642, 8.297916666666531 ], [ 80.393749999999642, 8.310416666666548 ], [ 80.389583333332979, 8.314583333333211 ], [ 80.389583333332979, 8.318749999999874 ], [ 80.393749999999642, 8.322916666666522 ], [ 80.393749999999642, 8.327083333333185 ], [ 80.406249999999687, 8.339583333333202 ], [ 80.406249999999687, 8.347916666666556 ], [ 80.41041666666635, 8.352083333333177 ] ] ] } },
{ "type": "Feature", "properties": { "HYRIV_ID": 41400486, "NEXT_DOWN": 41400370, "MAIN_RIV": 41397865, "LENGTH_KM": 7.8400002, "DIST_DN_KM": 97.400002, "DIST_UP_KM": 11.6, "CATCH_SKM": 32.5, "UPLAND_SKM": 32.5, "ENDORHEIC": 0, "DIS_AV_CMS": 0.473, "ORD_STRA": 1, "ORD_CLAS": 2, "ORD_FLOW": 7, "HYBAS_L12": 4121601020.0, "Shape_Length": 0.070920063667452474 }, "geometry": { "type": "MultiLineString", "coordinates": [ [ [ 80.495833333333024, 8.304166666666568 ], [ 80.489583333332945, 8.297916666666531 ], [ 80.485416666666282, 8.297916666666531 ], [ 80.477083333332956, 8.306249999999856 ], [ 80.472916666666293, 8.306249999999856 ], [ 80.468749999999631, 8.302083333333194 ], [ 80.460416666666305, 8.302083333333194 ], [ 80.443749999999596, 8.318749999999874 ], [ 80.443749999999596, 8.322916666666522 ] ] ] } },
{ "type": "Feature", "properties": { "HYRIV_ID": 41400505, "NEXT_DOWN": 41400485, "MAIN_RIV": 41397865, "LENGTH_KM": 1.9, "DIST_DN_KM": 99.5, "DIST_UP_KM": 5.4, "CATCH_SKM": 13.38, "UPLAND_SKM": 13.4, "ENDORHEIC": 0, "DIS_AV_CMS": 0.188, "ORD_STRA": 1, "ORD_CLAS": 2, "ORD_FLOW": 7, "HYBAS_L12": 4121601020.0, "Shape_Length": 0.017172168098159607 }, "geometry": { "type": "MultiLineString", "coordinates": [ [ [ 80.379166666666293, 8.291666666666551 ], [ 80.385416666666316, 8.297916666666531 ], [ 80.393749999999642, 8.297916666666531 ] ] ] } },
{ "type": "Feature", "properties": { "HYRIV_ID": 41400549, "NEXT_DOWN": 41400467, "MAIN_RIV": 41397865, "LENGTH_KM": 4.77, "DIST_DN_KM": 120.9, "DIST_UP_KM": 8.0, "CATCH_SKM": 22.3, "UPLAND_SKM": 22.3, "ENDORHEIC": 0, "DIS_AV_CMS": 0.354, "ORD_STRA": 1, "ORD_CLAS": 2, "ORD_FLOW": 7, "HYBAS_L12": 4121156170.0, "Shape_Length": 0.043183170961122924 }, "geometry": { "type": "MultiLineString", "coordinates": [ [ [ 80.670833333332922, 8.283333333333182 ], [ 80.664583333333013, 8.289583333333219 ], [ 80.66041666666635, 8.289583333333219 ], [ 80.652083333332968, 8.297916666666531 ], [ 80.647916666666305, 8.297916666666531 ], [ 80.643749999999642, 8.302083333333194 ], [ 80.635416666666316, 8.302083333333194 ] ] ] } },
{ "type": "Feature", "properties": { "HYRIV_ID": 41400563, "NEXT_DOWN": 41400485, "MAIN_RIV": 41397865, "LENGTH_KM": 2.4200001, "DIST_DN_KM": 99.699997, "DIST_UP_KM": 61.8, "CATCH_SKM": 5.7399998, "UPLAND_SKM": 706.70001, "ENDORHEIC": 0, "DIS_AV_CMS": 11.004, "ORD_STRA": 3, "ORD_CLAS": 1, "ORD_FLOW": 5, "HYBAS_L12": 4121601020.0, "Shape_Length": 0.021844336196360732 }, "geometry": { "type": "MultiLineString", "coordinates": [ [ [ 80.406249999999687, 8.281249999999865 ], [ 80.402083333333024, 8.285416666666556 ], [ 80.402083333333024, 8.289583333333219 ], [ 80.393749999999642, 8.297916666666531 ] ] ] } },
{ "type": "Feature", "properties": { "HYRIV_ID": 41400648, "NEXT_DOWN": 41400563, "MAIN_RIV": 41397865, "LENGTH_KM": 7.12, "DIST_DN_KM": 101.9, "DIST_UP_KM": 59.599998, "CATCH_SKM": 29.1, "UPLAND_SKM": 630.0, "ENDORHEIC": 0, "DIS_AV_CMS": 9.9040003, "ORD_STRA": 3, "ORD_CLAS": 1, "ORD_FLOW": 6, "HYBAS_L12": 4121601100.0, "Shape_Length": 0.064522005725895476 }, "geometry": { "type": "MultiLineString", "coordinates": [ [ [ 80.460416666666305, 8.256249999999874 ], [ 80.452083333332922, 8.256249999999874 ], [ 80.443749999999596, 8.264583333333185 ], [ 80.439583333333047, 8.264583333333185 ], [ 80.435416666666271, 8.268749999999891 ], [ 80.427083333333059, 8.268749999999891 ], [ 80.418749999999676, 8.277083333333202 ], [ 80.414583333333013, 8.277083333333202 ], [ 80.41041666666635, 8.281249999999865 ], [ 80.406249999999687, 8.281249999999865 ] ] ] } },
{ "type": "Feature", "properties": { "HYRIV_ID": 41400649, "NEXT_DOWN": 41400648, "MAIN_RIV": 41397865, "LENGTH_KM": 2.72, "DIST_DN_KM": 109.0, "DIST_UP_KM": 8.0, "CATCH_SKM": 17.42, "UPLAND_SKM": 17.4, "ENDORHEIC": 0, "DIS_AV_CMS": 0.259, "ORD_STRA": 1, "ORD_CLAS": 2, "ORD_FLOW": 7, "HYBAS_L12": 4121601100.0, "Shape_Length": 0.024642556509936537 }, "geometry": { "type": "MultiLineString", "coordinates": [ [ [ 80.479166666666373, 8.264583333333185 ], [ 80.468749999999631, 8.264583333333185 ], [ 80.464583333332968, 8.260416666666522 ], [ 80.464583333332968, 8.256249999999874 ], [ 80.460416666666305, 8.256249999999874 ] ] ] } },
{ "type": "Feature", "properties": { "HYRIV_ID": 41400707, "NEXT_DOWN": 41400648, "MAIN_RIV": 41397865, "LENGTH_KM": 2.87, "DIST_DN_KM": 109.2, "DIST_UP_KM": 52.3, "CATCH_SKM": 14.23, "UPLAND_SKM": 583.5, "ENDORHEIC": 0, "DIS_AV_CMS": 9.3330002, "ORD_STRA": 3, "ORD_CLAS": 1, "ORD_FLOW": 6, "HYBAS_L12": 4121601100.0, "Shape_Length": 0.026011002862973361 }, "geometry": { "type": "MultiLineString", "coordinates": [ [ [ 80.481249999999619, 8.243749999999885 ], [ 80.477083333332956, 8.243749999999885 ], [ 80.468749999999631, 8.252083333333211 ], [ 80.464583333332968, 8.252083333333211 ], [ 80.460416666666305, 8.256249999999874 ] ] ] } },
{ "type": "Feature", "properties": { "HYRIV_ID": 41400708, "NEXT_DOWN": 41400707, "MAIN_RIV": 41397865, "LENGTH_KM": 2.75, "DIST_DN_KM": 111.9, "DIST_UP_KM": 49.599998, "CATCH_SKM": 7.8600001, "UPLAND_SKM": 526.59998, "ENDORHEIC": 0, "DIS_AV_CMS": 8.4899998, "ORD_STRA": 3, "ORD_CLAS": 1, "ORD_FLOW": 6, "HYBAS_L12": 4121601130.0, "Shape_Length": 0.025000000000034106 }, "geometry": { "type": "MultiLineString", "coordinates": [ [ [ 80.506249999999653, 8.243749999999885 ], [ 80.481249999999619, 8.243749999999885 ] ] ] } },
{ "type": "Feature", "properties": { "HYRIV_ID": 41400709, "NEXT_DOWN": 41400708, "MAIN_RIV": 41397865, "LENGTH_KM": 2.29, "DIST_DN_KM": 114.7, "DIST_UP_KM": 46.8, "CATCH_SKM": 7.2199998, "UPLAND_SKM": 499.79999, "ENDORHEIC": 0, "DIS_AV_CMS": 8.1210003, "ORD_STRA": 3, "ORD_CLAS": 1, "ORD_FLOW": 6, "HYBAS_L12": 4121601130.0, "Shape_Length": 0.020833333333371229 }, "geometry": { "type": "MultiLineString", "coordinates": [ [ [ 80.527083333333024, 8.243749999999885 ], [ 80.506249999999653, 8.243749999999885 ] ] ] } },
{ "type": "Feature", "properties": { "HYRIV_ID": 41400710, "NEXT_DOWN": 41400709, "MAIN_RIV": 41397865, "LENGTH_KM": 1.4400001, "DIST_DN_KM": 117.0, "DIST_UP_KM": 4.5, "CATCH_SKM": 11.05, "UPLAND_SKM": 11.0, "ENDORHEIC": 0, "DIS_AV_CMS": 0.168, "ORD_STRA": 1, "ORD_CLAS": 2, "ORD_FLOW": 7, "HYBAS_L12": 4121601130.0, "Shape_Length": 0.013005501431466584 }, "geometry": { "type": "MultiLineString", "coordinates": [ [ [ 80.53333333333299, 8.254166666666542 ], [ 80.527083333333024, 8.247916666666548 ], [ 80.527083333333024, 8.243749999999885 ] ] ] } },
{ "type": "Feature", "properties": { "HYRIV_ID": 41400711, "NEXT_DOWN": 41400709, "MAIN_RIV": 41397865, "LENGTH_KM": 1.38, "DIST_DN_KM": 117.0, "DIST_UP_KM": 44.5, "CATCH_SKM": 4.25, "UPLAND_SKM": 481.5, "ENDORHEIC": 0, "DIS_AV_CMS": 7.8850002, "ORD_STRA": 3, "ORD_CLAS": 1, "ORD_FLOW": 6, "HYBAS_L12": 4121601130.0, "Shape_Length": 0.012499999999988631 }, "geometry": { "type": "MultiLineString", "coordinates": [ [ [ 80.539583333333013, 8.243749999999885 ], [ 80.527083333333024, 8.243749999999885 ] ] ] } },
{ "type": "Feature", "properties": { "HYRIV_ID": 41400729, "NEXT_DOWN": 41400711, "MAIN_RIV": 41397865, "LENGTH_KM": 0.65, "DIST_DN_KM": 118.5, "DIST_UP_KM": 43.0, "CATCH_SKM": 1.06, "UPLAND_SKM": 430.89999, "ENDORHEIC": 0, "DIS_AV_CMS": 7.1009998, "ORD_STRA": 3, "ORD_CLAS": 1, "ORD_FLOW": 6, "HYBAS_L12": 4121601130.0, "Shape_Length": 0.0058925565099026333 }, "geometry": { "type": "MultiLineString", "coordinates": [ [ [ 80.543749999999676, 8.239583333333194 ], [ 80.539583333333013, 8.243749999999885 ] ] ] } },
{ "type": "Feature", "properties": { "HYRIV_ID": 41400730, "NEXT_DOWN": 41400729, "MAIN_RIV": 41397865, "LENGTH_KM": 2.28, "DIST_DN_KM": 119.2, "DIST_UP_KM": 5.3, "CATCH_SKM": 12.11, "UPLAND_SKM": 12.1, "ENDORHEIC": 0, "DIS_AV_CMS": 0.18700001, "ORD_STRA": 1, "ORD_CLAS": 2, "ORD_FLOW": 7, "HYBAS_L12": 4121601130.0, "Shape_Length": 0.02062394778458888 }, "geometry": { "type": "MultiLineString", "coordinates": [ [ [ 80.558333333332968, 8.254166666666542 ], [ 80.543749999999676, 8.239583333333194 ] ] ] } },
{ "type": "Feature", "properties": { "HYRIV_ID": 41400731, "NEXT_DOWN": 41400797, "MAIN_RIV": 41397865, "LENGTH_KM": 5.8800001, "DIST_DN_KM": 129.3, "DIST_UP_KM": 9.2, "CATCH_SKM": 27.83, "UPLAND_SKM": 27.8, "ENDORHEIC": 0, "DIS_AV_CMS": 0.445, "ORD_STRA": 1, "ORD_CLAS": 3, "ORD_FLOW": 7, "HYBAS_L12": 4121156440.0, "Shape_Length": 0.053242394137845761 }, "geometry": { "type": "MultiLineString", "coordinates": [ [ [ 80.658333333333104, 8.237499999999862 ], [ 80.652083333332968, 8.243749999999885 ], [ 80.647916666666305, 8.243749999999885 ], [ 80.643749999999642, 8.247916666666548 ], [ 80.635416666666316, 8.247916666666548 ], [ 80.631249999999653, 8.252083333333211 ], [ 80.622916666666271, 8.252083333333211 ], [ 80.614583333332945, 8.243749999999885 ] ] ] } },
{ "type": "Feature", "properties": { "HYRIV_ID": 41400796, "NEXT_DOWN": 41400729, "MAIN_RIV": 41397865, "LENGTH_KM": 2.87, "DIST_DN_KM": 119.2, "DIST_UP_KM": 42.3, "CATCH_SKM": 7.2199998, "UPLAND_SKM": 417.79999, "ENDORHEIC": 0, "DIS_AV_CMS": 6.9039998, "ORD_STRA": 3, "ORD_CLAS": 1, "ORD_FLOW": 6, "HYBAS_L12": 4121601130.0, "Shape_Length": 0.026011002862986861 }, "geometry": { "type": "MultiLineString", "coordinates": [ [ [ 80.564583333333047, 8.227083333333219 ], [ 80.560416666666271, 8.231249999999868 ], [ 80.556249999999721, 8.231249999999868 ], [ 80.552083333333059, 8.235416666666531 ], [ 80.547916666666339, 8.235416666666531 ], [ 80.543749999999676, 8.239583333333194 ] ] ] } },
{ "type": "Feature", "properties": { "HYRIV_ID": 41400797, "NEXT_DOWN": 41400796, "MAIN_RIV": 41397865, "LENGTH_KM": 7.2, "DIST_DN_KM": 121.9, "DIST_UP_KM": 28.9, "CATCH_SKM": 23.58, "UPLAND_SKM": 137.2, "ENDORHEIC": 0, "DIS_AV_CMS": 2.207, "ORD_STRA": 2, "ORD_CLAS": 2, "ORD_FLOW": 6, "HYBAS_L12": 4121156440.0, "Shape_Length": 0.065236892706091315 }, "geometry": { "type": "MultiLineString", "coordinates": [ [ [ 80.614583333332945, 8.243749999999885 ], [ 80.610416666666282, 8.243749999999885 ], [ 80.606249999999619, 8.247916666666548 ], [ 80.597916666666293, 8.247916666666548 ], [ 80.593749999999631, 8.243749999999885 ], [ 80.585416666666305, 8.243749999999885 ], [ 80.581249999999756, 8.239583333333194 ], [ 80.581249999999756, 8.235416666666531 ], [ 80.577083333332922, 8.231249999999868 ], [ 80.577083333332922, 8.227083333333219 ], [ 80.564583333333047, 8.227083333333219 ] ] ] } },
{ "type": "Feature", "properties": { "HYRIV_ID": 41400820, "NEXT_DOWN": 41400796, "MAIN_RIV": 41397865, "LENGTH_KM": 0.65, "DIST_DN_KM": 122.0, "DIST_UP_KM": 39.5, "CATCH_SKM": 0.42, "UPLAND_SKM": 273.29999, "ENDORHEIC": 0, "DIS_AV_CMS": 4.619, "ORD_STRA": 3, "ORD_CLAS": 1, "ORD_FLOW": 6, "HYBAS_L12": 4121156450.0, "Shape_Length": 0.0058925565098021477 }, "geometry": { "type": "MultiLineString", "coordinates": [ [ [ 80.568749999999596, 8.222916666666556 ], [ 80.564583333333047, 8.227083333333219 ] ] ] } },
{ "type": "Feature", "properties": { "HYRIV_ID": 41400821, "NEXT_DOWN": 41400797, "MAIN_RIV": 41397865, "LENGTH_KM": 2.8800001, "DIST_DN_KM": 129.10001, "DIST_UP_KM": 21.700001, "CATCH_SKM": 6.1599998, "UPLAND_SKM": 85.800003, "ENDORHEIC": 0, "DIS_AV_CMS": 1.418, "ORD_STRA": 2, "ORD_CLAS": 2, "ORD_FLOW": 6, "HYBAS_L12": 4121156440.0, "Shape_Length": 0.026011002863031932 }, "geometry": { "type": "MultiLineString", "coordinates": [ [ [ 80.62708333333299, 8.222916666666556 ], [ 80.614583333332945, 8.235416666666531 ], [ 80.614583333332945, 8.243749999999885 ] ] ] } },
{ "type": "Feature", "properties": { "HYRIV_ID": 41400836, "NEXT_DOWN": 41400821, "MAIN_RIV": 41397865, "LENGTH_KM": 0.98, "DIST_DN_KM": 132.10001, "DIST_UP_KM": 4.5, "CATCH_SKM": 6.8, "UPLAND_SKM": 6.8, "ENDORHEIC": 0, "DIS_AV_CMS": 0.111, "ORD_STRA": 1, "ORD_CLAS": 3, "ORD_FLOW": 7, "HYBAS_L12": 4121156440.0, "Shape_Length": 0.0088388347648238053 }, "geometry": { "type": "MultiLineString", "coordinates": [ [ [ 80.620833333333024, 8.216666666666534 ], [ 80.62708333333299, 8.222916666666556 ] ] ] } },
{ "type": "Feature", "properties": { "HYRIV_ID": 41400850, "NEXT_DOWN": 41400820, "MAIN_RIV": 41397865, "LENGTH_KM": 2.55, "DIST_DN_KM": 122.7, "DIST_UP_KM": 6.0, "CATCH_SKM": 8.71, "UPLAND_SKM": 8.7, "ENDORHEIC": 0, "DIS_AV_CMS": 0.14, "ORD_STRA": 1, "ORD_CLAS": 2, "ORD_FLOW": 7, "HYBAS_L12": 4121156450.0, "Shape_Length": 0.023064724608129136 }, "geometry": { "type": "MultiLineString", "coordinates": [ [ [ 80.587499999999665, 8.212499999999871 ], [ 80.581249999999756, 8.218749999999851 ], [ 80.572916666666373, 8.218749999999851 ], [ 80.568749999999596, 8.222916666666556 ] ] ] } },
{ "type": "Feature", "properties": { "HYRIV_ID": 41400885, "NEXT_DOWN": 41400821, "MAIN_RIV": 41397865, "LENGTH_KM": 3.52, "DIST_DN_KM": 131.89999, "DIST_UP_KM": 18.8, "CATCH_SKM": 11.26, "UPLAND_SKM": 72.900002, "ENDORHEIC": 0, "DIS_AV_CMS": 1.214, "ORD_STRA": 2, "ORD_CLAS": 2, "ORD_FLOW": 6, "HYBAS_L12": 4121156440.0, "Shape_Length": 0.031903559372875992 }, "geometry": { "type": "MultiLineString", "coordinates": [ [ [ 80.652083333332968, 8.206249999999876 ], [ 80.647916666666305, 8.210416666666539 ], [ 80.643749999999642, 8.210416666666539 ], [ 80.631249999999653, 8.222916666666556 ], [ 80.62708333333299, 8.222916666666556 ] ] ] } },
{ "type": "Feature", "properties": { "HYRIV_ID": 41400886, "NEXT_DOWN": 41400885, "MAIN_RIV": 41397865, "LENGTH_KM": 0.69, "DIST_DN_KM": 135.5, "DIST_UP_KM": 4.6, "CATCH_SKM": 7.2199998, "UPLAND_SKM": 7.2, "ENDORHEIC": 0, "DIS_AV_CMS": 0.119, "ORD_STRA": 1, "ORD_CLAS": 3, "ORD_FLOW": 7, "HYBAS_L12": 4121156440.0, "Shape_Length": 0.0062500000001364242 }, "geometry": { "type": "MultiLineString", "coordinates": [ [ [ 80.658333333333104, 8.206249999999876 ], [ 80.652083333332968, 8.206249999999876 ] ] ] } },
{ "type": "Feature", "properties": { "HYRIV_ID": 41400914, "NEXT_DOWN": 41400820, "MAIN_RIV": 41397865, "LENGTH_KM": 3.53, "DIST_DN_KM": 122.5, "DIST_UP_KM": 39.0, "CATCH_SKM": 7.2199998, "UPLAND_SKM": 264.20001, "ENDORHEIC": 0, "DIS_AV_CMS": 4.4770002, "ORD_STRA": 3, "ORD_CLAS": 1, "ORD_FLOW": 6, "HYBAS_L12": 4121156450.0, "Shape_Length": 0.031903559373069358 }, "geometry": { "type": "MultiLineString", "coordinates": [ [ [ 80.577083333332922, 8.197916666666522 ], [ 80.568749999999596, 8.206249999999876 ], [ 80.568749999999596, 8.210416666666539 ], [ 80.572916666666373, 8.214583333333202 ], [ 80.568749999999596, 8.218749999999851 ], [ 80.568749999999596, 8.222916666666556 ] ] ] } },
{ "type": "Feature", "properties": { "HYRIV_ID": 41400915, "NEXT_DOWN": 41400914, "MAIN_RIV": 41397865, "LENGTH_KM": 0.69, "DIST_DN_KM": 126.0, "DIST_UP_KM": 4.5, "CATCH_SKM": 7.6500001, "UPLAND_SKM": 7.6, "ENDORHEIC": 0, "DIS_AV_CMS": 0.125, "ORD_STRA": 1, "ORD_CLAS": 2, "ORD_FLOW": 7, "HYBAS_L12": 4121156450.0, "Shape_Length": 0.0062500000000795808 }, "geometry": { "type": "MultiLineString", "coordinates": [ [ [ 80.583333333333002, 8.197916666666522 ], [ 80.577083333332922, 8.197916666666522 ] ] ] } },
{ "type": "Feature", "properties": { "HYRIV_ID": 41400929, "NEXT_DOWN": 41400885, "MAIN_RIV": 41397865, "LENGTH_KM": 2.4100001, "DIST_DN_KM": 135.7, "DIST_UP_KM": 15.1, "CATCH_SKM": 10.62, "UPLAND_SKM": 54.400002, "ENDORHEIC": 0, "DIS_AV_CMS": 0.91799998, "ORD_STRA": 2, "ORD_CLAS": 2, "ORD_FLOW": 7, "HYBAS_L12": 4121156440.0, "Shape_Length": 0.02184433619638743 }, "geometry": { "type": "MultiLineString", "coordinates": [ [ [ 80.668749999999676, 8.193749999999859 ], [ 80.66041666666635, 8.202083333333228 ], [ 80.656249999999631, 8.202083333333228 ], [ 80.652083333332968, 8.206249999999876 ] ] ] } },
{ "type": "Feature", "properties": { "HYRIV_ID": 41400951, "NEXT_DOWN": 41400563, "MAIN_RIV": 41397865, "LENGTH_KM": 13.79, "DIST_DN_KM": 102.1, "DIST_UP_KM": 16.5, "CATCH_SKM": 70.959999, "UPLAND_SKM": 71.0, "ENDORHEIC": 0, "DIS_AV_CMS": 1.058, "ORD_STRA": 1, "ORD_CLAS": 2, "ORD_FLOW": 6, "HYBAS_L12": 4121601100.0, "Shape_Length": 0.12451990129520386 }, "geometry": { "type": "MultiLineString", "coordinates": [ [ [ 80.449999999999676, 8.185416666666548 ], [ 80.443749999999596, 8.185416666666548 ], [ 80.435416666666271, 8.193749999999859 ], [ 80.435416666666271, 8.218749999999851 ], [ 80.422916666666396, 8.231249999999868 ], [ 80.422916666666396, 8.235416666666531 ], [ 80.418749999999676, 8.239583333333194 ], [ 80.418749999999676, 8.243749999999885 ], [ 80.414583333333013, 8.247916666666548 ], [ 80.414583333333013, 8.252083333333211 ], [ 80.406249999999687, 8.260416666666522 ], [ 80.406249999999687, 8.264583333333185 ], [ 80.402083333333024, 8.268749999999891 ], [ 80.406249999999687, 8.272916666666539 ], [ 80.402083333333024, 8.277083333333202 ], [ 80.406249999999687, 8.281249999999865 ] ] ] } },
{ "type": "Feature", "properties": { "HYRIV_ID": 41400952, "NEXT_DOWN": 41400708, "MAIN_RIV": 41397865, "LENGTH_KM": 7.4699998, "DIST_DN_KM": 114.7, "DIST_UP_KM": 11.3, "CATCH_SKM": 18.91, "UPLAND_SKM": 18.9, "ENDORHEIC": 0, "DIS_AV_CMS": 0.297, "ORD_STRA": 1, "ORD_CLAS": 2, "ORD_FLOW": 7, "HYBAS_L12": 4121601130.0, "Shape_Length": 0.067320226039551373 }, "geometry": { "type": "MultiLineString", "coordinates": [ [ [ 80.522916666666305, 8.183333333333216 ], [ 80.522916666666305, 8.210416666666539 ], [ 80.518749999999642, 8.214583333333202 ], [ 80.518749999999642, 8.227083333333219 ], [ 80.506249999999653, 8.239583333333194 ], [ 80.506249999999653, 8.243749999999885 ] ] ] } },
{ "type": "Feature", "properties": { "HYRIV_ID": 41400972, "NEXT_DOWN": 41400929, "MAIN_RIV": 41397865, "LENGTH_KM": 1.62, "DIST_DN_KM": 137.89999, "DIST_UP_KM": 5.7, "CATCH_SKM": 8.0699997, "UPLAND_SKM": 8.1, "ENDORHEIC": 0, "DIS_AV_CMS": 0.13600001, "ORD_STRA": 1, "ORD_CLAS": 3, "ORD_FLOW": 7, "HYBAS_L12": 4121156440.0, "Shape_Length": 0.014583333333305859 }, "geometry": { "type": "MultiLineString", "coordinates": [ [ [ 80.668749999999676, 8.179166666666553 ], [ 80.668749999999676, 8.193749999999859 ] ] ] } },
{ "type": "Feature", "properties": { "HYRIV_ID": 41401000, "NEXT_DOWN": 41400914, "MAIN_RIV": 41397865, "LENGTH_KM": 2.78, "DIST_DN_KM": 126.0, "DIST_UP_KM": 35.5, "CATCH_SKM": 8.71, "UPLAND_SKM": 249.3, "ENDORHEIC": 0, "DIS_AV_CMS": 4.2639999, "ORD_STRA": 3, "ORD_CLAS": 1, "ORD_FLOW": 6, "HYBAS_L12": 4121156450.0, "Shape_Length": 0.024999999999991473 }, "geometry": { "type": "MultiLineString", "coordinates": [ [ [ 80.577083333332922, 8.172916666666531 ], [ 80.577083333332922, 8.197916666666522 ] ] ] } },
{ "type": "Feature", "properties": { "HYRIV_ID": 41401018, "NEXT_DOWN": 41401000, "MAIN_RIV": 41397865, "LENGTH_KM": 4.29, "DIST_DN_KM": 128.8, "DIST_UP_KM": 7.8, "CATCH_SKM": 17.85, "UPLAND_SKM": 17.8, "ENDORHEIC": 0, "DIS_AV_CMS": 0.294, "ORD_STRA": 1, "ORD_CLAS": 2, "ORD_FLOW": 7, "HYBAS_L12": 4121156450.0, "Shape_Length": 0.038868446353215881 }, "geometry": { "type": "MultiLineString", "coordinates": [ [ [ 80.612499999999699, 8.172916666666531 ], [ 80.602083333332956, 8.172916666666531 ], [ 80.597916666666293, 8.168749999999868 ], [ 80.589583333332968, 8.168749999999868 ], [ 80.585416666666305, 8.172916666666531 ], [ 80.577083333332922, 8.172916666666531 ] ] ] } },
{ "type": "Feature", "properties": { "HYRIV_ID": 41401031, "NEXT_DOWN": 41400707, "MAIN_RIV": 41397865, "LENGTH_KM": 9.79, "DIST_DN_KM": 111.9, "DIST_UP_KM": 13.0, "CATCH_SKM": 42.709999, "UPLAND_SKM": 42.700001, "ENDORHEIC": 0, "DIS_AV_CMS": 0.66799998, "ORD_STRA": 1, "ORD_CLAS": 2, "ORD_FLOW": 7, "HYBAS_L12": 4121601130.0, "Shape_Length": 0.088153559372867465 }, "geometry": { "type": "MultiLineString", "coordinates": [ [ [ 80.497916666666271, 8.162499999999888 ], [ 80.497916666666271, 8.218749999999851 ], [ 80.493749999999665, 8.222916666666556 ], [ 80.493749999999665, 8.227083333333219 ], [ 80.481249999999619, 8.239583333333194 ], [ 80.481249999999619, 8.243749999999885 ] ] ] } },
{ "type": "Feature", "properties": { "HYRIV_ID": 41401064, "NEXT_DOWN": 41401000, "MAIN_RIV": 41397865, "LENGTH_KM": 2.6900001, "DIST_DN_KM": 129.0, "DIST_UP_KM": 32.5, "CATCH_SKM": 5.9499998, "UPLAND_SKM": 222.7, "ENDORHEIC": 0, "DIS_AV_CMS": 3.8540001, "ORD_STRA": 3, "ORD_CLAS": 1, "ORD_FLOW": 6, "HYBAS_L12": 4121156450.0, "Shape_Length": 0.024285113019792175 }, "geometry": { "type": "MultiLineString", "coordinates": [ [ [ 80.585416666666305, 8.152083333333231 ], [ 80.581249999999756, 8.156249999999851 ], [ 80.581249999999756, 8.168749999999868 ], [ 80.577083333332922, 8.172916666666531 ] ] ] } },
{ "type": "Feature", "properties": { "HYRIV_ID": 41401078, "NEXT_DOWN": 41401064, "MAIN_RIV": 41397865, "LENGTH_KM": 7.1599998, "DIST_DN_KM": 131.5, "DIST_UP_KM": 9.8, "CATCH_SKM": 16.57, "UPLAND_SKM": 16.6, "ENDORHEIC": 0, "DIS_AV_CMS": 0.278, "ORD_STRA": 1, "ORD_CLAS": 2, "ORD_FLOW": 7, "HYBAS_L12": 4121156450.0, "Shape_Length": 0.064879449216058913 }, "geometry": { "type": "MultiLineString", "coordinates": [ [ [ 80.641666666666282, 8.147916666666539 ], [ 80.62708333333299, 8.147916666666539 ], [ 80.622916666666271, 8.152083333333231 ], [ 80.618749999999608, 8.152083333333231 ], [ 80.614583333332945, 8.156249999999851 ], [ 80.610416666666282, 8.152083333333231 ], [ 80.606249999999619, 8.152083333333231 ], [ 80.602083333332956, 8.147916666666539 ], [ 80.597916666666293, 8.152083333333231 ], [ 80.585416666666305, 8.152083333333231 ] ] ] } },
{ "type": "Feature", "properties": { "HYRIV_ID": 41401148, "NEXT_DOWN": 41400929, "MAIN_RIV": 41397865, "LENGTH_KM": 8.1300001, "DIST_DN_KM": 138.10001, "DIST_UP_KM": 12.7, "CATCH_SKM": 35.700001, "UPLAND_SKM": 35.700001, "ENDORHEIC": 0, "DIS_AV_CMS": 0.60799998, "ORD_STRA": 1, "ORD_CLAS": 2, "ORD_FLOW": 7, "HYBAS_L12": 4121156440.0, "Shape_Length": 0.073360840490739071 }, "geometry": { "type": "MultiLineString", "coordinates": [ [ [ 80.687499999999631, 8.133333333333191 ], [ 80.693749999999596, 8.139583333333213 ], [ 80.693749999999596, 8.152083333333231 ], [ 80.685416666666384, 8.160416666666556 ], [ 80.685416666666384, 8.168749999999868 ], [ 80.677083333333002, 8.177083333333236 ], [ 80.677083333333002, 8.185416666666548 ], [ 80.668749999999676, 8.193749999999859 ] ] ] } },
{ "type": "Feature", "properties": { "HYRIV_ID": 41401177, "NEXT_DOWN": 41400711, "MAIN_RIV": 41397865, "LENGTH_KM": 14.62, "DIST_DN_KM": 118.3, "DIST_UP_KM": 17.200001, "CATCH_SKM": 46.32, "UPLAND_SKM": 46.3, "ENDORHEIC": 0, "DIS_AV_CMS": 0.74299997, "ORD_STRA": 1, "ORD_CLAS": 2, "ORD_FLOW": 7, "HYBAS_L12": 4121601130.0, "Shape_Length": 0.13169417382416218 }, "geometry": { "type": "MultiLineString", "coordinates": [ [ [ 80.562499999999631, 8.124999999999879 ], [ 80.556249999999721, 8.131249999999859 ], [ 80.556249999999721, 8.160416666666556 ], [ 80.547916666666339, 8.168749999999868 ], [ 80.547916666666339, 8.177083333333236 ], [ 80.543749999999676, 8.181249999999842 ], [ 80.543749999999676, 8.206249999999876 ], [ 80.539583333333013, 8.210416666666539 ], [ 80.539583333333013, 8.227083333333219 ], [ 80.53541666666635, 8.231249999999868 ], [ 80.53541666666635, 8.235416666666531 ], [ 80.539583333333013, 8.239583333333194 ], [ 80.539583333333013, 8.243749999999885 ] ] ] } },
{ "type": "Feature", "properties": { "HYRIV_ID": 41401178, "NEXT_DOWN": 41401064, "MAIN_RIV": 41397865, "LENGTH_KM": 3.1600001, "DIST_DN_KM": 131.5, "DIST_UP_KM": 30.0, "CATCH_SKM": 9.9899998, "UPLAND_SKM": 200.2, "ENDORHEIC": 0, "DIS_AV_CMS": 3.497, "ORD_STRA": 3, "ORD_CLAS": 1, "ORD_FLOW": 6, "HYBAS_L12": 4121156450.0, "Shape_Length": 0.028451779686477587 }, "geometry": { "type": "MultiLineString", "coordinates": [ [ [ 80.593749999999631, 8.127083333333196 ], [ 80.589583333332968, 8.131249999999859 ], [ 80.589583333332968, 8.135416666666565 ], [ 80.585416666666305, 8.139583333333213 ], [ 80.585416666666305, 8.152083333333231 ] ] ] } },
{ "type": "Feature", "properties": { "HYRIV_ID": 41401190, "NEXT_DOWN": 41401178, "MAIN_RIV": 41397865, "LENGTH_KM": 0.65, "DIST_DN_KM": 134.89999, "DIST_UP_KM": 26.6, "CATCH_SKM": 0.21, "UPLAND_SKM": 181.10001, "ENDORHEIC": 0, "DIS_AV_CMS": 3.194, "ORD_STRA": 3, "ORD_CLAS": 1, "ORD_FLOW": 6, "HYBAS_L12": 4121156450.0, "Shape_Length": 0.0058925565098724882 }, "geometry": { "type": "MultiLineString", "coordinates": [ [ [ 80.597916666666293, 8.122916666666548 ], [ 80.593749999999631, 8.127083333333196 ] ] ] } },
{ "type": "Feature", "properties": { "HYRIV_ID": 41401226, "NEXT_DOWN": 41401178, "MAIN_RIV": 41397865, "LENGTH_KM": 2.09, "DIST_DN_KM": 134.89999, "DIST_UP_KM": 5.2, "CATCH_SKM": 9.1400003, "UPLAND_SKM": 9.1, "ENDORHEIC": 0, "DIS_AV_CMS": 0.156, "ORD_STRA": 1, "ORD_CLAS": 2, "ORD_FLOW": 7, "HYBAS_L12": 4121156450.0, "Shape_Length": 0.018898057941359171 }, "geometry": { "type": "MultiLineString", "coordinates": [ [ [ 80.583333333333002, 8.112499999999862 ], [ 80.589583333332968, 8.118749999999885 ], [ 80.589583333332968, 8.122916666666548 ], [ 80.593749999999631, 8.127083333333196 ] ] ] } },
{ "type": "Feature", "properties": { "HYRIV_ID": 41401341, "NEXT_DOWN": 41401190, "MAIN_RIV": 41397865, "LENGTH_KM": 7.33, "DIST_DN_KM": 135.3, "DIST_UP_KM": 26.200001, "CATCH_SKM": 27.84, "UPLAND_SKM": 154.89999, "ENDORHEIC": 0, "DIS_AV_CMS": 2.743, "ORD_STRA": 3, "ORD_CLAS": 1, "ORD_FLOW": 6, "HYBAS_L12": 4121156450.0, "Shape_Length": 0.06624789556921358 }, "geometry": { "type": "MultiLineString", "coordinates": [ [ [ 80.635416666666316, 8.085416666666539 ], [ 80.631249999999653, 8.089583333333188 ], [ 80.631249999999653, 8.102083333333205 ], [ 80.614583333332945, 8.118749999999885 ], [ 80.614583333332945, 8.122916666666548 ], [ 80.610416666666282, 8.127083333333196 ], [ 80.606249999999619, 8.122916666666548 ], [ 80.597916666666293, 8.122916666666548 ] ] ] } },
{ "type": "Feature", "properties": { "HYRIV_ID": 41401376, "NEXT_DOWN": 41401190, "MAIN_RIV": 41397865, "LENGTH_KM": 5.9899998, "DIST_DN_KM": 135.3, "DIST_UP_KM": 9.0, "CATCH_SKM": 25.93, "UPLAND_SKM": 25.9, "ENDORHEIC": 0, "DIS_AV_CMS": 0.45100001, "ORD_STRA": 1, "ORD_CLAS": 2, "ORD_FLOW": 7, "HYBAS_L12": 4121156450.0, "Shape_Length": 0.053957281117969845 }, "geometry": { "type": "MultiLineString", "coordinates": [ [ [ 80.612499999999699, 8.074999999999882 ], [ 80.606249999999619, 8.081249999999876 ], [ 80.606249999999619, 8.093749999999851 ], [ 80.602083333332956, 8.097916666666556 ], [ 80.602083333332956, 8.114583333333179 ], [ 80.597916666666293, 8.118749999999885 ], [ 80.597916666666293, 8.122916666666548 ] ] ] } },
{ "type": "Feature", "properties": { "HYRIV_ID": 41401390, "NEXT_DOWN": 41401341, "MAIN_RIV": 41397865, "LENGTH_KM": 4.25, "DIST_DN_KM": 142.7, "DIST_UP_KM": 10.9, "CATCH_SKM": 12.75, "UPLAND_SKM": 31.0, "ENDORHEIC": 0, "DIS_AV_CMS": 0.547, "ORD_STRA": 2, "ORD_CLAS": 2, "ORD_FLOW": 7, "HYBAS_L12": 4121601210.0, "Shape_Length": 0.038511002863008792 }, "geometry": { "type": "MultiLineString", "coordinates": [ [ [ 80.668749999999676, 8.072916666666565 ], [ 80.656249999999631, 8.072916666666565 ], [ 80.647916666666305, 8.081249999999876 ], [ 80.643749999999642, 8.081249999999876 ], [ 80.639583333332979, 8.085416666666539 ], [ 80.635416666666316, 8.085416666666539 ] ] ] } },
{ "type": "Feature", "properties": { "HYRIV_ID": 41401391, "NEXT_DOWN": 41401390, "MAIN_RIV": 41397865, "LENGTH_KM": 2.56, "DIST_DN_KM": 147.10001, "DIST_UP_KM": 6.5, "CATCH_SKM": 8.5, "UPLAND_SKM": 8.5, "ENDORHEIC": 0, "DIS_AV_CMS": 0.15, "ORD_STRA": 1, "ORD_CLAS": 2, "ORD_FLOW": 7, "HYBAS_L12": 4121601210.0, "Shape_Length": 0.023064724607991902 }, "geometry": { "type": "MultiLineString", "coordinates": [ [ [ 80.679166666666305, 8.091666666666519 ], [ 80.672916666666339, 8.085416666666539 ], [ 80.672916666666339, 8.077083333333213 ], [ 80.668749999999676, 8.072916666666565 ] ] ] } },
{ "type": "Feature", "properties": { "HYRIV_ID": 41401392, "NEXT_DOWN": 41401390, "MAIN_RIV": 41397865, "LENGTH_KM": 1.8, "DIST_DN_KM": 146.89999, "DIST_UP_KM": 5.1, "CATCH_SKM": 9.7799997, "UPLAND_SKM": 9.8, "ENDORHEIC": 0, "DIS_AV_CMS": 0.175, "ORD_STRA": 1, "ORD_CLAS": 3, "ORD_FLOW": 7, "HYBAS_L12": 4121601210.0, "Shape_Length": 0.016309223176501259 }, "geometry": { "type": "MultiLineString", "coordinates": [ [ [ 80.683333333332968, 8.077083333333213 ], [ 80.677083333333002, 8.077083333333213 ], [ 80.672916666666339, 8.072916666666565 ], [ 80.668749999999676, 8.072916666666565 ] ] ] } },
{ "type": "Feature", "properties": { "HYRIV_ID": 41401405, "NEXT_DOWN": 41401341, "MAIN_RIV": 41397865, "LENGTH_KM": 2.04, "DIST_DN_KM": 142.7, "DIST_UP_KM": 18.8, "CATCH_SKM": 4.6799998, "UPLAND_SKM": 96.099998, "ENDORHEIC": 0, "DIS_AV_CMS": 1.749, "ORD_STRA": 2, "ORD_CLAS": 1, "ORD_FLOW": 6, "HYBAS_L12": 4121601210.0, "Shape_Length": 0.018392556509887102 }, "geometry": { "type": "MultiLineString", "coordinates": [ [ [ 80.639583333332979, 8.068749999999859 ], [ 80.635416666666316, 8.072916666666565 ], [ 80.635416666666316, 8.085416666666539 ] ] ] } },
{ "type": "Feature", "properties": { "HYRIV_ID": 41401418, "NEXT_DOWN": 41401405, "MAIN_RIV": 41397865, "LENGTH_KM": 0.69, "DIST_DN_KM": 144.7, "DIST_UP_KM": 3.8, "CATCH_SKM": 6.3800001, "UPLAND_SKM": 6.4, "ENDORHEIC": 0, "DIS_AV_CMS": 0.115, "ORD_STRA": 1, "ORD_CLAS": 2, "ORD_FLOW": 7, "HYBAS_L12": 4121601210.0, "Shape_Length": 0.0062499999999943157 }, "geometry": { "type": "MultiLineString", "coordinates": [ [ [ 80.639583333332979, 8.062499999999865 ], [ 80.639583333332979, 8.068749999999859 ] ] ] } },
{ "type": "Feature", "properties": { "HYRIV_ID": 41401472, "NEXT_DOWN": 41401405, "MAIN_RIV": 41397865, "LENGTH_KM": 4.4400001, "DIST_DN_KM": 144.89999, "DIST_UP_KM": 16.6, "CATCH_SKM": 13.6, "UPLAND_SKM": 85.0, "ENDORHEIC": 0, "DIS_AV_CMS": 1.558, "ORD_STRA": 2, "ORD_CLAS": 1, "ORD_FLOW": 6, "HYBAS_L12": 4121601210.0, "Shape_Length": 0.040236892706211801 }, "geometry": { "type": "MultiLineString", "coordinates": [ [ [ 80.672916666666339, 8.052083333333222 ], [ 80.668749999999676, 8.056249999999885 ], [ 80.66041666666635, 8.056249999999885 ], [ 80.656249999999631, 8.060416666666548 ], [ 80.652083333332968, 8.060416666666548 ], [ 80.647916666666305, 8.064583333333196 ], [ 80.643749999999642, 8.064583333333196 ], [ 80.639583333332979, 8.068749999999859 ] ] ] } },
{ "type": "Feature", "properties": { "HYRIV_ID": 41401473, "NEXT_DOWN": 41401472, "MAIN_RIV": 41397865, "LENGTH_KM": 4.48, "DIST_DN_KM": 149.3, "DIST_UP_KM": 7.7, "CATCH_SKM": 20.620001, "UPLAND_SKM": 20.6, "ENDORHEIC": 0, "DIS_AV_CMS": 0.375, "ORD_STRA": 1, "ORD_CLAS": 2, "ORD_FLOW": 7, "HYBAS_L12": 4121601210.0, "Shape_Length": 0.040594336196331612 }, "geometry": { "type": "MultiLineString", "coordinates": [ [ [ 80.708333333332945, 8.056249999999885 ], [ 80.702083333332922, 8.056249999999885 ], [ 80.697916666666373, 8.052083333333222 ], [ 80.693749999999596, 8.052083333333222 ], [ 80.689583333333047, 8.056249999999885 ], [ 80.677083333333002, 8.056249999999885 ], [ 80.672916666666339, 8.052083333333222 ] ] ] } },
{ "type": "Feature", "properties": { "HYRIV_ID": 41401523, "NEXT_DOWN": 41401472, "MAIN_RIV": 41397865, "LENGTH_KM": 1.77, "DIST_DN_KM": 149.3, "DIST_UP_KM": 12.2, "CATCH_SKM": 2.55, "UPLAND_SKM": 50.8, "ENDORHEIC": 0, "DIS_AV_CMS": 0.94800001, "ORD_STRA": 2, "ORD_CLAS": 1, "ORD_FLOW": 7, "HYBAS_L12": 4121601210.0, "Shape_Length": 0.015951779686448047 }, "geometry": { "type": "MultiLineString", "coordinates": [ [ [ 80.681249999999665, 8.039583333333205 ], [ 80.681249999999665, 8.043749999999868 ], [ 80.672916666666339, 8.052083333333222 ] ] ] } },
{ "type": "Feature", "properties": { "HYRIV_ID": 41401581, "NEXT_DOWN": 41401523, "MAIN_RIV": 41397865, "LENGTH_KM": 3.85, "DIST_DN_KM": 150.89999, "DIST_UP_KM": 7.6, "CATCH_SKM": 13.6, "UPLAND_SKM": 13.6, "ENDORHEIC": 0, "DIS_AV_CMS": 0.25400001, "ORD_STRA": 1, "ORD_CLAS": 2, "ORD_FLOW": 7, "HYBAS_L12": 4121601210.0, "Shape_Length": 0.034849837627770469 }, "geometry": { "type": "MultiLineString", "coordinates": [ [ [ 80.708333333332945, 8.020833333333208 ], [ 80.702083333332922, 8.027083333333188 ], [ 80.697916666666373, 8.027083333333188 ], [ 80.685416666666384, 8.039583333333205 ], [ 80.681249999999665, 8.039583333333205 ] ] ] } },
{ "type": "Feature", "properties": { "HYRIV_ID": 41401673, "NEXT_DOWN": 41401523, "MAIN_RIV": 41397865, "LENGTH_KM": 4.5500002, "DIST_DN_KM": 150.89999, "DIST_UP_KM": 10.6, "CATCH_SKM": 13.82, "UPLAND_SKM": 34.599998, "ENDORHEIC": 0, "DIS_AV_CMS": 0.65100002, "ORD_STRA": 2, "ORD_CLAS": 1, "ORD_FLOW": 7, "HYBAS_L12": 4121601210.0, "Shape_Length": 0.040951779686519911 }, "geometry": { "type": "MultiLineString", "coordinates": [ [ [ 80.681249999999665, 8.002083333333196 ], [ 80.681249999999665, 8.018749999999876 ], [ 80.685416666666384, 8.022916666666525 ], [ 80.685416666666384, 8.027083333333188 ], [ 80.681249999999665, 8.031249999999893 ], [ 80.681249999999665, 8.039583333333205 ] ] ] } },
{ "type": "Feature", "properties": { "HYRIV_ID": 41401709, "NEXT_DOWN": 41401673, "MAIN_RIV": 41397865, "LENGTH_KM": 2.09, "DIST_DN_KM": 155.7, "DIST_UP_KM": 4.8, "CATCH_SKM": 8.5, "UPLAND_SKM": 8.5, "ENDORHEIC": 0, "DIS_AV_CMS": 0.162, "ORD_STRA": 1, "ORD_CLAS": 2, "ORD_FLOW": 7, "HYBAS_L12": 4121601210.0, "Shape_Length": 0.018898057941339072 }, "geometry": { "type": "MultiLineString", "coordinates": [ [ [ 80.695833333332956, 7.991666666666553 ], [ 80.689583333333047, 7.997916666666534 ], [ 80.685416666666384, 7.997916666666534 ], [ 80.681249999999665, 8.002083333333196 ] ] ] } },
{ "type": "Feature", "properties": { "HYRIV_ID": 41401768, "NEXT_DOWN": 41401673, "MAIN_RIV": 41397865, "LENGTH_KM": 2.9300001, "DIST_DN_KM": 155.7, "DIST_UP_KM": 5.8, "CATCH_SKM": 12.33, "UPLAND_SKM": 12.3, "ENDORHEIC": 0, "DIS_AV_CMS": 0.235, "ORD_STRA": 1, "ORD_CLAS": 1, "ORD_FLOW": 7, "HYBAS_L12": 4121601210.0, "Shape_Length": 0.026368446353111839 }, "geometry": { "type": "MultiLineString", "coordinates": [ [ [ 80.681249999999665, 7.979166666666536 ], [ 80.681249999999665, 7.985416666666559 ], [ 80.677083333333002, 7.989583333333179 ], [ 80.677083333333002, 7.997916666666534 ], [ 80.681249999999665, 8.002083333333196 ] ] ] } }
]
}
