{
"type": "FeatureCollection",
"name": "main_river_41399660",
"crs": { "type": "name", "properties": { "name": "urn:ogc:def:crs:OGC:1.3:CRS84" } },
"features": [
{ "type": "Feature", "properties": { "HYRIV_ID": 41399660, "NEXT_DOWN": 0, "MAIN_RIV": 41399660, "LENGTH_KM": 0.46, "DIST_DN_KM": 0.0, "DIST_UP_KM": 329.79999, "CATCH_SKM": 0.42, "UPLAND_SKM": 10161.2, "ENDORHEIC": 0, "DIS_AV_CMS": 235.604, "ORD_STRA": 5, "ORD_CLAS": 1, "ORD_FLOW": 4, "HYBAS_L12": 4120049680.0, "Shape_Length": 0.0041666666666628771 }, "geometry": { "type": "Polygon", "coordinates": [ ] } },
{ "type": "Feature", "properties": { "HYRIV_ID": 41399677, "NEXT_DOWN": 41399660, "MAIN_RIV": 41399660, "LENGTH_KM": 0.69, "DIST_DN_KM": 0.7, "DIST_UP_KM": 4.9, "CATCH_SKM": 5.9499998, "UPLAND_SKM": 5.9, "ENDORHEIC": 0, "DIS_AV_CMS": 0.108, "ORD_STRA": 1, "ORD_CLAS": 2, "ORD_FLOW": 7, "HYBAS_L12": 4120049680.0, "Shape_Length": 0.0062500000000369482 }, "geometry": { "type": "Polygon", "coordinates": [ ] } },
{ "type": "Feature", "properties": { "HYRIV_ID": 41399730, "NEXT_DOWN": 41399660, "MAIN_RIV": 41399660, "LENGTH_KM": 1.58, "DIST_DN_KM": 0.9, "DIST_UP_KM": 329.20001, "CATCH_SKM": 2.55, "UPLAND_SKM": 10155.0, "ENDORHEIC": 0, "DIS_AV_CMS": 235.619, "ORD_STRA": 5, "ORD_CLAS": 1, "ORD_FLOW": 4, "HYBAS_L12": 4120049680.0, "Shape_Length": 0.014225889843304616 }, "geometry": { "type": "Polygon", "coordinates": [ ] } },
{ "type": "Feature", "properties": { "HYRIV_ID": 41399848, "NEXT_DOWN": 41399730, "MAIN_RIV": 41399660, "LENGTH_KM": 2.8800001, "DIST_DN_KM": 2.3, "DIST_UP_KM": 327.79999, "CATCH_SKM": 4.25, "UPLAND_SKM": 10094.5, "ENDORHEIC": 0, "DIS_AV_CMS": 234.924, "ORD_STRA": 5, "ORD_CLAS": 1, "ORD_FLOW": 4, "HYBAS_L12": 4120049680.0, "Shape_Length": 0.02601100286299346 }, "geometry": { "type": "Polygon", "coordinates": [ ] } },
{ "type": "Feature", "properties": { "HYRIV_ID": 41399905, "NEXT_DOWN": 41399848, "MAIN_RIV": 41399660, "LENGTH_KM": 4.9, "DIST_DN_KM": 5.3, "DIST_UP_KM": 324.70001, "CATCH_SKM": 24.84, "UPLAND_SKM": 9971.7998, "ENDORHEIC": 0, "DIS_AV_CMS": 233.25101, "ORD_STRA": 5, "ORD_CLAS": 1, "ORD_FLOW": 4, "HYBAS_L12": 4121156050.0, "Shape_Length": 0.044403559372825446 }, "geometry": { "type": "Polygon", "coordinates": [ ] } },
{ "type": "Feature", "properties": { "HYRIV_ID": 41399993, "NEXT_DOWN": 41399730, "MAIN_RIV": 41399660, "LENGTH_KM": 16.129999, "DIST_DN_KM": 2.3, "DIST_UP_KM": 19.0, "CATCH_SKM": 57.970001, "UPLAND_SKM": 58.0, "ENDORHEIC": 0, "DIS_AV_CMS": 1.027, "ORD_STRA": 1, "ORD_CLAS": 2, "ORD_FLOW": 6, "HYBAS_L12": 4120049680.0, "Shape_Length": 0.14606812160864091 }, "geometry": { "type": "Polygon", "coordinates": [ ] } },
{ "type": "Feature", "properties": { "HYRIV_ID": 41399994, "NEXT_DOWN": 41399848, "MAIN_RIV": 41399660, "LENGTH_KM": 8.8100004, "DIST_DN_KM": 5.3, "DIST_UP_KM": 24.3, "CATCH_SKM": 26.76, "UPLAND_SKM": 118.5, "ENDORHEIC": 0, "DIS_AV_CMS": 2.223, "ORD_STRA": 2, "ORD_CLAS": 2, "ORD_FLOW": 6, "HYBAS_L12": 4121156040.0, "Shape_Length": 0.07975889843218209 }, "geometry": { "type": "Polygon", "coordinates": [ ] } },
{ "type": "Feature", "properties": { "HYRIV_ID": 41400059, "NEXT_DOWN": 41399905, "MAIN_RIV": 41399660, "LENGTH_KM": 4.46, "DIST_DN_KM": 10.2, "DIST_UP_KM": 319.79999, "CATCH_SKM": 7.64, "UPLAND_SKM": 9898.5, "ENDORHEIC": 0, "DIS_AV_CMS": 233.043, "ORD_STRA": 5, "ORD_CLAS": 1, "ORD_FLOW": 4, "HYBAS_L12": 4121156050.0, "Shape_Length": 0.040236892706203474 }, "geometry": { "type": "Polygon", "coordinates": [ ] } },
{ "type": "Feature", "properties": { "HYRIV_ID": 41400076, "NEXT_DOWN": 41400059, "MAIN_RIV": 41399660, "LENGTH_KM": 1.4400001, "DIST_DN_KM": 14.5, "DIST_UP_KM": 5.8, "CATCH_SKM": 11.89, "UPLAND_SKM": 11.9, "ENDORHEIC": 0, "DIS_AV_CMS": 0.222, "ORD_STRA": 1, "ORD_CLAS": 2, "ORD_FLOW": 7, "HYBAS_L12": 4121156050.0, "Shape_Length": 0.013005501431466584 }, "geometry": { "type": "Polygon", "coordinates": [ ] } },
{ "type": "Feature", "properties": { "HYRIV_ID": 41400100, "NEXT_DOWN": 41400101, "MAIN_RIV": 41399660, "LENGTH_KM": 0.69, "DIST_DN_KM": 15.6, "DIST_UP_KM": 4.8, "CATCH_SKM": 7.0100002, "UPLAND_SKM": 7.0, "ENDORHEIC": 0, "DIS_AV_CMS": 0.129, "ORD_STRA": 1, "ORD_CLAS": 2, "ORD_FLOW": 7, "HYBAS_L12": 4121156050.0, "Shape_Length": 0.0062499999999943157 }, "geometry": { "type": "Polygon", "coordinates": [ ] } },
{ "type": "Feature", "properties": { "HYRIV_ID": 41400101, "NEXT_DOWN": 41400059, "MAIN_RIV": 41399660, "LENGTH_KM": 1.11, "DIST_DN_KM": 14.5, "DIST_UP_KM": 315.5, "CATCH_SKM": 1.7, "UPLAND_SKM": 9879.0, "ENDORHEIC": 0, "DIS_AV_CMS": 233.67, "ORD_STRA": 5, "ORD_CLAS": 1, "ORD_FLOW": 4, "HYBAS_L12": 4121156050.0, "Shape_Length": 0.010059223176545413 }, "geometry": { "type": "Polygon", "coordinates": [ ] } },
{ "type": "Feature", "properties": { "HYRIV_ID": 41400121, "NEXT_DOWN": 41400122, "MAIN_RIV": 41399660, "LENGTH_KM": 2.26, "DIST_DN_KM": 17.5, "DIST_UP_KM": 5.0, "CATCH_SKM": 6.1599998, "UPLAND_SKM": 6.2, "ENDORHEIC": 0, "DIS_AV_CMS": 0.116, "ORD_STRA": 1, "ORD_CLAS": 3, "ORD_FLOW": 7, "HYBAS_L12": 4121156040.0, "Shape_Length": 0.020475889843164136 }, "geometry": { "type": "Polygon", "coordinates": [ ] } },
{ "type": "Feature", "properties": { "HYRIV_ID": 41400122, "NEXT_DOWN": 41399994, "MAIN_RIV": 41399660, "LENGTH_KM": 3.35, "DIST_DN_KM": 14.0, "DIST_UP_KM": 15.7, "CATCH_SKM": 11.89, "UPLAND_SKM": 62.400002, "ENDORHEIC": 0, "DIS_AV_CMS": 1.186, "ORD_STRA": 2, "ORD_CLAS": 2, "ORD_FLOW": 6, "HYBAS_L12": 4121156040.0, "Shape_Length": 0.030177669529654616 }, "geometry": { "type": "Polygon", "coordinates": [ ] } },
{ "type": "Feature", "properties": { "HYRIV_ID": 41400164, "NEXT_DOWN": 41399905, "MAIN_RIV": 41399660, "LENGTH_KM": 16.700001, "DIST_DN_KM": 10.1, "DIST_UP_KM": 20.700001, "CATCH_SKM": 48.419998, "UPLAND_SKM": 48.400002, "ENDORHEIC": 0, "DIS_AV_CMS": 0.87400001, "ORD_STRA": 1, "ORD_CLAS": 2, "ORD_FLOW": 7, "HYBAS_L12": 4121156050.0, "Shape_Length": 0.15124579113857547 }, "geometry": { "type": "Polygon", "coordinates": [ ] } },
{ "type": "Feature", "properties": { "HYRIV_ID": 41400165, "NEXT_DOWN": 41400101, "MAIN_RIV": 41399660, "LENGTH_KM": 1.77, "DIST_DN_KM": 15.8, "DIST_UP_KM": 314.20001, "CATCH_SKM": 2.55, "UPLAND_SKM": 9870.2998, "ENDORHEIC": 0, "DIS_AV_CMS": 233.756, "ORD_STRA": 5, "ORD_CLAS": 1, "ORD_FLOW": 4, "HYBAS_L12": 4121156050.0, "Shape_Length": 0.015951779686460534 }, "geometry": { "type": "Polygon", "coordinates": [ ] } },
{ "type": "Feature", "properties": { "HYRIV_ID": 41400166, "NEXT_DOWN": 41400165, "MAIN_RIV": 41399660, "LENGTH_KM": 0.98, "DIST_DN_KM": 17.6, "DIST_UP_KM": 6.0, "CATCH_SKM": 6.8, "UPLAND_SKM": 6.8, "ENDORHEIC": 0, "DIS_AV_CMS": 0.12800001, "ORD_STRA": 1, "ORD_CLAS": 2, "ORD_FLOW": 7, "HYBAS_L12": 4121156050.0, "Shape_Length": 0.0088388347647936592 }, "geometry": { "type": "Polygon", "coordinates": [ ] } },
{ "type": "Feature", "properties": { "HYRIV_ID": 41400275, "NEXT_DOWN": 41400165, "MAIN_RIV": 41399660, "LENGTH_KM": 3.72, "DIST_DN_KM": 17.6, "DIST_UP_KM": 312.5, "CATCH_SKM": 18.049999, "UPLAND_SKM": 9860.9004, "ENDORHEIC": 0, "DIS_AV_CMS": 233.951, "ORD_STRA": 5, "ORD_CLAS": 1, "ORD_FLOW": 4, "HYBAS_L12": 4121156050.0, "Shape_Length": 0.03362944921614245 }, "geometry": { "type": "Polygon", "coordinates": [ ] } },
{ "type": "Feature", "properties": { "HYRIV_ID": 41400287, "NEXT_DOWN": 41400288, "MAIN_RIV": 41399660, "LENGTH_KM": 0.69, "DIST_DN_KM": 21.9, "DIST_UP_KM": 5.0, "CATCH_SKM": 5.9499998, "UPLAND_SKM": 5.9, "ENDORHEIC": 0, "DIS_AV_CMS": 0.113, "ORD_STRA": 1, "ORD_CLAS": 3, "ORD_FLOW": 7, "HYBAS_L12": 4121156040.0, "Shape_Length": 0.0062499999999943157 }, "geometry": { "type": "Polygon", "coordinates": [ ] } },
{ "type": "Feature", "properties": { "HYRIV_ID": 41400288, "NEXT_DOWN": 41400122, "MAIN_RIV": 41399660, "LENGTH_KM": 4.54, "DIST_DN_KM": 17.3, "DIST_UP_KM": 12.3, "CATCH_SKM": 12.53, "UPLAND_SKM": 44.400002, "ENDORHEIC": 0, "DIS_AV_CMS": 0.85100001, "ORD_STRA": 2, "ORD_CLAS": 2, "ORD_FLOW": 7, "HYBAS_L12": 4121156040.0, "Shape_Length": 0.040951779686470381 }, "geometry": { "type": "Polygon", "coordinates": [ ] } },
{ "type": "Feature", "properties": { "HYRIV_ID": 41400304, "NEXT_DOWN": 41400351, "MAIN_RIV": 41399660, "LENGTH_KM": 0.69, "DIST_DN_KM": 25.0, "DIST_UP_KM": 4.4, "CATCH_SKM": 6.8, "UPLAND_SKM": 6.8, "ENDORHEIC": 0, "DIS_AV_CMS": 0.126, "ORD_STRA": 1, "ORD_CLAS": 2, "ORD_FLOW": 7, "HYBAS_L12": 4121601060.0, "Shape_Length": 0.0062500000000227374 }, "geometry": { "type": "Polygon", "coordinates": [ ] } },
{ "type": "Feature", "properties": { "HYRIV_ID": 41400305, "NEXT_DOWN": 41400351, "MAIN_RIV": 41399660, "LENGTH_KM": 0.69, "DIST_DN_KM": 25.0, "DIST_UP_KM": 4.4, "CATCH_SKM": 7.4299998, "UPLAND_SKM": 7.4, "ENDORHEIC": 0, "DIS_AV_CMS": 0.137, "ORD_STRA": 1, "ORD_CLAS": 3, "ORD_FLOW": 7, "HYBAS_L12": 4121601060.0, "Shape_Length": 0.0062499999999943157 }, "geometry": { "type": "Polygon", "coordinates": [ ] } },
{ "type": "Feature", "properties": { "HYRIV_ID": 41400306, "NEXT_DOWN": 41400275, "MAIN_RIV": 41399660, "LENGTH_KM": 1.3, "DIST_DN_KM": 21.3, "DIST_UP_KM": 308.79999, "CATCH_SKM": 3.1900001, "UPLAND_SKM": 9824.2002, "ENDORHEIC": 0, "DIS_AV_CMS": 233.99699, "ORD_STRA": 5, "ORD_CLAS": 1, "ORD_FLOW": 4, "HYBAS_L12": 4121156050.0, "Shape_Length": 0.011785113019765073 }, "geometry": { "type": "Polygon", "coordinates": [ ] } },
{ "type": "Feature", "properties": { "HYRIV_ID": 41400320, "NEXT_DOWN": 41400306, "MAIN_RIV": 41399660, "LENGTH_KM": 0.69, "DIST_DN_KM": 22.4, "DIST_UP_KM": 5.3, "CATCH_SKM": 5.7399998, "UPLAND_SKM": 5.7, "ENDORHEIC": 0, "DIS_AV_CMS": 0.109, "ORD_STRA": 1, "ORD_CLAS": 2, "ORD_FLOW": 7, "HYBAS_L12": 4121601060.0, "Shape_Length": 0.0062500000000227374 }, "geometry": { "type": "Polygon", "coordinates": [ ] } },
{ "type": "Feature", "properties": { "HYRIV_ID": 41400321, "NEXT_DOWN": 41399994, "MAIN_RIV": 41399660, "LENGTH_KM": 8.9399996, "DIST_DN_KM": 14.0, "DIST_UP_KM": 11.6, "CATCH_SKM": 29.309999, "UPLAND_SKM": 29.3, "ENDORHEIC": 0, "DIS_AV_CMS": 0.55699998, "ORD_STRA": 1, "ORD_CLAS": 3, "ORD_FLOW": 7, "HYBAS_L12": 4121156040.0, "Shape_Length": 0.080535113019798876 }, "geometry": { "type": "Polygon", "coordinates": [ ] } },
{ "type": "Feature", "properties": { "HYRIV_ID": 41400351, "NEXT_DOWN": 41400352, "MAIN_RIV": 41399660, "LENGTH_KM": 1.3, "DIST_DN_KM": 23.9, "DIST_UP_KM": 5.6, "CATCH_SKM": 1.06, "UPLAND_SKM": 15.3, "ENDORHEIC": 0, "DIS_AV_CMS": 0.283, "ORD_STRA": 2, "ORD_CLAS": 2, "ORD_FLOW": 7, "HYBAS_L12": 4121601060.0, "Shape_Length": 0.01178511301978517 }, "geometry": { "type": "Polygon", "coordinates": [ ] } },
{ "type": "Feature", "properties": { "HYRIV_ID": 41400352, "NEXT_DOWN": 41400306, "MAIN_RIV": 41399660, "LENGTH_KM": 1.3, "DIST_DN_KM": 22.6, "DIST_UP_KM": 307.5, "CATCH_SKM": 2.34, "UPLAND_SKM": 9815.2002, "ENDORHEIC": 0, "DIS_AV_CMS": 234.07401, "ORD_STRA": 5, "ORD_CLAS": 1, "ORD_FLOW": 4, "HYBAS_L12": 4121601060.0, "Shape_Length": 0.011785113019825365 }, "geometry": { "type": "Polygon", "coordinates": [ ] } },
{ "type": "Feature", "properties": { "HYRIV_ID": 41400372, "NEXT_DOWN": 41400373, "MAIN_RIV": 41399660, "LENGTH_KM": 0.69, "DIST_DN_KM": 28.9, "DIST_UP_KM": 4.6, "CATCH_SKM": 7.6500001, "UPLAND_SKM": 7.6, "ENDORHEIC": 0, "DIS_AV_CMS": 0.141, "ORD_STRA": 1, "ORD_CLAS": 3, "ORD_FLOW": 7, "HYBAS_L12": 4121601060.0, "Shape_Length": 0.0062499999999943157 }, "geometry": { "type": "Polygon", "coordinates": [ ] } },
{ "type": "Feature", "properties": { "HYRIV_ID": 41400373, "NEXT_DOWN": 41400374, "MAIN_RIV": 41399660, "LENGTH_KM": 4.5100002, "DIST_DN_KM": 24.6, "DIST_UP_KM": 15.2, "CATCH_SKM": 10.41, "UPLAND_SKM": 59.0, "ENDORHEIC": 0, "DIS_AV_CMS": 1.084, "ORD_STRA": 2, "ORD_CLAS": 2, "ORD_FLOW": 6, "HYBAS_L12": 4121601060.0, "Shape_Length": 0.040951779686421864 }, "geometry": { "type": "Polygon", "coordinates": [ ] } },
{ "type": "Feature", "properties": { "HYRIV_ID": 41400374, "NEXT_DOWN": 41400352, "MAIN_RIV": 41399660, "LENGTH_KM": 0.65, "DIST_DN_KM": 23.9, "DIST_UP_KM": 306.10001, "CATCH_SKM": 0.85, "UPLAND_SKM": 9797.5996, "ENDORHEIC": 0, "DIS_AV_CMS": 233.993, "ORD_STRA": 5, "ORD_CLAS": 1, "ORD_FLOW": 4, "HYBAS_L12": 4121601060.0, "Shape_Length": 0.0058925565098825365 }, "geometry": { "type": "Polygon", "coordinates": [ ] } },
{ "type": "Feature", "properties": { "HYRIV_ID": 41400388, "NEXT_DOWN": 41400374, "MAIN_RIV": 41399660, "LENGTH_KM": 0.65, "DIST_DN_KM": 24.6, "DIST_UP_KM": 305.5, "CATCH_SKM": 1.06, "UPLAND_SKM": 9737.7002, "ENDORHEIC": 0, "DIS_AV_CMS": 233.015, "ORD_STRA": 5, "ORD_CLAS": 1, "ORD_FLOW": 4, "HYBAS_L12": 4121601060.0, "Shape_Length": 0.0058925565098724882 }, "geometry": { "type": "Polygon", "coordinates": [ ] } },
{ "type": "Feature", "properties": { "HYRIV_ID": 41400389, "NEXT_DOWN": 41400275, "MAIN_RIV": 41399660, "LENGTH_KM": 5.06, "DIST_DN_KM": 21.1, "DIST_UP_KM": 8.1, "CATCH_SKM": 18.690001, "UPLAND_SKM": 18.700001, "ENDORHEIC": 0, "DIS_AV_CMS": 0.35600001, "ORD_STRA": 1, "ORD_CLAS": 2, "ORD_FLOW": 7, "HYBAS_L12": 4121156050.0, "Shape_Length": 0.045772005725917393 }, "geometry": { "type": "Polygon", "coordinates": [ ] } },
{ "type": "Feature", "properties": { "HYRIV_ID": 41400409, "NEXT_DOWN": 41400288, "MAIN_RIV": 41399660, "LENGTH_KM": 4.1300001, "DIST_DN_KM": 22.0, "DIST_UP_KM": 7.6, "CATCH_SKM": 25.91, "UPLAND_SKM": 25.9, "ENDORHEIC": 0, "DIS_AV_CMS": 0.501, "ORD_STRA": 1, "ORD_CLAS": 2, "ORD_FLOW": 7, "HYBAS_L12": 4121156040.0, "Shape_Length": 0.037290614451382785 }, "geometry": { "type": "Polygon", "coordinates": [ ] } },
{ "type": "Feature", "properties": { "HYRIV_ID": 41400449, "NEXT_DOWN": 41400450, "MAIN_RIV": 41399660, "LENGTH_KM": 5.2199998, "DIST_DN_KM": 32.0, "DIST_UP_KM": 7.8, "CATCH_SKM": 26.76, "UPLAND_SKM": 26.8, "ENDORHEIC": 0, "DIS_AV_CMS": 0.491, "ORD_STRA": 1, "ORD_CLAS": 2, "ORD_FLOW": 7, "HYBAS_L12": 4121601060.0, "Shape_Length": 0.047349837627832597 }, "geometry": { "type": "Polygon", "coordinates": [ ] } },
{ "type": "Feature", "properties": { "HYRIV_ID": 41400450, "NEXT_DOWN": 41400373, "MAIN_RIV": 41399660, "LENGTH_KM": 3.1500001, "DIST_DN_KM": 29.1, "DIST_UP_KM": 10.7, "CATCH_SKM": 7.6500001, "UPLAND_SKM": 41.0, "ENDORHEIC": 0, "DIS_AV_CMS": 0.755, "ORD_STRA": 2, "ORD_CLAS": 2, "ORD_FLOW": 7, "HYBAS_L12": 4121601060.0, "Shape_Length": 0.02845177968651677 }, "geometry": { "type": "Polygon", "coordinates": [ ] } },
{ "type": "Feature", "properties": { "HYRIV_ID": 41400472, "NEXT_DOWN": 41400450, "MAIN_RIV": 41399660, "LENGTH_KM": 0.69, "DIST_DN_KM": 32.0, "DIST_UP_KM": 3.5, "CATCH_SKM": 6.58, "UPLAND_SKM": 6.6, "ENDORHEIC": 0, "DIS_AV_CMS": 0.123, "ORD_STRA": 1, "ORD_CLAS": 3, "ORD_FLOW": 7, "HYBAS_L12": 4121601060.0, "Shape_Length": 0.0062499999999943157 }, "geometry": { "type": "Polygon", "coordinates": [ ] } },
{ "type": "Feature", "properties": { "HYRIV_ID": 41400487, "NEXT_DOWN": 41400388, "MAIN_RIV": 41399660, "LENGTH_KM": 2.6900001, "DIST_DN_KM": 25.200001, "DIST_UP_KM": 304.79999, "CATCH_SKM": 7.2199998, "UPLAND_SKM": 9703.2998, "ENDORHEIC": 0, "DIS_AV_CMS": 232.478, "ORD_STRA": 5, "ORD_CLAS": 1, "ORD_FLOW": 4, "HYBAS_L12": 4121601060.0, "Shape_Length": 0.024285113019782124 }, "geometry": { "type": "Polygon", "coordinates": [ ] } },
{ "type": "Feature", "properties": { "HYRIV_ID": 41400506, "NEXT_DOWN": 41400388, "MAIN_RIV": 41399660, "LENGTH_KM": 9.9099998, "DIST_DN_KM": 25.0, "DIST_UP_KM": 13.0, "CATCH_SKM": 33.349998, "UPLAND_SKM": 33.3, "ENDORHEIC": 0, "DIS_AV_CMS": 0.639, "ORD_STRA": 1, "ORD_CLAS": 2, "ORD_FLOW": 7, "HYBAS_L12": 4121601060.0, "Shape_Length": 0.089879449216103066 }, "geometry": { "type": "Polygon", "coordinates": [ ] } },
{ "type": "Feature", "properties": { "HYRIV_ID": 41400530, "NEXT_DOWN": 41400487, "MAIN_RIV": 41399660, "LENGTH_KM": 2.26, "DIST_DN_KM": 27.700001, "DIST_UP_KM": 5.4, "CATCH_SKM": 10.83, "UPLAND_SKM": 10.8, "ENDORHEIC": 0, "DIS_AV_CMS": 0.207, "ORD_STRA": 1, "ORD_CLAS": 2, "ORD_FLOW": 7, "HYBAS_L12": 4121601060.0, "Shape_Length": 0.020475889843277823 }, "geometry": { "type": "Polygon", "coordinates": [ ] } },
{ "type": "Feature", "properties": { "HYRIV_ID": 41400564, "NEXT_DOWN": 41400588, "MAIN_RIV": 41399660, "LENGTH_KM": 7.7399998, "DIST_DN_KM": 47.3, "DIST_UP_KM": 10.8, "CATCH_SKM": 31.65, "UPLAND_SKM": 31.6, "ENDORHEIC": 0, "DIS_AV_CMS": 0.56599998, "ORD_STRA": 1, "ORD_CLAS": 3, "ORD_FLOW": 7, "HYBAS_L12": 4121156380.0, "Shape_Length": 0.070057118745764688 }, "geometry": { "type": "Polygon", "coordinates": [ ] } },
{ "type": "Feature", "properties": { "HYRIV_ID": 41400588, "NEXT_DOWN": 41400651, "MAIN_RIV": 41399660, "LENGTH_KM": 4.9, "DIST_DN_KM": 42.3, "DIST_UP_KM": 22.200001, "CATCH_SKM": 15.29, "UPLAND_SKM": 137.89999, "ENDORHEIC": 0, "DIS_AV_CMS": 2.4560001, "ORD_STRA": 2, "ORD_CLAS": 2, "ORD_FLOW": 6, "HYBAS_L12": 4121156380.0, "Shape_Length": 0.044403559372868079 }, "geometry": { "type": "Polygon", "coordinates": [ ] } },
{ "type": "Feature", "properties": { "HYRIV_ID": 41400589, "NEXT_DOWN": 41400651, "MAIN_RIV": 41399660, "LENGTH_KM": 0.69, "DIST_DN_KM": 42.3, "DIST_UP_KM": 6.7, "CATCH_SKM": 7.8600001, "UPLAND_SKM": 7.9, "ENDORHEIC": 0, "DIS_AV_CMS": 0.145, "ORD_STRA": 1, "ORD_CLAS": 3, "ORD_FLOW": 7, "HYBAS_L12": 4121156380.0, "Shape_Length": 0.0062499999999943157 }, "geometry": { "type": "Polygon", "coordinates": [ ] } },
{ "type": "Feature", "properties": { "HYRIV_ID": 41400607, "NEXT_DOWN": 41400608, "MAIN_RIV": 41399660, "LENGTH_KM": 2.9100001, "DIST_DN_KM": 55.099998, "DIST_UP_KM": 5.8, "CATCH_SKM": 12.53, "UPLAND_SKM": 12.5, "ENDORHEIC": 0, "DIS_AV_CMS": 0.221, "ORD_STRA": 1, "ORD_CLAS": 3, "ORD_FLOW": 7, "HYBAS_L12": 4121156380.0, "Shape_Length": 0.026368446353120165 }, "geometry": { "type": "Polygon", "coordinates": [ ] } },
{ "type": "Feature", "properties": { "HYRIV_ID": 41400608, "NEXT_DOWN": 41400588, "MAIN_RIV": 41399660, "LENGTH_KM": 7.9200001, "DIST_DN_KM": 47.3, "DIST_UP_KM": 17.1, "CATCH_SKM": 31.65, "UPLAND_SKM": 90.900002, "ENDORHEIC": 0, "DIS_AV_CMS": 1.617, "ORD_STRA": 2, "ORD_CLAS": 2, "ORD_FLOW": 6, "HYBAS_L12": 4121156380.0, "Shape_Length": 0.071844336196328448 }, "geometry": { "type": "Polygon", "coordinates": [ ] } },
{ "type": "Feature", "properties": { "HYRIV_ID": 41400643, "NEXT_DOWN": 41400487, "MAIN_RIV": 41399660, "LENGTH_KM": 4.5500002, "DIST_DN_KM": 27.9, "DIST_UP_KM": 302.20001, "CATCH_SKM": 15.51, "UPLAND_SKM": 9685.2998, "ENDORHEIC": 0, "DIS_AV_CMS": 232.744, "ORD_STRA": 5, "ORD_CLAS": 1, "ORD_FLOW": 4, "HYBAS_L12": 4121601060.0, "Shape_Length": 0.040951779686456163 }, "geometry": { "type": "Polygon", "coordinates": [ ] } },
{ "type": "Feature", "properties": { "HYRIV_ID": 41400651, "NEXT_DOWN": 41400643, "MAIN_RIV": 41399660, "LENGTH_KM": 9.9899998, "DIST_DN_KM": 32.3, "DIST_UP_KM": 32.200001, "CATCH_SKM": 23.370001, "UPLAND_SKM": 169.10001, "ENDORHEIC": 0, "DIS_AV_CMS": 3.0179999, "ORD_STRA": 2, "ORD_CLAS": 2, "ORD_FLOW": 6, "HYBAS_L12": 4121156380.0, "Shape_Length": 0.09053300858903561 }, "geometry": { "type": "Polygon", "coordinates": [ ] } },
{ "type": "Feature", "properties": { "HYRIV_ID": 41400668, "NEXT_DOWN": 41400608, "MAIN_RIV": 41399660, "LENGTH_KM": 2.61, "DIST_DN_KM": 55.3, "DIST_UP_KM": 9.2, "CATCH_SKM": 8.9200001, "UPLAND_SKM": 46.700001, "ENDORHEIC": 0, "DIS_AV_CMS": 0.833, "ORD_STRA": 2, "ORD_CLAS": 2, "ORD_FLOW": 7, "HYBAS_L12": 4121156380.0, "Shape_Length": 0.023570226039510051 }, "geometry": { "type": "Polygon", "coordinates": [ ] } },
{ "type": "Feature", "properties": { "HYRIV_ID": 41400669, "NEXT_DOWN": 41400643, "MAIN_RIV": 41399660, "LENGTH_KM": 1.11, "DIST_DN_KM": 32.5, "DIST_UP_KM": 297.60001, "CATCH_SKM": 2.34, "UPLAND_SKM": 9311.0996, "ENDORHEIC": 0, "DIS_AV_CMS": 226.99001, "ORD_STRA": 5, "ORD_CLAS": 1, "ORD_FLOW": 4, "HYBAS_L12": 4121156400.0, "Shape_Length": 0.010059223176535365 }, "geometry": { "type": "Polygon", "coordinates": [ ] } },
{ "type": "Feature", "properties": { "HYRIV_ID": 41400670, "NEXT_DOWN": 41400669, "MAIN_RIV": 41399660, "LENGTH_KM": 2.9100001, "DIST_DN_KM": 33.400002, "DIST_UP_KM": 6.9, "CATCH_SKM": 8.5, "UPLAND_SKM": 8.5, "ENDORHEIC": 0, "DIS_AV_CMS": 0.164, "ORD_STRA": 1, "ORD_CLAS": 2, "ORD_FLOW": 7, "HYBAS_L12": 4121156400.0, "Shape_Length": 0.026368446353086866 }, "geometry": { "type": "Polygon", "coordinates": [ ] } },
{ "type": "Feature", "properties": { "HYRIV_ID": 41400688, "NEXT_DOWN": 41400689, "MAIN_RIV": 41399660, "LENGTH_KM": 2.06, "DIST_DN_KM": 59.700001, "DIST_UP_KM": 4.8, "CATCH_SKM": 8.29, "UPLAND_SKM": 8.3, "ENDORHEIC": 0, "DIS_AV_CMS": 0.146, "ORD_STRA": 1, "ORD_CLAS": 2, "ORD_FLOW": 7, "HYBAS_L12": 4121156380.0, "Shape_Length": 0.018750000000125056 }, "geometry": { "type": "Polygon", "coordinates": [ ] } },
{ "type": "Feature", "properties": { "HYRIV_ID": 41400689, "NEXT_DOWN": 41400668, "MAIN_RIV": 41399660, "LENGTH_KM": 2.03, "DIST_DN_KM": 57.700001, "DIST_UP_KM": 6.8, "CATCH_SKM": 7.8600001, "UPLAND_SKM": 24.9, "ENDORHEIC": 0, "DIS_AV_CMS": 0.44100001, "ORD_STRA": 2, "ORD_CLAS": 2, "ORD_FLOW": 7, "HYBAS_L12": 4121156380.0, "Shape_Length": 0.018392556509904467 }, "geometry": { "type": "Polygon", "coordinates": [ ] } },
{ "type": "Feature", "properties": { "HYRIV_ID": 41400690, "NEXT_DOWN": 41400643, "MAIN_RIV": 41399660, "LENGTH_KM": 1.77, "DIST_DN_KM": 32.3, "DIST_UP_KM": 28.200001, "CATCH_SKM": 1.7, "UPLAND_SKM": 189.5, "ENDORHEIC": 0, "DIS_AV_CMS": 3.536, "ORD_STRA": 2, "ORD_CLAS": 3, "ORD_FLOW": 6, "HYBAS_L12": 4121156390.0, "Shape_Length": 0.015951779686413738 }, "geometry": { "type": "Polygon", "coordinates": [ ] } },
{ "type": "Feature", "properties": { "HYRIV_ID": 41400734, "NEXT_DOWN": 41400772, "MAIN_RIV": 41399660, "LENGTH_KM": 2.09, "DIST_DN_KM": 101.6, "DIST_UP_KM": 4.6, "CATCH_SKM": 9.1300001, "UPLAND_SKM": 9.1, "ENDORHEIC": 0, "DIS_AV_CMS": 0.15700001, "ORD_STRA": 1, "ORD_CLAS": 4, "ORD_FLOW": 7, "HYBAS_L12": 4121156530.0, "Shape_Length": 0.018898057941369218 }, "geometry": { "type": "Polygon", "coordinates": [ ] } },
{ "type": "Feature", "properties": { "HYRIV_ID": 41400735, "NEXT_DOWN": 41400772, "MAIN_RIV": 41399660, "LENGTH_KM": 1.62, "DIST_DN_KM": 101.4, "DIST_UP_KM": 4.8, "CATCH_SKM": 11.05, "UPLAND_SKM": 11.0, "ENDORHEIC": 0, "DIS_AV_CMS": 0.19, "ORD_STRA": 1, "ORD_CLAS": 5, "ORD_FLOW": 7, "HYBAS_L12": 4121156530.0, "Shape_Length": 0.014583333333348492 }, "geometry": { "type": "Polygon", "coordinates": [ ] } },
{ "type": "Feature", "properties": { "HYRIV_ID": 41400736, "NEXT_DOWN": 41400689, "MAIN_RIV": 41399660, "LENGTH_KM": 1.35, "DIST_DN_KM": 59.900002, "DIST_UP_KM": 4.5, "CATCH_SKM": 8.71, "UPLAND_SKM": 8.7, "ENDORHEIC": 0, "DIS_AV_CMS": 0.156, "ORD_STRA": 1, "ORD_CLAS": 3, "ORD_FLOW": 7, "HYBAS_L12": 4121156380.0, "Shape_Length": 0.012142556509905273 }, "geometry": { "type": "Polygon", "coordinates": [ ] } },
{ "type": "Feature", "properties": { "HYRIV_ID": 41400753, "NEXT_DOWN": 41400754, "MAIN_RIV": 41399660, "LENGTH_KM": 11.4, "DIST_DN_KM": 38.700001, "DIST_UP_KM": 15.2, "CATCH_SKM": 28.25, "UPLAND_SKM": 28.3, "ENDORHEIC": 0, "DIS_AV_CMS": 0.52499998, "ORD_STRA": 1, "ORD_CLAS": 4, "ORD_FLOW": 7, "HYBAS_L12": 4121156390.0, "Shape_Length": 0.10339045207900081 }, "geometry": { "type": "Polygon", "coordinates": [ ] } },
{ "type": "Feature", "properties": { "HYRIV_ID": 41400754, "NEXT_DOWN": 41400755, "MAIN_RIV": 41399660, "LENGTH_KM": 1.38, "DIST_DN_KM": 37.400002, "DIST_UP_KM": 23.1, "CATCH_SKM": 4.25, "UPLAND_SKM": 165.10001, "ENDORHEIC": 0, "DIS_AV_CMS": 3.08, "ORD_STRA": 2, "ORD_CLAS": 3, "ORD_FLOW": 6, "HYBAS_L12": 4121156390.0, "Shape_Length": 0.012500000000159162 }, "geometry": { "type": "Polygon", "coordinates": [ ] } },
{ "type": "Feature", "properties": { "HYRIV_ID": 41400755, "NEXT_DOWN": 41400690, "MAIN_RIV": 41399660, "LENGTH_KM": 3.33, "DIST_DN_KM": 34.0, "DIST_UP_KM": 26.5, "CATCH_SKM": 5.9499998, "UPLAND_SKM": 178.7, "ENDORHEIC": 0, "DIS_AV_CMS": 3.332, "ORD_STRA": 2, "ORD_CLAS": 3, "ORD_FLOW": 6, "HYBAS_L12": 4121156390.0, "Shape_Length": 0.0301776695295593 }, "geometry": { "type": "Polygon", "coordinates": [ ] } },
{ "type": "Feature", "properties": { "HYRIV_ID": 41400772, "NEXT_DOWN": 41400865, "MAIN_RIV": 41399660, "LENGTH_KM": 2.22, "DIST_DN_KM": 99.199997, "DIST_UP_KM": 7.0, "CATCH_SKM": 13.38, "UPLAND_SKM": 33.599998, "ENDORHEIC": 0, "DIS_AV_CMS": 0.579, "ORD_STRA": 2, "ORD_CLAS": 4, "ORD_FLOW": 7, "HYBAS_L12": 4121156530.0, "Shape_Length": 0.020118446353074179 }, "geometry": { "type": "Polygon", "coordinates": [ ] } },
{ "type": "Feature", "properties": { "HYRIV_ID": 41400773, "NEXT_DOWN": 41400865, "MAIN_RIV": 41399660, "LENGTH_KM": 3.95, "DIST_DN_KM": 99.199997, "DIST_UP_KM": 6.8, "CATCH_SKM": 11.47, "UPLAND_SKM": 11.5, "ENDORHEIC": 0, "DIS_AV_CMS": 0.199, "ORD_STRA": 1, "ORD_CLAS": 5, "ORD_FLOW": 7, "HYBAS_L12": 4121156530.0, "Shape_Length": 0.03556472460813126 }, "geometry": { "type": "Polygon", "coordinates": [ ] } },
{ "type": "Feature", "properties": { "HYRIV_ID": 41400774, "NEXT_DOWN": 41400669, "MAIN_RIV": 41399660, "LENGTH_KM": 4.4499998, "DIST_DN_KM": 33.599998, "DIST_UP_KM": 296.5, "CATCH_SKM": 15.93, "UPLAND_SKM": 9300.2998, "ENDORHEIC": 0, "DIS_AV_CMS": 227.017, "ORD_STRA": 5, "ORD_CLAS": 1, "ORD_FLOW": 4, "HYBAS_L12": 4121156400.0, "Shape_Length": 0.040236892706258597 }, "geometry": { "type": "Polygon", "coordinates": [ ] } },
{ "type": "Feature", "properties": { "HYRIV_ID": 41400798, "NEXT_DOWN": 41400690, "MAIN_RIV": 41399660, "LENGTH_KM": 3.02, "DIST_DN_KM": 34.200001, "DIST_UP_KM": 6.3, "CATCH_SKM": 9.1400003, "UPLAND_SKM": 9.1, "ENDORHEIC": 0, "DIS_AV_CMS": 0.177, "ORD_STRA": 1, "ORD_CLAS": 4, "ORD_FLOW": 7, "HYBAS_L12": 4121156390.0, "Shape_Length": 0.02723139127472339 }, "geometry": { "type": "Polygon", "coordinates": [ ] } },
{ "type": "Feature", "properties": { "HYRIV_ID": 41400822, "NEXT_DOWN": 41400668, "MAIN_RIV": 41399660, "LENGTH_KM": 3.6600001, "DIST_DN_KM": 57.700001, "DIST_UP_KM": 6.3, "CATCH_SKM": 12.96, "UPLAND_SKM": 13.0, "ENDORHEIC": 0, "DIS_AV_CMS": 0.234, "ORD_STRA": 1, "ORD_CLAS": 3, "ORD_FLOW": 7, "HYBAS_L12": 4121156380.0, "Shape_Length": 0.032975889843328471 }, "geometry": { "type": "Polygon", "coordinates": [ ] } },
{ "type": "Feature", "properties": { "HYRIV_ID": 41400823, "NEXT_DOWN": 41400755, "MAIN_RIV": 41399660, "LENGTH_KM": 1.9, "DIST_DN_KM": 37.400002, "DIST_UP_KM": 6.2, "CATCH_SKM": 7.6500001, "UPLAND_SKM": 7.6, "ENDORHEIC": 0, "DIS_AV_CMS": 0.148, "ORD_STRA": 1, "ORD_CLAS": 4, "ORD_FLOW": 7, "HYBAS_L12": 4121156390.0, "Shape_Length": 0.01717216809826598 }, "geometry": { "type": "Polygon", "coordinates": [ ] } },
{ "type": "Feature", "properties": { "HYRIV_ID": 41400838, "NEXT_DOWN": 41400754, "MAIN_RIV": 41399660, "LENGTH_KM": 3.07, "DIST_DN_KM": 38.900002, "DIST_UP_KM": 21.6, "CATCH_SKM": 8.29, "UPLAND_SKM": 132.60001, "ENDORHEIC": 0, "DIS_AV_CMS": 2.4790001, "ORD_STRA": 2, "ORD_CLAS": 3, "ORD_FLOW": 6, "HYBAS_L12": 4121156390.0, "Shape_Length": 0.027736892706172925 }, "geometry": { "type": "Polygon", "coordinates": [ ] } },
{ "type": "Feature", "properties": { "HYRIV_ID": 41400839, "NEXT_DOWN": 41400774, "MAIN_RIV": 41399660, "LENGTH_KM": 2.23, "DIST_DN_KM": 38.0, "DIST_UP_KM": 292.0, "CATCH_SKM": 5.31, "UPLAND_SKM": 9254.2002, "ENDORHEIC": 0, "DIS_AV_CMS": 227.063, "ORD_STRA": 5, "ORD_CLAS": 1, "ORD_FLOW": 4, "HYBAS_L12": 4121156400.0, "Shape_Length": 0.020118446353123411 }, "geometry": { "type": "Polygon", "coordinates": [ ] } },
{ "type": "Feature", "properties": { "HYRIV_ID": 41400840, "NEXT_DOWN": 41400839, "MAIN_RIV": 41399660, "LENGTH_KM": 4.0300002, "DIST_DN_KM": 40.0, "DIST_UP_KM": 7.2, "CATCH_SKM": 16.57, "UPLAND_SKM": 16.6, "ENDORHEIC": 0, "DIS_AV_CMS": 0.325, "ORD_STRA": 1, "ORD_CLAS": 2, "ORD_FLOW": 7, "HYBAS_L12": 4121156400.0, "Shape_Length": 0.036427669529707496 }, "geometry": { "type": "Polygon", "coordinates": [ ] } },
{ "type": "Feature", "properties": { "HYRIV_ID": 41400852, "NEXT_DOWN": 41400853, "MAIN_RIV": 41399660, "LENGTH_KM": 1.38, "DIST_DN_KM": 46.5, "DIST_UP_KM": 14.0, "CATCH_SKM": 3.61, "UPLAND_SKM": 64.599998, "ENDORHEIC": 0, "DIS_AV_CMS": 1.1950001, "ORD_STRA": 2, "ORD_CLAS": 3, "ORD_FLOW": 6, "HYBAS_L12": 4121156390.0, "Shape_Length": 0.012500000000045475 }, "geometry": { "type": "Polygon", "coordinates": [ ] } },
{ "type": "Feature", "properties": { "HYRIV_ID": 41400853, "NEXT_DOWN": 41400854, "MAIN_RIV": 41399660, "LENGTH_KM": 0.92, "DIST_DN_KM": 45.599998, "DIST_UP_KM": 14.9, "CATCH_SKM": 1.27, "UPLAND_SKM": 84.300003, "ENDORHEIC": 0, "DIS_AV_CMS": 1.569, "ORD_STRA": 2, "ORD_CLAS": 3, "ORD_FLOW": 6, "HYBAS_L12": 4121156390.0, "Shape_Length": 0.0083333333333257542 }, "geometry": { "type": "Polygon", "coordinates": [ ] } },
{ "type": "Feature", "properties": { "HYRIV_ID": 41400854, "NEXT_DOWN": 41400838, "MAIN_RIV": 41399660, "LENGTH_KM": 3.79, "DIST_DN_KM": 41.8, "DIST_UP_KM": 18.700001, "CATCH_SKM": 11.26, "UPLAND_SKM": 105.4, "ENDORHEIC": 0, "DIS_AV_CMS": 1.962, "ORD_STRA": 2, "ORD_CLAS": 3, "ORD_FLOW": 6, "HYBAS_L12": 4121156390.0, "Shape_Length": 0.034344336196372907 }, "geometry": { "type": "Polygon", "coordinates": [ ] } },
{ "type": "Feature", "properties": { "HYRIV_ID": 41400864, "NEXT_DOWN": 41401081, "MAIN_RIV": 41399660, "LENGTH_KM": 1.63, "DIST_DN_KM": 95.400002, "DIST_UP_KM": 4.5, "CATCH_SKM": 6.8, "UPLAND_SKM": 6.8, "ENDORHEIC": 0, "DIS_AV_CMS": 0.121, "ORD_STRA": 1, "ORD_CLAS": 5, "ORD_FLOW": 7, "HYBAS_L12": 4121156530.0, "Shape_Length": 0.014731391274646049 }, "geometry": { "type": "Polygon", "coordinates": [ ] } },
{ "type": "Feature", "properties": { "HYRIV_ID": 41400865, "NEXT_DOWN": 41401081, "MAIN_RIV": 41399660, "LENGTH_KM": 3.99, "DIST_DN_KM": 95.199997, "DIST_UP_KM": 11.0, "CATCH_SKM": 17.85, "UPLAND_SKM": 62.900002, "ENDORHEIC": 0, "DIS_AV_CMS": 1.087, "ORD_STRA": 2, "ORD_CLAS": 4, "ORD_FLOW": 6, "HYBAS_L12": 4121156530.0, "Shape_Length": 0.036070226039585665 }, "geometry": { "type": "Polygon", "coordinates": [ ] } },
{ "type": "Feature", "properties": { "HYRIV_ID": 41400888, "NEXT_DOWN": 41400852, "MAIN_RIV": 41399660, "LENGTH_KM": 6.7199998, "DIST_DN_KM": 47.900002, "DIST_UP_KM": 9.5, "CATCH_SKM": 24.219999, "UPLAND_SKM": 24.200001, "ENDORHEIC": 0, "DIS_AV_CMS": 0.447, "ORD_STRA": 1, "ORD_CLAS": 4, "ORD_FLOW": 7, "HYBAS_L12": 4121156390.0, "Shape_Length": 0.060860840490703644 }, "geometry": { "type": "Polygon", "coordinates": [ ] } },
{ "type": "Feature", "properties": { "HYRIV_ID": 41400930, "NEXT_DOWN": 41401049, "MAIN_RIV": 41399660, "LENGTH_KM": 3.58, "DIST_DN_KM": 107.6, "DIST_UP_KM": 7.2, "CATCH_SKM": 16.57, "UPLAND_SKM": 16.6, "ENDORHEIC": 0, "DIS_AV_CMS": 0.28400001, "ORD_STRA": 1, "ORD_CLAS": 5, "ORD_FLOW": 7, "HYBAS_L12": 4121601170.0, "Shape_Length": 0.032261002862893177 }, "geometry": { "type": "Polygon", "coordinates": [ ] } },
{ "type": "Feature", "properties": { "HYRIV_ID": 41400931, "NEXT_DOWN": 41401049, "MAIN_RIV": 41399660, "LENGTH_KM": 4.1300001, "DIST_DN_KM": 107.4, "DIST_UP_KM": 8.5, "CATCH_SKM": 17.85, "UPLAND_SKM": 17.8, "ENDORHEIC": 0, "DIS_AV_CMS": 0.30700001, "ORD_STRA": 1, "ORD_CLAS": 4, "ORD_FLOW": 7, "HYBAS_L12": 4121601170.0, "Shape_Length": 0.03729061445111808 }, "geometry": { "type": "Polygon", "coordinates": [ ] } },
{ "type": "Feature", "properties": { "HYRIV_ID": 41400932, "NEXT_DOWN": 41400854, "MAIN_RIV": 41399660, "LENGTH_KM": 2.55, "DIST_DN_KM": 45.599998, "DIST_UP_KM": 5.9, "CATCH_SKM": 9.7700005, "UPLAND_SKM": 9.8, "ENDORHEIC": 0, "DIS_AV_CMS": 0.18700001, "ORD_STRA": 1, "ORD_CLAS": 4, "ORD_FLOW": 7, "HYBAS_L12": 4121156390.0, "Shape_Length": 0.022916666666674246 }, "geometry": { "type": "Polygon", "coordinates": [ ] } },
{ "type": "Feature", "properties": { "HYRIV_ID": 41400937, "NEXT_DOWN": 41400838, "MAIN_RIV": 41399660, "LENGTH_KM": 3.85, "DIST_DN_KM": 41.8, "DIST_UP_KM": 6.5, "CATCH_SKM": 18.91, "UPLAND_SKM": 18.9, "ENDORHEIC": 0, "DIS_AV_CMS": 0.364, "ORD_STRA": 1, "ORD_CLAS": 4, "ORD_FLOW": 7, "HYBAS_L12": 4121156390.0, "Shape_Length": 0.034701779686478799 }, "geometry": { "type": "Polygon", "coordinates": [ ] } },
{ "type": "Feature", "properties": { "HYRIV_ID": 41400938, "NEXT_DOWN": 41400839, "MAIN_RIV": 41399660, "LENGTH_KM": 3.81, "DIST_DN_KM": 40.200001, "DIST_UP_KM": 289.79999, "CATCH_SKM": 9.3500004, "UPLAND_SKM": 9232.2998, "ENDORHEIC": 0, "DIS_AV_CMS": 227.104, "ORD_STRA": 5, "ORD_CLAS": 1, "ORD_FLOW": 4, "HYBAS_L12": 4121156400.0, "Shape_Length": 0.034344336196335146 }, "geometry": { "type": "Polygon", "coordinates": [ ] } },
{ "type": "Feature", "properties": { "HYRIV_ID": 41400953, "NEXT_DOWN": 41400852, "MAIN_RIV": 41399660, "LENGTH_KM": 10.25, "DIST_DN_KM": 47.900002, "DIST_UP_KM": 12.6, "CATCH_SKM": 36.759998, "UPLAND_SKM": 36.8, "ENDORHEIC": 0, "DIS_AV_CMS": 0.68199998, "ORD_STRA": 1, "ORD_CLAS": 3, "ORD_FLOW": 7, "HYBAS_L12": 4121156390.0, "Shape_Length": 0.092764399863669772 }, "geometry": { "type": "Polygon", "coordinates": [ ] } },
{ "type": "Feature", "properties": { "HYRIV_ID": 41400954, "NEXT_DOWN": 41400938, "MAIN_RIV": 41399660, "LENGTH_KM": 1.9, "DIST_DN_KM": 43.900002, "DIST_UP_KM": 5.7, "CATCH_SKM": 9.9899998, "UPLAND_SKM": 10.0, "ENDORHEIC": 0, "DIS_AV_CMS": 0.197, "ORD_STRA": 1, "ORD_CLAS": 2, "ORD_FLOW": 7, "HYBAS_L12": 4121156400.0, "Shape_Length": 0.017172168098226498 }, "geometry": { "type": "Polygon", "coordinates": [ ] } },
{ "type": "Feature", "properties": { "HYRIV_ID": 41400974, "NEXT_DOWN": 41400774, "MAIN_RIV": 41399660, "LENGTH_KM": 7.7600002, "DIST_DN_KM": 37.8, "DIST_UP_KM": 12.4, "CATCH_SKM": 30.17, "UPLAND_SKM": 30.200001, "ENDORHEIC": 0, "DIS_AV_CMS": 0.588, "ORD_STRA": 1, "ORD_CLAS": 2, "ORD_FLOW": 7, "HYBAS_L12": 4121156400.0, "Shape_Length": 0.070057118745802449 }, "geometry": { "type": "Polygon", "coordinates": [ ] } },
{ "type": "Feature", "properties": { "HYRIV_ID": 41401001, "NEXT_DOWN": 41400853, "MAIN_RIV": 41399660, "LENGTH_KM": 5.62, "DIST_DN_KM": 46.5, "DIST_UP_KM": 8.5, "CATCH_SKM": 18.49, "UPLAND_SKM": 18.5, "ENDORHEIC": 0, "DIS_AV_CMS": 0.35100001, "ORD_STRA": 1, "ORD_CLAS": 4, "ORD_FLOW": 7, "HYBAS_L12": 4121156390.0, "Shape_Length": 0.050653559372925837 }, "geometry": { "type": "Polygon", "coordinates": [ ] } },
{ "type": "Feature", "properties": { "HYRIV_ID": 41401047, "NEXT_DOWN": 41401048, "MAIN_RIV": 41399660, "LENGTH_KM": 2.9100001, "DIST_DN_KM": 104.0, "DIST_UP_KM": 6.5, "CATCH_SKM": 14.02, "UPLAND_SKM": 14.0, "ENDORHEIC": 0, "DIS_AV_CMS": 0.244, "ORD_STRA": 1, "ORD_CLAS": 4, "ORD_FLOW": 7, "HYBAS_L12": 4121601170.0, "Shape_Length": 0.026368446353046672 }, "geometry": { "type": "Polygon", "coordinates": [ ] } },
{ "type": "Feature", "properties": { "HYRIV_ID": 41401048, "NEXT_DOWN": 41401056, "MAIN_RIV": 41399660, "LENGTH_KM": 0.92, "DIST_DN_KM": 103.1, "DIST_UP_KM": 15.0, "CATCH_SKM": 1.7, "UPLAND_SKM": 71.0, "ENDORHEIC": 0, "DIS_AV_CMS": 1.26, "ORD_STRA": 2, "ORD_CLAS": 3, "ORD_FLOW": 6, "HYBAS_L12": 4121601170.0, "Shape_Length": 0.0083333333333257542 }, "geometry": { "type": "Polygon", "coordinates": [ ] } },
{ "type": "Feature", "properties": { "HYRIV_ID": 41401049, "NEXT_DOWN": 41401056, "MAIN_RIV": 41399660, "LENGTH_KM": 4.27, "DIST_DN_KM": 103.1, "DIST_UP_KM": 12.7, "CATCH_SKM": 16.57, "UPLAND_SKM": 51.0, "ENDORHEIC": 0, "DIS_AV_CMS": 0.876, "ORD_STRA": 2, "ORD_CLAS": 4, "ORD_FLOW": 7, "HYBAS_L12": 4121601170.0, "Shape_Length": 0.038511002862877439 }, "geometry": { "type": "Polygon", "coordinates": [ ] } },
{ "type": "Feature", "properties": { "HYRIV_ID": 41401056, "NEXT_DOWN": 41401066, "MAIN_RIV": 41399660, "LENGTH_KM": 1.11, "DIST_DN_KM": 102.2, "DIST_UP_KM": 16.0, "CATCH_SKM": 4.25, "UPLAND_SKM": 126.2, "ENDORHEIC": 0, "DIS_AV_CMS": 2.207, "ORD_STRA": 3, "ORD_CLAS": 3, "ORD_FLOW": 6, "HYBAS_L12": 4121601170.0, "Shape_Length": 0.010059223176542263 }, "geometry": { "type": "Polygon", "coordinates": [ ] } },
{ "type": "Feature", "properties": { "HYRIV_ID": 41401065, "NEXT_DOWN": 41401066, "MAIN_RIV": 41399660, "LENGTH_KM": 0.98, "DIST_DN_KM": 102.2, "DIST_UP_KM": 5.8, "CATCH_SKM": 8.5, "UPLAND_SKM": 8.5, "ENDORHEIC": 0, "DIS_AV_CMS": 0.153, "ORD_STRA": 1, "ORD_CLAS": 4, "ORD_FLOW": 7, "HYBAS_L12": 4121601170.0, "Shape_Length": 0.0088388347648740481 }, "geometry": { "type": "Polygon", "coordinates": [ ] } },
{ "type": "Feature", "properties": { "HYRIV_ID": 41401066, "NEXT_DOWN": 41401079, "MAIN_RIV": 41399660, "LENGTH_KM": 2.49, "DIST_DN_KM": 99.5, "DIST_UP_KM": 18.6, "CATCH_SKM": 4.46, "UPLAND_SKM": 139.2, "ENDORHEIC": 0, "DIS_AV_CMS": 2.428, "ORD_STRA": 3, "ORD_CLAS": 3, "ORD_FLOW": 6, "HYBAS_L12": 4121156540.0, "Shape_Length": 0.022559223176480354 }, "geometry": { "type": "Polygon", "coordinates": [ ] } },
{ "type": "Feature", "properties": { "HYRIV_ID": 41401067, "NEXT_DOWN": 41401079, "MAIN_RIV": 41399660, "LENGTH_KM": 4.3200002, "DIST_DN_KM": 99.699997, "DIST_UP_KM": 6.3, "CATCH_SKM": 16.790001, "UPLAND_SKM": 16.8, "ENDORHEIC": 0, "DIS_AV_CMS": 0.29800001, "ORD_STRA": 1, "ORD_CLAS": 4, "ORD_FLOW": 7, "HYBAS_L12": 4121156540.0, "Shape_Length": 0.038868446353100466 }, "geometry": { "type": "Polygon", "coordinates": [ ] } },
{ "type": "Feature", "properties": { "HYRIV_ID": 41401068, "NEXT_DOWN": 41400938, "MAIN_RIV": 41399660, "LENGTH_KM": 4.9200001, "DIST_DN_KM": 43.900002, "DIST_UP_KM": 286.20001, "CATCH_SKM": 12.75, "UPLAND_SKM": 9213.0, "ENDORHEIC": 0, "DIS_AV_CMS": 227.54401, "ORD_STRA": 5, "ORD_CLAS": 1, "ORD_FLOW": 4, "HYBAS_L12": 4121156400.0, "Shape_Length": 0.044403559372943296 }, "geometry": { "type": "Polygon", "coordinates": [ ] } },
{ "type": "Feature", "properties": { "HYRIV_ID": 41401079, "NEXT_DOWN": 41401101, "MAIN_RIV": 41399660, "LENGTH_KM": 0.65, "DIST_DN_KM": 99.0, "DIST_UP_KM": 19.1, "CATCH_SKM": 0.85, "UPLAND_SKM": 156.8, "ENDORHEIC": 0, "DIS_AV_CMS": 2.7379999, "ORD_STRA": 3, "ORD_CLAS": 3, "ORD_FLOW": 6, "HYBAS_L12": 4121156540.0, "Shape_Length": 0.0058925565099026333 }, "geometry": { "type": "Polygon", "coordinates": [ ] } },
{ "type": "Feature", "properties": { "HYRIV_ID": 41401080, "NEXT_DOWN": 41401102, "MAIN_RIV": 41399660, "LENGTH_KM": 4.0900002, "DIST_DN_KM": 86.800003, "DIST_UP_KM": 8.3, "CATCH_SKM": 22.950001, "UPLAND_SKM": 22.9, "ENDORHEIC": 0, "DIS_AV_CMS": 0.41600001, "ORD_STRA": 1, "ORD_CLAS": 5, "ORD_FLOW": 7, "HYBAS_L12": 4121156530.0, "Shape_Length": 0.037142556509829144 }, "geometry": { "type": "Polygon", "coordinates": [ ] } },
{ "type": "Feature", "properties": { "HYRIV_ID": 41401081, "NEXT_DOWN": 41401102, "MAIN_RIV": 41399660, "LENGTH_KM": 8.3500004, "DIST_DN_KM": 86.800003, "DIST_UP_KM": 19.4, "CATCH_SKM": 28.469999, "UPLAND_SKM": 98.199997, "ENDORHEIC": 0, "DIS_AV_CMS": 1.7029999, "ORD_STRA": 2, "ORD_CLAS": 4, "ORD_FLOW": 6, "HYBAS_L12": 4121156530.0, "Shape_Length": 0.075296115882813847 }, "geometry": { "type": "Polygon", "coordinates": [ ] } },
{ "type": "Feature", "properties": { "HYRIV_ID": 41401101, "NEXT_DOWN": 41401206, "MAIN_RIV": 41399660, "LENGTH_KM": 0.65, "DIST_DN_KM": 98.400002, "DIST_UP_KM": 19.700001, "CATCH_SKM": 0.85, "UPLAND_SKM": 181.7, "ENDORHEIC": 0, "DIS_AV_CMS": 3.1860001, "ORD_STRA": 3, "ORD_CLAS": 3, "ORD_FLOW": 6, "HYBAS_L12": 4121156540.0, "Shape_Length": 0.0058925565098825365 }, "geometry": { "type": "Polygon", "coordinates": [ ] } },
{ "type": "Feature", "properties": { "HYRIV_ID": 41401102, "NEXT_DOWN": 41401163, "MAIN_RIV": 41399660, "LENGTH_KM": 0.65, "DIST_DN_KM": 86.400002, "DIST_UP_KM": 19.8, "CATCH_SKM": 0.42, "UPLAND_SKM": 121.5, "ENDORHEIC": 0, "DIS_AV_CMS": 2.1240001, "ORD_STRA": 2, "ORD_CLAS": 4, "ORD_FLOW": 6, "HYBAS_L12": 4121156530.0, "Shape_Length": 0.0058925565098825365 }, "geometry": { "type": "Polygon", "coordinates": [ ] } },
{ "type": "Feature", "properties": { "HYRIV_ID": 41401122, "NEXT_DOWN": 41401068, "MAIN_RIV": 41399660, "LENGTH_KM": 3.99, "DIST_DN_KM": 49.0, "DIST_UP_KM": 281.10001, "CATCH_SKM": 11.9, "UPLAND_SKM": 9108.4004, "ENDORHEIC": 0, "DIS_AV_CMS": 226.48399, "ORD_STRA": 5, "ORD_CLAS": 1, "ORD_FLOW": 4, "HYBAS_L12": 4121156400.0, "Shape_Length": 0.03607022603963591 }, "geometry": { "type": "Polygon", "coordinates": [ ] } },
{ "type": "Feature", "properties": { "HYRIV_ID": 41401123, "NEXT_DOWN": 41401068, "MAIN_RIV": 41399660, "LENGTH_KM": 3.8, "DIST_DN_KM": 48.8, "DIST_UP_KM": 20.200001, "CATCH_SKM": 11.9, "UPLAND_SKM": 91.800003, "ENDORHEIC": 0, "DIS_AV_CMS": 1.86, "ORD_STRA": 2, "ORD_CLAS": 2, "ORD_FLOW": 6, "HYBAS_L12": 4121156400.0, "Shape_Length": 0.034344336196299119 }, "geometry": { "type": "Polygon", "coordinates": [ ] } },
{ "type": "Feature", "properties": { "HYRIV_ID": 41401149, "NEXT_DOWN": 41401164, "MAIN_RIV": 41399660, "LENGTH_KM": 2.09, "DIST_DN_KM": 58.400002, "DIST_UP_KM": 6.2, "CATCH_SKM": 13.81, "UPLAND_SKM": 13.8, "ENDORHEIC": 0, "DIS_AV_CMS": 0.271, "ORD_STRA": 1, "ORD_CLAS": 3, "ORD_FLOW": 7, "HYBAS_L12": 4121156550.0, "Shape_Length": 0.018898057941294719 }, "geometry": { "type": "Polygon", "coordinates": [ ] } },
{ "type": "Feature", "properties": { "HYRIV_ID": 41401163, "NEXT_DOWN": 41401179, "MAIN_RIV": 41399660, "LENGTH_KM": 3.79, "DIST_DN_KM": 82.599998, "DIST_UP_KM": 35.599998, "CATCH_SKM": 14.02, "UPLAND_SKM": 390.29999, "ENDORHEIC": 0, "DIS_AV_CMS": 6.7940001, "ORD_STRA": 3, "ORD_CLAS": 3, "ORD_FLOW": 6, "HYBAS_L12": 4121156670.0, "Shape_Length": 0.034344336196342758 }, "geometry": { "type": "Polygon", "coordinates": [ ] } },
{ "type": "Feature", "properties": { "HYRIV_ID": 41401164, "NEXT_DOWN": 41401165, "MAIN_RIV": 41399660, "LENGTH_KM": 3.4, "DIST_DN_KM": 55.200001, "DIST_UP_KM": 70.199997, "CATCH_SKM": 17.209999, "UPLAND_SKM": 1174.6, "ENDORHEIC": 0, "DIS_AV_CMS": 21.461, "ORD_STRA": 4, "ORD_CLAS": 2, "ORD_FLOW": 5, "HYBAS_L12": 4121156550.0, "Shape_Length": 0.030892556509946788 }, "geometry": { "type": "Polygon", "coordinates": [ ] } },
{ "type": "Feature", "properties": { "HYRIV_ID": 41401165, "NEXT_DOWN": 41401122, "MAIN_RIV": 41399660, "LENGTH_KM": 2.22, "DIST_DN_KM": 52.8, "DIST_UP_KM": 72.599998, "CATCH_SKM": 2.76, "UPLAND_SKM": 1185.0, "ENDORHEIC": 0, "DIS_AV_CMS": 21.625, "ORD_STRA": 4, "ORD_CLAS": 2, "ORD_FLOW": 5, "HYBAS_L12": 4121156550.0, "Shape_Length": 0.020118446353151118 }, "geometry": { "type": "Polygon", "coordinates": [ ] } },
{ "type": "Feature", "properties": { "HYRIV_ID": 41401179, "NEXT_DOWN": 41401181, "MAIN_RIV": 41399660, "LENGTH_KM": 2.49, "DIST_DN_KM": 79.900002, "DIST_UP_KM": 38.200001, "CATCH_SKM": 5.9499998, "UPLAND_SKM": 414.79999, "ENDORHEIC": 0, "DIS_AV_CMS": 7.2189999, "ORD_STRA": 3, "ORD_CLAS": 3, "ORD_FLOW": 6, "HYBAS_L12": 4121156670.0, "Shape_Length": 0.022559223176477201 }, "geometry": { "type": "Polygon", "coordinates": [ ] } },
{ "type": "Feature", "properties": { "HYRIV_ID": 41401180, "NEXT_DOWN": 41401181, "MAIN_RIV": 41399660, "LENGTH_KM": 2.9200001, "DIST_DN_KM": 79.900002, "DIST_UP_KM": 7.2, "CATCH_SKM": 10.2, "UPLAND_SKM": 10.2, "ENDORHEIC": 0, "DIS_AV_CMS": 0.19, "ORD_STRA": 1, "ORD_CLAS": 4, "ORD_FLOW": 7, "HYBAS_L12": 4121156670.0, "Shape_Length": 0.026368446353089305 }, "geometry": { "type": "Polygon", "coordinates": [ ] } },
{ "type": "Feature", "properties": { "HYRIV_ID": 41401181, "NEXT_DOWN": 41401229, "MAIN_RIV": 41399660, "LENGTH_KM": 0.92, "DIST_DN_KM": 79.0, "DIST_UP_KM": 39.200001, "CATCH_SKM": 1.06, "UPLAND_SKM": 426.0, "ENDORHEIC": 0, "DIS_AV_CMS": 7.414, "ORD_STRA": 3, "ORD_CLAS": 3, "ORD_FLOW": 6, "HYBAS_L12": 4121156670.0, "Shape_Length": 0.0083333333333257542 }, "geometry": { "type": "Polygon", "coordinates": [ ] } },
{ "type": "Feature", "properties": { "HYRIV_ID": 41401182, "NEXT_DOWN": 41401229, "MAIN_RIV": 41399660, "LENGTH_KM": 1.91, "DIST_DN_KM": 79.0, "DIST_UP_KM": 5.8, "CATCH_SKM": 8.0699997, "UPLAND_SKM": 8.1, "ENDORHEIC": 0, "DIS_AV_CMS": 0.152, "ORD_STRA": 1, "ORD_CLAS": 4, "ORD_FLOW": 7, "HYBAS_L12": 4121156670.0, "Shape_Length": 0.017172168098242437 }, "geometry": { "type": "Polygon", "coordinates": [ ] } },
{ "type": "Feature", "properties": { "HYRIV_ID": 41401183, "NEXT_DOWN": 41401123, "MAIN_RIV": 41399660, "LENGTH_KM": 4.77, "DIST_DN_KM": 52.8, "DIST_UP_KM": 8.7, "CATCH_SKM": 14.66, "UPLAND_SKM": 14.7, "ENDORHEIC": 0, "DIS_AV_CMS": 0.299, "ORD_STRA": 1, "ORD_CLAS": 3, "ORD_FLOW": 7, "HYBAS_L12": 4121156400.0, "Shape_Length": 0.043183170961058767 }, "geometry": { "type": "Polygon", "coordinates": [ ] } },
{ "type": "Feature", "properties": { "HYRIV_ID": 41401191, "NEXT_DOWN": 41401192, "MAIN_RIV": 41399660, "LENGTH_KM": 1.63, "DIST_DN_KM": 103.3, "DIST_UP_KM": 4.4, "CATCH_SKM": 7.4400001, "UPLAND_SKM": 7.4, "ENDORHEIC": 0, "DIS_AV_CMS": 0.13500001, "ORD_STRA": 1, "ORD_CLAS": 5, "ORD_FLOW": 7, "HYBAS_L12": 4121156540.0, "Shape_Length": 0.014731391274666147 }, "geometry": { "type": "Polygon", "coordinates": [ ] } },
{ "type": "Feature", "properties": { "HYRIV_ID": 41401192, "NEXT_DOWN": 41401101, "MAIN_RIV": 41399660, "LENGTH_KM": 4.2600002, "DIST_DN_KM": 98.800003, "DIST_UP_KM": 9.0, "CATCH_SKM": 7.6500001, "UPLAND_SKM": 24.0, "ENDORHEIC": 0, "DIS_AV_CMS": 0.435, "ORD_STRA": 2, "ORD_CLAS": 4, "ORD_FLOW": 7, "HYBAS_L12": 4121156540.0, "Shape_Length": 0.038511002862987267 }, "geometry": { "type": "Polygon", "coordinates": [ ] } },
{ "type": "Feature", "properties": { "HYRIV_ID": 41401193, "NEXT_DOWN": 41401206, "MAIN_RIV": 41399660, "LENGTH_KM": 2.74, "DIST_DN_KM": 98.199997, "DIST_UP_KM": 7.0, "CATCH_SKM": 8.29, "UPLAND_SKM": 8.3, "ENDORHEIC": 0, "DIS_AV_CMS": 0.152, "ORD_STRA": 1, "ORD_CLAS": 4, "ORD_FLOW": 7, "HYBAS_L12": 4121156540.0, "Shape_Length": 0.024642556509879694 }, "geometry": { "type": "Polygon", "coordinates": [ ] } },
{ "type": "Feature", "properties": { "HYRIV_ID": 41401194, "NEXT_DOWN": 41401165, "MAIN_RIV": 41399660, "LENGTH_KM": 1.16, "DIST_DN_KM": 55.0, "DIST_UP_KM": 4.8, "CATCH_SKM": 7.6500001, "UPLAND_SKM": 7.7, "ENDORHEIC": 0, "DIS_AV_CMS": 0.153, "ORD_STRA": 1, "ORD_CLAS": 3, "ORD_FLOW": 7, "HYBAS_L12": 4121156550.0, "Shape_Length": 0.010416666666642982 }, "geometry": { "type": "Polygon", "coordinates": [ ] } },
{ "type": "Feature", "properties": { "HYRIV_ID": 41401195, "NEXT_DOWN": 41401123, "MAIN_RIV": 41399660, "LENGTH_KM": 2.04, "DIST_DN_KM": 52.8, "DIST_UP_KM": 16.200001, "CATCH_SKM": 5.1, "UPLAND_SKM": 65.199997, "ENDORHEIC": 0, "DIS_AV_CMS": 1.327, "ORD_STRA": 2, "ORD_CLAS": 2, "ORD_FLOW": 6, "HYBAS_L12": 4121156400.0, "Shape_Length": 0.018392556509929735 }, "geometry": { "type": "Polygon", "coordinates": [ ] } },
{ "type": "Feature", "properties": { "HYRIV_ID": 41401206, "NEXT_DOWN": 41401207, "MAIN_RIV": 41399660, "LENGTH_KM": 6.02, "DIST_DN_KM": 92.400002, "DIST_UP_KM": 25.8, "CATCH_SKM": 22.74, "UPLAND_SKM": 212.7, "ENDORHEIC": 0, "DIS_AV_CMS": 3.717, "ORD_STRA": 3, "ORD_CLAS": 3, "ORD_FLOW": 6, "HYBAS_L12": 4121156540.0, "Shape_Length": 0.05446278254950393 }, "geometry": { "type": "Polygon", "coordinates": [ ] } },
{ "type": "Feature", "properties": { "HYRIV_ID": 41401207, "NEXT_DOWN": 41401208, "MAIN_RIV": 41399660, "LENGTH_KM": 1.83, "DIST_DN_KM": 90.300003, "DIST_UP_KM": 27.8, "CATCH_SKM": 2.55, "UPLAND_SKM": 227.2, "ENDORHEIC": 0, "DIS_AV_CMS": 3.97, "ORD_STRA": 3, "ORD_CLAS": 3, "ORD_FLOW": 6, "HYBAS_L12": 4121156540.0, "Shape_Length": 0.016666666666651508 }, "geometry": { "type": "Polygon", "coordinates": [ ] } },
{ "type": "Feature", "properties": { "HYRIV_ID": 41401208, "NEXT_DOWN": 41401163, "MAIN_RIV": 41399660, "LENGTH_KM": 4.1799998, "DIST_DN_KM": 86.400002, "DIST_UP_KM": 31.8, "CATCH_SKM": 12.75, "UPLAND_SKM": 254.8, "ENDORHEIC": 0, "DIS_AV_CMS": 4.4569998, "ORD_STRA": 3, "ORD_CLAS": 3, "ORD_FLOW": 6, "HYBAS_L12": 4121156540.0, "Shape_Length": 0.037796115882801171 }, "geometry": { "type": "Polygon", "coordinates": [ ] } },
{ "type": "Feature", "properties": { "HYRIV_ID": 41401209, "NEXT_DOWN": 41401210, "MAIN_RIV": 41399660, "LENGTH_KM": 3.6600001, "DIST_DN_KM": 61.200001, "DIST_UP_KM": 6.5, "CATCH_SKM": 13.39, "UPLAND_SKM": 13.4, "ENDORHEIC": 0, "DIS_AV_CMS": 0.26300001, "ORD_STRA": 1, "ORD_CLAS": 3, "ORD_FLOW": 7, "HYBAS_L12": 4121156550.0, "Shape_Length": 0.033123947784554263 }, "geometry": { "type": "Polygon", "coordinates": [ ] } },
{ "type": "Feature", "properties": { "HYRIV_ID": 41401210, "NEXT_DOWN": 41401164, "MAIN_RIV": 41399660, "LENGTH_KM": 2.61, "DIST_DN_KM": 58.599998, "DIST_UP_KM": 66.800003, "CATCH_SKM": 12.11, "UPLAND_SKM": 1143.6, "ENDORHEIC": 0, "DIS_AV_CMS": 20.924999, "ORD_STRA": 4, "ORD_CLAS": 2, "ORD_FLOW": 5, "HYBAS_L12": 4121156550.0, "Shape_Length": 0.023570226039550245 }, "geometry": { "type": "Polygon", "coordinates": [ ] } },
{ "type": "Feature", "properties": { "HYRIV_ID": 41401228, "NEXT_DOWN": 41401192, "MAIN_RIV": 41399660, "LENGTH_KM": 1.4400001, "DIST_DN_KM": 103.1, "DIST_UP_KM": 4.7, "CATCH_SKM": 8.9300003, "UPLAND_SKM": 8.9, "ENDORHEIC": 0, "DIS_AV_CMS": 0.164, "ORD_STRA": 1, "ORD_CLAS": 4, "ORD_FLOW": 7, "HYBAS_L12": 4121156540.0, "Shape_Length": 0.013005501431486682 }, "geometry": { "type": "Polygon", "coordinates": [ ] } },
{ "type": "Feature", "properties": { "HYRIV_ID": 41401229, "NEXT_DOWN": 41401278, "MAIN_RIV": 41399660, "LENGTH_KM": 1.96, "DIST_DN_KM": 77.199997, "DIST_UP_KM": 40.900002, "CATCH_SKM": 3.4, "UPLAND_SKM": 437.5, "ENDORHEIC": 0, "DIS_AV_CMS": 7.6110001, "ORD_STRA": 3, "ORD_CLAS": 3, "ORD_FLOW": 6, "HYBAS_L12": 4121156670.0, "Shape_Length": 0.017677669529667706 }, "geometry": { "type": "Polygon", "coordinates": [ ] } },
{ "type": "Feature", "properties": { "HYRIV_ID": 41401264, "NEXT_DOWN": 41401279, "MAIN_RIV": 41399660, "LENGTH_KM": 1.91, "DIST_DN_KM": 74.599998, "DIST_UP_KM": 6.1, "CATCH_SKM": 10.41, "UPLAND_SKM": 10.4, "ENDORHEIC": 0, "DIS_AV_CMS": 0.199, "ORD_STRA": 1, "ORD_CLAS": 4, "ORD_FLOW": 7, "HYBAS_L12": 4121156670.0, "Shape_Length": 0.017172168098145396 }, "geometry": { "type": "Polygon", "coordinates": [ ] } },
{ "type": "Feature", "properties": { "HYRIV_ID": 41401265, "NEXT_DOWN": 41401210, "MAIN_RIV": 41399660, "LENGTH_KM": 1.96, "DIST_DN_KM": 61.200001, "DIST_UP_KM": 64.199997, "CATCH_SKM": 5.9499998, "UPLAND_SKM": 1118.1, "ENDORHEIC": 0, "DIS_AV_CMS": 20.465, "ORD_STRA": 4, "ORD_CLAS": 2, "ORD_FLOW": 5, "HYBAS_L12": 4121156550.0, "Shape_Length": 0.017677669529667706 }, "geometry": { "type": "Polygon", "coordinates": [ ] } },
{ "type": "Feature", "properties": { "HYRIV_ID": 41401278, "NEXT_DOWN": 41401279, "MAIN_RIV": 41399660, "LENGTH_KM": 2.4200001, "DIST_DN_KM": 74.800003, "DIST_UP_KM": 43.3, "CATCH_SKM": 7.4400001, "UPLAND_SKM": 463.0, "ENDORHEIC": 0, "DIS_AV_CMS": 8.0819998, "ORD_STRA": 3, "ORD_CLAS": 3, "ORD_FLOW": 6, "HYBAS_L12": 4121156670.0, "Shape_Length": 0.02184433619635312 }, "geometry": { "type": "Polygon", "coordinates": [ ] } },
{ "type": "Feature", "properties": { "HYRIV_ID": 41401279, "NEXT_DOWN": 41401302, "MAIN_RIV": 41399660, "LENGTH_KM": 2.03, "DIST_DN_KM": 72.800003, "DIST_UP_KM": 45.400002, "CATCH_SKM": 4.46, "UPLAND_SKM": 477.89999, "ENDORHEIC": 0, "DIS_AV_CMS": 8.3509998, "ORD_STRA": 3, "ORD_CLAS": 3, "ORD_FLOW": 6, "HYBAS_L12": 4121156670.0, "Shape_Length": 0.018392556509871167 }, "geometry": { "type": "Polygon", "coordinates": [ ] } },
{ "type": "Feature", "properties": { "HYRIV_ID": 41401280, "NEXT_DOWN": 41401304, "MAIN_RIV": 41399660, "LENGTH_KM": 2.6400001, "DIST_DN_KM": 69.0, "DIST_UP_KM": 6.9, "CATCH_SKM": 11.9, "UPLAND_SKM": 11.9, "ENDORHEIC": 0, "DIS_AV_CMS": 0.23, "ORD_STRA": 1, "ORD_CLAS": 4, "ORD_FLOW": 7, "HYBAS_L12": 4121156630.0, "Shape_Length": 0.023927669529546614 }, "geometry": { "type": "Polygon", "coordinates": [ ] } },
{ "type": "Feature", "properties": { "HYRIV_ID": 41401281, "NEXT_DOWN": 41401304, "MAIN_RIV": 41399660, "LENGTH_KM": 5.1599998, "DIST_DN_KM": 68.800003, "DIST_UP_KM": 7.6, "CATCH_SKM": 17.85, "UPLAND_SKM": 17.9, "ENDORHEIC": 0, "DIS_AV_CMS": 0.347, "ORD_STRA": 1, "ORD_CLAS": 3, "ORD_FLOW": 7, "HYBAS_L12": 4121156630.0, "Shape_Length": 0.046486892706181143 }, "geometry": { "type": "Polygon", "coordinates": [ ] } },
{ "type": "Feature", "properties": { "HYRIV_ID": 41401282, "NEXT_DOWN": 41401195, "MAIN_RIV": 41399660, "LENGTH_KM": 3.48, "DIST_DN_KM": 54.599998, "DIST_UP_KM": 6.0, "CATCH_SKM": 13.6, "UPLAND_SKM": 13.6, "ENDORHEIC": 0, "DIS_AV_CMS": 0.278, "ORD_STRA": 1, "ORD_CLAS": 3, "ORD_FLOW": 7, "HYBAS_L12": 4121156400.0, "Shape_Length": 0.031398057941382826 }, "geometry": { "type": "Polygon", "coordinates": [ ] } },
{ "type": "Feature", "properties": { "HYRIV_ID": 41401299, "NEXT_DOWN": 41401300, "MAIN_RIV": 41399660, "LENGTH_KM": 0.69, "DIST_DN_KM": 112.7, "DIST_UP_KM": 5.2, "CATCH_SKM": 11.69, "UPLAND_SKM": 11.7, "ENDORHEIC": 0, "DIS_AV_CMS": 0.213, "ORD_STRA": 1, "ORD_CLAS": 4, "ORD_FLOW": 7, "HYBAS_L12": 4121601170.0, "Shape_Length": 0.0062500000000227374 }, "geometry": { "type": "Polygon", "coordinates": [ ] } },
{ "type": "Feature", "properties": { "HYRIV_ID": 41401300, "NEXT_DOWN": 41401048, "MAIN_RIV": 41399660, "LENGTH_KM": 8.7299995, "DIST_DN_KM": 104.2, "DIST_UP_KM": 13.9, "CATCH_SKM": 34.639999, "UPLAND_SKM": 55.3, "ENDORHEIC": 0, "DIS_AV_CMS": 0.98799998, "ORD_STRA": 2, "ORD_CLAS": 3, "ORD_FLOW": 7, "HYBAS_L12": 4121601170.0, "Shape_Length": 0.078747895569293375 }, "geometry": { "type": "Polygon", "coordinates": [ ] } },
{ "type": "Feature", "properties": { "HYRIV_ID": 41401301, "NEXT_DOWN": 41401207, "MAIN_RIV": 41399660, "LENGTH_KM": 3.3800001, "DIST_DN_KM": 92.199997, "DIST_UP_KM": 8.3, "CATCH_SKM": 11.9, "UPLAND_SKM": 11.9, "ENDORHEIC": 0, "DIS_AV_CMS": 0.222, "ORD_STRA": 1, "ORD_CLAS": 4, "ORD_FLOW": 7, "HYBAS_L12": 4121156540.0, "Shape_Length": 0.030535113019754621 }, "geometry": { "type": "Polygon", "coordinates": [ ] } },
{ "type": "Feature", "properties": { "HYRIV_ID": 41401302, "NEXT_DOWN": 41401303, "MAIN_RIV": 41399660, "LENGTH_KM": 3.33, "DIST_DN_KM": 69.199997, "DIST_UP_KM": 48.900002, "CATCH_SKM": 5.9499998, "UPLAND_SKM": 509.5, "ENDORHEIC": 0, "DIS_AV_CMS": 8.9359999, "ORD_STRA": 3, "ORD_CLAS": 3, "ORD_FLOW": 6, "HYBAS_L12": 4121156670.0, "Shape_Length": 0.030177669529666384 }, "geometry": { "type": "Polygon", "coordinates": [ ] } },
{ "type": "Feature", "properties": { "HYRIV_ID": 41401303, "NEXT_DOWN": 41401305, "MAIN_RIV": 41399660, "LENGTH_KM": 0.92, "DIST_DN_KM": 68.300003, "DIST_UP_KM": 57.099998, "CATCH_SKM": 1.27, "UPLAND_SKM": 907.70001, "ENDORHEIC": 0, "DIS_AV_CMS": 16.41, "ORD_STRA": 4, "ORD_CLAS": 2, "ORD_FLOW": 5, "HYBAS_L12": 4121156630.0, "Shape_Length": 0.0083333333333257542 }, "geometry": { "type": "Polygon", "coordinates": [ ] } },
{ "type": "Feature", "properties": { "HYRIV_ID": 41401304, "NEXT_DOWN": 41401305, "MAIN_RIV": 41399660, "LENGTH_KM": 0.46, "DIST_DN_KM": 68.300003, "DIST_UP_KM": 8.1, "CATCH_SKM": 0.21, "UPLAND_SKM": 30.0, "ENDORHEIC": 0, "DIS_AV_CMS": 0.58099997, "ORD_STRA": 2, "ORD_CLAS": 3, "ORD_FLOW": 7, "HYBAS_L12": 4121156630.0, "Shape_Length": 0.0041666666666486663 }, "geometry": { "type": "Polygon", "coordinates": [ ] } },
{ "type": "Feature", "properties": { "HYRIV_ID": 41401305, "NEXT_DOWN": 41401306, "MAIN_RIV": 41399660, "LENGTH_KM": 2.03, "DIST_DN_KM": 66.300003, "DIST_UP_KM": 59.099998, "CATCH_SKM": 3.1900001, "UPLAND_SKM": 940.79999, "ENDORHEIC": 0, "DIS_AV_CMS": 17.018999, "ORD_STRA": 4, "ORD_CLAS": 2, "ORD_FLOW": 5, "HYBAS_L12": 4121156630.0, "Shape_Length": 0.018392556509804276 }, "geometry": { "type": "Polygon", "coordinates": [ ] } },
{ "type": "Feature", "properties": { "HYRIV_ID": 41401306, "NEXT_DOWN": 41401265, "MAIN_RIV": 41399660, "LENGTH_KM": 3.33, "DIST_DN_KM": 63.0, "DIST_UP_KM": 62.5, "CATCH_SKM": 10.2, "UPLAND_SKM": 960.20001, "ENDORHEIC": 0, "DIS_AV_CMS": 17.349001, "ORD_STRA": 4, "ORD_CLAS": 2, "ORD_FLOW": 5, "HYBAS_L12": 4121156630.0, "Shape_Length": 0.030177669529623041 }, "geometry": { "type": "Polygon", "coordinates": [ ] } },
{ "type": "Feature", "properties": { "HYRIV_ID": 41401314, "NEXT_DOWN": 41401208, "MAIN_RIV": 41399660, "LENGTH_KM": 4.1300001, "DIST_DN_KM": 90.300003, "DIST_UP_KM": 6.8, "CATCH_SKM": 14.88, "UPLAND_SKM": 14.9, "ENDORHEIC": 0, "DIS_AV_CMS": 0.27900001, "ORD_STRA": 1, "ORD_CLAS": 4, "ORD_FLOW": 7, "HYBAS_L12": 4121156540.0, "Shape_Length": 0.037290614451228617 }, "geometry": { "type": "Polygon", "coordinates": [ ] } },
{ "type": "Feature", "properties": { "HYRIV_ID": 41401315, "NEXT_DOWN": 41401179, "MAIN_RIV": 41399660, "LENGTH_KM": 6.4499998, "DIST_DN_KM": 82.599998, "DIST_UP_KM": 9.8, "CATCH_SKM": 18.49, "UPLAND_SKM": 18.5, "ENDORHEIC": 0, "DIS_AV_CMS": 0.348, "ORD_STRA": 1, "ORD_CLAS": 4, "ORD_FLOW": 7, "HYBAS_L12": 4121156670.0, "Shape_Length": 0.058272005726003058 }, "geometry": { "type": "Polygon", "coordinates": [ ] } },
{ "type": "Feature", "properties": { "HYRIV_ID": 41401316, "NEXT_DOWN": 41401278, "MAIN_RIV": 41399660, "LENGTH_KM": 6.54, "DIST_DN_KM": 77.0, "DIST_UP_KM": 9.9, "CATCH_SKM": 18.059999, "UPLAND_SKM": 18.1, "ENDORHEIC": 0, "DIS_AV_CMS": 0.34400001, "ORD_STRA": 1, "ORD_CLAS": 4, "ORD_FLOW": 7, "HYBAS_L12": 4121156670.0, "Shape_Length": 0.059134950647640599 }, "geometry": { "type": "Polygon", "coordinates": [ ] } },
{ "type": "Feature", "properties": { "HYRIV_ID": 41401317, "NEXT_DOWN": 41401306, "MAIN_RIV": 41399660, "LENGTH_KM": 1.4400001, "DIST_DN_KM": 66.300003, "DIST_UP_KM": 5.1, "CATCH_SKM": 9.1400003, "UPLAND_SKM": 9.1, "ENDORHEIC": 0, "DIS_AV_CMS": 0.181, "ORD_STRA": 1, "ORD_CLAS": 3, "ORD_FLOW": 7, "HYBAS_L12": 4121156630.0, "Shape_Length": 0.013005501431482519 }, "geometry": { "type": "Polygon", "coordinates": [ ] } },
{ "type": "Feature", "properties": { "HYRIV_ID": 41401333, "NEXT_DOWN": 41401122, "MAIN_RIV": 41399660, "LENGTH_KM": 6.8800001, "DIST_DN_KM": 53.0, "DIST_UP_KM": 277.10001, "CATCH_SKM": 11.9, "UPLAND_SKM": 7911.5, "ENDORHEIC": 0, "DIS_AV_CMS": 205.433, "ORD_STRA": 5, "ORD_CLAS": 1, "ORD_FLOW": 4, "HYBAS_L12": 4121156560.0, "Shape_Length": 0.062081228902603397 }, "geometry": { "type": "Polygon", "coordinates": [ ] } },
{ "type": "Feature", "properties": { "HYRIV_ID": 41401342, "NEXT_DOWN": 41401300, "MAIN_RIV": 41399660, "LENGTH_KM": 1.81, "DIST_DN_KM": 112.9, "DIST_UP_KM": 5.2, "CATCH_SKM": 8.9300003, "UPLAND_SKM": 8.9, "ENDORHEIC": 0, "DIS_AV_CMS": 0.164, "ORD_STRA": 1, "ORD_CLAS": 3, "ORD_FLOW": 7, "HYBAS_L12": 4121601170.0, "Shape_Length": 0.016309223176555664 }, "geometry": { "type": "Polygon", "coordinates": [ ] } },
{ "type": "Feature", "properties": { "HYRIV_ID": 41401343, "NEXT_DOWN": 41401303, "MAIN_RIV": 41399660, "LENGTH_KM": 1.58, "DIST_DN_KM": 69.199997, "DIST_UP_KM": 56.200001, "CATCH_SKM": 2.1300001, "UPLAND_SKM": 396.89999, "ENDORHEIC": 0, "DIS_AV_CMS": 7.4660001, "ORD_STRA": 3, "ORD_CLAS": 2, "ORD_FLOW": 6, "HYBAS_L12": 4121156680.0, "Shape_Length": 0.014225889843240875 }, "geometry": { "type": "Polygon", "coordinates": [ ] } },
{ "type": "Feature", "properties": { "HYRIV_ID": 41401344, "NEXT_DOWN": 41401345, "MAIN_RIV": 41399660, "LENGTH_KM": 1.15, "DIST_DN_KM": 60.0, "DIST_UP_KM": 3.8, "CATCH_SKM": 6.8, "UPLAND_SKM": 6.8, "ENDORHEIC": 0, "DIS_AV_CMS": 0.139, "ORD_STRA": 1, "ORD_CLAS": 3, "ORD_FLOW": 7, "HYBAS_L12": 4121156400.0, "Shape_Length": 0.010416666666742458 }, "geometry": { "type": "Polygon", "coordinates": [ ] } },
{ "type": "Feature", "properties": { "HYRIV_ID": 41401345, "NEXT_DOWN": 41401195, "MAIN_RIV": 41399660, "LENGTH_KM": 5.3800001, "DIST_DN_KM": 54.8, "DIST_UP_KM": 14.2, "CATCH_SKM": 18.280001, "UPLAND_SKM": 46.5, "ENDORHEIC": 0, "DIS_AV_CMS": 0.94800001, "ORD_STRA": 2, "ORD_CLAS": 2, "ORD_FLOW": 7, "HYBAS_L12": 4121156400.0, "Shape_Length": 0.048570226039554208 }, "geometry": { "type": "Polygon", "coordinates": [ ] } },
{ "type": "Feature", "properties": { "HYRIV_ID": 41401377, "NEXT_DOWN": 41401343, "MAIN_RIV": 41399660, "LENGTH_KM": 1.76, "DIST_DN_KM": 71.0, "DIST_UP_KM": 54.400002, "CATCH_SKM": 2.1300001, "UPLAND_SKM": 385.20001, "ENDORHEIC": 0, "DIS_AV_CMS": 7.2459998, "ORD_STRA": 3, "ORD_CLAS": 2, "ORD_FLOW": 6, "HYBAS_L12": 4121156680.0, "Shape_Length": 0.015951779686484792 }, "geometry": { "type": "Polygon", "coordinates": [ ] } },
{ "type": "Feature", "properties": { "HYRIV_ID": 41401406, "NEXT_DOWN": 41401302, "MAIN_RIV": 41399660, "LENGTH_KM": 10.23, "DIST_DN_KM": 72.599998, "DIST_UP_KM": 12.7, "CATCH_SKM": 25.719999, "UPLAND_SKM": 25.700001, "ENDORHEIC": 0, "DIS_AV_CMS": 0.496, "ORD_STRA": 1, "ORD_CLAS": 4, "ORD_FLOW": 7, "HYBAS_L12": 4121156670.0, "Shape_Length": 0.092616341922351408 }, "geometry": { "type": "Polygon", "coordinates": [ ] } },
{ "type": "Feature", "properties": { "HYRIV_ID": 41401419, "NEXT_DOWN": 41401343, "MAIN_RIV": 41399660, "LENGTH_KM": 3.02, "DIST_DN_KM": 70.800003, "DIST_UP_KM": 5.8, "CATCH_SKM": 9.5600004, "UPLAND_SKM": 9.6, "ENDORHEIC": 0, "DIS_AV_CMS": 0.19, "ORD_STRA": 1, "ORD_CLAS": 3, "ORD_FLOW": 7, "HYBAS_L12": 4121156680.0, "Shape_Length": 0.027231391274783686 }, "geometry": { "type": "Polygon", "coordinates": [ ] } },
{ "type": "Feature", "properties": { "HYRIV_ID": 41401438, "NEXT_DOWN": 41401377, "MAIN_RIV": 41399660, "LENGTH_KM": 2.37, "DIST_DN_KM": 72.599998, "DIST_UP_KM": 5.8, "CATCH_SKM": 8.29, "UPLAND_SKM": 8.3, "ENDORHEIC": 0, "DIS_AV_CMS": 0.164, "ORD_STRA": 1, "ORD_CLAS": 3, "ORD_FLOW": 7, "HYBAS_L12": 4121156680.0, "Shape_Length": 0.021338834764850906 }, "geometry": { "type": "Polygon", "coordinates": [ ] } },
{ "type": "Feature", "properties": { "HYRIV_ID": 41401453, "NEXT_DOWN": 41401454, "MAIN_RIV": 41399660, "LENGTH_KM": 2.9100001, "DIST_DN_KM": 77.900002, "DIST_UP_KM": 7.1, "CATCH_SKM": 8.9300003, "UPLAND_SKM": 8.9, "ENDORHEIC": 0, "DIS_AV_CMS": 0.174, "ORD_STRA": 1, "ORD_CLAS": 3, "ORD_FLOW": 7, "HYBAS_L12": 4121156680.0, "Shape_Length": 0.026368446353060168 }, "geometry": { "type": "Polygon", "coordinates": [ ] } },
{ "type": "Feature", "properties": { "HYRIV_ID": 41401454, "NEXT_DOWN": 41401377, "MAIN_RIV": 41399660, "LENGTH_KM": 5.29, "DIST_DN_KM": 72.599998, "DIST_UP_KM": 52.8, "CATCH_SKM": 8.9300003, "UPLAND_SKM": 374.79999, "ENDORHEIC": 0, "DIS_AV_CMS": 7.0510001, "ORD_STRA": 3, "ORD_CLAS": 2, "ORD_FLOW": 6, "HYBAS_L12": 4121156680.0, "Shape_Length": 0.047855339059269641 }, "geometry": { "type": "Polygon", "coordinates": [ ] } },
{ "type": "Feature", "properties": { "HYRIV_ID": 41401455, "NEXT_DOWN": 41401345, "MAIN_RIV": 41399660, "LENGTH_KM": 5.6100001, "DIST_DN_KM": 60.200001, "DIST_UP_KM": 8.8, "CATCH_SKM": 21.469999, "UPLAND_SKM": 21.5, "ENDORHEIC": 0, "DIS_AV_CMS": 0.44100001, "ORD_STRA": 1, "ORD_CLAS": 2, "ORD_FLOW": 7, "HYBAS_L12": 4121156400.0, "Shape_Length": 0.050653559372840572 }, "geometry": { "type": "Polygon", "coordinates": [ ] } },
{ "type": "Feature", "properties": { "HYRIV_ID": 41401474, "NEXT_DOWN": 41401454, "MAIN_RIV": 41399660, "LENGTH_KM": 0.65, "DIST_DN_KM": 78.099998, "DIST_UP_KM": 47.400002, "CATCH_SKM": 1.06, "UPLAND_SKM": 356.89999, "ENDORHEIC": 0, "DIS_AV_CMS": 6.7340002, "ORD_STRA": 3, "ORD_CLAS": 2, "ORD_FLOW": 6, "HYBAS_L12": 4121156680.0, "Shape_Length": 0.005892556509922731 }, "geometry": { "type": "Polygon", "coordinates": [ ] } },
{ "type": "Feature", "properties": { "HYRIV_ID": 41401475, "NEXT_DOWN": 41401333, "MAIN_RIV": 41399660, "LENGTH_KM": 4.7399998, "DIST_DN_KM": 59.8, "DIST_UP_KM": 16.8, "CATCH_SKM": 7.4400001, "UPLAND_SKM": 65.0, "ENDORHEIC": 0, "DIS_AV_CMS": 1.331, "ORD_STRA": 2, "ORD_CLAS": 2, "ORD_FLOW": 6, "HYBAS_L12": 4121156560.0, "Shape_Length": 0.042677669529616546 }, "geometry": { "type": "Polygon", "coordinates": [ ] } },
{ "type": "Feature", "properties": { "HYRIV_ID": 41401476, "NEXT_DOWN": 41401475, "MAIN_RIV": 41399660, "LENGTH_KM": 3.27, "DIST_DN_KM": 64.400002, "DIST_UP_KM": 6.1, "CATCH_SKM": 11.27, "UPLAND_SKM": 11.3, "ENDORHEIC": 0, "DIS_AV_CMS": 0.23100001, "ORD_STRA": 1, "ORD_CLAS": 3, "ORD_FLOW": 7, "HYBAS_L12": 4121156560.0, "Shape_Length": 0.029672168098174936 }, "geometry": { "type": "Polygon", "coordinates": [ ] } },
{ "type": "Feature", "properties": { "HYRIV_ID": 41401490, "NEXT_DOWN": 41401474, "MAIN_RIV": 41399660, "LENGTH_KM": 2.28, "DIST_DN_KM": 78.699997, "DIST_UP_KM": 6.7, "CATCH_SKM": 5.9499998, "UPLAND_SKM": 6.0, "ENDORHEIC": 0, "DIS_AV_CMS": 0.116, "ORD_STRA": 1, "ORD_CLAS": 3, "ORD_FLOW": 7, "HYBAS_L12": 4121156680.0, "Shape_Length": 0.020623947784588877 }, "geometry": { "type": "Polygon", "coordinates": [ ] } },
{ "type": "Feature", "properties": { "HYRIV_ID": 41401535, "NEXT_DOWN": 41401536, "MAIN_RIV": 41399660, "LENGTH_KM": 1.34, "DIST_DN_KM": 67.199997, "DIST_UP_KM": 4.4, "CATCH_SKM": 8.71, "UPLAND_SKM": 8.7, "ENDORHEIC": 0, "DIS_AV_CMS": 0.177, "ORD_STRA": 1, "ORD_CLAS": 2, "ORD_FLOW": 7, "HYBAS_L12": 4121156560.0, "Shape_Length": 0.012142556509831781 }, "geometry": { "type": "Polygon", "coordinates": [ ] } },
{ "type": "Feature", "properties": { "HYRIV_ID": 41401536, "NEXT_DOWN": 41401333, "MAIN_RIV": 41399660, "LENGTH_KM": 7.3400002, "DIST_DN_KM": 59.8, "DIST_UP_KM": 270.20001, "CATCH_SKM": 29.75, "UPLAND_SKM": 7834.5, "ENDORHEIC": 0, "DIS_AV_CMS": 205.12, "ORD_STRA": 5, "ORD_CLAS": 1, "ORD_FLOW": 4, "HYBAS_L12": 4121156560.0, "Shape_Length": 0.066247895569195928 }, "geometry": { "type": "Polygon", "coordinates": [ ] } },
{ "type": "Feature", "properties": { "HYRIV_ID": 41401554, "NEXT_DOWN": 41401564, "MAIN_RIV": 41399660, "LENGTH_KM": 5.81, "DIST_DN_KM": 96.300003, "DIST_UP_KM": 10.0, "CATCH_SKM": 23.8, "UPLAND_SKM": 23.8, "ENDORHEIC": 0, "DIS_AV_CMS": 0.449, "ORD_STRA": 1, "ORD_CLAS": 3, "ORD_FLOW": 7, "HYBAS_L12": 4121601250.0, "Shape_Length": 0.052527507157491576 }, "geometry": { "type": "Polygon", "coordinates": [ ] } },
{ "type": "Feature", "properties": { "HYRIV_ID": 41401564, "NEXT_DOWN": 41401620, "MAIN_RIV": 41399660, "LENGTH_KM": 6.54, "DIST_DN_KM": 89.599998, "DIST_UP_KM": 35.900002, "CATCH_SKM": 26.57, "UPLAND_SKM": 267.60001, "ENDORHEIC": 0, "DIS_AV_CMS": 5.0840001, "ORD_STRA": 3, "ORD_CLAS": 2, "ORD_FLOW": 6, "HYBAS_L12": 4121156680.0, "Shape_Length": 0.059344336196269776 }, "geometry": { "type": "Polygon", "coordinates": [ ] } },
{ "type": "Feature", "properties": { "HYRIV_ID": 41401565, "NEXT_DOWN": 41401620, "MAIN_RIV": 41399660, "LENGTH_KM": 1.81, "DIST_DN_KM": 89.599998, "DIST_UP_KM": 6.0, "CATCH_SKM": 8.29, "UPLAND_SKM": 8.3, "ENDORHEIC": 0, "DIS_AV_CMS": 0.16, "ORD_STRA": 1, "ORD_CLAS": 3, "ORD_FLOW": 7, "HYBAS_L12": 4121156680.0, "Shape_Length": 0.016309223176491923 }, "geometry": { "type": "Polygon", "coordinates": [ ] } },
{ "type": "Feature", "properties": { "HYRIV_ID": 41401582, "NEXT_DOWN": 41401564, "MAIN_RIV": 41399660, "LENGTH_KM": 1.76, "DIST_DN_KM": 96.300003, "DIST_UP_KM": 29.1, "CATCH_SKM": 2.55, "UPLAND_SKM": 217.3, "ENDORHEIC": 0, "DIS_AV_CMS": 4.1849999, "ORD_STRA": 3, "ORD_CLAS": 2, "ORD_FLOW": 6, "HYBAS_L12": 4121601250.0, "Shape_Length": 0.015951779686474744 }, "geometry": { "type": "Polygon", "coordinates": [ ] } },
{ "type": "Feature", "properties": { "HYRIV_ID": 41401583, "NEXT_DOWN": 41401584, "MAIN_RIV": 41399660, "LENGTH_KM": 3.4400001, "DIST_DN_KM": 74.099998, "DIST_UP_KM": 7.0, "CATCH_SKM": 16.58, "UPLAND_SKM": 16.6, "ENDORHEIC": 0, "DIS_AV_CMS": 0.333, "ORD_STRA": 1, "ORD_CLAS": 4, "ORD_FLOW": 7, "HYBAS_L12": 4121156660.0, "Shape_Length": 0.031250000000056843 }, "geometry": { "type": "Polygon", "coordinates": [ ] } },
{ "type": "Feature", "properties": { "HYRIV_ID": 41401584, "NEXT_DOWN": 41401265, "MAIN_RIV": 41399660, "LENGTH_KM": 11.15, "DIST_DN_KM": 63.200001, "DIST_UP_KM": 37.099998, "CATCH_SKM": 33.580002, "UPLAND_SKM": 152.0, "ENDORHEIC": 0, "DIS_AV_CMS": 3.029, "ORD_STRA": 2, "ORD_CLAS": 3, "ORD_FLOW": 6, "HYBAS_L12": 4121156660.0, "Shape_Length": 0.10059223176555877 }, "geometry": { "type": "Polygon", "coordinates": [ ] } },
{ "type": "Feature", "properties": { "HYRIV_ID": 41401599, "NEXT_DOWN": 41401600, "MAIN_RIV": 41399660, "LENGTH_KM": 5.7, "DIST_DN_KM": 104.0, "DIST_UP_KM": 8.6, "CATCH_SKM": 23.8, "UPLAND_SKM": 23.8, "ENDORHEIC": 0, "DIS_AV_CMS": 0.445, "ORD_STRA": 1, "ORD_CLAS": 3, "ORD_FLOW": 7, "HYBAS_L12": 4121601270.0, "Shape_Length": 0.051368446352981302 }, "geometry": { "type": "Polygon", "coordinates": [ ] } },
{ "type": "Feature", "properties": { "HYRIV_ID": 41401600, "NEXT_DOWN": 41401582, "MAIN_RIV": 41399660, "LENGTH_KM": 6.08, "DIST_DN_KM": 97.900002, "DIST_UP_KM": 27.6, "CATCH_SKM": 26.360001, "UPLAND_SKM": 159.89999, "ENDORHEIC": 0, "DIS_AV_CMS": 3.0650001, "ORD_STRA": 2, "ORD_CLAS": 2, "ORD_FLOW": 6, "HYBAS_L12": 4121601250.0, "Shape_Length": 0.055177669529680395 }, "geometry": { "type": "Polygon", "coordinates": [ ] } },
{ "type": "Feature", "properties": { "HYRIV_ID": 41401620, "NEXT_DOWN": 41401634, "MAIN_RIV": 41399660, "LENGTH_KM": 2.4200001, "DIST_DN_KM": 87.300003, "DIST_UP_KM": 38.099998, "CATCH_SKM": 3.61, "UPLAND_SKM": 279.5, "ENDORHEIC": 0, "DIS_AV_CMS": 5.2940001, "ORD_STRA": 3, "ORD_CLAS": 2, "ORD_FLOW": 6, "HYBAS_L12": 4121156680.0, "Shape_Length": 0.021844336196172962 }, "geometry": { "type": "Polygon", "coordinates": [ ] } },
{ "type": "Feature", "properties": { "HYRIV_ID": 41401621, "NEXT_DOWN": 41401584, "MAIN_RIV": 41399660, "LENGTH_KM": 0.93, "DIST_DN_KM": 74.099998, "DIST_UP_KM": 26.1, "CATCH_SKM": 1.06, "UPLAND_SKM": 101.8, "ENDORHEIC": 0, "DIS_AV_CMS": 2.049, "ORD_STRA": 2, "ORD_CLAS": 3, "ORD_FLOW": 6, "HYBAS_L12": 4121156660.0, "Shape_Length": 0.0083333333333115434 }, "geometry": { "type": "Polygon", "coordinates": [ ] } },
{ "type": "Feature", "properties": { "HYRIV_ID": 41401622, "NEXT_DOWN": 41401475, "MAIN_RIV": 41399660, "LENGTH_KM": 4.7399998, "DIST_DN_KM": 64.400002, "DIST_UP_KM": 12.3, "CATCH_SKM": 13.39, "UPLAND_SKM": 46.3, "ENDORHEIC": 0, "DIS_AV_CMS": 0.954, "ORD_STRA": 2, "ORD_CLAS": 2, "ORD_FLOW": 7, "HYBAS_L12": 4121156560.0, "Shape_Length": 0.042677669529711859 }, "geometry": { "type": "Polygon", "coordinates": [ ] } },
{ "type": "Feature", "properties": { "HYRIV_ID": 41401623, "NEXT_DOWN": 41401622, "MAIN_RIV": 41399660, "LENGTH_KM": 1.8, "DIST_DN_KM": 69.099998, "DIST_UP_KM": 5.2, "CATCH_SKM": 5.7399998, "UPLAND_SKM": 5.7, "ENDORHEIC": 0, "DIS_AV_CMS": 0.118, "ORD_STRA": 1, "ORD_CLAS": 3, "ORD_FLOW": 7, "HYBAS_L12": 4121156560.0, "Shape_Length": 0.016309223176511307 }, "geometry": { "type": "Polygon", "coordinates": [ ] } },
{ "type": "Feature", "properties": { "HYRIV_ID": 41401634, "NEXT_DOWN": 41401474, "MAIN_RIV": 41399660, "LENGTH_KM": 8.6300001, "DIST_DN_KM": 78.699997, "DIST_UP_KM": 46.700001, "CATCH_SKM": 27.84, "UPLAND_SKM": 349.89999, "ENDORHEIC": 0, "DIS_AV_CMS": 6.6009998, "ORD_STRA": 3, "ORD_CLAS": 2, "ORD_FLOW": 6, "HYBAS_L12": 4121156680.0, "Shape_Length": 0.078033008589112454 }, "geometry": { "type": "Polygon", "coordinates": [ ] } },
{ "type": "Feature", "properties": { "HYRIV_ID": 41401646, "NEXT_DOWN": 41401647, "MAIN_RIV": 41399660, "LENGTH_KM": 5.1500001, "DIST_DN_KM": 106.4, "DIST_UP_KM": 7.9, "CATCH_SKM": 29.33, "UPLAND_SKM": 29.3, "ENDORHEIC": 0, "DIS_AV_CMS": 0.55299997, "ORD_STRA": 1, "ORD_CLAS": 3, "ORD_FLOW": 7, "HYBAS_L12": 4121601270.0, "Shape_Length": 0.046486892706258803 }, "geometry": { "type": "Polygon", "coordinates": [ ] } },
{ "type": "Feature", "properties": { "HYRIV_ID": 41401647, "NEXT_DOWN": 41401600, "MAIN_RIV": 41399660, "LENGTH_KM": 2.4200001, "DIST_DN_KM": 104.1, "DIST_UP_KM": 21.3, "CATCH_SKM": 5.7399998, "UPLAND_SKM": 109.7, "ENDORHEIC": 0, "DIS_AV_CMS": 2.1459999, "ORD_STRA": 2, "ORD_CLAS": 2, "ORD_FLOW": 6, "HYBAS_L12": 4121601270.0, "Shape_Length": 0.021844336196216896 }, "geometry": { "type": "Polygon", "coordinates": [ ] } },
{ "type": "Feature", "properties": { "HYRIV_ID": 41401693, "NEXT_DOWN": 41401622, "MAIN_RIV": 41399660, "LENGTH_KM": 4.21, "DIST_DN_KM": 69.300003, "DIST_UP_KM": 7.3, "CATCH_SKM": 27.209999, "UPLAND_SKM": 27.200001, "ENDORHEIC": 0, "DIS_AV_CMS": 0.56400001, "ORD_STRA": 1, "ORD_CLAS": 2, "ORD_FLOW": 7, "HYBAS_L12": 4121156560.0, "Shape_Length": 0.038153559372841886 }, "geometry": { "type": "Polygon", "coordinates": [ ] } },
{ "type": "Feature", "properties": { "HYRIV_ID": 41401710, "NEXT_DOWN": 41401711, "MAIN_RIV": 41399660, "LENGTH_KM": 1.15, "DIST_DN_KM": 92.900002, "DIST_UP_KM": 4.5, "CATCH_SKM": 6.1599998, "UPLAND_SKM": 6.2, "ENDORHEIC": 0, "DIS_AV_CMS": 0.121, "ORD_STRA": 1, "ORD_CLAS": 4, "ORD_FLOW": 7, "HYBAS_L12": 4121156680.0, "Shape_Length": 0.010416666666742458 }, "geometry": { "type": "Polygon", "coordinates": [ ] } },
{ "type": "Feature", "properties": { "HYRIV_ID": 41401711, "NEXT_DOWN": 41401634, "MAIN_RIV": 41399660, "LENGTH_KM": 5.75, "DIST_DN_KM": 87.199997, "DIST_UP_KM": 13.5, "CATCH_SKM": 19.34, "UPLAND_SKM": 42.5, "ENDORHEIC": 0, "DIS_AV_CMS": 0.843, "ORD_STRA": 2, "ORD_CLAS": 3, "ORD_FLOW": 7, "HYBAS_L12": 4121156680.0, "Shape_Length": 0.052022005725863185 }, "geometry": { "type": "Polygon", "coordinates": [ ] } },
{ "type": "Feature", "properties": { "HYRIV_ID": 41401712, "NEXT_DOWN": 41401621, "MAIN_RIV": 41399660, "LENGTH_KM": 3.53, "DIST_DN_KM": 75.199997, "DIST_UP_KM": 25.0, "CATCH_SKM": 8.9300003, "UPLAND_SKM": 82.300003, "ENDORHEIC": 0, "DIS_AV_CMS": 1.651, "ORD_STRA": 2, "ORD_CLAS": 3, "ORD_FLOW": 6, "HYBAS_L12": 4121156660.0, "Shape_Length": 0.031903559372914468 }, "geometry": { "type": "Polygon", "coordinates": [ ] } },
{ "type": "Feature", "properties": { "HYRIV_ID": 41401713, "NEXT_DOWN": 41401536, "MAIN_RIV": 41399660, "LENGTH_KM": 5.7600002, "DIST_DN_KM": 67.0, "DIST_UP_KM": 263.10001, "CATCH_SKM": 22.74, "UPLAND_SKM": 7796.1001, "ENDORHEIC": 0, "DIS_AV_CMS": 205.692, "ORD_STRA": 5, "ORD_CLAS": 1, "ORD_FLOW": 4, "HYBAS_L12": 4121156560.0, "Shape_Length": 0.052022005725958505 }, "geometry": { "type": "Polygon", "coordinates": [ ] } },
{ "type": "Feature", "properties": { "HYRIV_ID": 41401730, "NEXT_DOWN": 41401731, "MAIN_RIV": 41399660, "LENGTH_KM": 2.06, "DIST_DN_KM": 108.2, "DIST_UP_KM": 5.2, "CATCH_SKM": 9.1400003, "UPLAND_SKM": 9.1, "ENDORHEIC": 0, "DIS_AV_CMS": 0.178, "ORD_STRA": 1, "ORD_CLAS": 3, "ORD_FLOW": 7, "HYBAS_L12": 4121601270.0, "Shape_Length": 0.018750000000068212 }, "geometry": { "type": "Polygon", "coordinates": [ ] } },
{ "type": "Feature", "properties": { "HYRIV_ID": 41401731, "NEXT_DOWN": 41401647, "MAIN_RIV": 41399660, "LENGTH_KM": 1.85, "DIST_DN_KM": 106.4, "DIST_UP_KM": 19.1, "CATCH_SKM": 4.25, "UPLAND_SKM": 74.599998, "ENDORHEIC": 0, "DIS_AV_CMS": 1.49, "ORD_STRA": 2, "ORD_CLAS": 2, "ORD_FLOW": 6, "HYBAS_L12": 4121601270.0, "Shape_Length": 0.01666666666667993 }, "geometry": { "type": "Polygon", "coordinates": [ ] } },
{ "type": "Feature", "properties": { "HYRIV_ID": 41401732, "NEXT_DOWN": 41401582, "MAIN_RIV": 41399660, "LENGTH_KM": 4.08, "DIST_DN_KM": 97.900002, "DIST_UP_KM": 13.5, "CATCH_SKM": 9.1400003, "UPLAND_SKM": 54.8, "ENDORHEIC": 0, "DIS_AV_CMS": 1.084, "ORD_STRA": 2, "ORD_CLAS": 3, "ORD_FLOW": 6, "HYBAS_L12": 4121601250.0, "Shape_Length": 0.03678511301978913 }, "geometry": { "type": "Polygon", "coordinates": [ ] } },
{ "type": "Feature", "properties": { "HYRIV_ID": 41401733, "NEXT_DOWN": 41401712, "MAIN_RIV": 41399660, "LENGTH_KM": 0.69, "DIST_DN_KM": 78.599998, "DIST_UP_KM": 3.3, "CATCH_SKM": 5.1, "UPLAND_SKM": 5.1, "ENDORHEIC": 0, "DIS_AV_CMS": 0.104, "ORD_STRA": 1, "ORD_CLAS": 4, "ORD_FLOW": 7, "HYBAS_L12": 4121156660.0, "Shape_Length": 0.0062500000000369482 }, "geometry": { "type": "Polygon", "coordinates": [ ] } },
{ "type": "Feature", "properties": { "HYRIV_ID": 41401751, "NEXT_DOWN": 41401732, "MAIN_RIV": 41399660, "LENGTH_KM": 3.73, "DIST_DN_KM": 102.0, "DIST_UP_KM": 7.1, "CATCH_SKM": 10.2, "UPLAND_SKM": 10.2, "ENDORHEIC": 0, "DIS_AV_CMS": 0.20100001, "ORD_STRA": 1, "ORD_CLAS": 4, "ORD_FLOW": 7, "HYBAS_L12": 4121601250.0, "Shape_Length": 0.033838834764807667 }, "geometry": { "type": "Polygon", "coordinates": [ ] } },
{ "type": "Feature", "properties": { "HYRIV_ID": 41401797, "NEXT_DOWN": 41401621, "MAIN_RIV": 41399660, "LENGTH_KM": 5.5300002, "DIST_DN_KM": 75.199997, "DIST_UP_KM": 8.0, "CATCH_SKM": 18.49, "UPLAND_SKM": 18.5, "ENDORHEIC": 0, "DIS_AV_CMS": 0.378, "ORD_STRA": 1, "ORD_CLAS": 4, "ORD_FLOW": 7, "HYBAS_L12": 4121156660.0, "Shape_Length": 0.049790614451424818 }, "geometry": { "type": "Polygon", "coordinates": [ ] } },
{ "type": "Feature", "properties": { "HYRIV_ID": 41401819, "NEXT_DOWN": 41401712, "MAIN_RIV": 41399660, "LENGTH_KM": 16.98, "DIST_DN_KM": 78.599998, "DIST_UP_KM": 21.700001, "CATCH_SKM": 68.239998, "UPLAND_SKM": 68.199997, "ENDORHEIC": 0, "DIS_AV_CMS": 1.369, "ORD_STRA": 1, "ORD_CLAS": 3, "ORD_FLOW": 6, "HYBAS_L12": 4121156660.0, "Shape_Length": 0.15368656796196706 }, "geometry": { "type": "Polygon", "coordinates": [ ] } },
{ "type": "Feature", "properties": { "HYRIV_ID": 41401820, "NEXT_DOWN": 41401713, "MAIN_RIV": 41399660, "LENGTH_KM": 7.3600001, "DIST_DN_KM": 72.800003, "DIST_UP_KM": 9.8, "CATCH_SKM": 32.310001, "UPLAND_SKM": 32.3, "ENDORHEIC": 0, "DIS_AV_CMS": 0.67, "ORD_STRA": 1, "ORD_CLAS": 2, "ORD_FLOW": 7, "HYBAS_L12": 4121601280.0, "Shape_Length": 0.066605339059347901 }, "geometry": { "type": "Polygon", "coordinates": [ ] } },
{ "type": "Feature", "properties": { "HYRIV_ID": 41401844, "NEXT_DOWN": 41401711, "MAIN_RIV": 41399660, "LENGTH_KM": 5.1599998, "DIST_DN_KM": 93.099998, "DIST_UP_KM": 7.5, "CATCH_SKM": 17.01, "UPLAND_SKM": 17.0, "ENDORHEIC": 0, "DIS_AV_CMS": 0.341, "ORD_STRA": 1, "ORD_CLAS": 3, "ORD_FLOW": 7, "HYBAS_L12": 4121156680.0, "Shape_Length": 0.046486892706237987 }, "geometry": { "type": "Polygon", "coordinates": [ ] } },
{ "type": "Feature", "properties": { "HYRIV_ID": 41401861, "NEXT_DOWN": 41401862, "MAIN_RIV": 41399660, "LENGTH_KM": 0.69, "DIST_DN_KM": 113.0, "DIST_UP_KM": 3.6, "CATCH_SKM": 7.87, "UPLAND_SKM": 7.9, "ENDORHEIC": 0, "DIS_AV_CMS": 0.155, "ORD_STRA": 1, "ORD_CLAS": 3, "ORD_FLOW": 7, "HYBAS_L12": 4121601270.0, "Shape_Length": 0.0062500000000227374 }, "geometry": { "type": "Polygon", "coordinates": [ ] } },
{ "type": "Feature", "properties": { "HYRIV_ID": 41401862, "NEXT_DOWN": 41401731, "MAIN_RIV": 41399660, "LENGTH_KM": 4.7399998, "DIST_DN_KM": 108.2, "DIST_UP_KM": 17.200001, "CATCH_SKM": 15.09, "UPLAND_SKM": 61.200001, "ENDORHEIC": 0, "DIS_AV_CMS": 1.2309999, "ORD_STRA": 2, "ORD_CLAS": 2, "ORD_FLOW": 6, "HYBAS_L12": 4121601270.0, "Shape_Length": 0.042677669529669227 }, "geometry": { "type": "Polygon", "coordinates": [ ] } },
{ "type": "Feature", "properties": { "HYRIV_ID": 41401863, "NEXT_DOWN": 41401713, "MAIN_RIV": 41399660, "LENGTH_KM": 5.2, "DIST_DN_KM": 72.800003, "DIST_UP_KM": 257.29999, "CATCH_SKM": 18.07, "UPLAND_SKM": 7741.0, "ENDORHEIC": 0, "DIS_AV_CMS": 205.515, "ORD_STRA": 5, "ORD_CLAS": 1, "ORD_FLOW": 4, "HYBAS_L12": 4121601280.0, "Shape_Length": 0.046844336196438477 }, "geometry": { "type": "Polygon", "coordinates": [ ] } },
{ "type": "Feature", "properties": { "HYRIV_ID": 41401885, "NEXT_DOWN": 41401732, "MAIN_RIV": 41399660, "LENGTH_KM": 5.5300002, "DIST_DN_KM": 102.0, "DIST_UP_KM": 9.4, "CATCH_SKM": 35.5, "UPLAND_SKM": 35.5, "ENDORHEIC": 0, "DIS_AV_CMS": 0.709, "ORD_STRA": 1, "ORD_CLAS": 3, "ORD_FLOW": 7, "HYBAS_L12": 4121601250.0, "Shape_Length": 0.049790614451249111 }, "geometry": { "type": "Polygon", "coordinates": [ ] } },
{ "type": "Feature", "properties": { "HYRIV_ID": 41401886, "NEXT_DOWN": 41401863, "MAIN_RIV": 41399660, "LENGTH_KM": 0.65, "DIST_DN_KM": 78.199997, "DIST_UP_KM": 251.89999, "CATCH_SKM": 0.42, "UPLAND_SKM": 7715.7002, "ENDORHEIC": 0, "DIS_AV_CMS": 205.638, "ORD_STRA": 5, "ORD_CLAS": 1, "ORD_FLOW": 4, "HYBAS_L12": 4121601280.0, "Shape_Length": 0.0058925565097619533 }, "geometry": { "type": "Polygon", "coordinates": [ ] } },
{ "type": "Feature", "properties": { "HYRIV_ID": 41401887, "NEXT_DOWN": 41401863, "MAIN_RIV": 41399660, "LENGTH_KM": 1.61, "DIST_DN_KM": 78.0, "DIST_UP_KM": 4.9, "CATCH_SKM": 7.23, "UPLAND_SKM": 7.2, "ENDORHEIC": 0, "DIS_AV_CMS": 0.15, "ORD_STRA": 1, "ORD_CLAS": 2, "ORD_FLOW": 7, "HYBAS_L12": 4121601280.0, "Shape_Length": 0.014583333333405335 }, "geometry": { "type": "Polygon", "coordinates": [ ] } },
{ "type": "Feature", "properties": { "HYRIV_ID": 41401939, "NEXT_DOWN": 41401886, "MAIN_RIV": 41399660, "LENGTH_KM": 1.58, "DIST_DN_KM": 78.599998, "DIST_UP_KM": 11.2, "CATCH_SKM": 2.34, "UPLAND_SKM": 41.5, "ENDORHEIC": 0, "DIS_AV_CMS": 0.86699998, "ORD_STRA": 2, "ORD_CLAS": 2, "ORD_FLOW": 7, "HYBAS_L12": 4121601280.0, "Shape_Length": 0.014225889843103643 }, "geometry": { "type": "Polygon", "coordinates": [ ] } },
{ "type": "Feature", "properties": { "HYRIV_ID": 41401972, "NEXT_DOWN": 41402024, "MAIN_RIV": 41399660, "LENGTH_KM": 7.1900001, "DIST_DN_KM": 87.300003, "DIST_UP_KM": 10.2, "CATCH_SKM": 31.68, "UPLAND_SKM": 31.700001, "ENDORHEIC": 0, "DIS_AV_CMS": 0.648, "ORD_STRA": 1, "ORD_CLAS": 2, "ORD_FLOW": 7, "HYBAS_L12": 4121601280.0, "Shape_Length": 0.065027507157543948 }, "geometry": { "type": "Polygon", "coordinates": [ ] } },
{ "type": "Feature", "properties": { "HYRIV_ID": 41401973, "NEXT_DOWN": 41402024, "MAIN_RIV": 41399660, "LENGTH_KM": 1.81, "DIST_DN_KM": 87.099998, "DIST_UP_KM": 4.3, "CATCH_SKM": 8.08, "UPLAND_SKM": 8.1, "ENDORHEIC": 0, "DIS_AV_CMS": 0.166, "ORD_STRA": 1, "ORD_CLAS": 4, "ORD_FLOW": 7, "HYBAS_L12": 4121601280.0, "Shape_Length": 0.01630922317656815 }, "geometry": { "type": "Polygon", "coordinates": [ ] } },
{ "type": "Feature", "properties": { "HYRIV_ID": 41401985, "NEXT_DOWN": 41402107, "MAIN_RIV": 41399660, "LENGTH_KM": 3.1900001, "DIST_DN_KM": 103.6, "DIST_UP_KM": 5.9, "CATCH_SKM": 19.129999, "UPLAND_SKM": 19.1, "ENDORHEIC": 0, "DIS_AV_CMS": 0.39, "ORD_STRA": 1, "ORD_CLAS": 3, "ORD_FLOW": 7, "HYBAS_L12": 4121157070.0, "Shape_Length": 0.028809223176560945 }, "geometry": { "type": "Polygon", "coordinates": [ ] } },
{ "type": "Feature", "properties": { "HYRIV_ID": 41401986, "NEXT_DOWN": 41402107, "MAIN_RIV": 41399660, "LENGTH_KM": 1.81, "DIST_DN_KM": 103.6, "DIST_UP_KM": 4.9, "CATCH_SKM": 7.87, "UPLAND_SKM": 7.9, "ENDORHEIC": 0, "DIS_AV_CMS": 0.162, "ORD_STRA": 1, "ORD_CLAS": 4, "ORD_FLOW": 7, "HYBAS_L12": 4121157070.0, "Shape_Length": 0.016309223176555664 }, "geometry": { "type": "Polygon", "coordinates": [ ] } },
{ "type": "Feature", "properties": { "HYRIV_ID": 41401987, "NEXT_DOWN": 41401886, "MAIN_RIV": 41399660, "LENGTH_KM": 5.1, "DIST_DN_KM": 78.599998, "DIST_UP_KM": 251.39999, "CATCH_SKM": 15.73, "UPLAND_SKM": 7673.7998, "ENDORHEIC": 0, "DIS_AV_CMS": 204.826, "ORD_STRA": 5, "ORD_CLAS": 1, "ORD_FLOW": 4, "HYBAS_L12": 4121601280.0, "Shape_Length": 0.046129449216263857 }, "geometry": { "type": "Polygon", "coordinates": [ ] } },
{ "type": "Feature", "properties": { "HYRIV_ID": 41402007, "NEXT_DOWN": 41402090, "MAIN_RIV": 41399660, "LENGTH_KM": 0.69, "DIST_DN_KM": 106.2, "DIST_UP_KM": 4.2, "CATCH_SKM": 5.5300002, "UPLAND_SKM": 5.5, "ENDORHEIC": 0, "DIS_AV_CMS": 0.113, "ORD_STRA": 1, "ORD_CLAS": 4, "ORD_FLOW": 7, "HYBAS_L12": 4121157070.0, "Shape_Length": 0.0062500000000795808 }, "geometry": { "type": "Polygon", "coordinates": [ ] } },
{ "type": "Feature", "properties": { "HYRIV_ID": 41402008, "NEXT_DOWN": 41402090, "MAIN_RIV": 41399660, "LENGTH_KM": 1.35, "DIST_DN_KM": 106.4, "DIST_UP_KM": 5.2, "CATCH_SKM": 8.7200003, "UPLAND_SKM": 8.7, "ENDORHEIC": 0, "DIS_AV_CMS": 0.177, "ORD_STRA": 1, "ORD_CLAS": 3, "ORD_FLOW": 7, "HYBAS_L12": 4121157070.0, "Shape_Length": 0.012142556509919484 }, "geometry": { "type": "Polygon", "coordinates": [ ] } },
{ "type": "Feature", "properties": { "HYRIV_ID": 41402009, "NEXT_DOWN": 41402024, "MAIN_RIV": 41399660, "LENGTH_KM": 2.45, "DIST_DN_KM": 87.099998, "DIST_UP_KM": 5.6, "CATCH_SKM": 8.9300003, "UPLAND_SKM": 8.9, "ENDORHEIC": 0, "DIS_AV_CMS": 0.185, "ORD_STRA": 1, "ORD_CLAS": 3, "ORD_FLOW": 7, "HYBAS_L12": 4121601280.0, "Shape_Length": 0.022201779686537679 }, "geometry": { "type": "Polygon", "coordinates": [ ] } },
{ "type": "Feature", "properties": { "HYRIV_ID": 41402024, "NEXT_DOWN": 41402025, "MAIN_RIV": 41399660, "LENGTH_KM": 2.23, "DIST_DN_KM": 84.800003, "DIST_UP_KM": 12.6, "CATCH_SKM": 3.1900001, "UPLAND_SKM": 51.900002, "ENDORHEIC": 0, "DIS_AV_CMS": 1.064, "ORD_STRA": 2, "ORD_CLAS": 2, "ORD_FLOW": 6, "HYBAS_L12": 4121601280.0, "Shape_Length": 0.02011844635314422 }, "geometry": { "type": "Polygon", "coordinates": [ ] } },
{ "type": "Feature", "properties": { "HYRIV_ID": 41402025, "NEXT_DOWN": 41401987, "MAIN_RIV": 41399660, "LENGTH_KM": 1.11, "DIST_DN_KM": 83.900002, "DIST_UP_KM": 246.10001, "CATCH_SKM": 1.28, "UPLAND_SKM": 7631.5, "ENDORHEIC": 0, "DIS_AV_CMS": 204.51801, "ORD_STRA": 5, "ORD_CLAS": 1, "ORD_FLOW": 4, "HYBAS_L12": 4121601280.0, "Shape_Length": 0.010059223176531202 }, "geometry": { "type": "Polygon", "coordinates": [ ] } },
{ "type": "Feature", "properties": { "HYRIV_ID": 41402026, "NEXT_DOWN": 41401939, "MAIN_RIV": 41399660, "LENGTH_KM": 5.6, "DIST_DN_KM": 80.199997, "DIST_UP_KM": 9.6, "CATCH_SKM": 20.41, "UPLAND_SKM": 20.4, "ENDORHEIC": 0, "DIS_AV_CMS": 0.427, "ORD_STRA": 1, "ORD_CLAS": 2, "ORD_FLOW": 7, "HYBAS_L12": 4121601280.0, "Shape_Length": 0.050653559372884925 }, "geometry": { "type": "Polygon", "coordinates": [ ] } },
{ "type": "Feature", "properties": { "HYRIV_ID": 41402060, "NEXT_DOWN": 41402089, "MAIN_RIV": 41399660, "LENGTH_KM": 4.4099998, "DIST_DN_KM": 126.0, "DIST_UP_KM": 7.3, "CATCH_SKM": 21.690001, "UPLAND_SKM": 21.700001, "ENDORHEIC": 0, "DIS_AV_CMS": 0.44, "ORD_STRA": 1, "ORD_CLAS": 3, "ORD_FLOW": 7, "HYBAS_L12": 4121601340.0, "Shape_Length": 0.039879449216091697 }, "geometry": { "type": "Polygon", "coordinates": [ ] } },
{ "type": "Feature", "properties": { "HYRIV_ID": 41402061, "NEXT_DOWN": 41402062, "MAIN_RIV": 41399660, "LENGTH_KM": 1.16, "DIST_DN_KM": 120.2, "DIST_UP_KM": 4.1, "CATCH_SKM": 6.8, "UPLAND_SKM": 6.8, "ENDORHEIC": 0, "DIS_AV_CMS": 0.138, "ORD_STRA": 1, "ORD_CLAS": 4, "ORD_FLOW": 7, "HYBAS_L12": 4121601340.0, "Shape_Length": 0.010416666666642982 }, "geometry": { "type": "Polygon", "coordinates": [ ] } },
{ "type": "Feature", "properties": { "HYRIV_ID": 41402062, "NEXT_DOWN": 41402257, "MAIN_RIV": 41399660, "LENGTH_KM": 0.46, "DIST_DN_KM": 119.8, "DIST_UP_KM": 13.5, "CATCH_SKM": 0.85, "UPLAND_SKM": 53.8, "ENDORHEIC": 0, "DIS_AV_CMS": 1.097, "ORD_STRA": 2, "ORD_CLAS": 3, "ORD_FLOW": 6, "HYBAS_L12": 4121601340.0, "Shape_Length": 0.0041666666666060337 }, "geometry": { "type": "Polygon", "coordinates": [ ] } },
{ "type": "Feature", "properties": { "HYRIV_ID": 41402063, "NEXT_DOWN": 41402257, "MAIN_RIV": 41399660, "LENGTH_KM": 2.27, "DIST_DN_KM": 119.8, "DIST_UP_KM": 4.7, "CATCH_SKM": 8.29, "UPLAND_SKM": 8.3, "ENDORHEIC": 0, "DIS_AV_CMS": 0.169, "ORD_STRA": 1, "ORD_CLAS": 4, "ORD_FLOW": 7, "HYBAS_L12": 4121601340.0, "Shape_Length": 0.020475889843292034 }, "geometry": { "type": "Polygon", "coordinates": [ ] } },
{ "type": "Feature", "properties": { "HYRIV_ID": 41402064, "NEXT_DOWN": 41401939, "MAIN_RIV": 41399660, "LENGTH_KM": 4.77, "DIST_DN_KM": 80.400002, "DIST_UP_KM": 7.9, "CATCH_SKM": 18.709999, "UPLAND_SKM": 18.700001, "ENDORHEIC": 0, "DIS_AV_CMS": 0.392, "ORD_STRA": 1, "ORD_CLAS": 3, "ORD_FLOW": 7, "HYBAS_L12": 4121601280.0, "Shape_Length": 0.043035113019821915 }, "geometry": { "type": "Polygon", "coordinates": [ ] } },
{ "type": "Feature", "properties": { "HYRIV_ID": 41402089, "NEXT_DOWN": 41402062, "MAIN_RIV": 41399660, "LENGTH_KM": 5.56, "DIST_DN_KM": 120.2, "DIST_UP_KM": 13.1, "CATCH_SKM": 17.43, "UPLAND_SKM": 46.099998, "ENDORHEIC": 0, "DIS_AV_CMS": 0.94099998, "ORD_STRA": 2, "ORD_CLAS": 3, "ORD_FLOW": 7, "HYBAS_L12": 4121601340.0, "Shape_Length": 0.050296115882836591 }, "geometry": { "type": "Polygon", "coordinates": [ ] } },
{ "type": "Feature", "properties": { "HYRIV_ID": 41402090, "NEXT_DOWN": 41402106, "MAIN_RIV": 41399660, "LENGTH_KM": 4.64, "DIST_DN_KM": 101.6, "DIST_UP_KM": 10.0, "CATCH_SKM": 12.97, "UPLAND_SKM": 27.200001, "ENDORHEIC": 0, "DIS_AV_CMS": 0.55699998, "ORD_STRA": 2, "ORD_CLAS": 3, "ORD_FLOW": 7, "HYBAS_L12": 4121157070.0, "Shape_Length": 0.041962782549437763 }, "geometry": { "type": "Polygon", "coordinates": [ ] } },
{ "type": "Feature", "properties": { "HYRIV_ID": 41402105, "NEXT_DOWN": 41402089, "MAIN_RIV": 41399660, "LENGTH_KM": 2.46, "DIST_DN_KM": 125.8, "DIST_UP_KM": 5.6, "CATCH_SKM": 7.02, "UPLAND_SKM": 7.0, "ENDORHEIC": 0, "DIS_AV_CMS": 0.144, "ORD_STRA": 1, "ORD_CLAS": 4, "ORD_FLOW": 7, "HYBAS_L12": 4121601340.0, "Shape_Length": 0.022201779686516571 }, "geometry": { "type": "Polygon", "coordinates": [ ] } },
{ "type": "Feature", "properties": { "HYRIV_ID": 41402106, "NEXT_DOWN": 41402126, "MAIN_RIV": 41399660, "LENGTH_KM": 2.03, "DIST_DN_KM": 99.800003, "DIST_UP_KM": 106.3, "CATCH_SKM": 2.76, "UPLAND_SKM": 1535.2, "ENDORHEIC": 0, "DIS_AV_CMS": 35.674999, "ORD_STRA": 4, "ORD_CLAS": 2, "ORD_FLOW": 5, "HYBAS_L12": 4121157070.0, "Shape_Length": 0.018392556509861119 }, "geometry": { "type": "Polygon", "coordinates": [ ] } },
{ "type": "Feature", "properties": { "HYRIV_ID": 41402107, "NEXT_DOWN": 41402126, "MAIN_RIV": 41399660, "LENGTH_KM": 4.08, "DIST_DN_KM": 99.599998, "DIST_UP_KM": 10.0, "CATCH_SKM": 9.7799997, "UPLAND_SKM": 36.8, "ENDORHEIC": 0, "DIS_AV_CMS": 0.75300002, "ORD_STRA": 2, "ORD_CLAS": 3, "ORD_FLOW": 7, "HYBAS_L12": 4121157070.0, "Shape_Length": 0.036785113019729851 }, "geometry": { "type": "Polygon", "coordinates": [ ] } },
{ "type": "Feature", "properties": { "HYRIV_ID": 41402108, "NEXT_DOWN": 41402025, "MAIN_RIV": 41399660, "LENGTH_KM": 3.54, "DIST_DN_KM": 84.800003, "DIST_UP_KM": 245.2, "CATCH_SKM": 9.3599997, "UPLAND_SKM": 7578.3999, "ENDORHEIC": 0, "DIS_AV_CMS": 203.55499, "ORD_STRA": 5, "ORD_CLAS": 1, "ORD_FLOW": 4, "HYBAS_L12": 4121601280.0, "Shape_Length": 0.031903559372906148 }, "geometry": { "type": "Polygon", "coordinates": [ ] } },
{ "type": "Feature", "properties": { "HYRIV_ID": 41402124, "NEXT_DOWN": 41402125, "MAIN_RIV": 41399660, "LENGTH_KM": 4.4899998, "DIST_DN_KM": 102.7, "DIST_UP_KM": 8.5, "CATCH_SKM": 13.82, "UPLAND_SKM": 13.8, "ENDORHEIC": 0, "DIS_AV_CMS": 0.285, "ORD_STRA": 1, "ORD_CLAS": 3, "ORD_FLOW": 7, "HYBAS_L12": 4121157070.0, "Shape_Length": 0.040594336196438992 }, "geometry": { "type": "Polygon", "coordinates": [ ] } },
{ "type": "Feature", "properties": { "HYRIV_ID": 41402125, "NEXT_DOWN": 41402106, "MAIN_RIV": 41399660, "LENGTH_KM": 1.11, "DIST_DN_KM": 101.6, "DIST_UP_KM": 104.4, "CATCH_SKM": 1.7, "UPLAND_SKM": 1505.2, "ENDORHEIC": 0, "DIS_AV_CMS": 35.069, "ORD_STRA": 4, "ORD_CLAS": 2, "ORD_FLOW": 5, "HYBAS_L12": 4121157070.0, "Shape_Length": 0.010059223176450815 }, "geometry": { "type": "Polygon", "coordinates": [ ] } },
{ "type": "Feature", "properties": { "HYRIV_ID": 41402126, "NEXT_DOWN": 41402162, "MAIN_RIV": 41399660, "LENGTH_KM": 2.03, "DIST_DN_KM": 97.5, "DIST_UP_KM": 108.5, "CATCH_SKM": 5.5300002, "UPLAND_SKM": 1577.5, "ENDORHEIC": 0, "DIS_AV_CMS": 36.516998, "ORD_STRA": 4, "ORD_CLAS": 2, "ORD_FLOW": 5, "HYBAS_L12": 4121157070.0, "Shape_Length": 0.01839255650992801 }, "geometry": { "type": "Polygon", "coordinates": [ ] } },
{ "type": "Feature", "properties": { "HYRIV_ID": 41402144, "NEXT_DOWN": 41401862, "MAIN_RIV": 41399660, "LENGTH_KM": 9.8100004, "DIST_DN_KM": 113.2, "DIST_UP_KM": 12.3, "CATCH_SKM": 38.27, "UPLAND_SKM": 38.3, "ENDORHEIC": 0, "DIS_AV_CMS": 0.778, "ORD_STRA": 1, "ORD_CLAS": 2, "ORD_FLOW": 7, "HYBAS_L12": 4121601270.0, "Shape_Length": 0.088449675255721116 }, "geometry": { "type": "Polygon", "coordinates": [ ] } },
{ "type": "Feature", "properties": { "HYRIV_ID": 41402160, "NEXT_DOWN": 41402161, "MAIN_RIV": 41399660, "LENGTH_KM": 3.1800001, "DIST_DN_KM": 104.0, "DIST_UP_KM": 6.7, "CATCH_SKM": 12.54, "UPLAND_SKM": 12.5, "ENDORHEIC": 0, "DIS_AV_CMS": 0.26, "ORD_STRA": 1, "ORD_CLAS": 3, "ORD_FLOW": 7, "HYBAS_L12": 4121157070.0, "Shape_Length": 0.028809223176636874 }, "geometry": { "type": "Polygon", "coordinates": [ ] } },
{ "type": "Feature", "properties": { "HYRIV_ID": 41402161, "NEXT_DOWN": 41402125, "MAIN_RIV": 41399660, "LENGTH_KM": 1.3, "DIST_DN_KM": 102.9, "DIST_UP_KM": 103.1, "CATCH_SKM": 2.34, "UPLAND_SKM": 1489.7, "ENDORHEIC": 0, "DIS_AV_CMS": 34.752998, "ORD_STRA": 4, "ORD_CLAS": 2, "ORD_FLOW": 5, "HYBAS_L12": 4121157070.0, "Shape_Length": 0.011785113019795219 }, "geometry": { "type": "Polygon", "coordinates": [ ] } },
{ "type": "Feature", "properties": { "HYRIV_ID": 41402162, "NEXT_DOWN": 41402187, "MAIN_RIV": 41399660, "LENGTH_KM": 4.52, "DIST_DN_KM": 93.0, "DIST_UP_KM": 113.0, "CATCH_SKM": 15.52, "UPLAND_SKM": 1608.1, "ENDORHEIC": 0, "DIS_AV_CMS": 37.056, "ORD_STRA": 4, "ORD_CLAS": 2, "ORD_FLOW": 5, "HYBAS_L12": 4121157070.0, "Shape_Length": 0.040951779686395164 }, "geometry": { "type": "Polygon", "coordinates": [ ] } },
{ "type": "Feature", "properties": { "HYRIV_ID": 41402163, "NEXT_DOWN": 41402187, "MAIN_RIV": 41399660, "LENGTH_KM": 4.7800002, "DIST_DN_KM": 93.199997, "DIST_UP_KM": 7.1, "CATCH_SKM": 13.61, "UPLAND_SKM": 13.6, "ENDORHEIC": 0, "DIS_AV_CMS": 0.28200001, "ORD_STRA": 1, "ORD_CLAS": 3, "ORD_FLOW": 7, "HYBAS_L12": 4121157070.0, "Shape_Length": 0.043183170961219243 }, "geometry": { "type": "Polygon", "coordinates": [ ] } },
{ "type": "Feature", "properties": { "HYRIV_ID": 41402174, "NEXT_DOWN": 41401987, "MAIN_RIV": 41399660, "LENGTH_KM": 9.1499996, "DIST_DN_KM": 83.699997, "DIST_UP_KM": 12.0, "CATCH_SKM": 26.58, "UPLAND_SKM": 26.6, "ENDORHEIC": 0, "DIS_AV_CMS": 0.55800003, "ORD_STRA": 1, "ORD_CLAS": 2, "ORD_FLOW": 7, "HYBAS_L12": 4121601280.0, "Shape_Length": 0.082705176687197457 }, "geometry": { "type": "Polygon", "coordinates": [ ] } },
{ "type": "Feature", "properties": { "HYRIV_ID": 41402187, "NEXT_DOWN": 41402188, "MAIN_RIV": 41399660, "LENGTH_KM": 1.76, "DIST_DN_KM": 91.300003, "DIST_UP_KM": 114.8, "CATCH_SKM": 2.55, "UPLAND_SKM": 1624.3, "ENDORHEIC": 0, "DIS_AV_CMS": 37.356998, "ORD_STRA": 4, "ORD_CLAS": 2, "ORD_FLOW": 5, "HYBAS_L12": 4121157070.0, "Shape_Length": 0.015951779686498288 }, "geometry": { "type": "Polygon", "coordinates": [ ] } },
{ "type": "Feature", "properties": { "HYRIV_ID": 41402188, "NEXT_DOWN": 41402108, "MAIN_RIV": 41399660, "LENGTH_KM": 2.8800001, "DIST_DN_KM": 88.599998, "DIST_UP_KM": 241.5, "CATCH_SKM": 7.23, "UPLAND_SKM": 7463.7002, "ENDORHEIC": 0, "DIS_AV_CMS": 201.49899, "ORD_STRA": 5, "ORD_CLAS": 1, "ORD_FLOW": 4, "HYBAS_L12": 4121157060.0, "Shape_Length": 0.026011002862989296 }, "geometry": { "type": "Polygon", "coordinates": [ ] } },
{ "type": "Feature", "properties": { "HYRIV_ID": 41402220, "NEXT_DOWN": 41402162, "MAIN_RIV": 41399660, "LENGTH_KM": 4.23, "DIST_DN_KM": 97.699997, "DIST_UP_KM": 7.9, "CATCH_SKM": 15.1, "UPLAND_SKM": 15.1, "ENDORHEIC": 0, "DIS_AV_CMS": 0.317, "ORD_STRA": 1, "ORD_CLAS": 3, "ORD_FLOW": 7, "HYBAS_L12": 4121157070.0, "Shape_Length": 0.03815355937291711 }, "geometry": { "type": "Polygon", "coordinates": [ ] } },
{ "type": "Feature", "properties": { "HYRIV_ID": 41402235, "NEXT_DOWN": 41402161, "MAIN_RIV": 41399660, "LENGTH_KM": 5.64, "DIST_DN_KM": 104.0, "DIST_UP_KM": 102.0, "CATCH_SKM": 18.93, "UPLAND_SKM": 1474.8, "ENDORHEIC": 0, "DIS_AV_CMS": 34.446999, "ORD_STRA": 4, "ORD_CLAS": 2, "ORD_FLOW": 5, "HYBAS_L12": 4121157070.0, "Shape_Length": 0.05101100286299011 }, "geometry": { "type": "Polygon", "coordinates": [ ] } },
{ "type": "Feature", "properties": { "HYRIV_ID": 41402236, "NEXT_DOWN": 41402188, "MAIN_RIV": 41399660, "LENGTH_KM": 1.39, "DIST_DN_KM": 91.300003, "DIST_UP_KM": 238.8, "CATCH_SKM": 2.34, "UPLAND_SKM": 5832.2002, "ENDORHEIC": 0, "DIS_AV_CMS": 164.30499, "ORD_STRA": 5, "ORD_CLAS": 1, "ORD_FLOW": 4, "HYBAS_L12": 4121157090.0, "Shape_Length": 0.01249999999997442 }, "geometry": { "type": "Polygon", "coordinates": [ ] } },
{ "type": "Feature", "properties": { "HYRIV_ID": 41402255, "NEXT_DOWN": 41402256, "MAIN_RIV": 41399660, "LENGTH_KM": 1.15, "DIST_DN_KM": 114.3, "DIST_UP_KM": 4.8, "CATCH_SKM": 7.23, "UPLAND_SKM": 7.2, "ENDORHEIC": 0, "DIS_AV_CMS": 0.151, "ORD_STRA": 1, "ORD_CLAS": 3, "ORD_FLOW": 7, "HYBAS_L12": 4121601340.0, "Shape_Length": 0.010416666666628771 }, "geometry": { "type": "Polygon", "coordinates": [ ] } },
{ "type": "Feature", "properties": { "HYRIV_ID": 41402256, "NEXT_DOWN": 41402268, "MAIN_RIV": 41399660, "LENGTH_KM": 0.46, "DIST_DN_KM": 113.8, "DIST_UP_KM": 92.199997, "CATCH_SKM": 1.28, "UPLAND_SKM": 1361.7, "ENDORHEIC": 0, "DIS_AV_CMS": 32.146999, "ORD_STRA": 4, "ORD_CLAS": 2, "ORD_FLOW": 5, "HYBAS_L12": 4121601340.0, "Shape_Length": 0.0041666666666628771 }, "geometry": { "type": "Polygon", "coordinates": [ ] } },
{ "type": "Feature", "properties": { "HYRIV_ID": 41402257, "NEXT_DOWN": 41402268, "MAIN_RIV": 41399660, "LENGTH_KM": 5.9400001, "DIST_DN_KM": 113.8, "DIST_UP_KM": 19.5, "CATCH_SKM": 14.25, "UPLAND_SKM": 76.300003, "ENDORHEIC": 0, "DIS_AV_CMS": 1.561, "ORD_STRA": 2, "ORD_CLAS": 3, "ORD_FLOW": 6, "HYBAS_L12": 4121601340.0, "Shape_Length": 0.053451779686492611 }, "geometry": { "type": "Polygon", "coordinates": [ ] } },
{ "type": "Feature", "properties": { "HYRIV_ID": 41402266, "NEXT_DOWN": 41402313, "MAIN_RIV": 41399660, "LENGTH_KM": 1.61, "DIST_DN_KM": 119.6, "DIST_UP_KM": 5.6, "CATCH_SKM": 7.87, "UPLAND_SKM": 7.9, "ENDORHEIC": 0, "DIS_AV_CMS": 0.166, "ORD_STRA": 1, "ORD_CLAS": 4, "ORD_FLOW": 7, "HYBAS_L12": 4121601340.0, "Shape_Length": 0.014583333333291648 }, "geometry": { "type": "Polygon", "coordinates": [ ] } },
{ "type": "Feature", "properties": { "HYRIV_ID": 41402267, "NEXT_DOWN": 41402313, "MAIN_RIV": 41399660, "LENGTH_KM": 4.7800002, "DIST_DN_KM": 119.8, "DIST_UP_KM": 7.6, "CATCH_SKM": 16.8, "UPLAND_SKM": 16.8, "ENDORHEIC": 0, "DIS_AV_CMS": 0.34900001, "ORD_STRA": 1, "ORD_CLAS": 3, "ORD_FLOW": 7, "HYBAS_L12": 4121601340.0, "Shape_Length": 0.043183170961145753 }, "geometry": { "type": "Polygon", "coordinates": [ ] } },
{ "type": "Feature", "properties": { "HYRIV_ID": 41402268, "NEXT_DOWN": 41402235, "MAIN_RIV": 41399660, "LENGTH_KM": 4.1799998, "DIST_DN_KM": 109.8, "DIST_UP_KM": 96.199997, "CATCH_SKM": 10.21, "UPLAND_SKM": 1448.2, "ENDORHEIC": 0, "DIS_AV_CMS": 33.909, "ORD_STRA": 4, "ORD_CLAS": 2, "ORD_FLOW": 5, "HYBAS_L12": 4121601340.0, "Shape_Length": 0.037796115882838918 }, "geometry": { "type": "Polygon", "coordinates": [ ] } },
{ "type": "Feature", "properties": { "HYRIV_ID": 41402269, "NEXT_DOWN": 41402235, "MAIN_RIV": 41399660, "LENGTH_KM": 1.4400001, "DIST_DN_KM": 109.6, "DIST_UP_KM": 4.8, "CATCH_SKM": 7.6599998, "UPLAND_SKM": 7.7, "ENDORHEIC": 0, "DIS_AV_CMS": 0.162, "ORD_STRA": 1, "ORD_CLAS": 3, "ORD_FLOW": 7, "HYBAS_L12": 4121601340.0, "Shape_Length": 0.013005501431495006 }, "geometry": { "type": "Polygon", "coordinates": [ ] } },
{ "type": "Feature", "properties": { "HYRIV_ID": 41402285, "NEXT_DOWN": 41402108, "MAIN_RIV": 41399660, "LENGTH_KM": 7.5300002, "DIST_DN_KM": 88.400002, "DIST_UP_KM": 19.8, "CATCH_SKM": 19.99, "UPLAND_SKM": 105.3, "ENDORHEIC": 0, "DIS_AV_CMS": 2.2409999, "ORD_STRA": 3, "ORD_CLAS": 2, "ORD_FLOW": 6, "HYBAS_L12": 4121157050.0, "Shape_Length": 0.067973785412305046 }, "geometry": { "type": "Polygon", "coordinates": [ ] } },
{ "type": "Feature", "properties": { "HYRIV_ID": 41402286, "NEXT_DOWN": 41402285, "MAIN_RIV": 41399660, "LENGTH_KM": 0.69, "DIST_DN_KM": 95.900002, "DIST_UP_KM": 4.5, "CATCH_SKM": 5.9499998, "UPLAND_SKM": 6.0, "ENDORHEIC": 0, "DIS_AV_CMS": 0.126, "ORD_STRA": 1, "ORD_CLAS": 3, "ORD_FLOW": 7, "HYBAS_L12": 4121157050.0, "Shape_Length": 0.0062499999999658939 }, "geometry": { "type": "Polygon", "coordinates": [ ] } },
{ "type": "Feature", "properties": { "HYRIV_ID": 41402300, "NEXT_DOWN": 41402256, "MAIN_RIV": 41399660, "LENGTH_KM": 2.4200001, "DIST_DN_KM": 114.5, "DIST_UP_KM": 91.5, "CATCH_SKM": 5.5300002, "UPLAND_SKM": 1353.2, "ENDORHEIC": 0, "DIS_AV_CMS": 31.971001, "ORD_STRA": 4, "ORD_CLAS": 2, "ORD_FLOW": 5, "HYBAS_L12": 4121601340.0, "Shape_Length": 0.021844336196327134 }, "geometry": { "type": "Polygon", "coordinates": [ ] } },
{ "type": "Feature", "properties": { "HYRIV_ID": 41402313, "NEXT_DOWN": 41402300, "MAIN_RIV": 41399660, "LENGTH_KM": 2.8800001, "DIST_DN_KM": 116.7, "DIST_UP_KM": 10.7, "CATCH_SKM": 8.7200003, "UPLAND_SKM": 33.400002, "ENDORHEIC": 0, "DIS_AV_CMS": 0.699, "ORD_STRA": 2, "ORD_CLAS": 3, "ORD_FLOW": 7, "HYBAS_L12": 4121601340.0, "Shape_Length": 0.02601100286300595 }, "geometry": { "type": "Polygon", "coordinates": [ ] } },
{ "type": "Feature", "properties": { "HYRIV_ID": 41402314, "NEXT_DOWN": 41402236, "MAIN_RIV": 41399660, "LENGTH_KM": 3.07, "DIST_DN_KM": 92.599998, "DIST_UP_KM": 35.700001, "CATCH_SKM": 12.33, "UPLAND_SKM": 238.0, "ENDORHEIC": 0, "DIS_AV_CMS": 5.1919999, "ORD_STRA": 3, "ORD_CLAS": 2, "ORD_FLOW": 6, "HYBAS_L12": 4121157140.0, "Shape_Length": 0.027736892706211397 }, "geometry": { "type": "Polygon", "coordinates": [ ] } },
{ "type": "Feature", "properties": { "HYRIV_ID": 41402329, "NEXT_DOWN": 41402314, "MAIN_RIV": 41399660, "LENGTH_KM": 1.15, "DIST_DN_KM": 95.699997, "DIST_UP_KM": 4.9, "CATCH_SKM": 6.5900002, "UPLAND_SKM": 6.6, "ENDORHEIC": 0, "DIS_AV_CMS": 0.141, "ORD_STRA": 1, "ORD_CLAS": 3, "ORD_FLOW": 7, "HYBAS_L12": 4121157140.0, "Shape_Length": 0.010416666666671404 }, "geometry": { "type": "Polygon", "coordinates": [ ] } },
{ "type": "Feature", "properties": { "HYRIV_ID": 41402330, "NEXT_DOWN": 41402285, "MAIN_RIV": 41399660, "LENGTH_KM": 1.77, "DIST_DN_KM": 96.099998, "DIST_UP_KM": 12.1, "CATCH_SKM": 2.55, "UPLAND_SKM": 79.300003, "ENDORHEIC": 0, "DIS_AV_CMS": 1.701, "ORD_STRA": 3, "ORD_CLAS": 2, "ORD_FLOW": 6, "HYBAS_L12": 4121157050.0, "Shape_Length": 0.015951779686484077 }, "geometry": { "type": "Polygon", "coordinates": [ ] } },
{ "type": "Feature", "properties": { "HYRIV_ID": 41402331, "NEXT_DOWN": 41402330, "MAIN_RIV": 41399660, "LENGTH_KM": 0.92, "DIST_DN_KM": 97.699997, "DIST_UP_KM": 8.7, "CATCH_SKM": 1.91, "UPLAND_SKM": 40.200001, "ENDORHEIC": 0, "DIS_AV_CMS": 0.85900003, "ORD_STRA": 2, "ORD_CLAS": 3, "ORD_FLOW": 7, "HYBAS_L12": 4121157050.0, "Shape_Length": 0.0083333333332120674 }, "geometry": { "type": "Polygon", "coordinates": [ ] } },
{ "type": "Feature", "properties": { "HYRIV_ID": 41402332, "NEXT_DOWN": 41402331, "MAIN_RIV": 41399660, "LENGTH_KM": 3.37, "DIST_DN_KM": 98.599998, "DIST_UP_KM": 7.4, "CATCH_SKM": 18.290001, "UPLAND_SKM": 18.3, "ENDORHEIC": 0, "DIS_AV_CMS": 0.39, "ORD_STRA": 1, "ORD_CLAS": 4, "ORD_FLOW": 7, "HYBAS_L12": 4121157050.0, "Shape_Length": 0.030535113019836732 }, "geometry": { "type": "Polygon", "coordinates": [ ] } },
{ "type": "Feature", "properties": { "HYRIV_ID": 41402355, "NEXT_DOWN": 41402236, "MAIN_RIV": 41399660, "LENGTH_KM": 8.8199997, "DIST_DN_KM": 92.800003, "DIST_UP_KM": 237.2, "CATCH_SKM": 23.6, "UPLAND_SKM": 5591.8999, "ENDORHEIC": 0, "DIS_AV_CMS": 159.217, "ORD_STRA": 5, "ORD_CLAS": 1, "ORD_FLOW": 4, "HYBAS_L12": 4121157130.0, "Shape_Length": 0.079758898432266925 }, "geometry": { "type": "Polygon", "coordinates": [ ] } },
{ "type": "Feature", "properties": { "HYRIV_ID": 41402373, "NEXT_DOWN": 41402374, "MAIN_RIV": 41399660, "LENGTH_KM": 2.55, "DIST_DN_KM": 102.6, "DIST_UP_KM": 5.6, "CATCH_SKM": 9.3599997, "UPLAND_SKM": 9.4, "ENDORHEIC": 0, "DIS_AV_CMS": 0.199, "ORD_STRA": 1, "ORD_CLAS": 2, "ORD_FLOW": 7, "HYBAS_L12": 4121157130.0, "Shape_Length": 0.023064724608001949 }, "geometry": { "type": "Polygon", "coordinates": [ ] } },
{ "type": "Feature", "properties": { "HYRIV_ID": 41402374, "NEXT_DOWN": 41402355, "MAIN_RIV": 41399660, "LENGTH_KM": 1.11, "DIST_DN_KM": 101.7, "DIST_UP_KM": 228.39999, "CATCH_SKM": 3.62, "UPLAND_SKM": 5561.2998, "ENDORHEIC": 0, "DIS_AV_CMS": 159.26601, "ORD_STRA": 5, "ORD_CLAS": 1, "ORD_FLOW": 4, "HYBAS_L12": 4121157130.0, "Shape_Length": 0.010059223176545413 }, "geometry": { "type": "Polygon", "coordinates": [ ] } },
{ "type": "Feature", "properties": { "HYRIV_ID": 41402375, "NEXT_DOWN": 41402355, "MAIN_RIV": 41399660, "LENGTH_KM": 1.15, "DIST_DN_KM": 101.5, "DIST_UP_KM": 4.1, "CATCH_SKM": 7.02, "UPLAND_SKM": 7.0, "ENDORHEIC": 0, "DIS_AV_CMS": 0.151, "ORD_STRA": 1, "ORD_CLAS": 2, "ORD_FLOW": 7, "HYBAS_L12": 4121157130.0, "Shape_Length": 0.010416666666714036 }, "geometry": { "type": "Polygon", "coordinates": [ ] } },
{ "type": "Feature", "properties": { "HYRIV_ID": 41402400, "NEXT_DOWN": 41402535, "MAIN_RIV": 41399660, "LENGTH_KM": 4.04, "DIST_DN_KM": 142.0, "DIST_UP_KM": 6.5, "CATCH_SKM": 15.1, "UPLAND_SKM": 15.1, "ENDORHEIC": 0, "DIS_AV_CMS": 0.317, "ORD_STRA": 1, "ORD_CLAS": 4, "ORD_FLOW": 7, "HYBAS_L12": 4121601350.0, "Shape_Length": 0.036427669529717543 }, "geometry": { "type": "Polygon", "coordinates": [ ] } },
{ "type": "Feature", "properties": { "HYRIV_ID": 41402401, "NEXT_DOWN": 41402423, "MAIN_RIV": 41399660, "LENGTH_KM": 1.8, "DIST_DN_KM": 110.0, "DIST_UP_KM": 4.4, "CATCH_SKM": 7.23, "UPLAND_SKM": 7.2, "ENDORHEIC": 0, "DIS_AV_CMS": 0.154, "ORD_STRA": 1, "ORD_CLAS": 3, "ORD_FLOW": 7, "HYBAS_L12": 4121157130.0, "Shape_Length": 0.016309223176596572 }, "geometry": { "type": "Polygon", "coordinates": [ ] } },
{ "type": "Feature", "properties": { "HYRIV_ID": 41402402, "NEXT_DOWN": 41402374, "MAIN_RIV": 41399660, "LENGTH_KM": 1.3, "DIST_DN_KM": 102.8, "DIST_UP_KM": 227.3, "CATCH_SKM": 1.28, "UPLAND_SKM": 5548.2998, "ENDORHEIC": 0, "DIS_AV_CMS": 159.008, "ORD_STRA": 5, "ORD_CLAS": 1, "ORD_FLOW": 4, "HYBAS_L12": 4121157130.0, "Shape_Length": 0.01178511301978517 }, "geometry": { "type": "Polygon", "coordinates": [ ] } },
{ "type": "Feature", "properties": { "HYRIV_ID": 41402423, "NEXT_DOWN": 41402402, "MAIN_RIV": 41399660, "LENGTH_KM": 6.0900002, "DIST_DN_KM": 103.9, "DIST_UP_KM": 12.3, "CATCH_SKM": 14.89, "UPLAND_SKM": 33.8, "ENDORHEIC": 0, "DIS_AV_CMS": 0.72600001, "ORD_STRA": 2, "ORD_CLAS": 2, "ORD_FLOW": 7, "HYBAS_L12": 4121157130.0, "Shape_Length": 0.055177669529612075 }, "geometry": { "type": "Polygon", "coordinates": [ ] } },
{ "type": "Feature", "properties": { "HYRIV_ID": 41402424, "NEXT_DOWN": 41402330, "MAIN_RIV": 41399660, "LENGTH_KM": 2.97, "DIST_DN_KM": 97.699997, "DIST_UP_KM": 10.5, "CATCH_SKM": 8.5100002, "UPLAND_SKM": 36.599998, "ENDORHEIC": 0, "DIS_AV_CMS": 0.78899997, "ORD_STRA": 2, "ORD_CLAS": 2, "ORD_FLOW": 7, "HYBAS_L12": 4121157050.0, "Shape_Length": 0.026725889843130745 }, "geometry": { "type": "Polygon", "coordinates": [ ] } },
{ "type": "Feature", "properties": { "HYRIV_ID": 41402425, "NEXT_DOWN": 41402331, "MAIN_RIV": 41399660, "LENGTH_KM": 4.6799998, "DIST_DN_KM": 98.800003, "DIST_UP_KM": 7.6, "CATCH_SKM": 19.99, "UPLAND_SKM": 20.0, "ENDORHEIC": 0, "DIS_AV_CMS": 0.429, "ORD_STRA": 1, "ORD_CLAS": 3, "ORD_FLOW": 7, "HYBAS_L12": 4121157050.0, "Shape_Length": 0.042320226039600083 }, "geometry": { "type": "Polygon", "coordinates": [ ] } },
{ "type": "Feature", "properties": { "HYRIV_ID": 41402436, "NEXT_DOWN": 41402300, "MAIN_RIV": 41399660, "LENGTH_KM": 4.7399998, "DIST_DN_KM": 116.9, "DIST_UP_KM": 89.099998, "CATCH_SKM": 12.76, "UPLAND_SKM": 1314.3, "ENDORHEIC": 0, "DIS_AV_CMS": 31.163, "ORD_STRA": 4, "ORD_CLAS": 2, "ORD_FLOW": 5, "HYBAS_L12": 4121601340.0, "Shape_Length": 0.042677669529635635 }, "geometry": { "type": "Polygon", "coordinates": [ ] } },
{ "type": "Feature", "properties": { "HYRIV_ID": 41402437, "NEXT_DOWN": 41402314, "MAIN_RIV": 41399660, "LENGTH_KM": 4.08, "DIST_DN_KM": 95.900002, "DIST_UP_KM": 32.400002, "CATCH_SKM": 10.42, "UPLAND_SKM": 219.10001, "ENDORHEIC": 0, "DIS_AV_CMS": 4.796, "ORD_STRA": 3, "ORD_CLAS": 2, "ORD_FLOW": 6, "HYBAS_L12": 4121157140.0, "Shape_Length": 0.036785113019831048 }, "geometry": { "type": "Polygon", "coordinates": [ ] } },
{ "type": "Feature", "properties": { "HYRIV_ID": 41402451, "NEXT_DOWN": 41402424, "MAIN_RIV": 41399660, "LENGTH_KM": 1.4400001, "DIST_DN_KM": 100.6, "DIST_UP_KM": 5.4, "CATCH_SKM": 9.5699997, "UPLAND_SKM": 9.6, "ENDORHEIC": 0, "DIS_AV_CMS": 0.207, "ORD_STRA": 1, "ORD_CLAS": 3, "ORD_FLOW": 7, "HYBAS_L12": 4121157050.0, "Shape_Length": 0.01300550143149673 }, "geometry": { "type": "Polygon", "coordinates": [ ] } },
{ "type": "Feature", "properties": { "HYRIV_ID": 41402469, "NEXT_DOWN": 41402423, "MAIN_RIV": 41399660, "LENGTH_KM": 3.57, "DIST_DN_KM": 110.2, "DIST_UP_KM": 6.0, "CATCH_SKM": 11.7, "UPLAND_SKM": 11.7, "ENDORHEIC": 0, "DIS_AV_CMS": 0.252, "ORD_STRA": 1, "ORD_CLAS": 2, "ORD_FLOW": 7, "HYBAS_L12": 4121157130.0, "Shape_Length": 0.032261002863073041 }, "geometry": { "type": "Polygon", "coordinates": [ ] } },
{ "type": "Feature", "properties": { "HYRIV_ID": 41402470, "NEXT_DOWN": 41402437, "MAIN_RIV": 41399660, "LENGTH_KM": 3.1800001, "DIST_DN_KM": 99.800003, "DIST_UP_KM": 6.2, "CATCH_SKM": 16.379999, "UPLAND_SKM": 16.4, "ENDORHEIC": 0, "DIS_AV_CMS": 0.353, "ORD_STRA": 1, "ORD_CLAS": 3, "ORD_FLOW": 7, "HYBAS_L12": 4121157140.0, "Shape_Length": 0.028809223176601138 }, "geometry": { "type": "Polygon", "coordinates": [ ] } },
{ "type": "Feature", "properties": { "HYRIV_ID": 41402504, "NEXT_DOWN": 41402535, "MAIN_RIV": 41399660, "LENGTH_KM": 4.5100002, "DIST_DN_KM": 142.2, "DIST_UP_KM": 7.3, "CATCH_SKM": 22.540001, "UPLAND_SKM": 22.5, "ENDORHEIC": 0, "DIS_AV_CMS": 0.48300001, "ORD_STRA": 1, "ORD_CLAS": 3, "ORD_FLOW": 7, "HYBAS_L12": 4121601350.0, "Shape_Length": 0.040742394137665498 }, "geometry": { "type": "Polygon", "coordinates": [ ] } },
{ "type": "Feature", "properties": { "HYRIV_ID": 41402505, "NEXT_DOWN": 41402402, "MAIN_RIV": 41399660, "LENGTH_KM": 2.78, "DIST_DN_KM": 103.9, "DIST_UP_KM": 226.2, "CATCH_SKM": 8.9300003, "UPLAND_SKM": 5513.2002, "ENDORHEIC": 0, "DIS_AV_CMS": 158.27299, "ORD_STRA": 5, "ORD_CLAS": 1, "ORD_FLOW": 4, "HYBAS_L12": 4121157130.0, "Shape_Length": 0.024999999999991473 }, "geometry": { "type": "Polygon", "coordinates": [ ] } },
{ "type": "Feature", "properties": { "HYRIV_ID": 41402519, "NEXT_DOWN": 41402520, "MAIN_RIV": 41399660, "LENGTH_KM": 0.69, "DIST_DN_KM": 103.0, "DIST_UP_KM": 3.1, "CATCH_SKM": 5.3200002, "UPLAND_SKM": 5.3, "ENDORHEIC": 0, "DIS_AV_CMS": 0.115, "ORD_STRA": 1, "ORD_CLAS": 3, "ORD_FLOW": 7, "HYBAS_L12": 4121157140.0, "Shape_Length": 0.0062499999999090505 }, "geometry": { "type": "Polygon", "coordinates": [ ] } },
{ "type": "Feature", "properties": { "HYRIV_ID": 41402520, "NEXT_DOWN": 41402437, "MAIN_RIV": 41399660, "LENGTH_KM": 3.1500001, "DIST_DN_KM": 99.800003, "DIST_UP_KM": 28.5, "CATCH_SKM": 7.87, "UPLAND_SKM": 192.3, "ENDORHEIC": 0, "DIS_AV_CMS": 4.2319999, "ORD_STRA": 3, "ORD_CLAS": 2, "ORD_FLOW": 6, "HYBAS_L12": 4121157140.0, "Shape_Length": 0.028451779686434954 }, "geometry": { "type": "Polygon", "coordinates": [ ] } },
{ "type": "Feature", "properties": { "HYRIV_ID": 41402521, "NEXT_DOWN": 41402424, "MAIN_RIV": 41399660, "LENGTH_KM": 4.4899998, "DIST_DN_KM": 100.8, "DIST_UP_KM": 7.3, "CATCH_SKM": 18.5, "UPLAND_SKM": 18.5, "ENDORHEIC": 0, "DIS_AV_CMS": 0.401, "ORD_STRA": 1, "ORD_CLAS": 2, "ORD_FLOW": 7, "HYBAS_L12": 4121157050.0, "Shape_Length": 0.040594336196230707 }, "geometry": { "type": "Polygon", "coordinates": [ ] } },
{ "type": "Feature", "properties": { "HYRIV_ID": 41402535, "NEXT_DOWN": 41402670, "MAIN_RIV": 41399660, "LENGTH_KM": 5.7600002, "DIST_DN_KM": 136.2, "DIST_UP_KM": 13.3, "CATCH_SKM": 13.4, "UPLAND_SKM": 51.0, "ENDORHEIC": 0, "DIS_AV_CMS": 1.087, "ORD_STRA": 2, "ORD_CLAS": 3, "ORD_FLOW": 6, "HYBAS_L12": 4121601350.0, "Shape_Length": 0.05202200572598864 }, "geometry": { "type": "Polygon", "coordinates": [ ] } },
{ "type": "Feature", "properties": { "HYRIV_ID": 41402536, "NEXT_DOWN": 41402670, "MAIN_RIV": 41399660, "LENGTH_KM": 2.28, "DIST_DN_KM": 136.39999, "DIST_UP_KM": 5.8, "CATCH_SKM": 6.1700001, "UPLAND_SKM": 6.2, "ENDORHEIC": 0, "DIS_AV_CMS": 0.132, "ORD_STRA": 1, "ORD_CLAS": 4, "ORD_FLOW": 7, "HYBAS_L12": 4121601350.0, "Shape_Length": 0.020623947784719508 }, "geometry": { "type": "Polygon", "coordinates": [ ] } },
{ "type": "Feature", "properties": { "HYRIV_ID": 41402537, "NEXT_DOWN": 41402505, "MAIN_RIV": 41399660, "LENGTH_KM": 2.22, "DIST_DN_KM": 106.7, "DIST_UP_KM": 12.7, "CATCH_SKM": 5.96, "UPLAND_SKM": 51.900002, "ENDORHEIC": 0, "DIS_AV_CMS": 1.136, "ORD_STRA": 2, "ORD_CLAS": 2, "ORD_FLOW": 6, "HYBAS_L12": 4121157130.0, "Shape_Length": 0.020118446353067282 }, "geometry": { "type": "Polygon", "coordinates": [ ] } },
{ "type": "Feature", "properties": { "HYRIV_ID": 41402538, "NEXT_DOWN": 41402520, "MAIN_RIV": 41399660, "LENGTH_KM": 0.65, "DIST_DN_KM": 103.1, "DIST_UP_KM": 25.200001, "CATCH_SKM": 0.64, "UPLAND_SKM": 179.10001, "ENDORHEIC": 0, "DIS_AV_CMS": 3.9549999, "ORD_STRA": 3, "ORD_CLAS": 2, "ORD_FLOW": 6, "HYBAS_L12": 4121157140.0, "Shape_Length": 0.0058925565098825365 }, "geometry": { "type": "Polygon", "coordinates": [ ] } },
{ "type": "Feature", "properties": { "HYRIV_ID": 41402558, "NEXT_DOWN": 41402559, "MAIN_RIV": 41399660, "LENGTH_KM": 8.8500004, "DIST_DN_KM": 126.2, "DIST_UP_KM": 11.8, "CATCH_SKM": 26.16, "UPLAND_SKM": 26.200001, "ENDORHEIC": 0, "DIS_AV_CMS": 0.55900002, "ORD_STRA": 1, "ORD_CLAS": 3, "ORD_FLOW": 7, "HYBAS_L12": 4121601350.0, "Shape_Length": 0.079820226039441527 }, "geometry": { "type": "Polygon", "coordinates": [ ] } },
{ "type": "Feature", "properties": { "HYRIV_ID": 41402559, "NEXT_DOWN": 41402436, "MAIN_RIV": 41399660, "LENGTH_KM": 4.73, "DIST_DN_KM": 121.4, "DIST_UP_KM": 84.599998, "CATCH_SKM": 22.120001, "UPLAND_SKM": 1289.2, "ENDORHEIC": 0, "DIS_AV_CMS": 30.638, "ORD_STRA": 4, "ORD_CLAS": 2, "ORD_FLOW": 5, "HYBAS_L12": 4121601350.0, "Shape_Length": 0.0426776695296332 }, "geometry": { "type": "Polygon", "coordinates": [ ] } },
{ "type": "Feature", "properties": { "HYRIV_ID": 41402560, "NEXT_DOWN": 41402436, "MAIN_RIV": 41399660, "LENGTH_KM": 5.23, "DIST_DN_KM": 121.4, "DIST_UP_KM": 8.9, "CATCH_SKM": 12.34, "UPLAND_SKM": 12.3, "ENDORHEIC": 0, "DIS_AV_CMS": 0.26800001, "ORD_STRA": 1, "ORD_CLAS": 3, "ORD_FLOW": 7, "HYBAS_L12": 4121601350.0, "Shape_Length": 0.047201779686363493 }, "geometry": { "type": "Polygon", "coordinates": [ ] } },
{ "type": "Feature", "properties": { "HYRIV_ID": 41402561, "NEXT_DOWN": 41402537, "MAIN_RIV": 41399660, "LENGTH_KM": 2.72, "DIST_DN_KM": 109.1, "DIST_UP_KM": 7.1, "CATCH_SKM": 10.63, "UPLAND_SKM": 10.6, "ENDORHEIC": 0, "DIS_AV_CMS": 0.23100001, "ORD_STRA": 1, "ORD_CLAS": 3, "ORD_FLOW": 7, "HYBAS_L12": 4121157130.0, "Shape_Length": 0.024642556509907404 }, "geometry": { "type": "Polygon", "coordinates": [ ] } },
{ "type": "Feature", "properties": { "HYRIV_ID": 41402586, "NEXT_DOWN": 41402538, "MAIN_RIV": 41399660, "LENGTH_KM": 2.04, "DIST_DN_KM": 103.6, "DIST_UP_KM": 24.700001, "CATCH_SKM": 5.5300002, "UPLAND_SKM": 167.39999, "ENDORHEIC": 0, "DIS_AV_CMS": 3.7, "ORD_STRA": 3, "ORD_CLAS": 2, "ORD_FLOW": 6, "HYBAS_L12": 4121157140.0, "Shape_Length": 0.018392556509903752 }, "geometry": { "type": "Polygon", "coordinates": [ ] } },
{ "type": "Feature", "properties": { "HYRIV_ID": 41402600, "NEXT_DOWN": 41402537, "MAIN_RIV": 41399660, "LENGTH_KM": 2.8800001, "DIST_DN_KM": 108.9, "DIST_UP_KM": 10.5, "CATCH_SKM": 4.6799998, "UPLAND_SKM": 35.3, "ENDORHEIC": 0, "DIS_AV_CMS": 0.77600002, "ORD_STRA": 2, "ORD_CLAS": 2, "ORD_FLOW": 7, "HYBAS_L12": 4121157130.0, "Shape_Length": 0.026011002863012549 }, "geometry": { "type": "Polygon", "coordinates": [ ] } },
{ "type": "Feature", "properties": { "HYRIV_ID": 41402601, "NEXT_DOWN": 41402538, "MAIN_RIV": 41399660, "LENGTH_KM": 2.9400001, "DIST_DN_KM": 103.8, "DIST_UP_KM": 5.3, "CATCH_SKM": 11.06, "UPLAND_SKM": 11.1, "ENDORHEIC": 0, "DIS_AV_CMS": 0.242, "ORD_STRA": 1, "ORD_CLAS": 3, "ORD_FLOW": 7, "HYBAS_L12": 4121157140.0, "Shape_Length": 0.026516504294461365 }, "geometry": { "type": "Polygon", "coordinates": [ ] } },
{ "type": "Feature", "properties": { "HYRIV_ID": 41402602, "NEXT_DOWN": 41402586, "MAIN_RIV": 41399660, "LENGTH_KM": 1.8, "DIST_DN_KM": 105.6, "DIST_UP_KM": 4.9, "CATCH_SKM": 7.02, "UPLAND_SKM": 7.0, "ENDORHEIC": 0, "DIS_AV_CMS": 0.153, "ORD_STRA": 1, "ORD_CLAS": 3, "ORD_FLOW": 7, "HYBAS_L12": 4121157140.0, "Shape_Length": 0.016309223176541453 }, "geometry": { "type": "Polygon", "coordinates": [ ] } },
{ "type": "Feature", "properties": { "HYRIV_ID": 41402613, "NEXT_DOWN": 41402600, "MAIN_RIV": 41399660, "LENGTH_KM": 3.47, "DIST_DN_KM": 111.8, "DIST_UP_KM": 6.5, "CATCH_SKM": 11.91, "UPLAND_SKM": 11.9, "ENDORHEIC": 0, "DIS_AV_CMS": 0.26, "ORD_STRA": 1, "ORD_CLAS": 3, "ORD_FLOW": 7, "HYBAS_L12": 4121157130.0, "Shape_Length": 0.031398057941464941 }, "geometry": { "type": "Polygon", "coordinates": [ ] } },
{ "type": "Feature", "properties": { "HYRIV_ID": 41402655, "NEXT_DOWN": 41402702, "MAIN_RIV": 41399660, "LENGTH_KM": 0.69, "DIST_DN_KM": 136.10001, "DIST_UP_KM": 4.5, "CATCH_SKM": 5.5300002, "UPLAND_SKM": 5.5, "ENDORHEIC": 0, "DIS_AV_CMS": 0.121, "ORD_STRA": 1, "ORD_CLAS": 3, "ORD_FLOW": 7, "HYBAS_L12": 4121157260.0, "Shape_Length": 0.0062500000000795808 }, "geometry": { "type": "Polygon", "coordinates": [ ] } },
{ "type": "Feature", "properties": { "HYRIV_ID": 41402656, "NEXT_DOWN": 41402559, "MAIN_RIV": 41399660, "LENGTH_KM": 3.62, "DIST_DN_KM": 126.2, "DIST_UP_KM": 79.800003, "CATCH_SKM": 11.06, "UPLAND_SKM": 1240.9, "ENDORHEIC": 0, "DIS_AV_CMS": 29.618999, "ORD_STRA": 4, "ORD_CLAS": 2, "ORD_FLOW": 5, "HYBAS_L12": 4121601350.0, "Shape_Length": 0.032618446353047587 }, "geometry": { "type": "Polygon", "coordinates": [ ] } },
{ "type": "Feature", "properties": { "HYRIV_ID": 41402657, "NEXT_DOWN": 41402600, "MAIN_RIV": 41399660, "LENGTH_KM": 4.0300002, "DIST_DN_KM": 111.8, "DIST_UP_KM": 7.6, "CATCH_SKM": 18.719999, "UPLAND_SKM": 18.700001, "ENDORHEIC": 0, "DIS_AV_CMS": 0.413, "ORD_STRA": 1, "ORD_CLAS": 2, "ORD_FLOW": 7, "HYBAS_L12": 4121157130.0, "Shape_Length": 0.036427669529776115 }, "geometry": { "type": "Polygon", "coordinates": [ ] } },
{ "type": "Feature", "properties": { "HYRIV_ID": 41402658, "NEXT_DOWN": 41402586, "MAIN_RIV": 41399660, "LENGTH_KM": 2.5, "DIST_DN_KM": 105.6, "DIST_UP_KM": 22.700001, "CATCH_SKM": 7.23, "UPLAND_SKM": 154.89999, "ENDORHEIC": 0, "DIS_AV_CMS": 3.4319999, "ORD_STRA": 3, "ORD_CLAS": 2, "ORD_FLOW": 6, "HYBAS_L12": 4121157140.0, "Shape_Length": 0.022559223176539932 }, "geometry": { "type": "Polygon", "coordinates": [ ] } },
{ "type": "Feature", "properties": { "HYRIV_ID": 41402669, "NEXT_DOWN": 41402700, "MAIN_RIV": 41399660, "LENGTH_KM": 2.0, "DIST_DN_KM": 140.10001, "DIST_UP_KM": 5.1, "CATCH_SKM": 14.04, "UPLAND_SKM": 14.0, "ENDORHEIC": 0, "DIS_AV_CMS": 0.306, "ORD_STRA": 1, "ORD_CLAS": 3, "ORD_FLOW": 7, "HYBAS_L12": 4121157260.0, "Shape_Length": 0.018035113019779486 }, "geometry": { "type": "Polygon", "coordinates": [ ] } },
{ "type": "Feature", "properties": { "HYRIV_ID": 41402670, "NEXT_DOWN": 41402671, "MAIN_RIV": 41399660, "LENGTH_KM": 5.9499998, "DIST_DN_KM": 130.2, "DIST_UP_KM": 19.200001, "CATCH_SKM": 11.06, "UPLAND_SKM": 68.300003, "ENDORHEIC": 0, "DIS_AV_CMS": 1.46, "ORD_STRA": 2, "ORD_CLAS": 3, "ORD_FLOW": 6, "HYBAS_L12": 4121601350.0, "Shape_Length": 0.053747895569272758 }, "geometry": { "type": "Polygon", "coordinates": [ ] } },
{ "type": "Feature", "properties": { "HYRIV_ID": 41402671, "NEXT_DOWN": 41402656, "MAIN_RIV": 41399660, "LENGTH_KM": 0.46, "DIST_DN_KM": 129.8, "DIST_UP_KM": 76.199997, "CATCH_SKM": 0.85, "UPLAND_SKM": 1219.0, "ENDORHEIC": 0, "DIS_AV_CMS": 29.146999, "ORD_STRA": 4, "ORD_CLAS": 2, "ORD_FLOW": 5, "HYBAS_L12": 4121601350.0, "Shape_Length": 0.0041666666666628771 }, "geometry": { "type": "Polygon", "coordinates": [ ] } },
{ "type": "Feature", "properties": { "HYRIV_ID": 41402672, "NEXT_DOWN": 41402658, "MAIN_RIV": 41399660, "LENGTH_KM": 2.95, "DIST_DN_KM": 108.1, "DIST_UP_KM": 12.9, "CATCH_SKM": 5.3200002, "UPLAND_SKM": 42.5, "ENDORHEIC": 0, "DIS_AV_CMS": 0.93300003, "ORD_STRA": 2, "ORD_CLAS": 3, "ORD_FLOW": 7, "HYBAS_L12": 4121157140.0, "Shape_Length": 0.026725889843253765 }, "geometry": { "type": "Polygon", "coordinates": [ ] } },
{ "type": "Feature", "properties": { "HYRIV_ID": 41402683, "NEXT_DOWN": 41402700, "MAIN_RIV": 41399660, "LENGTH_KM": 0.98, "DIST_DN_KM": 140.10001, "DIST_UP_KM": 4.5, "CATCH_SKM": 9.1499996, "UPLAND_SKM": 9.1, "ENDORHEIC": 0, "DIS_AV_CMS": 0.203, "ORD_STRA": 1, "ORD_CLAS": 4, "ORD_FLOW": 7, "HYBAS_L12": 4121157260.0, "Shape_Length": 0.0088388347648338528 }, "geometry": { "type": "Polygon", "coordinates": [ ] } },
{ "type": "Feature", "properties": { "HYRIV_ID": 41402684, "NEXT_DOWN": 41402671, "MAIN_RIV": 41399660, "LENGTH_KM": 0.46, "DIST_DN_KM": 130.3, "DIST_UP_KM": 75.800003, "CATCH_SKM": 0.42, "UPLAND_SKM": 1149.9, "ENDORHEIC": 0, "DIS_AV_CMS": 27.67, "ORD_STRA": 4, "ORD_CLAS": 2, "ORD_FLOW": 5, "HYBAS_L12": 4121601350.0, "Shape_Length": 0.0041666666666628771 }, "geometry": { "type": "Polygon", "coordinates": [ ] } },
{ "type": "Feature", "properties": { "HYRIV_ID": 41402685, "NEXT_DOWN": 41402658, "MAIN_RIV": 41399660, "LENGTH_KM": 0.93, "DIST_DN_KM": 108.2, "DIST_UP_KM": 20.1, "CATCH_SKM": 6.81, "UPLAND_SKM": 105.1, "ENDORHEIC": 0, "DIS_AV_CMS": 2.346, "ORD_STRA": 2, "ORD_CLAS": 2, "ORD_FLOW": 6, "HYBAS_L12": 4121157140.0, "Shape_Length": 0.0083333333333257542 }, "geometry": { "type": "Polygon", "coordinates": [ ] } },
{ "type": "Feature", "properties": { "HYRIV_ID": 41402700, "NEXT_DOWN": 41402701, "MAIN_RIV": 41399660, "LENGTH_KM": 2.03, "DIST_DN_KM": 137.8, "DIST_UP_KM": 7.3, "CATCH_SKM": 4.4699998, "UPLAND_SKM": 27.700001, "ENDORHEIC": 0, "DIS_AV_CMS": 0.607, "ORD_STRA": 2, "ORD_CLAS": 3, "ORD_FLOW": 7, "HYBAS_L12": 4121157260.0, "Shape_Length": 0.0183925565099138 }, "geometry": { "type": "Polygon", "coordinates": [ ] } },
{ "type": "Feature", "properties": { "HYRIV_ID": 41402701, "NEXT_DOWN": 41402702, "MAIN_RIV": 41399660, "LENGTH_KM": 1.77, "DIST_DN_KM": 136.3, "DIST_UP_KM": 69.699997, "CATCH_SKM": 1.7, "UPLAND_SKM": 827.29999, "ENDORHEIC": 0, "DIS_AV_CMS": 19.969999, "ORD_STRA": 4, "ORD_CLAS": 2, "ORD_FLOW": 5, "HYBAS_L12": 4121157260.0, "Shape_Length": 0.015951779686417901 }, "geometry": { "type": "Polygon", "coordinates": [ ] } },
{ "type": "Feature", "properties": { "HYRIV_ID": 41402702, "NEXT_DOWN": 41402703, "MAIN_RIV": 41399660, "LENGTH_KM": 4.71, "DIST_DN_KM": 131.39999, "DIST_UP_KM": 74.599998, "CATCH_SKM": 11.06, "UPLAND_SKM": 843.90002, "ENDORHEIC": 0, "DIS_AV_CMS": 20.323999, "ORD_STRA": 4, "ORD_CLAS": 2, "ORD_FLOW": 5, "HYBAS_L12": 4121157260.0, "Shape_Length": 0.042677669529761805 }, "geometry": { "type": "Polygon", "coordinates": [ ] } },
{ "type": "Feature", "properties": { "HYRIV_ID": 41402703, "NEXT_DOWN": 41402684, "MAIN_RIV": 41399660, "LENGTH_KM": 0.65, "DIST_DN_KM": 130.89999, "DIST_UP_KM": 75.099998, "CATCH_SKM": 0.42, "UPLAND_SKM": 858.09998, "ENDORHEIC": 0, "DIS_AV_CMS": 20.643, "ORD_STRA": 4, "ORD_CLAS": 2, "ORD_FLOW": 5, "HYBAS_L12": 4121157260.0, "Shape_Length": 0.0058925565098724882 }, "geometry": { "type": "Polygon", "coordinates": [ ] } },
{ "type": "Feature", "properties": { "HYRIV_ID": 41402722, "NEXT_DOWN": 41402656, "MAIN_RIV": 41399660, "LENGTH_KM": 3.6600001, "DIST_DN_KM": 129.8, "DIST_UP_KM": 6.5, "CATCH_SKM": 10.85, "UPLAND_SKM": 10.8, "ENDORHEIC": 0, "DIS_AV_CMS": 0.241, "ORD_STRA": 1, "ORD_CLAS": 3, "ORD_FLOW": 7, "HYBAS_L12": 4121601350.0, "Shape_Length": 0.033123947784544208 }, "geometry": { "type": "Polygon", "coordinates": [ ] } },
{ "type": "Feature", "properties": { "HYRIV_ID": 41402723, "NEXT_DOWN": 41402672, "MAIN_RIV": 41399660, "LENGTH_KM": 7.75, "DIST_DN_KM": 111.3, "DIST_UP_KM": 9.7, "CATCH_SKM": 22.969999, "UPLAND_SKM": 23.0, "ENDORHEIC": 0, "DIS_AV_CMS": 0.50300002, "ORD_STRA": 1, "ORD_CLAS": 3, "ORD_FLOW": 7, "HYBAS_L12": 4121157140.0, "Shape_Length": 0.070057118745745606 }, "geometry": { "type": "Polygon", "coordinates": [ ] } },
{ "type": "Feature", "properties": { "HYRIV_ID": 41402752, "NEXT_DOWN": 41402701, "MAIN_RIV": 41399660, "LENGTH_KM": 1.58, "DIST_DN_KM": 137.8, "DIST_UP_KM": 68.199997, "CATCH_SKM": 3.83, "UPLAND_SKM": 797.90002, "ENDORHEIC": 0, "DIS_AV_CMS": 19.327999, "ORD_STRA": 4, "ORD_CLAS": 2, "ORD_FLOW": 5, "HYBAS_L12": 4121157260.0, "Shape_Length": 0.014225889843240875 }, "geometry": { "type": "Polygon", "coordinates": [ ] } },
{ "type": "Feature", "properties": { "HYRIV_ID": 41402753, "NEXT_DOWN": 41402703, "MAIN_RIV": 41399660, "LENGTH_KM": 3.01, "DIST_DN_KM": 131.39999, "DIST_UP_KM": 5.6, "CATCH_SKM": 13.83, "UPLAND_SKM": 13.8, "ENDORHEIC": 0, "DIS_AV_CMS": 0.31, "ORD_STRA": 1, "ORD_CLAS": 3, "ORD_FLOW": 7, "HYBAS_L12": 4121157260.0, "Shape_Length": 0.027231391274828043 }, "geometry": { "type": "Polygon", "coordinates": [ ] } },
{ "type": "Feature", "properties": { "HYRIV_ID": 41402754, "NEXT_DOWN": 41402505, "MAIN_RIV": 41399660, "LENGTH_KM": 7.79, "DIST_DN_KM": 106.8, "DIST_UP_KM": 223.2, "CATCH_SKM": 34.669998, "UPLAND_SKM": 5452.3999, "ENDORHEIC": 0, "DIS_AV_CMS": 156.998, "ORD_STRA": 5, "ORD_CLAS": 1, "ORD_FLOW": 4, "HYBAS_L12": 4121601370.0, "Shape_Length": 0.070118446353102187 }, "geometry": { "type": "Polygon", "coordinates": [ ] } },
{ "type": "Feature", "properties": { "HYRIV_ID": 41402755, "NEXT_DOWN": 41402672, "MAIN_RIV": 41399660, "LENGTH_KM": 4.2199998, "DIST_DN_KM": 111.3, "DIST_UP_KM": 8.3, "CATCH_SKM": 14.25, "UPLAND_SKM": 14.3, "ENDORHEIC": 0, "DIS_AV_CMS": 0.315, "ORD_STRA": 1, "ORD_CLAS": 4, "ORD_FLOW": 7, "HYBAS_L12": 4121157140.0, "Shape_Length": 0.038153559372896301 }, "geometry": { "type": "Polygon", "coordinates": [ ] } },
{ "type": "Feature", "properties": { "HYRIV_ID": 41402769, "NEXT_DOWN": 41402754, "MAIN_RIV": 41399660, "LENGTH_KM": 1.5700001, "DIST_DN_KM": 114.4, "DIST_UP_KM": 15.8, "CATCH_SKM": 1.91, "UPLAND_SKM": 80.800003, "ENDORHEIC": 0, "DIS_AV_CMS": 1.821, "ORD_STRA": 2, "ORD_CLAS": 2, "ORD_FLOW": 6, "HYBAS_L12": 4121601370.0, "Shape_Length": 0.01422588984320829 }, "geometry": { "type": "Polygon", "coordinates": [ ] } },
{ "type": "Feature", "properties": { "HYRIV_ID": 41402777, "NEXT_DOWN": 41402769, "MAIN_RIV": 41399660, "LENGTH_KM": 9.2200003, "DIST_DN_KM": 116.2, "DIST_UP_KM": 11.9, "CATCH_SKM": 29.360001, "UPLAND_SKM": 29.4, "ENDORHEIC": 0, "DIS_AV_CMS": 0.65499997, "ORD_STRA": 1, "ORD_CLAS": 3, "ORD_FLOW": 7, "HYBAS_L12": 4121601370.0, "Shape_Length": 0.083420063667284494 }, "geometry": { "type": "Polygon", "coordinates": [ ] } },
{ "type": "Feature", "properties": { "HYRIV_ID": 41402793, "NEXT_DOWN": 41402685, "MAIN_RIV": 41399660, "LENGTH_KM": 4.33, "DIST_DN_KM": 109.3, "DIST_UP_KM": 6.3, "CATCH_SKM": 13.61, "UPLAND_SKM": 13.6, "ENDORHEIC": 0, "DIS_AV_CMS": 0.302, "ORD_STRA": 1, "ORD_CLAS": 3, "ORD_FLOW": 7, "HYBAS_L12": 4121157140.0, "Shape_Length": 0.039016504294556366 }, "geometry": { "type": "Polygon", "coordinates": [ ] } },
{ "type": "Feature", "properties": { "HYRIV_ID": 41402821, "NEXT_DOWN": 41402684, "MAIN_RIV": 41399660, "LENGTH_KM": 4.9299998, "DIST_DN_KM": 130.7, "DIST_UP_KM": 42.0, "CATCH_SKM": 12.98, "UPLAND_SKM": 291.29999, "ENDORHEIC": 0, "DIS_AV_CMS": 7.0190001, "ORD_STRA": 3, "ORD_CLAS": 3, "ORD_FLOW": 6, "HYBAS_L12": 4121157270.0, "Shape_Length": 0.044403559372798454 }, "geometry": { "type": "Polygon", "coordinates": [ ] } },
{ "type": "Feature", "properties": { "HYRIV_ID": 41402822, "NEXT_DOWN": 41402685, "MAIN_RIV": 41399660, "LENGTH_KM": 5.5700002, "DIST_DN_KM": 109.1, "DIST_UP_KM": 19.200001, "CATCH_SKM": 12.13, "UPLAND_SKM": 84.699997, "ENDORHEIC": 0, "DIS_AV_CMS": 1.8940001, "ORD_STRA": 2, "ORD_CLAS": 2, "ORD_FLOW": 6, "HYBAS_L12": 4121157140.0, "Shape_Length": 0.050296115882822387 }, "geometry": { "type": "Polygon", "coordinates": [ ] } },
{ "type": "Feature", "properties": { "HYRIV_ID": 41402831, "NEXT_DOWN": 41402752, "MAIN_RIV": 41399660, "LENGTH_KM": 3.6700001, "DIST_DN_KM": 139.60001, "DIST_UP_KM": 6.3, "CATCH_SKM": 9.79, "UPLAND_SKM": 9.8, "ENDORHEIC": 0, "DIS_AV_CMS": 0.222, "ORD_STRA": 1, "ORD_CLAS": 3, "ORD_FLOW": 7, "HYBAS_L12": 4121157260.0, "Shape_Length": 0.03312394778453559 }, "geometry": { "type": "Polygon", "coordinates": [ ] } },
{ "type": "Feature", "properties": { "HYRIV_ID": 41402832, "NEXT_DOWN": 41402822, "MAIN_RIV": 41399660, "LENGTH_KM": 2.36, "DIST_DN_KM": 114.6, "DIST_UP_KM": 6.3, "CATCH_SKM": 9.79, "UPLAND_SKM": 9.8, "ENDORHEIC": 0, "DIS_AV_CMS": 0.218, "ORD_STRA": 1, "ORD_CLAS": 3, "ORD_FLOW": 7, "HYBAS_L12": 4121157140.0, "Shape_Length": 0.02133883476479894 }, "geometry": { "type": "Polygon", "coordinates": [ ] } },
{ "type": "Feature", "properties": { "HYRIV_ID": 41402843, "NEXT_DOWN": 41402844, "MAIN_RIV": 41399660, "LENGTH_KM": 0.69, "DIST_DN_KM": 152.5, "DIST_UP_KM": 4.2, "CATCH_SKM": 4.6799998, "UPLAND_SKM": 4.7, "ENDORHEIC": 0, "DIS_AV_CMS": 0.105, "ORD_STRA": 1, "ORD_CLAS": 3, "ORD_FLOW": 7, "HYBAS_L12": 4121157480.0, "Shape_Length": 0.0062499999999801048 }, "geometry": { "type": "Polygon", "coordinates": [ ] } },
{ "type": "Feature", "properties": { "HYRIV_ID": 41402844, "NEXT_DOWN": 41402886, "MAIN_RIV": 41399660, "LENGTH_KM": 0.46, "DIST_DN_KM": 152.0, "DIST_UP_KM": 54.0, "CATCH_SKM": 2.1300001, "UPLAND_SKM": 562.59998, "ENDORHEIC": 0, "DIS_AV_CMS": 13.843, "ORD_STRA": 4, "ORD_CLAS": 2, "ORD_FLOW": 5, "HYBAS_L12": 4121157480.0, "Shape_Length": 0.0041666666666628771 }, "geometry": { "type": "Polygon", "coordinates": [ ] } },
{ "type": "Feature", "properties": { "HYRIV_ID": 41402845, "NEXT_DOWN": 41402886, "MAIN_RIV": 41399660, "LENGTH_KM": 8.3100004, "DIST_DN_KM": 152.0, "DIST_UP_KM": 11.6, "CATCH_SKM": 35.310001, "UPLAND_SKM": 35.3, "ENDORHEIC": 0, "DIS_AV_CMS": 0.77700001, "ORD_STRA": 1, "ORD_CLAS": 3, "ORD_FLOW": 7, "HYBAS_L12": 4121157480.0, "Shape_Length": 0.074938672392636907 }, "geometry": { "type": "Polygon", "coordinates": [ ] } },
{ "type": "Feature", "properties": { "HYRIV_ID": 41402854, "NEXT_DOWN": 41402867, "MAIN_RIV": 41399660, "LENGTH_KM": 1.34, "DIST_DN_KM": 124.0, "DIST_UP_KM": 4.8, "CATCH_SKM": 7.23, "UPLAND_SKM": 7.2, "ENDORHEIC": 0, "DIS_AV_CMS": 0.163, "ORD_STRA": 1, "ORD_CLAS": 4, "ORD_FLOW": 7, "HYBAS_L12": 4121601370.0, "Shape_Length": 0.012142556509821732 }, "geometry": { "type": "Polygon", "coordinates": [ ] } },
{ "type": "Feature", "properties": { "HYRIV_ID": 41402865, "NEXT_DOWN": 41402931, "MAIN_RIV": 41399660, "LENGTH_KM": 2.55, "DIST_DN_KM": 172.39999, "DIST_UP_KM": 6.5, "CATCH_SKM": 10.42, "UPLAND_SKM": 10.4, "ENDORHEIC": 0, "DIS_AV_CMS": 0.233, "ORD_STRA": 1, "ORD_CLAS": 4, "ORD_FLOW": 7, "HYBAS_L12": 4121157510.0, "Shape_Length": 0.023064724608001949 }, "geometry": { "type": "Polygon", "coordinates": [ ] } },
{ "type": "Feature", "properties": { "HYRIV_ID": 41402866, "NEXT_DOWN": 41402821, "MAIN_RIV": 41399660, "LENGTH_KM": 3.57, "DIST_DN_KM": 135.60001, "DIST_UP_KM": 6.2, "CATCH_SKM": 11.06, "UPLAND_SKM": 11.1, "ENDORHEIC": 0, "DIS_AV_CMS": 0.251, "ORD_STRA": 1, "ORD_CLAS": 4, "ORD_FLOW": 7, "HYBAS_L12": 4121157270.0, "Shape_Length": 0.032261002862959354 }, "geometry": { "type": "Polygon", "coordinates": [ ] } },
{ "type": "Feature", "properties": { "HYRIV_ID": 41402867, "NEXT_DOWN": 41402868, "MAIN_RIV": 41399660, "LENGTH_KM": 2.03, "DIST_DN_KM": 122.0, "DIST_UP_KM": 8.0, "CATCH_SKM": 3.83, "UPLAND_SKM": 20.0, "ENDORHEIC": 0, "DIS_AV_CMS": 0.45300001, "ORD_STRA": 2, "ORD_CLAS": 3, "ORD_FLOW": 7, "HYBAS_L12": 4121601370.0, "Shape_Length": 0.018392556509871167 }, "geometry": { "type": "Polygon", "coordinates": [ ] } },
{ "type": "Feature", "properties": { "HYRIV_ID": 41402868, "NEXT_DOWN": 41402769, "MAIN_RIV": 41399660, "LENGTH_KM": 5.7600002, "DIST_DN_KM": 116.0, "DIST_UP_KM": 14.2, "CATCH_SKM": 13.19, "UPLAND_SKM": 49.599998, "ENDORHEIC": 0, "DIS_AV_CMS": 1.124, "ORD_STRA": 2, "ORD_CLAS": 2, "ORD_FLOW": 6, "HYBAS_L12": 4121601370.0, "Shape_Length": 0.05202200572587324 }, "geometry": { "type": "Polygon", "coordinates": [ ] } },
{ "type": "Feature", "properties": { "HYRIV_ID": 41402869, "NEXT_DOWN": 41402822, "MAIN_RIV": 41399660, "LENGTH_KM": 2.23, "DIST_DN_KM": 114.8, "DIST_UP_KM": 13.5, "CATCH_SKM": 7.23, "UPLAND_SKM": 62.8, "ENDORHEIC": 0, "DIS_AV_CMS": 1.414, "ORD_STRA": 2, "ORD_CLAS": 2, "ORD_FLOW": 6, "HYBAS_L12": 4121157140.0, "Shape_Length": 0.020118446353083217 }, "geometry": { "type": "Polygon", "coordinates": [ ] } },
{ "type": "Feature", "properties": { "HYRIV_ID": 41402884, "NEXT_DOWN": 41402885, "MAIN_RIV": 41399660, "LENGTH_KM": 5.8800001, "DIST_DN_KM": 154.10001, "DIST_UP_KM": 8.8, "CATCH_SKM": 20.0, "UPLAND_SKM": 20.0, "ENDORHEIC": 0, "DIS_AV_CMS": 0.45, "ORD_STRA": 1, "ORD_CLAS": 3, "ORD_FLOW": 7, "HYBAS_L12": 4121157480.0, "Shape_Length": 0.053094336196454026 }, "geometry": { "type": "Polygon", "coordinates": [ ] } },
{ "type": "Feature", "properties": { "HYRIV_ID": 41402885, "NEXT_DOWN": 41402844, "MAIN_RIV": 41399660, "LENGTH_KM": 1.58, "DIST_DN_KM": 152.5, "DIST_UP_KM": 53.5, "CATCH_SKM": 1.28, "UPLAND_SKM": 555.79999, "ENDORHEIC": 0, "DIS_AV_CMS": 13.691, "ORD_STRA": 4, "ORD_CLAS": 2, "ORD_FLOW": 5, "HYBAS_L12": 4121157480.0, "Shape_Length": 0.014225889843172973 }, "geometry": { "type": "Polygon", "coordinates": [ ] } },
{ "type": "Feature", "properties": { "HYRIV_ID": 41402886, "NEXT_DOWN": 41402904, "MAIN_RIV": 41399660, "LENGTH_KM": 2.8800001, "DIST_DN_KM": 149.39999, "DIST_UP_KM": 56.700001, "CATCH_SKM": 8.7200003, "UPLAND_SKM": 606.70001, "ENDORHEIC": 0, "DIS_AV_CMS": 14.813, "ORD_STRA": 4, "ORD_CLAS": 2, "ORD_FLOW": 5, "HYBAS_L12": 4121157480.0, "Shape_Length": 0.02601100286299346 }, "geometry": { "type": "Polygon", "coordinates": [ ] } },
{ "type": "Feature", "properties": { "HYRIV_ID": 41402887, "NEXT_DOWN": 41402867, "MAIN_RIV": 41399660, "LENGTH_KM": 3.37, "DIST_DN_KM": 123.8, "DIST_UP_KM": 6.2, "CATCH_SKM": 8.9399996, "UPLAND_SKM": 8.9, "ENDORHEIC": 0, "DIS_AV_CMS": 0.203, "ORD_STRA": 1, "ORD_CLAS": 3, "ORD_FLOW": 7, "HYBAS_L12": 4121601370.0, "Shape_Length": 0.03053511301980659 }, "geometry": { "type": "Polygon", "coordinates": [ ] } },
{ "type": "Feature", "properties": { "HYRIV_ID": 41402904, "NEXT_DOWN": 41402905, "MAIN_RIV": 41399660, "LENGTH_KM": 2.03, "DIST_DN_KM": 147.10001, "DIST_UP_KM": 58.900002, "CATCH_SKM": 3.1900001, "UPLAND_SKM": 641.09998, "ENDORHEIC": 0, "DIS_AV_CMS": 15.616, "ORD_STRA": 4, "ORD_CLAS": 2, "ORD_FLOW": 5, "HYBAS_L12": 4121157480.0, "Shape_Length": 0.01839255650992801 }, "geometry": { "type": "Polygon", "coordinates": [ ] } },
{ "type": "Feature", "properties": { "HYRIV_ID": 41402905, "NEXT_DOWN": 41402752, "MAIN_RIV": 41399660, "LENGTH_KM": 7.71, "DIST_DN_KM": 139.60001, "DIST_UP_KM": 66.400002, "CATCH_SKM": 25.530001, "UPLAND_SKM": 784.29999, "ENDORHEIC": 0, "DIS_AV_CMS": 19.025, "ORD_STRA": 4, "ORD_CLAS": 2, "ORD_FLOW": 5, "HYBAS_L12": 4121157260.0, "Shape_Length": 0.069699675255757557 }, "geometry": { "type": "Polygon", "coordinates": [ ] } },
{ "type": "Feature", "properties": { "HYRIV_ID": 41402906, "NEXT_DOWN": 41402907, "MAIN_RIV": 41399660, "LENGTH_KM": 1.61, "DIST_DN_KM": 120.1, "DIST_UP_KM": 4.4, "CATCH_SKM": 8.3, "UPLAND_SKM": 8.3, "ENDORHEIC": 0, "DIS_AV_CMS": 0.188, "ORD_STRA": 1, "ORD_CLAS": 2, "ORD_FLOW": 7, "HYBAS_L12": 4121601450.0, "Shape_Length": 0.014583333333291648 }, "geometry": { "type": "Polygon", "coordinates": [ ] } },
{ "type": "Feature", "properties": { "HYRIV_ID": 41402907, "NEXT_DOWN": 41402754, "MAIN_RIV": 41399660, "LENGTH_KM": 5.6599998, "DIST_DN_KM": 114.4, "DIST_UP_KM": 215.60001, "CATCH_SKM": 20.209999, "UPLAND_SKM": 5336.8999, "ENDORHEIC": 0, "DIS_AV_CMS": 154.55701, "ORD_STRA": 5, "ORD_CLAS": 1, "ORD_FLOW": 4, "HYBAS_L12": 4121601370.0, "Shape_Length": 0.05101100286300158 }, "geometry": { "type": "Polygon", "coordinates": [ ] } },
{ "type": "Feature", "properties": { "HYRIV_ID": 41402908, "NEXT_DOWN": 41402869, "MAIN_RIV": 41399660, "LENGTH_KM": 0.93, "DIST_DN_KM": 116.9, "DIST_UP_KM": 11.4, "CATCH_SKM": 3.4, "UPLAND_SKM": 39.8, "ENDORHEIC": 0, "DIS_AV_CMS": 0.90100002, "ORD_STRA": 2, "ORD_CLAS": 2, "ORD_FLOW": 7, "HYBAS_L12": 4121157140.0, "Shape_Length": 0.0083333333333683868 }, "geometry": { "type": "Polygon", "coordinates": [ ] } },
{ "type": "Feature", "properties": { "HYRIV_ID": 41402930, "NEXT_DOWN": 41402931, "MAIN_RIV": 41399660, "LENGTH_KM": 2.46, "DIST_DN_KM": 172.5, "DIST_UP_KM": 6.0, "CATCH_SKM": 9.79, "UPLAND_SKM": 9.8, "ENDORHEIC": 0, "DIS_AV_CMS": 0.22400001, "ORD_STRA": 1, "ORD_CLAS": 5, "ORD_FLOW": 7, "HYBAS_L12": 4121157510.0, "Shape_Length": 0.022201779686438199 }, "geometry": { "type": "Polygon", "coordinates": [ ] } },
{ "type": "Feature", "properties": { "HYRIV_ID": 41402931, "NEXT_DOWN": 41402955, "MAIN_RIV": 41399660, "LENGTH_KM": 2.6900001, "DIST_DN_KM": 169.89999, "DIST_UP_KM": 9.0, "CATCH_SKM": 8.9399996, "UPLAND_SKM": 29.1, "ENDORHEIC": 0, "DIS_AV_CMS": 0.65899998, "ORD_STRA": 2, "ORD_CLAS": 4, "ORD_FLOW": 7, "HYBAS_L12": 4121157510.0, "Shape_Length": 0.024285113019773801 }, "geometry": { "type": "Polygon", "coordinates": [ ] } },
{ "type": "Feature", "properties": { "HYRIV_ID": 41402944, "NEXT_DOWN": 41403008, "MAIN_RIV": 41399660, "LENGTH_KM": 5.71, "DIST_DN_KM": 163.0, "DIST_UP_KM": 8.9, "CATCH_SKM": 17.23, "UPLAND_SKM": 17.200001, "ENDORHEIC": 0, "DIS_AV_CMS": 0.387, "ORD_STRA": 1, "ORD_CLAS": 3, "ORD_FLOW": 7, "HYBAS_L12": 4121157480.0, "Shape_Length": 0.051516504294481978 }, "geometry": { "type": "Polygon", "coordinates": [ ] } },
{ "type": "Feature", "properties": { "HYRIV_ID": 41402945, "NEXT_DOWN": 41402885, "MAIN_RIV": 41399660, "LENGTH_KM": 1.58, "DIST_DN_KM": 154.10001, "DIST_UP_KM": 51.900002, "CATCH_SKM": 2.55, "UPLAND_SKM": 534.59998, "ENDORHEIC": 0, "DIS_AV_CMS": 13.214, "ORD_STRA": 4, "ORD_CLAS": 2, "ORD_FLOW": 5, "HYBAS_L12": 4121157480.0, "Shape_Length": 0.014225889843224225 }, "geometry": { "type": "Polygon", "coordinates": [ ] } },
{ "type": "Feature", "properties": { "HYRIV_ID": 41402946, "NEXT_DOWN": 41402907, "MAIN_RIV": 41399660, "LENGTH_KM": 1.12, "DIST_DN_KM": 120.3, "DIST_UP_KM": 209.8, "CATCH_SKM": 1.49, "UPLAND_SKM": 5308.3999, "ENDORHEIC": 0, "DIS_AV_CMS": 154.011, "ORD_STRA": 5, "ORD_CLAS": 1, "ORD_FLOW": 4, "HYBAS_L12": 4121601450.0, "Shape_Length": 0.010059223176577998 }, "geometry": { "type": "Polygon", "coordinates": [ ] } },
{ "type": "Feature", "properties": { "HYRIV_ID": 41402955, "NEXT_DOWN": 41402956, "MAIN_RIV": 41399660, "LENGTH_KM": 5.56, "DIST_DN_KM": 164.10001, "DIST_UP_KM": 28.0, "CATCH_SKM": 17.02, "UPLAND_SKM": 121.9, "ENDORHEIC": 0, "DIS_AV_CMS": 2.882, "ORD_STRA": 3, "ORD_CLAS": 3, "ORD_FLOW": 6, "HYBAS_L12": 4121157510.0, "Shape_Length": 0.050296115882797407 }, "geometry": { "type": "Polygon", "coordinates": [ ] } },
{ "type": "Feature", "properties": { "HYRIV_ID": 41402956, "NEXT_DOWN": 41403008, "MAIN_RIV": 41399660, "LENGTH_KM": 1.11, "DIST_DN_KM": 163.0, "DIST_UP_KM": 43.0, "CATCH_SKM": 2.1300001, "UPLAND_SKM": 481.60001, "ENDORHEIC": 0, "DIS_AV_CMS": 12.007, "ORD_STRA": 4, "ORD_CLAS": 2, "ORD_FLOW": 5, "HYBAS_L12": 4121157480.0, "Shape_Length": 0.010059223176545413 }, "geometry": { "type": "Polygon", "coordinates": [ ] } },
{ "type": "Feature", "properties": { "HYRIV_ID": 41402957, "NEXT_DOWN": 41402945, "MAIN_RIV": 41399660, "LENGTH_KM": 0.69, "DIST_DN_KM": 155.7, "DIST_UP_KM": 3.9, "CATCH_SKM": 7.6599998, "UPLAND_SKM": 7.7, "ENDORHEIC": 0, "DIS_AV_CMS": 0.178, "ORD_STRA": 1, "ORD_CLAS": 3, "ORD_FLOW": 7, "HYBAS_L12": 4121157480.0, "Shape_Length": 0.0062499999999943157 }, "geometry": { "type": "Polygon", "coordinates": [ ] } },
{ "type": "Feature", "properties": { "HYRIV_ID": 41402958, "NEXT_DOWN": 41402868, "MAIN_RIV": 41399660, "LENGTH_KM": 4.96, "DIST_DN_KM": 122.0, "DIST_UP_KM": 8.2, "CATCH_SKM": 16.379999, "UPLAND_SKM": 16.4, "ENDORHEIC": 0, "DIS_AV_CMS": 0.375, "ORD_STRA": 1, "ORD_CLAS": 2, "ORD_FLOW": 7, "HYBAS_L12": 4121601370.0, "Shape_Length": 0.044909060804429572 }, "geometry": { "type": "Polygon", "coordinates": [ ] } },
{ "type": "Feature", "properties": { "HYRIV_ID": 41402959, "NEXT_DOWN": 41402946, "MAIN_RIV": 41399660, "LENGTH_KM": 4.5500002, "DIST_DN_KM": 121.2, "DIST_UP_KM": 7.7, "CATCH_SKM": 23.4, "UPLAND_SKM": 23.4, "ENDORHEIC": 0, "DIS_AV_CMS": 0.53, "ORD_STRA": 1, "ORD_CLAS": 2, "ORD_FLOW": 7, "HYBAS_L12": 4121601450.0, "Shape_Length": 0.041309223176545409 }, "geometry": { "type": "Polygon", "coordinates": [ ] } },
{ "type": "Feature", "properties": { "HYRIV_ID": 41402960, "NEXT_DOWN": 41402869, "MAIN_RIV": 41399660, "LENGTH_KM": 5.62, "DIST_DN_KM": 117.1, "DIST_UP_KM": 7.7, "CATCH_SKM": 15.74, "UPLAND_SKM": 15.7, "ENDORHEIC": 0, "DIS_AV_CMS": 0.353, "ORD_STRA": 1, "ORD_CLAS": 3, "ORD_FLOW": 7, "HYBAS_L12": 4121157140.0, "Shape_Length": 0.05080161731422482 }, "geometry": { "type": "Polygon", "coordinates": [ ] } },
{ "type": "Feature", "properties": { "HYRIV_ID": 41402981, "NEXT_DOWN": 41402982, "MAIN_RIV": 41399660, "LENGTH_KM": 3.1, "DIST_DN_KM": 141.0, "DIST_UP_KM": 7.3, "CATCH_SKM": 12.76, "UPLAND_SKM": 12.8, "ENDORHEIC": 0, "DIS_AV_CMS": 0.29300001, "ORD_STRA": 1, "ORD_CLAS": 4, "ORD_FLOW": 7, "HYBAS_L12": 4121157270.0, "Shape_Length": 0.028094336196286429 }, "geometry": { "type": "Polygon", "coordinates": [ ] } },
{ "type": "Feature", "properties": { "HYRIV_ID": 41402982, "NEXT_DOWN": 41402821, "MAIN_RIV": 41399660, "LENGTH_KM": 5.2, "DIST_DN_KM": 135.60001, "DIST_UP_KM": 37.0, "CATCH_SKM": 17.66, "UPLAND_SKM": 267.29999, "ENDORHEIC": 0, "DIS_AV_CMS": 6.48, "ORD_STRA": 3, "ORD_CLAS": 3, "ORD_FLOW": 6, "HYBAS_L12": 4121157270.0, "Shape_Length": 0.046844336196324499 }, "geometry": { "type": "Polygon", "coordinates": [ ] } },
{ "type": "Feature", "properties": { "HYRIV_ID": 41402993, "NEXT_DOWN": 41402982, "MAIN_RIV": 41399660, "LENGTH_KM": 0.46, "DIST_DN_KM": 140.8, "DIST_UP_KM": 31.8, "CATCH_SKM": 3.1900001, "UPLAND_SKM": 236.8, "ENDORHEIC": 0, "DIS_AV_CMS": 5.7880001, "ORD_STRA": 3, "ORD_CLAS": 3, "ORD_FLOW": 6, "HYBAS_L12": 4121157270.0, "Shape_Length": 0.0041666666666628771 }, "geometry": { "type": "Polygon", "coordinates": [ ] } },
{ "type": "Feature", "properties": { "HYRIV_ID": 41402994, "NEXT_DOWN": 41402946, "MAIN_RIV": 41399660, "LENGTH_KM": 1.77, "DIST_DN_KM": 121.2, "DIST_UP_KM": 208.8, "CATCH_SKM": 3.83, "UPLAND_SKM": 5283.5, "ENDORHEIC": 0, "DIS_AV_CMS": 153.465, "ORD_STRA": 5, "ORD_CLAS": 1, "ORD_FLOW": 4, "HYBAS_L12": 4121601450.0, "Shape_Length": 0.015951779686417901 }, "geometry": { "type": "Polygon", "coordinates": [ ] } },
{ "type": "Feature", "properties": { "HYRIV_ID": 41403008, "NEXT_DOWN": 41403009, "MAIN_RIV": 41399660, "LENGTH_KM": 4.0, "DIST_DN_KM": 159.2, "DIST_UP_KM": 46.8, "CATCH_SKM": 6.1700001, "UPLAND_SKM": 505.0, "ENDORHEIC": 0, "DIS_AV_CMS": 12.531, "ORD_STRA": 4, "ORD_CLAS": 2, "ORD_FLOW": 5, "HYBAS_L12": 4121157480.0, "Shape_Length": 0.03607022603954476 }, "geometry": { "type": "Polygon", "coordinates": [ ] } },
{ "type": "Feature", "properties": { "HYRIV_ID": 41403009, "NEXT_DOWN": 41402945, "MAIN_RIV": 41399660, "LENGTH_KM": 3.34, "DIST_DN_KM": 155.7, "DIST_UP_KM": 50.400002, "CATCH_SKM": 5.7399998, "UPLAND_SKM": 524.29999, "ENDORHEIC": 0, "DIS_AV_CMS": 12.98, "ORD_STRA": 4, "ORD_CLAS": 2, "ORD_FLOW": 5, "HYBAS_L12": 4121157480.0, "Shape_Length": 0.030177669529712171 }, "geometry": { "type": "Polygon", "coordinates": [ ] } },
{ "type": "Feature", "properties": { "HYRIV_ID": 41403010, "NEXT_DOWN": 41402904, "MAIN_RIV": 41399660, "LENGTH_KM": 3.62, "DIST_DN_KM": 149.39999, "DIST_UP_KM": 9.7, "CATCH_SKM": 7.87, "UPLAND_SKM": 31.3, "ENDORHEIC": 0, "DIS_AV_CMS": 0.73299998, "ORD_STRA": 2, "ORD_CLAS": 3, "ORD_FLOW": 7, "HYBAS_L12": 4121157480.0, "Shape_Length": 0.032618446353097831 }, "geometry": { "type": "Polygon", "coordinates": [ ] } },
{ "type": "Feature", "properties": { "HYRIV_ID": 41403011, "NEXT_DOWN": 41402993, "MAIN_RIV": 41399660, "LENGTH_KM": 2.72, "DIST_DN_KM": 141.3, "DIST_UP_KM": 7.0, "CATCH_SKM": 8.3, "UPLAND_SKM": 8.3, "ENDORHEIC": 0, "DIS_AV_CMS": 0.193, "ORD_STRA": 1, "ORD_CLAS": 4, "ORD_FLOW": 7, "HYBAS_L12": 4121157270.0, "Shape_Length": 0.024642556509893904 }, "geometry": { "type": "Polygon", "coordinates": [ ] } },
{ "type": "Feature", "properties": { "HYRIV_ID": 41403012, "NEXT_DOWN": 41402994, "MAIN_RIV": 41399660, "LENGTH_KM": 1.4400001, "DIST_DN_KM": 123.0, "DIST_UP_KM": 4.4, "CATCH_SKM": 5.5300002, "UPLAND_SKM": 5.5, "ENDORHEIC": 0, "DIS_AV_CMS": 0.127, "ORD_STRA": 1, "ORD_CLAS": 2, "ORD_FLOW": 7, "HYBAS_L12": 4121601450.0, "Shape_Length": 0.013005501431546974 }, "geometry": { "type": "Polygon", "coordinates": [ ] } },
{ "type": "Feature", "properties": { "HYRIV_ID": 41403013, "NEXT_DOWN": 41402908, "MAIN_RIV": 41399660, "LENGTH_KM": 3.2, "DIST_DN_KM": 117.8, "DIST_UP_KM": 5.7, "CATCH_SKM": 8.7200003, "UPLAND_SKM": 8.7, "ENDORHEIC": 0, "DIS_AV_CMS": 0.198, "ORD_STRA": 1, "ORD_CLAS": 3, "ORD_FLOW": 7, "HYBAS_L12": 4121157140.0, "Shape_Length": 0.028809223176530084 }, "geometry": { "type": "Polygon", "coordinates": [ ] } },
{ "type": "Feature", "properties": { "HYRIV_ID": 41403032, "NEXT_DOWN": 41402908, "MAIN_RIV": 41399660, "LENGTH_KM": 6.9899998, "DIST_DN_KM": 118.0, "DIST_UP_KM": 10.3, "CATCH_SKM": 27.66, "UPLAND_SKM": 27.700001, "ENDORHEIC": 0, "DIS_AV_CMS": 0.62699997, "ORD_STRA": 1, "ORD_CLAS": 2, "ORD_FLOW": 7, "HYBAS_L12": 4121157140.0, "Shape_Length": 0.063153559372747387 }, "geometry": { "type": "Polygon", "coordinates": [ ] } },
{ "type": "Feature", "properties": { "HYRIV_ID": 41403052, "NEXT_DOWN": 41403010, "MAIN_RIV": 41399660, "LENGTH_KM": 2.46, "DIST_DN_KM": 153.0, "DIST_UP_KM": 5.4, "CATCH_SKM": 11.7, "UPLAND_SKM": 11.7, "ENDORHEIC": 0, "DIS_AV_CMS": 0.276, "ORD_STRA": 1, "ORD_CLAS": 4, "ORD_FLOW": 7, "HYBAS_L12": 4121157480.0, "Shape_Length": 0.022201779686440638 }, "geometry": { "type": "Polygon", "coordinates": [ ] } },
{ "type": "Feature", "properties": { "HYRIV_ID": 41403053, "NEXT_DOWN": 41403054, "MAIN_RIV": 41399660, "LENGTH_KM": 5.62, "DIST_DN_KM": 125.7, "DIST_UP_KM": 8.7, "CATCH_SKM": 24.25, "UPLAND_SKM": 24.3, "ENDORHEIC": 0, "DIS_AV_CMS": 0.55699998, "ORD_STRA": 1, "ORD_CLAS": 2, "ORD_FLOW": 7, "HYBAS_L12": 4121601450.0, "Shape_Length": 0.050801617314315255 }, "geometry": { "type": "Polygon", "coordinates": [ ] } },
{ "type": "Feature", "properties": { "HYRIV_ID": 41403054, "NEXT_DOWN": 41402994, "MAIN_RIV": 41399660, "LENGTH_KM": 2.6900001, "DIST_DN_KM": 123.0, "DIST_UP_KM": 207.10001, "CATCH_SKM": 8.9399996, "UPLAND_SKM": 5274.1001, "ENDORHEIC": 0, "DIS_AV_CMS": 153.27699, "ORD_STRA": 5, "ORD_CLAS": 1, "ORD_FLOW": 4, "HYBAS_L12": 4121601450.0, "Shape_Length": 0.024285113019782124 }, "geometry": { "type": "Polygon", "coordinates": [ ] } },
{ "type": "Feature", "properties": { "HYRIV_ID": 41403075, "NEXT_DOWN": 41402956, "MAIN_RIV": 41399660, "LENGTH_KM": 4.6500001, "DIST_DN_KM": 164.3, "DIST_UP_KM": 41.700001, "CATCH_SKM": 12.55, "UPLAND_SKM": 357.5, "ENDORHEIC": 0, "DIS_AV_CMS": 9.0780001, "ORD_STRA": 4, "ORD_CLAS": 2, "ORD_FLOW": 6, "HYBAS_L12": 4121157540.0, "Shape_Length": 0.041962782549534387 }, "geometry": { "type": "Polygon", "coordinates": [ ] } },
{ "type": "Feature", "properties": { "HYRIV_ID": 41403076, "NEXT_DOWN": 41403077, "MAIN_RIV": 41399660, "LENGTH_KM": 1.34, "DIST_DN_KM": 145.0, "DIST_UP_KM": 5.2, "CATCH_SKM": 6.5900002, "UPLAND_SKM": 6.6, "ENDORHEIC": 0, "DIS_AV_CMS": 0.154, "ORD_STRA": 1, "ORD_CLAS": 4, "ORD_FLOW": 7, "HYBAS_L12": 4121157270.0, "Shape_Length": 0.012142556509918771 }, "geometry": { "type": "Polygon", "coordinates": [ ] } },
{ "type": "Feature", "properties": { "HYRIV_ID": 41403077, "NEXT_DOWN": 41402993, "MAIN_RIV": 41399660, "LENGTH_KM": 3.54, "DIST_DN_KM": 141.3, "DIST_UP_KM": 31.4, "CATCH_SKM": 14.26, "UPLAND_SKM": 225.39999, "ENDORHEIC": 0, "DIS_AV_CMS": 5.5219998, "ORD_STRA": 3, "ORD_CLAS": 3, "ORD_FLOW": 6, "HYBAS_L12": 4121157270.0, "Shape_Length": 0.031903559372825754 }, "geometry": { "type": "Polygon", "coordinates": [ ] } },
{ "type": "Feature", "properties": { "HYRIV_ID": 41403085, "NEXT_DOWN": 41403009, "MAIN_RIV": 41399660, "LENGTH_KM": 4.1300001, "DIST_DN_KM": 159.0, "DIST_UP_KM": 7.2, "CATCH_SKM": 13.62, "UPLAND_SKM": 13.6, "ENDORHEIC": 0, "DIS_AV_CMS": 0.32100001, "ORD_STRA": 1, "ORD_CLAS": 3, "ORD_FLOW": 7, "HYBAS_L12": 4121157480.0, "Shape_Length": 0.037290614451278854 }, "geometry": { "type": "Polygon", "coordinates": [ ] } },
{ "type": "Feature", "properties": { "HYRIV_ID": 41403103, "NEXT_DOWN": 41403010, "MAIN_RIV": 41399660, "LENGTH_KM": 3.85, "DIST_DN_KM": 153.0, "DIST_UP_KM": 6.1, "CATCH_SKM": 11.7, "UPLAND_SKM": 11.7, "ENDORHEIC": 0, "DIS_AV_CMS": 0.276, "ORD_STRA": 1, "ORD_CLAS": 3, "ORD_FLOW": 7, "HYBAS_L12": 4121157480.0, "Shape_Length": 0.034701779686457691 }, "geometry": { "type": "Polygon", "coordinates": [ ] } },
{ "type": "Feature", "properties": { "HYRIV_ID": 41403104, "NEXT_DOWN": 41403077, "MAIN_RIV": 41399660, "LENGTH_KM": 1.12, "DIST_DN_KM": 144.8, "DIST_UP_KM": 27.8, "CATCH_SKM": 3.83, "UPLAND_SKM": 204.5, "ENDORHEIC": 0, "DIS_AV_CMS": 5.0370002, "ORD_STRA": 3, "ORD_CLAS": 3, "ORD_FLOW": 6, "HYBAS_L12": 4121157270.0, "Shape_Length": 0.010059223176465026 }, "geometry": { "type": "Polygon", "coordinates": [ ] } },
{ "type": "Feature", "properties": { "HYRIV_ID": 41403105, "NEXT_DOWN": 41403104, "MAIN_RIV": 41399660, "LENGTH_KM": 0.69, "DIST_DN_KM": 146.0, "DIST_UP_KM": 4.3, "CATCH_SKM": 5.75, "UPLAND_SKM": 5.7, "ENDORHEIC": 0, "DIS_AV_CMS": 0.13500001, "ORD_STRA": 1, "ORD_CLAS": 4, "ORD_FLOW": 7, "HYBAS_L12": 4121157270.0, "Shape_Length": 0.0062500000000795808 }, "geometry": { "type": "Polygon", "coordinates": [ ] } },
{ "type": "Feature", "properties": { "HYRIV_ID": 41403122, "NEXT_DOWN": 41403123, "MAIN_RIV": 41399660, "LENGTH_KM": 0.69, "DIST_DN_KM": 171.0, "DIST_UP_KM": 3.8, "CATCH_SKM": 5.96, "UPLAND_SKM": 6.0, "ENDORHEIC": 0, "DIS_AV_CMS": 0.14, "ORD_STRA": 1, "ORD_CLAS": 3, "ORD_FLOW": 7, "HYBAS_L12": 4121157540.0, "Shape_Length": 0.0062500000000227374 }, "geometry": { "type": "Polygon", "coordinates": [ ] } },
{ "type": "Feature", "properties": { "HYRIV_ID": 41403123, "NEXT_DOWN": 41403075, "MAIN_RIV": 41399660, "LENGTH_KM": 2.23, "DIST_DN_KM": 168.89999, "DIST_UP_KM": 5.8, "CATCH_SKM": 3.62, "UPLAND_SKM": 16.200001, "ENDORHEIC": 0, "DIS_AV_CMS": 0.384, "ORD_STRA": 2, "ORD_CLAS": 3, "ORD_FLOW": 7, "HYBAS_L12": 4121157540.0, "Shape_Length": 0.020118446353119247 }, "geometry": { "type": "Polygon", "coordinates": [ ] } },
{ "type": "Feature", "properties": { "HYRIV_ID": 41403134, "NEXT_DOWN": 41403123, "MAIN_RIV": 41399660, "LENGTH_KM": 0.98, "DIST_DN_KM": 171.2, "DIST_UP_KM": 3.1, "CATCH_SKM": 6.6, "UPLAND_SKM": 6.6, "ENDORHEIC": 0, "DIS_AV_CMS": 0.15800001, "ORD_STRA": 1, "ORD_CLAS": 4, "ORD_FLOW": 7, "HYBAS_L12": 4121157540.0, "Shape_Length": 0.008838834764843902 }, "geometry": { "type": "Polygon", "coordinates": [ ] } },
{ "type": "Feature", "properties": { "HYRIV_ID": 41403135, "NEXT_DOWN": 41403054, "MAIN_RIV": 41399660, "LENGTH_KM": 2.51, "DIST_DN_KM": 125.7, "DIST_UP_KM": 204.39999, "CATCH_SKM": 4.4699998, "UPLAND_SKM": 5240.8999, "ENDORHEIC": 0, "DIS_AV_CMS": 152.558, "ORD_STRA": 5, "ORD_CLAS": 1, "ORD_FLOW": 4, "HYBAS_L12": 4121601450.0, "Shape_Length": 0.022559223176548255 }, "geometry": { "type": "Polygon", "coordinates": [ ] } },
{ "type": "Feature", "properties": { "HYRIV_ID": 41403152, "NEXT_DOWN": 41403153, "MAIN_RIV": 41399660, "LENGTH_KM": 6.1799998, "DIST_DN_KM": 132.2, "DIST_UP_KM": 9.9, "CATCH_SKM": 23.4, "UPLAND_SKM": 23.4, "ENDORHEIC": 0, "DIS_AV_CMS": 0.54500002, "ORD_STRA": 1, "ORD_CLAS": 3, "ORD_FLOW": 7, "HYBAS_L12": 4121601450.0, "Shape_Length": 0.055831228902503006 }, "geometry": { "type": "Polygon", "coordinates": [ ] } },
{ "type": "Feature", "properties": { "HYRIV_ID": 41403153, "NEXT_DOWN": 41403154, "MAIN_RIV": 41399660, "LENGTH_KM": 0.92, "DIST_DN_KM": 131.10001, "DIST_UP_KM": 11.0, "CATCH_SKM": 1.92, "UPLAND_SKM": 53.8, "ENDORHEIC": 0, "DIS_AV_CMS": 1.263, "ORD_STRA": 2, "ORD_CLAS": 3, "ORD_FLOW": 6, "HYBAS_L12": 4121601450.0, "Shape_Length": 0.0083333333333257542 }, "geometry": { "type": "Polygon", "coordinates": [ ] } },
{ "type": "Feature", "properties": { "HYRIV_ID": 41403154, "NEXT_DOWN": 41403135, "MAIN_RIV": 41399660, "LENGTH_KM": 2.8800001, "DIST_DN_KM": 128.39999, "DIST_UP_KM": 13.7, "CATCH_SKM": 8.5100002, "UPLAND_SKM": 70.599998, "ENDORHEIC": 0, "DIS_AV_CMS": 1.656, "ORD_STRA": 2, "ORD_CLAS": 3, "ORD_FLOW": 6, "HYBAS_L12": 4121601450.0, "Shape_Length": 0.026011002862899871 }, "geometry": { "type": "Polygon", "coordinates": [ ] } },
{ "type": "Feature", "properties": { "HYRIV_ID": 41403165, "NEXT_DOWN": 41402905, "MAIN_RIV": 41399660, "LENGTH_KM": 10.04, "DIST_DN_KM": 147.10001, "DIST_UP_KM": 29.0, "CATCH_SKM": 29.15, "UPLAND_SKM": 117.7, "ENDORHEIC": 0, "DIS_AV_CMS": 2.8469999, "ORD_STRA": 2, "ORD_CLAS": 3, "ORD_FLOW": 6, "HYBAS_L12": 4121157500.0, "Shape_Length": 0.090533008588930555 }, "geometry": { "type": "Polygon", "coordinates": [ ] } },
{ "type": "Feature", "properties": { "HYRIV_ID": 41403166, "NEXT_DOWN": 41403135, "MAIN_RIV": 41399660, "LENGTH_KM": 3.6, "DIST_DN_KM": 128.2, "DIST_UP_KM": 60.0, "CATCH_SKM": 7.4499998, "UPLAND_SKM": 443.79999, "ENDORHEIC": 0, "DIS_AV_CMS": 10.583, "ORD_STRA": 3, "ORD_CLAS": 2, "ORD_FLOW": 5, "HYBAS_L12": 4121157610.0, "Shape_Length": 0.032618446353052763 }, "geometry": { "type": "Polygon", "coordinates": [ ] } },
{ "type": "Feature", "properties": { "HYRIV_ID": 41403181, "NEXT_DOWN": 41403182, "MAIN_RIV": 41399660, "LENGTH_KM": 1.9, "DIST_DN_KM": 148.3, "DIST_UP_KM": 4.9, "CATCH_SKM": 8.7200003, "UPLAND_SKM": 8.7, "ENDORHEIC": 0, "DIS_AV_CMS": 0.207, "ORD_STRA": 1, "ORD_CLAS": 5, "ORD_FLOW": 7, "HYBAS_L12": 4121157270.0, "Shape_Length": 0.017172168098159607 }, "geometry": { "type": "Polygon", "coordinates": [ ] } },
{ "type": "Feature", "properties": { "HYRIV_ID": 41403182, "NEXT_DOWN": 41403104, "MAIN_RIV": 41399660, "LENGTH_KM": 2.32, "DIST_DN_KM": 146.0, "DIST_UP_KM": 26.700001, "CATCH_SKM": 5.75, "UPLAND_SKM": 194.89999, "ENDORHEIC": 0, "DIS_AV_CMS": 4.8119998, "ORD_STRA": 3, "ORD_CLAS": 3, "ORD_FLOW": 6, "HYBAS_L12": 4121157270.0, "Shape_Length": 0.020833333333371229 }, "geometry": { "type": "Polygon", "coordinates": [ ] } },
{ "type": "Feature", "properties": { "HYRIV_ID": 41403197, "NEXT_DOWN": 41403075, "MAIN_RIV": 41399660, "LENGTH_KM": 4.46, "DIST_DN_KM": 168.89999, "DIST_UP_KM": 37.099998, "CATCH_SKM": 10.64, "UPLAND_SKM": 328.79999, "ENDORHEIC": 0, "DIS_AV_CMS": 8.4049997, "ORD_STRA": 4, "ORD_CLAS": 2, "ORD_FLOW": 6, "HYBAS_L12": 4121157540.0, "Shape_Length": 0.040236892706270372 }, "geometry": { "type": "Polygon", "coordinates": [ ] } },
{ "type": "Feature", "properties": { "HYRIV_ID": 41403198, "NEXT_DOWN": 41403197, "MAIN_RIV": 41399660, "LENGTH_KM": 3.1800001, "DIST_DN_KM": 173.2, "DIST_UP_KM": 5.4, "CATCH_SKM": 7.4499998, "UPLAND_SKM": 7.4, "ENDORHEIC": 0, "DIS_AV_CMS": 0.178, "ORD_STRA": 1, "ORD_CLAS": 3, "ORD_FLOW": 7, "HYBAS_L12": 4121157540.0, "Shape_Length": 0.028809223176499938 }, "geometry": { "type": "Polygon", "coordinates": [ ] } },
{ "type": "Feature", "properties": { "HYRIV_ID": 41403199, "NEXT_DOWN": 41403200, "MAIN_RIV": 41399660, "LENGTH_KM": 2.26, "DIST_DN_KM": 136.7, "DIST_UP_KM": 5.3, "CATCH_SKM": 13.83, "UPLAND_SKM": 13.8, "ENDORHEIC": 0, "DIS_AV_CMS": 0.32600001, "ORD_STRA": 1, "ORD_CLAS": 4, "ORD_FLOW": 7, "HYBAS_L12": 4121601450.0, "Shape_Length": 0.020475889843147486 }, "geometry": { "type": "Polygon", "coordinates": [ ] } },
{ "type": "Feature", "properties": { "HYRIV_ID": 41403200, "NEXT_DOWN": 41403153, "MAIN_RIV": 41399660, "LENGTH_KM": 4.71, "DIST_DN_KM": 132.2, "DIST_UP_KM": 9.8, "CATCH_SKM": 9.3599997, "UPLAND_SKM": 28.5, "ENDORHEIC": 0, "DIS_AV_CMS": 0.67299998, "ORD_STRA": 2, "ORD_CLAS": 4, "ORD_FLOW": 7, "HYBAS_L12": 4121601450.0, "Shape_Length": 0.042677669529758655 }, "geometry": { "type": "Polygon", "coordinates": [ ] } },
{ "type": "Feature", "properties": { "HYRIV_ID": 41403211, "NEXT_DOWN": 41403212, "MAIN_RIV": 41399660, "LENGTH_KM": 0.69, "DIST_DN_KM": 180.39999, "DIST_UP_KM": 2.9, "CATCH_SKM": 5.1100001, "UPLAND_SKM": 5.1, "ENDORHEIC": 0, "DIS_AV_CMS": 0.123, "ORD_STRA": 1, "ORD_CLAS": 4, "ORD_FLOW": 7, "HYBAS_L12": 4121157510.0, "Shape_Length": 0.0062499999999658939 }, "geometry": { "type": "Polygon", "coordinates": [ ] } },
{ "type": "Feature", "properties": { "HYRIV_ID": 41403212, "NEXT_DOWN": 41402955, "MAIN_RIV": 41399660, "LENGTH_KM": 10.77, "DIST_DN_KM": 169.89999, "DIST_UP_KM": 22.3, "CATCH_SKM": 32.549999, "UPLAND_SKM": 75.800003, "ENDORHEIC": 0, "DIS_AV_CMS": 1.835, "ORD_STRA": 2, "ORD_CLAS": 3, "ORD_FLOW": 6, "HYBAS_L12": 4121157510.0, "Shape_Length": 0.0971404520790876 }, "geometry": { "type": "Polygon", "coordinates": [ ] } },
{ "type": "Feature", "properties": { "HYRIV_ID": 41403213, "NEXT_DOWN": 41403197, "MAIN_RIV": 41399660, "LENGTH_KM": 0.46, "DIST_DN_KM": 173.2, "DIST_UP_KM": 32.8, "CATCH_SKM": 1.28, "UPLAND_SKM": 310.70001, "ENDORHEIC": 0, "DIS_AV_CMS": 7.9770002, "ORD_STRA": 4, "ORD_CLAS": 2, "ORD_FLOW": 6, "HYBAS_L12": 4121157540.0, "Shape_Length": 0.0041666666666486663 }, "geometry": { "type": "Polygon", "coordinates": [ ] } },
{ "type": "Feature", "properties": { "HYRIV_ID": 41403214, "NEXT_DOWN": 41403165, "MAIN_RIV": 41399660, "LENGTH_KM": 2.6900001, "DIST_DN_KM": 157.2, "DIST_UP_KM": 10.2, "CATCH_SKM": 5.5300002, "UPLAND_SKM": 43.599998, "ENDORHEIC": 0, "DIS_AV_CMS": 1.057, "ORD_STRA": 2, "ORD_CLAS": 4, "ORD_FLOW": 6, "HYBAS_L12": 4121157500.0, "Shape_Length": 0.024285113019786288 }, "geometry": { "type": "Polygon", "coordinates": [ ] } },
{ "type": "Feature", "properties": { "HYRIV_ID": 41403215, "NEXT_DOWN": 41403166, "MAIN_RIV": 41399660, "LENGTH_KM": 6.9400001, "DIST_DN_KM": 132.0, "DIST_UP_KM": 15.5, "CATCH_SKM": 28.940001, "UPLAND_SKM": 71.900002, "ENDORHEIC": 0, "DIS_AV_CMS": 1.6569999, "ORD_STRA": 2, "ORD_CLAS": 3, "ORD_FLOW": 6, "HYBAS_L12": 4121157610.0, "Shape_Length": 0.0627961158827961 }, "geometry": { "type": "Polygon", "coordinates": [ ] } },
{ "type": "Feature", "properties": { "HYRIV_ID": 41403216, "NEXT_DOWN": 41403215, "MAIN_RIV": 41399660, "LENGTH_KM": 2.6500001, "DIST_DN_KM": 138.89999, "DIST_UP_KM": 5.8, "CATCH_SKM": 10.85, "UPLAND_SKM": 10.9, "ENDORHEIC": 0, "DIS_AV_CMS": 0.249, "ORD_STRA": 1, "ORD_CLAS": 4, "ORD_FLOW": 7, "HYBAS_L12": 4121157610.0, "Shape_Length": 0.023927669529633599 }, "geometry": { "type": "Polygon", "coordinates": [ ] } },
{ "type": "Feature", "properties": { "HYRIV_ID": 41403233, "NEXT_DOWN": 41403154, "MAIN_RIV": 41399660, "LENGTH_KM": 3.21, "DIST_DN_KM": 131.10001, "DIST_UP_KM": 7.1, "CATCH_SKM": 8.3, "UPLAND_SKM": 8.3, "ENDORHEIC": 0, "DIS_AV_CMS": 0.196, "ORD_STRA": 1, "ORD_CLAS": 4, "ORD_FLOW": 7, "HYBAS_L12": 4121601450.0, "Shape_Length": 0.028957281117976651 }, "geometry": { "type": "Polygon", "coordinates": [ ] } },
{ "type": "Feature", "properties": { "HYRIV_ID": 41403245, "NEXT_DOWN": 41403213, "MAIN_RIV": 41399660, "LENGTH_KM": 1.3, "DIST_DN_KM": 173.89999, "DIST_UP_KM": 32.099998, "CATCH_SKM": 4.89, "UPLAND_SKM": 295.20001, "ENDORHEIC": 0, "DIS_AV_CMS": 7.6009998, "ORD_STRA": 4, "ORD_CLAS": 2, "ORD_FLOW": 6, "HYBAS_L12": 4121157540.0, "Shape_Length": 0.011785113019805267 }, "geometry": { "type": "Polygon", "coordinates": [ ] } },
{ "type": "Feature", "properties": { "HYRIV_ID": 41403246, "NEXT_DOWN": 41403182, "MAIN_RIV": 41399660, "LENGTH_KM": 2.4200001, "DIST_DN_KM": 148.5, "DIST_UP_KM": 24.200001, "CATCH_SKM": 6.1700001, "UPLAND_SKM": 154.5, "ENDORHEIC": 0, "DIS_AV_CMS": 3.8469999, "ORD_STRA": 3, "ORD_CLAS": 3, "ORD_FLOW": 6, "HYBAS_L12": 4121157270.0, "Shape_Length": 0.021844336196059275 }, "geometry": { "type": "Polygon", "coordinates": [ ] } },
{ "type": "Feature", "properties": { "HYRIV_ID": 41403247, "NEXT_DOWN": 41403200, "MAIN_RIV": 41399660, "LENGTH_KM": 2.09, "DIST_DN_KM": 136.7, "DIST_UP_KM": 4.9, "CATCH_SKM": 5.3200002, "UPLAND_SKM": 5.3, "ENDORHEIC": 0, "DIS_AV_CMS": 0.127, "ORD_STRA": 1, "ORD_CLAS": 5, "ORD_FLOW": 7, "HYBAS_L12": 4121601450.0, "Shape_Length": 0.018898057941375106 }, "geometry": { "type": "Polygon", "coordinates": [ ] } },
{ "type": "Feature", "properties": { "HYRIV_ID": 41403262, "NEXT_DOWN": 41403214, "MAIN_RIV": 41399660, "LENGTH_KM": 2.4200001, "DIST_DN_KM": 159.89999, "DIST_UP_KM": 7.5, "CATCH_SKM": 6.3800001, "UPLAND_SKM": 28.9, "ENDORHEIC": 0, "DIS_AV_CMS": 0.70200002, "ORD_STRA": 2, "ORD_CLAS": 4, "ORD_FLOW": 7, "HYBAS_L12": 4121157500.0, "Shape_Length": 0.021844336196357284 }, "geometry": { "type": "Polygon", "coordinates": [ ] } },
{ "type": "Feature", "properties": { "HYRIV_ID": 41403263, "NEXT_DOWN": 41403246, "MAIN_RIV": 41399660, "LENGTH_KM": 2.53, "DIST_DN_KM": 150.7, "DIST_UP_KM": 5.5, "CATCH_SKM": 11.92, "UPLAND_SKM": 11.9, "ENDORHEIC": 0, "DIS_AV_CMS": 0.287, "ORD_STRA": 1, "ORD_CLAS": 4, "ORD_FLOW": 7, "HYBAS_L12": 4121601480.0, "Shape_Length": 0.022916666666674246 }, "geometry": { "type": "Polygon", "coordinates": [ ] } },
{ "type": "Feature", "properties": { "HYRIV_ID": 41403264, "NEXT_DOWN": 41403215, "MAIN_RIV": 41399660, "LENGTH_KM": 5.4, "DIST_DN_KM": 138.89999, "DIST_UP_KM": 8.6, "CATCH_SKM": 24.68, "UPLAND_SKM": 24.700001, "ENDORHEIC": 0, "DIS_AV_CMS": 0.57099998, "ORD_STRA": 1, "ORD_CLAS": 3, "ORD_FLOW": 7, "HYBAS_L12": 4121157610.0, "Shape_Length": 0.048927669529637563 }, "geometry": { "type": "Polygon", "coordinates": [ ] } },
{ "type": "Feature", "properties": { "HYRIV_ID": 41403269, "NEXT_DOWN": 41403245, "MAIN_RIV": 41399660, "LENGTH_KM": 1.76, "DIST_DN_KM": 175.2, "DIST_UP_KM": 30.8, "CATCH_SKM": 2.98, "UPLAND_SKM": 190.3, "ENDORHEIC": 0, "DIS_AV_CMS": 4.96, "ORD_STRA": 3, "ORD_CLAS": 2, "ORD_FLOW": 6, "HYBAS_L12": 4121157670.0, "Shape_Length": 0.015951779686448047 }, "geometry": { "type": "Polygon", "coordinates": [ ] } },
{ "type": "Feature", "properties": { "HYRIV_ID": 41403270, "NEXT_DOWN": 41403213, "MAIN_RIV": 41399660, "LENGTH_KM": 3.76, "DIST_DN_KM": 173.89999, "DIST_UP_KM": 6.0, "CATCH_SKM": 14.26, "UPLAND_SKM": 14.3, "ENDORHEIC": 0, "DIS_AV_CMS": 0.346, "ORD_STRA": 1, "ORD_CLAS": 3, "ORD_FLOW": 7, "HYBAS_L12": 4121157540.0, "Shape_Length": 0.033986892706162369 }, "geometry": { "type": "Polygon", "coordinates": [ ] } },
{ "type": "Feature", "properties": { "HYRIV_ID": 41403271, "NEXT_DOWN": 41403214, "MAIN_RIV": 41399660, "LENGTH_KM": 2.6500001, "DIST_DN_KM": 160.10001, "DIST_UP_KM": 5.4, "CATCH_SKM": 9.1499996, "UPLAND_SKM": 9.2, "ENDORHEIC": 0, "DIS_AV_CMS": 0.222, "ORD_STRA": 1, "ORD_CLAS": 5, "ORD_FLOW": 7, "HYBAS_L12": 4121157500.0, "Shape_Length": 0.023927669529674511 }, "geometry": { "type": "Polygon", "coordinates": [ ] } },
{ "type": "Feature", "properties": { "HYRIV_ID": 41403272, "NEXT_DOWN": 41403215, "MAIN_RIV": 41399660, "LENGTH_KM": 2.46, "DIST_DN_KM": 138.7, "DIST_UP_KM": 5.1, "CATCH_SKM": 7.4499998, "UPLAND_SKM": 7.4, "ENDORHEIC": 0, "DIS_AV_CMS": 0.174, "ORD_STRA": 1, "ORD_CLAS": 5, "ORD_FLOW": 7, "HYBAS_L12": 4121157610.0, "Shape_Length": 0.022201779686454849 }, "geometry": { "type": "Polygon", "coordinates": [ ] } },
{ "type": "Feature", "properties": { "HYRIV_ID": 41403288, "NEXT_DOWN": 41403262, "MAIN_RIV": 41399660, "LENGTH_KM": 3.01, "DIST_DN_KM": 162.3, "DIST_UP_KM": 5.1, "CATCH_SKM": 16.6, "UPLAND_SKM": 16.6, "ENDORHEIC": 0, "DIS_AV_CMS": 0.403, "ORD_STRA": 1, "ORD_CLAS": 4, "ORD_FLOW": 7, "HYBAS_L12": 4121157500.0, "Shape_Length": 0.027231391274705023 }, "geometry": { "type": "Polygon", "coordinates": [ ] } },
{ "type": "Feature", "properties": { "HYRIV_ID": 41403289, "NEXT_DOWN": 41403262, "MAIN_RIV": 41399660, "LENGTH_KM": 1.16, "DIST_DN_KM": 162.3, "DIST_UP_KM": 4.1, "CATCH_SKM": 5.96, "UPLAND_SKM": 6.0, "ENDORHEIC": 0, "DIS_AV_CMS": 0.146, "ORD_STRA": 1, "ORD_CLAS": 5, "ORD_FLOW": 7, "HYBAS_L12": 4121157500.0, "Shape_Length": 0.010416666666699825 }, "geometry": { "type": "Polygon", "coordinates": [ ] } },
{ "type": "Feature", "properties": { "HYRIV_ID": 41403290, "NEXT_DOWN": 41403291, "MAIN_RIV": 41399660, "LENGTH_KM": 2.98, "DIST_DN_KM": 133.0, "DIST_UP_KM": 5.2, "CATCH_SKM": 9.5699997, "UPLAND_SKM": 9.6, "ENDORHEIC": 0, "DIS_AV_CMS": 0.227, "ORD_STRA": 1, "ORD_CLAS": 2, "ORD_FLOW": 7, "HYBAS_L12": 4121157620.0, "Shape_Length": 0.02708333333345081 }, "geometry": { "type": "Polygon", "coordinates": [ ] } },
{ "type": "Feature", "properties": { "HYRIV_ID": 41403291, "NEXT_DOWN": 41403135, "MAIN_RIV": 41399660, "LENGTH_KM": 4.8200002, "DIST_DN_KM": 128.2, "DIST_UP_KM": 201.89999, "CATCH_SKM": 17.02, "UPLAND_SKM": 4722.0, "ENDORHEIC": 0, "DIS_AV_CMS": 140.258, "ORD_STRA": 5, "ORD_CLAS": 1, "ORD_FLOW": 4, "HYBAS_L12": 4121157620.0, "Shape_Length": 0.043392556509810679 }, "geometry": { "type": "Polygon", "coordinates": [ ] } },
{ "type": "Feature", "properties": { "HYRIV_ID": 41403307, "NEXT_DOWN": 41403269, "MAIN_RIV": 41399660, "LENGTH_KM": 3.01, "DIST_DN_KM": 176.8, "DIST_UP_KM": 5.6, "CATCH_SKM": 12.34, "UPLAND_SKM": 12.3, "ENDORHEIC": 0, "DIS_AV_CMS": 0.301, "ORD_STRA": 1, "ORD_CLAS": 3, "ORD_FLOW": 7, "HYBAS_L12": 4121157670.0, "Shape_Length": 0.027231391274664826 }, "geometry": { "type": "Polygon", "coordinates": [ ] } },
{ "type": "Feature", "properties": { "HYRIV_ID": 41403344, "NEXT_DOWN": 41403345, "MAIN_RIV": 41399660, "LENGTH_KM": 2.07, "DIST_DN_KM": 134.39999, "DIST_UP_KM": 4.5, "CATCH_SKM": 8.5100002, "UPLAND_SKM": 8.5, "ENDORHEIC": 0, "DIS_AV_CMS": 0.203, "ORD_STRA": 1, "ORD_CLAS": 2, "ORD_FLOW": 7, "HYBAS_L12": 4121157620.0, "Shape_Length": 0.018750000000125056 }, "geometry": { "type": "Polygon", "coordinates": [ ] } },
{ "type": "Feature", "properties": { "HYRIV_ID": 41403345, "NEXT_DOWN": 41403291, "MAIN_RIV": 41399660, "LENGTH_KM": 1.39, "DIST_DN_KM": 133.0, "DIST_UP_KM": 197.0, "CATCH_SKM": 2.34, "UPLAND_SKM": 4695.3999, "ENDORHEIC": 0, "DIS_AV_CMS": 139.71001, "ORD_STRA": 5, "ORD_CLAS": 1, "ORD_FLOW": 4, "HYBAS_L12": 4121157620.0, "Shape_Length": 0.01249999999997442 }, "geometry": { "type": "Polygon", "coordinates": [ ] } },
{ "type": "Feature", "properties": { "HYRIV_ID": 41403346, "NEXT_DOWN": 41403166, "MAIN_RIV": 41399660, "LENGTH_KM": 5.6599998, "DIST_DN_KM": 132.0, "DIST_UP_KM": 56.200001, "CATCH_SKM": 16.17, "UPLAND_SKM": 364.39999, "ENDORHEIC": 0, "DIS_AV_CMS": 8.7629995, "ORD_STRA": 3, "ORD_CLAS": 2, "ORD_FLOW": 6, "HYBAS_L12": 4121157610.0, "Shape_Length": 0.051011002863008484 }, "geometry": { "type": "Polygon", "coordinates": [ ] } },
{ "type": "Feature", "properties": { "HYRIV_ID": 41403363, "NEXT_DOWN": 41403345, "MAIN_RIV": 41399660, "LENGTH_KM": 0.46, "DIST_DN_KM": 134.39999, "DIST_UP_KM": 195.60001, "CATCH_SKM": 0.64, "UPLAND_SKM": 4684.6001, "ENDORHEIC": 0, "DIS_AV_CMS": 139.474, "ORD_STRA": 5, "ORD_CLAS": 1, "ORD_FLOW": 4, "HYBAS_L12": 4121157620.0, "Shape_Length": 0.0041666666666912988 }, "geometry": { "type": "Polygon", "coordinates": [ ] } },
{ "type": "Feature", "properties": { "HYRIV_ID": 41403364, "NEXT_DOWN": 41403363, "MAIN_RIV": 41399660, "LENGTH_KM": 2.07, "DIST_DN_KM": 134.89999, "DIST_UP_KM": 4.3, "CATCH_SKM": 8.7200003, "UPLAND_SKM": 8.7, "ENDORHEIC": 0, "DIS_AV_CMS": 0.207, "ORD_STRA": 1, "ORD_CLAS": 2, "ORD_FLOW": 7, "HYBAS_L12": 4121157620.0, "Shape_Length": 0.018749999999897682 }, "geometry": { "type": "Polygon", "coordinates": [ ] } },
{ "type": "Feature", "properties": { "HYRIV_ID": 41403384, "NEXT_DOWN": 41403182, "MAIN_RIV": 41399660, "LENGTH_KM": 7.9200001, "DIST_DN_KM": 148.3, "DIST_UP_KM": 10.9, "CATCH_SKM": 25.959999, "UPLAND_SKM": 26.0, "ENDORHEIC": 0, "DIS_AV_CMS": 0.62400001, "ORD_STRA": 1, "ORD_CLAS": 4, "ORD_FLOW": 7, "HYBAS_L12": 4121157270.0, "Shape_Length": 0.071486892706255148 }, "geometry": { "type": "Polygon", "coordinates": [ ] } },
{ "type": "Feature", "properties": { "HYRIV_ID": 41403404, "NEXT_DOWN": 41403246, "MAIN_RIV": 41399660, "LENGTH_KM": 4.7399998, "DIST_DN_KM": 150.89999, "DIST_UP_KM": 21.8, "CATCH_SKM": 8.7200003, "UPLAND_SKM": 136.39999, "ENDORHEIC": 0, "DIS_AV_CMS": 3.4130001, "ORD_STRA": 3, "ORD_CLAS": 3, "ORD_FLOW": 6, "HYBAS_L12": 4121601480.0, "Shape_Length": 0.042677669529832443 }, "geometry": { "type": "Polygon", "coordinates": [ ] } },
{ "type": "Feature", "properties": { "HYRIV_ID": 41403405, "NEXT_DOWN": 41403346, "MAIN_RIV": 41399660, "LENGTH_KM": 5.14, "DIST_DN_KM": 137.7, "DIST_UP_KM": 8.8, "CATCH_SKM": 16.17, "UPLAND_SKM": 16.200001, "ENDORHEIC": 0, "DIS_AV_CMS": 0.38, "ORD_STRA": 1, "ORD_CLAS": 3, "ORD_FLOW": 7, "HYBAS_L12": 4121157610.0, "Shape_Length": 0.046486892706207837 }, "geometry": { "type": "Polygon", "coordinates": [ ] } },
{ "type": "Feature", "properties": { "HYRIV_ID": 41403419, "NEXT_DOWN": 41403404, "MAIN_RIV": 41399660, "LENGTH_KM": 0.65, "DIST_DN_KM": 155.60001, "DIST_UP_KM": 10.6, "CATCH_SKM": 0.43, "UPLAND_SKM": 50.700001, "ENDORHEIC": 0, "DIS_AV_CMS": 1.261, "ORD_STRA": 2, "ORD_CLAS": 4, "ORD_FLOW": 6, "HYBAS_L12": 4121601480.0, "Shape_Length": 0.0058925565100031198 }, "geometry": { "type": "Polygon", "coordinates": [ ] } },
{ "type": "Feature", "properties": { "HYRIV_ID": 41403433, "NEXT_DOWN": 41403269, "MAIN_RIV": 41399660, "LENGTH_KM": 4.5500002, "DIST_DN_KM": 176.8, "DIST_UP_KM": 29.3, "CATCH_SKM": 7.87, "UPLAND_SKM": 175.0, "ENDORHEIC": 0, "DIS_AV_CMS": 4.5879998, "ORD_STRA": 3, "ORD_CLAS": 2, "ORD_FLOW": 6, "HYBAS_L12": 4121157670.0, "Shape_Length": 0.040951779686396891 }, "geometry": { "type": "Polygon", "coordinates": [ ] } },
{ "type": "Feature", "properties": { "HYRIV_ID": 41403434, "NEXT_DOWN": 41403476, "MAIN_RIV": 41399660, "LENGTH_KM": 4.1300001, "DIST_DN_KM": 144.60001, "DIST_UP_KM": 7.5, "CATCH_SKM": 15.32, "UPLAND_SKM": 15.3, "ENDORHEIC": 0, "DIS_AV_CMS": 0.368, "ORD_STRA": 1, "ORD_CLAS": 3, "ORD_FLOW": 7, "HYBAS_L12": 4121157620.0, "Shape_Length": 0.037290614451323215 }, "geometry": { "type": "Polygon", "coordinates": [ ] } },
{ "type": "Feature", "properties": { "HYRIV_ID": 41403448, "NEXT_DOWN": 41403433, "MAIN_RIV": 41399660, "LENGTH_KM": 1.99, "DIST_DN_KM": 181.5, "DIST_UP_KM": 4.7, "CATCH_SKM": 10.21, "UPLAND_SKM": 10.2, "ENDORHEIC": 0, "DIS_AV_CMS": 0.255, "ORD_STRA": 1, "ORD_CLAS": 3, "ORD_FLOW": 7, "HYBAS_L12": 4121157670.0, "Shape_Length": 0.018035113019791257 }, "geometry": { "type": "Polygon", "coordinates": [ ] } },
{ "type": "Feature", "properties": { "HYRIV_ID": 41403460, "NEXT_DOWN": 41403473, "MAIN_RIV": 41399660, "LENGTH_KM": 2.08, "DIST_DN_KM": 183.3, "DIST_UP_KM": 5.7, "CATCH_SKM": 7.6599998, "UPLAND_SKM": 7.7, "ENDORHEIC": 0, "DIS_AV_CMS": 0.189, "ORD_STRA": 1, "ORD_CLAS": 5, "ORD_FLOW": 7, "HYBAS_L12": 4121157680.0, "Shape_Length": 0.018750000000011369 }, "geometry": { "type": "Polygon", "coordinates": [ ] } },
{ "type": "Feature", "properties": { "HYRIV_ID": 41403472, "NEXT_DOWN": 41403245, "MAIN_RIV": 41399660, "LENGTH_KM": 7.62, "DIST_DN_KM": 175.2, "DIST_UP_KM": 17.9, "CATCH_SKM": 15.11, "UPLAND_SKM": 100.0, "ENDORHEIC": 0, "DIS_AV_CMS": 2.5239999, "ORD_STRA": 3, "ORD_CLAS": 3, "ORD_FLOW": 6, "HYBAS_L12": 4121157680.0, "Shape_Length": 0.068688672392759026 }, "geometry": { "type": "Polygon", "coordinates": [ ] } },
{ "type": "Feature", "properties": { "HYRIV_ID": 41403473, "NEXT_DOWN": 41403472, "MAIN_RIV": 41399660, "LENGTH_KM": 0.65, "DIST_DN_KM": 182.8, "DIST_UP_KM": 9.1, "CATCH_SKM": 0.21, "UPLAND_SKM": 54.5, "ENDORHEIC": 0, "DIS_AV_CMS": 1.368, "ORD_STRA": 2, "ORD_CLAS": 4, "ORD_FLOW": 6, "HYBAS_L12": 4121157680.0, "Shape_Length": 0.0058925565098724882 }, "geometry": { "type": "Polygon", "coordinates": [ ] } },
{ "type": "Feature", "properties": { "HYRIV_ID": 41403474, "NEXT_DOWN": 41403473, "MAIN_RIV": 41399660, "LENGTH_KM": 1.11, "DIST_DN_KM": 183.3, "DIST_UP_KM": 8.6, "CATCH_SKM": 4.4699998, "UPLAND_SKM": 46.599998, "ENDORHEIC": 0, "DIS_AV_CMS": 1.174, "ORD_STRA": 2, "ORD_CLAS": 4, "ORD_FLOW": 6, "HYBAS_L12": 4121157680.0, "Shape_Length": 0.010059223176575559 }, "geometry": { "type": "Polygon", "coordinates": [ ] } },
{ "type": "Feature", "properties": { "HYRIV_ID": 41403475, "NEXT_DOWN": 41403474, "MAIN_RIV": 41399660, "LENGTH_KM": 3.37, "DIST_DN_KM": 184.39999, "DIST_UP_KM": 5.4, "CATCH_SKM": 12.13, "UPLAND_SKM": 12.1, "ENDORHEIC": 0, "DIS_AV_CMS": 0.302, "ORD_STRA": 1, "ORD_CLAS": 5, "ORD_FLOW": 7, "HYBAS_L12": 4121157680.0, "Shape_Length": 0.030535113019642957 }, "geometry": { "type": "Polygon", "coordinates": [ ] } },
{ "type": "Feature", "properties": { "HYRIV_ID": 41403476, "NEXT_DOWN": 41403477, "MAIN_RIV": 41399660, "LENGTH_KM": 6.48, "DIST_DN_KM": 138.10001, "DIST_UP_KM": 14.0, "CATCH_SKM": 14.68, "UPLAND_SKM": 54.099998, "ENDORHEIC": 0, "DIS_AV_CMS": 1.312, "ORD_STRA": 2, "ORD_CLAS": 2, "ORD_FLOW": 6, "HYBAS_L12": 4121157620.0, "Shape_Length": 0.058629449216169957 }, "geometry": { "type": "Polygon", "coordinates": [ ] } },
{ "type": "Feature", "properties": { "HYRIV_ID": 41403477, "NEXT_DOWN": 41403363, "MAIN_RIV": 41399660, "LENGTH_KM": 3.24, "DIST_DN_KM": 134.89999, "DIST_UP_KM": 195.2, "CATCH_SKM": 8.9399996, "UPLAND_SKM": 4675.2002, "ENDORHEIC": 0, "DIS_AV_CMS": 139.25999, "ORD_STRA": 5, "ORD_CLAS": 1, "ORD_FLOW": 4, "HYBAS_L12": 4121157620.0, "Shape_Length": 0.029166666666654351 }, "geometry": { "type": "Polygon", "coordinates": [ ] } },
{ "type": "Feature", "properties": { "HYRIV_ID": 41403489, "NEXT_DOWN": 41403433, "MAIN_RIV": 41399660, "LENGTH_KM": 2.23, "DIST_DN_KM": 181.5, "DIST_UP_KM": 24.5, "CATCH_SKM": 2.77, "UPLAND_SKM": 156.89999, "ENDORHEIC": 0, "DIS_AV_CMS": 4.14, "ORD_STRA": 3, "ORD_CLAS": 2, "ORD_FLOW": 6, "HYBAS_L12": 4121157670.0, "Shape_Length": 0.020118446353110924 }, "geometry": { "type": "Polygon", "coordinates": [ ] } },
{ "type": "Feature", "properties": { "HYRIV_ID": 41403490, "NEXT_DOWN": 41403419, "MAIN_RIV": 41399660, "LENGTH_KM": 2.6900001, "DIST_DN_KM": 156.10001, "DIST_UP_KM": 10.1, "CATCH_SKM": 6.81, "UPLAND_SKM": 31.1, "ENDORHEIC": 0, "DIS_AV_CMS": 0.77600002, "ORD_STRA": 2, "ORD_CLAS": 4, "ORD_FLOW": 7, "HYBAS_L12": 4121601480.0, "Shape_Length": 0.02428511301969169 }, "geometry": { "type": "Polygon", "coordinates": [ ] } },
{ "type": "Feature", "properties": { "HYRIV_ID": 41403491, "NEXT_DOWN": 41403476, "MAIN_RIV": 41399660, "LENGTH_KM": 3.77, "DIST_DN_KM": 144.8, "DIST_UP_KM": 7.3, "CATCH_SKM": 24.049999, "UPLAND_SKM": 24.0, "ENDORHEIC": 0, "DIS_AV_CMS": 0.589, "ORD_STRA": 1, "ORD_CLAS": 2, "ORD_FLOW": 7, "HYBAS_L12": 4121157620.0, "Shape_Length": 0.03398689270630792 }, "geometry": { "type": "Polygon", "coordinates": [ ] } },
{ "type": "Feature", "properties": { "HYRIV_ID": 41403492, "NEXT_DOWN": 41403477, "MAIN_RIV": 41399660, "LENGTH_KM": 0.46, "DIST_DN_KM": 138.10001, "DIST_UP_KM": 191.89999, "CATCH_SKM": 0.43, "UPLAND_SKM": 4612.2002, "ENDORHEIC": 0, "DIS_AV_CMS": 137.789, "ORD_STRA": 5, "ORD_CLAS": 1, "ORD_FLOW": 4, "HYBAS_L12": 4121157620.0, "Shape_Length": 0.0041666666666628771 }, "geometry": { "type": "Polygon", "coordinates": [ ] } },
{ "type": "Feature", "properties": { "HYRIV_ID": 41403493, "NEXT_DOWN": 41403507, "MAIN_RIV": 41399660, "LENGTH_KM": 0.69, "DIST_DN_KM": 140.8, "DIST_UP_KM": 3.3, "CATCH_SKM": 5.5300002, "UPLAND_SKM": 5.5, "ENDORHEIC": 0, "DIS_AV_CMS": 0.132, "ORD_STRA": 1, "ORD_CLAS": 3, "ORD_FLOW": 7, "HYBAS_L12": 4121157620.0, "Shape_Length": 0.0062500000000795808 }, "geometry": { "type": "Polygon", "coordinates": [ ] } },
{ "type": "Feature", "properties": { "HYRIV_ID": 41403505, "NEXT_DOWN": 41403212, "MAIN_RIV": 41399660, "LENGTH_KM": 8.9499998, "DIST_DN_KM": 180.39999, "DIST_UP_KM": 11.7, "CATCH_SKM": 38.09, "UPLAND_SKM": 38.099998, "ENDORHEIC": 0, "DIS_AV_CMS": 0.949, "ORD_STRA": 1, "ORD_CLAS": 3, "ORD_FLOW": 7, "HYBAS_L12": 4121157510.0, "Shape_Length": 0.080535113019736856 }, "geometry": { "type": "Polygon", "coordinates": [ ] } },
{ "type": "Feature", "properties": { "HYRIV_ID": 41403506, "NEXT_DOWN": 41403474, "MAIN_RIV": 41399660, "LENGTH_KM": 1.12, "DIST_DN_KM": 184.39999, "DIST_UP_KM": 7.5, "CATCH_SKM": 1.7, "UPLAND_SKM": 30.0, "ENDORHEIC": 0, "DIS_AV_CMS": 0.76099998, "ORD_STRA": 2, "ORD_CLAS": 4, "ORD_FLOW": 7, "HYBAS_L12": 4121157680.0, "Shape_Length": 0.010059223176545413 }, "geometry": { "type": "Polygon", "coordinates": [ ] } },
{ "type": "Feature", "properties": { "HYRIV_ID": 41403507, "NEXT_DOWN": 41403492, "MAIN_RIV": 41399660, "LENGTH_KM": 2.22, "DIST_DN_KM": 138.60001, "DIST_UP_KM": 10.0, "CATCH_SKM": 3.1900001, "UPLAND_SKM": 28.1, "ENDORHEIC": 0, "DIS_AV_CMS": 0.67799997, "ORD_STRA": 2, "ORD_CLAS": 2, "ORD_FLOW": 7, "HYBAS_L12": 4121157620.0, "Shape_Length": 0.020118446352977139 }, "geometry": { "type": "Polygon", "coordinates": [ ] } },
{ "type": "Feature", "properties": { "HYRIV_ID": 41403508, "NEXT_DOWN": 41403560, "MAIN_RIV": 41399660, "LENGTH_KM": 1.81, "DIST_DN_KM": 150.5, "DIST_UP_KM": 4.7, "CATCH_SKM": 6.81, "UPLAND_SKM": 6.8, "ENDORHEIC": 0, "DIS_AV_CMS": 0.16, "ORD_STRA": 1, "ORD_CLAS": 3, "ORD_FLOW": 7, "HYBAS_L12": 4121601560.0, "Shape_Length": 0.016309223176525518 }, "geometry": { "type": "Polygon", "coordinates": [ ] } },
{ "type": "Feature", "properties": { "HYRIV_ID": 41403509, "NEXT_DOWN": 41403560, "MAIN_RIV": 41399660, "LENGTH_KM": 1.61, "DIST_DN_KM": 150.5, "DIST_UP_KM": 4.6, "CATCH_SKM": 15.54, "UPLAND_SKM": 15.5, "ENDORHEIC": 0, "DIS_AV_CMS": 0.366, "ORD_STRA": 1, "ORD_CLAS": 4, "ORD_FLOW": 7, "HYBAS_L12": 4121601560.0, "Shape_Length": 0.014583333333291648 }, "geometry": { "type": "Polygon", "coordinates": [ ] } },
{ "type": "Feature", "properties": { "HYRIV_ID": 41403516, "NEXT_DOWN": 41403517, "MAIN_RIV": 41399660, "LENGTH_KM": 0.69, "DIST_DN_KM": 184.8, "DIST_UP_KM": 4.3, "CATCH_SKM": 8.0900002, "UPLAND_SKM": 8.1, "ENDORHEIC": 0, "DIS_AV_CMS": 0.206, "ORD_STRA": 1, "ORD_CLAS": 3, "ORD_FLOW": 7, "HYBAS_L12": 4121157670.0, "Shape_Length": 0.0062499999999658939 }, "geometry": { "type": "Polygon", "coordinates": [ ] } },
{ "type": "Feature", "properties": { "HYRIV_ID": 41403517, "NEXT_DOWN": 41403489, "MAIN_RIV": 41399660, "LENGTH_KM": 1.3, "DIST_DN_KM": 183.7, "DIST_UP_KM": 22.3, "CATCH_SKM": 2.55, "UPLAND_SKM": 147.7, "ENDORHEIC": 0, "DIS_AV_CMS": 3.9089999, "ORD_STRA": 3, "ORD_CLAS": 2, "ORD_FLOW": 6, "HYBAS_L12": 4121157670.0, "Shape_Length": 0.011785113019755026 }, "geometry": { "type": "Polygon", "coordinates": [ ] } },
{ "type": "Feature", "properties": { "HYRIV_ID": 41403518, "NEXT_DOWN": 41403506, "MAIN_RIV": 41399660, "LENGTH_KM": 3.1800001, "DIST_DN_KM": 185.7, "DIST_UP_KM": 5.9, "CATCH_SKM": 13.2, "UPLAND_SKM": 13.2, "ENDORHEIC": 0, "DIS_AV_CMS": 0.333, "ORD_STRA": 1, "ORD_CLAS": 5, "ORD_FLOW": 7, "HYBAS_L12": 4121157680.0, "Shape_Length": 0.028809223176523187 }, "geometry": { "type": "Polygon", "coordinates": [ ] } },
{ "type": "Feature", "properties": { "HYRIV_ID": 41403519, "NEXT_DOWN": 41403520, "MAIN_RIV": 41399660, "LENGTH_KM": 3.4400001, "DIST_DN_KM": 139.5, "DIST_UP_KM": 5.9, "CATCH_SKM": 9.1499996, "UPLAND_SKM": 9.2, "ENDORHEIC": 0, "DIS_AV_CMS": 0.223, "ORD_STRA": 1, "ORD_CLAS": 2, "ORD_FLOW": 7, "HYBAS_L12": 4121157620.0, "Shape_Length": 0.031250000000113687 }, "geometry": { "type": "Polygon", "coordinates": [ ] } },
{ "type": "Feature", "properties": { "HYRIV_ID": 41403520, "NEXT_DOWN": 41403492, "MAIN_RIV": 41399660, "LENGTH_KM": 0.93, "DIST_DN_KM": 138.60001, "DIST_UP_KM": 191.5, "CATCH_SKM": 1.06, "UPLAND_SKM": 4583.7002, "ENDORHEIC": 0, "DIS_AV_CMS": 137.108, "ORD_STRA": 5, "ORD_CLAS": 1, "ORD_FLOW": 4, "HYBAS_L12": 4121157620.0, "Shape_Length": 0.0083333333333115434 }, "geometry": { "type": "Polygon", "coordinates": [ ] } },
{ "type": "Feature", "properties": { "HYRIV_ID": 41403541, "NEXT_DOWN": 41403489, "MAIN_RIV": 41399660, "LENGTH_KM": 1.81, "DIST_DN_KM": 183.7, "DIST_UP_KM": 5.0, "CATCH_SKM": 6.3800001, "UPLAND_SKM": 6.4, "ENDORHEIC": 0, "DIS_AV_CMS": 0.163, "ORD_STRA": 1, "ORD_CLAS": 3, "ORD_FLOW": 7, "HYBAS_L12": 4121157670.0, "Shape_Length": 0.01630922317656815 }, "geometry": { "type": "Polygon", "coordinates": [ ] } },
{ "type": "Feature", "properties": { "HYRIV_ID": 41403558, "NEXT_DOWN": 41403419, "MAIN_RIV": 41399660, "LENGTH_KM": 6.0, "DIST_DN_KM": 156.3, "DIST_UP_KM": 9.1, "CATCH_SKM": 19.15, "UPLAND_SKM": 19.200001, "ENDORHEIC": 0, "DIS_AV_CMS": 0.47400001, "ORD_STRA": 1, "ORD_CLAS": 5, "ORD_FLOW": 7, "HYBAS_L12": 4121601480.0, "Shape_Length": 0.054105339059240407 }, "geometry": { "type": "Polygon", "coordinates": [ ] } },
{ "type": "Feature", "properties": { "HYRIV_ID": 41403559, "NEXT_DOWN": 41403346, "MAIN_RIV": 41399660, "LENGTH_KM": 6.9699998, "DIST_DN_KM": 137.5, "DIST_UP_KM": 50.700001, "CATCH_SKM": 20.219999, "UPLAND_SKM": 332.10001, "ENDORHEIC": 0, "DIS_AV_CMS": 8.0349998, "ORD_STRA": 3, "ORD_CLAS": 2, "ORD_FLOW": 6, "HYBAS_L12": 4121157610.0, "Shape_Length": 0.062796115882770107 }, "geometry": { "type": "Polygon", "coordinates": [ ] } },
{ "type": "Feature", "properties": { "HYRIV_ID": 41403560, "NEXT_DOWN": 41403559, "MAIN_RIV": 41399660, "LENGTH_KM": 6.0900002, "DIST_DN_KM": 144.39999, "DIST_UP_KM": 10.7, "CATCH_SKM": 20.43, "UPLAND_SKM": 42.8, "ENDORHEIC": 0, "DIS_AV_CMS": 1.008, "ORD_STRA": 2, "ORD_CLAS": 3, "ORD_FLOW": 6, "HYBAS_L12": 4121601560.0, "Shape_Length": 0.055177669529730633 }, "geometry": { "type": "Polygon", "coordinates": [ ] } },
{ "type": "Feature", "properties": { "HYRIV_ID": 41403576, "NEXT_DOWN": 41403472, "MAIN_RIV": 41399660, "LENGTH_KM": 2.97, "DIST_DN_KM": 182.60001, "DIST_UP_KM": 10.5, "CATCH_SKM": 6.81, "UPLAND_SKM": 30.4, "ENDORHEIC": 0, "DIS_AV_CMS": 0.783, "ORD_STRA": 2, "ORD_CLAS": 3, "ORD_FLOW": 7, "HYBAS_L12": 4121157680.0, "Shape_Length": 0.026725889843211132 }, "geometry": { "type": "Polygon", "coordinates": [ ] } },
{ "type": "Feature", "properties": { "HYRIV_ID": 41403577, "NEXT_DOWN": 41403490, "MAIN_RIV": 41399660, "LENGTH_KM": 4.3200002, "DIST_DN_KM": 159.0, "DIST_UP_KM": 6.5, "CATCH_SKM": 10.43, "UPLAND_SKM": 10.4, "ENDORHEIC": 0, "DIS_AV_CMS": 0.26100001, "ORD_STRA": 1, "ORD_CLAS": 5, "ORD_FLOW": 7, "HYBAS_L12": 4121601480.0, "Shape_Length": 0.039016504294569272 }, "geometry": { "type": "Polygon", "coordinates": [ ] } },
{ "type": "Feature", "properties": { "HYRIV_ID": 41403583, "NEXT_DOWN": 41403506, "MAIN_RIV": 41399660, "LENGTH_KM": 3.3800001, "DIST_DN_KM": 185.5, "DIST_UP_KM": 6.4, "CATCH_SKM": 15.11, "UPLAND_SKM": 15.1, "ENDORHEIC": 0, "DIS_AV_CMS": 0.38600001, "ORD_STRA": 1, "ORD_CLAS": 4, "ORD_FLOW": 7, "HYBAS_L12": 4121157680.0, "Shape_Length": 0.030535113019711277 }, "geometry": { "type": "Polygon", "coordinates": [ ] } },
{ "type": "Feature", "properties": { "HYRIV_ID": 41403595, "NEXT_DOWN": 41403520, "MAIN_RIV": 41399660, "LENGTH_KM": 2.32, "DIST_DN_KM": 139.5, "DIST_UP_KM": 190.60001, "CATCH_SKM": 6.81, "UPLAND_SKM": 4573.5, "ENDORHEIC": 0, "DIS_AV_CMS": 136.87399, "ORD_STRA": 5, "ORD_CLAS": 1, "ORD_FLOW": 4, "HYBAS_L12": 4121157620.0, "Shape_Length": 0.02083333333338544 }, "geometry": { "type": "Polygon", "coordinates": [ ] } },
{ "type": "Feature", "properties": { "HYRIV_ID": 41403596, "NEXT_DOWN": 41403507, "MAIN_RIV": 41399660, "LENGTH_KM": 4.23, "DIST_DN_KM": 141.0, "DIST_UP_KM": 7.5, "CATCH_SKM": 19.370001, "UPLAND_SKM": 19.4, "ENDORHEIC": 0, "DIS_AV_CMS": 0.46900001, "ORD_STRA": 1, "ORD_CLAS": 2, "ORD_FLOW": 7, "HYBAS_L12": 4121157620.0, "Shape_Length": 0.038153559372839457 }, "geometry": { "type": "Polygon", "coordinates": [ ] } },
{ "type": "Feature", "properties": { "HYRIV_ID": 41403611, "NEXT_DOWN": 41403165, "MAIN_RIV": 41399660, "LENGTH_KM": 16.59, "DIST_DN_KM": 157.2, "DIST_UP_KM": 19.0, "CATCH_SKM": 44.900002, "UPLAND_SKM": 44.900002, "ENDORHEIC": 0, "DIS_AV_CMS": 1.1109999, "ORD_STRA": 1, "ORD_CLAS": 3, "ORD_FLOW": 6, "HYBAS_L12": 4121157500.0, "Shape_Length": 0.14966795923671156 }, "geometry": { "type": "Polygon", "coordinates": [ ] } },
{ "type": "Feature", "properties": { "HYRIV_ID": 41403612, "NEXT_DOWN": 41403490, "MAIN_RIV": 41399660, "LENGTH_KM": 4.3200002, "DIST_DN_KM": 158.8, "DIST_UP_KM": 7.4, "CATCH_SKM": 13.83, "UPLAND_SKM": 13.8, "ENDORHEIC": 0, "DIS_AV_CMS": 0.347, "ORD_STRA": 1, "ORD_CLAS": 4, "ORD_FLOW": 7, "HYBAS_L12": 4121601480.0, "Shape_Length": 0.038868446353011045 }, "geometry": { "type": "Polygon", "coordinates": [ ] } },
{ "type": "Feature", "properties": { "HYRIV_ID": 41403629, "NEXT_DOWN": 41403404, "MAIN_RIV": 41399660, "LENGTH_KM": 10.57, "DIST_DN_KM": 155.39999, "DIST_UP_KM": 17.3, "CATCH_SKM": 45.540001, "UPLAND_SKM": 77.0, "ENDORHEIC": 0, "DIS_AV_CMS": 1.942, "ORD_STRA": 2, "ORD_CLAS": 3, "ORD_FLOW": 6, "HYBAS_L12": 4121601480.0, "Shape_Length": 0.095414562235818706 }, "geometry": { "type": "Polygon", "coordinates": [ ] } },
{ "type": "Feature", "properties": { "HYRIV_ID": 41403640, "NEXT_DOWN": 41403517, "MAIN_RIV": 41399660, "LENGTH_KM": 3.71, "DIST_DN_KM": 184.8, "DIST_UP_KM": 21.200001, "CATCH_SKM": 8.3, "UPLAND_SKM": 137.10001, "ENDORHEIC": 0, "DIS_AV_CMS": 3.6389999, "ORD_STRA": 3, "ORD_CLAS": 2, "ORD_FLOW": 6, "HYBAS_L12": 4121157670.0, "Shape_Length": 0.03333333333335986 }, "geometry": { "type": "Polygon", "coordinates": [ ] } },
{ "type": "Feature", "properties": { "HYRIV_ID": 41403641, "NEXT_DOWN": 41403559, "MAIN_RIV": 41399660, "LENGTH_KM": 2.97, "DIST_DN_KM": 144.39999, "DIST_UP_KM": 43.700001, "CATCH_SKM": 8.7299995, "UPLAND_SKM": 269.10001, "ENDORHEIC": 0, "DIS_AV_CMS": 6.5770001, "ORD_STRA": 2, "ORD_CLAS": 2, "ORD_FLOW": 6, "HYBAS_L12": 4121601560.0, "Shape_Length": 0.026725889843211132 }, "geometry": { "type": "Polygon", "coordinates": [ ] } },
{ "type": "Feature", "properties": { "HYRIV_ID": 41403650, "NEXT_DOWN": 41403576, "MAIN_RIV": 41399660, "LENGTH_KM": 3.75, "DIST_DN_KM": 185.60001, "DIST_UP_KM": 7.2, "CATCH_SKM": 8.7299995, "UPLAND_SKM": 8.7, "ENDORHEIC": 0, "DIS_AV_CMS": 0.226, "ORD_STRA": 1, "ORD_CLAS": 4, "ORD_FLOW": 7, "HYBAS_L12": 4121157680.0, "Shape_Length": 0.03383883476475915 }, "geometry": { "type": "Polygon", "coordinates": [ ] } },
{ "type": "Feature", "properties": { "HYRIV_ID": 41403651, "NEXT_DOWN": 41403641, "MAIN_RIV": 41399660, "LENGTH_KM": 1.5700001, "DIST_DN_KM": 147.39999, "DIST_UP_KM": 40.8, "CATCH_SKM": 3.1900001, "UPLAND_SKM": 253.3, "ENDORHEIC": 0, "DIS_AV_CMS": 6.1989999, "ORD_STRA": 2, "ORD_CLAS": 2, "ORD_FLOW": 6, "HYBAS_L12": 4121601560.0, "Shape_Length": 0.014225889843238436 }, "geometry": { "type": "Polygon", "coordinates": [ ] } },
{ "type": "Feature", "properties": { "HYRIV_ID": 41403652, "NEXT_DOWN": 41403651, "MAIN_RIV": 41399660, "LENGTH_KM": 2.28, "DIST_DN_KM": 149.2, "DIST_UP_KM": 6.0, "CATCH_SKM": 9.79, "UPLAND_SKM": 9.8, "ENDORHEIC": 0, "DIS_AV_CMS": 0.234, "ORD_STRA": 1, "ORD_CLAS": 3, "ORD_FLOW": 7, "HYBAS_L12": 4121601560.0, "Shape_Length": 0.020623947784578833 }, "geometry": { "type": "Polygon", "coordinates": [ ] } },
{ "type": "Feature", "properties": { "HYRIV_ID": 41403666, "NEXT_DOWN": 41403629, "MAIN_RIV": 41399660, "LENGTH_KM": 3.01, "DIST_DN_KM": 166.0, "DIST_UP_KM": 5.3, "CATCH_SKM": 11.71, "UPLAND_SKM": 11.7, "ENDORHEIC": 0, "DIS_AV_CMS": 0.3, "ORD_STRA": 1, "ORD_CLAS": 4, "ORD_FLOW": 7, "HYBAS_L12": 4121601480.0, "Shape_Length": 0.027231391274650615 }, "geometry": { "type": "Polygon", "coordinates": [ ] } },
{ "type": "Feature", "properties": { "HYRIV_ID": 41403685, "NEXT_DOWN": 41403576, "MAIN_RIV": 41399660, "LENGTH_KM": 4.79, "DIST_DN_KM": 185.8, "DIST_UP_KM": 7.3, "CATCH_SKM": 14.9, "UPLAND_SKM": 14.9, "ENDORHEIC": 0, "DIS_AV_CMS": 0.385, "ORD_STRA": 1, "ORD_CLAS": 3, "ORD_FLOW": 7, "HYBAS_L12": 4121157680.0, "Shape_Length": 0.043183170961151346 }, "geometry": { "type": "Polygon", "coordinates": [ ] } },
{ "type": "Feature", "properties": { "HYRIV_ID": 41403686, "NEXT_DOWN": 41403595, "MAIN_RIV": 41399660, "LENGTH_KM": 8.9, "DIST_DN_KM": 141.8, "DIST_UP_KM": 27.6, "CATCH_SKM": 20.639999, "UPLAND_SKM": 133.5, "ENDORHEIC": 0, "DIS_AV_CMS": 3.401, "ORD_STRA": 2, "ORD_CLAS": 2, "ORD_FLOW": 6, "HYBAS_L12": 4121157890.0, "Shape_Length": 0.080473785412569568 }, "geometry": { "type": "Polygon", "coordinates": [ ] } },
{ "type": "Feature", "properties": { "HYRIV_ID": 41403687, "NEXT_DOWN": 41403595, "MAIN_RIV": 41399660, "LENGTH_KM": 2.78, "DIST_DN_KM": 141.8, "DIST_UP_KM": 188.2, "CATCH_SKM": 12.98, "UPLAND_SKM": 4433.2002, "ENDORHEIC": 0, "DIS_AV_CMS": 133.345, "ORD_STRA": 5, "ORD_CLAS": 1, "ORD_FLOW": 4, "HYBAS_L12": 4121157910.0, "Shape_Length": 0.024999999999991473 }, "geometry": { "type": "Polygon", "coordinates": [ ] } },
{ "type": "Feature", "properties": { "HYRIV_ID": 41403688, "NEXT_DOWN": 41403641, "MAIN_RIV": 41399660, "LENGTH_KM": 2.0, "DIST_DN_KM": 147.60001, "DIST_UP_KM": 4.5, "CATCH_SKM": 7.02, "UPLAND_SKM": 7.0, "ENDORHEIC": 0, "DIS_AV_CMS": 0.171, "ORD_STRA": 1, "ORD_CLAS": 3, "ORD_FLOW": 7, "HYBAS_L12": 4121601560.0, "Shape_Length": 0.018035113019779486 }, "geometry": { "type": "Polygon", "coordinates": [ ] } },
{ "type": "Feature", "properties": { "HYRIV_ID": 41403689, "NEXT_DOWN": 41403651, "MAIN_RIV": 41399660, "LENGTH_KM": 1.3, "DIST_DN_KM": 149.2, "DIST_UP_KM": 39.0, "CATCH_SKM": 1.49, "UPLAND_SKM": 240.39999, "ENDORHEIC": 0, "DIS_AV_CMS": 5.8889999, "ORD_STRA": 2, "ORD_CLAS": 2, "ORD_FLOW": 6, "HYBAS_L12": 4121601560.0, "Shape_Length": 0.011785113019795219 }, "geometry": { "type": "Polygon", "coordinates": [ ] } },
{ "type": "Feature", "properties": { "HYRIV_ID": 41403690, "NEXT_DOWN": 41403689, "MAIN_RIV": 41399660, "LENGTH_KM": 5.1100001, "DIST_DN_KM": 150.3, "DIST_UP_KM": 7.2, "CATCH_SKM": 19.16, "UPLAND_SKM": 19.200001, "ENDORHEIC": 0, "DIS_AV_CMS": 0.459, "ORD_STRA": 1, "ORD_CLAS": 3, "ORD_FLOW": 7, "HYBAS_L12": 4121601560.0, "Shape_Length": 0.046338834764873243 }, "geometry": { "type": "Polygon", "coordinates": [ ] } },
{ "type": "Feature", "properties": { "HYRIV_ID": 41403715, "NEXT_DOWN": 41403629, "MAIN_RIV": 41399660, "LENGTH_KM": 3.58, "DIST_DN_KM": 166.0, "DIST_UP_KM": 6.7, "CATCH_SKM": 19.790001, "UPLAND_SKM": 19.8, "ENDORHEIC": 0, "DIS_AV_CMS": 0.509, "ORD_STRA": 1, "ORD_CLAS": 3, "ORD_FLOW": 7, "HYBAS_L12": 4121601480.0, "Shape_Length": 0.032261002863017925 }, "geometry": { "type": "Polygon", "coordinates": [ ] } },
{ "type": "Feature", "properties": { "HYRIV_ID": 41403716, "NEXT_DOWN": 41403689, "MAIN_RIV": 41399660, "LENGTH_KM": 0.93, "DIST_DN_KM": 150.3, "DIST_UP_KM": 37.900002, "CATCH_SKM": 2.34, "UPLAND_SKM": 219.7, "ENDORHEIC": 0, "DIS_AV_CMS": 5.3959999, "ORD_STRA": 2, "ORD_CLAS": 2, "ORD_FLOW": 6, "HYBAS_L12": 4121601560.0, "Shape_Length": 0.0083333333333115434 }, "geometry": { "type": "Polygon", "coordinates": [ ] } },
{ "type": "Feature", "properties": { "HYRIV_ID": 41403734, "NEXT_DOWN": 41403735, "MAIN_RIV": 41399660, "LENGTH_KM": 3.83, "DIST_DN_KM": 191.7, "DIST_UP_KM": 7.0, "CATCH_SKM": 12.35, "UPLAND_SKM": 12.3, "ENDORHEIC": 0, "DIS_AV_CMS": 0.322, "ORD_STRA": 1, "ORD_CLAS": 4, "ORD_FLOW": 7, "HYBAS_L12": 4121157670.0, "Shape_Length": 0.034701779686439317 }, "geometry": { "type": "Polygon", "coordinates": [ ] } },
{ "type": "Feature", "properties": { "HYRIV_ID": 41403735, "NEXT_DOWN": 41403640, "MAIN_RIV": 41399660, "LENGTH_KM": 3.1600001, "DIST_DN_KM": 188.7, "DIST_UP_KM": 10.1, "CATCH_SKM": 9.37, "UPLAND_SKM": 52.8, "ENDORHEIC": 0, "DIS_AV_CMS": 1.3940001, "ORD_STRA": 2, "ORD_CLAS": 3, "ORD_FLOW": 6, "HYBAS_L12": 4121157670.0, "Shape_Length": 0.028451779686439117 }, "geometry": { "type": "Polygon", "coordinates": [ ] } },
{ "type": "Feature", "properties": { "HYRIV_ID": 41403736, "NEXT_DOWN": 41403640, "MAIN_RIV": 41399660, "LENGTH_KM": 3.1600001, "DIST_DN_KM": 188.5, "DIST_UP_KM": 17.5, "CATCH_SKM": 7.6599998, "UPLAND_SKM": 76.0, "ENDORHEIC": 0, "DIS_AV_CMS": 2.033, "ORD_STRA": 3, "ORD_CLAS": 2, "ORD_FLOW": 6, "HYBAS_L12": 4121157670.0, "Shape_Length": 0.028451779686422467 }, "geometry": { "type": "Polygon", "coordinates": [ ] } },
{ "type": "Feature", "properties": { "HYRIV_ID": 41403753, "NEXT_DOWN": 41403735, "MAIN_RIV": 41399660, "LENGTH_KM": 0.46, "DIST_DN_KM": 191.7, "DIST_UP_KM": 7.1, "CATCH_SKM": 1.49, "UPLAND_SKM": 31.1, "ENDORHEIC": 0, "DIS_AV_CMS": 0.83, "ORD_STRA": 2, "ORD_CLAS": 3, "ORD_FLOW": 7, "HYBAS_L12": 4121157670.0, "Shape_Length": 0.0041666666666912988 }, "geometry": { "type": "Polygon", "coordinates": [ ] } },
{ "type": "Feature", "properties": { "HYRIV_ID": 41403754, "NEXT_DOWN": 41403687, "MAIN_RIV": 41399660, "LENGTH_KM": 1.85, "DIST_DN_KM": 144.60001, "DIST_UP_KM": 185.5, "CATCH_SKM": 2.77, "UPLAND_SKM": 4385.7002, "ENDORHEIC": 0, "DIS_AV_CMS": 132.19901, "ORD_STRA": 5, "ORD_CLAS": 1, "ORD_FLOW": 4, "HYBAS_L12": 4121157910.0, "Shape_Length": 0.016666666666665719 }, "geometry": { "type": "Polygon", "coordinates": [ ] } },
{ "type": "Feature", "properties": { "HYRIV_ID": 41403755, "NEXT_DOWN": 41403754, "MAIN_RIV": 41399660, "LENGTH_KM": 1.8, "DIST_DN_KM": 146.5, "DIST_UP_KM": 4.7, "CATCH_SKM": 8.3, "UPLAND_SKM": 8.3, "ENDORHEIC": 0, "DIS_AV_CMS": 0.205, "ORD_STRA": 1, "ORD_CLAS": 2, "ORD_FLOW": 7, "HYBAS_L12": 4121157910.0, "Shape_Length": 0.016309223176474562 }, "geometry": { "type": "Polygon", "coordinates": [ ] } },
{ "type": "Feature", "properties": { "HYRIV_ID": 41403769, "NEXT_DOWN": 41403753, "MAIN_RIV": 41399660, "LENGTH_KM": 3.1800001, "DIST_DN_KM": 192.39999, "DIST_UP_KM": 5.5, "CATCH_SKM": 10.43, "UPLAND_SKM": 10.4, "ENDORHEIC": 0, "DIS_AV_CMS": 0.276, "ORD_STRA": 1, "ORD_CLAS": 4, "ORD_FLOW": 7, "HYBAS_L12": 4121157670.0, "Shape_Length": 0.028809223176509989 }, "geometry": { "type": "Polygon", "coordinates": [ ] } },
{ "type": "Feature", "properties": { "HYRIV_ID": 41403770, "NEXT_DOWN": 41403716, "MAIN_RIV": 41399660, "LENGTH_KM": 1.96, "DIST_DN_KM": 151.39999, "DIST_UP_KM": 36.8, "CATCH_SKM": 3.4100001, "UPLAND_SKM": 209.7, "ENDORHEIC": 0, "DIS_AV_CMS": 5.152, "ORD_STRA": 2, "ORD_CLAS": 2, "ORD_FLOW": 6, "HYBAS_L12": 4121601560.0, "Shape_Length": 0.017677669529677757 }, "geometry": { "type": "Polygon", "coordinates": [ ] } },
{ "type": "Feature", "properties": { "HYRIV_ID": 41403771, "NEXT_DOWN": 41403770, "MAIN_RIV": 41399660, "LENGTH_KM": 3.11, "DIST_DN_KM": 153.3, "DIST_UP_KM": 5.4, "CATCH_SKM": 9.58, "UPLAND_SKM": 9.6, "ENDORHEIC": 0, "DIS_AV_CMS": 0.23100001, "ORD_STRA": 1, "ORD_CLAS": 3, "ORD_FLOW": 7, "HYBAS_L12": 4121601560.0, "Shape_Length": 0.028094336196262885 }, "geometry": { "type": "Polygon", "coordinates": [ ] } },
{ "type": "Feature", "properties": { "HYRIV_ID": 41403772, "NEXT_DOWN": 41403770, "MAIN_RIV": 41399660, "LENGTH_KM": 0.69, "DIST_DN_KM": 153.2, "DIST_UP_KM": 4.2, "CATCH_SKM": 5.5300002, "UPLAND_SKM": 5.5, "ENDORHEIC": 0, "DIS_AV_CMS": 0.134, "ORD_STRA": 1, "ORD_CLAS": 4, "ORD_FLOW": 7, "HYBAS_L12": 4121601560.0, "Shape_Length": 0.0062499999999090505 }, "geometry": { "type": "Polygon", "coordinates": [ ] } },
{ "type": "Feature", "properties": { "HYRIV_ID": 41403788, "NEXT_DOWN": 41403686, "MAIN_RIV": 41399660, "LENGTH_KM": 3.58, "DIST_DN_KM": 150.89999, "DIST_UP_KM": 6.9, "CATCH_SKM": 10.22, "UPLAND_SKM": 10.2, "ENDORHEIC": 0, "DIS_AV_CMS": 0.259, "ORD_STRA": 1, "ORD_CLAS": 3, "ORD_FLOW": 7, "HYBAS_L12": 4121157890.0, "Shape_Length": 0.032261002862998538 }, "geometry": { "type": "Polygon", "coordinates": [ ] } },
{ "type": "Feature", "properties": { "HYRIV_ID": 41403811, "NEXT_DOWN": 41403753, "MAIN_RIV": 41399660, "LENGTH_KM": 1.96, "DIST_DN_KM": 192.39999, "DIST_UP_KM": 6.5, "CATCH_SKM": 3.4100001, "UPLAND_SKM": 19.200001, "ENDORHEIC": 0, "DIS_AV_CMS": 0.514, "ORD_STRA": 2, "ORD_CLAS": 3, "ORD_FLOW": 7, "HYBAS_L12": 4121157670.0, "Shape_Length": 0.017677669529687804 }, "geometry": { "type": "Polygon", "coordinates": [ ] } },
{ "type": "Feature", "properties": { "HYRIV_ID": 41403812, "NEXT_DOWN": 41403813, "MAIN_RIV": 41399660, "LENGTH_KM": 3.6600001, "DIST_DN_KM": 160.89999, "DIST_UP_KM": 5.6, "CATCH_SKM": 13.84, "UPLAND_SKM": 13.8, "ENDORHEIC": 0, "DIS_AV_CMS": 0.354, "ORD_STRA": 1, "ORD_CLAS": 3, "ORD_FLOW": 7, "HYBAS_L12": 4121157890.0, "Shape_Length": 0.033123947784604209 }, "geometry": { "type": "Polygon", "coordinates": [ ] } },
{ "type": "Feature", "properties": { "HYRIV_ID": 41403813, "NEXT_DOWN": 41403686, "MAIN_RIV": 41399660, "LENGTH_KM": 10.02, "DIST_DN_KM": 150.7, "DIST_UP_KM": 18.700001, "CATCH_SKM": 38.310001, "UPLAND_SKM": 102.6, "ENDORHEIC": 0, "DIS_AV_CMS": 2.6340001, "ORD_STRA": 2, "ORD_CLAS": 2, "ORD_FLOW": 6, "HYBAS_L12": 4121157890.0, "Shape_Length": 0.09053300858900333 }, "geometry": { "type": "Polygon", "coordinates": [ ] } },
{ "type": "Feature", "properties": { "HYRIV_ID": 41403814, "NEXT_DOWN": 41403716, "MAIN_RIV": 41399660, "LENGTH_KM": 3.3900001, "DIST_DN_KM": 151.39999, "DIST_UP_KM": 7.2, "CATCH_SKM": 7.6599998, "UPLAND_SKM": 7.7, "ENDORHEIC": 0, "DIS_AV_CMS": 0.188, "ORD_STRA": 1, "ORD_CLAS": 3, "ORD_FLOW": 7, "HYBAS_L12": 4121601560.0, "Shape_Length": 0.030535113019749743 }, "geometry": { "type": "Polygon", "coordinates": [ ] } },
{ "type": "Feature", "properties": { "HYRIV_ID": 41403822, "NEXT_DOWN": 41403736, "MAIN_RIV": 41399660, "LENGTH_KM": 3.99, "DIST_DN_KM": 191.7, "DIST_UP_KM": 9.0, "CATCH_SKM": 10.0, "UPLAND_SKM": 23.0, "ENDORHEIC": 0, "DIS_AV_CMS": 0.60799998, "ORD_STRA": 2, "ORD_CLAS": 3, "ORD_FLOW": 7, "HYBAS_L12": 4121157670.0, "Shape_Length": 0.036070226039581509 }, "geometry": { "type": "Polygon", "coordinates": [ ] } },
{ "type": "Feature", "properties": { "HYRIV_ID": 41403823, "NEXT_DOWN": 41403822, "MAIN_RIV": 41399660, "LENGTH_KM": 1.61, "DIST_DN_KM": 195.7, "DIST_UP_KM": 4.5, "CATCH_SKM": 6.81, "UPLAND_SKM": 6.8, "ENDORHEIC": 0, "DIS_AV_CMS": 0.18, "ORD_STRA": 1, "ORD_CLAS": 4, "ORD_FLOW": 7, "HYBAS_L12": 4121157670.0, "Shape_Length": 0.014583333333291648 }, "geometry": { "type": "Polygon", "coordinates": [ ] } },
{ "type": "Feature", "properties": { "HYRIV_ID": 41403824, "NEXT_DOWN": 41403813, "MAIN_RIV": 41399660, "LENGTH_KM": 0.46, "DIST_DN_KM": 160.7, "DIST_UP_KM": 8.7, "CATCH_SKM": 1.28, "UPLAND_SKM": 50.400002, "ENDORHEIC": 0, "DIS_AV_CMS": 1.316, "ORD_STRA": 2, "ORD_CLAS": 2, "ORD_FLOW": 6, "HYBAS_L12": 4121157890.0, "Shape_Length": 0.0041666666666486663 }, "geometry": { "type": "Polygon", "coordinates": [ ] } },
{ "type": "Feature", "properties": { "HYRIV_ID": 41403836, "NEXT_DOWN": 41403822, "MAIN_RIV": 41399660, "LENGTH_KM": 0.69, "DIST_DN_KM": 195.7, "DIST_UP_KM": 5.0, "CATCH_SKM": 6.1700001, "UPLAND_SKM": 6.2, "ENDORHEIC": 0, "DIS_AV_CMS": 0.16500001, "ORD_STRA": 1, "ORD_CLAS": 3, "ORD_FLOW": 7, "HYBAS_L12": 4121157670.0, "Shape_Length": 0.0062500000000369482 }, "geometry": { "type": "Polygon", "coordinates": [ ] } },
{ "type": "Feature", "properties": { "HYRIV_ID": 41403837, "NEXT_DOWN": 41403687, "MAIN_RIV": 41399660, "LENGTH_KM": 8.0200005, "DIST_DN_KM": 144.60001, "DIST_UP_KM": 12.3, "CATCH_SKM": 34.48, "UPLAND_SKM": 34.5, "ENDORHEIC": 0, "DIS_AV_CMS": 0.86900002, "ORD_STRA": 1, "ORD_CLAS": 2, "ORD_FLOW": 7, "HYBAS_L12": 4121157910.0, "Shape_Length": 0.072497895569319154 }, "geometry": { "type": "Polygon", "coordinates": [ ] } },
{ "type": "Feature", "properties": { "HYRIV_ID": 41403845, "NEXT_DOWN": 41403811, "MAIN_RIV": 41399660, "LENGTH_KM": 2.55, "DIST_DN_KM": 194.3, "DIST_UP_KM": 4.5, "CATCH_SKM": 7.8800001, "UPLAND_SKM": 7.9, "ENDORHEIC": 0, "DIS_AV_CMS": 0.212, "ORD_STRA": 1, "ORD_CLAS": 4, "ORD_FLOW": 7, "HYBAS_L12": 4121157670.0, "Shape_Length": 0.023064724607981851 }, "geometry": { "type": "Polygon", "coordinates": [ ] } },
{ "type": "Feature", "properties": { "HYRIV_ID": 41403846, "NEXT_DOWN": 41403754, "MAIN_RIV": 41399660, "LENGTH_KM": 2.78, "DIST_DN_KM": 146.5, "DIST_UP_KM": 183.60001, "CATCH_SKM": 11.28, "UPLAND_SKM": 4374.7002, "ENDORHEIC": 0, "DIS_AV_CMS": 131.95399, "ORD_STRA": 5, "ORD_CLAS": 1, "ORD_FLOW": 4, "HYBAS_L12": 4121157910.0, "Shape_Length": 0.025000000000005684 }, "geometry": { "type": "Polygon", "coordinates": [ ] } },
{ "type": "Feature", "properties": { "HYRIV_ID": 41403856, "NEXT_DOWN": 41403811, "MAIN_RIV": 41399660, "LENGTH_KM": 2.27, "DIST_DN_KM": 194.10001, "DIST_UP_KM": 4.7, "CATCH_SKM": 7.8800001, "UPLAND_SKM": 7.9, "ENDORHEIC": 0, "DIS_AV_CMS": 0.212, "ORD_STRA": 1, "ORD_CLAS": 3, "ORD_FLOW": 7, "HYBAS_L12": 4121157670.0, "Shape_Length": 0.02047588984325701 }, "geometry": { "type": "Polygon", "coordinates": [ ] } },
{ "type": "Feature", "properties": { "HYRIV_ID": 41403857, "NEXT_DOWN": 41403858, "MAIN_RIV": 41399660, "LENGTH_KM": 4.48, "DIST_DN_KM": 163.2, "DIST_UP_KM": 6.3, "CATCH_SKM": 16.18, "UPLAND_SKM": 16.200001, "ENDORHEIC": 0, "DIS_AV_CMS": 0.421, "ORD_STRA": 1, "ORD_CLAS": 2, "ORD_FLOW": 7, "HYBAS_L12": 4121157890.0, "Shape_Length": 0.040594336196345109 }, "geometry": { "type": "Polygon", "coordinates": [ ] } },
{ "type": "Feature", "properties": { "HYRIV_ID": 41403858, "NEXT_DOWN": 41403824, "MAIN_RIV": 41399660, "LENGTH_KM": 1.77, "DIST_DN_KM": 161.39999, "DIST_UP_KM": 8.1, "CATCH_SKM": 2.55, "UPLAND_SKM": 39.8, "ENDORHEIC": 0, "DIS_AV_CMS": 1.041, "ORD_STRA": 2, "ORD_CLAS": 2, "ORD_FLOW": 6, "HYBAS_L12": 4121157890.0, "Shape_Length": 0.015951779686430387 }, "geometry": { "type": "Polygon", "coordinates": [ ] } },
{ "type": "Feature", "properties": { "HYRIV_ID": 41403859, "NEXT_DOWN": 41403872, "MAIN_RIV": 41399660, "LENGTH_KM": 2.37, "DIST_DN_KM": 152.60001, "DIST_UP_KM": 5.6, "CATCH_SKM": 9.58, "UPLAND_SKM": 9.6, "ENDORHEIC": 0, "DIS_AV_CMS": 0.236, "ORD_STRA": 1, "ORD_CLAS": 3, "ORD_FLOW": 7, "HYBAS_L12": 4121157910.0, "Shape_Length": 0.02133883476484847 }, "geometry": { "type": "Polygon", "coordinates": [ ] } },
{ "type": "Feature", "properties": { "HYRIV_ID": 41403860, "NEXT_DOWN": 41403872, "MAIN_RIV": 41399660, "LENGTH_KM": 0.92, "DIST_DN_KM": 152.60001, "DIST_UP_KM": 6.2, "CATCH_SKM": 1.7, "UPLAND_SKM": 26.200001, "ENDORHEIC": 0, "DIS_AV_CMS": 0.65100002, "ORD_STRA": 2, "ORD_CLAS": 2, "ORD_FLOW": 7, "HYBAS_L12": 4121157910.0, "Shape_Length": 0.0083333333333257542 }, "geometry": { "type": "Polygon", "coordinates": [ ] } },
{ "type": "Feature", "properties": { "HYRIV_ID": 41403861, "NEXT_DOWN": 41403860, "MAIN_RIV": 41399660, "LENGTH_KM": 2.72, "DIST_DN_KM": 153.5, "DIST_UP_KM": 5.1, "CATCH_SKM": 10.86, "UPLAND_SKM": 10.9, "ENDORHEIC": 0, "DIS_AV_CMS": 0.26800001, "ORD_STRA": 1, "ORD_CLAS": 3, "ORD_FLOW": 7, "HYBAS_L12": 4121157910.0, "Shape_Length": 0.024642556509964247 }, "geometry": { "type": "Polygon", "coordinates": [ ] } },
{ "type": "Feature", "properties": { "HYRIV_ID": 41403870, "NEXT_DOWN": 41403824, "MAIN_RIV": 41399660, "LENGTH_KM": 2.46, "DIST_DN_KM": 161.2, "DIST_UP_KM": 4.7, "CATCH_SKM": 9.37, "UPLAND_SKM": 9.4, "ENDORHEIC": 0, "DIS_AV_CMS": 0.242, "ORD_STRA": 1, "ORD_CLAS": 3, "ORD_FLOW": 7, "HYBAS_L12": 4121157890.0, "Shape_Length": 0.022201779686454849 }, "geometry": { "type": "Polygon", "coordinates": [ ] } },
{ "type": "Feature", "properties": { "HYRIV_ID": 41403871, "NEXT_DOWN": 41403846, "MAIN_RIV": 41399660, "LENGTH_KM": 1.12, "DIST_DN_KM": 149.39999, "DIST_UP_KM": 180.60001, "CATCH_SKM": 1.92, "UPLAND_SKM": 4323.0, "ENDORHEIC": 0, "DIS_AV_CMS": 130.709, "ORD_STRA": 5, "ORD_CLAS": 1, "ORD_FLOW": 4, "HYBAS_L12": 4121157910.0, "Shape_Length": 0.010059223176588045 }, "geometry": { "type": "Polygon", "coordinates": [ ] } },
{ "type": "Feature", "properties": { "HYRIV_ID": 41403872, "NEXT_DOWN": 41403846, "MAIN_RIV": 41399660, "LENGTH_KM": 3.34, "DIST_DN_KM": 149.39999, "DIST_UP_KM": 9.3, "CATCH_SKM": 4.6799998, "UPLAND_SKM": 40.400002, "ENDORHEIC": 0, "DIS_AV_CMS": 1.0039999, "ORD_STRA": 2, "ORD_CLAS": 2, "ORD_FLOW": 6, "HYBAS_L12": 4121157910.0, "Shape_Length": 0.03017766952957595 }, "geometry": { "type": "Polygon", "coordinates": [ ] } },
{ "type": "Feature", "properties": { "HYRIV_ID": 41403889, "NEXT_DOWN": 41403871, "MAIN_RIV": 41399660, "LENGTH_KM": 1.61, "DIST_DN_KM": 150.39999, "DIST_UP_KM": 6.1, "CATCH_SKM": 8.7299995, "UPLAND_SKM": 8.7, "ENDORHEIC": 0, "DIS_AV_CMS": 0.222, "ORD_STRA": 1, "ORD_CLAS": 2, "ORD_FLOW": 7, "HYBAS_L12": 4121157910.0, "Shape_Length": 0.014583333333405335 }, "geometry": { "type": "Polygon", "coordinates": [ ] } },
{ "type": "Feature", "properties": { "HYRIV_ID": 41403901, "NEXT_DOWN": 41403736, "MAIN_RIV": 41399660, "LENGTH_KM": 5.9299998, "DIST_DN_KM": 191.7, "DIST_UP_KM": 14.3, "CATCH_SKM": 15.75, "UPLAND_SKM": 45.3, "ENDORHEIC": 0, "DIS_AV_CMS": 1.226, "ORD_STRA": 2, "ORD_CLAS": 2, "ORD_FLOW": 6, "HYBAS_L12": 4121157670.0, "Shape_Length": 0.053451779686426427 }, "geometry": { "type": "Polygon", "coordinates": [ ] } },
{ "type": "Feature", "properties": { "HYRIV_ID": 41403902, "NEXT_DOWN": 41403871, "MAIN_RIV": 41399660, "LENGTH_KM": 1.3, "DIST_DN_KM": 150.5, "DIST_UP_KM": 179.5, "CATCH_SKM": 2.1300001, "UPLAND_SKM": 4312.2998, "ENDORHEIC": 0, "DIS_AV_CMS": 130.453, "ORD_STRA": 5, "ORD_CLAS": 1, "ORD_FLOW": 4, "HYBAS_L12": 4121157910.0, "Shape_Length": 0.01178511301971483 }, "geometry": { "type": "Polygon", "coordinates": [ ] } },
{ "type": "Feature", "properties": { "HYRIV_ID": 41403917, "NEXT_DOWN": 41403860, "MAIN_RIV": 41399660, "LENGTH_KM": 3.02, "DIST_DN_KM": 153.5, "DIST_UP_KM": 5.3, "CATCH_SKM": 13.62, "UPLAND_SKM": 13.6, "ENDORHEIC": 0, "DIS_AV_CMS": 0.34, "ORD_STRA": 1, "ORD_CLAS": 2, "ORD_FLOW": 7, "HYBAS_L12": 4121157910.0, "Shape_Length": 0.027231391274817995 }, "geometry": { "type": "Polygon", "coordinates": [ ] } },
{ "type": "Feature", "properties": { "HYRIV_ID": 41403929, "NEXT_DOWN": 41403901, "MAIN_RIV": 41399660, "LENGTH_KM": 3.85, "DIST_DN_KM": 197.8, "DIST_UP_KM": 6.4, "CATCH_SKM": 11.07, "UPLAND_SKM": 11.1, "ENDORHEIC": 0, "DIS_AV_CMS": 0.29800001, "ORD_STRA": 1, "ORD_CLAS": 3, "ORD_FLOW": 7, "HYBAS_L12": 4121157670.0, "Shape_Length": 0.034849837627877557 }, "geometry": { "type": "Polygon", "coordinates": [ ] } },
{ "type": "Feature", "properties": { "HYRIV_ID": 41403930, "NEXT_DOWN": 41403958, "MAIN_RIV": 41399660, "LENGTH_KM": 2.1, "DIST_DN_KM": 230.3, "DIST_UP_KM": 4.5, "CATCH_SKM": 8.0900002, "UPLAND_SKM": 8.1, "ENDORHEIC": 0, "DIS_AV_CMS": 0.212, "ORD_STRA": 1, "ORD_CLAS": 4, "ORD_FLOW": 7, "HYBAS_L12": 4121158130.0, "Shape_Length": 0.018898057941341511 }, "geometry": { "type": "Polygon", "coordinates": [ ] } },
{ "type": "Feature", "properties": { "HYRIV_ID": 41403931, "NEXT_DOWN": 41403958, "MAIN_RIV": 41399660, "LENGTH_KM": 2.9100001, "DIST_DN_KM": 230.10001, "DIST_UP_KM": 5.4, "CATCH_SKM": 14.05, "UPLAND_SKM": 14.0, "ENDORHEIC": 0, "DIS_AV_CMS": 0.371, "ORD_STRA": 1, "ORD_CLAS": 3, "ORD_FLOW": 7, "HYBAS_L12": 4121158130.0, "Shape_Length": 0.026368446353086866 }, "geometry": { "type": "Polygon", "coordinates": [ ] } },
{ "type": "Feature", "properties": { "HYRIV_ID": 41403932, "NEXT_DOWN": 41403770, "MAIN_RIV": 41399660, "LENGTH_KM": 5.75, "DIST_DN_KM": 153.2, "DIST_UP_KM": 35.0, "CATCH_SKM": 17.030001, "UPLAND_SKM": 191.2, "ENDORHEIC": 0, "DIS_AV_CMS": 4.7049999, "ORD_STRA": 2, "ORD_CLAS": 2, "ORD_FLOW": 6, "HYBAS_L12": 4121601560.0, "Shape_Length": 0.051725889843145759 }, "geometry": { "type": "Polygon", "coordinates": [ ] } },
{ "type": "Feature", "properties": { "HYRIV_ID": 41403933, "NEXT_DOWN": 41403932, "MAIN_RIV": 41399660, "LENGTH_KM": 4.7600002, "DIST_DN_KM": 159.10001, "DIST_UP_KM": 7.2, "CATCH_SKM": 20.219999, "UPLAND_SKM": 20.200001, "ENDORHEIC": 0, "DIS_AV_CMS": 0.49200001, "ORD_STRA": 1, "ORD_CLAS": 3, "ORD_FLOW": 7, "HYBAS_L12": 4121601560.0, "Shape_Length": 0.043035113019809432 }, "geometry": { "type": "Polygon", "coordinates": [ ] } },
{ "type": "Feature", "properties": { "HYRIV_ID": 41403947, "NEXT_DOWN": 41403858, "MAIN_RIV": 41399660, "LENGTH_KM": 4.31, "DIST_DN_KM": 163.0, "DIST_UP_KM": 5.9, "CATCH_SKM": 21.07, "UPLAND_SKM": 21.1, "ENDORHEIC": 0, "DIS_AV_CMS": 0.55400002, "ORD_STRA": 1, "ORD_CLAS": 3, "ORD_FLOW": 7, "HYBAS_L12": 4121157890.0, "Shape_Length": 0.038868446353196501 }, "geometry": { "type": "Polygon", "coordinates": [ ] } },
{ "type": "Feature", "properties": { "HYRIV_ID": 41403948, "NEXT_DOWN": 41403902, "MAIN_RIV": 41399660, "LENGTH_KM": 2.55, "DIST_DN_KM": 151.7, "DIST_UP_KM": 6.3, "CATCH_SKM": 6.6, "UPLAND_SKM": 6.6, "ENDORHEIC": 0, "DIS_AV_CMS": 0.169, "ORD_STRA": 1, "ORD_CLAS": 2, "ORD_FLOW": 7, "HYBAS_L12": 4121157910.0, "Shape_Length": 0.023064724608101425 }, "geometry": { "type": "Polygon", "coordinates": [ ] } },
{ "type": "Feature", "properties": { "HYRIV_ID": 41403957, "NEXT_DOWN": 41404030, "MAIN_RIV": 41399660, "LENGTH_KM": 7.77, "DIST_DN_KM": 228.10001, "DIST_UP_KM": 10.4, "CATCH_SKM": 35.759998, "UPLAND_SKM": 35.8, "ENDORHEIC": 0, "DIS_AV_CMS": 0.94, "ORD_STRA": 1, "ORD_CLAS": 2, "ORD_FLOW": 7, "HYBAS_L12": 4121158130.0, "Shape_Length": 0.070057118745701238 }, "geometry": { "type": "Polygon", "coordinates": [ ] } },
{ "type": "Feature", "properties": { "HYRIV_ID": 41403958, "NEXT_DOWN": 41404030, "MAIN_RIV": 41399660, "LENGTH_KM": 2.22, "DIST_DN_KM": 228.10001, "DIST_UP_KM": 7.4, "CATCH_SKM": 6.1700001, "UPLAND_SKM": 28.3, "ENDORHEIC": 0, "DIS_AV_CMS": 0.74800003, "ORD_STRA": 2, "ORD_CLAS": 3, "ORD_FLOW": 7, "HYBAS_L12": 4121158130.0, "Shape_Length": 0.020118446353120975 }, "geometry": { "type": "Polygon", "coordinates": [ ] } },
{ "type": "Feature", "properties": { "HYRIV_ID": 41403971, "NEXT_DOWN": 41403932, "MAIN_RIV": 41399660, "LENGTH_KM": 1.77, "DIST_DN_KM": 159.10001, "DIST_UP_KM": 29.1, "CATCH_SKM": 2.77, "UPLAND_SKM": 153.89999, "ENDORHEIC": 0, "DIS_AV_CMS": 3.802, "ORD_STRA": 2, "ORD_CLAS": 2, "ORD_FLOW": 6, "HYBAS_L12": 4121601560.0, "Shape_Length": 0.015951779686498288 }, "geometry": { "type": "Polygon", "coordinates": [ ] } },
{ "type": "Feature", "properties": { "HYRIV_ID": 41403988, "NEXT_DOWN": 41403902, "MAIN_RIV": 41399660, "LENGTH_KM": 2.97, "DIST_DN_KM": 151.8, "DIST_UP_KM": 178.2, "CATCH_SKM": 8.0900002, "UPLAND_SKM": 4303.6001, "ENDORHEIC": 0, "DIS_AV_CMS": 130.244, "ORD_STRA": 5, "ORD_CLAS": 1, "ORD_FLOW": 4, "HYBAS_L12": 4121157910.0, "Shape_Length": 0.026725889843241278 }, "geometry": { "type": "Polygon", "coordinates": [ ] } },
{ "type": "Feature", "properties": { "HYRIV_ID": 41404000, "NEXT_DOWN": 41404063, "MAIN_RIV": 41399660, "LENGTH_KM": 1.8, "DIST_DN_KM": 167.3, "DIST_UP_KM": 4.5, "CATCH_SKM": 10.01, "UPLAND_SKM": 10.0, "ENDORHEIC": 0, "DIS_AV_CMS": 0.259, "ORD_STRA": 1, "ORD_CLAS": 3, "ORD_FLOW": 7, "HYBAS_L12": 4121158030.0, "Shape_Length": 0.016309223176474562 }, "geometry": { "type": "Polygon", "coordinates": [ ] } },
{ "type": "Feature", "properties": { "HYRIV_ID": 41404012, "NEXT_DOWN": 41404095, "MAIN_RIV": 41399660, "LENGTH_KM": 0.69, "DIST_DN_KM": 240.10001, "DIST_UP_KM": 3.8, "CATCH_SKM": 4.04, "UPLAND_SKM": 4.0, "ENDORHEIC": 0, "DIS_AV_CMS": 0.11, "ORD_STRA": 1, "ORD_CLAS": 5, "ORD_FLOW": 7, "HYBAS_L12": 4121601670.0, "Shape_Length": 0.0062499999999943157 }, "geometry": { "type": "Polygon", "coordinates": [ ] } },
{ "type": "Feature", "properties": { "HYRIV_ID": 41404013, "NEXT_DOWN": 41404095, "MAIN_RIV": 41399660, "LENGTH_KM": 1.8, "DIST_DN_KM": 240.10001, "DIST_UP_KM": 4.6, "CATCH_SKM": 8.9399996, "UPLAND_SKM": 8.9, "ENDORHEIC": 0, "DIS_AV_CMS": 0.245, "ORD_STRA": 1, "ORD_CLAS": 4, "ORD_FLOW": 7, "HYBAS_L12": 4121601670.0, "Shape_Length": 0.016309223176665187 }, "geometry": { "type": "Polygon", "coordinates": [ ] } },
{ "type": "Feature", "properties": { "HYRIV_ID": 41404029, "NEXT_DOWN": 41403901, "MAIN_RIV": 41399660, "LENGTH_KM": 5.6300001, "DIST_DN_KM": 197.8, "DIST_UP_KM": 8.2, "CATCH_SKM": 18.52, "UPLAND_SKM": 18.5, "ENDORHEIC": 0, "DIS_AV_CMS": 0.50700003, "ORD_STRA": 1, "ORD_CLAS": 2, "ORD_FLOW": 7, "HYBAS_L12": 4121157670.0, "Shape_Length": 0.050801617314283683 }, "geometry": { "type": "Polygon", "coordinates": [ ] } },
{ "type": "Feature", "properties": { "HYRIV_ID": 41404030, "NEXT_DOWN": 41404060, "MAIN_RIV": 41399660, "LENGTH_KM": 2.32, "DIST_DN_KM": 225.60001, "DIST_UP_KM": 12.9, "CATCH_SKM": 5.54, "UPLAND_SKM": 69.599998, "ENDORHEIC": 0, "DIS_AV_CMS": 1.836, "ORD_STRA": 2, "ORD_CLAS": 2, "ORD_FLOW": 6, "HYBAS_L12": 4121158130.0, "Shape_Length": 0.020833333333328596 }, "geometry": { "type": "Polygon", "coordinates": [ ] } },
{ "type": "Feature", "properties": { "HYRIV_ID": 41404046, "NEXT_DOWN": 41404060, "MAIN_RIV": 41399660, "LENGTH_KM": 6.3200002, "DIST_DN_KM": 225.60001, "DIST_UP_KM": 8.5, "CATCH_SKM": 21.5, "UPLAND_SKM": 21.5, "ENDORHEIC": 0, "DIS_AV_CMS": 0.57700002, "ORD_STRA": 1, "ORD_CLAS": 3, "ORD_FLOW": 7, "HYBAS_L12": 4121158130.0, "Shape_Length": 0.057261002863063806 }, "geometry": { "type": "Polygon", "coordinates": [ ] } },
{ "type": "Feature", "properties": { "HYRIV_ID": 41404059, "NEXT_DOWN": 41404156, "MAIN_RIV": 41399660, "LENGTH_KM": 3.85, "DIST_DN_KM": 223.8, "DIST_UP_KM": 7.1, "CATCH_SKM": 11.28, "UPLAND_SKM": 11.3, "ENDORHEIC": 0, "DIS_AV_CMS": 0.304, "ORD_STRA": 1, "ORD_CLAS": 3, "ORD_FLOW": 7, "HYBAS_L12": 4121158130.0, "Shape_Length": 0.034701779686455256 }, "geometry": { "type": "Polygon", "coordinates": [ ] } },
{ "type": "Feature", "properties": { "HYRIV_ID": 41404060, "NEXT_DOWN": 41404156, "MAIN_RIV": 41399660, "LENGTH_KM": 1.76, "DIST_DN_KM": 224.0, "DIST_UP_KM": 14.5, "CATCH_SKM": 2.56, "UPLAND_SKM": 93.699997, "ENDORHEIC": 0, "DIS_AV_CMS": 2.4820001, "ORD_STRA": 2, "ORD_CLAS": 2, "ORD_FLOW": 6, "HYBAS_L12": 4121158130.0, "Shape_Length": 0.015951779686458094 }, "geometry": { "type": "Polygon", "coordinates": [ ] } },
{ "type": "Feature", "properties": { "HYRIV_ID": 41404061, "NEXT_DOWN": 41404063, "MAIN_RIV": 41399660, "LENGTH_KM": 2.6900001, "DIST_DN_KM": 167.3, "DIST_UP_KM": 9.9, "CATCH_SKM": 5.54, "UPLAND_SKM": 49.200001, "ENDORHEIC": 0, "DIS_AV_CMS": 1.3049999, "ORD_STRA": 2, "ORD_CLAS": 2, "ORD_FLOW": 6, "HYBAS_L12": 4121158030.0, "Shape_Length": 0.024285113019782124 }, "geometry": { "type": "Polygon", "coordinates": [ ] } },
{ "type": "Feature", "properties": { "HYRIV_ID": 41404062, "NEXT_DOWN": 41404099, "MAIN_RIV": 41399660, "LENGTH_KM": 0.69, "DIST_DN_KM": 163.39999, "DIST_UP_KM": 4.1, "CATCH_SKM": 4.6799998, "UPLAND_SKM": 4.7, "ENDORHEIC": 0, "DIS_AV_CMS": 0.123, "ORD_STRA": 1, "ORD_CLAS": 3, "ORD_FLOW": 7, "HYBAS_L12": 4121158030.0, "Shape_Length": 0.0062500000000795808 }, "geometry": { "type": "Polygon", "coordinates": [ ] } },
{ "type": "Feature", "properties": { "HYRIV_ID": 41404063, "NEXT_DOWN": 41404099, "MAIN_RIV": 41399660, "LENGTH_KM": 3.8800001, "DIST_DN_KM": 163.39999, "DIST_UP_KM": 13.8, "CATCH_SKM": 7.6599998, "UPLAND_SKM": 66.800003, "ENDORHEIC": 0, "DIS_AV_CMS": 1.762, "ORD_STRA": 2, "ORD_CLAS": 2, "ORD_FLOW": 6, "HYBAS_L12": 4121158030.0, "Shape_Length": 0.035059223176607937 }, "geometry": { "type": "Polygon", "coordinates": [ ] } },
{ "type": "Feature", "properties": { "HYRIV_ID": 41404064, "NEXT_DOWN": 41404065, "MAIN_RIV": 41399660, "LENGTH_KM": 0.98, "DIST_DN_KM": 159.2, "DIST_UP_KM": 4.9, "CATCH_SKM": 6.39, "UPLAND_SKM": 6.4, "ENDORHEIC": 0, "DIS_AV_CMS": 0.16500001, "ORD_STRA": 1, "ORD_CLAS": 3, "ORD_FLOW": 7, "HYBAS_L12": 4121158030.0, "Shape_Length": 0.0088388347648338528 }, "geometry": { "type": "Polygon", "coordinates": [ ] } },
{ "type": "Feature", "properties": { "HYRIV_ID": 41404065, "NEXT_DOWN": 41404066, "MAIN_RIV": 41399660, "LENGTH_KM": 1.84, "DIST_DN_KM": 157.10001, "DIST_UP_KM": 20.1, "CATCH_SKM": 2.98, "UPLAND_SKM": 121.6, "ENDORHEIC": 0, "DIS_AV_CMS": 3.1960001, "ORD_STRA": 2, "ORD_CLAS": 2, "ORD_FLOW": 6, "HYBAS_L12": 4121158030.0, "Shape_Length": 0.016666666666708352 }, "geometry": { "type": "Polygon", "coordinates": [ ] } },
{ "type": "Feature", "properties": { "HYRIV_ID": 41404066, "NEXT_DOWN": 41403988, "MAIN_RIV": 41399660, "LENGTH_KM": 2.51, "DIST_DN_KM": 154.8, "DIST_UP_KM": 175.2, "CATCH_SKM": 7.6599998, "UPLAND_SKM": 4222.2998, "ENDORHEIC": 0, "DIS_AV_CMS": 128.241, "ORD_STRA": 5, "ORD_CLAS": 1, "ORD_FLOW": 4, "HYBAS_L12": 4121157910.0, "Shape_Length": 0.022559223176562466 }, "geometry": { "type": "Polygon", "coordinates": [ ] } },
{ "type": "Feature", "properties": { "HYRIV_ID": 41404067, "NEXT_DOWN": 41403971, "MAIN_RIV": 41399660, "LENGTH_KM": 5.29, "DIST_DN_KM": 160.89999, "DIST_UP_KM": 27.3, "CATCH_SKM": 15.97, "UPLAND_SKM": 137.8, "ENDORHEIC": 0, "DIS_AV_CMS": 3.401, "ORD_STRA": 2, "ORD_CLAS": 2, "ORD_FLOW": 6, "HYBAS_L12": 4121601620.0, "Shape_Length": 0.047855339059283845 }, "geometry": { "type": "Polygon", "coordinates": [ ] } },
{ "type": "Feature", "properties": { "HYRIV_ID": 41404068, "NEXT_DOWN": 41404067, "MAIN_RIV": 41399660, "LENGTH_KM": 1.9, "DIST_DN_KM": 166.0, "DIST_UP_KM": 4.5, "CATCH_SKM": 9.79, "UPLAND_SKM": 9.8, "ENDORHEIC": 0, "DIS_AV_CMS": 0.239, "ORD_STRA": 1, "ORD_CLAS": 3, "ORD_FLOW": 7, "HYBAS_L12": 4121601620.0, "Shape_Length": 0.017172168098246596 }, "geometry": { "type": "Polygon", "coordinates": [ ] } },
{ "type": "Feature", "properties": { "HYRIV_ID": 41404082, "NEXT_DOWN": 41404083, "MAIN_RIV": 41399660, "LENGTH_KM": 0.69, "DIST_DN_KM": 171.10001, "DIST_UP_KM": 4.2, "CATCH_SKM": 6.6, "UPLAND_SKM": 6.6, "ENDORHEIC": 0, "DIS_AV_CMS": 0.173, "ORD_STRA": 1, "ORD_CLAS": 4, "ORD_FLOW": 7, "HYBAS_L12": 4121158030.0, "Shape_Length": 0.0062499999999801048 }, "geometry": { "type": "Polygon", "coordinates": [ ] } },
{ "type": "Feature", "properties": { "HYRIV_ID": 41404083, "NEXT_DOWN": 41404061, "MAIN_RIV": 41399660, "LENGTH_KM": 1.11, "DIST_DN_KM": 170.0, "DIST_UP_KM": 6.9, "CATCH_SKM": 1.28, "UPLAND_SKM": 27.9, "ENDORHEIC": 0, "DIS_AV_CMS": 0.74, "ORD_STRA": 2, "ORD_CLAS": 3, "ORD_FLOW": 7, "HYBAS_L12": 4121158030.0, "Shape_Length": 0.010059223176552015 }, "geometry": { "type": "Polygon", "coordinates": [ ] } },
{ "type": "Feature", "properties": { "HYRIV_ID": 41404093, "NEXT_DOWN": 41404202, "MAIN_RIV": 41399660, "LENGTH_KM": 1.84, "DIST_DN_KM": 237.60001, "DIST_UP_KM": 14.9, "CATCH_SKM": 1.92, "UPLAND_SKM": 44.5, "ENDORHEIC": 0, "DIS_AV_CMS": 1.25, "ORD_STRA": 2, "ORD_CLAS": 2, "ORD_FLOW": 6, "HYBAS_L12": 4121601670.0, "Shape_Length": 0.016666666666651508 }, "geometry": { "type": "Polygon", "coordinates": [ ] } },
{ "type": "Feature", "properties": { "HYRIV_ID": 41404094, "NEXT_DOWN": 41404202, "MAIN_RIV": 41399660, "LENGTH_KM": 10.74, "DIST_DN_KM": 237.8, "DIST_UP_KM": 13.3, "CATCH_SKM": 26.82, "UPLAND_SKM": 26.8, "ENDORHEIC": 0, "DIS_AV_CMS": 0.728, "ORD_STRA": 1, "ORD_CLAS": 3, "ORD_FLOW": 7, "HYBAS_L12": 4121601670.0, "Shape_Length": 0.096783008589024347 }, "geometry": { "type": "Polygon", "coordinates": [ ] } },
{ "type": "Feature", "properties": { "HYRIV_ID": 41404095, "NEXT_DOWN": 41404202, "MAIN_RIV": 41399660, "LENGTH_KM": 2.51, "DIST_DN_KM": 237.8, "DIST_UP_KM": 7.0, "CATCH_SKM": 6.39, "UPLAND_SKM": 19.4, "ENDORHEIC": 0, "DIS_AV_CMS": 0.533, "ORD_STRA": 2, "ORD_CLAS": 4, "ORD_FLOW": 7, "HYBAS_L12": 4121601670.0, "Shape_Length": 0.022559223176548255 }, "geometry": { "type": "Polygon", "coordinates": [ ] } },
{ "type": "Feature", "properties": { "HYRIV_ID": 41404096, "NEXT_DOWN": 41404098, "MAIN_RIV": 41399660, "LENGTH_KM": 1.15, "DIST_DN_KM": 173.60001, "DIST_UP_KM": 3.3, "CATCH_SKM": 6.6, "UPLAND_SKM": 6.6, "ENDORHEIC": 0, "DIS_AV_CMS": 0.177, "ORD_STRA": 1, "ORD_CLAS": 3, "ORD_FLOW": 7, "HYBAS_L12": 4121158030.0, "Shape_Length": 0.010416666666628771 }, "geometry": { "type": "Polygon", "coordinates": [ ] } },
{ "type": "Feature", "properties": { "HYRIV_ID": 41404097, "NEXT_DOWN": 41404098, "MAIN_RIV": 41399660, "LENGTH_KM": 0.98, "DIST_DN_KM": 173.8, "DIST_UP_KM": 2.9, "CATCH_SKM": 5.54, "UPLAND_SKM": 5.5, "ENDORHEIC": 0, "DIS_AV_CMS": 0.147, "ORD_STRA": 1, "ORD_CLAS": 4, "ORD_FLOW": 7, "HYBAS_L12": 4121158030.0, "Shape_Length": 0.0088388347647936592 }, "geometry": { "type": "Polygon", "coordinates": [ ] } },
{ "type": "Feature", "properties": { "HYRIV_ID": 41404098, "NEXT_DOWN": 41404083, "MAIN_RIV": 41399660, "LENGTH_KM": 2.49, "DIST_DN_KM": 171.10001, "DIST_UP_KM": 5.8, "CATCH_SKM": 7.8800001, "UPLAND_SKM": 20.0, "ENDORHEIC": 0, "DIS_AV_CMS": 0.533, "ORD_STRA": 2, "ORD_CLAS": 3, "ORD_FLOW": 7, "HYBAS_L12": 4121158030.0, "Shape_Length": 0.022559223176590888 }, "geometry": { "type": "Polygon", "coordinates": [ ] } },
{ "type": "Feature", "properties": { "HYRIV_ID": 41404099, "NEXT_DOWN": 41404100, "MAIN_RIV": 41399660, "LENGTH_KM": 1.3, "DIST_DN_KM": 162.3, "DIST_UP_KM": 14.9, "CATCH_SKM": 3.62, "UPLAND_SKM": 75.199997, "ENDORHEIC": 0, "DIS_AV_CMS": 1.98, "ORD_STRA": 2, "ORD_CLAS": 2, "ORD_FLOW": 6, "HYBAS_L12": 4121158030.0, "Shape_Length": 0.011785113019755026 }, "geometry": { "type": "Polygon", "coordinates": [ ] } },
{ "type": "Feature", "properties": { "HYRIV_ID": 41404100, "NEXT_DOWN": 41404101, "MAIN_RIV": 41399660, "LENGTH_KM": 1.38, "DIST_DN_KM": 160.7, "DIST_UP_KM": 16.5, "CATCH_SKM": 2.98, "UPLAND_SKM": 88.800003, "ENDORHEIC": 0, "DIS_AV_CMS": 2.339, "ORD_STRA": 2, "ORD_CLAS": 2, "ORD_FLOW": 6, "HYBAS_L12": 4121158030.0, "Shape_Length": 0.012500000000045475 }, "geometry": { "type": "Polygon", "coordinates": [ ] } },
{ "type": "Feature", "properties": { "HYRIV_ID": 41404101, "NEXT_DOWN": 41404065, "MAIN_RIV": 41399660, "LENGTH_KM": 1.76, "DIST_DN_KM": 159.2, "DIST_UP_KM": 18.1, "CATCH_SKM": 3.4100001, "UPLAND_SKM": 112.2, "ENDORHEIC": 0, "DIS_AV_CMS": 2.9549999, "ORD_STRA": 2, "ORD_CLAS": 2, "ORD_FLOW": 6, "HYBAS_L12": 4121158030.0, "Shape_Length": 0.015951779686370814 }, "geometry": { "type": "Polygon", "coordinates": [ ] } },
{ "type": "Feature", "properties": { "HYRIV_ID": 41404102, "NEXT_DOWN": 41403971, "MAIN_RIV": 41399660, "LENGTH_KM": 4.6, "DIST_DN_KM": 160.7, "DIST_UP_KM": 7.4, "CATCH_SKM": 13.41, "UPLAND_SKM": 13.4, "ENDORHEIC": 0, "DIS_AV_CMS": 0.333, "ORD_STRA": 1, "ORD_CLAS": 3, "ORD_FLOW": 7, "HYBAS_L12": 4121601620.0, "Shape_Length": 0.041457281117889773 }, "geometry": { "type": "Polygon", "coordinates": [ ] } },
{ "type": "Feature", "properties": { "HYRIV_ID": 41404128, "NEXT_DOWN": 41404093, "MAIN_RIV": 41399660, "LENGTH_KM": 3.1800001, "DIST_DN_KM": 239.5, "DIST_UP_KM": 7.1, "CATCH_SKM": 14.26, "UPLAND_SKM": 14.3, "ENDORHEIC": 0, "DIS_AV_CMS": 0.406, "ORD_STRA": 1, "ORD_CLAS": 3, "ORD_FLOW": 7, "HYBAS_L12": 4121601670.0, "Shape_Length": 0.028809223176556781 }, "geometry": { "type": "Polygon", "coordinates": [ ] } },
{ "type": "Feature", "properties": { "HYRIV_ID": 41404129, "NEXT_DOWN": 41404100, "MAIN_RIV": 41399660, "LENGTH_KM": 1.4400001, "DIST_DN_KM": 162.10001, "DIST_UP_KM": 5.1, "CATCH_SKM": 10.64, "UPLAND_SKM": 10.6, "ENDORHEIC": 0, "DIS_AV_CMS": 0.28200001, "ORD_STRA": 1, "ORD_CLAS": 3, "ORD_FLOW": 7, "HYBAS_L12": 4121158030.0, "Shape_Length": 0.013005501431536925 }, "geometry": { "type": "Polygon", "coordinates": [ ] } },
{ "type": "Feature", "properties": { "HYRIV_ID": 41404130, "NEXT_DOWN": 41404067, "MAIN_RIV": 41399660, "LENGTH_KM": 2.23, "DIST_DN_KM": 166.0, "DIST_UP_KM": 22.200001, "CATCH_SKM": 9.1499996, "UPLAND_SKM": 112.0, "ENDORHEIC": 0, "DIS_AV_CMS": 2.773, "ORD_STRA": 2, "ORD_CLAS": 2, "ORD_FLOW": 6, "HYBAS_L12": 4121601620.0, "Shape_Length": 0.020118446353076615 }, "geometry": { "type": "Polygon", "coordinates": [ ] } },
{ "type": "Feature", "properties": { "HYRIV_ID": 41404141, "NEXT_DOWN": 41404093, "MAIN_RIV": 41399660, "LENGTH_KM": 10.15, "DIST_DN_KM": 239.5, "DIST_UP_KM": 13.1, "CATCH_SKM": 28.309999, "UPLAND_SKM": 28.3, "ENDORHEIC": 0, "DIS_AV_CMS": 0.79, "ORD_STRA": 1, "ORD_CLAS": 2, "ORD_FLOW": 7, "HYBAS_L12": 4121601670.0, "Shape_Length": 0.091605339059239899 }, "geometry": { "type": "Polygon", "coordinates": [ ] } },
{ "type": "Feature", "properties": { "HYRIV_ID": 41404154, "NEXT_DOWN": 41404205, "MAIN_RIV": 41399660, "LENGTH_KM": 1.4400001, "DIST_DN_KM": 232.89999, "DIST_UP_KM": 3.5, "CATCH_SKM": 4.6799998, "UPLAND_SKM": 4.7, "ENDORHEIC": 0, "DIS_AV_CMS": 0.13, "ORD_STRA": 1, "ORD_CLAS": 3, "ORD_FLOW": 7, "HYBAS_L12": 4121601720.0, "Shape_Length": 0.013005501431539362 }, "geometry": { "type": "Polygon", "coordinates": [ ] } },
{ "type": "Feature", "properties": { "HYRIV_ID": 41404155, "NEXT_DOWN": 41404205, "MAIN_RIV": 41399660, "LENGTH_KM": 6.54, "DIST_DN_KM": 233.10001, "DIST_UP_KM": 9.6, "CATCH_SKM": 24.91, "UPLAND_SKM": 24.9, "ENDORHEIC": 0, "DIS_AV_CMS": 0.68699998, "ORD_STRA": 1, "ORD_CLAS": 2, "ORD_FLOW": 7, "HYBAS_L12": 4121601720.0, "Shape_Length": 0.059134950647597675 }, "geometry": { "type": "Polygon", "coordinates": [ ] } },
{ "type": "Feature", "properties": { "HYRIV_ID": 41404156, "NEXT_DOWN": 41404281, "MAIN_RIV": 41399660, "LENGTH_KM": 3.35, "DIST_DN_KM": 220.7, "DIST_UP_KM": 17.9, "CATCH_SKM": 11.5, "UPLAND_SKM": 116.4, "ENDORHEIC": 0, "DIS_AV_CMS": 3.1029999, "ORD_STRA": 2, "ORD_CLAS": 2, "ORD_FLOW": 6, "HYBAS_L12": 4121158130.0, "Shape_Length": 0.030177669529642126 }, "geometry": { "type": "Polygon", "coordinates": [ ] } },
{ "type": "Feature", "properties": { "HYRIV_ID": 41404157, "NEXT_DOWN": 41404281, "MAIN_RIV": 41399660, "LENGTH_KM": 2.72, "DIST_DN_KM": 220.5, "DIST_UP_KM": 5.6, "CATCH_SKM": 6.1700001, "UPLAND_SKM": 6.2, "ENDORHEIC": 0, "DIS_AV_CMS": 0.169, "ORD_STRA": 1, "ORD_CLAS": 3, "ORD_FLOW": 7, "HYBAS_L12": 4121158130.0, "Shape_Length": 0.024642556509983333 }, "geometry": { "type": "Polygon", "coordinates": [ ] } },
{ "type": "Feature", "properties": { "HYRIV_ID": 41404169, "NEXT_DOWN": 41404061, "MAIN_RIV": 41399660, "LENGTH_KM": 4.14, "DIST_DN_KM": 170.0, "DIST_UP_KM": 7.2, "CATCH_SKM": 15.76, "UPLAND_SKM": 15.8, "ENDORHEIC": 0, "DIS_AV_CMS": 0.421, "ORD_STRA": 1, "ORD_CLAS": 2, "ORD_FLOW": 7, "HYBAS_L12": 4121158030.0, "Shape_Length": 0.037290614451224453 }, "geometry": { "type": "Polygon", "coordinates": [ ] } },
{ "type": "Feature", "properties": { "HYRIV_ID": 41404184, "NEXT_DOWN": 41404204, "MAIN_RIV": 41399660, "LENGTH_KM": 0.69, "DIST_DN_KM": 232.2, "DIST_UP_KM": 4.0, "CATCH_SKM": 6.39, "UPLAND_SKM": 6.4, "ENDORHEIC": 0, "DIS_AV_CMS": 0.18, "ORD_STRA": 1, "ORD_CLAS": 2, "ORD_FLOW": 7, "HYBAS_L12": 4121601720.0, "Shape_Length": 0.0062499999999801048 }, "geometry": { "type": "Polygon", "coordinates": [ ] } },
{ "type": "Feature", "properties": { "HYRIV_ID": 41404185, "NEXT_DOWN": 41404130, "MAIN_RIV": 41399660, "LENGTH_KM": 2.9200001, "DIST_DN_KM": 168.2, "DIST_UP_KM": 5.7, "CATCH_SKM": 13.63, "UPLAND_SKM": 13.6, "ENDORHEIC": 0, "DIS_AV_CMS": 0.339, "ORD_STRA": 1, "ORD_CLAS": 3, "ORD_FLOW": 7, "HYBAS_L12": 4121601620.0, "Shape_Length": 0.026368446352916339 }, "geometry": { "type": "Polygon", "coordinates": [ ] } },
{ "type": "Feature", "properties": { "HYRIV_ID": 41404202, "NEXT_DOWN": 41404203, "MAIN_RIV": 41399660, "LENGTH_KM": 3.81, "DIST_DN_KM": 234.0, "DIST_UP_KM": 18.5, "CATCH_SKM": 8.0900002, "UPLAND_SKM": 98.800003, "ENDORHEIC": 0, "DIS_AV_CMS": 2.7379999, "ORD_STRA": 3, "ORD_CLAS": 2, "ORD_FLOW": 6, "HYBAS_L12": 4121601670.0, "Shape_Length": 0.034344336196371179 }, "geometry": { "type": "Polygon", "coordinates": [ ] } },
{ "type": "Feature", "properties": { "HYRIV_ID": 41404203, "NEXT_DOWN": 41404204, "MAIN_RIV": 41399660, "LENGTH_KM": 1.5700001, "DIST_DN_KM": 232.2, "DIST_UP_KM": 97.800003, "CATCH_SKM": 2.1300001, "UPLAND_SKM": 1295.0, "ENDORHEIC": 0, "DIS_AV_CMS": 44.551998, "ORD_STRA": 4, "ORD_CLAS": 1, "ORD_FLOW": 5, "HYBAS_L12": 4121601720.0, "Shape_Length": 0.014225889843238436 }, "geometry": { "type": "Polygon", "coordinates": [ ] } },
{ "type": "Feature", "properties": { "HYRIV_ID": 41404204, "NEXT_DOWN": 41404343, "MAIN_RIV": 41399660, "LENGTH_KM": 1.11, "DIST_DN_KM": 231.10001, "DIST_UP_KM": 98.900002, "CATCH_SKM": 1.28, "UPLAND_SKM": 1302.7, "ENDORHEIC": 0, "DIS_AV_CMS": 44.763, "ORD_STRA": 4, "ORD_CLAS": 1, "ORD_FLOW": 5, "HYBAS_L12": 4121601720.0, "Shape_Length": 0.010059223176575559 }, "geometry": { "type": "Polygon", "coordinates": [ ] } },
{ "type": "Feature", "properties": { "HYRIV_ID": 41404205, "NEXT_DOWN": 41404343, "MAIN_RIV": 41399660, "LENGTH_KM": 1.77, "DIST_DN_KM": 231.3, "DIST_UP_KM": 11.4, "CATCH_SKM": 1.7, "UPLAND_SKM": 31.3, "ENDORHEIC": 0, "DIS_AV_CMS": 0.86500001, "ORD_STRA": 2, "ORD_CLAS": 2, "ORD_FLOW": 7, "HYBAS_L12": 4121601720.0, "Shape_Length": 0.015951779686448047 }, "geometry": { "type": "Polygon", "coordinates": [ ] } },
{ "type": "Feature", "properties": { "HYRIV_ID": 41404206, "NEXT_DOWN": 41404343, "MAIN_RIV": 41399660, "LENGTH_KM": 2.72, "DIST_DN_KM": 231.10001, "DIST_UP_KM": 6.7, "CATCH_SKM": 8.3, "UPLAND_SKM": 8.3, "ENDORHEIC": 0, "DIS_AV_CMS": 0.234, "ORD_STRA": 1, "ORD_CLAS": 3, "ORD_FLOW": 7, "HYBAS_L12": 4121601720.0, "Shape_Length": 0.024642556509867207 }, "geometry": { "type": "Polygon", "coordinates": [ ] } },
{ "type": "Feature", "properties": { "HYRIV_ID": 41404207, "NEXT_DOWN": 41403988, "MAIN_RIV": 41399660, "LENGTH_KM": 18.67, "DIST_DN_KM": 154.8, "DIST_UP_KM": 23.1, "CATCH_SKM": 73.230003, "UPLAND_SKM": 73.199997, "ENDORHEIC": 0, "DIS_AV_CMS": 1.839, "ORD_STRA": 1, "ORD_CLAS": 2, "ORD_FLOW": 6, "HYBAS_L12": 4121157910.0, "Shape_Length": 0.16862734478533545 }, "geometry": { "type": "Polygon", "coordinates": [ ] } },
{ "type": "Feature", "properties": { "HYRIV_ID": 41404241, "NEXT_DOWN": 41404308, "MAIN_RIV": 41399660, "LENGTH_KM": 2.9300001, "DIST_DN_KM": 218.7, "DIST_UP_KM": 5.6, "CATCH_SKM": 13.41, "UPLAND_SKM": 13.4, "ENDORHEIC": 0, "DIS_AV_CMS": 0.366, "ORD_STRA": 1, "ORD_CLAS": 4, "ORD_FLOW": 7, "HYBAS_L12": 4121158130.0, "Shape_Length": 0.026368446353095192 }, "geometry": { "type": "Polygon", "coordinates": [ ] } },
{ "type": "Feature", "properties": { "HYRIV_ID": 41404242, "NEXT_DOWN": 41404308, "MAIN_RIV": 41399660, "LENGTH_KM": 4.7, "DIST_DN_KM": 218.5, "DIST_UP_KM": 7.1, "CATCH_SKM": 12.56, "UPLAND_SKM": 12.6, "ENDORHEIC": 0, "DIS_AV_CMS": 0.34, "ORD_STRA": 1, "ORD_CLAS": 3, "ORD_FLOW": 7, "HYBAS_L12": 4121158130.0, "Shape_Length": 0.0423202260395876 }, "geometry": { "type": "Polygon", "coordinates": [ ] } },
{ "type": "Feature", "properties": { "HYRIV_ID": 41404243, "NEXT_DOWN": 41404308, "MAIN_RIV": 41399660, "LENGTH_KM": 3.4, "DIST_DN_KM": 218.7, "DIST_UP_KM": 5.6, "CATCH_SKM": 10.43, "UPLAND_SKM": 10.4, "ENDORHEIC": 0, "DIS_AV_CMS": 0.28400001, "ORD_STRA": 1, "ORD_CLAS": 5, "ORD_FLOW": 7, "HYBAS_L12": 4121158130.0, "Shape_Length": 0.030683170961191136 }, "geometry": { "type": "Polygon", "coordinates": [ ] } },
{ "type": "Feature", "properties": { "HYRIV_ID": 41404262, "NEXT_DOWN": 41404286, "MAIN_RIV": 41399660, "LENGTH_KM": 1.4400001, "DIST_DN_KM": 168.2, "DIST_UP_KM": 4.0, "CATCH_SKM": 5.75, "UPLAND_SKM": 5.7, "ENDORHEIC": 0, "DIS_AV_CMS": 0.147, "ORD_STRA": 1, "ORD_CLAS": 3, "ORD_FLOW": 7, "HYBAS_L12": 4121158040.0, "Shape_Length": 0.013005501431567071 }, "geometry": { "type": "Polygon", "coordinates": [ ] } },
{ "type": "Feature", "properties": { "HYRIV_ID": 41404263, "NEXT_DOWN": 41404286, "MAIN_RIV": 41399660, "LENGTH_KM": 3.47, "DIST_DN_KM": 168.2, "DIST_UP_KM": 6.2, "CATCH_SKM": 19.59, "UPLAND_SKM": 19.6, "ENDORHEIC": 0, "DIS_AV_CMS": 0.5, "ORD_STRA": 1, "ORD_CLAS": 2, "ORD_FLOW": 7, "HYBAS_L12": 4121158040.0, "Shape_Length": 0.031398057941337751 }, "geometry": { "type": "Polygon", "coordinates": [ ] } },
{ "type": "Feature", "properties": { "HYRIV_ID": 41404273, "NEXT_DOWN": 41404101, "MAIN_RIV": 41399660, "LENGTH_KM": 6.73, "DIST_DN_KM": 160.89999, "DIST_UP_KM": 9.0, "CATCH_SKM": 20.01, "UPLAND_SKM": 20.0, "ENDORHEIC": 0, "DIS_AV_CMS": 0.52899998, "ORD_STRA": 1, "ORD_CLAS": 3, "ORD_FLOW": 7, "HYBAS_L12": 4121158030.0, "Shape_Length": 0.06071278254935554 }, "geometry": { "type": "Polygon", "coordinates": [ ] } },
{ "type": "Feature", "properties": { "HYRIV_ID": 41404274, "NEXT_DOWN": 41404066, "MAIN_RIV": 41399660, "LENGTH_KM": 6.7800002, "DIST_DN_KM": 157.3, "DIST_UP_KM": 172.7, "CATCH_SKM": 27.459999, "UPLAND_SKM": 4093.0, "ENDORHEIC": 0, "DIS_AV_CMS": 124.883, "ORD_STRA": 5, "ORD_CLAS": 1, "ORD_FLOW": 4, "HYBAS_L12": 4121158040.0, "Shape_Length": 0.061070226039507819 }, "geometry": { "type": "Polygon", "coordinates": [ ] } },
{ "type": "Feature", "properties": { "HYRIV_ID": 41404281, "NEXT_DOWN": 41404419, "MAIN_RIV": 41399660, "LENGTH_KM": 4.9200001, "DIST_DN_KM": 215.7, "DIST_UP_KM": 22.8, "CATCH_SKM": 21.08, "UPLAND_SKM": 143.7, "ENDORHEIC": 0, "DIS_AV_CMS": 3.859, "ORD_STRA": 2, "ORD_CLAS": 2, "ORD_FLOW": 6, "HYBAS_L12": 4121158130.0, "Shape_Length": 0.044403559372884725 }, "geometry": { "type": "Polygon", "coordinates": [ ] } },
{ "type": "Feature", "properties": { "HYRIV_ID": 41404282, "NEXT_DOWN": 41404419, "MAIN_RIV": 41399660, "LENGTH_KM": 2.26, "DIST_DN_KM": 215.5, "DIST_UP_KM": 4.9, "CATCH_SKM": 6.6, "UPLAND_SKM": 6.6, "ENDORHEIC": 0, "DIS_AV_CMS": 0.184, "ORD_STRA": 1, "ORD_CLAS": 3, "ORD_FLOW": 7, "HYBAS_L12": 4121158130.0, "Shape_Length": 0.020475889843164136 }, "geometry": { "type": "Polygon", "coordinates": [ ] } },
{ "type": "Feature", "properties": { "HYRIV_ID": 41404283, "NEXT_DOWN": 41404284, "MAIN_RIV": 41399660, "LENGTH_KM": 1.15, "DIST_DN_KM": 166.10001, "DIST_UP_KM": 3.8, "CATCH_SKM": 8.5200005, "UPLAND_SKM": 8.5, "ENDORHEIC": 0, "DIS_AV_CMS": 0.225, "ORD_STRA": 1, "ORD_CLAS": 3, "ORD_FLOW": 7, "HYBAS_L12": 4121158040.0, "Shape_Length": 0.010416666666628771 }, "geometry": { "type": "Polygon", "coordinates": [ ] } },
{ "type": "Feature", "properties": { "HYRIV_ID": 41404284, "NEXT_DOWN": 41404274, "MAIN_RIV": 41399660, "LENGTH_KM": 2.23, "DIST_DN_KM": 163.89999, "DIST_UP_KM": 8.1, "CATCH_SKM": 2.98, "UPLAND_SKM": 21.3, "ENDORHEIC": 0, "DIS_AV_CMS": 0.56300002, "ORD_STRA": 2, "ORD_CLAS": 2, "ORD_FLOW": 7, "HYBAS_L12": 4121158040.0, "Shape_Length": 0.02011844635305652 }, "geometry": { "type": "Polygon", "coordinates": [ ] } },
{ "type": "Feature", "properties": { "HYRIV_ID": 41404285, "NEXT_DOWN": 41404274, "MAIN_RIV": 41399660, "LENGTH_KM": 0.65, "DIST_DN_KM": 164.10001, "DIST_UP_KM": 166.0, "CATCH_SKM": 0.43, "UPLAND_SKM": 4044.3, "ENDORHEIC": 0, "DIS_AV_CMS": 123.694, "ORD_STRA": 5, "ORD_CLAS": 1, "ORD_FLOW": 4, "HYBAS_L12": 4121158040.0, "Shape_Length": 0.0058925565098724882 }, "geometry": { "type": "Polygon", "coordinates": [ ] } },
{ "type": "Feature", "properties": { "HYRIV_ID": 41404286, "NEXT_DOWN": 41404285, "MAIN_RIV": 41399660, "LENGTH_KM": 3.6, "DIST_DN_KM": 164.8, "DIST_UP_KM": 9.6, "CATCH_SKM": 6.1700001, "UPLAND_SKM": 31.5, "ENDORHEIC": 0, "DIS_AV_CMS": 0.806, "ORD_STRA": 2, "ORD_CLAS": 2, "ORD_FLOW": 7, "HYBAS_L12": 4121158040.0, "Shape_Length": 0.032618446353126253 }, "geometry": { "type": "Polygon", "coordinates": [ ] } },
{ "type": "Feature", "properties": { "HYRIV_ID": 41404295, "NEXT_DOWN": 41404397, "MAIN_RIV": 41399660, "LENGTH_KM": 0.69, "DIST_DN_KM": 211.8, "DIST_UP_KM": 3.8, "CATCH_SKM": 5.3200002, "UPLAND_SKM": 5.3, "ENDORHEIC": 0, "DIS_AV_CMS": 0.144, "ORD_STRA": 1, "ORD_CLAS": 2, "ORD_FLOW": 7, "HYBAS_L12": 4121158280.0, "Shape_Length": 0.0062500000000369482 }, "geometry": { "type": "Polygon", "coordinates": [ ] } },
{ "type": "Feature", "properties": { "HYRIV_ID": 41404296, "NEXT_DOWN": 41404397, "MAIN_RIV": 41399660, "LENGTH_KM": 0.69, "DIST_DN_KM": 211.8, "DIST_UP_KM": 3.1, "CATCH_SKM": 5.1100001, "UPLAND_SKM": 5.1, "ENDORHEIC": 0, "DIS_AV_CMS": 0.138, "ORD_STRA": 1, "ORD_CLAS": 3, "ORD_FLOW": 7, "HYBAS_L12": 4121158280.0, "Shape_Length": 0.0062500000000795808 }, "geometry": { "type": "Polygon", "coordinates": [ ] } },
{ "type": "Feature", "properties": { "HYRIV_ID": 41404308, "NEXT_DOWN": 41404371, "MAIN_RIV": 41399660, "LENGTH_KM": 2.6900001, "DIST_DN_KM": 215.8, "DIST_UP_KM": 9.8, "CATCH_SKM": 6.39, "UPLAND_SKM": 42.8, "ENDORHEIC": 0, "DIS_AV_CMS": 1.1670001, "ORD_STRA": 2, "ORD_CLAS": 3, "ORD_FLOW": 6, "HYBAS_L12": 4121158130.0, "Shape_Length": 0.024285113019743655 }, "geometry": { "type": "Polygon", "coordinates": [ ] } },
{ "type": "Feature", "properties": { "HYRIV_ID": 41404309, "NEXT_DOWN": 41404371, "MAIN_RIV": 41399660, "LENGTH_KM": 2.99, "DIST_DN_KM": 215.8, "DIST_UP_KM": 5.8, "CATCH_SKM": 10.01, "UPLAND_SKM": 10.0, "ENDORHEIC": 0, "DIS_AV_CMS": 0.276, "ORD_STRA": 1, "ORD_CLAS": 4, "ORD_FLOW": 7, "HYBAS_L12": 4121158130.0, "Shape_Length": 0.027083333333337123 }, "geometry": { "type": "Polygon", "coordinates": [ ] } },
{ "type": "Feature", "properties": { "HYRIV_ID": 41404323, "NEXT_DOWN": 41404324, "MAIN_RIV": 41399660, "LENGTH_KM": 1.81, "DIST_DN_KM": 238.3, "DIST_UP_KM": 5.0, "CATCH_SKM": 6.1700001, "UPLAND_SKM": 6.2, "ENDORHEIC": 0, "DIS_AV_CMS": 0.178, "ORD_STRA": 1, "ORD_CLAS": 2, "ORD_FLOW": 7, "HYBAS_L12": 4121601670.0, "Shape_Length": 0.016309223176580637 }, "geometry": { "type": "Polygon", "coordinates": [ ] } },
{ "type": "Feature", "properties": { "HYRIV_ID": 41404324, "NEXT_DOWN": 41404203, "MAIN_RIV": 41399660, "LENGTH_KM": 4.46, "DIST_DN_KM": 233.8, "DIST_UP_KM": 96.300003, "CATCH_SKM": 11.5, "UPLAND_SKM": 1194.1, "ENDORHEIC": 0, "DIS_AV_CMS": 41.759998, "ORD_STRA": 4, "ORD_CLAS": 1, "ORD_FLOW": 5, "HYBAS_L12": 4121601670.0, "Shape_Length": 0.040236892706213521 }, "geometry": { "type": "Polygon", "coordinates": [ ] } },
{ "type": "Feature", "properties": { "HYRIV_ID": 41404325, "NEXT_DOWN": 41404435, "MAIN_RIV": 41399660, "LENGTH_KM": 3.12, "DIST_DN_KM": 222.8, "DIST_UP_KM": 6.3, "CATCH_SKM": 11.71, "UPLAND_SKM": 11.7, "ENDORHEIC": 0, "DIS_AV_CMS": 0.332, "ORD_STRA": 1, "ORD_CLAS": 2, "ORD_FLOW": 7, "HYBAS_L12": 4121158110.0, "Shape_Length": 0.028094336196242787 }, "geometry": { "type": "Polygon", "coordinates": [ ] } },
{ "type": "Feature", "properties": { "HYRIV_ID": 41404326, "NEXT_DOWN": 41404435, "MAIN_RIV": 41399660, "LENGTH_KM": 2.73, "DIST_DN_KM": 222.8, "DIST_UP_KM": 5.8, "CATCH_SKM": 8.5200005, "UPLAND_SKM": 8.5, "ENDORHEIC": 0, "DIS_AV_CMS": 0.241, "ORD_STRA": 1, "ORD_CLAS": 3, "ORD_FLOW": 7, "HYBAS_L12": 4121158110.0, "Shape_Length": 0.024642556510025251 }, "geometry": { "type": "Polygon", "coordinates": [ ] } },
{ "type": "Feature", "properties": { "HYRIV_ID": 41404327, "NEXT_DOWN": 41404130, "MAIN_RIV": 41399660, "LENGTH_KM": 6.7800002, "DIST_DN_KM": 168.39999, "DIST_UP_KM": 19.8, "CATCH_SKM": 24.48, "UPLAND_SKM": 89.199997, "ENDORHEIC": 0, "DIS_AV_CMS": 2.21, "ORD_STRA": 2, "ORD_CLAS": 2, "ORD_FLOW": 6, "HYBAS_L12": 4121601620.0, "Shape_Length": 0.061070226039605567 }, "geometry": { "type": "Polygon", "coordinates": [ ] } },
{ "type": "Feature", "properties": { "HYRIV_ID": 41404343, "NEXT_DOWN": 41404370, "MAIN_RIV": 41399660, "LENGTH_KM": 4.9299998, "DIST_DN_KM": 226.39999, "DIST_UP_KM": 103.7, "CATCH_SKM": 11.92, "UPLAND_SKM": 1354.2, "ENDORHEIC": 0, "DIS_AV_CMS": 46.183998, "ORD_STRA": 4, "ORD_CLAS": 1, "ORD_FLOW": 5, "HYBAS_L12": 4121601720.0, "Shape_Length": 0.044403559372863916 }, "geometry": { "type": "Polygon", "coordinates": [ ] } },
{ "type": "Feature", "properties": { "HYRIV_ID": 41404344, "NEXT_DOWN": 41404370, "MAIN_RIV": 41399660, "LENGTH_KM": 0.69, "DIST_DN_KM": 226.2, "DIST_UP_KM": 3.8, "CATCH_SKM": 5.96, "UPLAND_SKM": 6.0, "ENDORHEIC": 0, "DIS_AV_CMS": 0.171, "ORD_STRA": 1, "ORD_CLAS": 2, "ORD_FLOW": 7, "HYBAS_L12": 4121601720.0, "Shape_Length": 0.0062499999999090505 }, "geometry": { "type": "Polygon", "coordinates": [ ] } },
{ "type": "Feature", "properties": { "HYRIV_ID": 41404345, "NEXT_DOWN": 41404284, "MAIN_RIV": 41399660, "LENGTH_KM": 2.27, "DIST_DN_KM": 166.10001, "DIST_UP_KM": 5.8, "CATCH_SKM": 9.79, "UPLAND_SKM": 9.8, "ENDORHEIC": 0, "DIS_AV_CMS": 0.26100001, "ORD_STRA": 1, "ORD_CLAS": 2, "ORD_FLOW": 7, "HYBAS_L12": 4121158040.0, "Shape_Length": 0.020475889843243514 }, "geometry": { "type": "Polygon", "coordinates": [ ] } },
{ "type": "Feature", "properties": { "HYRIV_ID": 41404370, "NEXT_DOWN": 41404418, "MAIN_RIV": 41399660, "LENGTH_KM": 0.65, "DIST_DN_KM": 225.7, "DIST_UP_KM": 104.3, "CATCH_SKM": 1.92, "UPLAND_SKM": 1362.1, "ENDORHEIC": 0, "DIS_AV_CMS": 46.409, "ORD_STRA": 4, "ORD_CLAS": 1, "ORD_FLOW": 5, "HYBAS_L12": 4121601720.0, "Shape_Length": 0.0058925565098825365 }, "geometry": { "type": "Polygon", "coordinates": [ ] } },
{ "type": "Feature", "properties": { "HYRIV_ID": 41404371, "NEXT_DOWN": 41404395, "MAIN_RIV": 41399660, "LENGTH_KM": 1.58, "DIST_DN_KM": 214.39999, "DIST_UP_KM": 11.2, "CATCH_SKM": 2.98, "UPLAND_SKM": 55.8, "ENDORHEIC": 0, "DIS_AV_CMS": 1.525, "ORD_STRA": 2, "ORD_CLAS": 3, "ORD_FLOW": 6, "HYBAS_L12": 4121158130.0, "Shape_Length": 0.014225889843236712 }, "geometry": { "type": "Polygon", "coordinates": [ ] } },
{ "type": "Feature", "properties": { "HYRIV_ID": 41404372, "NEXT_DOWN": 41404395, "MAIN_RIV": 41399660, "LENGTH_KM": 0.69, "DIST_DN_KM": 214.2, "DIST_UP_KM": 4.4, "CATCH_SKM": 5.75, "UPLAND_SKM": 5.7, "ENDORHEIC": 0, "DIS_AV_CMS": 0.16, "ORD_STRA": 1, "ORD_CLAS": 4, "ORD_FLOW": 7, "HYBAS_L12": 4121158130.0, "Shape_Length": 0.0062499999999658939 }, "geometry": { "type": "Polygon", "coordinates": [ ] } },
{ "type": "Feature", "properties": { "HYRIV_ID": 41404373, "NEXT_DOWN": 41404327, "MAIN_RIV": 41399660, "LENGTH_KM": 1.8, "DIST_DN_KM": 175.2, "DIST_UP_KM": 5.5, "CATCH_SKM": 8.3, "UPLAND_SKM": 8.3, "ENDORHEIC": 0, "DIS_AV_CMS": 0.208, "ORD_STRA": 1, "ORD_CLAS": 3, "ORD_FLOW": 7, "HYBAS_L12": 4121601620.0, "Shape_Length": 0.016309223176511307 }, "geometry": { "type": "Polygon", "coordinates": [ ] } },
{ "type": "Feature", "properties": { "HYRIV_ID": 41404393, "NEXT_DOWN": 41404415, "MAIN_RIV": 41399660, "LENGTH_KM": 3.86, "DIST_DN_KM": 241.39999, "DIST_UP_KM": 6.1, "CATCH_SKM": 10.65, "UPLAND_SKM": 10.6, "ENDORHEIC": 0, "DIS_AV_CMS": 0.311, "ORD_STRA": 1, "ORD_CLAS": 2, "ORD_FLOW": 7, "HYBAS_L12": 4121601670.0, "Shape_Length": 0.034849837627823149 }, "geometry": { "type": "Polygon", "coordinates": [ ] } },
{ "type": "Feature", "properties": { "HYRIV_ID": 41404394, "NEXT_DOWN": 41404418, "MAIN_RIV": 41399660, "LENGTH_KM": 0.69, "DIST_DN_KM": 225.5, "DIST_UP_KM": 3.5, "CATCH_SKM": 4.0500002, "UPLAND_SKM": 4.0, "ENDORHEIC": 0, "DIS_AV_CMS": 0.119, "ORD_STRA": 1, "ORD_CLAS": 2, "ORD_FLOW": 7, "HYBAS_L12": 4121158110.0, "Shape_Length": 0.0062499999999801048 }, "geometry": { "type": "Polygon", "coordinates": [ ] } },
{ "type": "Feature", "properties": { "HYRIV_ID": 41404395, "NEXT_DOWN": 41404420, "MAIN_RIV": 41399660, "LENGTH_KM": 0.65, "DIST_DN_KM": 213.8, "DIST_UP_KM": 11.8, "CATCH_SKM": 0.43, "UPLAND_SKM": 62.0, "ENDORHEIC": 0, "DIS_AV_CMS": 1.697, "ORD_STRA": 2, "ORD_CLAS": 3, "ORD_FLOW": 6, "HYBAS_L12": 4121158130.0, "Shape_Length": 0.0058925565098724882 }, "geometry": { "type": "Polygon", "coordinates": [ ] } },
{ "type": "Feature", "properties": { "HYRIV_ID": 41404396, "NEXT_DOWN": 41404437, "MAIN_RIV": 41399660, "LENGTH_KM": 0.69, "DIST_DN_KM": 209.10001, "DIST_UP_KM": 4.7, "CATCH_SKM": 5.54, "UPLAND_SKM": 5.5, "ENDORHEIC": 0, "DIS_AV_CMS": 0.151, "ORD_STRA": 1, "ORD_CLAS": 3, "ORD_FLOW": 7, "HYBAS_L12": 4121158280.0, "Shape_Length": 0.0062499999999801048 }, "geometry": { "type": "Polygon", "coordinates": [ ] } },
{ "type": "Feature", "properties": { "HYRIV_ID": 41404397, "NEXT_DOWN": 41404437, "MAIN_RIV": 41399660, "LENGTH_KM": 2.6900001, "DIST_DN_KM": 209.3, "DIST_UP_KM": 6.3, "CATCH_SKM": 8.5200005, "UPLAND_SKM": 18.9, "ENDORHEIC": 0, "DIS_AV_CMS": 0.51300001, "ORD_STRA": 2, "ORD_CLAS": 2, "ORD_FLOW": 7, "HYBAS_L12": 4121158280.0, "Shape_Length": 0.024285113019721121 }, "geometry": { "type": "Polygon", "coordinates": [ ] } },
{ "type": "Feature", "properties": { "HYRIV_ID": 41404398, "NEXT_DOWN": 41404285, "MAIN_RIV": 41399660, "LENGTH_KM": 3.1600001, "DIST_DN_KM": 164.60001, "DIST_UP_KM": 165.5, "CATCH_SKM": 14.48, "UPLAND_SKM": 4012.3, "ENDORHEIC": 0, "DIS_AV_CMS": 122.884, "ORD_STRA": 5, "ORD_CLAS": 1, "ORD_FLOW": 4, "HYBAS_L12": 4121158040.0, "Shape_Length": 0.028451779686447444 }, "geometry": { "type": "Polygon", "coordinates": [ ] } },
{ "type": "Feature", "properties": { "HYRIV_ID": 41404399, "NEXT_DOWN": 41404398, "MAIN_RIV": 41399660, "LENGTH_KM": 2.99, "DIST_DN_KM": 167.7, "DIST_UP_KM": 5.7, "CATCH_SKM": 14.05, "UPLAND_SKM": 14.1, "ENDORHEIC": 0, "DIS_AV_CMS": 0.36500001, "ORD_STRA": 1, "ORD_CLAS": 2, "ORD_FLOW": 7, "HYBAS_L12": 4121158040.0, "Shape_Length": 0.02708333333345081 }, "geometry": { "type": "Polygon", "coordinates": [ ] } },
{ "type": "Feature", "properties": { "HYRIV_ID": 41404415, "NEXT_DOWN": 41404416, "MAIN_RIV": 41399660, "LENGTH_KM": 1.11, "DIST_DN_KM": 240.3, "DIST_UP_KM": 89.800003, "CATCH_SKM": 1.06, "UPLAND_SKM": 1155.8, "ENDORHEIC": 0, "DIS_AV_CMS": 40.668999, "ORD_STRA": 4, "ORD_CLAS": 1, "ORD_FLOW": 5, "HYBAS_L12": 4121601670.0, "Shape_Length": 0.010059223176575559 }, "geometry": { "type": "Polygon", "coordinates": [ ] } },
{ "type": "Feature", "properties": { "HYRIV_ID": 41404416, "NEXT_DOWN": 41404324, "MAIN_RIV": 41399660, "LENGTH_KM": 2.04, "DIST_DN_KM": 238.5, "DIST_UP_KM": 91.599998, "CATCH_SKM": 7.6700001, "UPLAND_SKM": 1176.4, "ENDORHEIC": 0, "DIS_AV_CMS": 41.266998, "ORD_STRA": 4, "ORD_CLAS": 1, "ORD_FLOW": 5, "HYBAS_L12": 4121601670.0, "Shape_Length": 0.018392556509899589 }, "geometry": { "type": "Polygon", "coordinates": [ ] } },
{ "type": "Feature", "properties": { "HYRIV_ID": 41404417, "NEXT_DOWN": 41404416, "MAIN_RIV": 41399660, "LENGTH_KM": 2.55, "DIST_DN_KM": 240.3, "DIST_UP_KM": 5.9, "CATCH_SKM": 12.99, "UPLAND_SKM": 13.0, "ENDORHEIC": 0, "DIS_AV_CMS": 0.38100001, "ORD_STRA": 1, "ORD_CLAS": 2, "ORD_FLOW": 7, "HYBAS_L12": 4121601670.0, "Shape_Length": 0.023064724608112486 }, "geometry": { "type": "Polygon", "coordinates": [ ] } },
{ "type": "Feature", "properties": { "HYRIV_ID": 41404418, "NEXT_DOWN": 41404434, "MAIN_RIV": 41399660, "LENGTH_KM": 2.6800001, "DIST_DN_KM": 222.89999, "DIST_UP_KM": 107.2, "CATCH_SKM": 4.4699998, "UPLAND_SKM": 1370.6, "ENDORHEIC": 0, "DIS_AV_CMS": 46.645, "ORD_STRA": 4, "ORD_CLAS": 1, "ORD_FLOW": 5, "HYBAS_L12": 4121158110.0, "Shape_Length": 0.024285113019813995 }, "geometry": { "type": "Polygon", "coordinates": [ ] } },
{ "type": "Feature", "properties": { "HYRIV_ID": 41404419, "NEXT_DOWN": 41404500, "MAIN_RIV": 41399660, "LENGTH_KM": 4.3800001, "DIST_DN_KM": 211.39999, "DIST_UP_KM": 27.200001, "CATCH_SKM": 11.71, "UPLAND_SKM": 162.0, "ENDORHEIC": 0, "DIS_AV_CMS": 4.3720002, "ORD_STRA": 2, "ORD_CLAS": 2, "ORD_FLOW": 6, "HYBAS_L12": 4121158130.0, "Shape_Length": 0.039522005725998288 }, "geometry": { "type": "Polygon", "coordinates": [ ] } },
{ "type": "Feature", "properties": { "HYRIV_ID": 41404420, "NEXT_DOWN": 41404500, "MAIN_RIV": 41399660, "LENGTH_KM": 2.4200001, "DIST_DN_KM": 211.39999, "DIST_UP_KM": 14.2, "CATCH_SKM": 3.83, "UPLAND_SKM": 74.5, "ENDORHEIC": 0, "DIS_AV_CMS": 2.0510001, "ORD_STRA": 2, "ORD_CLAS": 3, "ORD_FLOW": 6, "HYBAS_L12": 4121158130.0, "Shape_Length": 0.021844336196360732 }, "geometry": { "type": "Polygon", "coordinates": [ ] } },
{ "type": "Feature", "properties": { "HYRIV_ID": 41404421, "NEXT_DOWN": 41404420, "MAIN_RIV": 41399660, "LENGTH_KM": 1.4400001, "DIST_DN_KM": 213.60001, "DIST_UP_KM": 4.5, "CATCH_SKM": 8.7299995, "UPLAND_SKM": 8.7, "ENDORHEIC": 0, "DIS_AV_CMS": 0.24600001, "ORD_STRA": 1, "ORD_CLAS": 4, "ORD_FLOW": 7, "HYBAS_L12": 4121158130.0, "Shape_Length": 0.01300550143149673 }, "geometry": { "type": "Polygon", "coordinates": [ ] } },
{ "type": "Feature", "properties": { "HYRIV_ID": 41404431, "NEXT_DOWN": 41404454, "MAIN_RIV": 41399660, "LENGTH_KM": 3.11, "DIST_DN_KM": 252.39999, "DIST_UP_KM": 6.4, "CATCH_SKM": 12.14, "UPLAND_SKM": 12.1, "ENDORHEIC": 0, "DIS_AV_CMS": 0.36, "ORD_STRA": 1, "ORD_CLAS": 2, "ORD_FLOW": 7, "HYBAS_L12": 4121601670.0, "Shape_Length": 0.028094336196393517 }, "geometry": { "type": "Polygon", "coordinates": [ ] } },
{ "type": "Feature", "properties": { "HYRIV_ID": 41404432, "NEXT_DOWN": 41404454, "MAIN_RIV": 41399660, "LENGTH_KM": 1.4400001, "DIST_DN_KM": 252.2, "DIST_UP_KM": 4.3, "CATCH_SKM": 6.1700001, "UPLAND_SKM": 6.2, "ENDORHEIC": 0, "DIS_AV_CMS": 0.183, "ORD_STRA": 1, "ORD_CLAS": 3, "ORD_FLOW": 7, "HYBAS_L12": 4121601670.0, "Shape_Length": 0.013005501431567071 }, "geometry": { "type": "Polygon", "coordinates": [ ] } },
{ "type": "Feature", "properties": { "HYRIV_ID": 41404433, "NEXT_DOWN": 41404468, "MAIN_RIV": 41399660, "LENGTH_KM": 2.08, "DIST_DN_KM": 248.60001, "DIST_UP_KM": 4.7, "CATCH_SKM": 8.3, "UPLAND_SKM": 8.3, "ENDORHEIC": 0, "DIS_AV_CMS": 0.244, "ORD_STRA": 1, "ORD_CLAS": 3, "ORD_FLOW": 7, "HYBAS_L12": 4121601670.0, "Shape_Length": 0.018750000000011369 }, "geometry": { "type": "Polygon", "coordinates": [ ] } },
{ "type": "Feature", "properties": { "HYRIV_ID": 41404434, "NEXT_DOWN": 41404498, "MAIN_RIV": 41399660, "LENGTH_KM": 3.4100001, "DIST_DN_KM": 219.39999, "DIST_UP_KM": 110.6, "CATCH_SKM": 7.0300002, "UPLAND_SKM": 1410.0, "ENDORHEIC": 0, "DIS_AV_CMS": 47.794998, "ORD_STRA": 4, "ORD_CLAS": 1, "ORD_FLOW": 5, "HYBAS_L12": 4121158110.0, "Shape_Length": 0.030892556509769659 }, "geometry": { "type": "Polygon", "coordinates": [ ] } },
{ "type": "Feature", "properties": { "HYRIV_ID": 41404435, "NEXT_DOWN": 41404498, "MAIN_RIV": 41399660, "LENGTH_KM": 3.34, "DIST_DN_KM": 219.39999, "DIST_UP_KM": 9.7, "CATCH_SKM": 9.1599998, "UPLAND_SKM": 29.4, "ENDORHEIC": 0, "DIS_AV_CMS": 0.83499998, "ORD_STRA": 2, "ORD_CLAS": 2, "ORD_FLOW": 7, "HYBAS_L12": 4121158110.0, "Shape_Length": 0.03017766952972567 }, "geometry": { "type": "Polygon", "coordinates": [ ] } },
{ "type": "Feature", "properties": { "HYRIV_ID": 41404436, "NEXT_DOWN": 41404691, "MAIN_RIV": 41399660, "LENGTH_KM": 0.69, "DIST_DN_KM": 207.89999, "DIST_UP_KM": 3.6, "CATCH_SKM": 4.4699998, "UPLAND_SKM": 4.5, "ENDORHEIC": 0, "DIS_AV_CMS": 0.123, "ORD_STRA": 1, "ORD_CLAS": 3, "ORD_FLOW": 7, "HYBAS_L12": 4121158280.0, "Shape_Length": 0.0062500000000369482 }, "geometry": { "type": "Polygon", "coordinates": [ ] } },
{ "type": "Feature", "properties": { "HYRIV_ID": 41404437, "NEXT_DOWN": 41404691, "MAIN_RIV": 41399660, "LENGTH_KM": 1.12, "DIST_DN_KM": 208.10001, "DIST_UP_KM": 7.4, "CATCH_SKM": 4.4699998, "UPLAND_SKM": 29.0, "ENDORHEIC": 0, "DIS_AV_CMS": 0.787, "ORD_STRA": 2, "ORD_CLAS": 2, "ORD_FLOW": 7, "HYBAS_L12": 4121158280.0, "Shape_Length": 0.010059223176588045 }, "geometry": { "type": "Polygon", "coordinates": [ ] } },
{ "type": "Feature", "properties": { "HYRIV_ID": 41404438, "NEXT_DOWN": 41404469, "MAIN_RIV": 41399660, "LENGTH_KM": 1.8, "DIST_DN_KM": 186.5, "DIST_UP_KM": 4.0, "CATCH_SKM": 7.6700001, "UPLAND_SKM": 7.7, "ENDORHEIC": 0, "DIS_AV_CMS": 0.193, "ORD_STRA": 1, "ORD_CLAS": 3, "ORD_FLOW": 7, "HYBAS_L12": 4121158150.0, "Shape_Length": 0.016309223176511307 }, "geometry": { "type": "Polygon", "coordinates": [ ] } },
{ "type": "Feature", "properties": { "HYRIV_ID": 41404454, "NEXT_DOWN": 41404455, "MAIN_RIV": 41399660, "LENGTH_KM": 1.11, "DIST_DN_KM": 251.10001, "DIST_UP_KM": 7.7, "CATCH_SKM": 3.4100001, "UPLAND_SKM": 21.700001, "ENDORHEIC": 0, "DIS_AV_CMS": 0.64499998, "ORD_STRA": 2, "ORD_CLAS": 2, "ORD_FLOW": 7, "HYBAS_L12": 4121601670.0, "Shape_Length": 0.010059223176535365 }, "geometry": { "type": "Polygon", "coordinates": [ ] } },
{ "type": "Feature", "properties": { "HYRIV_ID": 41404455, "NEXT_DOWN": 41404468, "MAIN_RIV": 41399660, "LENGTH_KM": 2.49, "DIST_DN_KM": 248.60001, "DIST_UP_KM": 10.2, "CATCH_SKM": 6.1700001, "UPLAND_SKM": 33.200001, "ENDORHEIC": 0, "DIS_AV_CMS": 0.99199998, "ORD_STRA": 2, "ORD_CLAS": 2, "ORD_FLOW": 7, "HYBAS_L12": 4121601670.0, "Shape_Length": 0.022559223176467153 }, "geometry": { "type": "Polygon", "coordinates": [ ] } },
{ "type": "Feature", "properties": { "HYRIV_ID": 41404468, "NEXT_DOWN": 41404480, "MAIN_RIV": 41399660, "LENGTH_KM": 2.61, "DIST_DN_KM": 246.2, "DIST_UP_KM": 12.6, "CATCH_SKM": 5.54, "UPLAND_SKM": 47.099998, "ENDORHEIC": 0, "DIS_AV_CMS": 1.399, "ORD_STRA": 2, "ORD_CLAS": 2, "ORD_FLOW": 6, "HYBAS_L12": 4121601670.0, "Shape_Length": 0.0235702260395 }, "geometry": { "type": "Polygon", "coordinates": [ ] } },
{ "type": "Feature", "properties": { "HYRIV_ID": 41404469, "NEXT_DOWN": 41404483, "MAIN_RIV": 41399660, "LENGTH_KM": 7.9899998, "DIST_DN_KM": 178.5, "DIST_UP_KM": 26.3, "CATCH_SKM": 21.93, "UPLAND_SKM": 101.6, "ENDORHEIC": 0, "DIS_AV_CMS": 2.573, "ORD_STRA": 2, "ORD_CLAS": 2, "ORD_FLOW": 6, "HYBAS_L12": 4121158150.0, "Shape_Length": 0.072140452079099582 }, "geometry": { "type": "Polygon", "coordinates": [ ] } },
{ "type": "Feature", "properties": { "HYRIV_ID": 41404470, "NEXT_DOWN": 41404483, "MAIN_RIV": 41399660, "LENGTH_KM": 1.4400001, "DIST_DN_KM": 178.5, "DIST_UP_KM": 4.0, "CATCH_SKM": 7.2399998, "UPLAND_SKM": 7.2, "ENDORHEIC": 0, "DIS_AV_CMS": 0.186, "ORD_STRA": 1, "ORD_CLAS": 3, "ORD_FLOW": 7, "HYBAS_L12": 4121158150.0, "Shape_Length": 0.013005501431456536 }, "geometry": { "type": "Polygon", "coordinates": [ ] } },
{ "type": "Feature", "properties": { "HYRIV_ID": 41404480, "NEXT_DOWN": 41404481, "MAIN_RIV": 41399660, "LENGTH_KM": 2.03, "DIST_DN_KM": 243.89999, "DIST_UP_KM": 14.8, "CATCH_SKM": 3.4100001, "UPLAND_SKM": 58.8, "ENDORHEIC": 0, "DIS_AV_CMS": 1.753, "ORD_STRA": 2, "ORD_CLAS": 2, "ORD_FLOW": 6, "HYBAS_L12": 4121601670.0, "Shape_Length": 0.01839255650990821 }, "geometry": { "type": "Polygon", "coordinates": [ ] } },
{ "type": "Feature", "properties": { "HYRIV_ID": 41404481, "NEXT_DOWN": 41404415, "MAIN_RIV": 41399660, "LENGTH_KM": 2.51, "DIST_DN_KM": 241.60001, "DIST_UP_KM": 88.400002, "CATCH_SKM": 3.1900001, "UPLAND_SKM": 1144.0, "ENDORHEIC": 0, "DIS_AV_CMS": 40.331001, "ORD_STRA": 4, "ORD_CLAS": 1, "ORD_FLOW": 5, "HYBAS_L12": 4121601670.0, "Shape_Length": 0.022559223176592612 }, "geometry": { "type": "Polygon", "coordinates": [ ] } },
{ "type": "Feature", "properties": { "HYRIV_ID": 41404482, "NEXT_DOWN": 41404398, "MAIN_RIV": 41399660, "LENGTH_KM": 2.51, "DIST_DN_KM": 167.7, "DIST_UP_KM": 162.3, "CATCH_SKM": 8.5200005, "UPLAND_SKM": 3983.8, "ENDORHEIC": 0, "DIS_AV_CMS": 122.209, "ORD_STRA": 5, "ORD_CLAS": 1, "ORD_FLOW": 4, "HYBAS_L12": 4121158040.0, "Shape_Length": 0.022559223176649455 }, "geometry": { "type": "Polygon", "coordinates": [ ] } },
{ "type": "Feature", "properties": { "HYRIV_ID": 41404483, "NEXT_DOWN": 41404521, "MAIN_RIV": 41399660, "LENGTH_KM": 0.46, "DIST_DN_KM": 178.0, "DIST_UP_KM": 26.8, "CATCH_SKM": 0.43, "UPLAND_SKM": 109.2, "ENDORHEIC": 0, "DIS_AV_CMS": 2.7690001, "ORD_STRA": 2, "ORD_CLAS": 2, "ORD_FLOW": 6, "HYBAS_L12": 4121158150.0, "Shape_Length": 0.0041666666667055097 }, "geometry": { "type": "Polygon", "coordinates": [ ] } },
{ "type": "Feature", "properties": { "HYRIV_ID": 41404492, "NEXT_DOWN": 41404455, "MAIN_RIV": 41399660, "LENGTH_KM": 1.62, "DIST_DN_KM": 251.10001, "DIST_UP_KM": 4.1, "CATCH_SKM": 5.3200002, "UPLAND_SKM": 5.3, "ENDORHEIC": 0, "DIS_AV_CMS": 0.162, "ORD_STRA": 1, "ORD_CLAS": 3, "ORD_FLOW": 7, "HYBAS_L12": 4121601670.0, "Shape_Length": 0.014583333333348492 }, "geometry": { "type": "Polygon", "coordinates": [ ] } },
{ "type": "Feature", "properties": { "HYRIV_ID": 41404493, "NEXT_DOWN": 41404480, "MAIN_RIV": 41399660, "LENGTH_KM": 2.0, "DIST_DN_KM": 246.2, "DIST_UP_KM": 4.7, "CATCH_SKM": 8.3, "UPLAND_SKM": 8.3, "ENDORHEIC": 0, "DIS_AV_CMS": 0.252, "ORD_STRA": 1, "ORD_CLAS": 3, "ORD_FLOW": 7, "HYBAS_L12": 4121601670.0, "Shape_Length": 0.018035113019751064 }, "geometry": { "type": "Polygon", "coordinates": [ ] } },
{ "type": "Feature", "properties": { "HYRIV_ID": 41404494, "NEXT_DOWN": 41404481, "MAIN_RIV": 41399660, "LENGTH_KM": 0.46, "DIST_DN_KM": 243.89999, "DIST_UP_KM": 86.099998, "CATCH_SKM": 2.77, "UPLAND_SKM": 1082.1, "ENDORHEIC": 0, "DIS_AV_CMS": 38.493, "ORD_STRA": 4, "ORD_CLAS": 1, "ORD_FLOW": 5, "HYBAS_L12": 4121601740.0, "Shape_Length": 0.0041666666666486663 }, "geometry": { "type": "Polygon", "coordinates": [ ] } },
{ "type": "Feature", "properties": { "HYRIV_ID": 41404495, "NEXT_DOWN": 41404494, "MAIN_RIV": 41399660, "LENGTH_KM": 1.8, "DIST_DN_KM": 244.39999, "DIST_UP_KM": 4.2, "CATCH_SKM": 5.3200002, "UPLAND_SKM": 5.3, "ENDORHEIC": 0, "DIS_AV_CMS": 0.159, "ORD_STRA": 1, "ORD_CLAS": 2, "ORD_FLOW": 7, "HYBAS_L12": 4121601740.0, "Shape_Length": 0.016309223176614946 }, "geometry": { "type": "Polygon", "coordinates": [ ] } },
{ "type": "Feature", "properties": { "HYRIV_ID": 41404496, "NEXT_DOWN": 41404518, "MAIN_RIV": 41399660, "LENGTH_KM": 1.63, "DIST_DN_KM": 229.0, "DIST_UP_KM": 3.5, "CATCH_SKM": 7.4499998, "UPLAND_SKM": 7.5, "ENDORHEIC": 0, "DIS_AV_CMS": 0.222, "ORD_STRA": 1, "ORD_CLAS": 3, "ORD_FLOW": 7, "HYBAS_L12": 4121158110.0, "Shape_Length": 0.014731391274746534 }, "geometry": { "type": "Polygon", "coordinates": [ ] } },
{ "type": "Feature", "properties": { "HYRIV_ID": 41404497, "NEXT_DOWN": 41404434, "MAIN_RIV": 41399660, "LENGTH_KM": 2.32, "DIST_DN_KM": 222.89999, "DIST_UP_KM": 10.0, "CATCH_SKM": 6.1700001, "UPLAND_SKM": 32.400002, "ENDORHEIC": 0, "DIS_AV_CMS": 0.963, "ORD_STRA": 2, "ORD_CLAS": 2, "ORD_FLOW": 7, "HYBAS_L12": 4121158110.0, "Shape_Length": 0.020833333333328596 }, "geometry": { "type": "Polygon", "coordinates": [ ] } },
{ "type": "Feature", "properties": { "HYRIV_ID": 41404498, "NEXT_DOWN": 41404499, "MAIN_RIV": 41399660, "LENGTH_KM": 3.99, "DIST_DN_KM": 215.5, "DIST_UP_KM": 114.6, "CATCH_SKM": 10.22, "UPLAND_SKM": 1449.6, "ENDORHEIC": 0, "DIS_AV_CMS": 48.908001, "ORD_STRA": 4, "ORD_CLAS": 1, "ORD_FLOW": 5, "HYBAS_L12": 4121158110.0, "Shape_Length": 0.036070226039528822 }, "geometry": { "type": "Polygon", "coordinates": [ ] } },
{ "type": "Feature", "properties": { "HYRIV_ID": 41404499, "NEXT_DOWN": 41404519, "MAIN_RIV": 41399660, "LENGTH_KM": 0.46, "DIST_DN_KM": 215.0, "DIST_UP_KM": 115.1, "CATCH_SKM": 0.43, "UPLAND_SKM": 1495.8, "ENDORHEIC": 0, "DIS_AV_CMS": 50.282001, "ORD_STRA": 4, "ORD_CLAS": 1, "ORD_FLOW": 5, "HYBAS_L12": 4121158110.0, "Shape_Length": 0.0041666666667197205 }, "geometry": { "type": "Polygon", "coordinates": [ ] } },
{ "type": "Feature", "properties": { "HYRIV_ID": 41404500, "NEXT_DOWN": 41404520, "MAIN_RIV": 41399660, "LENGTH_KM": 2.32, "DIST_DN_KM": 208.89999, "DIST_UP_KM": 29.700001, "CATCH_SKM": 5.1100001, "UPLAND_SKM": 241.60001, "ENDORHEIC": 0, "DIS_AV_CMS": 6.566, "ORD_STRA": 3, "ORD_CLAS": 2, "ORD_FLOW": 6, "HYBAS_L12": 4121158130.0, "Shape_Length": 0.020833333333328596 }, "geometry": { "type": "Polygon", "coordinates": [ ] } },
{ "type": "Feature", "properties": { "HYRIV_ID": 41404501, "NEXT_DOWN": 41404520, "MAIN_RIV": 41399660, "LENGTH_KM": 1.15, "DIST_DN_KM": 208.8, "DIST_UP_KM": 4.9, "CATCH_SKM": 6.6, "UPLAND_SKM": 6.6, "ENDORHEIC": 0, "DIS_AV_CMS": 0.188, "ORD_STRA": 1, "ORD_CLAS": 3, "ORD_FLOW": 7, "HYBAS_L12": 4121158130.0, "Shape_Length": 0.010416666666628771 }, "geometry": { "type": "Polygon", "coordinates": [ ] } },
{ "type": "Feature", "properties": { "HYRIV_ID": 41404502, "NEXT_DOWN": 41404482, "MAIN_RIV": 41399660, "LENGTH_KM": 0.69, "DIST_DN_KM": 170.2, "DIST_UP_KM": 4.5, "CATCH_SKM": 7.6700001, "UPLAND_SKM": 7.7, "ENDORHEIC": 0, "DIS_AV_CMS": 0.204, "ORD_STRA": 1, "ORD_CLAS": 2, "ORD_FLOW": 7, "HYBAS_L12": 4121158040.0, "Shape_Length": 0.0062499999999801048 }, "geometry": { "type": "Polygon", "coordinates": [ ] } },
{ "type": "Feature", "properties": { "HYRIV_ID": 41404503, "NEXT_DOWN": 41404521, "MAIN_RIV": 41399660, "LENGTH_KM": 1.4400001, "DIST_DN_KM": 178.0, "DIST_UP_KM": 4.4, "CATCH_SKM": 5.1100001, "UPLAND_SKM": 5.1, "ENDORHEIC": 0, "DIS_AV_CMS": 0.132, "ORD_STRA": 1, "ORD_CLAS": 3, "ORD_FLOW": 7, "HYBAS_L12": 4121158150.0, "Shape_Length": 0.013005501431456536 }, "geometry": { "type": "Polygon", "coordinates": [ ] } },
{ "type": "Feature", "properties": { "HYRIV_ID": 41404517, "NEXT_DOWN": 41404518, "MAIN_RIV": 41399660, "LENGTH_KM": 1.4400001, "DIST_DN_KM": 228.8, "DIST_UP_KM": 4.1, "CATCH_SKM": 4.4699998, "UPLAND_SKM": 4.5, "ENDORHEIC": 0, "DIS_AV_CMS": 0.13500001, "ORD_STRA": 1, "ORD_CLAS": 2, "ORD_FLOW": 7, "HYBAS_L12": 4121158110.0, "Shape_Length": 0.013005501431563623 }, "geometry": { "type": "Polygon", "coordinates": [ ] } },
{ "type": "Feature", "properties": { "HYRIV_ID": 41404518, "NEXT_DOWN": 41404497, "MAIN_RIV": 41399660, "LENGTH_KM": 3.6, "DIST_DN_KM": 225.2, "DIST_UP_KM": 7.7, "CATCH_SKM": 8.9399996, "UPLAND_SKM": 20.9, "ENDORHEIC": 0, "DIS_AV_CMS": 0.62300003, "ORD_STRA": 2, "ORD_CLAS": 2, "ORD_FLOW": 7, "HYBAS_L12": 4121158110.0, "Shape_Length": 0.032618446353119654 }, "geometry": { "type": "Polygon", "coordinates": [ ] } },
{ "type": "Feature", "properties": { "HYRIV_ID": 41404519, "NEXT_DOWN": 41404688, "MAIN_RIV": 41399660, "LENGTH_KM": 6.8, "DIST_DN_KM": 208.39999, "DIST_UP_KM": 121.7, "CATCH_SKM": 14.69, "UPLAND_SKM": 1639.3, "ENDORHEIC": 0, "DIS_AV_CMS": 54.627998, "ORD_STRA": 4, "ORD_CLAS": 1, "ORD_FLOW": 5, "HYBAS_L12": 4121158120.0, "Shape_Length": 0.06136634192221662 }, "geometry": { "type": "Polygon", "coordinates": [ ] } },
{ "type": "Feature", "properties": { "HYRIV_ID": 41404520, "NEXT_DOWN": 41404688, "MAIN_RIV": 41399660, "LENGTH_KM": 0.65, "DIST_DN_KM": 208.39999, "DIST_UP_KM": 30.1, "CATCH_SKM": 0.21, "UPLAND_SKM": 248.39999, "ENDORHEIC": 0, "DIS_AV_CMS": 6.7600002, "ORD_STRA": 3, "ORD_CLAS": 2, "ORD_FLOW": 6, "HYBAS_L12": 4121158130.0, "Shape_Length": 0.0058925565098825365 }, "geometry": { "type": "Polygon", "coordinates": [ ] } },
{ "type": "Feature", "properties": { "HYRIV_ID": 41404521, "NEXT_DOWN": 41404553, "MAIN_RIV": 41399660, "LENGTH_KM": 1.3, "DIST_DN_KM": 176.89999, "DIST_UP_KM": 27.9, "CATCH_SKM": 1.92, "UPLAND_SKM": 116.3, "ENDORHEIC": 0, "DIS_AV_CMS": 2.95, "ORD_STRA": 2, "ORD_CLAS": 2, "ORD_FLOW": 6, "HYBAS_L12": 4121158150.0, "Shape_Length": 0.011785113019795219 }, "geometry": { "type": "Polygon", "coordinates": [ ] } },
{ "type": "Feature", "properties": { "HYRIV_ID": 41404528, "NEXT_DOWN": 41404499, "MAIN_RIV": 41399660, "LENGTH_KM": 1.12, "DIST_DN_KM": 215.5, "DIST_UP_KM": 11.4, "CATCH_SKM": 1.49, "UPLAND_SKM": 45.8, "ENDORHEIC": 0, "DIS_AV_CMS": 1.364, "ORD_STRA": 2, "ORD_CLAS": 2, "ORD_FLOW": 6, "HYBAS_L12": 4121158110.0, "Shape_Length": 0.010059223176545413 }, "geometry": { "type": "Polygon", "coordinates": [ ] } },
{ "type": "Feature", "properties": { "HYRIV_ID": 41404534, "NEXT_DOWN": 41404497, "MAIN_RIV": 41399660, "LENGTH_KM": 2.28, "DIST_DN_KM": 225.39999, "DIST_UP_KM": 4.2, "CATCH_SKM": 5.3200002, "UPLAND_SKM": 5.3, "ENDORHEIC": 0, "DIS_AV_CMS": 0.159, "ORD_STRA": 1, "ORD_CLAS": 3, "ORD_FLOW": 7, "HYBAS_L12": 4121158110.0, "Shape_Length": 0.020623947784639121 }, "geometry": { "type": "Polygon", "coordinates": [ ] } },
{ "type": "Feature", "properties": { "HYRIV_ID": 41404535, "NEXT_DOWN": 41404528, "MAIN_RIV": 41399660, "LENGTH_KM": 2.49, "DIST_DN_KM": 216.60001, "DIST_UP_KM": 10.3, "CATCH_SKM": 5.3200002, "UPLAND_SKM": 40.0, "ENDORHEIC": 0, "DIS_AV_CMS": 1.1950001, "ORD_STRA": 2, "ORD_CLAS": 2, "ORD_FLOW": 6, "HYBAS_L12": 4121158110.0, "Shape_Length": 0.022559223176534044 }, "geometry": { "type": "Polygon", "coordinates": [ ] } },
{ "type": "Feature", "properties": { "HYRIV_ID": 41404536, "NEXT_DOWN": 41404528, "MAIN_RIV": 41399660, "LENGTH_KM": 0.69, "DIST_DN_KM": 216.60001, "DIST_UP_KM": 3.8, "CATCH_SKM": 4.2600002, "UPLAND_SKM": 4.3, "ENDORHEIC": 0, "DIS_AV_CMS": 0.126, "ORD_STRA": 1, "ORD_CLAS": 3, "ORD_FLOW": 7, "HYBAS_L12": 4121158110.0, "Shape_Length": 0.0062499999999801048 }, "geometry": { "type": "Polygon", "coordinates": [ ] } },
{ "type": "Feature", "properties": { "HYRIV_ID": 41404537, "NEXT_DOWN": 41404327, "MAIN_RIV": 41399660, "LENGTH_KM": 6.3200002, "DIST_DN_KM": 175.2, "DIST_UP_KM": 13.0, "CATCH_SKM": 24.700001, "UPLAND_SKM": 56.400002, "ENDORHEIC": 0, "DIS_AV_CMS": 1.401, "ORD_STRA": 2, "ORD_CLAS": 2, "ORD_FLOW": 6, "HYBAS_L12": 4121601620.0, "Shape_Length": 0.056903559372867472 }, "geometry": { "type": "Polygon", "coordinates": [ ] } },
{ "type": "Feature", "properties": { "HYRIV_ID": 41404550, "NEXT_DOWN": 41404535, "MAIN_RIV": 41399660, "LENGTH_KM": 2.72, "DIST_DN_KM": 219.10001, "DIST_UP_KM": 5.6, "CATCH_SKM": 11.93, "UPLAND_SKM": 11.9, "ENDORHEIC": 0, "DIS_AV_CMS": 0.35600001, "ORD_STRA": 1, "ORD_CLAS": 3, "ORD_FLOW": 7, "HYBAS_L12": 4121158110.0, "Shape_Length": 0.024642556509867207 }, "geometry": { "type": "Polygon", "coordinates": [ ] } },
{ "type": "Feature", "properties": { "HYRIV_ID": 41404551, "NEXT_DOWN": 41404535, "MAIN_RIV": 41399660, "LENGTH_KM": 0.46, "DIST_DN_KM": 219.10001, "DIST_UP_KM": 7.8, "CATCH_SKM": 0.43, "UPLAND_SKM": 22.8, "ENDORHEIC": 0, "DIS_AV_CMS": 0.68300003, "ORD_STRA": 2, "ORD_CLAS": 2, "ORD_FLOW": 7, "HYBAS_L12": 4121158110.0, "Shape_Length": 0.0041666666666486663 }, "geometry": { "type": "Polygon", "coordinates": [ ] } },
{ "type": "Feature", "properties": { "HYRIV_ID": 41404552, "NEXT_DOWN": 41404482, "MAIN_RIV": 41399660, "LENGTH_KM": 2.6900001, "DIST_DN_KM": 170.39999, "DIST_UP_KM": 159.60001, "CATCH_SKM": 8.7299995, "UPLAND_SKM": 3967.6001, "ENDORHEIC": 0, "DIS_AV_CMS": 121.844, "ORD_STRA": 5, "ORD_CLAS": 1, "ORD_FLOW": 4, "HYBAS_L12": 4121158040.0, "Shape_Length": 0.024285113019733608 }, "geometry": { "type": "Polygon", "coordinates": [ ] } },
{ "type": "Feature", "properties": { "HYRIV_ID": 41404553, "NEXT_DOWN": 41404552, "MAIN_RIV": 41399660, "LENGTH_KM": 3.8, "DIST_DN_KM": 173.10001, "DIST_UP_KM": 31.700001, "CATCH_SKM": 9.37, "UPLAND_SKM": 135.7, "ENDORHEIC": 0, "DIS_AV_CMS": 3.4519999, "ORD_STRA": 2, "ORD_CLAS": 2, "ORD_FLOW": 6, "HYBAS_L12": 4121158150.0, "Shape_Length": 0.034344336196289071 }, "geometry": { "type": "Polygon", "coordinates": [ ] } },
{ "type": "Feature", "properties": { "HYRIV_ID": 41404561, "NEXT_DOWN": 41404553, "MAIN_RIV": 41399660, "LENGTH_KM": 2.75, "DIST_DN_KM": 176.89999, "DIST_UP_KM": 5.8, "CATCH_SKM": 10.01, "UPLAND_SKM": 10.0, "ENDORHEIC": 0, "DIS_AV_CMS": 0.259, "ORD_STRA": 1, "ORD_CLAS": 3, "ORD_FLOW": 7, "HYBAS_L12": 4121158150.0, "Shape_Length": 0.024790614451287787 }, "geometry": { "type": "Polygon", "coordinates": [ ] } },
{ "type": "Feature", "properties": { "HYRIV_ID": 41404580, "NEXT_DOWN": 41404552, "MAIN_RIV": 41399660, "LENGTH_KM": 1.12, "DIST_DN_KM": 173.10001, "DIST_UP_KM": 156.89999, "CATCH_SKM": 1.49, "UPLAND_SKM": 3823.2, "ENDORHEIC": 0, "DIS_AV_CMS": 118.223, "ORD_STRA": 5, "ORD_CLAS": 1, "ORD_FLOW": 4, "HYBAS_L12": 4121158160.0, "Shape_Length": 0.010059223176615754 }, "geometry": { "type": "Polygon", "coordinates": [ ] } },
{ "type": "Feature", "properties": { "HYRIV_ID": 41404587, "NEXT_DOWN": 41404537, "MAIN_RIV": 41399660, "LENGTH_KM": 2.56, "DIST_DN_KM": 181.5, "DIST_UP_KM": 5.6, "CATCH_SKM": 11.71, "UPLAND_SKM": 11.7, "ENDORHEIC": 0, "DIS_AV_CMS": 0.289, "ORD_STRA": 1, "ORD_CLAS": 3, "ORD_FLOW": 7, "HYBAS_L12": 4121601620.0, "Shape_Length": 0.023064724608155118 }, "geometry": { "type": "Polygon", "coordinates": [ ] } },
{ "type": "Feature", "properties": { "HYRIV_ID": 41404595, "NEXT_DOWN": 41404494, "MAIN_RIV": 41399660, "LENGTH_KM": 4.27, "DIST_DN_KM": 244.60001, "DIST_UP_KM": 85.5, "CATCH_SKM": 10.44, "UPLAND_SKM": 1074.0, "ENDORHEIC": 0, "DIS_AV_CMS": 38.251999, "ORD_STRA": 4, "ORD_CLAS": 1, "ORD_FLOW": 5, "HYBAS_L12": 4121601740.0, "Shape_Length": 0.038511002862967887 }, "geometry": { "type": "Polygon", "coordinates": [ ] } },
{ "type": "Feature", "properties": { "HYRIV_ID": 41404596, "NEXT_DOWN": 41404595, "MAIN_RIV": 41399660, "LENGTH_KM": 0.69, "DIST_DN_KM": 248.7, "DIST_UP_KM": 3.3, "CATCH_SKM": 4.0500002, "UPLAND_SKM": 4.0, "ENDORHEIC": 0, "DIS_AV_CMS": 0.123, "ORD_STRA": 1, "ORD_CLAS": 2, "ORD_FLOW": 7, "HYBAS_L12": 4121601740.0, "Shape_Length": 0.0062500000000795808 }, "geometry": { "type": "Polygon", "coordinates": [ ] } },
{ "type": "Feature", "properties": { "HYRIV_ID": 41404597, "NEXT_DOWN": 41404551, "MAIN_RIV": 41399660, "LENGTH_KM": 2.56, "DIST_DN_KM": 219.5, "DIST_UP_KM": 4.7, "CATCH_SKM": 5.54, "UPLAND_SKM": 5.5, "ENDORHEIC": 0, "DIS_AV_CMS": 0.166, "ORD_STRA": 1, "ORD_CLAS": 3, "ORD_FLOW": 7, "HYBAS_L12": 4121158110.0, "Shape_Length": 0.023064724608040418 }, "geometry": { "type": "Polygon", "coordinates": [ ] } },
{ "type": "Feature", "properties": { "HYRIV_ID": 41404598, "NEXT_DOWN": 41404469, "MAIN_RIV": 41399660, "LENGTH_KM": 6.7, "DIST_DN_KM": 186.5, "DIST_UP_KM": 18.3, "CATCH_SKM": 27.9, "UPLAND_SKM": 72.0, "ENDORHEIC": 0, "DIS_AV_CMS": 1.826, "ORD_STRA": 2, "ORD_CLAS": 2, "ORD_FLOW": 6, "HYBAS_L12": 4121158150.0, "Shape_Length": 0.060355339059239899 }, "geometry": { "type": "Polygon", "coordinates": [ ] } },
{ "type": "Feature", "properties": { "HYRIV_ID": 41404610, "NEXT_DOWN": 41404595, "MAIN_RIV": 41399660, "LENGTH_KM": 0.46, "DIST_DN_KM": 248.7, "DIST_UP_KM": 81.400002, "CATCH_SKM": 0.21, "UPLAND_SKM": 1059.5, "ENDORHEIC": 0, "DIS_AV_CMS": 37.827, "ORD_STRA": 4, "ORD_CLAS": 1, "ORD_FLOW": 5, "HYBAS_L12": 4121601740.0, "Shape_Length": 0.0041666666666628771 }, "geometry": { "type": "Polygon", "coordinates": [ ] } },
{ "type": "Feature", "properties": { "HYRIV_ID": 41404611, "NEXT_DOWN": 41404551, "MAIN_RIV": 41399660, "LENGTH_KM": 3.57, "DIST_DN_KM": 219.7, "DIST_UP_KM": 7.1, "CATCH_SKM": 16.82, "UPLAND_SKM": 16.8, "ENDORHEIC": 0, "DIS_AV_CMS": 0.50400001, "ORD_STRA": 1, "ORD_CLAS": 2, "ORD_FLOW": 7, "HYBAS_L12": 4121158110.0, "Shape_Length": 0.032261002863068877 }, "geometry": { "type": "Polygon", "coordinates": [ ] } },
{ "type": "Feature", "properties": { "HYRIV_ID": 41404612, "NEXT_DOWN": 41404613, "MAIN_RIV": 41399660, "LENGTH_KM": 0.69, "DIST_DN_KM": 178.10001, "DIST_UP_KM": 3.5, "CATCH_SKM": 4.4699998, "UPLAND_SKM": 4.5, "ENDORHEIC": 0, "DIS_AV_CMS": 0.121, "ORD_STRA": 1, "ORD_CLAS": 2, "ORD_FLOW": 7, "HYBAS_L12": 4121158210.0, "Shape_Length": 0.0062499999999943157 }, "geometry": { "type": "Polygon", "coordinates": [ ] } },
{ "type": "Feature", "properties": { "HYRIV_ID": 41404613, "NEXT_DOWN": 41404614, "MAIN_RIV": 41399660, "LENGTH_KM": 1.38, "DIST_DN_KM": 176.7, "DIST_UP_KM": 153.3, "CATCH_SKM": 5.1100001, "UPLAND_SKM": 3149.8, "ENDORHEIC": 0, "DIS_AV_CMS": 100.481, "ORD_STRA": 5, "ORD_CLAS": 1, "ORD_FLOW": 4, "HYBAS_L12": 4121158210.0, "Shape_Length": 0.012499999999988631 }, "geometry": { "type": "Polygon", "coordinates": [ ] } },
{ "type": "Feature", "properties": { "HYRIV_ID": 41404614, "NEXT_DOWN": 41404580, "MAIN_RIV": 41399660, "LENGTH_KM": 2.6900001, "DIST_DN_KM": 174.2, "DIST_UP_KM": 155.8, "CATCH_SKM": 4.6799998, "UPLAND_SKM": 3553.8, "ENDORHEIC": 0, "DIS_AV_CMS": 111.307, "ORD_STRA": 5, "ORD_CLAS": 1, "ORD_FLOW": 4, "HYBAS_L12": 4121158180.0, "Shape_Length": 0.024285113019743655 }, "geometry": { "type": "Polygon", "coordinates": [ ] } },
{ "type": "Feature", "properties": { "HYRIV_ID": 41404631, "NEXT_DOWN": 41404632, "MAIN_RIV": 41399660, "LENGTH_KM": 3.01, "DIST_DN_KM": 251.2, "DIST_UP_KM": 4.9, "CATCH_SKM": 7.2399998, "UPLAND_SKM": 7.2, "ENDORHEIC": 0, "DIS_AV_CMS": 0.223, "ORD_STRA": 1, "ORD_CLAS": 3, "ORD_FLOW": 7, "HYBAS_L12": 4121601740.0, "Shape_Length": 0.027231391274638427 }, "geometry": { "type": "Polygon", "coordinates": [ ] } },
{ "type": "Feature", "properties": { "HYRIV_ID": 41404632, "NEXT_DOWN": 41404610, "MAIN_RIV": 41399660, "LENGTH_KM": 2.03, "DIST_DN_KM": 249.10001, "DIST_UP_KM": 8.1, "CATCH_SKM": 5.1100001, "UPLAND_SKM": 22.6, "ENDORHEIC": 0, "DIS_AV_CMS": 0.7, "ORD_STRA": 2, "ORD_CLAS": 2, "ORD_FLOW": 7, "HYBAS_L12": 4121601740.0, "Shape_Length": 0.018392556509861119 }, "geometry": { "type": "Polygon", "coordinates": [ ] } },
{ "type": "Feature", "properties": { "HYRIV_ID": 41404633, "NEXT_DOWN": 41404610, "MAIN_RIV": 41399660, "LENGTH_KM": 1.4400001, "DIST_DN_KM": 249.10001, "DIST_UP_KM": 4.2, "CATCH_SKM": 5.96, "UPLAND_SKM": 6.0, "ENDORHEIC": 0, "DIS_AV_CMS": 0.183, "ORD_STRA": 1, "ORD_CLAS": 3, "ORD_FLOW": 7, "HYBAS_L12": 4121601740.0, "Shape_Length": 0.013005501431536925 }, "geometry": { "type": "Polygon", "coordinates": [ ] } },
{ "type": "Feature", "properties": { "HYRIV_ID": 41404634, "NEXT_DOWN": 41404598, "MAIN_RIV": 41399660, "LENGTH_KM": 1.4400001, "DIST_DN_KM": 193.2, "DIST_UP_KM": 5.1, "CATCH_SKM": 6.8200002, "UPLAND_SKM": 6.8, "ENDORHEIC": 0, "DIS_AV_CMS": 0.174, "ORD_STRA": 1, "ORD_CLAS": 3, "ORD_FLOW": 7, "HYBAS_L12": 4121158150.0, "Shape_Length": 0.013005501431456536 }, "geometry": { "type": "Polygon", "coordinates": [ ] } },
{ "type": "Feature", "properties": { "HYRIV_ID": 41404646, "NEXT_DOWN": 41404632, "MAIN_RIV": 41399660, "LENGTH_KM": 3.47, "DIST_DN_KM": 251.39999, "DIST_UP_KM": 5.8, "CATCH_SKM": 10.22, "UPLAND_SKM": 10.2, "ENDORHEIC": 0, "DIS_AV_CMS": 0.31900001, "ORD_STRA": 1, "ORD_CLAS": 2, "ORD_FLOW": 7, "HYBAS_L12": 4121601740.0, "Shape_Length": 0.031398057941454886 }, "geometry": { "type": "Polygon", "coordinates": [ ] } },
{ "type": "Feature", "properties": { "HYRIV_ID": 41404647, "NEXT_DOWN": 41404665, "MAIN_RIV": 41399660, "LENGTH_KM": 10.82, "DIST_DN_KM": 187.5, "DIST_UP_KM": 13.8, "CATCH_SKM": 31.09, "UPLAND_SKM": 31.1, "ENDORHEIC": 0, "DIS_AV_CMS": 0.848, "ORD_STRA": 1, "ORD_CLAS": 2, "ORD_FLOW": 7, "HYBAS_L12": 4121158250.0, "Shape_Length": 0.097497895569221199 }, "geometry": { "type": "Polygon", "coordinates": [ ] } },
{ "type": "Feature", "properties": { "HYRIV_ID": 41404648, "NEXT_DOWN": 41404580, "MAIN_RIV": 41399660, "LENGTH_KM": 3.99, "DIST_DN_KM": 174.0, "DIST_UP_KM": 43.099998, "CATCH_SKM": 11.93, "UPLAND_SKM": 268.0, "ENDORHEIC": 0, "DIS_AV_CMS": 6.901, "ORD_STRA": 3, "ORD_CLAS": 2, "ORD_FLOW": 6, "HYBAS_L12": 4121158170.0, "Shape_Length": 0.036070226039585665 }, "geometry": { "type": "Polygon", "coordinates": [ ] } },
{ "type": "Feature", "properties": { "HYRIV_ID": 41404649, "NEXT_DOWN": 41404648, "MAIN_RIV": 41399660, "LENGTH_KM": 1.4400001, "DIST_DN_KM": 178.0, "DIST_UP_KM": 4.8, "CATCH_SKM": 5.75, "UPLAND_SKM": 5.8, "ENDORHEIC": 0, "DIS_AV_CMS": 0.15, "ORD_STRA": 1, "ORD_CLAS": 3, "ORD_FLOW": 7, "HYBAS_L12": 4121158170.0, "Shape_Length": 0.013005501431617314 }, "geometry": { "type": "Polygon", "coordinates": [ ] } },
{ "type": "Feature", "properties": { "HYRIV_ID": 41404661, "NEXT_DOWN": 41404662, "MAIN_RIV": 41399660, "LENGTH_KM": 3.6600001, "DIST_DN_KM": 189.0, "DIST_UP_KM": 5.7, "CATCH_SKM": 9.8, "UPLAND_SKM": 9.8, "ENDORHEIC": 0, "DIS_AV_CMS": 0.273, "ORD_STRA": 1, "ORD_CLAS": 2, "ORD_FLOW": 7, "HYBAS_L12": 4121158250.0, "Shape_Length": 0.032975889843205451 }, "geometry": { "type": "Polygon", "coordinates": [ ] } },
{ "type": "Feature", "properties": { "HYRIV_ID": 41404662, "NEXT_DOWN": 41404663, "MAIN_RIV": 41399660, "LENGTH_KM": 0.46, "DIST_DN_KM": 188.39999, "DIST_UP_KM": 141.7, "CATCH_SKM": 0.64, "UPLAND_SKM": 2301.2, "ENDORHEIC": 0, "DIS_AV_CMS": 73.532997, "ORD_STRA": 4, "ORD_CLAS": 1, "ORD_FLOW": 5, "HYBAS_L12": 4121158250.0, "Shape_Length": 0.0041666666666628771 }, "geometry": { "type": "Polygon", "coordinates": [ ] } },
{ "type": "Feature", "properties": { "HYRIV_ID": 41404663, "NEXT_DOWN": 41404664, "MAIN_RIV": 41399660, "LENGTH_KM": 0.46, "DIST_DN_KM": 187.89999, "DIST_UP_KM": 142.10001, "CATCH_SKM": 0.64, "UPLAND_SKM": 2307.3999, "ENDORHEIC": 0, "DIS_AV_CMS": 73.703003, "ORD_STRA": 4, "ORD_CLAS": 1, "ORD_FLOW": 5, "HYBAS_L12": 4121158250.0, "Shape_Length": 0.0041666666666628771 }, "geometry": { "type": "Polygon", "coordinates": [ ] } },
{ "type": "Feature", "properties": { "HYRIV_ID": 41404664, "NEXT_DOWN": 41404665, "MAIN_RIV": 41399660, "LENGTH_KM": 0.65, "DIST_DN_KM": 187.5, "DIST_UP_KM": 142.60001, "CATCH_SKM": 0.43, "UPLAND_SKM": 2311.6001, "ENDORHEIC": 0, "DIS_AV_CMS": 73.819, "ORD_STRA": 4, "ORD_CLAS": 1, "ORD_FLOW": 5, "HYBAS_L12": 4121158250.0, "Shape_Length": 0.005892556509922731 }, "geometry": { "type": "Polygon", "coordinates": [ ] } },
{ "type": "Feature", "properties": { "HYRIV_ID": 41404665, "NEXT_DOWN": 41404693, "MAIN_RIV": 41399660, "LENGTH_KM": 2.95, "DIST_DN_KM": 184.3, "DIST_UP_KM": 145.7, "CATCH_SKM": 5.96, "UPLAND_SKM": 2348.7, "ENDORHEIC": 0, "DIS_AV_CMS": 74.808998, "ORD_STRA": 4, "ORD_CLAS": 1, "ORD_FLOW": 5, "HYBAS_L12": 4121158250.0, "Shape_Length": 0.026725889843253765 }, "geometry": { "type": "Polygon", "coordinates": [ ] } },
{ "type": "Feature", "properties": { "HYRIV_ID": 41404666, "NEXT_DOWN": 41404693, "MAIN_RIV": 41399660, "LENGTH_KM": 7.1, "DIST_DN_KM": 184.3, "DIST_UP_KM": 10.0, "CATCH_SKM": 19.59, "UPLAND_SKM": 19.6, "ENDORHEIC": 0, "DIS_AV_CMS": 0.533, "ORD_STRA": 1, "ORD_CLAS": 2, "ORD_FLOW": 7, "HYBAS_L12": 4121158250.0, "Shape_Length": 0.06386844635319 }, "geometry": { "type": "Polygon", "coordinates": [ ] } },
{ "type": "Feature", "properties": { "HYRIV_ID": 41404667, "NEXT_DOWN": 41404695, "MAIN_RIV": 41399660, "LENGTH_KM": 4.3200002, "DIST_DN_KM": 182.60001, "DIST_UP_KM": 7.0, "CATCH_SKM": 11.07, "UPLAND_SKM": 11.1, "ENDORHEIC": 0, "DIS_AV_CMS": 0.3, "ORD_STRA": 1, "ORD_CLAS": 2, "ORD_FLOW": 7, "HYBAS_L12": 4121158210.0, "Shape_Length": 0.038868446352974005 }, "geometry": { "type": "Polygon", "coordinates": [ ] } },
{ "type": "Feature", "properties": { "HYRIV_ID": 41404686, "NEXT_DOWN": 41404610, "MAIN_RIV": 41399660, "LENGTH_KM": 1.85, "DIST_DN_KM": 249.10001, "DIST_UP_KM": 80.900002, "CATCH_SKM": 2.34, "UPLAND_SKM": 1030.8, "ENDORHEIC": 0, "DIS_AV_CMS": 36.939999, "ORD_STRA": 4, "ORD_CLAS": 1, "ORD_FLOW": 5, "HYBAS_L12": 4121601740.0, "Shape_Length": 0.016666666666665719 }, "geometry": { "type": "Polygon", "coordinates": [ ] } },
{ "type": "Feature", "properties": { "HYRIV_ID": 41404687, "NEXT_DOWN": 41404760, "MAIN_RIV": 41399660, "LENGTH_KM": 0.69, "DIST_DN_KM": 259.0, "DIST_UP_KM": 2.7, "CATCH_SKM": 7.0300002, "UPLAND_SKM": 7.0, "ENDORHEIC": 0, "DIS_AV_CMS": 0.214, "ORD_STRA": 1, "ORD_CLAS": 3, "ORD_FLOW": 7, "HYBAS_L12": 4121601740.0, "Shape_Length": 0.0062499999999801048 }, "geometry": { "type": "Polygon", "coordinates": [ ] } },
{ "type": "Feature", "properties": { "HYRIV_ID": 41404688, "NEXT_DOWN": 41404690, "MAIN_RIV": 41399660, "LENGTH_KM": 9.7200003, "DIST_DN_KM": 198.5, "DIST_UP_KM": 131.60001, "CATCH_SKM": 34.93, "UPLAND_SKM": 1922.7, "ENDORHEIC": 0, "DIS_AV_CMS": 62.347, "ORD_STRA": 4, "ORD_CLAS": 1, "ORD_FLOW": 5, "HYBAS_L12": 4121158280.0, "Shape_Length": 0.08779611588282675 }, "geometry": { "type": "Polygon", "coordinates": [ ] } },
{ "type": "Feature", "properties": { "HYRIV_ID": 41404689, "NEXT_DOWN": 41404690, "MAIN_RIV": 41399660, "LENGTH_KM": 3.6600001, "DIST_DN_KM": 198.5, "DIST_UP_KM": 6.8, "CATCH_SKM": 12.14, "UPLAND_SKM": 12.1, "ENDORHEIC": 0, "DIS_AV_CMS": 0.347, "ORD_STRA": 1, "ORD_CLAS": 2, "ORD_FLOW": 7, "HYBAS_L12": 4121158280.0, "Shape_Length": 0.032975889843271627 }, "geometry": { "type": "Polygon", "coordinates": [ ] } },
{ "type": "Feature", "properties": { "HYRIV_ID": 41404690, "NEXT_DOWN": 41404713, "MAIN_RIV": 41399660, "LENGTH_KM": 0.92, "DIST_DN_KM": 197.60001, "DIST_UP_KM": 132.5, "CATCH_SKM": 1.06, "UPLAND_SKM": 1935.9, "ENDORHEIC": 0, "DIS_AV_CMS": 62.717999, "ORD_STRA": 4, "ORD_CLAS": 1, "ORD_FLOW": 5, "HYBAS_L12": 4121158280.0, "Shape_Length": 0.0083333333333825976 }, "geometry": { "type": "Polygon", "coordinates": [ ] } },
{ "type": "Feature", "properties": { "HYRIV_ID": 41404691, "NEXT_DOWN": 41404713, "MAIN_RIV": 41399660, "LENGTH_KM": 10.39, "DIST_DN_KM": 197.60001, "DIST_UP_KM": 18.0, "CATCH_SKM": 35.349998, "UPLAND_SKM": 68.800003, "ENDORHEIC": 0, "DIS_AV_CMS": 1.904, "ORD_STRA": 2, "ORD_CLAS": 2, "ORD_FLOW": 6, "HYBAS_L12": 4121158280.0, "Shape_Length": 0.09368867239250446 }, "geometry": { "type": "Polygon", "coordinates": [ ] } },
{ "type": "Feature", "properties": { "HYRIV_ID": 41404692, "NEXT_DOWN": 41404664, "MAIN_RIV": 41399660, "LENGTH_KM": 0.69, "DIST_DN_KM": 187.89999, "DIST_UP_KM": 3.3, "CATCH_SKM": 3.83, "UPLAND_SKM": 3.8, "ENDORHEIC": 0, "DIS_AV_CMS": 0.108, "ORD_STRA": 1, "ORD_CLAS": 2, "ORD_FLOW": 7, "HYBAS_L12": 4121158250.0, "Shape_Length": 0.0062499999999801048 }, "geometry": { "type": "Polygon", "coordinates": [ ] } },
{ "type": "Feature", "properties": { "HYRIV_ID": 41404693, "NEXT_DOWN": 41404694, "MAIN_RIV": 41399660, "LENGTH_KM": 0.65, "DIST_DN_KM": 183.89999, "DIST_UP_KM": 146.2, "CATCH_SKM": 0.43, "UPLAND_SKM": 2368.7, "ENDORHEIC": 0, "DIS_AV_CMS": 75.348999, "ORD_STRA": 4, "ORD_CLAS": 1, "ORD_FLOW": 5, "HYBAS_L12": 4121158250.0, "Shape_Length": 0.0058925565098724882 }, "geometry": { "type": "Polygon", "coordinates": [ ] } },
{ "type": "Feature", "properties": { "HYRIV_ID": 41404694, "NEXT_DOWN": 41404695, "MAIN_RIV": 41399660, "LENGTH_KM": 1.11, "DIST_DN_KM": 182.60001, "DIST_UP_KM": 147.5, "CATCH_SKM": 1.7, "UPLAND_SKM": 3115.1001, "ENDORHEIC": 0, "DIS_AV_CMS": 99.597, "ORD_STRA": 5, "ORD_CLAS": 1, "ORD_FLOW": 5, "HYBAS_L12": 4121158210.0, "Shape_Length": 0.010059223176568663 }, "geometry": { "type": "Polygon", "coordinates": [ ] } },
{ "type": "Feature", "properties": { "HYRIV_ID": 41404695, "NEXT_DOWN": 41404613, "MAIN_RIV": 41399660, "LENGTH_KM": 4.4499998, "DIST_DN_KM": 178.3, "DIST_UP_KM": 151.8, "CATCH_SKM": 14.06, "UPLAND_SKM": 3140.2, "ENDORHEIC": 0, "DIS_AV_CMS": 100.239, "ORD_STRA": 5, "ORD_CLAS": 1, "ORD_FLOW": 4, "HYBAS_L12": 4121158210.0, "Shape_Length": 0.040236892706203897 }, "geometry": { "type": "Polygon", "coordinates": [ ] } },
{ "type": "Feature", "properties": { "HYRIV_ID": 41404696, "NEXT_DOWN": 41404537, "MAIN_RIV": 41399660, "LENGTH_KM": 5.0500002, "DIST_DN_KM": 181.3, "DIST_UP_KM": 6.9, "CATCH_SKM": 20.02, "UPLAND_SKM": 20.0, "ENDORHEIC": 0, "DIS_AV_CMS": 0.49900001, "ORD_STRA": 1, "ORD_CLAS": 2, "ORD_FLOW": 7, "HYBAS_L12": 4121601620.0, "Shape_Length": 0.045475889843195803 }, "geometry": { "type": "Polygon", "coordinates": [ ] } },
{ "type": "Feature", "properties": { "HYRIV_ID": 41404711, "NEXT_DOWN": 41404686, "MAIN_RIV": 41399660, "LENGTH_KM": 0.46, "DIST_DN_KM": 251.0, "DIST_UP_KM": 79.099998, "CATCH_SKM": 1.06, "UPLAND_SKM": 958.09998, "ENDORHEIC": 0, "DIS_AV_CMS": 34.692001, "ORD_STRA": 4, "ORD_CLAS": 1, "ORD_FLOW": 5, "HYBAS_L12": 4121601740.0, "Shape_Length": 0.0041666666666628771 }, "geometry": { "type": "Polygon", "coordinates": [ ] } },
{ "type": "Feature", "properties": { "HYRIV_ID": 41404712, "NEXT_DOWN": 41404760, "MAIN_RIV": 41399660, "LENGTH_KM": 2.46, "DIST_DN_KM": 259.0, "DIST_UP_KM": 5.8, "CATCH_SKM": 13.84, "UPLAND_SKM": 13.8, "ENDORHEIC": 0, "DIS_AV_CMS": 0.42300001, "ORD_STRA": 1, "ORD_CLAS": 2, "ORD_FLOW": 7, "HYBAS_L12": 4121601740.0, "Shape_Length": 0.022201779686402169 }, "geometry": { "type": "Polygon", "coordinates": [ ] } },
{ "type": "Feature", "properties": { "HYRIV_ID": 41404713, "NEXT_DOWN": 41404746, "MAIN_RIV": 41399660, "LENGTH_KM": 1.11, "DIST_DN_KM": 196.39999, "DIST_UP_KM": 133.60001, "CATCH_SKM": 1.49, "UPLAND_SKM": 2006.2, "ENDORHEIC": 0, "DIS_AV_CMS": 64.657997, "ORD_STRA": 4, "ORD_CLAS": 1, "ORD_FLOW": 5, "HYBAS_L12": 4121158280.0, "Shape_Length": 0.010059223176431726 }, "geometry": { "type": "Polygon", "coordinates": [ ] } },
{ "type": "Feature", "properties": { "HYRIV_ID": 41404724, "NEXT_DOWN": 41404711, "MAIN_RIV": 41399660, "LENGTH_KM": 0.69, "DIST_DN_KM": 251.39999, "DIST_UP_KM": 4.9, "CATCH_SKM": 3.62, "UPLAND_SKM": 3.6, "ENDORHEIC": 0, "DIS_AV_CMS": 0.114, "ORD_STRA": 1, "ORD_CLAS": 2, "ORD_FLOW": 7, "HYBAS_L12": 4121601740.0, "Shape_Length": 0.0062500000000369482 }, "geometry": { "type": "Polygon", "coordinates": [ ] } },
{ "type": "Feature", "properties": { "HYRIV_ID": 41404725, "NEXT_DOWN": 41404726, "MAIN_RIV": 41399660, "LENGTH_KM": 2.46, "DIST_DN_KM": 190.8, "DIST_UP_KM": 5.9, "CATCH_SKM": 7.2399998, "UPLAND_SKM": 7.2, "ENDORHEIC": 0, "DIS_AV_CMS": 0.204, "ORD_STRA": 1, "ORD_CLAS": 3, "ORD_FLOW": 7, "HYBAS_L12": 4121158250.0, "Shape_Length": 0.022201779686454849 }, "geometry": { "type": "Polygon", "coordinates": [ ] } },
{ "type": "Feature", "properties": { "HYRIV_ID": 41404726, "NEXT_DOWN": 41404662, "MAIN_RIV": 41399660, "LENGTH_KM": 1.96, "DIST_DN_KM": 189.0, "DIST_UP_KM": 141.0, "CATCH_SKM": 3.62, "UPLAND_SKM": 2290.8, "ENDORHEIC": 0, "DIS_AV_CMS": 73.246002, "ORD_STRA": 4, "ORD_CLAS": 1, "ORD_FLOW": 5, "HYBAS_L12": 4121158250.0, "Shape_Length": 0.017677669529637563 }, "geometry": { "type": "Polygon", "coordinates": [ ] } },
{ "type": "Feature", "properties": { "HYRIV_ID": 41404727, "NEXT_DOWN": 41404728, "MAIN_RIV": 41399660, "LENGTH_KM": 0.69, "DIST_DN_KM": 197.39999, "DIST_UP_KM": 3.5, "CATCH_SKM": 4.9, "UPLAND_SKM": 4.9, "ENDORHEIC": 0, "DIS_AV_CMS": 0.125, "ORD_STRA": 1, "ORD_CLAS": 3, "ORD_FLOW": 7, "HYBAS_L12": 4121158150.0, "Shape_Length": 0.0062499999999658939 }, "geometry": { "type": "Polygon", "coordinates": [ ] } },
{ "type": "Feature", "properties": { "HYRIV_ID": 41404728, "NEXT_DOWN": 41404598, "MAIN_RIV": 41399660, "LENGTH_KM": 4.1900001, "DIST_DN_KM": 193.39999, "DIST_UP_KM": 11.5, "CATCH_SKM": 10.86, "UPLAND_SKM": 37.3, "ENDORHEIC": 0, "DIS_AV_CMS": 0.94400001, "ORD_STRA": 2, "ORD_CLAS": 2, "ORD_FLOW": 7, "HYBAS_L12": 4121158150.0, "Shape_Length": 0.037796115882784517 }, "geometry": { "type": "Polygon", "coordinates": [ ] } },
{ "type": "Feature", "properties": { "HYRIV_ID": 41404745, "NEXT_DOWN": 41404519, "MAIN_RIV": 41399660, "LENGTH_KM": 8.9300003, "DIST_DN_KM": 215.2, "DIST_UP_KM": 24.3, "CATCH_SKM": 25.549999, "UPLAND_SKM": 128.89999, "ENDORHEIC": 0, "DIS_AV_CMS": 3.957, "ORD_STRA": 2, "ORD_CLAS": 2, "ORD_FLOW": 6, "HYBAS_L12": 4121158140.0, "Shape_Length": 0.080473785412428472 }, "geometry": { "type": "Polygon", "coordinates": [ ] } },
{ "type": "Feature", "properties": { "HYRIV_ID": 41404746, "NEXT_DOWN": 41404726, "MAIN_RIV": 41399660, "LENGTH_KM": 5.6300001, "DIST_DN_KM": 190.8, "DIST_UP_KM": 139.3, "CATCH_SKM": 14.48, "UPLAND_SKM": 2176.6001, "ENDORHEIC": 0, "DIS_AV_CMS": 69.882004, "ORD_STRA": 4, "ORD_CLAS": 1, "ORD_FLOW": 5, "HYBAS_L12": 4121158310.0, "Shape_Length": 0.051011002863064314 }, "geometry": { "type": "Polygon", "coordinates": [ ] } },
{ "type": "Feature", "properties": { "HYRIV_ID": 41404747, "NEXT_DOWN": 41404663, "MAIN_RIV": 41399660, "LENGTH_KM": 2.46, "DIST_DN_KM": 188.60001, "DIST_UP_KM": 5.4, "CATCH_SKM": 5.54, "UPLAND_SKM": 5.5, "ENDORHEIC": 0, "DIS_AV_CMS": 0.156, "ORD_STRA": 1, "ORD_CLAS": 2, "ORD_FLOW": 7, "HYBAS_L12": 4121158250.0, "Shape_Length": 0.022201779686440638 }, "geometry": { "type": "Polygon", "coordinates": [ ] } },
{ "type": "Feature", "properties": { "HYRIV_ID": 41404748, "NEXT_DOWN": 41404763, "MAIN_RIV": 41399660, "LENGTH_KM": 2.0, "DIST_DN_KM": 184.60001, "DIST_UP_KM": 5.9, "CATCH_SKM": 10.86, "UPLAND_SKM": 10.9, "ENDORHEIC": 0, "DIS_AV_CMS": 0.28, "ORD_STRA": 1, "ORD_CLAS": 3, "ORD_FLOW": 7, "HYBAS_L12": 4121158170.0, "Shape_Length": 0.018035113019699098 }, "geometry": { "type": "Polygon", "coordinates": [ ] } },
{ "type": "Feature", "properties": { "HYRIV_ID": 41404757, "NEXT_DOWN": 41404711, "MAIN_RIV": 41399660, "LENGTH_KM": 1.77, "DIST_DN_KM": 251.60001, "DIST_UP_KM": 78.400002, "CATCH_SKM": 4.2600002, "UPLAND_SKM": 953.5, "ENDORHEIC": 0, "DIS_AV_CMS": 34.547001, "ORD_STRA": 4, "ORD_CLAS": 1, "ORD_FLOW": 5, "HYBAS_L12": 4121601740.0, "Shape_Length": 0.01595177968645637 }, "geometry": { "type": "Polygon", "coordinates": [ ] } },
{ "type": "Feature", "properties": { "HYRIV_ID": 41404758, "NEXT_DOWN": 41404757, "MAIN_RIV": 41399660, "LENGTH_KM": 0.69, "DIST_DN_KM": 253.2, "DIST_UP_KM": 3.3, "CATCH_SKM": 3.4100001, "UPLAND_SKM": 3.4, "ENDORHEIC": 0, "DIS_AV_CMS": 0.108, "ORD_STRA": 1, "ORD_CLAS": 2, "ORD_FLOW": 7, "HYBAS_L12": 4121601740.0, "Shape_Length": 0.0062500000000227374 }, "geometry": { "type": "Polygon", "coordinates": [ ] } },
{ "type": "Feature", "properties": { "HYRIV_ID": 41404759, "NEXT_DOWN": 41404686, "MAIN_RIV": 41399660, "LENGTH_KM": 4.9099998, "DIST_DN_KM": 251.0, "DIST_UP_KM": 13.7, "CATCH_SKM": 15.97, "UPLAND_SKM": 70.300003, "ENDORHEIC": 0, "DIS_AV_CMS": 2.1830001, "ORD_STRA": 3, "ORD_CLAS": 2, "ORD_FLOW": 6, "HYBAS_L12": 4121601740.0, "Shape_Length": 0.04440355937290482 }, "geometry": { "type": "Polygon", "coordinates": [ ] } },
{ "type": "Feature", "properties": { "HYRIV_ID": 41404760, "NEXT_DOWN": 41404759, "MAIN_RIV": 41399660, "LENGTH_KM": 3.07, "DIST_DN_KM": 255.89999, "DIST_UP_KM": 8.8, "CATCH_SKM": 5.1100001, "UPLAND_SKM": 26.0, "ENDORHEIC": 0, "DIS_AV_CMS": 0.79500002, "ORD_STRA": 2, "ORD_CLAS": 2, "ORD_FLOW": 7, "HYBAS_L12": 4121601740.0, "Shape_Length": 0.027736892706253315 }, "geometry": { "type": "Polygon", "coordinates": [ ] } },
{ "type": "Feature", "properties": { "HYRIV_ID": 41404761, "NEXT_DOWN": 41404726, "MAIN_RIV": 41399660, "LENGTH_KM": 1.3, "DIST_DN_KM": 191.0, "DIST_UP_KM": 24.6, "CATCH_SKM": 1.49, "UPLAND_SKM": 103.3, "ENDORHEIC": 0, "DIS_AV_CMS": 3.07, "ORD_STRA": 2, "ORD_CLAS": 2, "ORD_FLOW": 6, "HYBAS_L12": 4121158320.0, "Shape_Length": 0.01178511301986556 }, "geometry": { "type": "Polygon", "coordinates": [ ] } },
{ "type": "Feature", "properties": { "HYRIV_ID": 41404762, "NEXT_DOWN": 41404648, "MAIN_RIV": 41399660, "LENGTH_KM": 3.54, "DIST_DN_KM": 178.2, "DIST_UP_KM": 38.900002, "CATCH_SKM": 11.93, "UPLAND_SKM": 250.3, "ENDORHEIC": 0, "DIS_AV_CMS": 6.4390001, "ORD_STRA": 3, "ORD_CLAS": 2, "ORD_FLOW": 6, "HYBAS_L12": 4121158170.0, "Shape_Length": 0.031903559372901985 }, "geometry": { "type": "Polygon", "coordinates": [ ] } },
{ "type": "Feature", "properties": { "HYRIV_ID": 41404763, "NEXT_DOWN": 41404762, "MAIN_RIV": 41399660, "LENGTH_KM": 2.8800001, "DIST_DN_KM": 181.60001, "DIST_UP_KM": 9.0, "CATCH_SKM": 6.6, "UPLAND_SKM": 25.8, "ENDORHEIC": 0, "DIS_AV_CMS": 0.66600001, "ORD_STRA": 2, "ORD_CLAS": 3, "ORD_FLOW": 7, "HYBAS_L12": 4121158170.0, "Shape_Length": 0.026011002863053752 }, "geometry": { "type": "Polygon", "coordinates": [ ] } },
{ "type": "Feature", "properties": { "HYRIV_ID": 41404772, "NEXT_DOWN": 41404773, "MAIN_RIV": 41399660, "LENGTH_KM": 0.69, "DIST_DN_KM": 254.8, "DIST_UP_KM": 4.6, "CATCH_SKM": 4.0500002, "UPLAND_SKM": 4.0, "ENDORHEIC": 0, "DIS_AV_CMS": 0.12800001, "ORD_STRA": 1, "ORD_CLAS": 2, "ORD_FLOW": 7, "HYBAS_L12": 4121601770.0, "Shape_Length": 0.0062499999999943157 }, "geometry": { "type": "Polygon", "coordinates": [ ] } },
{ "type": "Feature", "properties": { "HYRIV_ID": 41404773, "NEXT_DOWN": 41404757, "MAIN_RIV": 41399660, "LENGTH_KM": 1.5700001, "DIST_DN_KM": 253.2, "DIST_UP_KM": 76.800003, "CATCH_SKM": 3.1900001, "UPLAND_SKM": 945.79999, "ENDORHEIC": 0, "DIS_AV_CMS": 34.308998, "ORD_STRA": 4, "ORD_CLAS": 1, "ORD_FLOW": 5, "HYBAS_L12": 4121601740.0, "Shape_Length": 0.01422588984320829 }, "geometry": { "type": "Polygon", "coordinates": [ ] } },
{ "type": "Feature", "properties": { "HYRIV_ID": 41404774, "NEXT_DOWN": 41404761, "MAIN_RIV": 41399660, "LENGTH_KM": 0.46, "DIST_DN_KM": 192.10001, "DIST_UP_KM": 23.5, "CATCH_SKM": 0.21, "UPLAND_SKM": 95.900002, "ENDORHEIC": 0, "DIS_AV_CMS": 2.855, "ORD_STRA": 2, "ORD_CLAS": 2, "ORD_FLOW": 6, "HYBAS_L12": 4121158320.0, "Shape_Length": 0.0041666666666628771 }, "geometry": { "type": "Polygon", "coordinates": [ ] } },
{ "type": "Feature", "properties": { "HYRIV_ID": 41404775, "NEXT_DOWN": 41404614, "MAIN_RIV": 41399660, "LENGTH_KM": 4.5500002, "DIST_DN_KM": 176.7, "DIST_UP_KM": 57.5, "CATCH_SKM": 13.2, "UPLAND_SKM": 399.29999, "ENDORHEIC": 0, "DIS_AV_CMS": 10.752, "ORD_STRA": 3, "ORD_CLAS": 2, "ORD_FLOW": 5, "HYBAS_L12": 4121158220.0, "Shape_Length": 0.040951779686447844 }, "geometry": { "type": "Polygon", "coordinates": [ ] } },
{ "type": "Feature", "properties": { "HYRIV_ID": 41404799, "NEXT_DOWN": 41404763, "MAIN_RIV": 41399660, "LENGTH_KM": 2.28, "DIST_DN_KM": 184.60001, "DIST_UP_KM": 5.3, "CATCH_SKM": 8.3100004, "UPLAND_SKM": 8.3, "ENDORHEIC": 0, "DIS_AV_CMS": 0.215, "ORD_STRA": 1, "ORD_CLAS": 4, "ORD_FLOW": 7, "HYBAS_L12": 4121158170.0, "Shape_Length": 0.020623947784518537 }, "geometry": { "type": "Polygon", "coordinates": [ ] } },
{ "type": "Feature", "properties": { "HYRIV_ID": 41404811, "NEXT_DOWN": 41404745, "MAIN_RIV": 41399660, "LENGTH_KM": 2.75, "DIST_DN_KM": 224.10001, "DIST_UP_KM": 5.6, "CATCH_SKM": 13.84, "UPLAND_SKM": 13.8, "ENDORHEIC": 0, "DIS_AV_CMS": 0.417, "ORD_STRA": 1, "ORD_CLAS": 3, "ORD_FLOW": 7, "HYBAS_L12": 4121158140.0, "Shape_Length": 0.02479061445124759 }, "geometry": { "type": "Polygon", "coordinates": [ ] } },
{ "type": "Feature", "properties": { "HYRIV_ID": 41404812, "NEXT_DOWN": 41404761, "MAIN_RIV": 41399660, "LENGTH_KM": 2.46, "DIST_DN_KM": 192.3, "DIST_UP_KM": 4.7, "CATCH_SKM": 5.96, "UPLAND_SKM": 6.0, "ENDORHEIC": 0, "DIS_AV_CMS": 0.173, "ORD_STRA": 1, "ORD_CLAS": 3, "ORD_FLOW": 7, "HYBAS_L12": 4121158320.0, "Shape_Length": 0.022201779686478393 }, "geometry": { "type": "Polygon", "coordinates": [ ] } },
{ "type": "Feature", "properties": { "HYRIV_ID": 41404813, "NEXT_DOWN": 41404728, "MAIN_RIV": 41399660, "LENGTH_KM": 2.8800001, "DIST_DN_KM": 197.60001, "DIST_UP_KM": 7.3, "CATCH_SKM": 9.1599998, "UPLAND_SKM": 21.5, "ENDORHEIC": 0, "DIS_AV_CMS": 0.54500002, "ORD_STRA": 2, "ORD_CLAS": 2, "ORD_FLOW": 7, "HYBAS_L12": 4121158150.0, "Shape_Length": 0.026011002862979252 }, "geometry": { "type": "Polygon", "coordinates": [ ] } },
{ "type": "Feature", "properties": { "HYRIV_ID": 41404823, "NEXT_DOWN": 41404759, "MAIN_RIV": 41399660, "LENGTH_KM": 2.4200001, "DIST_DN_KM": 256.10001, "DIST_UP_KM": 8.4, "CATCH_SKM": 7.2399998, "UPLAND_SKM": 28.3, "ENDORHEIC": 0, "DIS_AV_CMS": 0.89200002, "ORD_STRA": 2, "ORD_CLAS": 3, "ORD_FLOW": 7, "HYBAS_L12": 4121601740.0, "Shape_Length": 0.021844336196330583 }, "geometry": { "type": "Polygon", "coordinates": [ ] } },
{ "type": "Feature", "properties": { "HYRIV_ID": 41404824, "NEXT_DOWN": 41404823, "MAIN_RIV": 41399660, "LENGTH_KM": 0.69, "DIST_DN_KM": 258.29999, "DIST_UP_KM": 3.5, "CATCH_SKM": 3.62, "UPLAND_SKM": 3.6, "ENDORHEIC": 0, "DIS_AV_CMS": 0.113, "ORD_STRA": 1, "ORD_CLAS": 4, "ORD_FLOW": 7, "HYBAS_L12": 4121601740.0, "Shape_Length": 0.0062499999999658939 }, "geometry": { "type": "Polygon", "coordinates": [ ] } },
{ "type": "Feature", "properties": { "HYRIV_ID": 41404825, "NEXT_DOWN": 41404745, "MAIN_RIV": 41399660, "LENGTH_KM": 3.53, "DIST_DN_KM": 223.89999, "DIST_UP_KM": 15.5, "CATCH_SKM": 10.86, "UPLAND_SKM": 89.5, "ENDORHEIC": 0, "DIS_AV_CMS": 2.7880001, "ORD_STRA": 2, "ORD_CLAS": 2, "ORD_FLOW": 6, "HYBAS_L12": 4121158140.0, "Shape_Length": 0.031903559372932842 }, "geometry": { "type": "Polygon", "coordinates": [ ] } },
{ "type": "Feature", "properties": { "HYRIV_ID": 41404826, "NEXT_DOWN": 41404762, "MAIN_RIV": 41399660, "LENGTH_KM": 2.23, "DIST_DN_KM": 181.8, "DIST_UP_KM": 35.400002, "CATCH_SKM": 7.0300002, "UPLAND_SKM": 212.60001, "ENDORHEIC": 0, "DIS_AV_CMS": 5.4619999, "ORD_STRA": 3, "ORD_CLAS": 2, "ORD_FLOW": 6, "HYBAS_L12": 4121158170.0, "Shape_Length": 0.020118446353119247 }, "geometry": { "type": "Polygon", "coordinates": [ ] } },
{ "type": "Feature", "properties": { "HYRIV_ID": 41404827, "NEXT_DOWN": 41404826, "MAIN_RIV": 41399660, "LENGTH_KM": 0.69, "DIST_DN_KM": 183.8, "DIST_UP_KM": 5.2, "CATCH_SKM": 4.6900001, "UPLAND_SKM": 4.7, "ENDORHEIC": 0, "DIS_AV_CMS": 0.122, "ORD_STRA": 1, "ORD_CLAS": 3, "ORD_FLOW": 7, "HYBAS_L12": 4121158170.0, "Shape_Length": 0.0062499999999658939 }, "geometry": { "type": "Polygon", "coordinates": [ ] } },
{ "type": "Feature", "properties": { "HYRIV_ID": 41404828, "NEXT_DOWN": 41404813, "MAIN_RIV": 41399660, "LENGTH_KM": 0.69, "DIST_DN_KM": 200.3, "DIST_UP_KM": 4.2, "CATCH_SKM": 4.4699998, "UPLAND_SKM": 4.5, "ENDORHEIC": 0, "DIS_AV_CMS": 0.113, "ORD_STRA": 1, "ORD_CLAS": 3, "ORD_FLOW": 7, "HYBAS_L12": 4121158150.0, "Shape_Length": 0.0062500000000369482 }, "geometry": { "type": "Polygon", "coordinates": [ ] } },
{ "type": "Feature", "properties": { "HYRIV_ID": 41404837, "NEXT_DOWN": 41404838, "MAIN_RIV": 41399660, "LENGTH_KM": 1.16, "DIST_DN_KM": 258.10001, "DIST_UP_KM": 3.3, "CATCH_SKM": 5.54, "UPLAND_SKM": 5.5, "ENDORHEIC": 0, "DIS_AV_CMS": 0.177, "ORD_STRA": 1, "ORD_CLAS": 3, "ORD_FLOW": 7, "HYBAS_L12": 4121601770.0, "Shape_Length": 0.010416666666756669 }, "geometry": { "type": "Polygon", "coordinates": [ ] } },
{ "type": "Feature", "properties": { "HYRIV_ID": 41404838, "NEXT_DOWN": 41404839, "MAIN_RIV": 41399660, "LENGTH_KM": 0.92, "DIST_DN_KM": 257.20001, "DIST_UP_KM": 6.6, "CATCH_SKM": 1.06, "UPLAND_SKM": 19.6, "ENDORHEIC": 0, "DIS_AV_CMS": 0.639, "ORD_STRA": 2, "ORD_CLAS": 2, "ORD_FLOW": 7, "HYBAS_L12": 4121601770.0, "Shape_Length": 0.0083333333333257542 }, "geometry": { "type": "Polygon", "coordinates": [ ] } },
{ "type": "Feature", "properties": { "HYRIV_ID": 41404839, "NEXT_DOWN": 41404773, "MAIN_RIV": 41399660, "LENGTH_KM": 2.4200001, "DIST_DN_KM": 255.0, "DIST_UP_KM": 75.099998, "CATCH_SKM": 9.1599998, "UPLAND_SKM": 938.5, "ENDORHEIC": 0, "DIS_AV_CMS": 34.085999, "ORD_STRA": 4, "ORD_CLAS": 1, "ORD_FLOW": 5, "HYBAS_L12": 4121601770.0, "Shape_Length": 0.021844336196292828 }, "geometry": { "type": "Polygon", "coordinates": [ ] } },
{ "type": "Feature", "properties": { "HYRIV_ID": 41404840, "NEXT_DOWN": 41404841, "MAIN_RIV": 41399660, "LENGTH_KM": 3.01, "DIST_DN_KM": 228.60001, "DIST_UP_KM": 5.4, "CATCH_SKM": 15.34, "UPLAND_SKM": 15.3, "ENDORHEIC": 0, "DIS_AV_CMS": 0.473, "ORD_STRA": 1, "ORD_CLAS": 4, "ORD_FLOW": 7, "HYBAS_L12": 4121158140.0, "Shape_Length": 0.027231391274697411 }, "geometry": { "type": "Polygon", "coordinates": [ ] } },
{ "type": "Feature", "properties": { "HYRIV_ID": 41404841, "NEXT_DOWN": 41404842, "MAIN_RIV": 41399660, "LENGTH_KM": 0.46, "DIST_DN_KM": 228.10001, "DIST_UP_KM": 7.6, "CATCH_SKM": 0.64, "UPLAND_SKM": 31.9, "ENDORHEIC": 0, "DIS_AV_CMS": 0.99699998, "ORD_STRA": 2, "ORD_CLAS": 3, "ORD_FLOW": 7, "HYBAS_L12": 4121158140.0, "Shape_Length": 0.0041666666666628771 }, "geometry": { "type": "Polygon", "coordinates": [ ] } },
{ "type": "Feature", "properties": { "HYRIV_ID": 41404842, "NEXT_DOWN": 41404825, "MAIN_RIV": 41399660, "LENGTH_KM": 0.65, "DIST_DN_KM": 227.7, "DIST_UP_KM": 8.1, "CATCH_SKM": 0.43, "UPLAND_SKM": 40.5, "ENDORHEIC": 0, "DIS_AV_CMS": 1.263, "ORD_STRA": 2, "ORD_CLAS": 3, "ORD_FLOW": 6, "HYBAS_L12": 4121158140.0, "Shape_Length": 0.0058925565098724882 }, "geometry": { "type": "Polygon", "coordinates": [ ] } },
{ "type": "Feature", "properties": { "HYRIV_ID": 41404843, "NEXT_DOWN": 41404813, "MAIN_RIV": 41399660, "LENGTH_KM": 1.63, "DIST_DN_KM": 200.39999, "DIST_UP_KM": 4.4, "CATCH_SKM": 7.8800001, "UPLAND_SKM": 7.9, "ENDORHEIC": 0, "DIS_AV_CMS": 0.20100001, "ORD_STRA": 1, "ORD_CLAS": 2, "ORD_FLOW": 7, "HYBAS_L12": 4121158150.0, "Shape_Length": 0.014731391274706343 }, "geometry": { "type": "Polygon", "coordinates": [ ] } },
{ "type": "Feature", "properties": { "HYRIV_ID": 41404857, "NEXT_DOWN": 41404838, "MAIN_RIV": 41399660, "LENGTH_KM": 0.65, "DIST_DN_KM": 258.29999, "DIST_UP_KM": 5.5, "CATCH_SKM": 1.06, "UPLAND_SKM": 13.0, "ENDORHEIC": 0, "DIS_AV_CMS": 0.428, "ORD_STRA": 2, "ORD_CLAS": 2, "ORD_FLOW": 7, "HYBAS_L12": 4121601770.0, "Shape_Length": 0.0058925565099629254 }, "geometry": { "type": "Polygon", "coordinates": [ ] } },
{ "type": "Feature", "properties": { "HYRIV_ID": 41404865, "NEXT_DOWN": 41404857, "MAIN_RIV": 41399660, "LENGTH_KM": 0.98, "DIST_DN_KM": 259.0, "DIST_UP_KM": 3.3, "CATCH_SKM": 4.4699998, "UPLAND_SKM": 4.5, "ENDORHEIC": 0, "DIS_AV_CMS": 0.147, "ORD_STRA": 1, "ORD_CLAS": 3, "ORD_FLOW": 7, "HYBAS_L12": 4121601770.0, "Shape_Length": 0.0088388347648037068 }, "geometry": { "type": "Polygon", "coordinates": [ ] } },
{ "type": "Feature", "properties": { "HYRIV_ID": 41404866, "NEXT_DOWN": 41404823, "MAIN_RIV": 41399660, "LENGTH_KM": 1.77, "DIST_DN_KM": 258.5, "DIST_UP_KM": 6.0, "CATCH_SKM": 5.33, "UPLAND_SKM": 17.5, "ENDORHEIC": 0, "DIS_AV_CMS": 0.552, "ORD_STRA": 2, "ORD_CLAS": 3, "ORD_FLOW": 7, "HYBAS_L12": 4121601740.0, "Shape_Length": 0.015951779686458094 }, "geometry": { "type": "Polygon", "coordinates": [ ] } },
{ "type": "Feature", "properties": { "HYRIV_ID": 41404867, "NEXT_DOWN": 41404746, "MAIN_RIV": 41399660, "LENGTH_KM": 5.39, "DIST_DN_KM": 196.39999, "DIST_UP_KM": 26.1, "CATCH_SKM": 15.34, "UPLAND_SKM": 155.89999, "ENDORHEIC": 0, "DIS_AV_CMS": 4.848, "ORD_STRA": 3, "ORD_CLAS": 2, "ORD_FLOW": 6, "HYBAS_L12": 4121158300.0, "Shape_Length": 0.048570226039465494 }, "geometry": { "type": "Polygon", "coordinates": [ ] } },
{ "type": "Feature", "properties": { "HYRIV_ID": 41404888, "NEXT_DOWN": 41404866, "MAIN_RIV": 41399660, "LENGTH_KM": 1.4400001, "DIST_DN_KM": 260.10001, "DIST_UP_KM": 4.0, "CATCH_SKM": 7.2399998, "UPLAND_SKM": 7.2, "ENDORHEIC": 0, "DIS_AV_CMS": 0.228, "ORD_STRA": 1, "ORD_CLAS": 4, "ORD_FLOW": 7, "HYBAS_L12": 4121601740.0, "Shape_Length": 0.013005501431486682 }, "geometry": { "type": "Polygon", "coordinates": [ ] } },
{ "type": "Feature", "properties": { "HYRIV_ID": 41404889, "NEXT_DOWN": 41404842, "MAIN_RIV": 41399660, "LENGTH_KM": 2.0, "DIST_DN_KM": 228.3, "DIST_UP_KM": 6.4, "CATCH_SKM": 8.0900002, "UPLAND_SKM": 8.1, "ENDORHEIC": 0, "DIS_AV_CMS": 0.253, "ORD_STRA": 1, "ORD_CLAS": 4, "ORD_FLOW": 7, "HYBAS_L12": 4121158140.0, "Shape_Length": 0.018035113019787809 }, "geometry": { "type": "Polygon", "coordinates": [ ] } },
{ "type": "Feature", "properties": { "HYRIV_ID": 41404909, "NEXT_DOWN": 41404866, "MAIN_RIV": 41399660, "LENGTH_KM": 1.63, "DIST_DN_KM": 260.29999, "DIST_UP_KM": 4.2, "CATCH_SKM": 4.9, "UPLAND_SKM": 4.9, "ENDORHEIC": 0, "DIS_AV_CMS": 0.156, "ORD_STRA": 1, "ORD_CLAS": 3, "ORD_FLOW": 7, "HYBAS_L12": 4121601740.0, "Shape_Length": 0.014731391274706343 }, "geometry": { "type": "Polygon", "coordinates": [ ] } },
{ "type": "Feature", "properties": { "HYRIV_ID": 41404910, "NEXT_DOWN": 41404911, "MAIN_RIV": 41399660, "LENGTH_KM": 0.69, "DIST_DN_KM": 191.89999, "DIST_UP_KM": 2.9, "CATCH_SKM": 4.2600002, "UPLAND_SKM": 4.3, "ENDORHEIC": 0, "DIS_AV_CMS": 0.121, "ORD_STRA": 1, "ORD_CLAS": 3, "ORD_FLOW": 7, "HYBAS_L12": 4121158290.0, "Shape_Length": 0.0062499999999658939 }, "geometry": { "type": "Polygon", "coordinates": [ ] } },
{ "type": "Feature", "properties": { "HYRIV_ID": 41404911, "NEXT_DOWN": 41404694, "MAIN_RIV": 41399660, "LENGTH_KM": 8.2700005, "DIST_DN_KM": 183.89999, "DIST_UP_KM": 68.599998, "CATCH_SKM": 25.98, "UPLAND_SKM": 744.70001, "ENDORHEIC": 0, "DIS_AV_CMS": 24.211, "ORD_STRA": 4, "ORD_CLAS": 2, "ORD_FLOW": 5, "HYBAS_L12": 4121158290.0, "Shape_Length": 0.074581228902628055 }, "geometry": { "type": "Polygon", "coordinates": [ ] } },
{ "type": "Feature", "properties": { "HYRIV_ID": 41404924, "NEXT_DOWN": 41404867, "MAIN_RIV": 41399660, "LENGTH_KM": 2.9200001, "DIST_DN_KM": 201.8, "DIST_UP_KM": 6.0, "CATCH_SKM": 8.9499998, "UPLAND_SKM": 8.9, "ENDORHEIC": 0, "DIS_AV_CMS": 0.265, "ORD_STRA": 1, "ORD_CLAS": 3, "ORD_FLOW": 7, "HYBAS_L12": 4121158300.0, "Shape_Length": 0.026368446352991553 }, "geometry": { "type": "Polygon", "coordinates": [ ] } },
{ "type": "Feature", "properties": { "HYRIV_ID": 41404925, "NEXT_DOWN": 41404926, "MAIN_RIV": 41399660, "LENGTH_KM": 0.69, "DIST_DN_KM": 186.8, "DIST_UP_KM": 3.6, "CATCH_SKM": 5.75, "UPLAND_SKM": 5.8, "ENDORHEIC": 0, "DIS_AV_CMS": 0.154, "ORD_STRA": 1, "ORD_CLAS": 3, "ORD_FLOW": 7, "HYBAS_L12": 4121158170.0, "Shape_Length": 0.0062500000000227374 }, "geometry": { "type": "Polygon", "coordinates": [ ] } },
{ "type": "Feature", "properties": { "HYRIV_ID": 41404926, "NEXT_DOWN": 41404826, "MAIN_RIV": 41399660, "LENGTH_KM": 2.97, "DIST_DN_KM": 183.8, "DIST_UP_KM": 33.400002, "CATCH_SKM": 10.86, "UPLAND_SKM": 200.89999, "ENDORHEIC": 0, "DIS_AV_CMS": 5.1570001, "ORD_STRA": 3, "ORD_CLAS": 2, "ORD_FLOW": 6, "HYBAS_L12": 4121158170.0, "Shape_Length": 0.026725889843202809 }, "geometry": { "type": "Polygon", "coordinates": [ ] } },
{ "type": "Feature", "properties": { "HYRIV_ID": 41404937, "NEXT_DOWN": 41404867, "MAIN_RIV": 41399660, "LENGTH_KM": 2.23, "DIST_DN_KM": 201.8, "DIST_UP_KM": 20.700001, "CATCH_SKM": 8.0900002, "UPLAND_SKM": 131.60001, "ENDORHEIC": 0, "DIS_AV_CMS": 4.1350002, "ORD_STRA": 3, "ORD_CLAS": 2, "ORD_FLOW": 6, "HYBAS_L12": 4121158300.0, "Shape_Length": 0.020118446353159444 }, "geometry": { "type": "Polygon", "coordinates": [ ] } },
{ "type": "Feature", "properties": { "HYRIV_ID": 41404938, "NEXT_DOWN": 41404926, "MAIN_RIV": 41399660, "LENGTH_KM": 0.65, "DIST_DN_KM": 187.0, "DIST_UP_KM": 30.200001, "CATCH_SKM": 5.54, "UPLAND_SKM": 184.3, "ENDORHEIC": 0, "DIS_AV_CMS": 4.7179999, "ORD_STRA": 3, "ORD_CLAS": 2, "ORD_FLOW": 6, "HYBAS_L12": 4121158170.0, "Shape_Length": 0.0058925565098825365 }, "geometry": { "type": "Polygon", "coordinates": [ ] } },
{ "type": "Feature", "properties": { "HYRIV_ID": 41404939, "NEXT_DOWN": 41404938, "MAIN_RIV": 41399660, "LENGTH_KM": 2.28, "DIST_DN_KM": 187.60001, "DIST_UP_KM": 5.6, "CATCH_SKM": 11.08, "UPLAND_SKM": 11.1, "ENDORHEIC": 0, "DIS_AV_CMS": 0.288, "ORD_STRA": 1, "ORD_CLAS": 3, "ORD_FLOW": 7, "HYBAS_L12": 4121158170.0, "Shape_Length": 0.020623947784568782 }, "geometry": { "type": "Polygon", "coordinates": [ ] } },
{ "type": "Feature", "properties": { "HYRIV_ID": 41404951, "NEXT_DOWN": 41404857, "MAIN_RIV": 41399660, "LENGTH_KM": 3.3900001, "DIST_DN_KM": 259.0, "DIST_UP_KM": 4.8, "CATCH_SKM": 7.46, "UPLAND_SKM": 7.5, "ENDORHEIC": 0, "DIS_AV_CMS": 0.247, "ORD_STRA": 1, "ORD_CLAS": 2, "ORD_FLOW": 7, "HYBAS_L12": 4121601770.0, "Shape_Length": 0.030535113019965643 }, "geometry": { "type": "Polygon", "coordinates": [ ] } },
{ "type": "Feature", "properties": { "HYRIV_ID": 41404952, "NEXT_DOWN": 41404839, "MAIN_RIV": 41399660, "LENGTH_KM": 3.4300001, "DIST_DN_KM": 257.39999, "DIST_UP_KM": 72.699997, "CATCH_SKM": 9.5900002, "UPLAND_SKM": 909.79999, "ENDORHEIC": 0, "DIS_AV_CMS": 33.160999, "ORD_STRA": 4, "ORD_CLAS": 1, "ORD_FLOW": 5, "HYBAS_L12": 4121601770.0, "Shape_Length": 0.030892556509793622 }, "geometry": { "type": "Polygon", "coordinates": [ ] } },
{ "type": "Feature", "properties": { "HYRIV_ID": 41404953, "NEXT_DOWN": 41404841, "MAIN_RIV": 41399660, "LENGTH_KM": 4.23, "DIST_DN_KM": 228.8, "DIST_UP_KM": 7.0, "CATCH_SKM": 15.97, "UPLAND_SKM": 16.0, "ENDORHEIC": 0, "DIS_AV_CMS": 0.505, "ORD_STRA": 1, "ORD_CLAS": 3, "ORD_FLOW": 7, "HYBAS_L12": 4121158140.0, "Shape_Length": 0.038153559372826669 }, "geometry": { "type": "Polygon", "coordinates": [ ] } },
{ "type": "Feature", "properties": { "HYRIV_ID": 41404954, "NEXT_DOWN": 41404775, "MAIN_RIV": 41399660, "LENGTH_KM": 6.5, "DIST_DN_KM": 181.5, "DIST_UP_KM": 52.8, "CATCH_SKM": 17.889999, "UPLAND_SKM": 353.70001, "ENDORHEIC": 0, "DIS_AV_CMS": 9.5050001, "ORD_STRA": 3, "ORD_CLAS": 2, "ORD_FLOW": 6, "HYBAS_L12": 4121158220.0, "Shape_Length": 0.058629449216225371 }, "geometry": { "type": "Polygon", "coordinates": [ ] } },
{ "type": "Feature", "properties": { "HYRIV_ID": 41404966, "NEXT_DOWN": 41404952, "MAIN_RIV": 41399660, "LENGTH_KM": 1.5700001, "DIST_DN_KM": 260.60001, "DIST_UP_KM": 18.6, "CATCH_SKM": 2.34, "UPLAND_SKM": 72.199997, "ENDORHEIC": 0, "DIS_AV_CMS": 2.3540001, "ORD_STRA": 2, "ORD_CLAS": 2, "ORD_FLOW": 6, "HYBAS_L12": 4121601770.0, "Shape_Length": 0.014225889843328579 }, "geometry": { "type": "Polygon", "coordinates": [ ] } },
{ "type": "Feature", "properties": { "HYRIV_ID": 41404967, "NEXT_DOWN": 41404774, "MAIN_RIV": 41399660, "LENGTH_KM": 7.21, "DIST_DN_KM": 192.8, "DIST_UP_KM": 9.1, "CATCH_SKM": 19.379999, "UPLAND_SKM": 19.4, "ENDORHEIC": 0, "DIS_AV_CMS": 0.55699998, "ORD_STRA": 1, "ORD_CLAS": 3, "ORD_FLOW": 7, "HYBAS_L12": 4121158320.0, "Shape_Length": 0.065027507157469439 }, "geometry": { "type": "Polygon", "coordinates": [ ] } },
{ "type": "Feature", "properties": { "HYRIV_ID": 41404974, "NEXT_DOWN": 41404975, "MAIN_RIV": 41399660, "LENGTH_KM": 2.09, "DIST_DN_KM": 207.10001, "DIST_UP_KM": 3.8, "CATCH_SKM": 10.86, "UPLAND_SKM": 10.9, "ENDORHEIC": 0, "DIS_AV_CMS": 0.331, "ORD_STRA": 1, "ORD_CLAS": 4, "ORD_FLOW": 7, "HYBAS_L12": 4121158300.0, "Shape_Length": 0.018898057941459656 }, "geometry": { "type": "Polygon", "coordinates": [ ] } },
{ "type": "Feature", "properties": { "HYRIV_ID": 41404975, "NEXT_DOWN": 41404937, "MAIN_RIV": 41399660, "LENGTH_KM": 2.8800001, "DIST_DN_KM": 204.3, "DIST_UP_KM": 18.3, "CATCH_SKM": 6.8200002, "UPLAND_SKM": 115.0, "ENDORHEIC": 0, "DIS_AV_CMS": 3.635, "ORD_STRA": 3, "ORD_CLAS": 2, "ORD_FLOW": 6, "HYBAS_L12": 4121158300.0, "Shape_Length": 0.026011002863000357 }, "geometry": { "type": "Polygon", "coordinates": [ ] } },
{ "type": "Feature", "properties": { "HYRIV_ID": 41404976, "NEXT_DOWN": 41404774, "MAIN_RIV": 41399660, "LENGTH_KM": 6.9699998, "DIST_DN_KM": 192.8, "DIST_UP_KM": 22.9, "CATCH_SKM": 14.48, "UPLAND_SKM": 76.300003, "ENDORHEIC": 0, "DIS_AV_CMS": 2.293, "ORD_STRA": 2, "ORD_CLAS": 2, "ORD_FLOW": 6, "HYBAS_L12": 4121158320.0, "Shape_Length": 0.062796115882818623 }, "geometry": { "type": "Polygon", "coordinates": [ ] } },
{ "type": "Feature", "properties": { "HYRIV_ID": 41405004, "NEXT_DOWN": 41404966, "MAIN_RIV": 41399660, "LENGTH_KM": 1.96, "DIST_DN_KM": 262.39999, "DIST_UP_KM": 8.2, "CATCH_SKM": 3.62, "UPLAND_SKM": 26.4, "ENDORHEIC": 0, "DIS_AV_CMS": 0.875, "ORD_STRA": 2, "ORD_CLAS": 3, "ORD_FLOW": 7, "HYBAS_L12": 4121601770.0, "Shape_Length": 0.017677669529637563 }, "geometry": { "type": "Polygon", "coordinates": [ ] } },
{ "type": "Feature", "properties": { "HYRIV_ID": 41405005, "NEXT_DOWN": 41404966, "MAIN_RIV": 41399660, "LENGTH_KM": 12.78, "DIST_DN_KM": 262.39999, "DIST_UP_KM": 16.8, "CATCH_SKM": 43.450001, "UPLAND_SKM": 43.5, "ENDORHEIC": 0, "DIS_AV_CMS": 1.403, "ORD_STRA": 1, "ORD_CLAS": 2, "ORD_FLOW": 6, "HYBAS_L12": 4121601770.0, "Shape_Length": 0.11547168098168571 }, "geometry": { "type": "Polygon", "coordinates": [ ] } },
{ "type": "Feature", "properties": { "HYRIV_ID": 41405025, "NEXT_DOWN": 41404937, "MAIN_RIV": 41399660, "LENGTH_KM": 3.48, "DIST_DN_KM": 204.10001, "DIST_UP_KM": 6.3, "CATCH_SKM": 8.5200005, "UPLAND_SKM": 8.5, "ENDORHEIC": 0, "DIS_AV_CMS": 0.258, "ORD_STRA": 1, "ORD_CLAS": 3, "ORD_FLOW": 7, "HYBAS_L12": 4121158300.0, "Shape_Length": 0.031398057941466662 }, "geometry": { "type": "Polygon", "coordinates": [ ] } },
{ "type": "Feature", "properties": { "HYRIV_ID": 41405040, "NEXT_DOWN": 41405004, "MAIN_RIV": 41399660, "LENGTH_KM": 1.16, "DIST_DN_KM": 264.20001, "DIST_UP_KM": 3.5, "CATCH_SKM": 5.33, "UPLAND_SKM": 5.3, "ENDORHEIC": 0, "DIS_AV_CMS": 0.17900001, "ORD_STRA": 1, "ORD_CLAS": 4, "ORD_FLOW": 7, "HYBAS_L12": 4121601770.0, "Shape_Length": 0.010416666666642982 }, "geometry": { "type": "Polygon", "coordinates": [ ] } },
{ "type": "Feature", "properties": { "HYRIV_ID": 41405041, "NEXT_DOWN": 41405004, "MAIN_RIV": 41399660, "LENGTH_KM": 4.3200002, "DIST_DN_KM": 264.20001, "DIST_UP_KM": 6.4, "CATCH_SKM": 17.469999, "UPLAND_SKM": 17.5, "ENDORHEIC": 0, "DIS_AV_CMS": 0.57700002, "ORD_STRA": 1, "ORD_CLAS": 3, "ORD_FLOW": 7, "HYBAS_L12": 4121601770.0, "Shape_Length": 0.039016504294550482 }, "geometry": { "type": "Polygon", "coordinates": [ ] } },
{ "type": "Feature", "properties": { "HYRIV_ID": 41405042, "NEXT_DOWN": 41404954, "MAIN_RIV": 41399660, "LENGTH_KM": 2.78, "DIST_DN_KM": 187.8, "DIST_UP_KM": 10.7, "CATCH_SKM": 5.54, "UPLAND_SKM": 38.8, "ENDORHEIC": 0, "DIS_AV_CMS": 1.072, "ORD_STRA": 2, "ORD_CLAS": 3, "ORD_FLOW": 6, "HYBAS_L12": 4121158220.0, "Shape_Length": 0.024999999999991473 }, "geometry": { "type": "Polygon", "coordinates": [ ] } },
{ "type": "Feature", "properties": { "HYRIV_ID": 41405056, "NEXT_DOWN": 41404975, "MAIN_RIV": 41399660, "LENGTH_KM": 3.21, "DIST_DN_KM": 206.89999, "DIST_UP_KM": 6.2, "CATCH_SKM": 6.39, "UPLAND_SKM": 6.4, "ENDORHEIC": 0, "DIS_AV_CMS": 0.196, "ORD_STRA": 1, "ORD_CLAS": 3, "ORD_FLOW": 7, "HYBAS_L12": 4121158300.0, "Shape_Length": 0.028957281117896257 }, "geometry": { "type": "Polygon", "coordinates": [ ] } },
{ "type": "Feature", "properties": { "HYRIV_ID": 41405057, "NEXT_DOWN": 41404911, "MAIN_RIV": 41399660, "LENGTH_KM": 6.04, "DIST_DN_KM": 191.89999, "DIST_UP_KM": 60.5, "CATCH_SKM": 19.379999, "UPLAND_SKM": 714.5, "ENDORHEIC": 0, "DIS_AV_CMS": 23.385, "ORD_STRA": 4, "ORD_CLAS": 2, "ORD_FLOW": 5, "HYBAS_L12": 4121158290.0, "Shape_Length": 0.054462782549601685 }, "geometry": { "type": "Polygon", "coordinates": [ ] } },
{ "type": "Feature", "properties": { "HYRIV_ID": 41405082, "NEXT_DOWN": 41405083, "MAIN_RIV": 41399660, "LENGTH_KM": 4.3200002, "DIST_DN_KM": 265.89999, "DIST_UP_KM": 6.2, "CATCH_SKM": 13.42, "UPLAND_SKM": 13.4, "ENDORHEIC": 0, "DIS_AV_CMS": 0.454, "ORD_STRA": 1, "ORD_CLAS": 2, "ORD_FLOW": 7, "HYBAS_L12": 4121601770.0, "Shape_Length": 0.039016504294489177 }, "geometry": { "type": "Polygon", "coordinates": [ ] } },
{ "type": "Feature", "properties": { "HYRIV_ID": 41405083, "NEXT_DOWN": 41405084, "MAIN_RIV": 41399660, "LENGTH_KM": 0.46, "DIST_DN_KM": 265.29999, "DIST_UP_KM": 64.800003, "CATCH_SKM": 0.85, "UPLAND_SKM": 813.90002, "ENDORHEIC": 0, "DIS_AV_CMS": 30.048, "ORD_STRA": 4, "ORD_CLAS": 1, "ORD_FLOW": 5, "HYBAS_L12": 4121601770.0, "Shape_Length": 0.0041666666667765639 }, "geometry": { "type": "Polygon", "coordinates": [ ] } },
{ "type": "Feature", "properties": { "HYRIV_ID": 41405084, "NEXT_DOWN": 41404952, "MAIN_RIV": 41399660, "LENGTH_KM": 4.6500001, "DIST_DN_KM": 260.60001, "DIST_UP_KM": 69.400002, "CATCH_SKM": 9.37, "UPLAND_SKM": 828.0, "ENDORHEIC": 0, "DIS_AV_CMS": 30.507, "ORD_STRA": 4, "ORD_CLAS": 1, "ORD_FLOW": 5, "HYBAS_L12": 4121601770.0, "Shape_Length": 0.041962782549212825 }, "geometry": { "type": "Polygon", "coordinates": [ ] } },
{ "type": "Feature", "properties": { "HYRIV_ID": 41405097, "NEXT_DOWN": 41405084, "MAIN_RIV": 41399660, "LENGTH_KM": 0.98, "DIST_DN_KM": 265.5, "DIST_UP_KM": 3.6, "CATCH_SKM": 4.6900001, "UPLAND_SKM": 4.7, "ENDORHEIC": 0, "DIS_AV_CMS": 0.159, "ORD_STRA": 1, "ORD_CLAS": 2, "ORD_FLOW": 7, "HYBAS_L12": 4121601770.0, "Shape_Length": 0.0088388347647534657 }, "geometry": { "type": "Polygon", "coordinates": [ ] } },
{ "type": "Feature", "properties": { "HYRIV_ID": 41405098, "NEXT_DOWN": 41404825, "MAIN_RIV": 41399660, "LENGTH_KM": 10.1, "DIST_DN_KM": 227.5, "DIST_UP_KM": 12.0, "CATCH_SKM": 38.130001, "UPLAND_SKM": 38.099998, "ENDORHEIC": 0, "DIS_AV_CMS": 1.196, "ORD_STRA": 1, "ORD_CLAS": 2, "ORD_FLOW": 6, "HYBAS_L12": 4121158140.0, "Shape_Length": 0.091038510020368307 }, "geometry": { "type": "Polygon", "coordinates": [ ] } },
{ "type": "Feature", "properties": { "HYRIV_ID": 41405112, "NEXT_DOWN": 41404975, "MAIN_RIV": 41399660, "LENGTH_KM": 4.2800002, "DIST_DN_KM": 207.10001, "DIST_UP_KM": 15.4, "CATCH_SKM": 15.76, "UPLAND_SKM": 91.0, "ENDORHEIC": 0, "DIS_AV_CMS": 2.9030001, "ORD_STRA": 3, "ORD_CLAS": 2, "ORD_FLOW": 6, "HYBAS_L12": 4121158300.0, "Shape_Length": 0.038511002862970323 }, "geometry": { "type": "Polygon", "coordinates": [ ] } },
{ "type": "Feature", "properties": { "HYRIV_ID": 41405113, "NEXT_DOWN": 41405114, "MAIN_RIV": 41399660, "LENGTH_KM": 0.69, "DIST_DN_KM": 201.2, "DIST_UP_KM": 3.1, "CATCH_SKM": 5.33, "UPLAND_SKM": 5.3, "ENDORHEIC": 0, "DIS_AV_CMS": 0.155, "ORD_STRA": 1, "ORD_CLAS": 4, "ORD_FLOW": 7, "HYBAS_L12": 4121158410.0, "Shape_Length": 0.0062500000000227374 }, "geometry": { "type": "Polygon", "coordinates": [ ] } },
{ "type": "Feature", "properties": { "HYRIV_ID": 41405114, "NEXT_DOWN": 41405057, "MAIN_RIV": 41399660, "LENGTH_KM": 3.26, "DIST_DN_KM": 198.2, "DIST_UP_KM": 27.0, "CATCH_SKM": 5.1100001, "UPLAND_SKM": 128.5, "ENDORHEIC": 0, "DIS_AV_CMS": 3.921, "ORD_STRA": 2, "ORD_CLAS": 3, "ORD_FLOW": 6, "HYBAS_L12": 4121158410.0, "Shape_Length": 0.029462782549503123 }, "geometry": { "type": "Polygon", "coordinates": [ ] } },
{ "type": "Feature", "properties": { "HYRIV_ID": 41405122, "NEXT_DOWN": 41405083, "MAIN_RIV": 41399660, "LENGTH_KM": 1.58, "DIST_DN_KM": 265.89999, "DIST_UP_KM": 64.099998, "CATCH_SKM": 1.7, "UPLAND_SKM": 799.70001, "ENDORHEIC": 0, "DIS_AV_CMS": 29.566, "ORD_STRA": 4, "ORD_CLAS": 1, "ORD_FLOW": 5, "HYBAS_L12": 4121601770.0, "Shape_Length": 0.014225889843117854 }, "geometry": { "type": "Polygon", "coordinates": [ ] } },
{ "type": "Feature", "properties": { "HYRIV_ID": 41405123, "NEXT_DOWN": 41405112, "MAIN_RIV": 41399660, "LENGTH_KM": 1.4400001, "DIST_DN_KM": 211.2, "DIST_UP_KM": 3.7, "CATCH_SKM": 4.9, "UPLAND_SKM": 4.9, "ENDORHEIC": 0, "DIS_AV_CMS": 0.152, "ORD_STRA": 1, "ORD_CLAS": 3, "ORD_FLOW": 7, "HYBAS_L12": 4121158300.0, "Shape_Length": 0.013005501431466584 }, "geometry": { "type": "Polygon", "coordinates": [ ] } },
{ "type": "Feature", "properties": { "HYRIV_ID": 41405124, "NEXT_DOWN": 41404775, "MAIN_RIV": 41399660, "LENGTH_KM": 11.75, "DIST_DN_KM": 181.3, "DIST_UP_KM": 14.4, "CATCH_SKM": 32.380001, "UPLAND_SKM": 32.400002, "ENDORHEIC": 0, "DIS_AV_CMS": 0.899, "ORD_STRA": 1, "ORD_CLAS": 3, "ORD_FLOW": 7, "HYBAS_L12": 4121158220.0, "Shape_Length": 0.10583122890251509 }, "geometry": { "type": "Polygon", "coordinates": [ ] } },
{ "type": "Feature", "properties": { "HYRIV_ID": 41405125, "NEXT_DOWN": 41405042, "MAIN_RIV": 41399660, "LENGTH_KM": 4.3200002, "DIST_DN_KM": 190.8, "DIST_UP_KM": 6.7, "CATCH_SKM": 10.01, "UPLAND_SKM": 10.0, "ENDORHEIC": 0, "DIS_AV_CMS": 0.27900001, "ORD_STRA": 1, "ORD_CLAS": 4, "ORD_FLOW": 7, "HYBAS_L12": 4121158220.0, "Shape_Length": 0.039016504294573734 }, "geometry": { "type": "Polygon", "coordinates": [ ] } },
{ "type": "Feature", "properties": { "HYRIV_ID": 41405140, "NEXT_DOWN": 41405112, "MAIN_RIV": 41399660, "LENGTH_KM": 1.12, "DIST_DN_KM": 211.2, "DIST_UP_KM": 11.4, "CATCH_SKM": 3.62, "UPLAND_SKM": 70.300003, "ENDORHEIC": 0, "DIS_AV_CMS": 2.263, "ORD_STRA": 3, "ORD_CLAS": 2, "ORD_FLOW": 6, "HYBAS_L12": 4121158300.0, "Shape_Length": 0.010059223176535365 }, "geometry": { "type": "Polygon", "coordinates": [ ] } },
{ "type": "Feature", "properties": { "HYRIV_ID": 41405141, "NEXT_DOWN": 41404976, "MAIN_RIV": 41399660, "LENGTH_KM": 5.62, "DIST_DN_KM": 199.7, "DIST_UP_KM": 7.8, "CATCH_SKM": 27.91, "UPLAND_SKM": 27.9, "ENDORHEIC": 0, "DIS_AV_CMS": 0.83, "ORD_STRA": 1, "ORD_CLAS": 3, "ORD_FLOW": 7, "HYBAS_L12": 4121158320.0, "Shape_Length": 0.050653559372816313 }, "geometry": { "type": "Polygon", "coordinates": [ ] } },
{ "type": "Feature", "properties": { "HYRIV_ID": 41405157, "NEXT_DOWN": 41405042, "MAIN_RIV": 41399660, "LENGTH_KM": 3.4300001, "DIST_DN_KM": 190.60001, "DIST_UP_KM": 7.9, "CATCH_SKM": 11.72, "UPLAND_SKM": 23.200001, "ENDORHEIC": 0, "DIS_AV_CMS": 0.64200002, "ORD_STRA": 2, "ORD_CLAS": 3, "ORD_FLOW": 7, "HYBAS_L12": 4121158220.0, "Shape_Length": 0.030892556509960999 }, "geometry": { "type": "Polygon", "coordinates": [ ] } },
{ "type": "Feature", "properties": { "HYRIV_ID": 41405158, "NEXT_DOWN": 41405187, "MAIN_RIV": 41399660, "LENGTH_KM": 4.9699998, "DIST_DN_KM": 199.2, "DIST_UP_KM": 6.8, "CATCH_SKM": 15.98, "UPLAND_SKM": 16.0, "ENDORHEIC": 0, "DIS_AV_CMS": 0.40900001, "ORD_STRA": 1, "ORD_CLAS": 4, "ORD_FLOW": 7, "HYBAS_L12": 4121601830.0, "Shape_Length": 0.044761002862937938 }, "geometry": { "type": "Polygon", "coordinates": [ ] } },
{ "type": "Feature", "properties": { "HYRIV_ID": 41405173, "NEXT_DOWN": 41405174, "MAIN_RIV": 41399660, "LENGTH_KM": 0.69, "DIST_DN_KM": 270.0, "DIST_UP_KM": 3.1, "CATCH_SKM": 3.83, "UPLAND_SKM": 3.8, "ENDORHEIC": 0, "DIS_AV_CMS": 0.134, "ORD_STRA": 1, "ORD_CLAS": 3, "ORD_FLOW": 7, "HYBAS_L12": 4121158470.0, "Shape_Length": 0.0062500000000227374 }, "geometry": { "type": "Polygon", "coordinates": [ ] } },
{ "type": "Feature", "properties": { "HYRIV_ID": 41405174, "NEXT_DOWN": 41405122, "MAIN_RIV": 41399660, "LENGTH_KM": 2.6900001, "DIST_DN_KM": 267.29999, "DIST_UP_KM": 32.099998, "CATCH_SKM": 7.8800001, "UPLAND_SKM": 206.5, "ENDORHEIC": 0, "DIS_AV_CMS": 7.64, "ORD_STRA": 3, "ORD_CLAS": 2, "ORD_FLOW": 6, "HYBAS_L12": 4121158470.0, "Shape_Length": 0.024285113019809831 }, "geometry": { "type": "Polygon", "coordinates": [ ] } },
{ "type": "Feature", "properties": { "HYRIV_ID": 41405182, "NEXT_DOWN": 41405207, "MAIN_RIV": 41399660, "LENGTH_KM": 1.62, "DIST_DN_KM": 279.70001, "DIST_UP_KM": 4.3, "CATCH_SKM": 7.6700001, "UPLAND_SKM": 7.7, "ENDORHEIC": 0, "DIS_AV_CMS": 0.253, "ORD_STRA": 1, "ORD_CLAS": 2, "ORD_FLOW": 7, "HYBAS_L12": 4121158480.0, "Shape_Length": 0.014583333333334281 }, "geometry": { "type": "Polygon", "coordinates": [ ] } },
{ "type": "Feature", "properties": { "HYRIV_ID": 41405183, "NEXT_DOWN": 41405140, "MAIN_RIV": 41399660, "LENGTH_KM": 2.29, "DIST_DN_KM": 212.5, "DIST_UP_KM": 4.7, "CATCH_SKM": 8.3100004, "UPLAND_SKM": 8.3, "ENDORHEIC": 0, "DIS_AV_CMS": 0.262, "ORD_STRA": 1, "ORD_CLAS": 3, "ORD_FLOW": 7, "HYBAS_L12": 4121158300.0, "Shape_Length": 0.02062394778458888 }, "geometry": { "type": "Polygon", "coordinates": [ ] } },
{ "type": "Feature", "properties": { "HYRIV_ID": 41405184, "NEXT_DOWN": 41404976, "MAIN_RIV": 41399660, "LENGTH_KM": 8.2700005, "DIST_DN_KM": 199.5, "DIST_UP_KM": 16.1, "CATCH_SKM": 15.34, "UPLAND_SKM": 33.900002, "ENDORHEIC": 0, "DIS_AV_CMS": 1.043, "ORD_STRA": 2, "ORD_CLAS": 2, "ORD_FLOW": 6, "HYBAS_L12": 4121158320.0, "Shape_Length": 0.074581228902418764 }, "geometry": { "type": "Polygon", "coordinates": [ ] } },
{ "type": "Feature", "properties": { "HYRIV_ID": 41405185, "NEXT_DOWN": 41405157, "MAIN_RIV": 41399660, "LENGTH_KM": 1.4400001, "DIST_DN_KM": 194.0, "DIST_UP_KM": 3.8, "CATCH_SKM": 6.1799998, "UPLAND_SKM": 6.2, "ENDORHEIC": 0, "DIS_AV_CMS": 0.171, "ORD_STRA": 1, "ORD_CLAS": 4, "ORD_FLOW": 7, "HYBAS_L12": 4121158220.0, "Shape_Length": 0.013005501431536925 }, "geometry": { "type": "Polygon", "coordinates": [ ] } },
{ "type": "Feature", "properties": { "HYRIV_ID": 41405186, "NEXT_DOWN": 41404938, "MAIN_RIV": 41399660, "LENGTH_KM": 9.58, "DIST_DN_KM": 187.39999, "DIST_UP_KM": 29.700001, "CATCH_SKM": 40.049999, "UPLAND_SKM": 167.7, "ENDORHEIC": 0, "DIS_AV_CMS": 4.283, "ORD_STRA": 3, "ORD_CLAS": 2, "ORD_FLOW": 6, "HYBAS_L12": 4121158170.0, "Shape_Length": 0.086366341922288481 }, "geometry": { "type": "Polygon", "coordinates": [ ] } },
{ "type": "Feature", "properties": { "HYRIV_ID": 41405187, "NEXT_DOWN": 41405186, "MAIN_RIV": 41399660, "LENGTH_KM": 2.04, "DIST_DN_KM": 197.0, "DIST_UP_KM": 9.6, "CATCH_SKM": 4.0500002, "UPLAND_SKM": 38.8, "ENDORHEIC": 0, "DIS_AV_CMS": 0.987, "ORD_STRA": 2, "ORD_CLAS": 3, "ORD_FLOW": 7, "HYBAS_L12": 4121601830.0, "Shape_Length": 0.01839255651003165 }, "geometry": { "type": "Polygon", "coordinates": [ ] } },
{ "type": "Feature", "properties": { "HYRIV_ID": 41405188, "NEXT_DOWN": 41405187, "MAIN_RIV": 41399660, "LENGTH_KM": 3.01, "DIST_DN_KM": 199.2, "DIST_UP_KM": 7.3, "CATCH_SKM": 18.75, "UPLAND_SKM": 18.700001, "ENDORHEIC": 0, "DIS_AV_CMS": 0.47400001, "ORD_STRA": 1, "ORD_CLAS": 3, "ORD_FLOW": 7, "HYBAS_L12": 4121601830.0, "Shape_Length": 0.027231391274641283 }, "geometry": { "type": "Polygon", "coordinates": [ ] } },
{ "type": "Feature", "properties": { "HYRIV_ID": 41405206, "NEXT_DOWN": 41405224, "MAIN_RIV": 41399660, "LENGTH_KM": 1.35, "DIST_DN_KM": 278.79999, "DIST_UP_KM": 3.4, "CATCH_SKM": 3.83, "UPLAND_SKM": 3.8, "ENDORHEIC": 0, "DIS_AV_CMS": 0.12800001, "ORD_STRA": 1, "ORD_CLAS": 2, "ORD_FLOW": 7, "HYBAS_L12": 4121158480.0, "Shape_Length": 0.01214255650986264 }, "geometry": { "type": "Polygon", "coordinates": [ ] } },
{ "type": "Feature", "properties": { "HYRIV_ID": 41405207, "NEXT_DOWN": 41405224, "MAIN_RIV": 41399660, "LENGTH_KM": 1.11, "DIST_DN_KM": 278.60001, "DIST_UP_KM": 51.5, "CATCH_SKM": 1.92, "UPLAND_SKM": 546.09998, "ENDORHEIC": 0, "DIS_AV_CMS": 20.341999, "ORD_STRA": 3, "ORD_CLAS": 1, "ORD_FLOW": 5, "HYBAS_L12": 4121158480.0, "Shape_Length": 0.010059223176545413 }, "geometry": { "type": "Polygon", "coordinates": [ ] } },
{ "type": "Feature", "properties": { "HYRIV_ID": 41405208, "NEXT_DOWN": 41405207, "MAIN_RIV": 41399660, "LENGTH_KM": 1.11, "DIST_DN_KM": 279.70001, "DIST_UP_KM": 50.3, "CATCH_SKM": 1.28, "UPLAND_SKM": 536.59998, "ENDORHEIC": 0, "DIS_AV_CMS": 20.027, "ORD_STRA": 3, "ORD_CLAS": 1, "ORD_FLOW": 5, "HYBAS_L12": 4121158480.0, "Shape_Length": 0.010059223176585608 }, "geometry": { "type": "Polygon", "coordinates": [ ] } },
{ "type": "Feature", "properties": { "HYRIV_ID": 41405209, "NEXT_DOWN": 41405208, "MAIN_RIV": 41399660, "LENGTH_KM": 1.9, "DIST_DN_KM": 280.79999, "DIST_UP_KM": 4.2, "CATCH_SKM": 7.0300002, "UPLAND_SKM": 7.0, "ENDORHEIC": 0, "DIS_AV_CMS": 0.232, "ORD_STRA": 1, "ORD_CLAS": 2, "ORD_FLOW": 7, "HYBAS_L12": 4121158480.0, "Shape_Length": 0.01717216809807922 }, "geometry": { "type": "Polygon", "coordinates": [ ] } },
{ "type": "Feature", "properties": { "HYRIV_ID": 41405210, "NEXT_DOWN": 41405184, "MAIN_RIV": 41399660, "LENGTH_KM": 0.69, "DIST_DN_KM": 207.8, "DIST_UP_KM": 3.2, "CATCH_SKM": 4.6900001, "UPLAND_SKM": 4.7, "ENDORHEIC": 0, "DIS_AV_CMS": 0.144, "ORD_STRA": 1, "ORD_CLAS": 3, "ORD_FLOW": 7, "HYBAS_L12": 4121158320.0, "Shape_Length": 0.0062500000000369482 }, "geometry": { "type": "Polygon", "coordinates": [ ] } },
{ "type": "Feature", "properties": { "HYRIV_ID": 41405211, "NEXT_DOWN": 41405157, "MAIN_RIV": 41399660, "LENGTH_KM": 2.0, "DIST_DN_KM": 194.2, "DIST_UP_KM": 4.3, "CATCH_SKM": 5.33, "UPLAND_SKM": 5.3, "ENDORHEIC": 0, "DIS_AV_CMS": 0.149, "ORD_STRA": 1, "ORD_CLAS": 3, "ORD_FLOW": 7, "HYBAS_L12": 4121158220.0, "Shape_Length": 0.018035113019791972 }, "geometry": { "type": "Polygon", "coordinates": [ ] } },
{ "type": "Feature", "properties": { "HYRIV_ID": 41405223, "NEXT_DOWN": 41405174, "MAIN_RIV": 41399660, "LENGTH_KM": 1.39, "DIST_DN_KM": 270.0, "DIST_UP_KM": 29.4, "CATCH_SKM": 2.1300001, "UPLAND_SKM": 194.7, "ENDORHEIC": 0, "DIS_AV_CMS": 7.2350001, "ORD_STRA": 3, "ORD_CLAS": 2, "ORD_FLOW": 6, "HYBAS_L12": 4121158470.0, "Shape_Length": 0.012500000000017053 }, "geometry": { "type": "Polygon", "coordinates": [ ] } },
{ "type": "Feature", "properties": { "HYRIV_ID": 41405224, "NEXT_DOWN": 41405122, "MAIN_RIV": 41399660, "LENGTH_KM": 11.28, "DIST_DN_KM": 267.5, "DIST_UP_KM": 62.5, "CATCH_SKM": 41.540001, "UPLAND_SKM": 591.5, "ENDORHEIC": 0, "DIS_AV_CMS": 21.872999, "ORD_STRA": 3, "ORD_CLAS": 1, "ORD_FLOW": 5, "HYBAS_L12": 4121158480.0, "Shape_Length": 0.10202200572602155 }, "geometry": { "type": "Polygon", "coordinates": [ ] } },
{ "type": "Feature", "properties": { "HYRIV_ID": 41405225, "NEXT_DOWN": 41405208, "MAIN_RIV": 41399660, "LENGTH_KM": 0.65, "DIST_DN_KM": 281.0, "DIST_UP_KM": 49.0, "CATCH_SKM": 0.43, "UPLAND_SKM": 528.20001, "ENDORHEIC": 0, "DIS_AV_CMS": 19.754, "ORD_STRA": 3, "ORD_CLAS": 1, "ORD_FLOW": 5, "HYBAS_L12": 4121158480.0, "Shape_Length": 0.0058925565099126826 }, "geometry": { "type": "Polygon", "coordinates": [ ] } },
{ "type": "Feature", "properties": { "HYRIV_ID": 41405226, "NEXT_DOWN": 41405225, "MAIN_RIV": 41399660, "LENGTH_KM": 1.38, "DIST_DN_KM": 281.5, "DIST_UP_KM": 13.3, "CATCH_SKM": 5.54, "UPLAND_SKM": 61.099998, "ENDORHEIC": 0, "DIS_AV_CMS": 2.0320001, "ORD_STRA": 2, "ORD_CLAS": 2, "ORD_FLOW": 6, "HYBAS_L12": 4121158480.0, "Shape_Length": 0.012499999999988631 }, "geometry": { "type": "Polygon", "coordinates": [ ] } },
{ "type": "Feature", "properties": { "HYRIV_ID": 41405227, "NEXT_DOWN": 41405226, "MAIN_RIV": 41399660, "LENGTH_KM": 2.09, "DIST_DN_KM": 282.89999, "DIST_UP_KM": 5.7, "CATCH_SKM": 5.33, "UPLAND_SKM": 5.3, "ENDORHEIC": 0, "DIS_AV_CMS": 0.174, "ORD_STRA": 1, "ORD_CLAS": 3, "ORD_FLOW": 7, "HYBAS_L12": 4121158480.0, "Shape_Length": 0.018898057941369222 }, "geometry": { "type": "Polygon", "coordinates": [ ] } },
{ "type": "Feature", "properties": { "HYRIV_ID": 41405228, "NEXT_DOWN": 41405229, "MAIN_RIV": 41399660, "LENGTH_KM": 1.4400001, "DIST_DN_KM": 215.89999, "DIST_UP_KM": 4.2, "CATCH_SKM": 6.39, "UPLAND_SKM": 6.4, "ENDORHEIC": 0, "DIS_AV_CMS": 0.205, "ORD_STRA": 1, "ORD_CLAS": 4, "ORD_FLOW": 7, "HYBAS_L12": 4121158300.0, "Shape_Length": 0.013005501431456536 }, "geometry": { "type": "Polygon", "coordinates": [ ] } },
{ "type": "Feature", "properties": { "HYRIV_ID": 41405229, "NEXT_DOWN": 41405230, "MAIN_RIV": 41399660, "LENGTH_KM": 0.46, "DIST_DN_KM": 215.39999, "DIST_UP_KM": 6.1, "CATCH_SKM": 0.43, "UPLAND_SKM": 20.9, "ENDORHEIC": 0, "DIS_AV_CMS": 0.67900002, "ORD_STRA": 2, "ORD_CLAS": 3, "ORD_FLOW": 7, "HYBAS_L12": 4121158300.0, "Shape_Length": 0.0041666666666628771 }, "geometry": { "type": "Polygon", "coordinates": [ ] } },
{ "type": "Feature", "properties": { "HYRIV_ID": 41405230, "NEXT_DOWN": 41405140, "MAIN_RIV": 41399660, "LENGTH_KM": 3.07, "DIST_DN_KM": 212.5, "DIST_UP_KM": 10.0, "CATCH_SKM": 11.72, "UPLAND_SKM": 58.400002, "ENDORHEIC": 0, "DIS_AV_CMS": 1.888, "ORD_STRA": 3, "ORD_CLAS": 2, "ORD_FLOW": 6, "HYBAS_L12": 4121158300.0, "Shape_Length": 0.027736892706295948 }, "geometry": { "type": "Polygon", "coordinates": [ ] } },
{ "type": "Feature", "properties": { "HYRIV_ID": 41405231, "NEXT_DOWN": 41405114, "MAIN_RIV": 41399660, "LENGTH_KM": 4.0, "DIST_DN_KM": 201.3, "DIST_UP_KM": 23.9, "CATCH_SKM": 10.65, "UPLAND_SKM": 118.0, "ENDORHEIC": 0, "DIS_AV_CMS": 3.62, "ORD_STRA": 2, "ORD_CLAS": 3, "ORD_FLOW": 6, "HYBAS_L12": 4121158410.0, "Shape_Length": 0.036070226039571454 }, "geometry": { "type": "Polygon", "coordinates": [ ] } },
{ "type": "Feature", "properties": { "HYRIV_ID": 41405238, "NEXT_DOWN": 41405255, "MAIN_RIV": 41399660, "LENGTH_KM": 0.69, "DIST_DN_KM": 285.70001, "DIST_UP_KM": 4.7, "CATCH_SKM": 3.4100001, "UPLAND_SKM": 3.4, "ENDORHEIC": 0, "DIS_AV_CMS": 0.111, "ORD_STRA": 1, "ORD_CLAS": 4, "ORD_FLOW": 7, "HYBAS_L12": 4121158480.0, "Shape_Length": 0.0062499999999801048 }, "geometry": { "type": "Polygon", "coordinates": [ ] } },
{ "type": "Feature", "properties": { "HYRIV_ID": 41405239, "NEXT_DOWN": 41405255, "MAIN_RIV": 41399660, "LENGTH_KM": 0.92, "DIST_DN_KM": 285.70001, "DIST_UP_KM": 5.4, "CATCH_SKM": 4.4699998, "UPLAND_SKM": 16.8, "ENDORHEIC": 0, "DIS_AV_CMS": 0.55400002, "ORD_STRA": 2, "ORD_CLAS": 3, "ORD_FLOW": 7, "HYBAS_L12": 4121158480.0, "Shape_Length": 0.0083333333333257542 }, "geometry": { "type": "Polygon", "coordinates": [ ] } },
{ "type": "Feature", "properties": { "HYRIV_ID": 41405240, "NEXT_DOWN": 41405239, "MAIN_RIV": 41399660, "LENGTH_KM": 0.98, "DIST_DN_KM": 286.89999, "DIST_UP_KM": 3.3, "CATCH_SKM": 3.62, "UPLAND_SKM": 3.6, "ENDORHEIC": 0, "DIS_AV_CMS": 0.118, "ORD_STRA": 1, "ORD_CLAS": 4, "ORD_FLOW": 7, "HYBAS_L12": 4121158480.0, "Shape_Length": 0.0088388347647936592 }, "geometry": { "type": "Polygon", "coordinates": [ ] } },
{ "type": "Feature", "properties": { "HYRIV_ID": 41405241, "NEXT_DOWN": 41405057, "MAIN_RIV": 41399660, "LENGTH_KM": 6.9899998, "DIST_DN_KM": 198.2, "DIST_UP_KM": 54.3, "CATCH_SKM": 13.85, "UPLAND_SKM": 566.59998, "ENDORHEIC": 0, "DIS_AV_CMS": 18.927, "ORD_STRA": 4, "ORD_CLAS": 2, "ORD_FLOW": 5, "HYBAS_L12": 4121158440.0, "Shape_Length": 0.063092231765745341 }, "geometry": { "type": "Polygon", "coordinates": [ ] } },
{ "type": "Feature", "properties": { "HYRIV_ID": 41405254, "NEXT_DOWN": 41405226, "MAIN_RIV": 41399660, "LENGTH_KM": 2.23, "DIST_DN_KM": 283.10001, "DIST_UP_KM": 11.7, "CATCH_SKM": 6.6, "UPLAND_SKM": 50.3, "ENDORHEIC": 0, "DIS_AV_CMS": 1.673, "ORD_STRA": 2, "ORD_CLAS": 2, "ORD_FLOW": 6, "HYBAS_L12": 4121158480.0, "Shape_Length": 0.020118446353057234 }, "geometry": { "type": "Polygon", "coordinates": [ ] } },
{ "type": "Feature", "properties": { "HYRIV_ID": 41405255, "NEXT_DOWN": 41405254, "MAIN_RIV": 41399660, "LENGTH_KM": 0.65, "DIST_DN_KM": 285.29999, "DIST_UP_KM": 5.8, "CATCH_SKM": 0.21, "UPLAND_SKM": 20.5, "ENDORHEIC": 0, "DIS_AV_CMS": 0.672, "ORD_STRA": 2, "ORD_CLAS": 3, "ORD_FLOW": 7, "HYBAS_L12": 4121158480.0, "Shape_Length": 0.0058925565099629254 }, "geometry": { "type": "Polygon", "coordinates": [ ] } },
{ "type": "Feature", "properties": { "HYRIV_ID": 41405256, "NEXT_DOWN": 41404954, "MAIN_RIV": 41399660, "LENGTH_KM": 12.27, "DIST_DN_KM": 187.8, "DIST_UP_KM": 46.5, "CATCH_SKM": 38.77, "UPLAND_SKM": 297.0, "ENDORHEIC": 0, "DIS_AV_CMS": 7.9619999, "ORD_STRA": 3, "ORD_CLAS": 2, "ORD_FLOW": 6, "HYBAS_L12": 4121158220.0, "Shape_Length": 0.11065145494224143 }, "geometry": { "type": "Polygon", "coordinates": [ ] } },
{ "type": "Feature", "properties": { "HYRIV_ID": 41405257, "NEXT_DOWN": 41405256, "MAIN_RIV": 41399660, "LENGTH_KM": 1.34, "DIST_DN_KM": 200.2, "DIST_UP_KM": 3.0, "CATCH_SKM": 5.1100001, "UPLAND_SKM": 5.1, "ENDORHEIC": 0, "DIS_AV_CMS": 0.13600001, "ORD_STRA": 1, "ORD_CLAS": 3, "ORD_FLOW": 7, "HYBAS_L12": 4121601840.0, "Shape_Length": 0.01214255650984843 }, "geometry": { "type": "Polygon", "coordinates": [ ] } },
{ "type": "Feature", "properties": { "HYRIV_ID": 41405269, "NEXT_DOWN": 41405239, "MAIN_RIV": 41399660, "LENGTH_KM": 2.09, "DIST_DN_KM": 286.89999, "DIST_UP_KM": 4.3, "CATCH_SKM": 8.7299995, "UPLAND_SKM": 8.7, "ENDORHEIC": 0, "DIS_AV_CMS": 0.289, "ORD_STRA": 1, "ORD_CLAS": 3, "ORD_FLOW": 7, "HYBAS_L12": 4121158480.0, "Shape_Length": 0.01889805794134912 }, "geometry": { "type": "Polygon", "coordinates": [ ] } },
{ "type": "Feature", "properties": { "HYRIV_ID": 41405270, "NEXT_DOWN": 41405241, "MAIN_RIV": 41399660, "LENGTH_KM": 2.09, "DIST_DN_KM": 205.0, "DIST_UP_KM": 5.5, "CATCH_SKM": 14.7, "UPLAND_SKM": 14.7, "ENDORHEIC": 0, "DIS_AV_CMS": 0.41800001, "ORD_STRA": 1, "ORD_CLAS": 3, "ORD_FLOW": 7, "HYBAS_L12": 4121158440.0, "Shape_Length": 0.018898057941365773 }, "geometry": { "type": "Polygon", "coordinates": [ ] } },
{ "type": "Feature", "properties": { "HYRIV_ID": 41405271, "NEXT_DOWN": 41405256, "MAIN_RIV": 41399660, "LENGTH_KM": 0.46, "DIST_DN_KM": 200.10001, "DIST_UP_KM": 34.200001, "CATCH_SKM": 0.21, "UPLAND_SKM": 253.10001, "ENDORHEIC": 0, "DIS_AV_CMS": 6.7969999, "ORD_STRA": 3, "ORD_CLAS": 2, "ORD_FLOW": 6, "HYBAS_L12": 4121601840.0, "Shape_Length": 0.0041666666666628771 }, "geometry": { "type": "Polygon", "coordinates": [ ] } },
{ "type": "Feature", "properties": { "HYRIV_ID": 41405282, "NEXT_DOWN": 41405293, "MAIN_RIV": 41399660, "LENGTH_KM": 1.15, "DIST_DN_KM": 276.60001, "DIST_UP_KM": 3.8, "CATCH_SKM": 4.4699998, "UPLAND_SKM": 4.5, "ENDORHEIC": 0, "DIS_AV_CMS": 0.161, "ORD_STRA": 1, "ORD_CLAS": 3, "ORD_FLOW": 7, "HYBAS_L12": 4121158470.0, "Shape_Length": 0.010416666666571928 }, "geometry": { "type": "Polygon", "coordinates": [ ] } },
{ "type": "Feature", "properties": { "HYRIV_ID": 41405283, "NEXT_DOWN": 41405293, "MAIN_RIV": 41399660, "LENGTH_KM": 0.69, "DIST_DN_KM": 276.60001, "DIST_UP_KM": 3.2, "CATCH_SKM": 4.0500002, "UPLAND_SKM": 4.0, "ENDORHEIC": 0, "DIS_AV_CMS": 0.14300001, "ORD_STRA": 1, "ORD_CLAS": 4, "ORD_FLOW": 7, "HYBAS_L12": 4121158470.0, "Shape_Length": 0.0062499999999943157 }, "geometry": { "type": "Polygon", "coordinates": [ ] } },
{ "type": "Feature", "properties": { "HYRIV_ID": 41405284, "NEXT_DOWN": 41405223, "MAIN_RIV": 41399660, "LENGTH_KM": 2.6900001, "DIST_DN_KM": 271.39999, "DIST_UP_KM": 28.0, "CATCH_SKM": 7.46, "UPLAND_SKM": 154.3, "ENDORHEIC": 0, "DIS_AV_CMS": 5.7940001, "ORD_STRA": 3, "ORD_CLAS": 2, "ORD_FLOW": 6, "HYBAS_L12": 4121158470.0, "Shape_Length": 0.024285113019739492 }, "geometry": { "type": "Polygon", "coordinates": [ ] } },
{ "type": "Feature", "properties": { "HYRIV_ID": 41405293, "NEXT_DOWN": 41405294, "MAIN_RIV": 41399660, "LENGTH_KM": 0.46, "DIST_DN_KM": 276.10001, "DIST_UP_KM": 4.3, "CATCH_SKM": 1.28, "UPLAND_SKM": 9.8, "ENDORHEIC": 0, "DIS_AV_CMS": 0.35, "ORD_STRA": 2, "ORD_CLAS": 3, "ORD_FLOW": 7, "HYBAS_L12": 4121158470.0, "Shape_Length": 0.0041666666666486663 }, "geometry": { "type": "Polygon", "coordinates": [ ] } },
{ "type": "Feature", "properties": { "HYRIV_ID": 41405294, "NEXT_DOWN": 41405284, "MAIN_RIV": 41399660, "LENGTH_KM": 2.03, "DIST_DN_KM": 274.10001, "DIST_UP_KM": 25.3, "CATCH_SKM": 4.2600002, "UPLAND_SKM": 95.900002, "ENDORHEIC": 0, "DIS_AV_CMS": 3.641, "ORD_STRA": 3, "ORD_CLAS": 2, "ORD_FLOW": 6, "HYBAS_L12": 4121158470.0, "Shape_Length": 0.018392556509917963 }, "geometry": { "type": "Polygon", "coordinates": [ ] } },
{ "type": "Feature", "properties": { "HYRIV_ID": 41405295, "NEXT_DOWN": 41405229, "MAIN_RIV": 41399660, "LENGTH_KM": 3.58, "DIST_DN_KM": 216.10001, "DIST_UP_KM": 5.5, "CATCH_SKM": 14.06, "UPLAND_SKM": 14.1, "ENDORHEIC": 0, "DIS_AV_CMS": 0.46, "ORD_STRA": 1, "ORD_CLAS": 3, "ORD_FLOW": 7, "HYBAS_L12": 4121158300.0, "Shape_Length": 0.032261002863026245 }, "geometry": { "type": "Polygon", "coordinates": [ ] } },
{ "type": "Feature", "properties": { "HYRIV_ID": 41405296, "NEXT_DOWN": 41405184, "MAIN_RIV": 41399660, "LENGTH_KM": 5.4400001, "DIST_DN_KM": 208.0, "DIST_UP_KM": 7.6, "CATCH_SKM": 13.85, "UPLAND_SKM": 13.8, "ENDORHEIC": 0, "DIS_AV_CMS": 0.436, "ORD_STRA": 1, "ORD_CLAS": 2, "ORD_FLOW": 7, "HYBAS_L12": 4121158320.0, "Shape_Length": 0.049075727471064451 }, "geometry": { "type": "Polygon", "coordinates": [ ] } },
{ "type": "Feature", "properties": { "HYRIV_ID": 41405297, "NEXT_DOWN": 41405231, "MAIN_RIV": 41399660, "LENGTH_KM": 7.39, "DIST_DN_KM": 205.3, "DIST_UP_KM": 10.4, "CATCH_SKM": 25.139999, "UPLAND_SKM": 25.1, "ENDORHEIC": 0, "DIS_AV_CMS": 0.75800002, "ORD_STRA": 1, "ORD_CLAS": 4, "ORD_FLOW": 7, "HYBAS_L12": 4121158410.0, "Shape_Length": 0.066753397000743508 }, "geometry": { "type": "Polygon", "coordinates": [ ] } },
{ "type": "Feature", "properties": { "HYRIV_ID": 41405313, "NEXT_DOWN": 41405230, "MAIN_RIV": 41399660, "LENGTH_KM": 2.97, "DIST_DN_KM": 215.39999, "DIST_UP_KM": 7.2, "CATCH_SKM": 8.1, "UPLAND_SKM": 25.8, "ENDORHEIC": 0, "DIS_AV_CMS": 0.838, "ORD_STRA": 2, "ORD_CLAS": 2, "ORD_FLOW": 7, "HYBAS_L12": 4121158300.0, "Shape_Length": 0.026725889843215295 }, "geometry": { "type": "Polygon", "coordinates": [ ] } },
{ "type": "Feature", "properties": { "HYRIV_ID": 41405314, "NEXT_DOWN": 41405313, "MAIN_RIV": 41399660, "LENGTH_KM": 0.69, "DIST_DN_KM": 218.39999, "DIST_UP_KM": 3.3, "CATCH_SKM": 7.0300002, "UPLAND_SKM": 7.0, "ENDORHEIC": 0, "DIS_AV_CMS": 0.227, "ORD_STRA": 1, "ORD_CLAS": 3, "ORD_FLOW": 7, "HYBAS_L12": 4121158300.0, "Shape_Length": 0.0062499999999658939 }, "geometry": { "type": "Polygon", "coordinates": [ ] } },
{ "type": "Feature", "properties": { "HYRIV_ID": 41405325, "NEXT_DOWN": 41405223, "MAIN_RIV": 41399660, "LENGTH_KM": 6.04, "DIST_DN_KM": 271.39999, "DIST_UP_KM": 14.6, "CATCH_SKM": 11.5, "UPLAND_SKM": 38.3, "ENDORHEIC": 0, "DIS_AV_CMS": 1.367, "ORD_STRA": 2, "ORD_CLAS": 3, "ORD_FLOW": 6, "HYBAS_L12": 4121158470.0, "Shape_Length": 0.054462782549428421 }, "geometry": { "type": "Polygon", "coordinates": [ ] } },
{ "type": "Feature", "properties": { "HYRIV_ID": 41405326, "NEXT_DOWN": 41405325, "MAIN_RIV": 41399660, "LENGTH_KM": 1.15, "DIST_DN_KM": 277.39999, "DIST_UP_KM": 4.3, "CATCH_SKM": 5.33, "UPLAND_SKM": 5.3, "ENDORHEIC": 0, "DIS_AV_CMS": 0.188, "ORD_STRA": 1, "ORD_CLAS": 4, "ORD_FLOW": 7, "HYBAS_L12": 4121158470.0, "Shape_Length": 0.010416666666742458 }, "geometry": { "type": "Polygon", "coordinates": [ ] } },
{ "type": "Feature", "properties": { "HYRIV_ID": 41405327, "NEXT_DOWN": 41405231, "MAIN_RIV": 41399660, "LENGTH_KM": 3.62, "DIST_DN_KM": 205.3, "DIST_UP_KM": 19.9, "CATCH_SKM": 12.36, "UPLAND_SKM": 82.199997, "ENDORHEIC": 0, "DIS_AV_CMS": 2.553, "ORD_STRA": 2, "ORD_CLAS": 3, "ORD_FLOW": 6, "HYBAS_L12": 4121158410.0, "Shape_Length": 0.032618446353133865 }, "geometry": { "type": "Polygon", "coordinates": [ ] } },
{ "type": "Feature", "properties": { "HYRIV_ID": 41405328, "NEXT_DOWN": 41405271, "MAIN_RIV": 41399660, "LENGTH_KM": 2.04, "DIST_DN_KM": 200.5, "DIST_UP_KM": 33.700001, "CATCH_SKM": 6.39, "UPLAND_SKM": 237.60001, "ENDORHEIC": 0, "DIS_AV_CMS": 6.3850002, "ORD_STRA": 3, "ORD_CLAS": 2, "ORD_FLOW": 6, "HYBAS_L12": 4121601840.0, "Shape_Length": 0.018392556509903752 }, "geometry": { "type": "Polygon", "coordinates": [ ] } },
{ "type": "Feature", "properties": { "HYRIV_ID": 41405329, "NEXT_DOWN": 41405271, "MAIN_RIV": 41399660, "LENGTH_KM": 4.2199998, "DIST_DN_KM": 200.5, "DIST_UP_KM": 7.5, "CATCH_SKM": 15.34, "UPLAND_SKM": 15.3, "ENDORHEIC": 0, "DIS_AV_CMS": 0.40700001, "ORD_STRA": 1, "ORD_CLAS": 3, "ORD_FLOW": 7, "HYBAS_L12": 4121601840.0, "Shape_Length": 0.038153559372825246 }, "geometry": { "type": "Polygon", "coordinates": [ ] } },
{ "type": "Feature", "properties": { "HYRIV_ID": 41405337, "NEXT_DOWN": 41405225, "MAIN_RIV": 41399660, "LENGTH_KM": 4.2800002, "DIST_DN_KM": 281.70001, "DIST_UP_KM": 48.400002, "CATCH_SKM": 10.23, "UPLAND_SKM": 466.70001, "ENDORHEIC": 0, "DIS_AV_CMS": 17.709, "ORD_STRA": 3, "ORD_CLAS": 1, "ORD_FLOW": 5, "HYBAS_L12": 4121158480.0, "Shape_Length": 0.038511002862993859 }, "geometry": { "type": "Polygon", "coordinates": [ ] } },
{ "type": "Feature", "properties": { "HYRIV_ID": 41405338, "NEXT_DOWN": 41405241, "MAIN_RIV": 41399660, "LENGTH_KM": 4.0, "DIST_DN_KM": 205.2, "DIST_UP_KM": 47.3, "CATCH_SKM": 8.3100004, "UPLAND_SKM": 538.09998, "ENDORHEIC": 0, "DIS_AV_CMS": 18.122, "ORD_STRA": 4, "ORD_CLAS": 2, "ORD_FLOW": 5, "HYBAS_L12": 4121158440.0, "Shape_Length": 0.03607022603978248 }, "geometry": { "type": "Polygon", "coordinates": [ ] } },
{ "type": "Feature", "properties": { "HYRIV_ID": 41405346, "NEXT_DOWN": 41405313, "MAIN_RIV": 41399660, "LENGTH_KM": 1.91, "DIST_DN_KM": 218.39999, "DIST_UP_KM": 4.2, "CATCH_SKM": 10.65, "UPLAND_SKM": 10.7, "ENDORHEIC": 0, "DIS_AV_CMS": 0.35, "ORD_STRA": 1, "ORD_CLAS": 2, "ORD_FLOW": 7, "HYBAS_L12": 4121158300.0, "Shape_Length": 0.017172168098155444 }, "geometry": { "type": "Polygon", "coordinates": [ ] } },
{ "type": "Feature", "properties": { "HYRIV_ID": 41405347, "NEXT_DOWN": 41405348, "MAIN_RIV": 41399660, "LENGTH_KM": 0.69, "DIST_DN_KM": 204.8, "DIST_UP_KM": 4.0, "CATCH_SKM": 5.1100001, "UPLAND_SKM": 5.1, "ENDORHEIC": 0, "DIS_AV_CMS": 0.14300001, "ORD_STRA": 1, "ORD_CLAS": 3, "ORD_FLOW": 7, "HYBAS_L12": 4121601840.0, "Shape_Length": 0.0062500000000227374 }, "geometry": { "type": "Polygon", "coordinates": [ ] } },
{ "type": "Feature", "properties": { "HYRIV_ID": 41405348, "NEXT_DOWN": 41405328, "MAIN_RIV": 41399660, "LENGTH_KM": 2.23, "DIST_DN_KM": 202.60001, "DIST_UP_KM": 6.2, "CATCH_SKM": 7.8800001, "UPLAND_SKM": 18.700001, "ENDORHEIC": 0, "DIS_AV_CMS": 0.519, "ORD_STRA": 2, "ORD_CLAS": 3, "ORD_FLOW": 7, "HYBAS_L12": 4121601840.0, "Shape_Length": 0.020118446353120975 }, "geometry": { "type": "Polygon", "coordinates": [ ] } },
{ "type": "Feature", "properties": { "HYRIV_ID": 41405355, "NEXT_DOWN": 41405284, "MAIN_RIV": 41399660, "LENGTH_KM": 3.81, "DIST_DN_KM": 274.10001, "DIST_UP_KM": 14.4, "CATCH_SKM": 9.1599998, "UPLAND_SKM": 50.900002, "ENDORHEIC": 0, "DIS_AV_CMS": 1.89, "ORD_STRA": 2, "ORD_CLAS": 3, "ORD_FLOW": 6, "HYBAS_L12": 4121158470.0, "Shape_Length": 0.034344336196360126 }, "geometry": { "type": "Polygon", "coordinates": [ ] } },
{ "type": "Feature", "properties": { "HYRIV_ID": 41405356, "NEXT_DOWN": 41405348, "MAIN_RIV": 41399660, "LENGTH_KM": 0.69, "DIST_DN_KM": 204.8, "DIST_UP_KM": 3.6, "CATCH_SKM": 5.75, "UPLAND_SKM": 5.8, "ENDORHEIC": 0, "DIS_AV_CMS": 0.16, "ORD_STRA": 1, "ORD_CLAS": 4, "ORD_FLOW": 7, "HYBAS_L12": 4121601840.0, "Shape_Length": 0.0062499999999801048 }, "geometry": { "type": "Polygon", "coordinates": [ ] } },
{ "type": "Feature", "properties": { "HYRIV_ID": 41405365, "NEXT_DOWN": 41405366, "MAIN_RIV": 41399660, "LENGTH_KM": 4.98, "DIST_DN_KM": 279.5, "DIST_UP_KM": 6.8, "CATCH_SKM": 14.91, "UPLAND_SKM": 14.9, "ENDORHEIC": 0, "DIS_AV_CMS": 0.54400003, "ORD_STRA": 1, "ORD_CLAS": 3, "ORD_FLOW": 7, "HYBAS_L12": 4121158470.0, "Shape_Length": 0.044909060804301681 }, "geometry": { "type": "Polygon", "coordinates": [ ] } },
{ "type": "Feature", "properties": { "HYRIV_ID": 41405366, "NEXT_DOWN": 41405294, "MAIN_RIV": 41399660, "LENGTH_KM": 3.35, "DIST_DN_KM": 276.29999, "DIST_UP_KM": 23.1, "CATCH_SKM": 13.0, "UPLAND_SKM": 81.800003, "ENDORHEIC": 0, "DIS_AV_CMS": 3.1389999, "ORD_STRA": 2, "ORD_CLAS": 2, "ORD_FLOW": 6, "HYBAS_L12": 4121158470.0, "Shape_Length": 0.030177669529682323 }, "geometry": { "type": "Polygon", "coordinates": [ ] } },
{ "type": "Feature", "properties": { "HYRIV_ID": 41405367, "NEXT_DOWN": 41405338, "MAIN_RIV": 41399660, "LENGTH_KM": 2.56, "DIST_DN_KM": 209.0, "DIST_UP_KM": 5.5, "CATCH_SKM": 16.620001, "UPLAND_SKM": 16.6, "ENDORHEIC": 0, "DIS_AV_CMS": 0.494, "ORD_STRA": 1, "ORD_CLAS": 3, "ORD_FLOW": 7, "HYBAS_L12": 4121158440.0, "Shape_Length": 0.023064724607998799 }, "geometry": { "type": "Polygon", "coordinates": [ ] } },
{ "type": "Feature", "properties": { "HYRIV_ID": 41405383, "NEXT_DOWN": 41405355, "MAIN_RIV": 41399660, "LENGTH_KM": 1.9, "DIST_DN_KM": 277.89999, "DIST_UP_KM": 5.5, "CATCH_SKM": 5.1100001, "UPLAND_SKM": 5.1, "ENDORHEIC": 0, "DIS_AV_CMS": 0.18700001, "ORD_STRA": 1, "ORD_CLAS": 5, "ORD_FLOW": 7, "HYBAS_L12": 4121158470.0, "Shape_Length": 0.017172168098102764 }, "geometry": { "type": "Polygon", "coordinates": [ ] } },
{ "type": "Feature", "properties": { "HYRIV_ID": 41405384, "NEXT_DOWN": 41405254, "MAIN_RIV": 41399660, "LENGTH_KM": 6.9299998, "DIST_DN_KM": 285.10001, "DIST_UP_KM": 9.7, "CATCH_SKM": 23.219999, "UPLAND_SKM": 23.200001, "ENDORHEIC": 0, "DIS_AV_CMS": 0.78100002, "ORD_STRA": 1, "ORD_CLAS": 2, "ORD_FLOW": 7, "HYBAS_L12": 4121158480.0, "Shape_Length": 0.062586730334063978 }, "geometry": { "type": "Polygon", "coordinates": [ ] } },
{ "type": "Feature", "properties": { "HYRIV_ID": 41405400, "NEXT_DOWN": 41405355, "MAIN_RIV": 41399660, "LENGTH_KM": 3.6600001, "DIST_DN_KM": 277.89999, "DIST_UP_KM": 6.2, "CATCH_SKM": 6.8200002, "UPLAND_SKM": 6.8, "ENDORHEIC": 0, "DIS_AV_CMS": 0.248, "ORD_STRA": 1, "ORD_CLAS": 4, "ORD_FLOW": 7, "HYBAS_L12": 4121158470.0, "Shape_Length": 0.033123947784553964 }, "geometry": { "type": "Polygon", "coordinates": [ ] } },
{ "type": "Feature", "properties": { "HYRIV_ID": 41405401, "NEXT_DOWN": 41405337, "MAIN_RIV": 41399660, "LENGTH_KM": 5.1, "DIST_DN_KM": 286.0, "DIST_UP_KM": 11.4, "CATCH_SKM": 22.370001, "UPLAND_SKM": 48.400002, "ENDORHEIC": 0, "DIS_AV_CMS": 1.676, "ORD_STRA": 2, "ORD_CLAS": 2, "ORD_FLOW": 6, "HYBAS_L12": 4121601870.0, "Shape_Length": 0.046129449216197979 }, "geometry": { "type": "Polygon", "coordinates": [ ] } },
{ "type": "Feature", "properties": { "HYRIV_ID": 41405402, "NEXT_DOWN": 41405327, "MAIN_RIV": 41399660, "LENGTH_KM": 7.9099998, "DIST_DN_KM": 209.10001, "DIST_UP_KM": 16.1, "CATCH_SKM": 21.52, "UPLAND_SKM": 46.200001, "ENDORHEIC": 0, "DIS_AV_CMS": 1.455, "ORD_STRA": 2, "ORD_CLAS": 3, "ORD_FLOW": 6, "HYBAS_L12": 4121158410.0, "Shape_Length": 0.071425565098924532 }, "geometry": { "type": "Polygon", "coordinates": [ ] } },
{ "type": "Feature", "properties": { "HYRIV_ID": 41405417, "NEXT_DOWN": 41405418, "MAIN_RIV": 41399660, "LENGTH_KM": 0.69, "DIST_DN_KM": 289.60001, "DIST_UP_KM": 2.7, "CATCH_SKM": 4.2600002, "UPLAND_SKM": 4.3, "ENDORHEIC": 0, "DIS_AV_CMS": 0.152, "ORD_STRA": 1, "ORD_CLAS": 2, "ORD_FLOW": 7, "HYBAS_L12": 4121601870.0, "Shape_Length": 0.0062499999999658939 }, "geometry": { "type": "Polygon", "coordinates": [ ] } },
{ "type": "Feature", "properties": { "HYRIV_ID": 41405418, "NEXT_DOWN": 41405337, "MAIN_RIV": 41399660, "LENGTH_KM": 3.81, "DIST_DN_KM": 285.79999, "DIST_UP_KM": 44.3, "CATCH_SKM": 13.21, "UPLAND_SKM": 408.10001, "ENDORHEIC": 0, "DIS_AV_CMS": 15.69, "ORD_STRA": 3, "ORD_CLAS": 1, "ORD_FLOW": 5, "HYBAS_L12": 4121601870.0, "Shape_Length": 0.034344336196288357 }, "geometry": { "type": "Polygon", "coordinates": [ ] } },
{ "type": "Feature", "properties": { "HYRIV_ID": 41405419, "NEXT_DOWN": 41405402, "MAIN_RIV": 41399660, "LENGTH_KM": 1.4400001, "DIST_DN_KM": 216.8, "DIST_UP_KM": 3.5, "CATCH_SKM": 4.4699998, "UPLAND_SKM": 4.5, "ENDORHEIC": 0, "DIS_AV_CMS": 0.144, "ORD_STRA": 1, "ORD_CLAS": 4, "ORD_FLOW": 7, "HYBAS_L12": 4121158410.0, "Shape_Length": 0.013005501431456536 }, "geometry": { "type": "Polygon", "coordinates": [ ] } },
{ "type": "Feature", "properties": { "HYRIV_ID": 41405420, "NEXT_DOWN": 41405338, "MAIN_RIV": 41399660, "LENGTH_KM": 4.27, "DIST_DN_KM": 209.2, "DIST_UP_KM": 43.3, "CATCH_SKM": 10.01, "UPLAND_SKM": 513.20001, "ENDORHEIC": 0, "DIS_AV_CMS": 17.393, "ORD_STRA": 4, "ORD_CLAS": 2, "ORD_FLOW": 5, "HYBAS_L12": 4121158440.0, "Shape_Length": 0.038511002862987267 }, "geometry": { "type": "Polygon", "coordinates": [ ] } },
{ "type": "Feature", "properties": { "HYRIV_ID": 41405441, "NEXT_DOWN": 41405401, "MAIN_RIV": 41399660, "LENGTH_KM": 1.35, "DIST_DN_KM": 291.10001, "DIST_UP_KM": 3.2, "CATCH_SKM": 4.0500002, "UPLAND_SKM": 4.0, "ENDORHEIC": 0, "DIS_AV_CMS": 0.14300001, "ORD_STRA": 1, "ORD_CLAS": 3, "ORD_FLOW": 7, "HYBAS_L12": 4121601870.0, "Shape_Length": 0.012142556509909436 }, "geometry": { "type": "Polygon", "coordinates": [ ] } },
{ "type": "Feature", "properties": { "HYRIV_ID": 41405442, "NEXT_DOWN": 41405401, "MAIN_RIV": 41399660, "LENGTH_KM": 2.23, "DIST_DN_KM": 290.89999, "DIST_UP_KM": 6.5, "CATCH_SKM": 6.6100001, "UPLAND_SKM": 21.9, "ENDORHEIC": 0, "DIS_AV_CMS": 0.76, "ORD_STRA": 2, "ORD_CLAS": 2, "ORD_FLOW": 7, "HYBAS_L12": 4121601870.0, "Shape_Length": 0.020118446353080778 }, "geometry": { "type": "Polygon", "coordinates": [ ] } },
{ "type": "Feature", "properties": { "HYRIV_ID": 41405443, "NEXT_DOWN": 41405402, "MAIN_RIV": 41399660, "LENGTH_KM": 5.62, "DIST_DN_KM": 217.0, "DIST_UP_KM": 8.2, "CATCH_SKM": 20.24, "UPLAND_SKM": 20.200001, "ENDORHEIC": 0, "DIS_AV_CMS": 0.648, "ORD_STRA": 1, "ORD_CLAS": 3, "ORD_FLOW": 7, "HYBAS_L12": 4121158410.0, "Shape_Length": 0.050801617314292315 }, "geometry": { "type": "Polygon", "coordinates": [ ] } },
{ "type": "Feature", "properties": { "HYRIV_ID": 41405444, "NEXT_DOWN": 41405420, "MAIN_RIV": 41399660, "LENGTH_KM": 0.65, "DIST_DN_KM": 213.39999, "DIST_UP_KM": 39.0, "CATCH_SKM": 0.43, "UPLAND_SKM": 493.10001, "ENDORHEIC": 0, "DIS_AV_CMS": 16.809, "ORD_STRA": 4, "ORD_CLAS": 2, "ORD_FLOW": 5, "HYBAS_L12": 4121158440.0, "Shape_Length": 0.0058925565098825365 }, "geometry": { "type": "Polygon", "coordinates": [ ] } },
{ "type": "Feature", "properties": { "HYRIV_ID": 41405445, "NEXT_DOWN": 41405444, "MAIN_RIV": 41399660, "LENGTH_KM": 1.63, "DIST_DN_KM": 214.10001, "DIST_UP_KM": 4.9, "CATCH_SKM": 11.08, "UPLAND_SKM": 11.1, "ENDORHEIC": 0, "DIS_AV_CMS": 0.31400001, "ORD_STRA": 1, "ORD_CLAS": 3, "ORD_FLOW": 7, "HYBAS_L12": 4121158440.0, "Shape_Length": 0.014731391274756585 }, "geometry": { "type": "Polygon", "coordinates": [ ] } },
{ "type": "Feature", "properties": { "HYRIV_ID": 41405466, "NEXT_DOWN": 41405418, "MAIN_RIV": 41399660, "LENGTH_KM": 0.93, "DIST_DN_KM": 289.60001, "DIST_UP_KM": 40.5, "CATCH_SKM": 2.56, "UPLAND_SKM": 390.60001, "ENDORHEIC": 0, "DIS_AV_CMS": 15.079, "ORD_STRA": 3, "ORD_CLAS": 1, "ORD_FLOW": 5, "HYBAS_L12": 4121601870.0, "Shape_Length": 0.0083333333333683868 }, "geometry": { "type": "Polygon", "coordinates": [ ] } },
{ "type": "Feature", "properties": { "HYRIV_ID": 41405467, "NEXT_DOWN": 41405466, "MAIN_RIV": 41399660, "LENGTH_KM": 0.69, "DIST_DN_KM": 290.5, "DIST_UP_KM": 4.2, "CATCH_SKM": 5.9699998, "UPLAND_SKM": 6.0, "ENDORHEIC": 0, "DIS_AV_CMS": 0.213, "ORD_STRA": 1, "ORD_CLAS": 2, "ORD_FLOW": 7, "HYBAS_L12": 4121601870.0, "Shape_Length": 0.0062499999999658939 }, "geometry": { "type": "Polygon", "coordinates": [ ] } },
{ "type": "Feature", "properties": { "HYRIV_ID": 41405468, "NEXT_DOWN": 41405442, "MAIN_RIV": 41399660, "LENGTH_KM": 1.8, "DIST_DN_KM": 293.10001, "DIST_UP_KM": 4.3, "CATCH_SKM": 10.87, "UPLAND_SKM": 10.9, "ENDORHEIC": 0, "DIS_AV_CMS": 0.376, "ORD_STRA": 1, "ORD_CLAS": 2, "ORD_FLOW": 7, "HYBAS_L12": 4121601870.0, "Shape_Length": 0.016309223176541453 }, "geometry": { "type": "Polygon", "coordinates": [ ] } },
{ "type": "Feature", "properties": { "HYRIV_ID": 41405483, "NEXT_DOWN": 41405325, "MAIN_RIV": 41399660, "LENGTH_KM": 6.9299998, "DIST_DN_KM": 277.60001, "DIST_UP_KM": 8.4, "CATCH_SKM": 21.52, "UPLAND_SKM": 21.5, "ENDORHEIC": 0, "DIS_AV_CMS": 0.77499998, "ORD_STRA": 1, "ORD_CLAS": 3, "ORD_FLOW": 7, "HYBAS_L12": 4121158470.0, "Shape_Length": 0.062586730334030394 }, "geometry": { "type": "Polygon", "coordinates": [ ] } },
{ "type": "Feature", "properties": { "HYRIV_ID": 41405484, "NEXT_DOWN": 41405442, "MAIN_RIV": 41399660, "LENGTH_KM": 1.16, "DIST_DN_KM": 293.10001, "DIST_UP_KM": 3.3, "CATCH_SKM": 4.4699998, "UPLAND_SKM": 4.5, "ENDORHEIC": 0, "DIS_AV_CMS": 0.15700001, "ORD_STRA": 1, "ORD_CLAS": 3, "ORD_FLOW": 7, "HYBAS_L12": 4121601870.0, "Shape_Length": 0.010416666666685614 }, "geometry": { "type": "Polygon", "coordinates": [ ] } },
{ "type": "Feature", "properties": { "HYRIV_ID": 41405485, "NEXT_DOWN": 41405327, "MAIN_RIV": 41399660, "LENGTH_KM": 6.29, "DIST_DN_KM": 208.89999, "DIST_UP_KM": 8.5, "CATCH_SKM": 23.65, "UPLAND_SKM": 23.6, "ENDORHEIC": 0, "DIS_AV_CMS": 0.73100001, "ORD_STRA": 1, "ORD_CLAS": 4, "ORD_FLOW": 7, "HYBAS_L12": 4121158410.0, "Shape_Length": 0.056694173824128467 }, "geometry": { "type": "Polygon", "coordinates": [ ] } },
{ "type": "Feature", "properties": { "HYRIV_ID": 41405486, "NEXT_DOWN": 41405328, "MAIN_RIV": 41399660, "LENGTH_KM": 5.2, "DIST_DN_KM": 202.60001, "DIST_UP_KM": 31.700001, "CATCH_SKM": 10.23, "UPLAND_SKM": 212.39999, "ENDORHEIC": 0, "DIS_AV_CMS": 5.6960001, "ORD_STRA": 3, "ORD_CLAS": 2, "ORD_FLOW": 6, "HYBAS_L12": 4121601840.0, "Shape_Length": 0.046844336196295362 }, "geometry": { "type": "Polygon", "coordinates": [ ] } },
{ "type": "Feature", "properties": { "HYRIV_ID": 41405487, "NEXT_DOWN": 41405505, "MAIN_RIV": 41399660, "LENGTH_KM": 2.1, "DIST_DN_KM": 209.5, "DIST_UP_KM": 5.2, "CATCH_SKM": 8.9499998, "UPLAND_SKM": 8.9, "ENDORHEIC": 0, "DIS_AV_CMS": 0.237, "ORD_STRA": 1, "ORD_CLAS": 4, "ORD_FLOW": 7, "HYBAS_L12": 4121601840.0, "Shape_Length": 0.018898057941324861 }, "geometry": { "type": "Polygon", "coordinates": [ ] } },
{ "type": "Feature", "properties": { "HYRIV_ID": 41405503, "NEXT_DOWN": 41405420, "MAIN_RIV": 41399660, "LENGTH_KM": 3.21, "DIST_DN_KM": 213.2, "DIST_UP_KM": 6.0, "CATCH_SKM": 10.01, "UPLAND_SKM": 10.0, "ENDORHEIC": 0, "DIS_AV_CMS": 0.3, "ORD_STRA": 1, "ORD_CLAS": 3, "ORD_FLOW": 7, "HYBAS_L12": 4121158440.0, "Shape_Length": 0.028957281117954828 }, "geometry": { "type": "Polygon", "coordinates": [ ] } },
{ "type": "Feature", "properties": { "HYRIV_ID": 41405504, "NEXT_DOWN": 41405486, "MAIN_RIV": 41399660, "LENGTH_KM": 0.46, "DIST_DN_KM": 207.8, "DIST_UP_KM": 26.5, "CATCH_SKM": 0.43, "UPLAND_SKM": 169.8, "ENDORHEIC": 0, "DIS_AV_CMS": 4.5970001, "ORD_STRA": 3, "ORD_CLAS": 2, "ORD_FLOW": 6, "HYBAS_L12": 4121601890.0, "Shape_Length": 0.0041666666666628771 }, "geometry": { "type": "Polygon", "coordinates": [ ] } },
{ "type": "Feature", "properties": { "HYRIV_ID": 41405505, "NEXT_DOWN": 41405486, "MAIN_RIV": 41399660, "LENGTH_KM": 1.76, "DIST_DN_KM": 207.8, "DIST_UP_KM": 8.9, "CATCH_SKM": 2.1300001, "UPLAND_SKM": 32.400002, "ENDORHEIC": 0, "DIS_AV_CMS": 0.84899998, "ORD_STRA": 2, "ORD_CLAS": 3, "ORD_FLOW": 7, "HYBAS_L12": 4121601840.0, "Shape_Length": 0.015951779686468145 }, "geometry": { "type": "Polygon", "coordinates": [ ] } },
{ "type": "Feature", "properties": { "HYRIV_ID": 41405543, "NEXT_DOWN": 41405444, "MAIN_RIV": 41399660, "LENGTH_KM": 2.51, "DIST_DN_KM": 213.89999, "DIST_UP_KM": 38.5, "CATCH_SKM": 7.46, "UPLAND_SKM": 481.60001, "ENDORHEIC": 0, "DIS_AV_CMS": 16.455999, "ORD_STRA": 4, "ORD_CLAS": 2, "ORD_FLOW": 5, "HYBAS_L12": 4121158440.0, "Shape_Length": 0.022559223176552418 }, "geometry": { "type": "Polygon", "coordinates": [ ] } },
{ "type": "Feature", "properties": { "HYRIV_ID": 41405544, "NEXT_DOWN": 41405543, "MAIN_RIV": 41399660, "LENGTH_KM": 1.15, "DIST_DN_KM": 216.39999, "DIST_UP_KM": 4.7, "CATCH_SKM": 6.8200002, "UPLAND_SKM": 6.8, "ENDORHEIC": 0, "DIS_AV_CMS": 0.198, "ORD_STRA": 1, "ORD_CLAS": 3, "ORD_FLOW": 7, "HYBAS_L12": 4121158440.0, "Shape_Length": 0.010416666666685614 }, "geometry": { "type": "Polygon", "coordinates": [ ] } },
{ "type": "Feature", "properties": { "HYRIV_ID": 41405561, "NEXT_DOWN": 41405562, "MAIN_RIV": 41399660, "LENGTH_KM": 0.69, "DIST_DN_KM": 293.20001, "DIST_UP_KM": 4.3, "CATCH_SKM": 7.2399998, "UPLAND_SKM": 7.2, "ENDORHEIC": 0, "DIS_AV_CMS": 0.267, "ORD_STRA": 1, "ORD_CLAS": 2, "ORD_FLOW": 7, "HYBAS_L12": 4121601870.0, "Shape_Length": 0.0062499999999658939 }, "geometry": { "type": "Polygon", "coordinates": [ ] } },
{ "type": "Feature", "properties": { "HYRIV_ID": 41405562, "NEXT_DOWN": 41405466, "MAIN_RIV": 41399660, "LENGTH_KM": 2.7, "DIST_DN_KM": 290.70001, "DIST_UP_KM": 39.400002, "CATCH_SKM": 6.39, "UPLAND_SKM": 382.10001, "ENDORHEIC": 0, "DIS_AV_CMS": 14.726, "ORD_STRA": 3, "ORD_CLAS": 1, "ORD_FLOW": 5, "HYBAS_L12": 4121601870.0, "Shape_Length": 0.02428511301975959 }, "geometry": { "type": "Polygon", "coordinates": [ ] } },
{ "type": "Feature", "properties": { "HYRIV_ID": 41405563, "NEXT_DOWN": 41405505, "MAIN_RIV": 41399660, "LENGTH_KM": 4.5100002, "DIST_DN_KM": 209.7, "DIST_UP_KM": 7.0, "CATCH_SKM": 21.309999, "UPLAND_SKM": 21.3, "ENDORHEIC": 0, "DIS_AV_CMS": 0.55800003, "ORD_STRA": 1, "ORD_CLAS": 3, "ORD_FLOW": 7, "HYBAS_L12": 4121601840.0, "Shape_Length": 0.040742394137702538 }, "geometry": { "type": "Polygon", "coordinates": [ ] } },
{ "type": "Feature", "properties": { "HYRIV_ID": 41405583, "NEXT_DOWN": 41405562, "MAIN_RIV": 41399660, "LENGTH_KM": 0.46, "DIST_DN_KM": 293.20001, "DIST_UP_KM": 36.900002, "CATCH_SKM": 1.06, "UPLAND_SKM": 368.5, "ENDORHEIC": 0, "DIS_AV_CMS": 14.111, "ORD_STRA": 3, "ORD_CLAS": 1, "ORD_FLOW": 5, "HYBAS_L12": 4121601870.0, "Shape_Length": 0.0041666666666628771 }, "geometry": { "type": "Polygon", "coordinates": [ ] } },
{ "type": "Feature", "properties": { "HYRIV_ID": 41405584, "NEXT_DOWN": 41405812, "MAIN_RIV": 41399660, "LENGTH_KM": 2.56, "DIST_DN_KM": 246.10001, "DIST_UP_KM": 5.4, "CATCH_SKM": 9.3800001, "UPLAND_SKM": 9.4, "ENDORHEIC": 0, "DIS_AV_CMS": 0.311, "ORD_STRA": 1, "ORD_CLAS": 4, "ORD_FLOW": 7, "HYBAS_L12": 4121158660.0, "Shape_Length": 0.023064724608108322 }, "geometry": { "type": "Polygon", "coordinates": [ ] } },
{ "type": "Feature", "properties": { "HYRIV_ID": 41405599, "NEXT_DOWN": 41405355, "MAIN_RIV": 41399660, "LENGTH_KM": 7.85, "DIST_DN_KM": 278.10001, "DIST_UP_KM": 10.4, "CATCH_SKM": 29.83, "UPLAND_SKM": 29.8, "ENDORHEIC": 0, "DIS_AV_CMS": 1.125, "ORD_STRA": 1, "ORD_CLAS": 3, "ORD_FLOW": 6, "HYBAS_L12": 4121158470.0, "Shape_Length": 0.070772005725911302 }, "geometry": { "type": "Polygon", "coordinates": [ ] } },
{ "type": "Feature", "properties": { "HYRIV_ID": 41405600, "NEXT_DOWN": 41405812, "MAIN_RIV": 41399660, "LENGTH_KM": 2.9200001, "DIST_DN_KM": 246.10001, "DIST_UP_KM": 5.4, "CATCH_SKM": 7.46, "UPLAND_SKM": 7.5, "ENDORHEIC": 0, "DIS_AV_CMS": 0.251, "ORD_STRA": 1, "ORD_CLAS": 3, "ORD_FLOW": 7, "HYBAS_L12": 4121158660.0, "Shape_Length": 0.026368446353036624 }, "geometry": { "type": "Polygon", "coordinates": [ ] } },
{ "type": "Feature", "properties": { "HYRIV_ID": 41405601, "NEXT_DOWN": 41405543, "MAIN_RIV": 41399660, "LENGTH_KM": 1.77, "DIST_DN_KM": 216.60001, "DIST_UP_KM": 35.8, "CATCH_SKM": 4.0500002, "UPLAND_SKM": 467.29999, "ENDORHEIC": 0, "DIS_AV_CMS": 15.911, "ORD_STRA": 4, "ORD_CLAS": 2, "ORD_FLOW": 5, "HYBAS_L12": 4121158440.0, "Shape_Length": 0.01595177968636766 }, "geometry": { "type": "Polygon", "coordinates": [ ] } },
{ "type": "Feature", "properties": { "HYRIV_ID": 41405602, "NEXT_DOWN": 41405601, "MAIN_RIV": 41399660, "LENGTH_KM": 0.69, "DIST_DN_KM": 218.2, "DIST_UP_KM": 4.0, "CATCH_SKM": 5.75, "UPLAND_SKM": 5.8, "ENDORHEIC": 0, "DIS_AV_CMS": 0.17, "ORD_STRA": 1, "ORD_CLAS": 3, "ORD_FLOW": 7, "HYBAS_L12": 4121158440.0, "Shape_Length": 0.0062499999999090505 }, "geometry": { "type": "Polygon", "coordinates": [ ] } },
{ "type": "Feature", "properties": { "HYRIV_ID": 41405622, "NEXT_DOWN": 41405583, "MAIN_RIV": 41399660, "LENGTH_KM": 1.31, "DIST_DN_KM": 293.79999, "DIST_UP_KM": 36.200001, "CATCH_SKM": 3.2, "UPLAND_SKM": 359.10001, "ENDORHEIC": 0, "DIS_AV_CMS": 13.737, "ORD_STRA": 3, "ORD_CLAS": 1, "ORD_FLOW": 5, "HYBAS_L12": 4121601870.0, "Shape_Length": 0.011785113019755026 }, "geometry": { "type": "Polygon", "coordinates": [ ] } },
{ "type": "Feature", "properties": { "HYRIV_ID": 41405623, "NEXT_DOWN": 41405624, "MAIN_RIV": 41399660, "LENGTH_KM": 0.98, "DIST_DN_KM": 224.39999, "DIST_UP_KM": 3.1, "CATCH_SKM": 4.9, "UPLAND_SKM": 4.9, "ENDORHEIC": 0, "DIS_AV_CMS": 0.152, "ORD_STRA": 1, "ORD_CLAS": 4, "ORD_FLOW": 7, "HYBAS_L12": 4121158440.0, "Shape_Length": 0.0088388347648740481 }, "geometry": { "type": "Polygon", "coordinates": [ ] } },
{ "type": "Feature", "properties": { "HYRIV_ID": 41405624, "NEXT_DOWN": 41405632, "MAIN_RIV": 41399660, "LENGTH_KM": 1.77, "DIST_DN_KM": 222.60001, "DIST_UP_KM": 14.7, "CATCH_SKM": 7.6700001, "UPLAND_SKM": 54.8, "ENDORHEIC": 0, "DIS_AV_CMS": 1.7690001, "ORD_STRA": 2, "ORD_CLAS": 3, "ORD_FLOW": 6, "HYBAS_L12": 4121158440.0, "Shape_Length": 0.015951779686427948 }, "geometry": { "type": "Polygon", "coordinates": [ ] } },
{ "type": "Feature", "properties": { "HYRIV_ID": 41405632, "NEXT_DOWN": 41405633, "MAIN_RIV": 41399660, "LENGTH_KM": 2.49, "DIST_DN_KM": 220.10001, "DIST_UP_KM": 17.200001, "CATCH_SKM": 5.54, "UPLAND_SKM": 66.900002, "ENDORHEIC": 0, "DIS_AV_CMS": 2.1589999, "ORD_STRA": 2, "ORD_CLAS": 3, "ORD_FLOW": 6, "HYBAS_L12": 4121158440.0, "Shape_Length": 0.0225592231765105 }, "geometry": { "type": "Polygon", "coordinates": [ ] } },
{ "type": "Feature", "properties": { "HYRIV_ID": 41405633, "NEXT_DOWN": 41405601, "MAIN_RIV": 41399660, "LENGTH_KM": 1.77, "DIST_DN_KM": 218.2, "DIST_UP_KM": 34.3, "CATCH_SKM": 3.83, "UPLAND_SKM": 457.5, "ENDORHEIC": 0, "DIS_AV_CMS": 15.545, "ORD_STRA": 4, "ORD_CLAS": 2, "ORD_FLOW": 5, "HYBAS_L12": 4121158440.0, "Shape_Length": 0.015951779686565182 }, "geometry": { "type": "Polygon", "coordinates": [ ] } },
{ "type": "Feature", "properties": { "HYRIV_ID": 41405634, "NEXT_DOWN": 41405635, "MAIN_RIV": 41399660, "LENGTH_KM": 2.74, "DIST_DN_KM": 215.39999, "DIST_UP_KM": 5.4, "CATCH_SKM": 10.87, "UPLAND_SKM": 10.9, "ENDORHEIC": 0, "DIS_AV_CMS": 0.30500001, "ORD_STRA": 1, "ORD_CLAS": 4, "ORD_FLOW": 7, "HYBAS_L12": 4121601890.0, "Shape_Length": 0.024642556509883857 }, "geometry": { "type": "Polygon", "coordinates": [ ] } },
{ "type": "Feature", "properties": { "HYRIV_ID": 41405635, "NEXT_DOWN": 41405636, "MAIN_RIV": 41399660, "LENGTH_KM": 1.38, "DIST_DN_KM": 214.0, "DIST_UP_KM": 10.3, "CATCH_SKM": 2.34, "UPLAND_SKM": 33.700001, "ENDORHEIC": 0, "DIS_AV_CMS": 0.95599997, "ORD_STRA": 2, "ORD_CLAS": 3, "ORD_FLOW": 7, "HYBAS_L12": 4121601890.0, "Shape_Length": 0.012499999999988631 }, "geometry": { "type": "Polygon", "coordinates": [ ] } },
{ "type": "Feature", "properties": { "HYRIV_ID": 41405636, "NEXT_DOWN": 41405504, "MAIN_RIV": 41399660, "LENGTH_KM": 5.77, "DIST_DN_KM": 208.39999, "DIST_UP_KM": 25.8, "CATCH_SKM": 13.0, "UPLAND_SKM": 132.8, "ENDORHEIC": 0, "DIS_AV_CMS": 3.618, "ORD_STRA": 3, "ORD_CLAS": 2, "ORD_FLOW": 6, "HYBAS_L12": 4121601890.0, "Shape_Length": 0.052022005725988647 }, "geometry": { "type": "Polygon", "coordinates": [ ] } },
{ "type": "Feature", "properties": { "HYRIV_ID": 41405637, "NEXT_DOWN": 41405186, "MAIN_RIV": 41399660, "LENGTH_KM": 14.97, "DIST_DN_KM": 197.2, "DIST_UP_KM": 20.0, "CATCH_SKM": 66.900002, "UPLAND_SKM": 88.800003, "ENDORHEIC": 0, "DIS_AV_CMS": 2.2539999, "ORD_STRA": 2, "ORD_CLAS": 2, "ORD_FLOW": 6, "HYBAS_L12": 4121601830.0, "Shape_Length": 0.13493656796184297 }, "geometry": { "type": "Polygon", "coordinates": [ ] } },
{ "type": "Feature", "properties": { "HYRIV_ID": 41405653, "NEXT_DOWN": 41405583, "MAIN_RIV": 41399660, "LENGTH_KM": 4.2199998, "DIST_DN_KM": 293.79999, "DIST_UP_KM": 6.3, "CATCH_SKM": 8.3100004, "UPLAND_SKM": 8.3, "ENDORHEIC": 0, "DIS_AV_CMS": 0.31200001, "ORD_STRA": 1, "ORD_CLAS": 2, "ORD_FLOW": 7, "HYBAS_L12": 4121601870.0, "Shape_Length": 0.038153559372872042 }, "geometry": { "type": "Polygon", "coordinates": [ ] } },
{ "type": "Feature", "properties": { "HYRIV_ID": 41405654, "NEXT_DOWN": 41405622, "MAIN_RIV": 41399660, "LENGTH_KM": 1.31, "DIST_DN_KM": 295.20001, "DIST_UP_KM": 34.900002, "CATCH_SKM": 2.77, "UPLAND_SKM": 324.79999, "ENDORHEIC": 0, "DIS_AV_CMS": 12.38, "ORD_STRA": 3, "ORD_CLAS": 1, "ORD_FLOW": 5, "HYBAS_L12": 4121601870.0, "Shape_Length": 0.01178511301978517 }, "geometry": { "type": "Polygon", "coordinates": [ ] } },
{ "type": "Feature", "properties": { "HYRIV_ID": 41405655, "NEXT_DOWN": 41405637, "MAIN_RIV": 41399660, "LENGTH_KM": 2.36, "DIST_DN_KM": 212.0, "DIST_UP_KM": 4.6, "CATCH_SKM": 10.65, "UPLAND_SKM": 10.7, "ENDORHEIC": 0, "DIS_AV_CMS": 0.27500001, "ORD_STRA": 1, "ORD_CLAS": 3, "ORD_FLOW": 7, "HYBAS_L12": 4121601830.0, "Shape_Length": 0.021338834764829083 }, "geometry": { "type": "Polygon", "coordinates": [ ] } },
{ "type": "Feature", "properties": { "HYRIV_ID": 41405668, "NEXT_DOWN": 41405713, "MAIN_RIV": 41399660, "LENGTH_KM": 0.69, "DIST_DN_KM": 300.5, "DIST_UP_KM": 3.5, "CATCH_SKM": 5.33, "UPLAND_SKM": 5.3, "ENDORHEIC": 0, "DIS_AV_CMS": 0.191, "ORD_STRA": 1, "ORD_CLAS": 3, "ORD_FLOW": 7, "HYBAS_L12": 4121601940.0, "Shape_Length": 0.0062499999999801048 }, "geometry": { "type": "Polygon", "coordinates": [ ] } },
{ "type": "Feature", "properties": { "HYRIV_ID": 41405669, "NEXT_DOWN": 41405670, "MAIN_RIV": 41399660, "LENGTH_KM": 7.9200001, "DIST_DN_KM": 227.10001, "DIST_UP_KM": 10.3, "CATCH_SKM": 33.240002, "UPLAND_SKM": 33.200001, "ENDORHEIC": 0, "DIS_AV_CMS": 1.082, "ORD_STRA": 1, "ORD_CLAS": 3, "ORD_FLOW": 6, "HYBAS_L12": 4121158440.0, "Shape_Length": 0.071634950647579701 }, "geometry": { "type": "Polygon", "coordinates": [ ] } },
{ "type": "Feature", "properties": { "HYRIV_ID": 41405670, "NEXT_DOWN": 41405624, "MAIN_RIV": 41399660, "LENGTH_KM": 2.8800001, "DIST_DN_KM": 224.39999, "DIST_UP_KM": 13.0, "CATCH_SKM": 5.1100001, "UPLAND_SKM": 42.200001, "ENDORHEIC": 0, "DIS_AV_CMS": 1.374, "ORD_STRA": 2, "ORD_CLAS": 3, "ORD_FLOW": 6, "HYBAS_L12": 4121158440.0, "Shape_Length": 0.026011002863020157 }, "geometry": { "type": "Polygon", "coordinates": [ ] } },
{ "type": "Feature", "properties": { "HYRIV_ID": 41405671, "NEXT_DOWN": 41405632, "MAIN_RIV": 41399660, "LENGTH_KM": 2.37, "DIST_DN_KM": 222.39999, "DIST_UP_KM": 4.2, "CATCH_SKM": 6.6100001, "UPLAND_SKM": 6.6, "ENDORHEIC": 0, "DIS_AV_CMS": 0.206, "ORD_STRA": 1, "ORD_CLAS": 4, "ORD_FLOW": 7, "HYBAS_L12": 4121158440.0, "Shape_Length": 0.02133883476490115 }, "geometry": { "type": "Polygon", "coordinates": [ ] } },
{ "type": "Feature", "properties": { "HYRIV_ID": 41405691, "NEXT_DOWN": 41405366, "MAIN_RIV": 41399660, "LENGTH_KM": 10.99, "DIST_DN_KM": 279.70001, "DIST_UP_KM": 19.700001, "CATCH_SKM": 23.860001, "UPLAND_SKM": 53.900002, "ENDORHEIC": 0, "DIS_AV_CMS": 2.119, "ORD_STRA": 2, "ORD_CLAS": 2, "ORD_FLOW": 6, "HYBAS_L12": 4121158470.0, "Shape_Length": 0.099162457805170245 }, "geometry": { "type": "Polygon", "coordinates": [ ] } },
{ "type": "Feature", "properties": { "HYRIV_ID": 41405692, "NEXT_DOWN": 41405691, "MAIN_RIV": 41399660, "LENGTH_KM": 0.98, "DIST_DN_KM": 290.70001, "DIST_UP_KM": 3.1, "CATCH_SKM": 2.98, "UPLAND_SKM": 3.0, "ENDORHEIC": 0, "DIS_AV_CMS": 0.114, "ORD_STRA": 1, "ORD_CLAS": 3, "ORD_FLOW": 7, "HYBAS_L12": 4121158470.0, "Shape_Length": 0.0088388347648037068 }, "geometry": { "type": "Polygon", "coordinates": [ ] } },
{ "type": "Feature", "properties": { "HYRIV_ID": 41405693, "NEXT_DOWN": 41405654, "MAIN_RIV": 41399660, "LENGTH_KM": 1.35, "DIST_DN_KM": 296.5, "DIST_UP_KM": 3.3, "CATCH_SKM": 3.62, "UPLAND_SKM": 3.6, "ENDORHEIC": 0, "DIS_AV_CMS": 0.13500001, "ORD_STRA": 1, "ORD_CLAS": 2, "ORD_FLOW": 7, "HYBAS_L12": 4121601870.0, "Shape_Length": 0.01214255650988934 }, "geometry": { "type": "Polygon", "coordinates": [ ] } },
{ "type": "Feature", "properties": { "HYRIV_ID": 41405694, "NEXT_DOWN": 41405654, "MAIN_RIV": 41399660, "LENGTH_KM": 2.23, "DIST_DN_KM": 296.29999, "DIST_UP_KM": 33.8, "CATCH_SKM": 8.1, "UPLAND_SKM": 318.39999, "ENDORHEIC": 0, "DIS_AV_CMS": 12.104, "ORD_STRA": 3, "ORD_CLAS": 1, "ORD_FLOW": 5, "HYBAS_L12": 4121601870.0, "Shape_Length": 0.020118446353131023 }, "geometry": { "type": "Polygon", "coordinates": [ ] } },
{ "type": "Feature", "properties": { "HYRIV_ID": 41405695, "NEXT_DOWN": 41405753, "MAIN_RIV": 41399660, "LENGTH_KM": 2.0, "DIST_DN_KM": 310.20001, "DIST_UP_KM": 4.3, "CATCH_SKM": 5.54, "UPLAND_SKM": 5.5, "ENDORHEIC": 0, "DIS_AV_CMS": 0.192, "ORD_STRA": 1, "ORD_CLAS": 3, "ORD_FLOW": 7, "HYBAS_L12": 4121601940.0, "Shape_Length": 0.018035113019787812 }, "geometry": { "type": "Polygon", "coordinates": [ ] } },
{ "type": "Feature", "properties": { "HYRIV_ID": 41405696, "NEXT_DOWN": 41405753, "MAIN_RIV": 41399660, "LENGTH_KM": 8.12, "DIST_DN_KM": 310.0, "DIST_UP_KM": 10.5, "CATCH_SKM": 26.0, "UPLAND_SKM": 26.0, "ENDORHEIC": 0, "DIS_AV_CMS": 0.898, "ORD_STRA": 1, "ORD_CLAS": 2, "ORD_FLOW": 7, "HYBAS_L12": 4121601940.0, "Shape_Length": 0.073360840490821894 }, "geometry": { "type": "Polygon", "coordinates": [ ] } },
{ "type": "Feature", "properties": { "HYRIV_ID": 41405697, "NEXT_DOWN": 41405670, "MAIN_RIV": 41399660, "LENGTH_KM": 0.69, "DIST_DN_KM": 227.10001, "DIST_UP_KM": 2.6, "CATCH_SKM": 3.84, "UPLAND_SKM": 3.8, "ENDORHEIC": 0, "DIS_AV_CMS": 0.122, "ORD_STRA": 1, "ORD_CLAS": 4, "ORD_FLOW": 7, "HYBAS_L12": 4121158440.0, "Shape_Length": 0.0062500000000369482 }, "geometry": { "type": "Polygon", "coordinates": [ ] } },
{ "type": "Feature", "properties": { "HYRIV_ID": 41405698, "NEXT_DOWN": 41405633, "MAIN_RIV": 41399660, "LENGTH_KM": 1.39, "DIST_DN_KM": 219.89999, "DIST_UP_KM": 32.5, "CATCH_SKM": 3.2, "UPLAND_SKM": 386.79999, "ENDORHEIC": 0, "DIS_AV_CMS": 13.197, "ORD_STRA": 4, "ORD_CLAS": 2, "ORD_FLOW": 5, "HYBAS_L12": 4121158440.0, "Shape_Length": 0.012500000000017053 }, "geometry": { "type": "Polygon", "coordinates": [ ] } },
{ "type": "Feature", "properties": { "HYRIV_ID": 41405712, "NEXT_DOWN": 41405694, "MAIN_RIV": 41399660, "LENGTH_KM": 0.65, "DIST_DN_KM": 298.70001, "DIST_UP_KM": 31.4, "CATCH_SKM": 2.56, "UPLAND_SKM": 306.70001, "ENDORHEIC": 0, "DIS_AV_CMS": 11.598, "ORD_STRA": 3, "ORD_CLAS": 1, "ORD_FLOW": 5, "HYBAS_L12": 4121601940.0, "Shape_Length": 0.0058925565098825365 }, "geometry": { "type": "Polygon", "coordinates": [ ] } },
{ "type": "Feature", "properties": { "HYRIV_ID": 41405713, "NEXT_DOWN": 41405712, "MAIN_RIV": 41399660, "LENGTH_KM": 1.31, "DIST_DN_KM": 299.29999, "DIST_UP_KM": 21.200001, "CATCH_SKM": 0.85, "UPLAND_SKM": 84.599998, "ENDORHEIC": 0, "DIS_AV_CMS": 3.0469999, "ORD_STRA": 2, "ORD_CLAS": 2, "ORD_FLOW": 6, "HYBAS_L12": 4121601940.0, "Shape_Length": 0.011785113019795219 }, "geometry": { "type": "Polygon", "coordinates": [ ] } },
{ "type": "Feature", "properties": { "HYRIV_ID": 41405714, "NEXT_DOWN": 41405698, "MAIN_RIV": 41399660, "LENGTH_KM": 0.98, "DIST_DN_KM": 221.5, "DIST_UP_KM": 3.1, "CATCH_SKM": 4.0500002, "UPLAND_SKM": 4.0, "ENDORHEIC": 0, "DIS_AV_CMS": 0.121, "ORD_STRA": 1, "ORD_CLAS": 3, "ORD_FLOW": 7, "HYBAS_L12": 4121158440.0, "Shape_Length": 0.0088388347648338528 }, "geometry": { "type": "Polygon", "coordinates": [ ] } },
{ "type": "Feature", "properties": { "HYRIV_ID": 41405715, "NEXT_DOWN": 41405637, "MAIN_RIV": 41399660, "LENGTH_KM": 2.08, "DIST_DN_KM": 212.0, "DIST_UP_KM": 5.2, "CATCH_SKM": 11.29, "UPLAND_SKM": 11.3, "ENDORHEIC": 0, "DIS_AV_CMS": 0.287, "ORD_STRA": 1, "ORD_CLAS": 2, "ORD_FLOW": 7, "HYBAS_L12": 4121601830.0, "Shape_Length": 0.018749999999997158 }, "geometry": { "type": "Polygon", "coordinates": [ ] } },
{ "type": "Feature", "properties": { "HYRIV_ID": 41405731, "NEXT_DOWN": 41405694, "MAIN_RIV": 41399660, "LENGTH_KM": 1.4400001, "DIST_DN_KM": 298.5, "DIST_UP_KM": 3.5, "CATCH_SKM": 3.62, "UPLAND_SKM": 3.6, "ENDORHEIC": 0, "DIS_AV_CMS": 0.13500001, "ORD_STRA": 1, "ORD_CLAS": 2, "ORD_FLOW": 7, "HYBAS_L12": 4121601870.0, "Shape_Length": 0.013005501431567071 }, "geometry": { "type": "Polygon", "coordinates": [ ] } },
{ "type": "Feature", "properties": { "HYRIV_ID": 41405732, "NEXT_DOWN": 41405713, "MAIN_RIV": 41399660, "LENGTH_KM": 6.02, "DIST_DN_KM": 300.60001, "DIST_UP_KM": 19.8, "CATCH_SKM": 20.459999, "UPLAND_SKM": 78.400002, "ENDORHEIC": 0, "DIS_AV_CMS": 2.8150001, "ORD_STRA": 2, "ORD_CLAS": 2, "ORD_FLOW": 6, "HYBAS_L12": 4121601940.0, "Shape_Length": 0.054462782549316448 }, "geometry": { "type": "Polygon", "coordinates": [ ] } },
{ "type": "Feature", "properties": { "HYRIV_ID": 41405752, "NEXT_DOWN": 41405622, "MAIN_RIV": 41399660, "LENGTH_KM": 4.0, "DIST_DN_KM": 295.0, "DIST_UP_KM": 10.3, "CATCH_SKM": 6.1799998, "UPLAND_SKM": 31.1, "ENDORHEIC": 0, "DIS_AV_CMS": 1.196, "ORD_STRA": 2, "ORD_CLAS": 2, "ORD_FLOW": 6, "HYBAS_L12": 4121601870.0, "Shape_Length": 0.036070226039607488 }, "geometry": { "type": "Polygon", "coordinates": [ ] } },
{ "type": "Feature", "properties": { "HYRIV_ID": 41405753, "NEXT_DOWN": 41405732, "MAIN_RIV": 41399660, "LENGTH_KM": 3.53, "DIST_DN_KM": 306.70001, "DIST_UP_KM": 13.8, "CATCH_SKM": 8.5200005, "UPLAND_SKM": 40.099998, "ENDORHEIC": 0, "DIS_AV_CMS": 1.403, "ORD_STRA": 2, "ORD_CLAS": 2, "ORD_FLOW": 6, "HYBAS_L12": 4121601940.0, "Shape_Length": 0.031903559372906141 }, "geometry": { "type": "Polygon", "coordinates": [ ] } },
{ "type": "Feature", "properties": { "HYRIV_ID": 41405754, "NEXT_DOWN": 41405504, "MAIN_RIV": 41399660, "LENGTH_KM": 8.6, "DIST_DN_KM": 208.2, "DIST_UP_KM": 11.1, "CATCH_SKM": 36.650002, "UPLAND_SKM": 36.599998, "ENDORHEIC": 0, "DIS_AV_CMS": 0.97399998, "ORD_STRA": 1, "ORD_CLAS": 3, "ORD_FLOW": 7, "HYBAS_L12": 4121601890.0, "Shape_Length": 0.077527507157443859 }, "geometry": { "type": "Polygon", "coordinates": [ ] } },
{ "type": "Feature", "properties": { "HYRIV_ID": 41405795, "NEXT_DOWN": 41405796, "MAIN_RIV": 41399660, "LENGTH_KM": 2.09, "DIST_DN_KM": 301.5, "DIST_UP_KM": 3.5, "CATCH_SKM": 5.33, "UPLAND_SKM": 5.3, "ENDORHEIC": 0, "DIS_AV_CMS": 0.203, "ORD_STRA": 1, "ORD_CLAS": 3, "ORD_FLOW": 7, "HYBAS_L12": 4121601870.0, "Shape_Length": 0.018898057941339072 }, "geometry": { "type": "Polygon", "coordinates": [ ] } },
{ "type": "Feature", "properties": { "HYRIV_ID": 41405796, "NEXT_DOWN": 41405752, "MAIN_RIV": 41399660, "LENGTH_KM": 2.5, "DIST_DN_KM": 299.0, "DIST_UP_KM": 6.3, "CATCH_SKM": 5.9699998, "UPLAND_SKM": 18.1, "ENDORHEIC": 0, "DIS_AV_CMS": 0.695, "ORD_STRA": 2, "ORD_CLAS": 2, "ORD_FLOW": 7, "HYBAS_L12": 4121601870.0, "Shape_Length": 0.022559223176519833 }, "geometry": { "type": "Polygon", "coordinates": [ ] } },
{ "type": "Feature", "properties": { "HYRIV_ID": 41405811, "NEXT_DOWN": 41405752, "MAIN_RIV": 41399660, "LENGTH_KM": 1.81, "DIST_DN_KM": 299.0, "DIST_UP_KM": 3.5, "CATCH_SKM": 6.8200002, "UPLAND_SKM": 6.8, "ENDORHEIC": 0, "DIS_AV_CMS": 0.258, "ORD_STRA": 1, "ORD_CLAS": 3, "ORD_FLOW": 7, "HYBAS_L12": 4121601870.0, "Shape_Length": 0.016309223176529681 }, "geometry": { "type": "Polygon", "coordinates": [ ] } },
{ "type": "Feature", "properties": { "HYRIV_ID": 41405812, "NEXT_DOWN": 41405878, "MAIN_RIV": 41399660, "LENGTH_KM": 9.5600004, "DIST_DN_KM": 236.5, "DIST_UP_KM": 14.9, "CATCH_SKM": 21.950001, "UPLAND_SKM": 38.8, "ENDORHEIC": 0, "DIS_AV_CMS": 1.313, "ORD_STRA": 2, "ORD_CLAS": 3, "ORD_FLOW": 6, "HYBAS_L12": 4121158660.0, "Shape_Length": 0.086366341922295073 }, "geometry": { "type": "Polygon", "coordinates": [ ] } },
{ "type": "Feature", "properties": { "HYRIV_ID": 41405813, "NEXT_DOWN": 41405635, "MAIN_RIV": 41399660, "LENGTH_KM": 6.08, "DIST_DN_KM": 215.60001, "DIST_UP_KM": 8.7, "CATCH_SKM": 20.459999, "UPLAND_SKM": 20.5, "ENDORHEIC": 0, "DIS_AV_CMS": 0.589, "ORD_STRA": 1, "ORD_CLAS": 3, "ORD_FLOW": 7, "HYBAS_L12": 4121601890.0, "Shape_Length": 0.054820226039601204 }, "geometry": { "type": "Polygon", "coordinates": [ ] } },
{ "type": "Feature", "properties": { "HYRIV_ID": 41405832, "NEXT_DOWN": 41405796, "MAIN_RIV": 41399660, "LENGTH_KM": 1.16, "DIST_DN_KM": 301.5, "DIST_UP_KM": 3.8, "CATCH_SKM": 6.8200002, "UPLAND_SKM": 6.8, "ENDORHEIC": 0, "DIS_AV_CMS": 0.262, "ORD_STRA": 1, "ORD_CLAS": 2, "ORD_FLOW": 7, "HYBAS_L12": 4121601870.0, "Shape_Length": 0.010416666666642982 }, "geometry": { "type": "Polygon", "coordinates": [ ] } },
{ "type": "Feature", "properties": { "HYRIV_ID": 41405833, "NEXT_DOWN": 41405878, "MAIN_RIV": 41399660, "LENGTH_KM": 10.34, "DIST_DN_KM": 236.5, "DIST_UP_KM": 12.9, "CATCH_SKM": 28.77, "UPLAND_SKM": 28.8, "ENDORHEIC": 0, "DIS_AV_CMS": 0.987, "ORD_STRA": 1, "ORD_CLAS": 4, "ORD_FLOW": 7, "HYBAS_L12": 4121158660.0, "Shape_Length": 0.093479286843853732 }, "geometry": { "type": "Polygon", "coordinates": [ ] } },
{ "type": "Feature", "properties": { "HYRIV_ID": 41405834, "NEXT_DOWN": 41405698, "MAIN_RIV": 41399660, "LENGTH_KM": 3.81, "DIST_DN_KM": 221.5, "DIST_UP_KM": 30.9, "CATCH_SKM": 11.72, "UPLAND_SKM": 379.60001, "ENDORHEIC": 0, "DIS_AV_CMS": 12.917, "ORD_STRA": 4, "ORD_CLAS": 2, "ORD_FLOW": 5, "HYBAS_L12": 4121158440.0, "Shape_Length": 0.034344336196385397 }, "geometry": { "type": "Polygon", "coordinates": [ ] } },
{ "type": "Feature", "properties": { "HYRIV_ID": 41405862, "NEXT_DOWN": 41405712, "MAIN_RIV": 41399660, "LENGTH_KM": 5.96, "DIST_DN_KM": 299.29999, "DIST_UP_KM": 30.700001, "CATCH_SKM": 13.21, "UPLAND_SKM": 219.5, "ENDORHEIC": 0, "DIS_AV_CMS": 8.4390001, "ORD_STRA": 3, "ORD_CLAS": 1, "ORD_FLOW": 6, "HYBAS_L12": 4121601940.0, "Shape_Length": 0.053747895569319554 }, "geometry": { "type": "Polygon", "coordinates": [ ] } },
{ "type": "Feature", "properties": { "HYRIV_ID": 41405863, "NEXT_DOWN": 41405834, "MAIN_RIV": 41399660, "LENGTH_KM": 3.4100001, "DIST_DN_KM": 225.10001, "DIST_UP_KM": 26.3, "CATCH_SKM": 10.02, "UPLAND_SKM": 183.5, "ENDORHEIC": 0, "DIS_AV_CMS": 6.3140001, "ORD_STRA": 3, "ORD_CLAS": 3, "ORD_FLOW": 6, "HYBAS_L12": 4121158660.0, "Shape_Length": 0.030892556509906594 }, "geometry": { "type": "Polygon", "coordinates": [ ] } },
{ "type": "Feature", "properties": { "HYRIV_ID": 41405877, "NEXT_DOWN": 41405732, "MAIN_RIV": 41399660, "LENGTH_KM": 6.0900002, "DIST_DN_KM": 306.5, "DIST_UP_KM": 8.6, "CATCH_SKM": 17.9, "UPLAND_SKM": 17.9, "ENDORHEIC": 0, "DIS_AV_CMS": 0.639, "ORD_STRA": 1, "ORD_CLAS": 3, "ORD_FLOW": 7, "HYBAS_L12": 4121601940.0, "Shape_Length": 0.054968283981017621 }, "geometry": { "type": "Polygon", "coordinates": [ ] } },
{ "type": "Feature", "properties": { "HYRIV_ID": 41405878, "NEXT_DOWN": 41405879, "MAIN_RIV": 41399660, "LENGTH_KM": 5.9099998, "DIST_DN_KM": 230.8, "DIST_UP_KM": 20.700001, "CATCH_SKM": 20.879999, "UPLAND_SKM": 88.400002, "ENDORHEIC": 0, "DIS_AV_CMS": 3.0280001, "ORD_STRA": 2, "ORD_CLAS": 3, "ORD_FLOW": 6, "HYBAS_L12": 4121158660.0, "Shape_Length": 0.053451779686449971 }, "geometry": { "type": "Polygon", "coordinates": [ ] } },
{ "type": "Feature", "properties": { "HYRIV_ID": 41405879, "NEXT_DOWN": 41405863, "MAIN_RIV": 41399660, "LENGTH_KM": 2.03, "DIST_DN_KM": 228.60001, "DIST_UP_KM": 22.9, "CATCH_SKM": 2.77, "UPLAND_SKM": 164.10001, "ENDORHEIC": 0, "DIS_AV_CMS": 5.6350002, "ORD_STRA": 3, "ORD_CLAS": 3, "ORD_FLOW": 6, "HYBAS_L12": 4121158660.0, "Shape_Length": 0.01839255650994151 }, "geometry": { "type": "Polygon", "coordinates": [ ] } },
{ "type": "Feature", "properties": { "HYRIV_ID": 41405880, "NEXT_DOWN": 41405636, "MAIN_RIV": 41399660, "LENGTH_KM": 7.35, "DIST_DN_KM": 214.0, "DIST_UP_KM": 20.3, "CATCH_SKM": 21.1, "UPLAND_SKM": 86.099998, "ENDORHEIC": 0, "DIS_AV_CMS": 2.35, "ORD_STRA": 2, "ORD_CLAS": 2, "ORD_FLOW": 6, "HYBAS_L12": 4121601890.0, "Shape_Length": 0.066247895569249621 }, "geometry": { "type": "Polygon", "coordinates": [ ] } },
{ "type": "Feature", "properties": { "HYRIV_ID": 41405885, "NEXT_DOWN": 41405691, "MAIN_RIV": 41399660, "LENGTH_KM": 6.8600001, "DIST_DN_KM": 290.70001, "DIST_UP_KM": 8.8, "CATCH_SKM": 27.059999, "UPLAND_SKM": 27.1, "ENDORHEIC": 0, "DIS_AV_CMS": 1.058, "ORD_STRA": 1, "ORD_CLAS": 2, "ORD_FLOW": 6, "HYBAS_L12": 4121158470.0, "Shape_Length": 0.061871843353806834 }, "geometry": { "type": "Polygon", "coordinates": [ ] } },
{ "type": "Feature", "properties": { "HYRIV_ID": 41405886, "NEXT_DOWN": 41405862, "MAIN_RIV": 41399660, "LENGTH_KM": 3.86, "DIST_DN_KM": 305.29999, "DIST_UP_KM": 5.8, "CATCH_SKM": 13.0, "UPLAND_SKM": 13.0, "ENDORHEIC": 0, "DIS_AV_CMS": 0.49, "ORD_STRA": 1, "ORD_CLAS": 2, "ORD_FLOW": 7, "HYBAS_L12": 4121601940.0, "Shape_Length": 0.034849837627917754 }, "geometry": { "type": "Polygon", "coordinates": [ ] } },
{ "type": "Feature", "properties": { "HYRIV_ID": 41405895, "NEXT_DOWN": 41405862, "MAIN_RIV": 41399660, "LENGTH_KM": 4.64, "DIST_DN_KM": 305.10001, "DIST_UP_KM": 25.0, "CATCH_SKM": 12.36, "UPLAND_SKM": 193.3, "ENDORHEIC": 0, "DIS_AV_CMS": 7.335, "ORD_STRA": 3, "ORD_CLAS": 1, "ORD_FLOW": 6, "HYBAS_L12": 4121601940.0, "Shape_Length": 0.041962782549518449 }, "geometry": { "type": "Polygon", "coordinates": [ ] } },
{ "type": "Feature", "properties": { "HYRIV_ID": 41405916, "NEXT_DOWN": 41405879, "MAIN_RIV": 41399660, "LENGTH_KM": 1.96, "DIST_DN_KM": 230.8, "DIST_UP_KM": 17.4, "CATCH_SKM": 5.75, "UPLAND_SKM": 72.900002, "ENDORHEIC": 0, "DIS_AV_CMS": 2.483, "ORD_STRA": 2, "ORD_CLAS": 4, "ORD_FLOW": 6, "HYBAS_L12": 4121158660.0, "Shape_Length": 0.017677669529637563 }, "geometry": { "type": "Polygon", "coordinates": [ ] } },
{ "type": "Feature", "properties": { "HYRIV_ID": 41405917, "NEXT_DOWN": 41405834, "MAIN_RIV": 41399660, "LENGTH_KM": 2.7, "DIST_DN_KM": 225.3, "DIST_UP_KM": 27.1, "CATCH_SKM": 7.8800001, "UPLAND_SKM": 184.39999, "ENDORHEIC": 0, "DIS_AV_CMS": 6.1030002, "ORD_STRA": 3, "ORD_CLAS": 2, "ORD_FLOW": 6, "HYBAS_L12": 4121158690.0, "Shape_Length": 0.024285113019611303 }, "geometry": { "type": "Polygon", "coordinates": [ ] } },
{ "type": "Feature", "properties": { "HYRIV_ID": 41405939, "NEXT_DOWN": 41405863, "MAIN_RIV": 41399660, "LENGTH_KM": 3.31, "DIST_DN_KM": 228.7, "DIST_UP_KM": 5.8, "CATCH_SKM": 9.3800001, "UPLAND_SKM": 9.4, "ENDORHEIC": 0, "DIS_AV_CMS": 0.297, "ORD_STRA": 1, "ORD_CLAS": 4, "ORD_FLOW": 7, "HYBAS_L12": 4121158660.0, "Shape_Length": 0.029820226039544557 }, "geometry": { "type": "Polygon", "coordinates": [ ] } },
{ "type": "Feature", "properties": { "HYRIV_ID": 41405940, "NEXT_DOWN": 41405917, "MAIN_RIV": 41399660, "LENGTH_KM": 2.0, "DIST_DN_KM": 228.0, "DIST_UP_KM": 4.5, "CATCH_SKM": 9.3800001, "UPLAND_SKM": 9.4, "ENDORHEIC": 0, "DIS_AV_CMS": 0.28400001, "ORD_STRA": 1, "ORD_CLAS": 3, "ORD_FLOW": 7, "HYBAS_L12": 4121158690.0, "Shape_Length": 0.018035113019730969 }, "geometry": { "type": "Polygon", "coordinates": [ ] } },
{ "type": "Feature", "properties": { "HYRIV_ID": 41405954, "NEXT_DOWN": 41405955, "MAIN_RIV": 41399660, "LENGTH_KM": 3.3800001, "DIST_DN_KM": 225.60001, "DIST_UP_KM": 5.6, "CATCH_SKM": 13.0, "UPLAND_SKM": 13.0, "ENDORHEIC": 0, "DIS_AV_CMS": 0.375, "ORD_STRA": 1, "ORD_CLAS": 3, "ORD_FLOW": 7, "HYBAS_L12": 4121601890.0, "Shape_Length": 0.030535113019739695 }, "geometry": { "type": "Polygon", "coordinates": [ ] } },
{ "type": "Feature", "properties": { "HYRIV_ID": 41405955, "NEXT_DOWN": 41405880, "MAIN_RIV": 41399660, "LENGTH_KM": 4.2600002, "DIST_DN_KM": 221.3, "DIST_UP_KM": 12.9, "CATCH_SKM": 14.06, "UPLAND_SKM": 42.599998, "ENDORHEIC": 0, "DIS_AV_CMS": 1.2029999, "ORD_STRA": 2, "ORD_CLAS": 2, "ORD_FLOW": 6, "HYBAS_L12": 4121601890.0, "Shape_Length": 0.038511002863008077 }, "geometry": { "type": "Polygon", "coordinates": [ ] } },
{ "type": "Feature", "properties": { "HYRIV_ID": 41405967, "NEXT_DOWN": 41405916, "MAIN_RIV": 41399660, "LENGTH_KM": 12.64, "DIST_DN_KM": 232.5, "DIST_UP_KM": 15.7, "CATCH_SKM": 42.41, "UPLAND_SKM": 42.400002, "ENDORHEIC": 0, "DIS_AV_CMS": 1.4579999, "ORD_STRA": 1, "ORD_CLAS": 4, "ORD_FLOW": 6, "HYBAS_L12": 4121158660.0, "Shape_Length": 0.11431262017740008 }, "geometry": { "type": "Polygon", "coordinates": [ ] } },
{ "type": "Feature", "properties": { "HYRIV_ID": 41405968, "NEXT_DOWN": 41405880, "MAIN_RIV": 41399660, "LENGTH_KM": 5.9, "DIST_DN_KM": 221.3, "DIST_UP_KM": 8.5, "CATCH_SKM": 22.379999, "UPLAND_SKM": 22.4, "ENDORHEIC": 0, "DIS_AV_CMS": 0.59500003, "ORD_STRA": 1, "ORD_CLAS": 3, "ORD_FLOW": 7, "HYBAS_L12": 4121601890.0, "Shape_Length": 0.053242394137674218 }, "geometry": { "type": "Polygon", "coordinates": [ ] } },
{ "type": "Feature", "properties": { "HYRIV_ID": 41405984, "NEXT_DOWN": 41405916, "MAIN_RIV": 41399660, "LENGTH_KM": 2.23, "DIST_DN_KM": 232.7, "DIST_UP_KM": 11.4, "CATCH_SKM": 3.2, "UPLAND_SKM": 24.700001, "ENDORHEIC": 0, "DIS_AV_CMS": 0.829, "ORD_STRA": 2, "ORD_CLAS": 5, "ORD_FLOW": 7, "HYBAS_L12": 4121158660.0, "Shape_Length": 0.020118446353119247 }, "geometry": { "type": "Polygon", "coordinates": [ ] } },
{ "type": "Feature", "properties": { "HYRIV_ID": 41406017, "NEXT_DOWN": 41405895, "MAIN_RIV": 41399660, "LENGTH_KM": 4.46, "DIST_DN_KM": 309.89999, "DIST_UP_KM": 20.1, "CATCH_SKM": 12.15, "UPLAND_SKM": 132.8, "ENDORHEIC": 0, "DIS_AV_CMS": 5.0510001, "ORD_STRA": 3, "ORD_CLAS": 1, "ORD_FLOW": 6, "HYBAS_L12": 4121601980.0, "Shape_Length": 0.040236892706317466 }, "geometry": { "type": "Polygon", "coordinates": [ ] } },
{ "type": "Feature", "properties": { "HYRIV_ID": 41406018, "NEXT_DOWN": 41405984, "MAIN_RIV": 41399660, "LENGTH_KM": 1.63, "DIST_DN_KM": 235.0, "DIST_UP_KM": 4.6, "CATCH_SKM": 4.6900001, "UPLAND_SKM": 4.7, "ENDORHEIC": 0, "DIS_AV_CMS": 0.152, "ORD_STRA": 1, "ORD_CLAS": 6, "ORD_FLOW": 7, "HYBAS_L12": 4121158660.0, "Shape_Length": 0.01473139127478673 }, "geometry": { "type": "Polygon", "coordinates": [ ] } },
{ "type": "Feature", "properties": { "HYRIV_ID": 41406019, "NEXT_DOWN": 41405917, "MAIN_RIV": 41399660, "LENGTH_KM": 3.1600001, "DIST_DN_KM": 227.8, "DIST_UP_KM": 24.6, "CATCH_SKM": 7.0300002, "UPLAND_SKM": 167.10001, "ENDORHEIC": 0, "DIS_AV_CMS": 5.5310001, "ORD_STRA": 3, "ORD_CLAS": 2, "ORD_FLOW": 6, "HYBAS_L12": 4121158690.0, "Shape_Length": 0.028451779686621718 }, "geometry": { "type": "Polygon", "coordinates": [ ] } },
{ "type": "Feature", "properties": { "HYRIV_ID": 41406035, "NEXT_DOWN": 41406036, "MAIN_RIV": 41399660, "LENGTH_KM": 2.72, "DIST_DN_KM": 314.89999, "DIST_UP_KM": 4.3, "CATCH_SKM": 7.25, "UPLAND_SKM": 7.2, "ENDORHEIC": 0, "DIS_AV_CMS": 0.276, "ORD_STRA": 1, "ORD_CLAS": 2, "ORD_FLOW": 7, "HYBAS_L12": 4121601980.0, "Shape_Length": 0.024642556509934098 }, "geometry": { "type": "Polygon", "coordinates": [ ] } },
{ "type": "Feature", "properties": { "HYRIV_ID": 41406036, "NEXT_DOWN": 41406017, "MAIN_RIV": 41399660, "LENGTH_KM": 0.65, "DIST_DN_KM": 314.39999, "DIST_UP_KM": 4.7, "CATCH_SKM": 0.43, "UPLAND_SKM": 20.700001, "ENDORHEIC": 0, "DIS_AV_CMS": 0.788, "ORD_STRA": 2, "ORD_CLAS": 2, "ORD_FLOW": 7, "HYBAS_L12": 4121601980.0, "Shape_Length": 0.0058925565098021477 }, "geometry": { "type": "Polygon", "coordinates": [ ] } },
{ "type": "Feature", "properties": { "HYRIV_ID": 41406037, "NEXT_DOWN": 41406038, "MAIN_RIV": 41399660, "LENGTH_KM": 1.61, "DIST_DN_KM": 231.7, "DIST_UP_KM": 4.9, "CATCH_SKM": 7.25, "UPLAND_SKM": 7.2, "ENDORHEIC": 0, "DIS_AV_CMS": 0.23100001, "ORD_STRA": 1, "ORD_CLAS": 3, "ORD_FLOW": 7, "HYBAS_L12": 4121158690.0, "Shape_Length": 0.014583333333291648 }, "geometry": { "type": "Polygon", "coordinates": [ ] } },
{ "type": "Feature", "properties": { "HYRIV_ID": 41406038, "NEXT_DOWN": 41406019, "MAIN_RIV": 41399660, "LENGTH_KM": 0.65, "DIST_DN_KM": 231.2, "DIST_UP_KM": 21.200001, "CATCH_SKM": 0.21, "UPLAND_SKM": 114.7, "ENDORHEIC": 0, "DIS_AV_CMS": 3.8640001, "ORD_STRA": 3, "ORD_CLAS": 2, "ORD_FLOW": 6, "HYBAS_L12": 4121158690.0, "Shape_Length": 0.0058925565099629254 }, "geometry": { "type": "Polygon", "coordinates": [ ] } },
{ "type": "Feature", "properties": { "HYRIV_ID": 41406055, "NEXT_DOWN": 41406017, "MAIN_RIV": 41399660, "LENGTH_KM": 3.61, "DIST_DN_KM": 314.39999, "DIST_UP_KM": 15.7, "CATCH_SKM": 9.5900002, "UPLAND_SKM": 100.0, "ENDORHEIC": 0, "DIS_AV_CMS": 3.75, "ORD_STRA": 3, "ORD_CLAS": 1, "ORD_FLOW": 6, "HYBAS_L12": 4121601980.0, "Shape_Length": 0.032618446353126253 }, "geometry": { "type": "Polygon", "coordinates": [ ] } },
{ "type": "Feature", "properties": { "HYRIV_ID": 41406056, "NEXT_DOWN": 41406019, "MAIN_RIV": 41399660, "LENGTH_KM": 1.77, "DIST_DN_KM": 231.2, "DIST_UP_KM": 11.0, "CATCH_SKM": 3.2, "UPLAND_SKM": 45.400002, "ENDORHEIC": 0, "DIS_AV_CMS": 1.396, "ORD_STRA": 2, "ORD_CLAS": 3, "ORD_FLOW": 6, "HYBAS_L12": 4121158690.0, "Shape_Length": 0.015951779686451201 }, "geometry": { "type": "Polygon", "coordinates": [ ] } },
{ "type": "Feature", "properties": { "HYRIV_ID": 41406073, "NEXT_DOWN": 41405895, "MAIN_RIV": 41399660, "LENGTH_KM": 14.11, "DIST_DN_KM": 309.70001, "DIST_UP_KM": 16.5, "CATCH_SKM": 48.16, "UPLAND_SKM": 48.200001, "ENDORHEIC": 0, "DIS_AV_CMS": 1.739, "ORD_STRA": 1, "ORD_CLAS": 2, "ORD_FLOW": 6, "HYBAS_L12": 4121601980.0, "Shape_Length": 0.12752750715736164 }, "geometry": { "type": "Polygon", "coordinates": [ ] } },
{ "type": "Feature", "properties": { "HYRIV_ID": 41406074, "NEXT_DOWN": 41405984, "MAIN_RIV": 41399660, "LENGTH_KM": 6.2600002, "DIST_DN_KM": 235.0, "DIST_UP_KM": 9.2, "CATCH_SKM": 16.84, "UPLAND_SKM": 16.8, "ENDORHEIC": 0, "DIS_AV_CMS": 0.56900001, "ORD_STRA": 1, "ORD_CLAS": 5, "ORD_FLOW": 7, "HYBAS_L12": 4121158660.0, "Shape_Length": 0.056546115882784825 }, "geometry": { "type": "Polygon", "coordinates": [ ] } },
{ "type": "Feature", "properties": { "HYRIV_ID": 41406098, "NEXT_DOWN": 41406036, "MAIN_RIV": 41399660, "LENGTH_KM": 2.0, "DIST_DN_KM": 315.10001, "DIST_UP_KM": 3.8, "CATCH_SKM": 13.0, "UPLAND_SKM": 13.0, "ENDORHEIC": 0, "DIS_AV_CMS": 0.495, "ORD_STRA": 1, "ORD_CLAS": 3, "ORD_FLOW": 7, "HYBAS_L12": 4121601980.0, "Shape_Length": 0.018035113019789537 }, "geometry": { "type": "Polygon", "coordinates": [ ] } },
{ "type": "Feature", "properties": { "HYRIV_ID": 41406099, "NEXT_DOWN": 41406056, "MAIN_RIV": 41399660, "LENGTH_KM": 2.55, "DIST_DN_KM": 232.8, "DIST_UP_KM": 4.8, "CATCH_SKM": 12.36, "UPLAND_SKM": 12.4, "ENDORHEIC": 0, "DIS_AV_CMS": 0.37200001, "ORD_STRA": 1, "ORD_CLAS": 4, "ORD_FLOW": 7, "HYBAS_L12": 4121158690.0, "Shape_Length": 0.02306472460799535 }, "geometry": { "type": "Polygon", "coordinates": [ ] } },
{ "type": "Feature", "properties": { "HYRIV_ID": 41406109, "NEXT_DOWN": 41406055, "MAIN_RIV": 41399660, "LENGTH_KM": 5.1799998, "DIST_DN_KM": 317.79999, "DIST_UP_KM": 12.2, "CATCH_SKM": 18.110001, "UPLAND_SKM": 44.3, "ENDORHEIC": 0, "DIS_AV_CMS": 1.62, "ORD_STRA": 2, "ORD_CLAS": 1, "ORD_FLOW": 6, "HYBAS_L12": 4121601980.0, "Shape_Length": 0.046844336196327947 }, "geometry": { "type": "Polygon", "coordinates": [ ] } },
{ "type": "Feature", "properties": { "HYRIV_ID": 41406110, "NEXT_DOWN": 41406109, "MAIN_RIV": 41399660, "LENGTH_KM": 1.84, "DIST_DN_KM": 323.0, "DIST_UP_KM": 6.5, "CATCH_SKM": 5.12, "UPLAND_SKM": 14.7, "ENDORHEIC": 0, "DIS_AV_CMS": 0.52600002, "ORD_STRA": 2, "ORD_CLAS": 2, "ORD_FLOW": 7, "HYBAS_L12": 4121601980.0, "Shape_Length": 0.016666666666651508 }, "geometry": { "type": "Polygon", "coordinates": [ ] } },
{ "type": "Feature", "properties": { "HYRIV_ID": 41406111, "NEXT_DOWN": 41405955, "MAIN_RIV": 41399660, "LENGTH_KM": 5.71, "DIST_DN_KM": 225.60001, "DIST_UP_KM": 8.7, "CATCH_SKM": 15.56, "UPLAND_SKM": 15.6, "ENDORHEIC": 0, "DIS_AV_CMS": 0.447, "ORD_STRA": 1, "ORD_CLAS": 2, "ORD_FLOW": 7, "HYBAS_L12": 4121601890.0, "Shape_Length": 0.051516504294436903 }, "geometry": { "type": "Polygon", "coordinates": [ ] } },
{ "type": "Feature", "properties": { "HYRIV_ID": 41406127, "NEXT_DOWN": 41406110, "MAIN_RIV": 41399660, "LENGTH_KM": 0.98, "DIST_DN_KM": 325.0, "DIST_UP_KM": 3.1, "CATCH_SKM": 4.9, "UPLAND_SKM": 4.9, "ENDORHEIC": 0, "DIS_AV_CMS": 0.174, "ORD_STRA": 1, "ORD_CLAS": 3, "ORD_FLOW": 7, "HYBAS_L12": 4121601980.0, "Shape_Length": 0.0088388347648238053 }, "geometry": { "type": "Polygon", "coordinates": [ ] } },
{ "type": "Feature", "properties": { "HYRIV_ID": 41406128, "NEXT_DOWN": 41406129, "MAIN_RIV": 41399660, "LENGTH_KM": 1.61, "DIST_DN_KM": 234.2, "DIST_UP_KM": 3.4, "CATCH_SKM": 4.6900001, "UPLAND_SKM": 4.7, "ENDORHEIC": 0, "DIS_AV_CMS": 0.15, "ORD_STRA": 1, "ORD_CLAS": 3, "ORD_FLOW": 7, "HYBAS_L12": 4121158690.0, "Shape_Length": 0.014583333333405335 }, "geometry": { "type": "Polygon", "coordinates": [ ] } },
{ "type": "Feature", "properties": { "HYRIV_ID": 41406129, "NEXT_DOWN": 41406038, "MAIN_RIV": 41399660, "LENGTH_KM": 2.51, "DIST_DN_KM": 231.7, "DIST_UP_KM": 20.8, "CATCH_SKM": 3.84, "UPLAND_SKM": 107.2, "ENDORHEIC": 0, "DIS_AV_CMS": 3.6210001, "ORD_STRA": 3, "ORD_CLAS": 2, "ORD_FLOW": 6, "HYBAS_L12": 4121158690.0, "Shape_Length": 0.022559223176425235 }, "geometry": { "type": "Polygon", "coordinates": [ ] } },
{ "type": "Feature", "properties": { "HYRIV_ID": 41406152, "NEXT_DOWN": 41406055, "MAIN_RIV": 41399660, "LENGTH_KM": 2.51, "DIST_DN_KM": 318.0, "DIST_UP_KM": 9.8, "CATCH_SKM": 7.89, "UPLAND_SKM": 46.0, "ENDORHEIC": 0, "DIS_AV_CMS": 1.735, "ORD_STRA": 3, "ORD_CLAS": 2, "ORD_FLOW": 6, "HYBAS_L12": 4121601980.0, "Shape_Length": 0.022559223176562466 }, "geometry": { "type": "Polygon", "coordinates": [ ] } },
{ "type": "Feature", "properties": { "HYRIV_ID": 41406170, "NEXT_DOWN": 41406110, "MAIN_RIV": 41399660, "LENGTH_KM": 2.1, "DIST_DN_KM": 324.79999, "DIST_UP_KM": 4.6, "CATCH_SKM": 4.6900001, "UPLAND_SKM": 4.7, "ENDORHEIC": 0, "DIS_AV_CMS": 0.167, "ORD_STRA": 1, "ORD_CLAS": 2, "ORD_FLOW": 7, "HYBAS_L12": 4121601980.0, "Shape_Length": 0.018898057941475591 }, "geometry": { "type": "Polygon", "coordinates": [ ] } },
{ "type": "Feature", "properties": { "HYRIV_ID": 41406217, "NEXT_DOWN": 41406152, "MAIN_RIV": 41399660, "LENGTH_KM": 1.77, "DIST_DN_KM": 320.5, "DIST_UP_KM": 7.3, "CATCH_SKM": 2.98, "UPLAND_SKM": 23.0, "ENDORHEIC": 0, "DIS_AV_CMS": 0.85399997, "ORD_STRA": 2, "ORD_CLAS": 2, "ORD_FLOW": 7, "HYBAS_L12": 4121601980.0, "Shape_Length": 0.015951779686443884 }, "geometry": { "type": "Polygon", "coordinates": [ ] } },
{ "type": "Feature", "properties": { "HYRIV_ID": 41406218, "NEXT_DOWN": 41406233, "MAIN_RIV": 41399660, "LENGTH_KM": 0.69, "DIST_DN_KM": 323.39999, "DIST_UP_KM": 3.3, "CATCH_SKM": 3.62, "UPLAND_SKM": 3.6, "ENDORHEIC": 0, "DIS_AV_CMS": 0.132, "ORD_STRA": 1, "ORD_CLAS": 3, "ORD_FLOW": 7, "HYBAS_L12": 4121601980.0, "Shape_Length": 0.0062500000000795808 }, "geometry": { "type": "Polygon", "coordinates": [ ] } },
{ "type": "Feature", "properties": { "HYRIV_ID": 41406219, "NEXT_DOWN": 41406056, "MAIN_RIV": 41399660, "LENGTH_KM": 4.6500001, "DIST_DN_KM": 233.0, "DIST_UP_KM": 9.2, "CATCH_SKM": 12.79, "UPLAND_SKM": 29.8, "ENDORHEIC": 0, "DIS_AV_CMS": 0.92, "ORD_STRA": 2, "ORD_CLAS": 3, "ORD_FLOW": 7, "HYBAS_L12": 4121158690.0, "Shape_Length": 0.04196278254940132 }, "geometry": { "type": "Polygon", "coordinates": [ ] } },
{ "type": "Feature", "properties": { "HYRIV_ID": 41406233, "NEXT_DOWN": 41406217, "MAIN_RIV": 41399660, "LENGTH_KM": 1.31, "DIST_DN_KM": 322.29999, "DIST_UP_KM": 5.6, "CATCH_SKM": 2.1300001, "UPLAND_SKM": 12.8, "ENDORHEIC": 0, "DIS_AV_CMS": 0.47, "ORD_STRA": 2, "ORD_CLAS": 2, "ORD_FLOW": 7, "HYBAS_L12": 4121601980.0, "Shape_Length": 0.011785113019704783 }, "geometry": { "type": "Polygon", "coordinates": [ ] } },
{ "type": "Feature", "properties": { "HYRIV_ID": 41406260, "NEXT_DOWN": 41406261, "MAIN_RIV": 41399660, "LENGTH_KM": 0.69, "DIST_DN_KM": 323.20001, "DIST_UP_KM": 2.7, "CATCH_SKM": 4.9, "UPLAND_SKM": 4.9, "ENDORHEIC": 0, "DIS_AV_CMS": 0.186, "ORD_STRA": 1, "ORD_CLAS": 4, "ORD_FLOW": 7, "HYBAS_L12": 4121601980.0, "Shape_Length": 0.0062500000001364242 }, "geometry": { "type": "Polygon", "coordinates": [ ] } },
{ "type": "Feature", "properties": { "HYRIV_ID": 41406261, "NEXT_DOWN": 41406152, "MAIN_RIV": 41399660, "LENGTH_KM": 2.8800001, "DIST_DN_KM": 320.29999, "DIST_UP_KM": 7.3, "CATCH_SKM": 4.48, "UPLAND_SKM": 15.1, "ENDORHEIC": 0, "DIS_AV_CMS": 0.575, "ORD_STRA": 2, "ORD_CLAS": 3, "ORD_FLOW": 7, "HYBAS_L12": 4121601980.0, "Shape_Length": 0.026011002862890535 }, "geometry": { "type": "Polygon", "coordinates": [ ] } },
{ "type": "Feature", "properties": { "HYRIV_ID": 41406262, "NEXT_DOWN": 41406233, "MAIN_RIV": 41399660, "LENGTH_KM": 2.0, "DIST_DN_KM": 323.60001, "DIST_UP_KM": 4.3, "CATCH_SKM": 7.0300002, "UPLAND_SKM": 7.0, "ENDORHEIC": 0, "DIS_AV_CMS": 0.257, "ORD_STRA": 1, "ORD_CLAS": 2, "ORD_FLOW": 7, "HYBAS_L12": 4121601980.0, "Shape_Length": 0.018035113019817958 }, "geometry": { "type": "Polygon", "coordinates": [ ] } },
{ "type": "Feature", "properties": { "HYRIV_ID": 41406263, "NEXT_DOWN": 41406109, "MAIN_RIV": 41399660, "LENGTH_KM": 5.1700001, "DIST_DN_KM": 323.20001, "DIST_UP_KM": 6.9, "CATCH_SKM": 11.51, "UPLAND_SKM": 11.5, "ENDORHEIC": 0, "DIS_AV_CMS": 0.41600001, "ORD_STRA": 1, "ORD_CLAS": 1, "ORD_FLOW": 7, "HYBAS_L12": 4121601980.0, "Shape_Length": 0.046634950647584772 }, "geometry": { "type": "Polygon", "coordinates": [ ] } },
{ "type": "Feature", "properties": { "HYRIV_ID": 41406264, "NEXT_DOWN": 41406219, "MAIN_RIV": 41399660, "LENGTH_KM": 1.63, "DIST_DN_KM": 237.60001, "DIST_UP_KM": 4.4, "CATCH_SKM": 7.0300002, "UPLAND_SKM": 7.0, "ENDORHEIC": 0, "DIS_AV_CMS": 0.21, "ORD_STRA": 1, "ORD_CLAS": 4, "ORD_FLOW": 7, "HYBAS_L12": 4121158690.0, "Shape_Length": 0.01473139127471639 }, "geometry": { "type": "Polygon", "coordinates": [ ] } },
{ "type": "Feature", "properties": { "HYRIV_ID": 41406282, "NEXT_DOWN": 41406219, "MAIN_RIV": 41399660, "LENGTH_KM": 2.1, "DIST_DN_KM": 237.60001, "DIST_UP_KM": 4.5, "CATCH_SKM": 10.02, "UPLAND_SKM": 10.0, "ENDORHEIC": 0, "DIS_AV_CMS": 0.309, "ORD_STRA": 1, "ORD_CLAS": 3, "ORD_FLOW": 7, "HYBAS_L12": 4121158690.0, "Shape_Length": 0.018898057941347399 }, "geometry": { "type": "Polygon", "coordinates": [ ] } },
{ "type": "Feature", "properties": { "HYRIV_ID": 41406302, "NEXT_DOWN": 41406217, "MAIN_RIV": 41399660, "LENGTH_KM": 2.56, "DIST_DN_KM": 322.10001, "DIST_UP_KM": 5.1, "CATCH_SKM": 7.25, "UPLAND_SKM": 7.2, "ENDORHEIC": 0, "DIS_AV_CMS": 0.269, "ORD_STRA": 1, "ORD_CLAS": 3, "ORD_FLOW": 7, "HYBAS_L12": 4121601980.0, "Shape_Length": 0.023064724608068129 }, "geometry": { "type": "Polygon", "coordinates": [ ] } },
{ "type": "Feature", "properties": { "HYRIV_ID": 41406303, "NEXT_DOWN": 41406304, "MAIN_RIV": 41399660, "LENGTH_KM": 8.9399996, "DIST_DN_KM": 239.0, "DIST_UP_KM": 11.4, "CATCH_SKM": 27.92, "UPLAND_SKM": 27.9, "ENDORHEIC": 0, "DIS_AV_CMS": 0.94, "ORD_STRA": 1, "ORD_CLAS": 3, "ORD_FLOW": 7, "HYBAS_L12": 4121158690.0, "Shape_Length": 0.080831228902587038 }, "geometry": { "type": "Polygon", "coordinates": [ ] } },
{ "type": "Feature", "properties": { "HYRIV_ID": 41406304, "NEXT_DOWN": 41406129, "MAIN_RIV": 41399660, "LENGTH_KM": 4.8400002, "DIST_DN_KM": 234.2, "DIST_UP_KM": 18.3, "CATCH_SKM": 10.66, "UPLAND_SKM": 98.699997, "ENDORHEIC": 0, "DIS_AV_CMS": 3.322, "ORD_STRA": 3, "ORD_CLAS": 2, "ORD_FLOW": 6, "HYBAS_L12": 4121158690.0, "Shape_Length": 0.043688672392709689 }, "geometry": { "type": "Polygon", "coordinates": [ ] } },
{ "type": "Feature", "properties": { "HYRIV_ID": 41406313, "NEXT_DOWN": 41406261, "MAIN_RIV": 41399660, "LENGTH_KM": 2.29, "DIST_DN_KM": 323.39999, "DIST_UP_KM": 4.2, "CATCH_SKM": 5.75, "UPLAND_SKM": 5.8, "ENDORHEIC": 0, "DIS_AV_CMS": 0.217, "ORD_STRA": 1, "ORD_CLAS": 3, "ORD_FLOW": 7, "HYBAS_L12": 4121601980.0, "Shape_Length": 0.020623947784518537 }, "geometry": { "type": "Polygon", "coordinates": [ ] } },
{ "type": "Feature", "properties": { "HYRIV_ID": 41406327, "NEXT_DOWN": 41406304, "MAIN_RIV": 41399660, "LENGTH_KM": 1.31, "DIST_DN_KM": 239.2, "DIST_UP_KM": 13.2, "CATCH_SKM": 2.77, "UPLAND_SKM": 40.5, "ENDORHEIC": 0, "DIS_AV_CMS": 1.3789999, "ORD_STRA": 2, "ORD_CLAS": 2, "ORD_FLOW": 6, "HYBAS_L12": 4121158690.0, "Shape_Length": 0.011785113019825365 }, "geometry": { "type": "Polygon", "coordinates": [ ] } },
{ "type": "Feature", "properties": { "HYRIV_ID": 41406328, "NEXT_DOWN": 41406304, "MAIN_RIV": 41399660, "LENGTH_KM": 2.5, "DIST_DN_KM": 239.0, "DIST_UP_KM": 7.4, "CATCH_SKM": 2.98, "UPLAND_SKM": 19.6, "ENDORHEIC": 0, "DIS_AV_CMS": 0.625, "ORD_STRA": 2, "ORD_CLAS": 4, "ORD_FLOW": 7, "HYBAS_L12": 4121158690.0, "Shape_Length": 0.022559223176549979 }, "geometry": { "type": "Polygon", "coordinates": [ ] } },
{ "type": "Feature", "properties": { "HYRIV_ID": 41406329, "NEXT_DOWN": 41406328, "MAIN_RIV": 41399660, "LENGTH_KM": 0.69, "DIST_DN_KM": 241.5, "DIST_UP_KM": 3.3, "CATCH_SKM": 5.33, "UPLAND_SKM": 5.3, "ENDORHEIC": 0, "DIS_AV_CMS": 0.167, "ORD_STRA": 1, "ORD_CLAS": 5, "ORD_FLOW": 7, "HYBAS_L12": 4121158690.0, "Shape_Length": 0.0062499999999658939 }, "geometry": { "type": "Polygon", "coordinates": [ ] } },
{ "type": "Feature", "properties": { "HYRIV_ID": 41406357, "NEXT_DOWN": 41406327, "MAIN_RIV": 41399660, "LENGTH_KM": 9.8599997, "DIST_DN_KM": 240.3, "DIST_UP_KM": 12.1, "CATCH_SKM": 33.889999, "UPLAND_SKM": 33.900002, "ENDORHEIC": 0, "DIS_AV_CMS": 1.16, "ORD_STRA": 1, "ORD_CLAS": 2, "ORD_FLOW": 6, "HYBAS_L12": 4121158690.0, "Shape_Length": 0.089164562235852812 }, "geometry": { "type": "Polygon", "coordinates": [ ] } },
{ "type": "Feature", "properties": { "HYRIV_ID": 41406358, "NEXT_DOWN": 41406327, "MAIN_RIV": 41399660, "LENGTH_KM": 0.98, "DIST_DN_KM": 240.5, "DIST_UP_KM": 3.2, "CATCH_SKM": 3.84, "UPLAND_SKM": 3.8, "ENDORHEIC": 0, "DIS_AV_CMS": 0.124, "ORD_STRA": 1, "ORD_CLAS": 3, "ORD_FLOW": 7, "HYBAS_L12": 4121158690.0, "Shape_Length": 0.0088388347647936592 }, "geometry": { "type": "Polygon", "coordinates": [ ] } },
{ "type": "Feature", "properties": { "HYRIV_ID": 41406409, "NEXT_DOWN": 41406328, "MAIN_RIV": 41399660, "LENGTH_KM": 2.27, "DIST_DN_KM": 241.5, "DIST_UP_KM": 4.9, "CATCH_SKM": 11.3, "UPLAND_SKM": 11.3, "ENDORHEIC": 0, "DIS_AV_CMS": 0.35800001, "ORD_STRA": 1, "ORD_CLAS": 4, "ORD_FLOW": 7, "HYBAS_L12": 4121158690.0, "Shape_Length": 0.020475889843228588 }, "geometry": { "type": "Polygon", "coordinates": [ ] } }
]
}
