{
"type": "FeatureCollection",
"name": "main_river_41405515",
"crs": { "type": "name", "properties": { "name": "urn:ogc:def:crs:OGC:1.3:CRS84" } },
"features": [
{ "type": "Feature", "properties": { "HYRIV_ID": 41404684, "NEXT_DOWN": 41404791, "MAIN_RIV": 41405515, "LENGTH_KM": 2.56, "DIST_DN_KM": 96.0, "DIST_UP_KM": 5.2, "CATCH_SKM": 10.01, "UPLAND_SKM": 10.0, "ENDORHEIC": 0, "DIS_AV_CMS": 0.32, "ORD_STRA": 1, "ORD_CLAS": 3, "ORD_FLOW": 7, "HYBAS_L12": 4121601790.0, "Shape_Length": 0.023064724608084775 }, "geometry": { "type": "MultiLineString", "coordinates": [ [ [ 80.358333333332922, 7.199999999999896 ], [ 80.364583333332945, 7.206249999999876 ], [ 80.368749999999665, 7.206249999999876 ], [ 80.372916666666328, 7.202083333333213 ], [ 80.372916666666328, 7.197916666666565 ] ] ] } },
{ "type": "Feature", "properties": { "HYRIV_ID": 41404685, "NEXT_DOWN": 41404791, "MAIN_RIV": 41405515, "LENGTH_KM": 0.98, "DIST_DN_KM": 96.199997, "DIST_UP_KM": 3.4, "CATCH_SKM": 3.4100001, "UPLAND_SKM": 3.4, "ENDORHEIC": 0, "DIS_AV_CMS": 0.109, "ORD_STRA": 1, "ORD_CLAS": 4, "ORD_FLOW": 7, "HYBAS_L12": 4121601790.0, "Shape_Length": 0.0088388347647936592 }, "geometry": { "type": "MultiLineString", "coordinates": [ [ [ 80.379166666666293, 7.204166666666545 ], [ 80.372916666666328, 7.197916666666565 ] ] ] } },
{ "type": "Feature", "properties": { "HYRIV_ID": 41404709, "NEXT_DOWN": 41404743, "MAIN_RIV": 41405515, "LENGTH_KM": 5.4200001, "DIST_DN_KM": 80.199997, "DIST_UP_KM": 8.1, "CATCH_SKM": 21.51, "UPLAND_SKM": 21.5, "ENDORHEIC": 0, "DIS_AV_CMS": 0.685, "ORD_STRA": 1, "ORD_CLAS": 3, "ORD_FLOW": 7, "HYBAS_L12": 4121601790.0, "Shape_Length": 0.048927669529636848 }, "geometry": { "type": "MultiLineString", "coordinates": [ [ [ 80.295833333332979, 7.218749999999893 ], [ 80.289583333333013, 7.218749999999893 ], [ 80.281249999999687, 7.210416666666582 ], [ 80.268749999999699, 7.210416666666582 ], [ 80.264583333332979, 7.206249999999876 ], [ 80.264583333332979, 7.19375 ] ] ] } },
{ "type": "Feature", "properties": { "HYRIV_ID": 41404722, "NEXT_DOWN": 41404743, "MAIN_RIV": 41405515, "LENGTH_KM": 1.34, "DIST_DN_KM": 80.300003, "DIST_UP_KM": 3.2, "CATCH_SKM": 7.4499998, "UPLAND_SKM": 7.5, "ENDORHEIC": 0, "DIS_AV_CMS": 0.244, "ORD_STRA": 1, "ORD_CLAS": 4, "ORD_FLOW": 7, "HYBAS_L12": 4121601790.0, "Shape_Length": 0.012142556509905273 }, "geometry": { "type": "MultiLineString", "coordinates": [ [ [ 80.254166666666293, 7.189583333333239 ], [ 80.260416666666316, 7.189583333333239 ], [ 80.264583333332979, 7.19375 ] ] ] } },
{ "type": "Feature", "properties": { "HYRIV_ID": 41404723, "NEXT_DOWN": 41404744, "MAIN_RIV": 41405515, "LENGTH_KM": 2.27, "DIST_DN_KM": 84.699997, "DIST_UP_KM": 4.1, "CATCH_SKM": 7.2399998, "UPLAND_SKM": 7.2, "ENDORHEIC": 0, "DIS_AV_CMS": 0.232, "ORD_STRA": 1, "ORD_CLAS": 3, "ORD_FLOW": 7, "HYBAS_L12": 4121601790.0, "Shape_Length": 0.020475889843195292 }, "geometry": { "type": "MultiLineString", "coordinates": [ [ [ 80.32291666666643, 7.204166666666545 ], [ 80.32291666666643, 7.19375 ], [ 80.318749999999596, 7.189583333333239 ], [ 80.314583333333047, 7.189583333333239 ] ] ] } },
{ "type": "Feature", "properties": { "HYRIV_ID": 41404743, "NEXT_DOWN": 41404886, "MAIN_RIV": 41405515, "LENGTH_KM": 1.12, "DIST_DN_KM": 79.0, "DIST_UP_KM": 9.2, "CATCH_SKM": 1.28, "UPLAND_SKM": 30.200001, "ENDORHEIC": 0, "DIS_AV_CMS": 0.96899998, "ORD_STRA": 2, "ORD_CLAS": 3, "ORD_FLOW": 7, "HYBAS_L12": 4121601790.0, "Shape_Length": 0.01005922317661403 }, "geometry": { "type": "MultiLineString", "coordinates": [ [ [ 80.264583333332979, 7.19375 ], [ 80.268749999999699, 7.189583333333239 ], [ 80.268749999999699, 7.185416666666548 ] ] ] } },
{ "type": "Feature", "properties": { "HYRIV_ID": 41404744, "NEXT_DOWN": 41404886, "MAIN_RIV": 41405515, "LENGTH_KM": 5.6300001, "DIST_DN_KM": 79.199997, "DIST_UP_KM": 24.5, "CATCH_SKM": 15.55, "UPLAND_SKM": 127.6, "ENDORHEIC": 0, "DIS_AV_CMS": 4.1570001, "ORD_STRA": 3, "ORD_CLAS": 2, "ORD_FLOW": 6, "HYBAS_L12": 4121601790.0, "Shape_Length": 0.051011002863060866 }, "geometry": { "type": "MultiLineString", "coordinates": [ [ [ 80.314583333333047, 7.189583333333239 ], [ 80.302083333332945, 7.189583333333239 ], [ 80.297916666666396, 7.19375 ], [ 80.289583333333013, 7.19375 ], [ 80.28541666666635, 7.189583333333239 ], [ 80.272916666666362, 7.189583333333239 ], [ 80.268749999999699, 7.185416666666548 ] ] ] } },
{ "type": "Feature", "properties": { "HYRIV_ID": 41404770, "NEXT_DOWN": 41404744, "MAIN_RIV": 41405515, "LENGTH_KM": 2.8800001, "DIST_DN_KM": 84.900002, "DIST_UP_KM": 18.9, "CATCH_SKM": 7.4499998, "UPLAND_SKM": 104.8, "ENDORHEIC": 0, "DIS_AV_CMS": 3.4449999, "ORD_STRA": 3, "ORD_CLAS": 2, "ORD_FLOW": 6, "HYBAS_L12": 4121601790.0, "Shape_Length": 0.026011002862953266 }, "geometry": { "type": "MultiLineString", "coordinates": [ [ [ 80.335416666666305, 7.177083333333222 ], [ 80.327083333332922, 7.185416666666548 ], [ 80.318749999999596, 7.185416666666548 ], [ 80.314583333333047, 7.189583333333239 ] ] ] } },
{ "type": "Feature", "properties": { "HYRIV_ID": 41404787, "NEXT_DOWN": 41404770, "MAIN_RIV": 41405515, "LENGTH_KM": 2.49, "DIST_DN_KM": 87.599998, "DIST_UP_KM": 16.200001, "CATCH_SKM": 4.4699998, "UPLAND_SKM": 91.599998, "ENDORHEIC": 0, "DIS_AV_CMS": 3.0179999, "ORD_STRA": 3, "ORD_CLAS": 2, "ORD_FLOW": 6, "HYBAS_L12": 4121601790.0, "Shape_Length": 0.022559223176523997 }, "geometry": { "type": "MultiLineString", "coordinates": [ [ [ 80.356249999999619, 7.172916666666573 ], [ 80.352083333332956, 7.172916666666573 ], [ 80.347916666666293, 7.177083333333222 ], [ 80.335416666666305, 7.177083333333222 ] ] ] } },
{ "type": "Feature", "properties": { "HYRIV_ID": 41404788, "NEXT_DOWN": 41404787, "MAIN_RIV": 41405515, "LENGTH_KM": 1.35, "DIST_DN_KM": 90.199997, "DIST_UP_KM": 3.4, "CATCH_SKM": 4.0500002, "UPLAND_SKM": 4.0, "ENDORHEIC": 0, "DIS_AV_CMS": 0.132, "ORD_STRA": 1, "ORD_CLAS": 3, "ORD_FLOW": 7, "HYBAS_L12": 4121601790.0, "Shape_Length": 0.012142556509866804 }, "geometry": { "type": "MultiLineString", "coordinates": [ [ [ 80.360416666666282, 7.183333333333216 ], [ 80.360416666666282, 7.177083333333222 ], [ 80.356249999999619, 7.172916666666573 ] ] ] } },
{ "type": "Feature", "properties": { "HYRIV_ID": 41404789, "NEXT_DOWN": 41404787, "MAIN_RIV": 41405515, "LENGTH_KM": 0.46, "DIST_DN_KM": 90.0, "DIST_UP_KM": 13.7, "CATCH_SKM": 0.43, "UPLAND_SKM": 83.099998, "ENDORHEIC": 0, "DIS_AV_CMS": 2.7479999, "ORD_STRA": 3, "ORD_CLAS": 2, "ORD_FLOW": 6, "HYBAS_L12": 4121601790.0, "Shape_Length": 0.0041666666666628771 }, "geometry": { "type": "MultiLineString", "coordinates": [ [ [ 80.360416666666282, 7.172916666666573 ], [ 80.356249999999619, 7.172916666666573 ] ] ] } },
{ "type": "Feature", "properties": { "HYRIV_ID": 41404790, "NEXT_DOWN": 41404789, "MAIN_RIV": 41405515, "LENGTH_KM": 2.3, "DIST_DN_KM": 90.5, "DIST_UP_KM": 10.6, "CATCH_SKM": 3.1900001, "UPLAND_SKM": 41.700001, "ENDORHEIC": 0, "DIS_AV_CMS": 1.353, "ORD_STRA": 3, "ORD_CLAS": 3, "ORD_FLOW": 6, "HYBAS_L12": 4121601790.0, "Shape_Length": 0.020833333333371229 }, "geometry": { "type": "MultiLineString", "coordinates": [ [ [ 80.381249999999653, 7.172916666666573 ], [ 80.360416666666282, 7.172916666666573 ] ] ] } },
{ "type": "Feature", "properties": { "HYRIV_ID": 41404791, "NEXT_DOWN": 41404790, "MAIN_RIV": 41405515, "LENGTH_KM": 3.1600001, "DIST_DN_KM": 92.800003, "DIST_UP_KM": 8.3, "CATCH_SKM": 5.3200002, "UPLAND_SKM": 18.700001, "ENDORHEIC": 0, "DIS_AV_CMS": 0.60100001, "ORD_STRA": 2, "ORD_CLAS": 3, "ORD_FLOW": 7, "HYBAS_L12": 4121601790.0, "Shape_Length": 0.028451779686430791 }, "geometry": { "type": "MultiLineString", "coordinates": [ [ [ 80.372916666666328, 7.197916666666565 ], [ 80.372916666666328, 7.19375 ], [ 80.37708333333299, 7.189583333333239 ], [ 80.37708333333299, 7.185416666666548 ], [ 80.381249999999653, 7.181249999999885 ], [ 80.381249999999653, 7.172916666666573 ] ] ] } },
{ "type": "Feature", "properties": { "HYRIV_ID": 41404792, "NEXT_DOWN": 41404790, "MAIN_RIV": 41405515, "LENGTH_KM": 1.84, "DIST_DN_KM": 92.800003, "DIST_UP_KM": 6.8, "CATCH_SKM": 6.39, "UPLAND_SKM": 19.8, "ENDORHEIC": 0, "DIS_AV_CMS": 0.65100002, "ORD_STRA": 2, "ORD_CLAS": 4, "ORD_FLOW": 7, "HYBAS_L12": 4121601790.0, "Shape_Length": 0.016666666666708352 }, "geometry": { "type": "MultiLineString", "coordinates": [ [ [ 80.397916666666362, 7.172916666666573 ], [ 80.381249999999653, 7.172916666666573 ] ] ] } },
{ "type": "Feature", "properties": { "HYRIV_ID": 41404793, "NEXT_DOWN": 41404792, "MAIN_RIV": 41405515, "LENGTH_KM": 0.69, "DIST_DN_KM": 94.599998, "DIST_UP_KM": 3.1, "CATCH_SKM": 5.75, "UPLAND_SKM": 5.8, "ENDORHEIC": 0, "DIS_AV_CMS": 0.188, "ORD_STRA": 1, "ORD_CLAS": 5, "ORD_FLOW": 7, "HYBAS_L12": 4121601790.0, "Shape_Length": 0.0062499999999090505 }, "geometry": { "type": "MultiLineString", "coordinates": [ [ [ 80.404166666666271, 7.172916666666573 ], [ 80.397916666666362, 7.172916666666573 ] ] ] } },
{ "type": "Feature", "properties": { "HYRIV_ID": 41404809, "NEXT_DOWN": 41404770, "MAIN_RIV": 41405515, "LENGTH_KM": 1.35, "DIST_DN_KM": 87.699997, "DIST_UP_KM": 3.6, "CATCH_SKM": 5.75, "UPLAND_SKM": 5.8, "ENDORHEIC": 0, "DIS_AV_CMS": 0.192, "ORD_STRA": 1, "ORD_CLAS": 3, "ORD_FLOW": 7, "HYBAS_L12": 4121601790.0, "Shape_Length": 0.012142556509909436 }, "geometry": { "type": "MultiLineString", "coordinates": [ [ [ 80.331249999999642, 7.166666666666536 ], [ 80.331249999999642, 7.172916666666573 ], [ 80.335416666666305, 7.177083333333222 ] ] ] } },
{ "type": "Feature", "properties": { "HYRIV_ID": 41404856, "NEXT_DOWN": 41404792, "MAIN_RIV": 41405515, "LENGTH_KM": 2.56, "DIST_DN_KM": 94.599998, "DIST_UP_KM": 4.9, "CATCH_SKM": 7.6700001, "UPLAND_SKM": 7.7, "ENDORHEIC": 0, "DIS_AV_CMS": 0.255, "ORD_STRA": 1, "ORD_CLAS": 4, "ORD_FLOW": 7, "HYBAS_L12": 4121601790.0, "Shape_Length": 0.023064724608044582 }, "geometry": { "type": "MultiLineString", "coordinates": [ [ [ 80.40833333333299, 7.154166666666562 ], [ 80.397916666666362, 7.164583333333205 ], [ 80.397916666666362, 7.172916666666573 ] ] ] } },
{ "type": "Feature", "properties": { "HYRIV_ID": 41404886, "NEXT_DOWN": 41404905, "MAIN_RIV": 41405515, "LENGTH_KM": 4.5500002, "DIST_DN_KM": 74.5, "DIST_UP_KM": 29.3, "CATCH_SKM": 7.4499998, "UPLAND_SKM": 165.3, "ENDORHEIC": 0, "DIS_AV_CMS": 5.3470001, "ORD_STRA": 3, "ORD_CLAS": 2, "ORD_FLOW": 6, "HYBAS_L12": 4121601790.0, "Shape_Length": 0.04095177968645617 }, "geometry": { "type": "MultiLineString", "coordinates": [ [ [ 80.268749999999699, 7.185416666666548 ], [ 80.268749999999699, 7.177083333333222 ], [ 80.272916666666362, 7.172916666666573 ], [ 80.272916666666362, 7.164583333333205 ], [ 80.277083333333024, 7.160416666666556 ], [ 80.277083333333024, 7.147916666666539 ] ] ] } },
{ "type": "Feature", "properties": { "HYRIV_ID": 41404904, "NEXT_DOWN": 41404905, "MAIN_RIV": 41405515, "LENGTH_KM": 3.12, "DIST_DN_KM": 74.699997, "DIST_UP_KM": 4.9, "CATCH_SKM": 5.54, "UPLAND_SKM": 5.5, "ENDORHEIC": 0, "DIS_AV_CMS": 0.186, "ORD_STRA": 1, "ORD_CLAS": 3, "ORD_FLOW": 7, "HYBAS_L12": 4121601790.0, "Shape_Length": 0.028094336196359204 }, "geometry": { "type": "MultiLineString", "coordinates": [ [ [ 80.264583333332979, 7.162499999999874 ], [ 80.264583333332979, 7.156249999999893 ], [ 80.268749999999699, 7.152083333333231 ], [ 80.268749999999699, 7.147916666666539 ], [ 80.272916666666362, 7.143749999999876 ], [ 80.277083333333024, 7.147916666666539 ] ] ] } },
{ "type": "Feature", "properties": { "HYRIV_ID": 41404905, "NEXT_DOWN": 41404990, "MAIN_RIV": 41405515, "LENGTH_KM": 0.65, "DIST_DN_KM": 74.0, "DIST_UP_KM": 29.700001, "CATCH_SKM": 0.43, "UPLAND_SKM": 171.2, "ENDORHEIC": 0, "DIS_AV_CMS": 5.5440001, "ORD_STRA": 3, "ORD_CLAS": 2, "ORD_FLOW": 6, "HYBAS_L12": 4121601790.0, "Shape_Length": 0.0058925565098825365 }, "geometry": { "type": "MultiLineString", "coordinates": [ [ [ 80.277083333333024, 7.147916666666539 ], [ 80.281249999999687, 7.143749999999876 ] ] ] } },
{ "type": "Feature", "properties": { "HYRIV_ID": 41404906, "NEXT_DOWN": 41404990, "MAIN_RIV": 41405515, "LENGTH_KM": 2.6500001, "DIST_DN_KM": 74.0, "DIST_UP_KM": 5.1, "CATCH_SKM": 12.57, "UPLAND_SKM": 12.6, "ENDORHEIC": 0, "DIS_AV_CMS": 0.419, "ORD_STRA": 1, "ORD_CLAS": 3, "ORD_FLOW": 7, "HYBAS_L12": 4121601790.0, "Shape_Length": 0.023927669529688007 }, "geometry": { "type": "MultiLineString", "coordinates": [ [ [ 80.293749999999733, 7.162499999999874 ], [ 80.293749999999733, 7.156249999999893 ], [ 80.281249999999687, 7.143749999999876 ] ] ] } },
{ "type": "Feature", "properties": { "HYRIV_ID": 41404949, "NEXT_DOWN": 41404789, "MAIN_RIV": 41405515, "LENGTH_KM": 9.9499998, "DIST_DN_KM": 90.699997, "DIST_UP_KM": 13.1, "CATCH_SKM": 40.900002, "UPLAND_SKM": 40.900002, "ENDORHEIC": 0, "DIS_AV_CMS": 1.382, "ORD_STRA": 1, "ORD_CLAS": 2, "ORD_FLOW": 6, "HYBAS_L12": 4121601790.0, "Shape_Length": 0.089879449216058005 }, "geometry": { "type": "MultiLineString", "coordinates": [ [ [ 80.420833333332922, 7.13125 ], [ 80.397916666666362, 7.13125 ], [ 80.393749999999642, 7.135416666666551 ], [ 80.37708333333299, 7.135416666666551 ], [ 80.372916666666328, 7.139583333333213 ], [ 80.372916666666328, 7.160416666666556 ], [ 80.360416666666282, 7.172916666666573 ] ] ] } },
{ "type": "Feature", "properties": { "HYRIV_ID": 41404964, "NEXT_DOWN": 41405053, "MAIN_RIV": 41405515, "LENGTH_KM": 1.81, "DIST_DN_KM": 77.699997, "DIST_UP_KM": 3.8, "CATCH_SKM": 9.1599998, "UPLAND_SKM": 9.2, "ENDORHEIC": 0, "DIS_AV_CMS": 0.311, "ORD_STRA": 1, "ORD_CLAS": 4, "ORD_FLOW": 7, "HYBAS_L12": 4121158490.0, "Shape_Length": 0.016309223176612507 }, "geometry": { "type": "MultiLineString", "coordinates": [ [ [ 80.327083333332922, 7.141666666666545 ], [ 80.327083333332922, 7.135416666666551 ], [ 80.331249999999642, 7.13125 ], [ 80.331249999999642, 7.127083333333196 ] ] ] } },
{ "type": "Feature", "properties": { "HYRIV_ID": 41404965, "NEXT_DOWN": 41405053, "MAIN_RIV": 41405515, "LENGTH_KM": 1.15, "DIST_DN_KM": 77.699997, "DIST_UP_KM": 3.8, "CATCH_SKM": 5.96, "UPLAND_SKM": 6.0, "ENDORHEIC": 0, "DIS_AV_CMS": 0.205, "ORD_STRA": 1, "ORD_CLAS": 5, "ORD_FLOW": 7, "HYBAS_L12": 4121158490.0, "Shape_Length": 0.010416666666685614 }, "geometry": { "type": "MultiLineString", "coordinates": [ [ [ 80.341666666666328, 7.127083333333196 ], [ 80.331249999999642, 7.127083333333196 ] ] ] } },
{ "type": "Feature", "properties": { "HYRIV_ID": 41404990, "NEXT_DOWN": 41405023, "MAIN_RIV": 41405515, "LENGTH_KM": 2.97, "DIST_DN_KM": 71.099998, "DIST_UP_KM": 32.700001, "CATCH_SKM": 7.6700001, "UPLAND_SKM": 191.5, "ENDORHEIC": 0, "DIS_AV_CMS": 6.204, "ORD_STRA": 3, "ORD_CLAS": 2, "ORD_FLOW": 6, "HYBAS_L12": 4121158490.0, "Shape_Length": 0.026725889843215295 }, "geometry": { "type": "MultiLineString", "coordinates": [ [ [ 80.281249999999687, 7.143749999999876 ], [ 80.281249999999687, 7.122916666666534 ], [ 80.28541666666635, 7.118749999999885 ] ] ] } },
{ "type": "Feature", "properties": { "HYRIV_ID": 41404991, "NEXT_DOWN": 41405023, "MAIN_RIV": 41405515, "LENGTH_KM": 1.9, "DIST_DN_KM": 70.900002, "DIST_UP_KM": 4.5, "CATCH_SKM": 6.39, "UPLAND_SKM": 6.4, "ENDORHEIC": 0, "DIS_AV_CMS": 0.221, "ORD_STRA": 1, "ORD_CLAS": 3, "ORD_FLOW": 7, "HYBAS_L12": 4121158490.0, "Shape_Length": 0.01717216809811525 }, "geometry": { "type": "MultiLineString", "coordinates": [ [ [ 80.295833333332979, 7.129166666666528 ], [ 80.289583333333013, 7.122916666666534 ], [ 80.28541666666635, 7.122916666666534 ], [ 80.28541666666635, 7.118749999999885 ] ] ] } },
{ "type": "Feature", "properties": { "HYRIV_ID": 41405022, "NEXT_DOWN": 41405076, "MAIN_RIV": 41405515, "LENGTH_KM": 5.62, "DIST_DN_KM": 69.599998, "DIST_UP_KM": 7.8, "CATCH_SKM": 14.06, "UPLAND_SKM": 14.1, "ENDORHEIC": 0, "DIS_AV_CMS": 0.48300001, "ORD_STRA": 1, "ORD_CLAS": 3, "ORD_FLOW": 7, "HYBAS_L12": 4121158490.0, "Shape_Length": 0.050653559372946647 }, "geometry": { "type": "MultiLineString", "coordinates": [ [ [ 80.256249999999653, 7.149999999999899 ], [ 80.256249999999653, 7.143749999999876 ], [ 80.260416666666316, 7.139583333333213 ], [ 80.260416666666316, 7.135416666666551 ], [ 80.264583333332979, 7.13125 ], [ 80.268749999999699, 7.13125 ], [ 80.268749999999699, 7.122916666666534 ], [ 80.277083333333024, 7.114583333333222 ], [ 80.277083333333024, 7.110416666666559 ] ] ] } },
{ "type": "Feature", "properties": { "HYRIV_ID": 41405023, "NEXT_DOWN": 41405076, "MAIN_RIV": 41405515, "LENGTH_KM": 1.3, "DIST_DN_KM": 69.800003, "DIST_UP_KM": 34.0, "CATCH_SKM": 2.1300001, "UPLAND_SKM": 200.0, "ENDORHEIC": 0, "DIS_AV_CMS": 6.4920001, "ORD_STRA": 3, "ORD_CLAS": 2, "ORD_FLOW": 6, "HYBAS_L12": 4121158490.0, "Shape_Length": 0.011785113019765073 }, "geometry": { "type": "MultiLineString", "coordinates": [ [ [ 80.28541666666635, 7.118749999999885 ], [ 80.277083333333024, 7.110416666666559 ] ] ] } },
{ "type": "Feature", "properties": { "HYRIV_ID": 41405053, "NEXT_DOWN": 41405155, "MAIN_RIV": 41405515, "LENGTH_KM": 2.97, "DIST_DN_KM": 74.800003, "DIST_UP_KM": 6.8, "CATCH_SKM": 8.5200005, "UPLAND_SKM": 23.6, "ENDORHEIC": 0, "DIS_AV_CMS": 0.81199998, "ORD_STRA": 2, "ORD_CLAS": 4, "ORD_FLOW": 7, "HYBAS_L12": 4121158490.0, "Shape_Length": 0.026725889843211132 }, "geometry": { "type": "MultiLineString", "coordinates": [ [ [ 80.331249999999642, 7.127083333333196 ], [ 80.331249999999642, 7.118749999999885 ], [ 80.335416666666305, 7.114583333333222 ], [ 80.335416666666305, 7.102083333333205 ] ] ] } },
{ "type": "Feature", "properties": { "HYRIV_ID": 41405076, "NEXT_DOWN": 41405138, "MAIN_RIV": 41405515, "LENGTH_KM": 1.39, "DIST_DN_KM": 68.199997, "DIST_UP_KM": 35.599998, "CATCH_SKM": 4.0500002, "UPLAND_SKM": 218.10001, "ENDORHEIC": 0, "DIS_AV_CMS": 7.1059999, "ORD_STRA": 3, "ORD_CLAS": 2, "ORD_FLOW": 6, "HYBAS_L12": 4121158490.0, "Shape_Length": 0.012500000000017053 }, "geometry": { "type": "MultiLineString", "coordinates": [ [ [ 80.277083333333024, 7.110416666666559 ], [ 80.277083333333024, 7.097916666666542 ] ] ] } },
{ "type": "Feature", "properties": { "HYRIV_ID": 41405077, "NEXT_DOWN": 41405138, "MAIN_RIV": 41405515, "LENGTH_KM": 3.57, "DIST_DN_KM": 68.199997, "DIST_UP_KM": 5.8, "CATCH_SKM": 7.0300002, "UPLAND_SKM": 7.0, "ENDORHEIC": 0, "DIS_AV_CMS": 0.248, "ORD_STRA": 1, "ORD_CLAS": 3, "ORD_FLOW": 7, "HYBAS_L12": 4121158490.0, "Shape_Length": 0.032261002862965238 }, "geometry": { "type": "MultiLineString", "coordinates": [ [ [ 80.299999999999642, 7.10625 ], [ 80.293749999999733, 7.10625 ], [ 80.293749999999733, 7.102083333333205 ], [ 80.289583333333013, 7.097916666666542 ], [ 80.28541666666635, 7.102083333333205 ], [ 80.281249999999687, 7.097916666666542 ], [ 80.277083333333024, 7.097916666666542 ] ] ] } },
{ "type": "Feature", "properties": { "HYRIV_ID": 41405078, "NEXT_DOWN": 41405155, "MAIN_RIV": 41405515, "LENGTH_KM": 1.11, "DIST_DN_KM": 75.0, "DIST_UP_KM": 14.0, "CATCH_SKM": 1.06, "UPLAND_SKM": 41.3, "ENDORHEIC": 0, "DIS_AV_CMS": 1.452, "ORD_STRA": 2, "ORD_CLAS": 3, "ORD_FLOW": 6, "HYBAS_L12": 4121158490.0, "Shape_Length": 0.010059223176545413 }, "geometry": { "type": "MultiLineString", "coordinates": [ [ [ 80.343749999999631, 7.097916666666542 ], [ 80.339583333332968, 7.097916666666542 ], [ 80.335416666666305, 7.102083333333205 ] ] ] } },
{ "type": "Feature", "properties": { "HYRIV_ID": 41405095, "NEXT_DOWN": 41405078, "MAIN_RIV": 41405515, "LENGTH_KM": 0.69, "DIST_DN_KM": 75.900002, "DIST_UP_KM": 2.7, "CATCH_SKM": 4.6900001, "UPLAND_SKM": 4.7, "ENDORHEIC": 0, "DIS_AV_CMS": 0.169, "ORD_STRA": 1, "ORD_CLAS": 4, "ORD_FLOW": 7, "HYBAS_L12": 4121158490.0, "Shape_Length": 0.0062499999999801048 }, "geometry": { "type": "MultiLineString", "coordinates": [ [ [ 80.343749999999631, 7.091666666666562 ], [ 80.343749999999631, 7.097916666666542 ] ] ] } },
{ "type": "Feature", "properties": { "HYRIV_ID": 41405096, "NEXT_DOWN": 41405078, "MAIN_RIV": 41405515, "LENGTH_KM": 11.04, "DIST_DN_KM": 75.900002, "DIST_UP_KM": 13.1, "CATCH_SKM": 35.57, "UPLAND_SKM": 35.599998, "ENDORHEIC": 0, "DIS_AV_CMS": 1.247, "ORD_STRA": 1, "ORD_CLAS": 3, "ORD_FLOW": 6, "HYBAS_L12": 4121158490.0, "Shape_Length": 0.099938672392634986 }, "geometry": { "type": "MultiLineString", "coordinates": [ [ [ 80.433333333332968, 7.097916666666542 ], [ 80.414583333333013, 7.097916666666542 ], [ 80.41041666666635, 7.093749999999893 ], [ 80.406249999999687, 7.097916666666542 ], [ 80.402083333333024, 7.097916666666542 ], [ 80.397916666666362, 7.102083333333205 ], [ 80.389583333332979, 7.102083333333205 ], [ 80.385416666666316, 7.097916666666542 ], [ 80.37708333333299, 7.097916666666542 ], [ 80.372916666666328, 7.102083333333205 ], [ 80.356249999999619, 7.102083333333205 ], [ 80.352083333332956, 7.097916666666542 ], [ 80.343749999999631, 7.097916666666542 ] ] ] } },
{ "type": "Feature", "properties": { "HYRIV_ID": 41405137, "NEXT_DOWN": 41405171, "MAIN_RIV": 41405515, "LENGTH_KM": 1.15, "DIST_DN_KM": 66.099998, "DIST_UP_KM": 4.3, "CATCH_SKM": 4.2600002, "UPLAND_SKM": 4.3, "ENDORHEIC": 0, "DIS_AV_CMS": 0.153, "ORD_STRA": 1, "ORD_CLAS": 3, "ORD_FLOW": 7, "HYBAS_L12": 4121158490.0, "Shape_Length": 0.010416666666557717 }, "geometry": { "type": "MultiLineString", "coordinates": [ [ [ 80.266666666666453, 7.085416666666568 ], [ 80.272916666666362, 7.085416666666568 ], [ 80.272916666666362, 7.08125 ] ] ] } },
{ "type": "Feature", "properties": { "HYRIV_ID": 41405138, "NEXT_DOWN": 41405171, "MAIN_RIV": 41405515, "LENGTH_KM": 2.04, "DIST_DN_KM": 66.300003, "DIST_UP_KM": 37.400002, "CATCH_SKM": 3.62, "UPLAND_SKM": 228.7, "ENDORHEIC": 0, "DIS_AV_CMS": 7.467, "ORD_STRA": 3, "ORD_CLAS": 2, "ORD_FLOW": 6, "HYBAS_L12": 4121158490.0, "Shape_Length": 0.018392556509846909 }, "geometry": { "type": "MultiLineString", "coordinates": [ [ [ 80.277083333333024, 7.097916666666542 ], [ 80.277083333333024, 7.085416666666568 ], [ 80.272916666666362, 7.08125 ] ] ] } },
{ "type": "Feature", "properties": { "HYRIV_ID": 41405155, "NEXT_DOWN": 41405205, "MAIN_RIV": 41405515, "LENGTH_KM": 6.21, "DIST_DN_KM": 68.699997, "DIST_UP_KM": 20.200001, "CATCH_SKM": 17.889999, "UPLAND_SKM": 82.900002, "ENDORHEIC": 0, "DIS_AV_CMS": 2.8900001, "ORD_STRA": 3, "ORD_CLAS": 3, "ORD_FLOW": 6, "HYBAS_L12": 4121158490.0, "Shape_Length": 0.056188672392569708 }, "geometry": { "type": "MultiLineString", "coordinates": [ [ [ 80.335416666666305, 7.102083333333205 ], [ 80.331249999999642, 7.102083333333205 ], [ 80.327083333332922, 7.097916666666542 ], [ 80.32291666666643, 7.097916666666542 ], [ 80.310416666666271, 7.085416666666568 ], [ 80.302083333332945, 7.085416666666568 ], [ 80.297916666666396, 7.08125 ], [ 80.293749999999733, 7.08125 ], [ 80.289583333333013, 7.077083333333213 ] ] ] } },
{ "type": "Feature", "properties": { "HYRIV_ID": 41405156, "NEXT_DOWN": 41405172, "MAIN_RIV": 41405515, "LENGTH_KM": 2.82, "DIST_DN_KM": 86.699997, "DIST_UP_KM": 4.3, "CATCH_SKM": 7.6700001, "UPLAND_SKM": 7.7, "ENDORHEIC": 0, "DIS_AV_CMS": 0.271, "ORD_STRA": 1, "ORD_CLAS": 3, "ORD_FLOW": 7, "HYBAS_L12": 4121158500.0, "Shape_Length": 0.025505501431555701 }, "geometry": { "type": "MultiLineString", "coordinates": [ [ [ 80.458333333333002, 7.083333333333236 ], [ 80.452083333332922, 7.077083333333213 ], [ 80.435416666666271, 7.077083333333213 ] ] ] } },
{ "type": "Feature", "properties": { "HYRIV_ID": 41405171, "NEXT_DOWN": 41405253, "MAIN_RIV": 41405515, "LENGTH_KM": 1.12, "DIST_DN_KM": 65.199997, "DIST_UP_KM": 38.5, "CATCH_SKM": 1.28, "UPLAND_SKM": 234.3, "ENDORHEIC": 0, "DIS_AV_CMS": 7.6570001, "ORD_STRA": 3, "ORD_CLAS": 2, "ORD_FLOW": 6, "HYBAS_L12": 4121158490.0, "Shape_Length": 0.010059223176588045 }, "geometry": { "type": "MultiLineString", "coordinates": [ [ [ 80.272916666666362, 7.08125 ], [ 80.272916666666362, 7.077083333333213 ], [ 80.268749999999699, 7.072916666666551 ] ] ] } },
{ "type": "Feature", "properties": { "HYRIV_ID": 41405172, "NEXT_DOWN": 41405292, "MAIN_RIV": 41405515, "LENGTH_KM": 1.11, "DIST_DN_KM": 85.800003, "DIST_UP_KM": 6.9, "CATCH_SKM": 2.1300001, "UPLAND_SKM": 19.4, "ENDORHEIC": 0, "DIS_AV_CMS": 0.69, "ORD_STRA": 2, "ORD_CLAS": 2, "ORD_FLOW": 7, "HYBAS_L12": 4121158500.0, "Shape_Length": 0.010059223176465026 }, "geometry": { "type": "MultiLineString", "coordinates": [ [ [ 80.435416666666271, 7.077083333333213 ], [ 80.431249999999608, 7.077083333333213 ], [ 80.427083333333059, 7.072916666666551 ] ] ] } },
{ "type": "Feature", "properties": { "HYRIV_ID": 41405180, "NEXT_DOWN": 41405205, "MAIN_RIV": 41405515, "LENGTH_KM": 1.9, "DIST_DN_KM": 68.5, "DIST_UP_KM": 3.6, "CATCH_SKM": 5.54, "UPLAND_SKM": 5.5, "ENDORHEIC": 0, "DIS_AV_CMS": 0.205, "ORD_STRA": 1, "ORD_CLAS": 4, "ORD_FLOW": 7, "HYBAS_L12": 4121158490.0, "Shape_Length": 0.017172168098136063 }, "geometry": { "type": "MultiLineString", "coordinates": [ [ [ 80.299999999999642, 7.066666666666571 ], [ 80.293749999999733, 7.072916666666551 ], [ 80.293749999999733, 7.077083333333213 ], [ 80.289583333333013, 7.077083333333213 ] ] ] } },
{ "type": "Feature", "properties": { "HYRIV_ID": 41405181, "NEXT_DOWN": 41405292, "MAIN_RIV": 41405515, "LENGTH_KM": 0.69, "DIST_DN_KM": 85.599998, "DIST_UP_KM": 2.9, "CATCH_SKM": 3.83, "UPLAND_SKM": 3.8, "ENDORHEIC": 0, "DIS_AV_CMS": 0.139, "ORD_STRA": 1, "ORD_CLAS": 3, "ORD_FLOW": 7, "HYBAS_L12": 4121158500.0, "Shape_Length": 0.0062499999999801048 }, "geometry": { "type": "MultiLineString", "coordinates": [ [ [ 80.427083333333059, 7.066666666666571 ], [ 80.427083333333059, 7.072916666666551 ] ] ] } },
{ "type": "Feature", "properties": { "HYRIV_ID": 41405203, "NEXT_DOWN": 41405252, "MAIN_RIV": 41405515, "LENGTH_KM": 4.3, "DIST_DN_KM": 64.199997, "DIST_UP_KM": 5.8, "CATCH_SKM": 11.08, "UPLAND_SKM": 11.1, "ENDORHEIC": 0, "DIS_AV_CMS": 0.40200001, "ORD_STRA": 1, "ORD_CLAS": 4, "ORD_FLOW": 7, "HYBAS_L12": 4121158490.0, "Shape_Length": 0.038868446353061289 }, "geometry": { "type": "MultiLineString", "coordinates": [ [ [ 80.220833333333047, 7.08125 ], [ 80.239583333332945, 7.08125 ], [ 80.239583333332945, 7.077083333333213 ], [ 80.247916666666328, 7.06875 ], [ 80.247916666666328, 7.064583333333239 ] ] ] } },
{ "type": "Feature", "properties": { "HYRIV_ID": 41405204, "NEXT_DOWN": 41405252, "MAIN_RIV": 41405515, "LENGTH_KM": 8.79, "DIST_DN_KM": 64.400002, "DIST_UP_KM": 9.7, "CATCH_SKM": 18.75, "UPLAND_SKM": 18.700001, "ENDORHEIC": 0, "DIS_AV_CMS": 0.66100001, "ORD_STRA": 1, "ORD_CLAS": 3, "ORD_FLOW": 7, "HYBAS_L12": 4121158490.0, "Shape_Length": 0.079253397000614997 }, "geometry": { "type": "MultiLineString", "coordinates": [ [ [ 80.229166666666373, 7.129166666666528 ], [ 80.235416666666282, 7.122916666666534 ], [ 80.235416666666282, 7.118749999999885 ], [ 80.239583333332945, 7.114583333333222 ], [ 80.239583333332945, 7.10625 ], [ 80.243749999999665, 7.102083333333205 ], [ 80.243749999999665, 7.093749999999893 ], [ 80.247916666666328, 7.089583333333231 ], [ 80.247916666666328, 7.085416666666568 ], [ 80.25208333333299, 7.08125 ], [ 80.247916666666328, 7.077083333333213 ], [ 80.25208333333299, 7.072916666666551 ], [ 80.25208333333299, 7.06875 ], [ 80.247916666666328, 7.064583333333239 ] ] ] } },
{ "type": "Feature", "properties": { "HYRIV_ID": 41405205, "NEXT_DOWN": 41405253, "MAIN_RIV": 41405515, "LENGTH_KM": 3.53, "DIST_DN_KM": 65.199997, "DIST_UP_KM": 23.8, "CATCH_SKM": 8.5200005, "UPLAND_SKM": 96.900002, "ENDORHEIC": 0, "DIS_AV_CMS": 3.3989999, "ORD_STRA": 3, "ORD_CLAS": 3, "ORD_FLOW": 6, "HYBAS_L12": 4121158490.0, "Shape_Length": 0.031903559372831639 }, "geometry": { "type": "MultiLineString", "coordinates": [ [ [ 80.289583333333013, 7.077083333333213 ], [ 80.28541666666635, 7.072916666666551 ], [ 80.28541666666635, 7.06875 ], [ 80.281249999999687, 7.064583333333239 ], [ 80.277083333333024, 7.064583333333239 ], [ 80.268749999999699, 7.072916666666551 ] ] ] } },
{ "type": "Feature", "properties": { "HYRIV_ID": 41405222, "NEXT_DOWN": 41405172, "MAIN_RIV": 41405515, "LENGTH_KM": 2.9200001, "DIST_DN_KM": 86.900002, "DIST_UP_KM": 5.8, "CATCH_SKM": 9.5900002, "UPLAND_SKM": 9.6, "ENDORHEIC": 0, "DIS_AV_CMS": 0.345, "ORD_STRA": 1, "ORD_CLAS": 2, "ORD_FLOW": 7, "HYBAS_L12": 4121158500.0, "Shape_Length": 0.026368446353186345 }, "geometry": { "type": "MultiLineString", "coordinates": [ [ [ 80.449999999999676, 7.060416666666534 ], [ 80.443749999999596, 7.060416666666534 ], [ 80.439583333333047, 7.064583333333239 ], [ 80.439583333333047, 7.072916666666551 ], [ 80.435416666666271, 7.077083333333213 ] ] ] } },
{ "type": "Feature", "properties": { "HYRIV_ID": 41405252, "NEXT_DOWN": 41405291, "MAIN_RIV": 41405515, "LENGTH_KM": 2.04, "DIST_DN_KM": 62.099998, "DIST_UP_KM": 11.9, "CATCH_SKM": 2.77, "UPLAND_SKM": 32.599998, "ENDORHEIC": 0, "DIS_AV_CMS": 1.163, "ORD_STRA": 2, "ORD_CLAS": 3, "ORD_FLOW": 6, "HYBAS_L12": 4121158490.0, "Shape_Length": 0.018392556509899589 }, "geometry": { "type": "MultiLineString", "coordinates": [ [ [ 80.247916666666328, 7.064583333333239 ], [ 80.247916666666328, 7.056249999999885 ], [ 80.25208333333299, 7.052083333333222 ], [ 80.256249999999653, 7.052083333333222 ] ] ] } },
{ "type": "Feature", "properties": { "HYRIV_ID": 41405253, "NEXT_DOWN": 41405291, "MAIN_RIV": 41405515, "LENGTH_KM": 2.8800001, "DIST_DN_KM": 62.099998, "DIST_UP_KM": 41.599998, "CATCH_SKM": 5.96, "UPLAND_SKM": 337.20001, "ENDORHEIC": 0, "DIS_AV_CMS": 11.244, "ORD_STRA": 4, "ORD_CLAS": 2, "ORD_FLOW": 5, "HYBAS_L12": 4121158490.0, "Shape_Length": 0.026011002863023606 }, "geometry": { "type": "MultiLineString", "coordinates": [ [ [ 80.268749999999699, 7.072916666666551 ], [ 80.264583333332979, 7.06875 ], [ 80.264583333332979, 7.064583333333239 ], [ 80.256249999999653, 7.056249999999885 ], [ 80.256249999999653, 7.052083333333222 ] ] ] } },
{ "type": "Feature", "properties": { "HYRIV_ID": 41405291, "NEXT_DOWN": 41405312, "MAIN_RIV": 41405515, "LENGTH_KM": 1.58, "DIST_DN_KM": 60.599998, "DIST_UP_KM": 43.200001, "CATCH_SKM": 2.34, "UPLAND_SKM": 372.10001, "ENDORHEIC": 0, "DIS_AV_CMS": 12.474, "ORD_STRA": 4, "ORD_CLAS": 2, "ORD_FLOW": 5, "HYBAS_L12": 4121158490.0, "Shape_Length": 0.014225889843194079 }, "geometry": { "type": "MultiLineString", "coordinates": [ [ [ 80.256249999999653, 7.052083333333222 ], [ 80.256249999999653, 7.047916666666559 ], [ 80.25208333333299, 7.043749999999896 ], [ 80.25208333333299, 7.039583333333248 ] ] ] } },
{ "type": "Feature", "properties": { "HYRIV_ID": 41405292, "NEXT_DOWN": 41405336, "MAIN_RIV": 41405515, "LENGTH_KM": 15.19, "DIST_DN_KM": 70.599998, "DIST_UP_KM": 22.1, "CATCH_SKM": 47.93, "UPLAND_SKM": 71.199997, "ENDORHEIC": 0, "DIS_AV_CMS": 2.56, "ORD_STRA": 2, "ORD_CLAS": 2, "ORD_FLOW": 6, "HYBAS_L12": 4121158500.0, "Shape_Length": 0.13737734478537045 }, "geometry": { "type": "MultiLineString", "coordinates": [ [ [ 80.427083333333059, 7.072916666666551 ], [ 80.422916666666396, 7.077083333333213 ], [ 80.418749999999676, 7.077083333333213 ], [ 80.414583333333013, 7.072916666666551 ], [ 80.397916666666362, 7.072916666666551 ], [ 80.393749999999642, 7.06875 ], [ 80.381249999999653, 7.06875 ], [ 80.37708333333299, 7.064583333333239 ], [ 80.364583333332945, 7.064583333333239 ], [ 80.360416666666282, 7.060416666666534 ], [ 80.356249999999619, 7.060416666666534 ], [ 80.352083333332956, 7.056249999999885 ], [ 80.343749999999631, 7.056249999999885 ], [ 80.339583333332968, 7.060416666666534 ], [ 80.331249999999642, 7.060416666666534 ], [ 80.310416666666271, 7.039583333333248 ] ] ] } },
{ "type": "Feature", "properties": { "HYRIV_ID": 41405308, "NEXT_DOWN": 41405397, "MAIN_RIV": 41405515, "LENGTH_KM": 0.69, "DIST_DN_KM": 49.3, "DIST_UP_KM": 2.7, "CATCH_SKM": 3.2, "UPLAND_SKM": 3.2, "ENDORHEIC": 0, "DIS_AV_CMS": 0.119, "ORD_STRA": 1, "ORD_CLAS": 4, "ORD_FLOW": 7, "HYBAS_L12": 4121601910.0, "Shape_Length": 0.0062499999999090505 }, "geometry": { "type": "MultiLineString", "coordinates": [ [ [ 80.108333333333093, 7.035416666666542 ], [ 80.114583333333002, 7.035416666666542 ] ] ] } },
{ "type": "Feature", "properties": { "HYRIV_ID": 41405309, "NEXT_DOWN": 41405397, "MAIN_RIV": 41405515, "LENGTH_KM": 2.55, "DIST_DN_KM": 49.3, "DIST_UP_KM": 4.6, "CATCH_SKM": 8.7299995, "UPLAND_SKM": 8.7, "ENDORHEIC": 0, "DIS_AV_CMS": 0.317, "ORD_STRA": 1, "ORD_CLAS": 3, "ORD_FLOW": 7, "HYBAS_L12": 4121601910.0, "Shape_Length": 0.022916666666660035 }, "geometry": { "type": "MultiLineString", "coordinates": [ [ [ 80.114583333333002, 7.058333333333202 ], [ 80.114583333333002, 7.035416666666542 ] ] ] } },
{ "type": "Feature", "properties": { "HYRIV_ID": 41405310, "NEXT_DOWN": 41405397, "MAIN_RIV": 41405515, "LENGTH_KM": 3.31, "DIST_DN_KM": 49.5, "DIST_UP_KM": 6.0, "CATCH_SKM": 10.65, "UPLAND_SKM": 10.7, "ENDORHEIC": 0, "DIS_AV_CMS": 0.389, "ORD_STRA": 1, "ORD_CLAS": 2, "ORD_FLOW": 7, "HYBAS_L12": 4121601910.0, "Shape_Length": 0.02982022603953035 }, "geometry": { "type": "MultiLineString", "coordinates": [ [ [ 80.131249999999653, 7.058333333333202 ], [ 80.131249999999653, 7.052083333333222 ], [ 80.114583333333002, 7.035416666666542 ] ] ] } },
{ "type": "Feature", "properties": { "HYRIV_ID": 41405311, "NEXT_DOWN": 41405352, "MAIN_RIV": 41405515, "LENGTH_KM": 3.48, "DIST_DN_KM": 59.900002, "DIST_UP_KM": 6.5, "CATCH_SKM": 7.6700001, "UPLAND_SKM": 7.7, "ENDORHEIC": 0, "DIS_AV_CMS": 0.28600001, "ORD_STRA": 1, "ORD_CLAS": 2, "ORD_FLOW": 7, "HYBAS_L12": 4121158530.0, "Shape_Length": 0.031398057941376942 }, "geometry": { "type": "MultiLineString", "coordinates": [ [ [ 80.233333333333036, 7.058333333333202 ], [ 80.239583333332945, 7.052083333333222 ], [ 80.243749999999665, 7.052083333333222 ], [ 80.243749999999665, 7.043749999999896 ], [ 80.247916666666328, 7.039583333333248 ], [ 80.247916666666328, 7.035416666666542 ] ] ] } },
{ "type": "Feature", "properties": { "HYRIV_ID": 41405312, "NEXT_DOWN": 41405352, "MAIN_RIV": 41405515, "LENGTH_KM": 0.65, "DIST_DN_KM": 60.099998, "DIST_UP_KM": 77.800003, "CATCH_SKM": 1.49, "UPLAND_SKM": 1056.6, "ENDORHEIC": 0, "DIS_AV_CMS": 41.217999, "ORD_STRA": 5, "ORD_CLAS": 1, "ORD_FLOW": 5, "HYBAS_L12": 4121158530.0, "Shape_Length": 0.0058925565099126826 }, "geometry": { "type": "MultiLineString", "coordinates": [ [ [ 80.25208333333299, 7.039583333333248 ], [ 80.247916666666328, 7.035416666666542 ] ] ] } },
{ "type": "Feature", "properties": { "HYRIV_ID": 41405324, "NEXT_DOWN": 41405336, "MAIN_RIV": 41405515, "LENGTH_KM": 2.9200001, "DIST_DN_KM": 70.400002, "DIST_UP_KM": 5.6, "CATCH_SKM": 7.6700001, "UPLAND_SKM": 7.7, "ENDORHEIC": 0, "DIS_AV_CMS": 0.29100001, "ORD_STRA": 1, "ORD_CLAS": 3, "ORD_FLOW": 7, "HYBAS_L12": 4121158500.0, "Shape_Length": 0.026368446353183903 }, "geometry": { "type": "MultiLineString", "coordinates": [ [ [ 80.333333333333002, 7.031249999999879 ], [ 80.32291666666643, 7.031249999999879 ], [ 80.314583333333047, 7.039583333333248 ], [ 80.310416666666271, 7.039583333333248 ] ] ] } },
{ "type": "Feature", "properties": { "HYRIV_ID": 41405336, "NEXT_DOWN": 41405354, "MAIN_RIV": 41405515, "LENGTH_KM": 2.96, "DIST_DN_KM": 67.599998, "DIST_UP_KM": 25.1, "CATCH_SKM": 5.1100001, "UPLAND_SKM": 83.900002, "ENDORHEIC": 0, "DIS_AV_CMS": 3.036, "ORD_STRA": 2, "ORD_CLAS": 2, "ORD_FLOW": 6, "HYBAS_L12": 4121158500.0, "Shape_Length": 0.026725889843115819 }, "geometry": { "type": "MultiLineString", "coordinates": [ [ [ 80.310416666666271, 7.039583333333248 ], [ 80.310416666666271, 7.031249999999879 ], [ 80.297916666666396, 7.031249999999879 ], [ 80.293749999999733, 7.027083333333231 ] ] ] } },
{ "type": "Feature", "properties": { "HYRIV_ID": 41405351, "NEXT_DOWN": 41405377, "MAIN_RIV": 41405515, "LENGTH_KM": 2.27, "DIST_DN_KM": 57.3, "DIST_UP_KM": 5.1, "CATCH_SKM": 5.33, "UPLAND_SKM": 5.3, "ENDORHEIC": 0, "DIS_AV_CMS": 0.20200001, "ORD_STRA": 1, "ORD_CLAS": 2, "ORD_FLOW": 7, "HYBAS_L12": 4121158530.0, "Shape_Length": 0.020475889843231027 }, "geometry": { "type": "MultiLineString", "coordinates": [ [ [ 80.227083333332956, 7.037499999999874 ], [ 80.227083333332956, 7.027083333333231 ], [ 80.231249999999619, 7.022916666666568 ], [ 80.231249999999619, 7.018749999999862 ] ] ] } },
{ "type": "Feature", "properties": { "HYRIV_ID": 41405352, "NEXT_DOWN": 41405377, "MAIN_RIV": 41405515, "LENGTH_KM": 2.61, "DIST_DN_KM": 57.5, "DIST_UP_KM": 80.400002, "CATCH_SKM": 4.9, "UPLAND_SKM": 1069.1, "ENDORHEIC": 0, "DIS_AV_CMS": 41.598999, "ORD_STRA": 5, "ORD_CLAS": 1, "ORD_FLOW": 5, "HYBAS_L12": 4121158530.0, "Shape_Length": 0.023570226039590438 }, "geometry": { "type": "MultiLineString", "coordinates": [ [ [ 80.247916666666328, 7.035416666666542 ], [ 80.231249999999619, 7.018749999999862 ] ] ] } },
{ "type": "Feature", "properties": { "HYRIV_ID": 41405353, "NEXT_DOWN": 41405312, "MAIN_RIV": 41405515, "LENGTH_KM": 2.8800001, "DIST_DN_KM": 60.700001, "DIST_UP_KM": 77.099998, "CATCH_SKM": 6.1799998, "UPLAND_SKM": 683.0, "ENDORHEIC": 0, "DIS_AV_CMS": 28.709999, "ORD_STRA": 4, "ORD_CLAS": 1, "ORD_FLOW": 5, "HYBAS_L12": 4121158500.0, "Shape_Length": 0.026011002863023606 }, "geometry": { "type": "MultiLineString", "coordinates": [ [ [ 80.264583333332979, 7.018749999999862 ], [ 80.260416666666316, 7.022916666666568 ], [ 80.260416666666316, 7.027083333333231 ], [ 80.256249999999653, 7.031249999999879 ], [ 80.256249999999653, 7.035416666666542 ], [ 80.25208333333299, 7.039583333333248 ] ] ] } },
{ "type": "Feature", "properties": { "HYRIV_ID": 41405354, "NEXT_DOWN": 41405353, "MAIN_RIV": 41405515, "LENGTH_KM": 3.99, "DIST_DN_KM": 63.599998, "DIST_UP_KM": 74.199997, "CATCH_SKM": 9.5900002, "UPLAND_SKM": 638.0, "ENDORHEIC": 0, "DIS_AV_CMS": 26.957001, "ORD_STRA": 4, "ORD_CLAS": 1, "ORD_FLOW": 5, "HYBAS_L12": 4121158500.0, "Shape_Length": 0.036070226039625862 }, "geometry": { "type": "MultiLineString", "coordinates": [ [ [ 80.293749999999733, 7.027083333333231 ], [ 80.289583333333013, 7.027083333333231 ], [ 80.28541666666635, 7.031249999999879 ], [ 80.281249999999687, 7.027083333333231 ], [ 80.272916666666362, 7.027083333333231 ], [ 80.264583333332979, 7.018749999999862 ] ] ] } },
{ "type": "Feature", "properties": { "HYRIV_ID": 41405362, "NEXT_DOWN": 41405379, "MAIN_RIV": 41405515, "LENGTH_KM": 0.69, "DIST_DN_KM": 75.900002, "DIST_UP_KM": 2.9, "CATCH_SKM": 3.83, "UPLAND_SKM": 3.8, "ENDORHEIC": 0, "DIS_AV_CMS": 0.146, "ORD_STRA": 1, "ORD_CLAS": 2, "ORD_FLOW": 7, "HYBAS_L12": 4121601880.0, "Shape_Length": 0.0062499999999801048 }, "geometry": { "type": "MultiLineString", "coordinates": [ [ [ 80.352083333332956, 7.020833333333236 ], [ 80.352083333332956, 7.014583333333256 ] ] ] } },
{ "type": "Feature", "properties": { "HYRIV_ID": 41405363, "NEXT_DOWN": 41405379, "MAIN_RIV": 41405515, "LENGTH_KM": 0.69, "DIST_DN_KM": 75.900002, "DIST_UP_KM": 2.5, "CATCH_SKM": 3.83, "UPLAND_SKM": 3.8, "ENDORHEIC": 0, "DIS_AV_CMS": 0.147, "ORD_STRA": 1, "ORD_CLAS": 3, "ORD_FLOW": 7, "HYBAS_L12": 4121601880.0, "Shape_Length": 0.0062499999999658939 }, "geometry": { "type": "MultiLineString", "coordinates": [ [ [ 80.358333333332922, 7.014583333333256 ], [ 80.352083333332956, 7.014583333333256 ] ] ] } },
{ "type": "Feature", "properties": { "HYRIV_ID": 41405364, "NEXT_DOWN": 41405381, "MAIN_RIV": 41405515, "LENGTH_KM": 3.31, "DIST_DN_KM": 86.0, "DIST_UP_KM": 4.8, "CATCH_SKM": 8.3100004, "UPLAND_SKM": 8.3, "ENDORHEIC": 0, "DIS_AV_CMS": 0.306, "ORD_STRA": 1, "ORD_CLAS": 3, "ORD_FLOW": 7, "HYBAS_L12": 4121601880.0, "Shape_Length": 0.02982022603946417 }, "geometry": { "type": "MultiLineString", "coordinates": [ [ [ 80.435416666666271, 7.037499999999874 ], [ 80.435416666666271, 7.031249999999879 ], [ 80.418749999999676, 7.014583333333256 ] ] ] } },
{ "type": "Feature", "properties": { "HYRIV_ID": 41405375, "NEXT_DOWN": 41405516, "MAIN_RIV": 41405515, "LENGTH_KM": 2.73, "DIST_DN_KM": 7.0, "DIST_UP_KM": 4.9, "CATCH_SKM": 11.08, "UPLAND_SKM": 11.1, "ENDORHEIC": 0, "DIS_AV_CMS": 0.389, "ORD_STRA": 1, "ORD_CLAS": 3, "ORD_FLOW": 7, "HYBAS_L12": 4120049050.0, "Shape_Length": 0.024642556509910554 }, "geometry": { "type": "MultiLineString", "coordinates": [ [ [ 79.918749999999619, 7.029166666666562 ], [ 79.918749999999619, 7.018749999999862 ], [ 79.914583333332956, 7.014583333333256 ], [ 79.914583333332956, 7.010416666666551 ], [ 79.910416666666293, 7.010416666666551 ] ] ] } },
{ "type": "Feature", "properties": { "HYRIV_ID": 41405376, "NEXT_DOWN": 41405434, "MAIN_RIV": 41405515, "LENGTH_KM": 1.9, "DIST_DN_KM": 56.200001, "DIST_UP_KM": 4.2, "CATCH_SKM": 4.9, "UPLAND_SKM": 4.9, "ENDORHEIC": 0, "DIS_AV_CMS": 0.188, "ORD_STRA": 1, "ORD_CLAS": 2, "ORD_FLOW": 7, "HYBAS_L12": 4121158530.0, "Shape_Length": 0.017172168098121852 }, "geometry": { "type": "MultiLineString", "coordinates": [ [ [ 80.216666666666384, 7.020833333333236 ], [ 80.222916666666293, 7.014583333333256 ], [ 80.227083333332956, 7.014583333333256 ], [ 80.227083333332956, 7.010416666666551 ] ] ] } },
{ "type": "Feature", "properties": { "HYRIV_ID": 41405377, "NEXT_DOWN": 41405434, "MAIN_RIV": 41405515, "LENGTH_KM": 1.12, "DIST_DN_KM": 56.400002, "DIST_UP_KM": 81.5, "CATCH_SKM": 3.4100001, "UPLAND_SKM": 1077.9, "ENDORHEIC": 0, "DIS_AV_CMS": 41.887001, "ORD_STRA": 5, "ORD_CLAS": 1, "ORD_FLOW": 5, "HYBAS_L12": 4121158530.0, "Shape_Length": 0.010059223176518715 }, "geometry": { "type": "MultiLineString", "coordinates": [ [ [ 80.231249999999619, 7.018749999999862 ], [ 80.231249999999619, 7.014583333333256 ], [ 80.227083333332956, 7.010416666666551 ] ] ] } },
{ "type": "Feature", "properties": { "HYRIV_ID": 41405378, "NEXT_DOWN": 41405354, "MAIN_RIV": 41405515, "LENGTH_KM": 4.1900001, "DIST_DN_KM": 67.599998, "DIST_UP_KM": 70.199997, "CATCH_SKM": 8.5200005, "UPLAND_SKM": 544.5, "ENDORHEIC": 0, "DIS_AV_CMS": 23.653999, "ORD_STRA": 4, "ORD_CLAS": 1, "ORD_FLOW": 5, "HYBAS_L12": 4121158500.0, "Shape_Length": 0.037796115882784226 }, "geometry": { "type": "MultiLineString", "coordinates": [ [ [ 80.318749999999596, 7.010416666666551 ], [ 80.314583333333047, 7.014583333333256 ], [ 80.310416666666271, 7.014583333333256 ], [ 80.306249999999608, 7.010416666666551 ], [ 80.297916666666396, 7.018749999999862 ], [ 80.297916666666396, 7.022916666666568 ], [ 80.293749999999733, 7.027083333333231 ] ] ] } },
{ "type": "Feature", "properties": { "HYRIV_ID": 41405379, "NEXT_DOWN": 41405378, "MAIN_RIV": 41405515, "LENGTH_KM": 4.2600002, "DIST_DN_KM": 71.800003, "DIST_UP_KM": 7.0, "CATCH_SKM": 7.2399998, "UPLAND_SKM": 14.9, "ENDORHEIC": 0, "DIS_AV_CMS": 0.57200003, "ORD_STRA": 2, "ORD_CLAS": 2, "ORD_FLOW": 7, "HYBAS_L12": 4121601880.0, "Shape_Length": 0.038511002863092628 }, "geometry": { "type": "MultiLineString", "coordinates": [ [ [ 80.352083333332956, 7.014583333333256 ], [ 80.331249999999642, 7.014583333333256 ], [ 80.327083333332922, 7.010416666666551 ], [ 80.32291666666643, 7.014583333333256 ], [ 80.318749999999596, 7.010416666666551 ] ] ] } },
{ "type": "Feature", "properties": { "HYRIV_ID": 41405380, "NEXT_DOWN": 41405440, "MAIN_RIV": 41405515, "LENGTH_KM": 1.62, "DIST_DN_KM": 85.199997, "DIST_UP_KM": 3.8, "CATCH_SKM": 6.1799998, "UPLAND_SKM": 6.2, "ENDORHEIC": 0, "DIS_AV_CMS": 0.232, "ORD_STRA": 1, "ORD_CLAS": 3, "ORD_FLOW": 7, "HYBAS_L12": 4121601880.0, "Shape_Length": 0.014583333333348492 }, "geometry": { "type": "MultiLineString", "coordinates": [ [ [ 80.414583333333013, 7.024999999999899 ], [ 80.414583333333013, 7.010416666666551 ] ] ] } },
{ "type": "Feature", "properties": { "HYRIV_ID": 41405381, "NEXT_DOWN": 41405440, "MAIN_RIV": 41405515, "LENGTH_KM": 0.65, "DIST_DN_KM": 85.400002, "DIST_UP_KM": 6.0, "CATCH_SKM": 2.98, "UPLAND_SKM": 22.6, "ENDORHEIC": 0, "DIS_AV_CMS": 0.84100002, "ORD_STRA": 2, "ORD_CLAS": 2, "ORD_FLOW": 7, "HYBAS_L12": 4121601880.0, "Shape_Length": 0.0058925565099126826 }, "geometry": { "type": "MultiLineString", "coordinates": [ [ [ 80.418749999999676, 7.014583333333256 ], [ 80.414583333333013, 7.010416666666551 ] ] ] } },
{ "type": "Feature", "properties": { "HYRIV_ID": 41405382, "NEXT_DOWN": 41405381, "MAIN_RIV": 41405515, "LENGTH_KM": 3.4, "DIST_DN_KM": 86.0, "DIST_UP_KM": 5.4, "CATCH_SKM": 11.29, "UPLAND_SKM": 11.3, "ENDORHEIC": 0, "DIS_AV_CMS": 0.42300001, "ORD_STRA": 1, "ORD_CLAS": 2, "ORD_FLOW": 7, "HYBAS_L12": 4121601880.0, "Shape_Length": 0.030683170961164435 }, "geometry": { "type": "MultiLineString", "coordinates": [ [ [ 80.441666666666293, 7.024999999999899 ], [ 80.427083333333059, 7.010416666666551 ], [ 80.422916666666396, 7.010416666666551 ], [ 80.418749999999676, 7.014583333333256 ] ] ] } },
{ "type": "Feature", "properties": { "HYRIV_ID": 41405394, "NEXT_DOWN": 41405578, "MAIN_RIV": 41405515, "LENGTH_KM": 0.98, "DIST_DN_KM": 27.1, "DIST_UP_KM": 2.5, "CATCH_SKM": 3.4100001, "UPLAND_SKM": 3.4, "ENDORHEIC": 0, "DIS_AV_CMS": 0.126, "ORD_STRA": 1, "ORD_CLAS": 3, "ORD_FLOW": 7, "HYBAS_L12": 4121601930.0, "Shape_Length": 0.0088388347648840973 }, "geometry": { "type": "MultiLineString", "coordinates": [ [ [ 80.024999999999665, 7.012499999999882 ], [ 80.031249999999744, 7.006249999999888 ] ] ] } },
{ "type": "Feature", "properties": { "HYRIV_ID": 41405395, "NEXT_DOWN": 41405578, "MAIN_RIV": 41405515, "LENGTH_KM": 1.34, "DIST_DN_KM": 27.1, "DIST_UP_KM": 3.0, "CATCH_SKM": 3.83, "UPLAND_SKM": 3.8, "ENDORHEIC": 0, "DIS_AV_CMS": 0.14300001, "ORD_STRA": 1, "ORD_CLAS": 2, "ORD_FLOW": 7, "HYBAS_L12": 4121601930.0, "Shape_Length": 0.012142556509791586 }, "geometry": { "type": "MultiLineString", "coordinates": [ [ [ 80.041666666666316, 7.010416666666551 ], [ 80.035416666666407, 7.010416666666551 ], [ 80.031249999999744, 7.006249999999888 ] ] ] } },
{ "type": "Feature", "properties": { "HYRIV_ID": 41405396, "NEXT_DOWN": 41405480, "MAIN_RIV": 41405515, "LENGTH_KM": 3.1800001, "DIST_DN_KM": 45.900002, "DIST_UP_KM": 5.4, "CATCH_SKM": 10.44, "UPLAND_SKM": 10.4, "ENDORHEIC": 0, "DIS_AV_CMS": 0.39500001, "ORD_STRA": 1, "ORD_CLAS": 3, "ORD_FLOW": 7, "HYBAS_L12": 4121601910.0, "Shape_Length": 0.028809223176613625 }, "geometry": { "type": "MultiLineString", "coordinates": [ [ [ 80.091666666666271, 7.010416666666551 ], [ 80.097916666666293, 7.010416666666551 ], [ 80.102083333332956, 7.006249999999888 ], [ 80.118749999999665, 7.006249999999888 ] ] ] } },
{ "type": "Feature", "properties": { "HYRIV_ID": 41405397, "NEXT_DOWN": 41405480, "MAIN_RIV": 41405515, "LENGTH_KM": 3.4300001, "DIST_DN_KM": 45.900002, "DIST_UP_KM": 9.6, "CATCH_SKM": 9.1599998, "UPLAND_SKM": 31.700001, "ENDORHEIC": 0, "DIS_AV_CMS": 1.1670001, "ORD_STRA": 2, "ORD_CLAS": 2, "ORD_FLOW": 6, "HYBAS_L12": 4121601910.0, "Shape_Length": 0.030892556509861523 }, "geometry": { "type": "MultiLineString", "coordinates": [ [ [ 80.114583333333002, 7.035416666666542 ], [ 80.114583333333002, 7.014583333333256 ], [ 80.118749999999665, 7.010416666666551 ], [ 80.118749999999665, 7.006249999999888 ] ] ] } },
{ "type": "Feature", "properties": { "HYRIV_ID": 41405398, "NEXT_DOWN": 41405439, "MAIN_RIV": 41405515, "LENGTH_KM": 1.34, "DIST_DN_KM": 82.099998, "DIST_UP_KM": 4.5, "CATCH_SKM": 5.96, "UPLAND_SKM": 6.0, "ENDORHEIC": 0, "DIS_AV_CMS": 0.226, "ORD_STRA": 1, "ORD_CLAS": 3, "ORD_FLOW": 7, "HYBAS_L12": 4121601880.0, "Shape_Length": 0.012142556509905273 }, "geometry": { "type": "MultiLineString", "coordinates": [ [ [ 80.379166666666293, 7.010416666666551 ], [ 80.385416666666316, 7.010416666666551 ], [ 80.389583333332979, 7.006249999999888 ] ] ] } },
{ "type": "Feature", "properties": { "HYRIV_ID": 41405399, "NEXT_DOWN": 41405439, "MAIN_RIV": 41405515, "LENGTH_KM": 2.55, "DIST_DN_KM": 81.900002, "DIST_UP_KM": 4.8, "CATCH_SKM": 4.0500002, "UPLAND_SKM": 4.0, "ENDORHEIC": 0, "DIS_AV_CMS": 0.152, "ORD_STRA": 1, "ORD_CLAS": 2, "ORD_FLOW": 7, "HYBAS_L12": 4121601880.0, "Shape_Length": 0.022916666666674246 }, "geometry": { "type": "MultiLineString", "coordinates": [ [ [ 80.389583333332979, 7.029166666666562 ], [ 80.389583333332979, 7.006249999999888 ] ] ] } },
{ "type": "Feature", "properties": { "HYRIV_ID": 41405414, "NEXT_DOWN": 41405577, "MAIN_RIV": 41405515, "LENGTH_KM": 1.63, "DIST_DN_KM": 23.9, "DIST_UP_KM": 3.8, "CATCH_SKM": 6.1799998, "UPLAND_SKM": 6.2, "ENDORHEIC": 0, "DIS_AV_CMS": 0.22400001, "ORD_STRA": 1, "ORD_CLAS": 3, "ORD_FLOW": 7, "HYBAS_L12": 4121601930.0, "Shape_Length": 0.014731391274636001 }, "geometry": { "type": "MultiLineString", "coordinates": [ [ [ 79.983333333333093, 7.012499999999882 ], [ 79.993749999999665, 7.002083333333239 ] ] ] } },
{ "type": "Feature", "properties": { "HYRIV_ID": 41405415, "NEXT_DOWN": 41405577, "MAIN_RIV": 41405515, "LENGTH_KM": 0.98, "DIST_DN_KM": 23.9, "DIST_UP_KM": 2.7, "CATCH_SKM": 3.2, "UPLAND_SKM": 3.2, "ENDORHEIC": 0, "DIS_AV_CMS": 0.117, "ORD_STRA": 1, "ORD_CLAS": 5, "ORD_FLOW": 7, "HYBAS_L12": 4121601930.0, "Shape_Length": 0.0088388347647936592 }, "geometry": { "type": "MultiLineString", "coordinates": [ [ [ 79.999999999999631, 7.008333333333219 ], [ 79.993749999999665, 7.002083333333239 ] ] ] } },
{ "type": "Feature", "properties": { "HYRIV_ID": 41405416, "NEXT_DOWN": 41405577, "MAIN_RIV": 41405515, "LENGTH_KM": 0.69, "DIST_DN_KM": 23.700001, "DIST_UP_KM": 3.2, "CATCH_SKM": 3.2, "UPLAND_SKM": 3.2, "ENDORHEIC": 0, "DIS_AV_CMS": 0.118, "ORD_STRA": 1, "ORD_CLAS": 4, "ORD_FLOW": 7, "HYBAS_L12": 4121601930.0, "Shape_Length": 0.0062499999999658939 }, "geometry": { "type": "MultiLineString", "coordinates": [ [ [ 79.999999999999631, 7.002083333333239 ], [ 79.993749999999665, 7.002083333333239 ] ] ] } },
{ "type": "Feature", "properties": { "HYRIV_ID": 41405432, "NEXT_DOWN": 41405516, "MAIN_RIV": 41405515, "LENGTH_KM": 2.4200001, "DIST_DN_KM": 7.2, "DIST_UP_KM": 11.0, "CATCH_SKM": 4.6900001, "UPLAND_SKM": 31.3, "ENDORHEIC": 0, "DIS_AV_CMS": 1.132, "ORD_STRA": 2, "ORD_CLAS": 2, "ORD_FLOW": 6, "HYBAS_L12": 4120049050.0, "Shape_Length": 0.021844336196300437 }, "geometry": { "type": "MultiLineString", "coordinates": [ [ [ 79.927083333332945, 6.997916666666576 ], [ 79.918749999999619, 7.006249999999888 ], [ 79.914583333332956, 7.006249999999888 ], [ 79.910416666666293, 7.010416666666551 ] ] ] } },
{ "type": "Feature", "properties": { "HYRIV_ID": 41405433, "NEXT_DOWN": 41405432, "MAIN_RIV": 41405515, "LENGTH_KM": 2.29, "DIST_DN_KM": 9.6, "DIST_UP_KM": 3.7, "CATCH_SKM": 6.6100001, "UPLAND_SKM": 6.6, "ENDORHEIC": 0, "DIS_AV_CMS": 0.236, "ORD_STRA": 1, "ORD_CLAS": 3, "ORD_FLOW": 7, "HYBAS_L12": 4120049050.0, "Shape_Length": 0.020623947784639121 }, "geometry": { "type": "MultiLineString", "coordinates": [ [ [ 79.94166666666635, 7.012499999999882 ], [ 79.927083333332945, 6.997916666666576 ] ] ] } },
{ "type": "Feature", "properties": { "HYRIV_ID": 41405434, "NEXT_DOWN": 41405456, "MAIN_RIV": 41405515, "LENGTH_KM": 1.58, "DIST_DN_KM": 54.599998, "DIST_UP_KM": 83.300003, "CATCH_SKM": 5.1100001, "UPLAND_SKM": 1087.9, "ENDORHEIC": 0, "DIS_AV_CMS": 42.203999, "ORD_STRA": 5, "ORD_CLAS": 1, "ORD_FLOW": 5, "HYBAS_L12": 4121158530.0, "Shape_Length": 0.014225889843194079 }, "geometry": { "type": "MultiLineString", "coordinates": [ [ [ 80.227083333332956, 7.010416666666551 ], [ 80.222916666666293, 7.006249999999888 ], [ 80.222916666666293, 6.997916666666576 ] ] ] } },
{ "type": "Feature", "properties": { "HYRIV_ID": 41405435, "NEXT_DOWN": 41405456, "MAIN_RIV": 41405515, "LENGTH_KM": 1.61, "DIST_DN_KM": 54.599998, "DIST_UP_KM": 3.0, "CATCH_SKM": 3.83, "UPLAND_SKM": 3.8, "ENDORHEIC": 0, "DIS_AV_CMS": 0.153, "ORD_STRA": 1, "ORD_CLAS": 2, "ORD_FLOW": 7, "HYBAS_L12": 4121158530.0, "Shape_Length": 0.014583333333405335 }, "geometry": { "type": "MultiLineString", "coordinates": [ [ [ 80.237499999999699, 6.997916666666576 ], [ 80.222916666666293, 6.997916666666576 ] ] ] } },
{ "type": "Feature", "properties": { "HYRIV_ID": 41405436, "NEXT_DOWN": 41405378, "MAIN_RIV": 41405515, "LENGTH_KM": 1.58, "DIST_DN_KM": 71.599998, "DIST_UP_KM": 66.300003, "CATCH_SKM": 2.34, "UPLAND_SKM": 521.09998, "ENDORHEIC": 0, "DIS_AV_CMS": 22.836, "ORD_STRA": 4, "ORD_CLAS": 1, "ORD_FLOW": 5, "HYBAS_L12": 4121601880.0, "Shape_Length": 0.014225889843318826 }, "geometry": { "type": "MultiLineString", "coordinates": [ [ [ 80.32291666666643, 6.997916666666576 ], [ 80.32291666666643, 7.002083333333239 ], [ 80.318749999999596, 7.006249999999888 ], [ 80.318749999999596, 7.010416666666551 ] ] ] } },
{ "type": "Feature", "properties": { "HYRIV_ID": 41405437, "NEXT_DOWN": 41405462, "MAIN_RIV": 41405515, "LENGTH_KM": 1.84, "DIST_DN_KM": 76.800003, "DIST_UP_KM": 61.099998, "CATCH_SKM": 4.2600002, "UPLAND_SKM": 493.60001, "ENDORHEIC": 0, "DIS_AV_CMS": 21.465, "ORD_STRA": 4, "ORD_CLAS": 1, "ORD_FLOW": 5, "HYBAS_L12": 4121601880.0, "Shape_Length": 0.016666666666708352 }, "geometry": { "type": "MultiLineString", "coordinates": [ [ [ 80.368749999999665, 6.997916666666576 ], [ 80.352083333332956, 6.997916666666576 ] ] ] } },
{ "type": "Feature", "properties": { "HYRIV_ID": 41405438, "NEXT_DOWN": 41405437, "MAIN_RIV": 41405515, "LENGTH_KM": 2.3, "DIST_DN_KM": 78.599998, "DIST_UP_KM": 59.200001, "CATCH_SKM": 5.1100001, "UPLAND_SKM": 485.70001, "ENDORHEIC": 0, "DIS_AV_CMS": 21.011999, "ORD_STRA": 4, "ORD_CLAS": 1, "ORD_FLOW": 5, "HYBAS_L12": 4121601880.0, "Shape_Length": 0.020833333333314386 }, "geometry": { "type": "MultiLineString", "coordinates": [ [ [ 80.389583333332979, 6.997916666666576 ], [ 80.368749999999665, 6.997916666666576 ] ] ] } },
{ "type": "Feature", "properties": { "HYRIV_ID": 41405439, "NEXT_DOWN": 41405438, "MAIN_RIV": 41405515, "LENGTH_KM": 0.93, "DIST_DN_KM": 80.900002, "DIST_UP_KM": 5.7, "CATCH_SKM": 3.4100001, "UPLAND_SKM": 13.4, "ENDORHEIC": 0, "DIS_AV_CMS": 0.50700003, "ORD_STRA": 2, "ORD_CLAS": 2, "ORD_FLOW": 7, "HYBAS_L12": 4121601880.0, "Shape_Length": 0.0083333333333115434 }, "geometry": { "type": "MultiLineString", "coordinates": [ [ [ 80.389583333332979, 7.006249999999888 ], [ 80.389583333332979, 6.997916666666576 ] ] ] } },
{ "type": "Feature", "properties": { "HYRIV_ID": 41405440, "NEXT_DOWN": 41405465, "MAIN_RIV": 41405515, "LENGTH_KM": 1.58, "DIST_DN_KM": 83.599998, "DIST_UP_KM": 7.8, "CATCH_SKM": 3.2, "UPLAND_SKM": 32.0, "ENDORHEIC": 0, "DIS_AV_CMS": 1.193, "ORD_STRA": 2, "ORD_CLAS": 2, "ORD_FLOW": 6, "HYBAS_L12": 4121601880.0, "Shape_Length": 0.014225889843198242 }, "geometry": { "type": "MultiLineString", "coordinates": [ [ [ 80.414583333333013, 7.010416666666551 ], [ 80.414583333333013, 7.006249999999888 ], [ 80.41041666666635, 7.002083333333239 ], [ 80.41041666666635, 6.997916666666576 ] ] ] } },
{ "type": "Feature", "properties": { "HYRIV_ID": 41405454, "NEXT_DOWN": 41405499, "MAIN_RIV": 41405515, "LENGTH_KM": 2.82, "DIST_DN_KM": 53.5, "DIST_UP_KM": 5.2, "CATCH_SKM": 6.39, "UPLAND_SKM": 6.4, "ENDORHEIC": 0, "DIS_AV_CMS": 0.253, "ORD_STRA": 1, "ORD_CLAS": 3, "ORD_FLOW": 7, "HYBAS_L12": 4121158530.0, "Shape_Length": 0.025505501431492258 }, "geometry": { "type": "MultiLineString", "coordinates": [ [ [ 80.183333333332968, 7.0 ], [ 80.189583333333104, 6.993749999999871 ], [ 80.206249999999642, 6.993749999999871 ] ] ] } },
{ "type": "Feature", "properties": { "HYRIV_ID": 41405455, "NEXT_DOWN": 41405499, "MAIN_RIV": 41405515, "LENGTH_KM": 5.4400001, "DIST_DN_KM": 53.700001, "DIST_UP_KM": 6.5, "CATCH_SKM": 13.63, "UPLAND_SKM": 13.6, "ENDORHEIC": 0, "DIS_AV_CMS": 0.523, "ORD_STRA": 1, "ORD_CLAS": 2, "ORD_FLOW": 7, "HYBAS_L12": 4121158530.0, "Shape_Length": 0.049075727471076511 }, "geometry": { "type": "MultiLineString", "coordinates": [ [ [ 80.183333333332968, 7.033333333333211 ], [ 80.193749999999596, 7.022916666666568 ], [ 80.193749999999596, 7.018749999999862 ], [ 80.197916666666316, 7.014583333333256 ], [ 80.197916666666316, 7.010416666666551 ], [ 80.202083333332979, 7.006249999999888 ], [ 80.202083333332979, 6.997916666666576 ], [ 80.206249999999642, 6.993749999999871 ] ] ] } },
{ "type": "Feature", "properties": { "HYRIV_ID": 41405456, "NEXT_DOWN": 41405500, "MAIN_RIV": 41405515, "LENGTH_KM": 0.65, "DIST_DN_KM": 54.099998, "DIST_UP_KM": 83.699997, "CATCH_SKM": 0.64, "UPLAND_SKM": 1092.4, "ENDORHEIC": 0, "DIS_AV_CMS": 42.457001, "ORD_STRA": 5, "ORD_CLAS": 1, "ORD_FLOW": 5, "HYBAS_L12": 4121158530.0, "Shape_Length": 0.0058925565099126826 }, "geometry": { "type": "MultiLineString", "coordinates": [ [ [ 80.222916666666293, 6.997916666666576 ], [ 80.218749999999631, 6.993749999999871 ] ] ] } },
{ "type": "Feature", "properties": { "HYRIV_ID": 41405457, "NEXT_DOWN": 41405353, "MAIN_RIV": 41405515, "LENGTH_KM": 3.1600001, "DIST_DN_KM": 63.599998, "DIST_UP_KM": 12.8, "CATCH_SKM": 5.33, "UPLAND_SKM": 38.8, "ENDORHEIC": 0, "DIS_AV_CMS": 1.591, "ORD_STRA": 2, "ORD_CLAS": 2, "ORD_FLOW": 6, "HYBAS_L12": 4121158500.0, "Shape_Length": 0.028451779686434954 }, "geometry": { "type": "MultiLineString", "coordinates": [ [ [ 80.264583333332979, 6.993749999999871 ], [ 80.260416666666316, 6.997916666666576 ], [ 80.260416666666316, 7.014583333333256 ], [ 80.264583333332979, 7.018749999999862 ] ] ] } },
{ "type": "Feature", "properties": { "HYRIV_ID": 41405458, "NEXT_DOWN": 41405457, "MAIN_RIV": 41405515, "LENGTH_KM": 1.38, "DIST_DN_KM": 66.599998, "DIST_UP_KM": 4.8, "CATCH_SKM": 3.2, "UPLAND_SKM": 11.5, "ENDORHEIC": 0, "DIS_AV_CMS": 0.463, "ORD_STRA": 2, "ORD_CLAS": 3, "ORD_FLOW": 7, "HYBAS_L12": 4121158500.0, "Shape_Length": 0.012500000000045475 }, "geometry": { "type": "MultiLineString", "coordinates": [ [ [ 80.277083333333024, 6.993749999999871 ], [ 80.264583333332979, 6.993749999999871 ] ] ] } },
{ "type": "Feature", "properties": { "HYRIV_ID": 41405459, "NEXT_DOWN": 41405458, "MAIN_RIV": 41405515, "LENGTH_KM": 0.69, "DIST_DN_KM": 68.0, "DIST_UP_KM": 3.4, "CATCH_SKM": 3.4100001, "UPLAND_SKM": 3.4, "ENDORHEIC": 0, "DIS_AV_CMS": 0.134, "ORD_STRA": 1, "ORD_CLAS": 3, "ORD_FLOW": 7, "HYBAS_L12": 4121158500.0, "Shape_Length": 0.0062500000000369482 }, "geometry": { "type": "MultiLineString", "coordinates": [ [ [ 80.277083333333024, 7.0 ], [ 80.277083333333024, 6.993749999999871 ] ] ] } },
{ "type": "Feature", "properties": { "HYRIV_ID": 41405460, "NEXT_DOWN": 41405461, "MAIN_RIV": 41405515, "LENGTH_KM": 0.69, "DIST_DN_KM": 73.699997, "DIST_UP_KM": 2.5, "CATCH_SKM": 4.0500002, "UPLAND_SKM": 4.0, "ENDORHEIC": 0, "DIS_AV_CMS": 0.163, "ORD_STRA": 1, "ORD_CLAS": 3, "ORD_FLOW": 7, "HYBAS_L12": 4121601880.0, "Shape_Length": 0.0062500000001364242 }, "geometry": { "type": "MultiLineString", "coordinates": [ [ [ 80.316666666666293, 6.993749999999871 ], [ 80.32291666666643, 6.993749999999871 ] ] ] } },
{ "type": "Feature", "properties": { "HYRIV_ID": 41405461, "NEXT_DOWN": 41405436, "MAIN_RIV": 41405515, "LENGTH_KM": 0.46, "DIST_DN_KM": 73.199997, "DIST_UP_KM": 6.6, "CATCH_SKM": 0.43, "UPLAND_SKM": 13.6, "ENDORHEIC": 0, "DIS_AV_CMS": 0.55500001, "ORD_STRA": 2, "ORD_CLAS": 2, "ORD_FLOW": 7, "HYBAS_L12": 4121601880.0, "Shape_Length": 0.0041666666667055097 }, "geometry": { "type": "MultiLineString", "coordinates": [ [ [ 80.32291666666643, 6.993749999999871 ], [ 80.32291666666643, 6.997916666666576 ] ] ] } },
{ "type": "Feature", "properties": { "HYRIV_ID": 41405462, "NEXT_DOWN": 41405436, "MAIN_RIV": 41405515, "LENGTH_KM": 3.6, "DIST_DN_KM": 73.400002, "DIST_UP_KM": 64.5, "CATCH_SKM": 7.2399998, "UPLAND_SKM": 505.10001, "ENDORHEIC": 0, "DIS_AV_CMS": 22.174999, "ORD_STRA": 4, "ORD_CLAS": 1, "ORD_FLOW": 5, "HYBAS_L12": 4121601880.0, "Shape_Length": 0.032618446353076008 }, "geometry": { "type": "MultiLineString", "coordinates": [ [ [ 80.352083333332956, 6.997916666666576 ], [ 80.335416666666305, 6.997916666666576 ], [ 80.331249999999642, 6.993749999999871 ], [ 80.327083333332922, 6.993749999999871 ], [ 80.32291666666643, 6.997916666666576 ] ] ] } },
{ "type": "Feature", "properties": { "HYRIV_ID": 41405463, "NEXT_DOWN": 41405437, "MAIN_RIV": 41405515, "LENGTH_KM": 0.69, "DIST_DN_KM": 78.599998, "DIST_UP_KM": 2.7, "CATCH_SKM": 3.62, "UPLAND_SKM": 3.6, "ENDORHEIC": 0, "DIS_AV_CMS": 0.145, "ORD_STRA": 1, "ORD_CLAS": 2, "ORD_FLOW": 7, "HYBAS_L12": 4121601880.0, "Shape_Length": 0.0062500000000369482 }, "geometry": { "type": "MultiLineString", "coordinates": [ [ [ 80.368749999999665, 6.991666666666539 ], [ 80.368749999999665, 6.997916666666576 ] ] ] } },
{ "type": "Feature", "properties": { "HYRIV_ID": 41405464, "NEXT_DOWN": 41405438, "MAIN_RIV": 41405515, "LENGTH_KM": 2.03, "DIST_DN_KM": 80.900002, "DIST_UP_KM": 56.900002, "CATCH_SKM": 3.2, "UPLAND_SKM": 467.10001, "ENDORHEIC": 0, "DIS_AV_CMS": 20.132, "ORD_STRA": 4, "ORD_CLAS": 1, "ORD_FLOW": 5, "HYBAS_L12": 4121601880.0, "Shape_Length": 0.018392556509958156 }, "geometry": { "type": "MultiLineString", "coordinates": [ [ [ 80.406249999999687, 6.993749999999871 ], [ 80.402083333333024, 6.997916666666576 ], [ 80.389583333332979, 6.997916666666576 ] ] ] } },
{ "type": "Feature", "properties": { "HYRIV_ID": 41405465, "NEXT_DOWN": 41405464, "MAIN_RIV": 41405515, "LENGTH_KM": 0.65, "DIST_DN_KM": 83.199997, "DIST_UP_KM": 54.700001, "CATCH_SKM": 2.34, "UPLAND_SKM": 456.10001, "ENDORHEIC": 0, "DIS_AV_CMS": 19.559999, "ORD_STRA": 4, "ORD_CLAS": 1, "ORD_FLOW": 5, "HYBAS_L12": 4121601880.0, "Shape_Length": 0.0058925565099126826 }, "geometry": { "type": "MultiLineString", "coordinates": [ [ [ 80.41041666666635, 6.997916666666576 ], [ 80.406249999999687, 6.993749999999871 ] ] ] } },
{ "type": "Feature", "properties": { "HYRIV_ID": 41405479, "NEXT_DOWN": 41405517, "MAIN_RIV": 41405515, "LENGTH_KM": 1.4400001, "DIST_DN_KM": 44.0, "DIST_UP_KM": 3.1, "CATCH_SKM": 3.4100001, "UPLAND_SKM": 3.4, "ENDORHEIC": 0, "DIS_AV_CMS": 0.133, "ORD_STRA": 1, "ORD_CLAS": 3, "ORD_FLOW": 7, "HYBAS_L12": 4121601910.0, "Shape_Length": 0.013005501431416343 }, "geometry": { "type": "MultiLineString", "coordinates": [ [ [ 80.108333333333093, 6.995833333333202 ], [ 80.114583333333002, 6.989583333333222 ], [ 80.118749999999665, 6.989583333333222 ] ] ] } },
{ "type": "Feature", "properties": { "HYRIV_ID": 41405480, "NEXT_DOWN": 41405517, "MAIN_RIV": 41405515, "LENGTH_KM": 1.85, "DIST_DN_KM": 44.0, "DIST_UP_KM": 11.4, "CATCH_SKM": 2.98, "UPLAND_SKM": 45.200001, "ENDORHEIC": 0, "DIS_AV_CMS": 1.682, "ORD_STRA": 2, "ORD_CLAS": 2, "ORD_FLOW": 6, "HYBAS_L12": 4121601910.0, "Shape_Length": 0.016666666666665719 }, "geometry": { "type": "MultiLineString", "coordinates": [ [ [ 80.118749999999665, 7.006249999999888 ], [ 80.118749999999665, 6.989583333333222 ] ] ] } },
{ "type": "Feature", "properties": { "HYRIV_ID": 41405481, "NEXT_DOWN": 41405458, "MAIN_RIV": 41405515, "LENGTH_KM": 0.98, "DIST_DN_KM": 68.199997, "DIST_UP_KM": 2.5, "CATCH_SKM": 4.9, "UPLAND_SKM": 4.9, "ENDORHEIC": 0, "DIS_AV_CMS": 0.198, "ORD_STRA": 1, "ORD_CLAS": 4, "ORD_FLOW": 7, "HYBAS_L12": 4121158500.0, "Shape_Length": 0.0088388347647936592 }, "geometry": { "type": "MultiLineString", "coordinates": [ [ [ 80.28333333333299, 6.987499999999891 ], [ 80.277083333333024, 6.993749999999871 ] ] ] } },
{ "type": "Feature", "properties": { "HYRIV_ID": 41405482, "NEXT_DOWN": 41405462, "MAIN_RIV": 41405515, "LENGTH_KM": 1.16, "DIST_DN_KM": 76.800003, "DIST_UP_KM": 3.8, "CATCH_SKM": 4.2600002, "UPLAND_SKM": 4.3, "ENDORHEIC": 0, "DIS_AV_CMS": 0.17200001, "ORD_STRA": 1, "ORD_CLAS": 2, "ORD_FLOW": 7, "HYBAS_L12": 4121601880.0, "Shape_Length": 0.010416666666685614 }, "geometry": { "type": "MultiLineString", "coordinates": [ [ [ 80.352083333332956, 6.987499999999891 ], [ 80.352083333332956, 6.997916666666576 ] ] ] } },
{ "type": "Feature", "properties": { "HYRIV_ID": 41405498, "NEXT_DOWN": 41405432, "MAIN_RIV": 41405515, "LENGTH_KM": 6.8200002, "DIST_DN_KM": 9.6, "DIST_UP_KM": 8.5, "CATCH_SKM": 20.030001, "UPLAND_SKM": 20.0, "ENDORHEIC": 0, "DIS_AV_CMS": 0.728, "ORD_STRA": 1, "ORD_CLAS": 2, "ORD_FLOW": 7, "HYBAS_L12": 4120049050.0, "Shape_Length": 0.061575727471069312 }, "geometry": { "type": "MultiLineString", "coordinates": [ [ [ 79.966666666666271, 7.008333333333219 ], [ 79.960416666666305, 7.002083333333239 ], [ 79.960416666666305, 6.993749999999871 ], [ 79.956249999999642, 6.989583333333222 ], [ 79.952083333332979, 6.989583333333222 ], [ 79.947916666666316, 6.985416666666559 ], [ 79.935416666666271, 6.985416666666559 ], [ 79.931249999999778, 6.989583333333222 ], [ 79.931249999999778, 6.993749999999871 ], [ 79.927083333332945, 6.997916666666576 ] ] ] } },
{ "type": "Feature", "properties": { "HYRIV_ID": 41405499, "NEXT_DOWN": 41405519, "MAIN_RIV": 41405515, "LENGTH_KM": 1.31, "DIST_DN_KM": 52.400002, "DIST_UP_KM": 7.8, "CATCH_SKM": 1.06, "UPLAND_SKM": 21.1, "ENDORHEIC": 0, "DIS_AV_CMS": 0.82200003, "ORD_STRA": 2, "ORD_CLAS": 2, "ORD_FLOW": 7, "HYBAS_L12": 4121158530.0, "Shape_Length": 0.011785113019755024 }, "geometry": { "type": "MultiLineString", "coordinates": [ [ [ 80.206249999999642, 6.993749999999871 ], [ 80.210416666666305, 6.989583333333222 ], [ 80.206249999999642, 6.985416666666559 ] ] ] } },
{ "type": "Feature", "properties": { "HYRIV_ID": 41405500, "NEXT_DOWN": 41405519, "MAIN_RIV": 41405515, "LENGTH_KM": 1.76, "DIST_DN_KM": 52.200001, "DIST_UP_KM": 85.699997, "CATCH_SKM": 2.77, "UPLAND_SKM": 1101.7, "ENDORHEIC": 0, "DIS_AV_CMS": 43.062, "ORD_STRA": 5, "ORD_CLAS": 1, "ORD_FLOW": 5, "HYBAS_L12": 4121158530.0, "Shape_Length": 0.015951779686417901 }, "geometry": { "type": "MultiLineString", "coordinates": [ [ [ 80.218749999999631, 6.993749999999871 ], [ 80.210416666666305, 6.985416666666559 ], [ 80.206249999999642, 6.985416666666559 ] ] ] } },
{ "type": "Feature", "properties": { "HYRIV_ID": 41405501, "NEXT_DOWN": 41405464, "MAIN_RIV": 41405515, "LENGTH_KM": 1.63, "DIST_DN_KM": 83.199997, "DIST_UP_KM": 3.5, "CATCH_SKM": 7.8800001, "UPLAND_SKM": 7.9, "ENDORHEIC": 0, "DIS_AV_CMS": 0.315, "ORD_STRA": 1, "ORD_CLAS": 2, "ORD_FLOW": 7, "HYBAS_L12": 4121601880.0, "Shape_Length": 0.014731391274756585 }, "geometry": { "type": "MultiLineString", "coordinates": [ [ [ 80.395833333332945, 6.983333333333228 ], [ 80.406249999999687, 6.993749999999871 ] ] ] } },
{ "type": "Feature", "properties": { "HYRIV_ID": 41405502, "NEXT_DOWN": 41405465, "MAIN_RIV": 41405515, "LENGTH_KM": 2.4200001, "DIST_DN_KM": 83.800003, "DIST_UP_KM": 54.099998, "CATCH_SKM": 5.33, "UPLAND_SKM": 421.79999, "ENDORHEIC": 0, "DIS_AV_CMS": 18.245001, "ORD_STRA": 4, "ORD_CLAS": 1, "ORD_FLOW": 5, "HYBAS_L12": 4121601880.0, "Shape_Length": 0.02184433619637078 }, "geometry": { "type": "MultiLineString", "coordinates": [ [ [ 80.427083333333059, 6.985416666666559 ], [ 80.422916666666396, 6.985416666666559 ], [ 80.41041666666635, 6.997916666666576 ] ] ] } },
{ "type": "Feature", "properties": { "HYRIV_ID": 41405515, "NEXT_DOWN": 0, "MAIN_RIV": 41405515, "LENGTH_KM": 1.38, "DIST_DN_KM": 0.0, "DIST_UP_KM": 137.60001, "CATCH_SKM": 2.34, "UPLAND_SKM": 2325.1001, "ENDORHEIC": 0, "DIS_AV_CMS": 102.253, "ORD_STRA": 5, "ORD_CLAS": 1, "ORD_FLOW": 4, "HYBAS_L12": 4120049050.0, "Shape_Length": 0.012499999999931788 }, "geometry": { "type": "MultiLineString", "coordinates": [ [ [ 79.881249999999596, 6.981249999999896 ], [ 79.868749999999665, 6.981249999999896 ] ] ] } },
{ "type": "Feature", "properties": { "HYRIV_ID": 41405516, "NEXT_DOWN": 41405515, "MAIN_RIV": 41405515, "LENGTH_KM": 5.3800001, "DIST_DN_KM": 1.6, "DIST_UP_KM": 16.5, "CATCH_SKM": 13.0, "UPLAND_SKM": 55.400002, "ENDORHEIC": 0, "DIS_AV_CMS": 1.983, "ORD_STRA": 2, "ORD_CLAS": 2, "ORD_FLOW": 6, "HYBAS_L12": 4120049050.0, "Shape_Length": 0.04857022603960344 }, "geometry": { "type": "MultiLineString", "coordinates": [ [ [ 79.910416666666293, 7.010416666666551 ], [ 79.906249999999744, 7.006249999999888 ], [ 79.906249999999744, 6.997916666666576 ], [ 79.902083333333081, 6.993749999999871 ], [ 79.893749999999699, 6.993749999999871 ], [ 79.889583333333036, 6.989583333333222 ], [ 79.889583333333036, 6.985416666666559 ], [ 79.885416666666373, 6.981249999999896 ], [ 79.881249999999596, 6.981249999999896 ] ] ] } },
{ "type": "Feature", "properties": { "HYRIV_ID": 41405517, "NEXT_DOWN": 41405537, "MAIN_RIV": 41405515, "LENGTH_KM": 1.12, "DIST_DN_KM": 42.900002, "DIST_UP_KM": 12.5, "CATCH_SKM": 1.92, "UPLAND_SKM": 50.5, "ENDORHEIC": 0, "DIS_AV_CMS": 1.897, "ORD_STRA": 2, "ORD_CLAS": 2, "ORD_FLOW": 6, "HYBAS_L12": 4121601910.0, "Shape_Length": 0.010059223176545413 }, "geometry": { "type": "MultiLineString", "coordinates": [ [ [ 80.118749999999665, 6.989583333333222 ], [ 80.122916666666328, 6.985416666666559 ], [ 80.122916666666328, 6.981249999999896 ] ] ] } },
{ "type": "Feature", "properties": { "HYRIV_ID": 41405518, "NEXT_DOWN": 41405560, "MAIN_RIV": 41405515, "LENGTH_KM": 7.1, "DIST_DN_KM": 47.900002, "DIST_UP_KM": 9.6, "CATCH_SKM": 18.540001, "UPLAND_SKM": 18.5, "ENDORHEIC": 0, "DIS_AV_CMS": 0.71700001, "ORD_STRA": 1, "ORD_CLAS": 2, "ORD_FLOW": 7, "HYBAS_L12": 4121601910.0, "Shape_Length": 0.063868446353126246 }, "geometry": { "type": "MultiLineString", "coordinates": [ [ [ 80.16458333333307, 7.041666666666579 ], [ 80.16458333333307, 7.006249999999888 ], [ 80.168749999999619, 7.002083333333239 ], [ 80.168749999999619, 6.989583333333222 ], [ 80.172916666666396, 6.985416666666559 ], [ 80.172916666666396, 6.981249999999896 ] ] ] } },
{ "type": "Feature", "properties": { "HYRIV_ID": 41405519, "NEXT_DOWN": 41405542, "MAIN_RIV": 41405515, "LENGTH_KM": 0.65, "DIST_DN_KM": 51.700001, "DIST_UP_KM": 86.199997, "CATCH_SKM": 0.64, "UPLAND_SKM": 1123.5, "ENDORHEIC": 0, "DIS_AV_CMS": 43.985001, "ORD_STRA": 5, "ORD_CLAS": 1, "ORD_FLOW": 5, "HYBAS_L12": 4121158530.0, "Shape_Length": 0.0058925565098825365 }, "geometry": { "type": "MultiLineString", "coordinates": [ [ [ 80.206249999999642, 6.985416666666559 ], [ 80.202083333332979, 6.981249999999896 ] ] ] } },
{ "type": "Feature", "properties": { "HYRIV_ID": 41405520, "NEXT_DOWN": 41405500, "MAIN_RIV": 41405515, "LENGTH_KM": 3.84, "DIST_DN_KM": 53.900002, "DIST_UP_KM": 5.2, "CATCH_SKM": 6.6100001, "UPLAND_SKM": 6.6, "ENDORHEIC": 0, "DIS_AV_CMS": 0.27, "ORD_STRA": 1, "ORD_CLAS": 2, "ORD_FLOW": 7, "HYBAS_L12": 4121158530.0, "Shape_Length": 0.034701779686542956 }, "geometry": { "type": "MultiLineString", "coordinates": [ [ [ 80.241666666666418, 6.985416666666559 ], [ 80.235416666666282, 6.985416666666559 ], [ 80.231249999999619, 6.981249999999896 ], [ 80.227083333332956, 6.981249999999896 ], [ 80.227083333332956, 6.989583333333222 ], [ 80.222916666666293, 6.993749999999871 ], [ 80.218749999999631, 6.993749999999871 ] ] ] } },
{ "type": "Feature", "properties": { "HYRIV_ID": 41405521, "NEXT_DOWN": 41405502, "MAIN_RIV": 41405515, "LENGTH_KM": 3.34, "DIST_DN_KM": 86.199997, "DIST_UP_KM": 51.599998, "CATCH_SKM": 9.8, "UPLAND_SKM": 409.20001, "ENDORHEIC": 0, "DIS_AV_CMS": 17.627001, "ORD_STRA": 4, "ORD_CLAS": 1, "ORD_FLOW": 5, "HYBAS_L12": 4121601880.0, "Shape_Length": 0.030177669529639097 }, "geometry": { "type": "MultiLineString", "coordinates": [ [ [ 80.452083333332922, 6.981249999999896 ], [ 80.44791666666643, 6.985416666666559 ], [ 80.443749999999596, 6.985416666666559 ], [ 80.439583333333047, 6.989583333333222 ], [ 80.431249999999608, 6.989583333333222 ], [ 80.427083333333059, 6.985416666666559 ] ] ] } },
{ "type": "Feature", "properties": { "HYRIV_ID": 41405537, "NEXT_DOWN": 41405619, "MAIN_RIV": 41405515, "LENGTH_KM": 0.65, "DIST_DN_KM": 42.5, "DIST_UP_KM": 13.0, "CATCH_SKM": 0.21, "UPLAND_SKM": 64.099998, "ENDORHEIC": 0, "DIS_AV_CMS": 2.4400001, "ORD_STRA": 2, "ORD_CLAS": 2, "ORD_FLOW": 6, "HYBAS_L12": 4121601910.0, "Shape_Length": 0.0058925565098724882 }, "geometry": { "type": "MultiLineString", "coordinates": [ [ [ 80.122916666666328, 6.981249999999896 ], [ 80.12708333333299, 6.977083333333248 ] ] ] } },
{ "type": "Feature", "properties": { "HYRIV_ID": 41405538, "NEXT_DOWN": 41405619, "MAIN_RIV": 41405515, "LENGTH_KM": 0.92, "DIST_DN_KM": 42.3, "DIST_UP_KM": 95.599998, "CATCH_SKM": 1.06, "UPLAND_SKM": 1601.9, "ENDORHEIC": 0, "DIS_AV_CMS": 67.387001, "ORD_STRA": 5, "ORD_CLAS": 1, "ORD_FLOW": 5, "HYBAS_L12": 4121601910.0, "Shape_Length": 0.0083333333333825976 }, "geometry": { "type": "MultiLineString", "coordinates": [ [ [ 80.135416666666373, 6.977083333333248 ], [ 80.12708333333299, 6.977083333333248 ] ] ] } },
{ "type": "Feature", "properties": { "HYRIV_ID": 41405539, "NEXT_DOWN": 41405538, "MAIN_RIV": 41405515, "LENGTH_KM": 9.87, "DIST_DN_KM": 43.200001, "DIST_UP_KM": 11.9, "CATCH_SKM": 25.139999, "UPLAND_SKM": 25.1, "ENDORHEIC": 0, "DIS_AV_CMS": 0.963, "ORD_STRA": 1, "ORD_CLAS": 2, "ORD_FLOW": 7, "HYBAS_L12": 4121601910.0, "Shape_Length": 0.088868446352985658 }, "geometry": { "type": "MultiLineString", "coordinates": [ [ [ 80.154166666666271, 7.052083333333222 ], [ 80.143749999999699, 7.052083333333222 ], [ 80.135416666666373, 7.043749999999896 ], [ 80.135416666666373, 6.977083333333248 ] ] ] } },
{ "type": "Feature", "properties": { "HYRIV_ID": 41405540, "NEXT_DOWN": 41405560, "MAIN_RIV": 41405515, "LENGTH_KM": 0.65, "DIST_DN_KM": 48.099998, "DIST_UP_KM": 89.800003, "CATCH_SKM": 0.21, "UPLAND_SKM": 1543.0, "ENDORHEIC": 0, "DIS_AV_CMS": 63.879002, "ORD_STRA": 5, "ORD_CLAS": 1, "ORD_FLOW": 5, "HYBAS_L12": 4121601910.0, "Shape_Length": 0.0058925565097920993 }, "geometry": { "type": "MultiLineString", "coordinates": [ [ [ 80.177083333332945, 6.977083333333248 ], [ 80.172916666666396, 6.981249999999896 ] ] ] } },
{ "type": "Feature", "properties": { "HYRIV_ID": 41405541, "NEXT_DOWN": 41405540, "MAIN_RIV": 41405515, "LENGTH_KM": 2.3, "DIST_DN_KM": 48.599998, "DIST_UP_KM": 89.300003, "CATCH_SKM": 4.0500002, "UPLAND_SKM": 1510.4, "ENDORHEIC": 0, "DIS_AV_CMS": 62.359001, "ORD_STRA": 5, "ORD_CLAS": 1, "ORD_FLOW": 5, "HYBAS_L12": 4121601910.0, "Shape_Length": 0.020833333333371229 }, "geometry": { "type": "MultiLineString", "coordinates": [ [ [ 80.197916666666316, 6.977083333333248 ], [ 80.177083333332945, 6.977083333333248 ] ] ] } },
{ "type": "Feature", "properties": { "HYRIV_ID": 41405542, "NEXT_DOWN": 41405541, "MAIN_RIV": 41405515, "LENGTH_KM": 0.65, "DIST_DN_KM": 51.099998, "DIST_UP_KM": 86.800003, "CATCH_SKM": 1.06, "UPLAND_SKM": 1496.8, "ENDORHEIC": 0, "DIS_AV_CMS": 61.265999, "ORD_STRA": 5, "ORD_CLAS": 1, "ORD_FLOW": 5, "HYBAS_L12": 4121601910.0, "Shape_Length": 0.0058925565098724882 }, "geometry": { "type": "MultiLineString", "coordinates": [ [ [ 80.202083333332979, 6.981249999999896 ], [ 80.197916666666316, 6.977083333333248 ] ] ] } },
{ "type": "Feature", "properties": { "HYRIV_ID": 41405558, "NEXT_DOWN": 41405515, "MAIN_RIV": 41405515, "LENGTH_KM": 1.12, "DIST_DN_KM": 1.8, "DIST_UP_KM": 136.10001, "CATCH_SKM": 1.49, "UPLAND_SKM": 2267.6001, "ENDORHEIC": 0, "DIS_AV_CMS": 100.194, "ORD_STRA": 5, "ORD_CLAS": 1, "ORD_FLOW": 4, "HYBAS_L12": 4120049050.0, "Shape_Length": 0.010059223176658387 }, "geometry": { "type": "MultiLineString", "coordinates": [ [ [ 79.885416666666373, 6.972916666666542 ], [ 79.885416666666373, 6.977083333333248 ], [ 79.881249999999596, 6.981249999999896 ] ] ] } },
{ "type": "Feature", "properties": { "HYRIV_ID": 41405559, "NEXT_DOWN": 41405537, "MAIN_RIV": 41405515, "LENGTH_KM": 5.7, "DIST_DN_KM": 42.900002, "DIST_UP_KM": 8.3, "CATCH_SKM": 13.42, "UPLAND_SKM": 13.4, "ENDORHEIC": 0, "DIS_AV_CMS": 0.53100002, "ORD_STRA": 1, "ORD_CLAS": 3, "ORD_FLOW": 7, "HYBAS_L12": 4121601910.0, "Shape_Length": 0.051516504294481263 }, "geometry": { "type": "MultiLineString", "coordinates": [ [ [ 80.083333333333059, 6.987499999999891 ], [ 80.089583333332968, 6.981249999999896 ], [ 80.093749999999631, 6.981249999999896 ], [ 80.093749999999631, 6.977083333333248 ], [ 80.102083333332956, 6.977083333333248 ], [ 80.106249999999619, 6.972916666666542 ], [ 80.110416666666339, 6.972916666666542 ], [ 80.118749999999665, 6.981249999999896 ], [ 80.122916666666328, 6.981249999999896 ] ] ] } },
{ "type": "Feature", "properties": { "HYRIV_ID": 41405560, "NEXT_DOWN": 41405538, "MAIN_RIV": 41405515, "LENGTH_KM": 4.7199998, "DIST_DN_KM": 43.200001, "DIST_UP_KM": 94.699997, "CATCH_SKM": 14.06, "UPLAND_SKM": 1575.6, "ENDORHEIC": 0, "DIS_AV_CMS": 66.155998, "ORD_STRA": 5, "ORD_CLAS": 1, "ORD_FLOW": 5, "HYBAS_L12": 4121601910.0, "Shape_Length": 0.042677669529731961 }, "geometry": { "type": "MultiLineString", "coordinates": [ [ [ 80.172916666666396, 6.981249999999896 ], [ 80.16458333333307, 6.972916666666542 ], [ 80.143749999999699, 6.972916666666542 ], [ 80.139583333333036, 6.977083333333248 ], [ 80.135416666666373, 6.977083333333248 ] ] ] } },
{ "type": "Feature", "properties": { "HYRIV_ID": 41405576, "NEXT_DOWN": 41405558, "MAIN_RIV": 41405515, "LENGTH_KM": 2.55, "DIST_DN_KM": 2.9, "DIST_UP_KM": 5.1, "CATCH_SKM": 6.1799998, "UPLAND_SKM": 6.2, "ENDORHEIC": 0, "DIS_AV_CMS": 0.22400001, "ORD_STRA": 1, "ORD_CLAS": 2, "ORD_FLOW": 7, "HYBAS_L12": 4120049050.0, "Shape_Length": 0.023064724608042143 }, "geometry": { "type": "MultiLineString", "coordinates": [ [ [ 79.904166666666328, 6.975 ], [ 79.897916666666362, 6.968749999999879 ], [ 79.889583333333036, 6.968749999999879 ], [ 79.885416666666373, 6.972916666666542 ] ] ] } },
{ "type": "Feature", "properties": { "HYRIV_ID": 41405577, "NEXT_DOWN": 41405649, "MAIN_RIV": 41405515, "LENGTH_KM": 3.71, "DIST_DN_KM": 20.0, "DIST_UP_KM": 7.7, "CATCH_SKM": 7.6700001, "UPLAND_SKM": 20.200001, "ENDORHEIC": 0, "DIS_AV_CMS": 0.74299997, "ORD_STRA": 2, "ORD_CLAS": 3, "ORD_FLOW": 7, "HYBAS_L12": 4121601930.0, "Shape_Length": 0.03333333333335986 }, "geometry": { "type": "MultiLineString", "coordinates": [ [ [ 79.993749999999665, 7.002083333333239 ], [ 79.993749999999665, 6.968749999999879 ] ] ] } },
{ "type": "Feature", "properties": { "HYRIV_ID": 41405578, "NEXT_DOWN": 41405649, "MAIN_RIV": 41405515, "LENGTH_KM": 6.96, "DIST_DN_KM": 20.200001, "DIST_UP_KM": 9.9, "CATCH_SKM": 16.190001, "UPLAND_SKM": 23.4, "ENDORHEIC": 0, "DIS_AV_CMS": 0.89, "ORD_STRA": 2, "ORD_CLAS": 2, "ORD_FLOW": 7, "HYBAS_L12": 4121601930.0, "Shape_Length": 0.062796115882830392 }, "geometry": { "type": "MultiLineString", "coordinates": [ [ [ 80.031249999999744, 7.006249999999888 ], [ 80.031249999999744, 6.997916666666576 ], [ 80.018749999999699, 6.997916666666576 ], [ 80.014583333333036, 6.993749999999871 ], [ 80.014583333333036, 6.989583333333222 ], [ 80.010416666666373, 6.985416666666559 ], [ 80.00624999999971, 6.985416666666559 ], [ 80.00208333333299, 6.981249999999896 ], [ 80.00208333333299, 6.977083333333248 ], [ 79.993749999999665, 6.968749999999879 ] ] ] } },
{ "type": "Feature", "properties": { "HYRIV_ID": 41405579, "NEXT_DOWN": 41405650, "MAIN_RIV": 41405515, "LENGTH_KM": 2.9200001, "DIST_DN_KM": 26.8, "DIST_UP_KM": 4.7, "CATCH_SKM": 7.6700001, "UPLAND_SKM": 7.7, "ENDORHEIC": 0, "DIS_AV_CMS": 0.296, "ORD_STRA": 1, "ORD_CLAS": 2, "ORD_FLOW": 7, "HYBAS_L12": 4121601930.0, "Shape_Length": 0.026368446353202991 }, "geometry": { "type": "MultiLineString", "coordinates": [ [ [ 80.058333333333024, 6.985416666666559 ], [ 80.052083333332945, 6.985416666666559 ], [ 80.043749999999619, 6.977083333333248 ], [ 80.043749999999619, 6.968749999999879 ] ] ] } },
{ "type": "Feature", "properties": { "HYRIV_ID": 41405580, "NEXT_DOWN": 41405650, "MAIN_RIV": 41405515, "LENGTH_KM": 1.15, "DIST_DN_KM": 26.8, "DIST_UP_KM": 3.4, "CATCH_SKM": 5.1100001, "UPLAND_SKM": 5.1, "ENDORHEIC": 0, "DIS_AV_CMS": 0.20100001, "ORD_STRA": 1, "ORD_CLAS": 3, "ORD_FLOW": 7, "HYBAS_L12": 4121601930.0, "Shape_Length": 0.010416666666685614 }, "geometry": { "type": "MultiLineString", "coordinates": [ [ [ 80.054166666666305, 6.968749999999879 ], [ 80.043749999999619, 6.968749999999879 ] ] ] } },
{ "type": "Feature", "properties": { "HYRIV_ID": 41405581, "NEXT_DOWN": 41405461, "MAIN_RIV": 41405515, "LENGTH_KM": 3.3900001, "DIST_DN_KM": 73.699997, "DIST_UP_KM": 6.1, "CATCH_SKM": 9.1599998, "UPLAND_SKM": 9.2, "ENDORHEIC": 0, "DIS_AV_CMS": 0.375, "ORD_STRA": 1, "ORD_CLAS": 2, "ORD_FLOW": 7, "HYBAS_L12": 4121601880.0, "Shape_Length": 0.030535113019669359 }, "geometry": { "type": "MultiLineString", "coordinates": [ [ [ 80.331249999999642, 6.966666666666548 ], [ 80.331249999999642, 6.972916666666542 ], [ 80.327083333332922, 6.977083333333248 ], [ 80.327083333332922, 6.985416666666559 ], [ 80.32291666666643, 6.989583333333222 ], [ 80.32291666666643, 6.993749999999871 ] ] ] } },
{ "type": "Feature", "properties": { "HYRIV_ID": 41405582, "NEXT_DOWN": 41405502, "MAIN_RIV": 41405515, "LENGTH_KM": 2.37, "DIST_DN_KM": 86.0, "DIST_UP_KM": 4.5, "CATCH_SKM": 7.2399998, "UPLAND_SKM": 7.2, "ENDORHEIC": 0, "DIS_AV_CMS": 0.29, "ORD_STRA": 1, "ORD_CLAS": 2, "ORD_FLOW": 7, "HYBAS_L12": 4121601880.0, "Shape_Length": 0.021338834764941344 }, "geometry": { "type": "MultiLineString", "coordinates": [ [ [ 80.420833333332922, 6.966666666666548 ], [ 80.427083333333059, 6.972916666666542 ], [ 80.427083333333059, 6.985416666666559 ] ] ] } },
{ "type": "Feature", "properties": { "HYRIV_ID": 41405598, "NEXT_DOWN": 41405558, "MAIN_RIV": 41405515, "LENGTH_KM": 1.12, "DIST_DN_KM": 2.9, "DIST_UP_KM": 134.89999, "CATCH_SKM": 1.71, "UPLAND_SKM": 2259.8999, "ENDORHEIC": 0, "DIS_AV_CMS": 99.917, "ORD_STRA": 5, "ORD_CLAS": 1, "ORD_FLOW": 5, "HYBAS_L12": 4120049050.0, "Shape_Length": 0.010059223176611592 }, "geometry": { "type": "MultiLineString", "coordinates": [ [ [ 79.881249999999596, 6.964583333333231 ], [ 79.881249999999596, 6.968749999999879 ], [ 79.885416666666373, 6.972916666666542 ] ] ] } },
{ "type": "Feature", "properties": { "HYRIV_ID": 41405619, "NEXT_DOWN": 41405663, "MAIN_RIV": 41405515, "LENGTH_KM": 3.34, "DIST_DN_KM": 39.099998, "DIST_UP_KM": 98.699997, "CATCH_SKM": 4.6900001, "UPLAND_SKM": 1670.7, "ENDORHEIC": 0, "DIS_AV_CMS": 70.717003, "ORD_STRA": 5, "ORD_CLAS": 1, "ORD_FLOW": 5, "HYBAS_L12": 4121158680.0, "Shape_Length": 0.030177669529696534 }, "geometry": { "type": "MultiLineString", "coordinates": [ [ [ 80.12708333333299, 6.977083333333248 ], [ 80.122916666666328, 6.972916666666542 ], [ 80.122916666666328, 6.968749999999879 ], [ 80.118749999999665, 6.964583333333231 ], [ 80.110416666666339, 6.964583333333231 ], [ 80.106249999999619, 6.960416666666568 ] ] ] } },
{ "type": "Feature", "properties": { "HYRIV_ID": 41405620, "NEXT_DOWN": 41405542, "MAIN_RIV": 41405515, "LENGTH_KM": 3.53, "DIST_DN_KM": 51.5, "DIST_UP_KM": 46.0, "CATCH_SKM": 5.54, "UPLAND_SKM": 372.29999, "ENDORHEIC": 0, "DIS_AV_CMS": 17.132999, "ORD_STRA": 3, "ORD_CLAS": 2, "ORD_FLOW": 5, "HYBAS_L12": 4121158550.0, "Shape_Length": 0.031903559372861781 }, "geometry": { "type": "MultiLineString", "coordinates": [ [ [ 80.222916666666293, 6.960416666666568 ], [ 80.218749999999631, 6.964583333333231 ], [ 80.218749999999631, 6.968749999999879 ], [ 80.206249999999642, 6.981249999999896 ], [ 80.202083333332979, 6.981249999999896 ] ] ] } },
{ "type": "Feature", "properties": { "HYRIV_ID": 41405621, "NEXT_DOWN": 41405457, "MAIN_RIV": 41405515, "LENGTH_KM": 8.2799997, "DIST_DN_KM": 66.599998, "DIST_UP_KM": 9.8, "CATCH_SKM": 21.950001, "UPLAND_SKM": 21.9, "ENDORHEIC": 0, "DIS_AV_CMS": 0.91600001, "ORD_STRA": 1, "ORD_CLAS": 2, "ORD_FLOW": 7, "HYBAS_L12": 4121158500.0, "Shape_Length": 0.074790614451213891 }, "geometry": { "type": "MultiLineString", "coordinates": [ [ [ 80.312499999999631, 6.958333333333236 ], [ 80.306249999999608, 6.964583333333231 ], [ 80.272916666666362, 6.964583333333231 ], [ 80.264583333332979, 6.972916666666542 ], [ 80.264583333332979, 6.993749999999871 ] ] ] } },
{ "type": "Feature", "properties": { "HYRIV_ID": 41405631, "NEXT_DOWN": 41405620, "MAIN_RIV": 41405515, "LENGTH_KM": 0.65, "DIST_DN_KM": 55.200001, "DIST_UP_KM": 42.3, "CATCH_SKM": 1.06, "UPLAND_SKM": 321.10001, "ENDORHEIC": 0, "DIS_AV_CMS": 14.68, "ORD_STRA": 3, "ORD_CLAS": 2, "ORD_FLOW": 5, "HYBAS_L12": 4121158550.0, "Shape_Length": 0.0058925565098825365 }, "geometry": { "type": "MultiLineString", "coordinates": [ [ [ 80.227083333332956, 6.95625 ], [ 80.222916666666293, 6.960416666666568 ] ] ] } },
{ "type": "Feature", "properties": { "HYRIV_ID": 41405647, "NEXT_DOWN": 41405598, "MAIN_RIV": 41405515, "LENGTH_KM": 1.77, "DIST_DN_KM": 3.8, "DIST_UP_KM": 19.3, "CATCH_SKM": 4.4699998, "UPLAND_SKM": 95.5, "ENDORHEIC": 0, "DIS_AV_CMS": 3.635, "ORD_STRA": 2, "ORD_CLAS": 2, "ORD_FLOW": 6, "HYBAS_L12": 4121601920.0, "Shape_Length": 0.015951779686287269 }, "geometry": { "type": "MultiLineString", "coordinates": [ [ [ 79.881249999999596, 6.952083333333213 ], [ 79.877083333333047, 6.95625 ], [ 79.881249999999596, 6.960416666666568 ], [ 79.881249999999596, 6.964583333333231 ] ] ] } },
{ "type": "Feature", "properties": { "HYRIV_ID": 41405648, "NEXT_DOWN": 41405708, "MAIN_RIV": 41405515, "LENGTH_KM": 1.4400001, "DIST_DN_KM": 17.3, "DIST_UP_KM": 3.7, "CATCH_SKM": 6.6100001, "UPLAND_SKM": 6.6, "ENDORHEIC": 0, "DIS_AV_CMS": 0.247, "ORD_STRA": 1, "ORD_CLAS": 3, "ORD_FLOW": 7, "HYBAS_L12": 4121601930.0, "Shape_Length": 0.013005501431575396 }, "geometry": { "type": "MultiLineString", "coordinates": [ [ [ 79.974999999999596, 6.962499999999899 ], [ 79.981249999999676, 6.95625 ], [ 79.981249999999676, 6.952083333333213 ] ] ] } },
{ "type": "Feature", "properties": { "HYRIV_ID": 41405649, "NEXT_DOWN": 41405708, "MAIN_RIV": 41405515, "LENGTH_KM": 2.6900001, "DIST_DN_KM": 17.5, "DIST_UP_KM": 12.6, "CATCH_SKM": 7.2399998, "UPLAND_SKM": 50.900002, "ENDORHEIC": 0, "DIS_AV_CMS": 1.908, "ORD_STRA": 3, "ORD_CLAS": 2, "ORD_FLOW": 6, "HYBAS_L12": 4121601930.0, "Shape_Length": 0.02428511301975959 }, "geometry": { "type": "MultiLineString", "coordinates": [ [ [ 79.993749999999665, 6.968749999999879 ], [ 79.993749999999665, 6.960416666666568 ], [ 79.989583333333002, 6.95625 ], [ 79.985416666666339, 6.95625 ], [ 79.981249999999676, 6.952083333333213 ] ] ] } },
{ "type": "Feature", "properties": { "HYRIV_ID": 41405650, "NEXT_DOWN": 41405661, "MAIN_RIV": 41405515, "LENGTH_KM": 1.85, "DIST_DN_KM": 24.9, "DIST_UP_KM": 6.5, "CATCH_SKM": 3.4100001, "UPLAND_SKM": 16.200001, "ENDORHEIC": 0, "DIS_AV_CMS": 0.634, "ORD_STRA": 2, "ORD_CLAS": 2, "ORD_FLOW": 7, "HYBAS_L12": 4121601930.0, "Shape_Length": 0.016666666666665719 }, "geometry": { "type": "MultiLineString", "coordinates": [ [ [ 80.043749999999619, 6.968749999999879 ], [ 80.043749999999619, 6.952083333333213 ] ] ] } },
{ "type": "Feature", "properties": { "HYRIV_ID": 41405651, "NEXT_DOWN": 41405661, "MAIN_RIV": 41405515, "LENGTH_KM": 0.69, "DIST_DN_KM": 24.9, "DIST_UP_KM": 3.3, "CATCH_SKM": 5.75, "UPLAND_SKM": 5.8, "ENDORHEIC": 0, "DIS_AV_CMS": 0.23, "ORD_STRA": 1, "ORD_CLAS": 3, "ORD_FLOW": 7, "HYBAS_L12": 4121601930.0, "Shape_Length": 0.0062500000000227374 }, "geometry": { "type": "MultiLineString", "coordinates": [ [ [ 80.049999999999642, 6.952083333333213 ], [ 80.043749999999619, 6.952083333333213 ] ] ] } },
{ "type": "Feature", "properties": { "HYRIV_ID": 41405652, "NEXT_DOWN": 41405541, "MAIN_RIV": 41405515, "LENGTH_KM": 3.6600001, "DIST_DN_KM": 50.900002, "DIST_UP_KM": 6.6, "CATCH_SKM": 9.5900002, "UPLAND_SKM": 9.6, "ENDORHEIC": 0, "DIS_AV_CMS": 0.401, "ORD_STRA": 1, "ORD_CLAS": 2, "ORD_FLOW": 7, "HYBAS_L12": 4121601910.0, "Shape_Length": 0.03297588984325224 }, "geometry": { "type": "MultiLineString", "coordinates": [ [ [ 80.197916666666316, 6.949999999999882 ], [ 80.197916666666316, 6.964583333333231 ], [ 80.202083333332979, 6.968749999999879 ], [ 80.202083333332979, 6.977083333333248 ], [ 80.197916666666316, 6.977083333333248 ] ] ] } },
{ "type": "Feature", "properties": { "HYRIV_ID": 41405660, "NEXT_DOWN": 41405688, "MAIN_RIV": 41405515, "LENGTH_KM": 1.62, "DIST_DN_KM": 22.9, "DIST_UP_KM": 3.3, "CATCH_SKM": 5.75, "UPLAND_SKM": 5.8, "ENDORHEIC": 0, "DIS_AV_CMS": 0.223, "ORD_STRA": 1, "ORD_CLAS": 3, "ORD_FLOW": 7, "HYBAS_L12": 4121601930.0, "Shape_Length": 0.014583333333305859 }, "geometry": { "type": "MultiLineString", "coordinates": [ [ [ 80.027083333333024, 6.962499999999899 ], [ 80.027083333333024, 6.947916666666593 ] ] ] } },
{ "type": "Feature", "properties": { "HYRIV_ID": 41405661, "NEXT_DOWN": 41405688, "MAIN_RIV": 41405515, "LENGTH_KM": 2.03, "DIST_DN_KM": 22.9, "DIST_UP_KM": 8.5, "CATCH_SKM": 3.62, "UPLAND_SKM": 25.6, "ENDORHEIC": 0, "DIS_AV_CMS": 1.0140001, "ORD_STRA": 2, "ORD_CLAS": 2, "ORD_FLOW": 6, "HYBAS_L12": 4121601930.0, "Shape_Length": 0.018392556509784178 }, "geometry": { "type": "MultiLineString", "coordinates": [ [ [ 80.043749999999619, 6.952083333333213 ], [ 80.039583333332956, 6.947916666666593 ], [ 80.027083333333024, 6.947916666666593 ] ] ] } },
{ "type": "Feature", "properties": { "HYRIV_ID": 41405662, "NEXT_DOWN": 41405710, "MAIN_RIV": 41405515, "LENGTH_KM": 2.9200001, "DIST_DN_KM": 36.900002, "DIST_UP_KM": 4.5, "CATCH_SKM": 8.9499998, "UPLAND_SKM": 8.9, "ENDORHEIC": 0, "DIS_AV_CMS": 0.359, "ORD_STRA": 1, "ORD_CLAS": 2, "ORD_FLOW": 7, "HYBAS_L12": 4121158680.0, "Shape_Length": 0.026368446353075094 }, "geometry": { "type": "MultiLineString", "coordinates": [ [ [ 80.081249999999642, 6.962499999999899 ], [ 80.081249999999642, 6.95625 ], [ 80.089583333332968, 6.947916666666593 ], [ 80.097916666666293, 6.947916666666593 ] ] ] } },
{ "type": "Feature", "properties": { "HYRIV_ID": 41405663, "NEXT_DOWN": 41405710, "MAIN_RIV": 41405515, "LENGTH_KM": 2.04, "DIST_DN_KM": 36.900002, "DIST_UP_KM": 101.0, "CATCH_SKM": 4.9, "UPLAND_SKM": 1693.7, "ENDORHEIC": 0, "DIS_AV_CMS": 72.147003, "ORD_STRA": 5, "ORD_CLAS": 1, "ORD_FLOW": 5, "HYBAS_L12": 4121158680.0, "Shape_Length": 0.018392556509856956 }, "geometry": { "type": "MultiLineString", "coordinates": [ [ [ 80.106249999999619, 6.960416666666568 ], [ 80.102083333332956, 6.960416666666568 ], [ 80.097916666666293, 6.95625 ], [ 80.097916666666293, 6.947916666666593 ] ] ] } },
{ "type": "Feature", "properties": { "HYRIV_ID": 41405664, "NEXT_DOWN": 41405631, "MAIN_RIV": 41405515, "LENGTH_KM": 5.83, "DIST_DN_KM": 55.900002, "DIST_UP_KM": 41.599998, "CATCH_SKM": 13.21, "UPLAND_SKM": 308.39999, "ENDORHEIC": 0, "DIS_AV_CMS": 14.107, "ORD_STRA": 3, "ORD_CLAS": 2, "ORD_FLOW": 5, "HYBAS_L12": 4121158550.0, "Shape_Length": 0.052736892706273929 }, "geometry": { "type": "MultiLineString", "coordinates": [ [ [ 80.272916666666362, 6.947916666666593 ], [ 80.268749999999699, 6.952083333333213 ], [ 80.264583333332979, 6.952083333333213 ], [ 80.260416666666316, 6.95625 ], [ 80.25208333333299, 6.95625 ], [ 80.247916666666328, 6.960416666666568 ], [ 80.231249999999619, 6.960416666666568 ], [ 80.227083333332956, 6.95625 ] ] ] } },
{ "type": "Feature", "properties": { "HYRIV_ID": 41405665, "NEXT_DOWN": 41405664, "MAIN_RIV": 41405515, "LENGTH_KM": 0.69, "DIST_DN_KM": 61.5, "DIST_UP_KM": 2.5, "CATCH_SKM": 4.0500002, "UPLAND_SKM": 4.0, "ENDORHEIC": 0, "DIS_AV_CMS": 0.171, "ORD_STRA": 1, "ORD_CLAS": 3, "ORD_FLOW": 7, "HYBAS_L12": 4121158550.0, "Shape_Length": 0.0062499999999090505 }, "geometry": { "type": "MultiLineString", "coordinates": [ [ [ 80.279166666666271, 6.947916666666593 ], [ 80.272916666666362, 6.947916666666593 ] ] ] } },
{ "type": "Feature", "properties": { "HYRIV_ID": 41405666, "NEXT_DOWN": 41405521, "MAIN_RIV": 41405515, "LENGTH_KM": 7.9899998, "DIST_DN_KM": 89.599998, "DIST_UP_KM": 48.3, "CATCH_SKM": 25.139999, "UPLAND_SKM": 211.60001, "ENDORHEIC": 0, "DIS_AV_CMS": 8.8629999, "ORD_STRA": 3, "ORD_CLAS": 1, "ORD_FLOW": 6, "HYBAS_L12": 4121158540.0, "Shape_Length": 0.072140452079126283 }, "geometry": { "type": "MultiLineString", "coordinates": [ [ [ 80.50208333333299, 6.947916666666593 ], [ 80.497916666666271, 6.952083333333213 ], [ 80.497916666666271, 6.95625 ], [ 80.485416666666282, 6.968749999999879 ], [ 80.485416666666282, 6.972916666666542 ], [ 80.472916666666293, 6.985416666666559 ], [ 80.456249999999642, 6.985416666666559 ], [ 80.452083333332922, 6.981249999999896 ] ] ] } },
{ "type": "Feature", "properties": { "HYRIV_ID": 41405667, "NEXT_DOWN": 41405666, "MAIN_RIV": 41405515, "LENGTH_KM": 0.69, "DIST_DN_KM": 97.400002, "DIST_UP_KM": 3.1, "CATCH_SKM": 2.77, "UPLAND_SKM": 2.8, "ENDORHEIC": 0, "DIS_AV_CMS": 0.109, "ORD_STRA": 1, "ORD_CLAS": 2, "ORD_FLOW": 7, "HYBAS_L12": 4121158540.0, "Shape_Length": 0.0062499999999658939 }, "geometry": { "type": "MultiLineString", "coordinates": [ [ [ 80.508333333332956, 6.947916666666593 ], [ 80.50208333333299, 6.947916666666593 ] ] ] } },
{ "type": "Feature", "properties": { "HYRIV_ID": 41405684, "NEXT_DOWN": 41405598, "MAIN_RIV": 41405515, "LENGTH_KM": 5.83, "DIST_DN_KM": 4.0, "DIST_UP_KM": 133.8, "CATCH_SKM": 9.3800001, "UPLAND_SKM": 2162.7, "ENDORHEIC": 0, "DIS_AV_CMS": 96.221001, "ORD_STRA": 5, "ORD_CLAS": 1, "ORD_FLOW": 5, "HYBAS_L12": 4121601920.0, "Shape_Length": 0.052736892706352588 }, "geometry": { "type": "MultiLineString", "coordinates": [ [ [ 79.922916666666396, 6.943749999999888 ], [ 79.910416666666293, 6.943749999999888 ], [ 79.902083333333081, 6.952083333333213 ], [ 79.902083333333081, 6.95625 ], [ 79.897916666666362, 6.960416666666568 ], [ 79.885416666666373, 6.960416666666568 ], [ 79.881249999999596, 6.964583333333231 ] ] ] } },
{ "type": "Feature", "properties": { "HYRIV_ID": 41405685, "NEXT_DOWN": 41405684, "MAIN_RIV": 41405515, "LENGTH_KM": 0.46, "DIST_DN_KM": 9.7, "DIST_UP_KM": 5.8, "CATCH_SKM": 0.21, "UPLAND_SKM": 13.8, "ENDORHEIC": 0, "DIS_AV_CMS": 0.51099998, "ORD_STRA": 2, "ORD_CLAS": 2, "ORD_FLOW": 7, "HYBAS_L12": 4121601920.0, "Shape_Length": 0.0041666666665491903 }, "geometry": { "type": "MultiLineString", "coordinates": [ [ [ 79.927083333332945, 6.943749999999888 ], [ 79.922916666666396, 6.943749999999888 ] ] ] } },
{ "type": "Feature", "properties": { "HYRIV_ID": 41405686, "NEXT_DOWN": 41405685, "MAIN_RIV": 41405515, "LENGTH_KM": 3.21, "DIST_DN_KM": 10.1, "DIST_UP_KM": 5.4, "CATCH_SKM": 9.3800001, "UPLAND_SKM": 9.4, "ENDORHEIC": 0, "DIS_AV_CMS": 0.34400001, "ORD_STRA": 1, "ORD_CLAS": 2, "ORD_FLOW": 7, "HYBAS_L12": 4121601920.0, "Shape_Length": 0.028957281117984974 }, "geometry": { "type": "MultiLineString", "coordinates": [ [ [ 79.94166666666635, 6.966666666666548 ], [ 79.927083333332945, 6.952083333333213 ], [ 79.927083333332945, 6.943749999999888 ] ] ] } },
{ "type": "Feature", "properties": { "HYRIV_ID": 41405687, "NEXT_DOWN": 41405685, "MAIN_RIV": 41405515, "LENGTH_KM": 2.09, "DIST_DN_KM": 10.1, "DIST_UP_KM": 4.2, "CATCH_SKM": 4.2600002, "UPLAND_SKM": 4.3, "ENDORHEIC": 0, "DIS_AV_CMS": 0.15800001, "ORD_STRA": 1, "ORD_CLAS": 3, "ORD_FLOW": 7, "HYBAS_L12": 4121601920.0, "Shape_Length": 0.018898057941499555 }, "geometry": { "type": "MultiLineString", "coordinates": [ [ [ 79.94166666666635, 6.954166666666573 ], [ 79.931249999999778, 6.943749999999888 ], [ 79.927083333332945, 6.943749999999888 ] ] ] } },
{ "type": "Feature", "properties": { "HYRIV_ID": 41405688, "NEXT_DOWN": 41405727, "MAIN_RIV": 41405515, "LENGTH_KM": 1.11, "DIST_DN_KM": 22.0, "DIST_UP_KM": 9.5, "CATCH_SKM": 1.49, "UPLAND_SKM": 32.8, "ENDORHEIC": 0, "DIS_AV_CMS": 1.3, "ORD_STRA": 2, "ORD_CLAS": 2, "ORD_FLOW": 6, "HYBAS_L12": 4121601930.0, "Shape_Length": 0.010059223176575559 }, "geometry": { "type": "MultiLineString", "coordinates": [ [ [ 80.027083333333024, 6.947916666666593 ], [ 80.022916666666362, 6.947916666666593 ], [ 80.018749999999699, 6.943749999999888 ] ] ] } },
{ "type": "Feature", "properties": { "HYRIV_ID": 41405689, "NEXT_DOWN": 41405663, "MAIN_RIV": 41405515, "LENGTH_KM": 5.87, "DIST_DN_KM": 39.099998, "DIST_UP_KM": 7.5, "CATCH_SKM": 18.110001, "UPLAND_SKM": 18.1, "ENDORHEIC": 0, "DIS_AV_CMS": 0.75800002, "ORD_STRA": 1, "ORD_CLAS": 2, "ORD_FLOW": 7, "HYBAS_L12": 4121158680.0, "Shape_Length": 0.05309433619635829 }, "geometry": { "type": "MultiLineString", "coordinates": [ [ [ 80.149999999999665, 6.943749999999888 ], [ 80.131249999999653, 6.943749999999888 ], [ 80.12708333333299, 6.947916666666593 ], [ 80.12708333333299, 6.952083333333213 ], [ 80.114583333333002, 6.952083333333213 ], [ 80.106249999999619, 6.960416666666568 ] ] ] } },
{ "type": "Feature", "properties": { "HYRIV_ID": 41405690, "NEXT_DOWN": 41405631, "MAIN_RIV": 41405515, "LENGTH_KM": 1.77, "DIST_DN_KM": 55.900002, "DIST_UP_KM": 6.1, "CATCH_SKM": 2.56, "UPLAND_SKM": 11.7, "ENDORHEIC": 0, "DIS_AV_CMS": 0.50400001, "ORD_STRA": 2, "ORD_CLAS": 3, "ORD_FLOW": 7, "HYBAS_L12": 4121158550.0, "Shape_Length": 0.01595177968643556 }, "geometry": { "type": "MultiLineString", "coordinates": [ [ [ 80.235416666666282, 6.943749999999888 ], [ 80.231249999999619, 6.947916666666593 ], [ 80.231249999999619, 6.952083333333213 ], [ 80.227083333332956, 6.95625 ] ] ] } },
{ "type": "Feature", "properties": { "HYRIV_ID": 41405707, "NEXT_DOWN": 41405647, "MAIN_RIV": 41405515, "LENGTH_KM": 2.1, "DIST_DN_KM": 5.6, "DIST_UP_KM": 4.0, "CATCH_SKM": 6.6100001, "UPLAND_SKM": 6.6, "ENDORHEIC": 0, "DIS_AV_CMS": 0.242, "ORD_STRA": 1, "ORD_CLAS": 3, "ORD_FLOW": 7, "HYBAS_L12": 4121601920.0, "Shape_Length": 0.018898057941326589 }, "geometry": { "type": "MultiLineString", "coordinates": [ [ [ 79.870833333332968, 6.9375 ], [ 79.881249999999596, 6.947916666666593 ], [ 79.881249999999596, 6.952083333333213 ] ] ] } },
{ "type": "Feature", "properties": { "HYRIV_ID": 41405708, "NEXT_DOWN": 41405725, "MAIN_RIV": 41405515, "LENGTH_KM": 2.8800001, "DIST_DN_KM": 14.4, "DIST_UP_KM": 15.7, "CATCH_SKM": 6.1799998, "UPLAND_SKM": 63.700001, "ENDORHEIC": 0, "DIS_AV_CMS": 2.3889999, "ORD_STRA": 3, "ORD_CLAS": 2, "ORD_FLOW": 6, "HYBAS_L12": 4121601930.0, "Shape_Length": 0.026011002863013558 }, "geometry": { "type": "MultiLineString", "coordinates": [ [ [ 79.981249999999676, 6.952083333333213 ], [ 79.972916666666293, 6.943749999999888 ], [ 79.968749999999631, 6.943749999999888 ], [ 79.964583333332968, 6.939583333333225 ], [ 79.960416666666305, 6.939583333333225 ] ] ] } },
{ "type": "Feature", "properties": { "HYRIV_ID": 41405709, "NEXT_DOWN": 41405768, "MAIN_RIV": 41405515, "LENGTH_KM": 1.63, "DIST_DN_KM": 36.0, "DIST_UP_KM": 3.3, "CATCH_SKM": 2.98, "UPLAND_SKM": 3.0, "ENDORHEIC": 0, "DIS_AV_CMS": 0.122, "ORD_STRA": 1, "ORD_CLAS": 2, "ORD_FLOW": 7, "HYBAS_L12": 4121158680.0, "Shape_Length": 0.014731391274636001 }, "geometry": { "type": "MultiLineString", "coordinates": [ [ [ 80.083333333333059, 6.9375 ], [ 80.089583333332968, 6.943749999999888 ], [ 80.093749999999631, 6.939583333333225 ] ] ] } },
{ "type": "Feature", "properties": { "HYRIV_ID": 41405710, "NEXT_DOWN": 41405768, "MAIN_RIV": 41405515, "LENGTH_KM": 1.12, "DIST_DN_KM": 36.0, "DIST_UP_KM": 101.9, "CATCH_SKM": 2.1300001, "UPLAND_SKM": 1704.8, "ENDORHEIC": 0, "DIS_AV_CMS": 72.832001, "ORD_STRA": 5, "ORD_CLAS": 1, "ORD_FLOW": 5, "HYBAS_L12": 4121158680.0, "Shape_Length": 0.010059223176588045 }, "geometry": { "type": "MultiLineString", "coordinates": [ [ [ 80.097916666666293, 6.947916666666593 ], [ 80.097916666666293, 6.943749999999888 ], [ 80.093749999999631, 6.939583333333225 ] ] ] } },
{ "type": "Feature", "properties": { "HYRIV_ID": 41405711, "NEXT_DOWN": 41405690, "MAIN_RIV": 41405515, "LENGTH_KM": 0.98, "DIST_DN_KM": 57.700001, "DIST_UP_KM": 3.3, "CATCH_SKM": 4.2600002, "UPLAND_SKM": 4.3, "ENDORHEIC": 0, "DIS_AV_CMS": 0.182, "ORD_STRA": 1, "ORD_CLAS": 4, "ORD_FLOW": 7, "HYBAS_L12": 4121158550.0, "Shape_Length": 0.0088388347649142433 }, "geometry": { "type": "MultiLineString", "coordinates": [ [ [ 80.241666666666418, 6.9375 ], [ 80.235416666666282, 6.943749999999888 ] ] ] } },
{ "type": "Feature", "properties": { "HYRIV_ID": 41405723, "NEXT_DOWN": 41405647, "MAIN_RIV": 41405515, "LENGTH_KM": 3.53, "DIST_DN_KM": 5.6, "DIST_UP_KM": 17.5, "CATCH_SKM": 5.33, "UPLAND_SKM": 84.400002, "ENDORHEIC": 0, "DIS_AV_CMS": 3.23, "ORD_STRA": 2, "ORD_CLAS": 2, "ORD_FLOW": 6, "HYBAS_L12": 4121601920.0, "Shape_Length": 0.03190355937301638 }, "geometry": { "type": "MultiLineString", "coordinates": [ [ [ 79.906249999999744, 6.935416666666576 ], [ 79.902083333333081, 6.939583333333225 ], [ 79.897916666666362, 6.939583333333225 ], [ 79.885416666666373, 6.952083333333213 ], [ 79.881249999999596, 6.952083333333213 ] ] ] } },
{ "type": "Feature", "properties": { "HYRIV_ID": 41405724, "NEXT_DOWN": 41405684, "MAIN_RIV": 41405515, "LENGTH_KM": 2.6900001, "DIST_DN_KM": 9.9, "DIST_UP_KM": 128.0, "CATCH_SKM": 6.8200002, "UPLAND_SKM": 2139.5, "ENDORHEIC": 0, "DIS_AV_CMS": 95.365997, "ORD_STRA": 5, "ORD_CLAS": 1, "ORD_FLOW": 5, "HYBAS_L12": 4121601920.0, "Shape_Length": 0.024285113019613322 }, "geometry": { "type": "MultiLineString", "coordinates": [ [ [ 79.943749999999596, 6.935416666666576 ], [ 79.931249999999778, 6.935416666666576 ], [ 79.922916666666396, 6.943749999999888 ] ] ] } },
{ "type": "Feature", "properties": { "HYRIV_ID": 41405725, "NEXT_DOWN": 41405724, "MAIN_RIV": 41405515, "LENGTH_KM": 2.03, "DIST_DN_KM": 12.6, "DIST_UP_KM": 125.3, "CATCH_SKM": 2.56, "UPLAND_SKM": 2120.1001, "ENDORHEIC": 0, "DIS_AV_CMS": 94.624001, "ORD_STRA": 5, "ORD_CLAS": 1, "ORD_FLOW": 5, "HYBAS_L12": 4121601920.0, "Shape_Length": 0.018392556509901313 }, "geometry": { "type": "MultiLineString", "coordinates": [ [ [ 79.960416666666305, 6.939583333333225 ], [ 79.947916666666316, 6.939583333333225 ], [ 79.943749999999596, 6.935416666666576 ] ] ] } },
{ "type": "Feature", "properties": { "HYRIV_ID": 41405726, "NEXT_DOWN": 41405725, "MAIN_RIV": 41405515, "LENGTH_KM": 2.95, "DIST_DN_KM": 14.6, "DIST_UP_KM": 123.3, "CATCH_SKM": 4.9, "UPLAND_SKM": 2053.8, "ENDORHEIC": 0, "DIS_AV_CMS": 92.138, "ORD_STRA": 5, "ORD_CLAS": 1, "ORD_FLOW": 5, "HYBAS_L12": 4121601930.0, "Shape_Length": 0.026725889843243717 }, "geometry": { "type": "MultiLineString", "coordinates": [ [ [ 79.985416666666339, 6.935416666666576 ], [ 79.964583333332968, 6.935416666666576 ], [ 79.960416666666305, 6.939583333333225 ] ] ] } },
{ "type": "Feature", "properties": { "HYRIV_ID": 41405727, "NEXT_DOWN": 41405726, "MAIN_RIV": 41405515, "LENGTH_KM": 4.4499998, "DIST_DN_KM": 17.5, "DIST_UP_KM": 120.3, "CATCH_SKM": 8.5200005, "UPLAND_SKM": 2025.7, "ENDORHEIC": 0, "DIS_AV_CMS": 91.029999, "ORD_STRA": 5, "ORD_CLAS": 1, "ORD_FLOW": 5, "HYBAS_L12": 4121601930.0, "Shape_Length": 0.040236892706288739 }, "geometry": { "type": "MultiLineString", "coordinates": [ [ [ 80.018749999999699, 6.943749999999888 ], [ 80.014583333333036, 6.947916666666593 ], [ 80.010416666666373, 6.947916666666593 ], [ 80.00624999999971, 6.943749999999888 ], [ 79.993749999999665, 6.943749999999888 ], [ 79.985416666666339, 6.935416666666576 ] ] ] } },
{ "type": "Feature", "properties": { "HYRIV_ID": 41405728, "NEXT_DOWN": 41405540, "MAIN_RIV": 41405515, "LENGTH_KM": 4.6300001, "DIST_DN_KM": 48.599998, "DIST_UP_KM": 11.6, "CATCH_SKM": 8.7399998, "UPLAND_SKM": 32.400002, "ENDORHEIC": 0, "DIS_AV_CMS": 1.404, "ORD_STRA": 2, "ORD_CLAS": 2, "ORD_FLOW": 6, "HYBAS_L12": 4121601910.0, "Shape_Length": 0.041666666666671404 }, "geometry": { "type": "MultiLineString", "coordinates": [ [ [ 80.177083333332945, 6.935416666666576 ], [ 80.177083333332945, 6.977083333333248 ] ] ] } },
{ "type": "Feature", "properties": { "HYRIV_ID": 41405729, "NEXT_DOWN": 41405751, "MAIN_RIV": 41405515, "LENGTH_KM": 1.16, "DIST_DN_KM": 79.599998, "DIST_UP_KM": 4.1, "CATCH_SKM": 4.0500002, "UPLAND_SKM": 4.0, "ENDORHEIC": 0, "DIS_AV_CMS": 0.166, "ORD_STRA": 1, "ORD_CLAS": 5, "ORD_FLOW": 7, "HYBAS_L12": 4121601950.0, "Shape_Length": 0.010416666666642982 }, "geometry": { "type": "MultiLineString", "coordinates": [ [ [ 80.385416666666316, 6.945833333333219 ], [ 80.385416666666316, 6.935416666666576 ] ] ] } },
{ "type": "Feature", "properties": { "HYRIV_ID": 41405730, "NEXT_DOWN": 41405751, "MAIN_RIV": 41405515, "LENGTH_KM": 2.9300001, "DIST_DN_KM": 79.800003, "DIST_UP_KM": 4.9, "CATCH_SKM": 10.65, "UPLAND_SKM": 10.7, "ENDORHEIC": 0, "DIS_AV_CMS": 0.435, "ORD_STRA": 1, "ORD_CLAS": 4, "ORD_FLOW": 7, "HYBAS_L12": 4121601950.0, "Shape_Length": 0.026368446353103515 }, "geometry": { "type": "MultiLineString", "coordinates": [ [ [ 80.393749999999642, 6.958333333333236 ], [ 80.393749999999642, 6.943749999999888 ], [ 80.385416666666316, 6.935416666666576 ] ] ] } },
{ "type": "Feature", "properties": { "HYRIV_ID": 41405748, "NEXT_DOWN": 41405723, "MAIN_RIV": 41405515, "LENGTH_KM": 1.4400001, "DIST_DN_KM": 9.1, "DIST_UP_KM": 4.0, "CATCH_SKM": 4.9, "UPLAND_SKM": 4.9, "ENDORHEIC": 0, "DIS_AV_CMS": 0.185, "ORD_STRA": 1, "ORD_CLAS": 3, "ORD_FLOW": 7, "HYBAS_L12": 4121601920.0, "Shape_Length": 0.013005501431423238 }, "geometry": { "type": "MultiLineString", "coordinates": [ [ [ 79.916666666666316, 6.929166666666539 ], [ 79.910416666666293, 6.935416666666576 ], [ 79.906249999999744, 6.935416666666576 ] ] ] } },
{ "type": "Feature", "properties": { "HYRIV_ID": 41405749, "NEXT_DOWN": 41405728, "MAIN_RIV": 41405515, "LENGTH_KM": 1.4400001, "DIST_DN_KM": 53.200001, "DIST_UP_KM": 3.0, "CATCH_SKM": 4.4699998, "UPLAND_SKM": 4.5, "ENDORHEIC": 0, "DIS_AV_CMS": 0.19, "ORD_STRA": 1, "ORD_CLAS": 3, "ORD_FLOW": 7, "HYBAS_L12": 4121601910.0, "Shape_Length": 0.013005501431463434 }, "geometry": { "type": "MultiLineString", "coordinates": [ [ [ 80.166666666666316, 6.929166666666539 ], [ 80.172916666666396, 6.935416666666576 ], [ 80.177083333332945, 6.935416666666576 ] ] ] } },
{ "type": "Feature", "properties": { "HYRIV_ID": 41405750, "NEXT_DOWN": 41405772, "MAIN_RIV": 41405515, "LENGTH_KM": 3.57, "DIST_DN_KM": 71.199997, "DIST_UP_KM": 5.3, "CATCH_SKM": 14.92, "UPLAND_SKM": 14.9, "ENDORHEIC": 0, "DIS_AV_CMS": 0.62300003, "ORD_STRA": 1, "ORD_CLAS": 3, "ORD_FLOW": 7, "HYBAS_L12": 4121601950.0, "Shape_Length": 0.032261002863099027 }, "geometry": { "type": "MultiLineString", "coordinates": [ [ [ 80.354166666666373, 6.947916666666593 ], [ 80.343749999999631, 6.947916666666593 ], [ 80.335416666666305, 6.939583333333225 ], [ 80.335416666666305, 6.935416666666576 ], [ 80.331249999999642, 6.931249999999871 ] ] ] } },
{ "type": "Feature", "properties": { "HYRIV_ID": 41405751, "NEXT_DOWN": 41405794, "MAIN_RIV": 41405515, "LENGTH_KM": 0.65, "DIST_DN_KM": 79.199997, "DIST_UP_KM": 5.6, "CATCH_SKM": 0.43, "UPLAND_SKM": 15.1, "ENDORHEIC": 0, "DIS_AV_CMS": 0.621, "ORD_STRA": 2, "ORD_CLAS": 4, "ORD_FLOW": 7, "HYBAS_L12": 4121601950.0, "Shape_Length": 0.0058925565099126826 }, "geometry": { "type": "MultiLineString", "coordinates": [ [ [ 80.385416666666316, 6.935416666666576 ], [ 80.381249999999653, 6.931249999999871 ] ] ] } },
{ "type": "Feature", "properties": { "HYRIV_ID": 41405768, "NEXT_DOWN": 41405790, "MAIN_RIV": 41405515, "LENGTH_KM": 1.77, "DIST_DN_KM": 34.200001, "DIST_UP_KM": 103.7, "CATCH_SKM": 2.77, "UPLAND_SKM": 1710.5, "ENDORHEIC": 0, "DIS_AV_CMS": 73.427002, "ORD_STRA": 5, "ORD_CLAS": 1, "ORD_FLOW": 5, "HYBAS_L12": 4121158680.0, "Shape_Length": 0.015951779686443884 }, "geometry": { "type": "MultiLineString", "coordinates": [ [ [ 80.093749999999631, 6.939583333333225 ], [ 80.093749999999631, 6.935416666666576 ], [ 80.097916666666293, 6.931249999999871 ], [ 80.093749999999631, 6.927083333333208 ] ] ] } },
{ "type": "Feature", "properties": { "HYRIV_ID": 41405769, "NEXT_DOWN": 41405690, "MAIN_RIV": 41405515, "LENGTH_KM": 2.08, "DIST_DN_KM": 57.5, "DIST_UP_KM": 4.5, "CATCH_SKM": 4.9, "UPLAND_SKM": 4.9, "ENDORHEIC": 0, "DIS_AV_CMS": 0.212, "ORD_STRA": 1, "ORD_CLAS": 3, "ORD_FLOW": 7, "HYBAS_L12": 4121158550.0, "Shape_Length": 0.018749999999997158 }, "geometry": { "type": "MultiLineString", "coordinates": [ [ [ 80.235416666666282, 6.924999999999891 ], [ 80.235416666666282, 6.943749999999888 ] ] ] } },
{ "type": "Feature", "properties": { "HYRIV_ID": 41405770, "NEXT_DOWN": 41405664, "MAIN_RIV": 41405515, "LENGTH_KM": 2.51, "DIST_DN_KM": 61.5, "DIST_UP_KM": 36.0, "CATCH_SKM": 5.54, "UPLAND_SKM": 291.10001, "ENDORHEIC": 0, "DIS_AV_CMS": 13.134, "ORD_STRA": 3, "ORD_CLAS": 2, "ORD_FLOW": 5, "HYBAS_L12": 4121158550.0, "Shape_Length": 0.022559223176605098 }, "geometry": { "type": "MultiLineString", "coordinates": [ [ [ 80.277083333333024, 6.927083333333208 ], [ 80.272916666666362, 6.931249999999871 ], [ 80.272916666666362, 6.947916666666593 ] ] ] } },
{ "type": "Feature", "properties": { "HYRIV_ID": 41405771, "NEXT_DOWN": 41405770, "MAIN_RIV": 41405515, "LENGTH_KM": 2.76, "DIST_DN_KM": 64.0, "DIST_UP_KM": 33.5, "CATCH_SKM": 8.1, "UPLAND_SKM": 222.3, "ENDORHEIC": 0, "DIS_AV_CMS": 9.9110003, "ORD_STRA": 3, "ORD_CLAS": 2, "ORD_FLOW": 6, "HYBAS_L12": 4121158550.0, "Shape_Length": 0.024999999999920419 }, "geometry": { "type": "MultiLineString", "coordinates": [ [ [ 80.302083333332945, 6.927083333333208 ], [ 80.277083333333024, 6.927083333333208 ] ] ] } },
{ "type": "Feature", "properties": { "HYRIV_ID": 41405772, "NEXT_DOWN": 41405771, "MAIN_RIV": 41405515, "LENGTH_KM": 4.1799998, "DIST_DN_KM": 67.0, "DIST_UP_KM": 30.5, "CATCH_SKM": 10.65, "UPLAND_SKM": 210.3, "ENDORHEIC": 0, "DIS_AV_CMS": 9.2980003, "ORD_STRA": 3, "ORD_CLAS": 2, "ORD_FLOW": 6, "HYBAS_L12": 4121158550.0, "Shape_Length": 0.037796115882885423 }, "geometry": { "type": "MultiLineString", "coordinates": [ [ [ 80.331249999999642, 6.931249999999871 ], [ 80.327083333332922, 6.931249999999871 ], [ 80.32291666666643, 6.935416666666576 ], [ 80.318749999999596, 6.935416666666576 ], [ 80.314583333333047, 6.939583333333225 ], [ 80.302083333332945, 6.927083333333208 ] ] ] } },
{ "type": "Feature", "properties": { "HYRIV_ID": 41405773, "NEXT_DOWN": 41405794, "MAIN_RIV": 41405515, "LENGTH_KM": 4.39, "DIST_DN_KM": 79.0, "DIST_UP_KM": 6.3, "CATCH_SKM": 14.28, "UPLAND_SKM": 14.3, "ENDORHEIC": 0, "DIS_AV_CMS": 0.59600002, "ORD_STRA": 1, "ORD_CLAS": 3, "ORD_FLOW": 7, "HYBAS_L12": 4121601950.0, "Shape_Length": 0.039731391274720348 }, "geometry": { "type": "MultiLineString", "coordinates": [ [ [ 80.416666666666316, 6.933333333333202 ], [ 80.41041666666635, 6.927083333333208 ], [ 80.393749999999642, 6.927083333333208 ], [ 80.389583333332979, 6.931249999999871 ], [ 80.381249999999653, 6.931249999999871 ] ] ] } },
{ "type": "Feature", "properties": { "HYRIV_ID": 41405787, "NEXT_DOWN": 41405723, "MAIN_RIV": 41405515, "LENGTH_KM": 1.58, "DIST_DN_KM": 9.3, "DIST_UP_KM": 13.8, "CATCH_SKM": 1.71, "UPLAND_SKM": 74.199997, "ENDORHEIC": 0, "DIS_AV_CMS": 2.849, "ORD_STRA": 2, "ORD_CLAS": 2, "ORD_FLOW": 6, "HYBAS_L12": 4121601920.0, "Shape_Length": 0.014225889843224225 }, "geometry": { "type": "MultiLineString", "coordinates": [ [ [ 79.902083333333081, 6.922916666666559 ], [ 79.902083333333081, 6.931249999999871 ], [ 79.906249999999744, 6.935416666666576 ] ] ] } },
{ "type": "Feature", "properties": { "HYRIV_ID": 41405788, "NEXT_DOWN": 41405726, "MAIN_RIV": 41405515, "LENGTH_KM": 1.58, "DIST_DN_KM": 17.5, "DIST_UP_KM": 8.8, "CATCH_SKM": 4.4699998, "UPLAND_SKM": 23.200001, "ENDORHEIC": 0, "DIS_AV_CMS": 0.91900003, "ORD_STRA": 2, "ORD_CLAS": 2, "ORD_FLOW": 7, "HYBAS_L12": 4121601930.0, "Shape_Length": 0.014225889843224225 }, "geometry": { "type": "MultiLineString", "coordinates": [ [ [ 79.989583333333002, 6.922916666666559 ], [ 79.989583333333002, 6.931249999999871 ], [ 79.985416666666339, 6.935416666666576 ] ] ] } },
{ "type": "Feature", "properties": { "HYRIV_ID": 41405789, "NEXT_DOWN": 41405727, "MAIN_RIV": 41405515, "LENGTH_KM": 2.51, "DIST_DN_KM": 21.8, "DIST_UP_KM": 116.1, "CATCH_SKM": 7.0300002, "UPLAND_SKM": 1984.4, "ENDORHEIC": 0, "DIS_AV_CMS": 88.68, "ORD_STRA": 5, "ORD_CLAS": 1, "ORD_FLOW": 5, "HYBAS_L12": 4121601930.0, "Shape_Length": 0.022559223176552418 }, "geometry": { "type": "MultiLineString", "coordinates": [ [ [ 80.022916666666362, 6.922916666666559 ], [ 80.018749999999699, 6.927083333333208 ], [ 80.018749999999699, 6.943749999999888 ] ] ] } },
{ "type": "Feature", "properties": { "HYRIV_ID": 41405790, "NEXT_DOWN": 41405855, "MAIN_RIV": 41405515, "LENGTH_KM": 0.46, "DIST_DN_KM": 33.5, "DIST_UP_KM": 104.3, "CATCH_SKM": 0.85, "UPLAND_SKM": 1714.8, "ENDORHEIC": 0, "DIS_AV_CMS": 73.724998, "ORD_STRA": 5, "ORD_CLAS": 1, "ORD_FLOW": 5, "HYBAS_L12": 4121158680.0, "Shape_Length": 0.0041666666666486663 }, "geometry": { "type": "MultiLineString", "coordinates": [ [ [ 80.093749999999631, 6.927083333333208 ], [ 80.093749999999631, 6.922916666666559 ] ] ] } },
{ "type": "Feature", "properties": { "HYRIV_ID": 41405791, "NEXT_DOWN": 41405790, "MAIN_RIV": 41405515, "LENGTH_KM": 1.4400001, "DIST_DN_KM": 34.0, "DIST_UP_KM": 3.3, "CATCH_SKM": 3.4100001, "UPLAND_SKM": 3.4, "ENDORHEIC": 0, "DIS_AV_CMS": 0.142, "ORD_STRA": 1, "ORD_CLAS": 2, "ORD_FLOW": 7, "HYBAS_L12": 4121158680.0, "Shape_Length": 0.013005501431536925 }, "geometry": { "type": "MultiLineString", "coordinates": [ [ [ 80.104166666666373, 6.920833333333228 ], [ 80.097916666666293, 6.927083333333208 ], [ 80.093749999999631, 6.927083333333208 ] ] ] } },
{ "type": "Feature", "properties": { "HYRIV_ID": 41405792, "NEXT_DOWN": 41405772, "MAIN_RIV": 41405515, "LENGTH_KM": 1.31, "DIST_DN_KM": 71.199997, "DIST_UP_KM": 26.3, "CATCH_SKM": 1.92, "UPLAND_SKM": 184.8, "ENDORHEIC": 0, "DIS_AV_CMS": 8.1160002, "ORD_STRA": 3, "ORD_CLAS": 2, "ORD_FLOW": 6, "HYBAS_L12": 4121601950.0, "Shape_Length": 0.011785113019755026 }, "geometry": { "type": "MultiLineString", "coordinates": [ [ [ 80.339583333332968, 6.922916666666559 ], [ 80.331249999999642, 6.931249999999871 ] ] ] } },
{ "type": "Feature", "properties": { "HYRIV_ID": 41405793, "NEXT_DOWN": 41405831, "MAIN_RIV": 41405515, "LENGTH_KM": 1.15, "DIST_DN_KM": 77.900002, "DIST_UP_KM": 3.6, "CATCH_SKM": 3.84, "UPLAND_SKM": 3.8, "ENDORHEIC": 0, "DIS_AV_CMS": 0.161, "ORD_STRA": 1, "ORD_CLAS": 4, "ORD_FLOW": 7, "HYBAS_L12": 4121601950.0, "Shape_Length": 0.010416666666557717 }, "geometry": { "type": "MultiLineString", "coordinates": [ [ [ 80.370833333333081, 6.927083333333208 ], [ 80.37708333333299, 6.927083333333208 ], [ 80.37708333333299, 6.922916666666559 ] ] ] } },
{ "type": "Feature", "properties": { "HYRIV_ID": 41405794, "NEXT_DOWN": 41405831, "MAIN_RIV": 41405515, "LENGTH_KM": 1.12, "DIST_DN_KM": 78.0, "DIST_UP_KM": 7.2, "CATCH_SKM": 2.1300001, "UPLAND_SKM": 31.5, "ENDORHEIC": 0, "DIS_AV_CMS": 1.31, "ORD_STRA": 2, "ORD_CLAS": 3, "ORD_FLOW": 6, "HYBAS_L12": 4121601950.0, "Shape_Length": 0.010059223176535365 }, "geometry": { "type": "MultiLineString", "coordinates": [ [ [ 80.381249999999653, 6.931249999999871 ], [ 80.381249999999653, 6.927083333333208 ], [ 80.37708333333299, 6.922916666666559 ] ] ] } },
{ "type": "Feature", "properties": { "HYRIV_ID": 41405807, "NEXT_DOWN": 41405728, "MAIN_RIV": 41405515, "LENGTH_KM": 2.96, "DIST_DN_KM": 53.200001, "DIST_UP_KM": 7.0, "CATCH_SKM": 8.3100004, "UPLAND_SKM": 19.200001, "ENDORHEIC": 0, "DIS_AV_CMS": 0.83099997, "ORD_STRA": 2, "ORD_CLAS": 2, "ORD_FLOW": 7, "HYBAS_L12": 4121601910.0, "Shape_Length": 0.02672588984333344 }, "geometry": { "type": "MultiLineString", "coordinates": [ [ [ 80.189583333333104, 6.918749999999896 ], [ 80.189583333333104, 6.931249999999871 ], [ 80.185416666666271, 6.935416666666576 ], [ 80.177083333332945, 6.935416666666576 ] ] ] } },
{ "type": "Feature", "properties": { "HYRIV_ID": 41405808, "NEXT_DOWN": 41405792, "MAIN_RIV": 41405515, "LENGTH_KM": 1.5700001, "DIST_DN_KM": 72.300003, "DIST_UP_KM": 25.200001, "CATCH_SKM": 2.77, "UPLAND_SKM": 173.89999, "ENDORHEIC": 0, "DIS_AV_CMS": 7.612, "ORD_STRA": 3, "ORD_CLAS": 2, "ORD_FLOW": 6, "HYBAS_L12": 4121601950.0, "Shape_Length": 0.01422588984320829 }, "geometry": { "type": "MultiLineString", "coordinates": [ [ [ 80.352083333332956, 6.918749999999896 ], [ 80.347916666666293, 6.922916666666559 ], [ 80.339583333332968, 6.922916666666559 ] ] ] } },
{ "type": "Feature", "properties": { "HYRIV_ID": 41405809, "NEXT_DOWN": 41405666, "MAIN_RIV": 41405515, "LENGTH_KM": 4.3800001, "DIST_DN_KM": 97.400002, "DIST_UP_KM": 40.5, "CATCH_SKM": 8.9499998, "UPLAND_SKM": 183.7, "ENDORHEIC": 0, "DIS_AV_CMS": 7.5900002, "ORD_STRA": 3, "ORD_CLAS": 1, "ORD_FLOW": 6, "HYBAS_L12": 4121158540.0, "Shape_Length": 0.039522005726010778 }, "geometry": { "type": "MultiLineString", "coordinates": [ [ [ 80.518749999999642, 6.918749999999896 ], [ 80.50208333333299, 6.935416666666576 ], [ 80.506249999999653, 6.939583333333225 ], [ 80.50208333333299, 6.943749999999888 ], [ 80.50208333333299, 6.947916666666593 ] ] ] } },
{ "type": "Feature", "properties": { "HYRIV_ID": 41405810, "NEXT_DOWN": 41405809, "MAIN_RIV": 41405515, "LENGTH_KM": 1.4400001, "DIST_DN_KM": 101.7, "DIST_UP_KM": 3.7, "CATCH_SKM": 5.1100001, "UPLAND_SKM": 5.1, "ENDORHEIC": 0, "DIS_AV_CMS": 0.20200001, "ORD_STRA": 1, "ORD_CLAS": 2, "ORD_FLOW": 7, "HYBAS_L12": 4121158540.0, "Shape_Length": 0.013005501431466584 }, "geometry": { "type": "MultiLineString", "coordinates": [ [ [ 80.529166666666271, 6.924999999999891 ], [ 80.522916666666305, 6.918749999999896 ], [ 80.518749999999642, 6.918749999999896 ] ] ] } },
{ "type": "Feature", "properties": { "HYRIV_ID": 41405827, "NEXT_DOWN": 41405788, "MAIN_RIV": 41405515, "LENGTH_KM": 1.12, "DIST_DN_KM": 18.9, "DIST_UP_KM": 3.7, "CATCH_SKM": 4.9, "UPLAND_SKM": 4.9, "ENDORHEIC": 0, "DIS_AV_CMS": 0.19400001, "ORD_STRA": 1, "ORD_CLAS": 3, "ORD_FLOW": 7, "HYBAS_L12": 4121601930.0, "Shape_Length": 0.010059223176545413 }, "geometry": { "type": "MultiLineString", "coordinates": [ [ [ 79.985416666666339, 6.914583333333233 ], [ 79.989583333333002, 6.918749999999896 ], [ 79.989583333333002, 6.922916666666559 ] ] ] } },
{ "type": "Feature", "properties": { "HYRIV_ID": 41405828, "NEXT_DOWN": 41405789, "MAIN_RIV": 41405515, "LENGTH_KM": 2.23, "DIST_DN_KM": 24.5, "DIST_UP_KM": 113.4, "CATCH_SKM": 5.1100001, "UPLAND_SKM": 1945.6, "ENDORHEIC": 0, "DIS_AV_CMS": 86.374001, "ORD_STRA": 5, "ORD_CLAS": 1, "ORD_FLOW": 5, "HYBAS_L12": 4121601930.0, "Shape_Length": 0.020118446353033982 }, "geometry": { "type": "MultiLineString", "coordinates": [ [ [ 80.039583333332956, 6.914583333333233 ], [ 80.035416666666407, 6.914583333333233 ], [ 80.031249999999744, 6.918749999999896 ], [ 80.027083333333024, 6.918749999999896 ], [ 80.022916666666362, 6.922916666666559 ] ] ] } },
{ "type": "Feature", "properties": { "HYRIV_ID": 41405829, "NEXT_DOWN": 41405828, "MAIN_RIV": 41405515, "LENGTH_KM": 1.4400001, "DIST_DN_KM": 26.5, "DIST_UP_KM": 4.2, "CATCH_SKM": 4.2600002, "UPLAND_SKM": 4.3, "ENDORHEIC": 0, "DIS_AV_CMS": 0.173, "ORD_STRA": 1, "ORD_CLAS": 2, "ORD_FLOW": 7, "HYBAS_L12": 4121601930.0, "Shape_Length": 0.013005501431506779 }, "geometry": { "type": "MultiLineString", "coordinates": [ [ [ 80.049999999999642, 6.920833333333228 ], [ 80.043749999999619, 6.914583333333233 ], [ 80.039583333332956, 6.914583333333233 ] ] ] } },
{ "type": "Feature", "properties": { "HYRIV_ID": 41405830, "NEXT_DOWN": 41405771, "MAIN_RIV": 41405515, "LENGTH_KM": 1.62, "DIST_DN_KM": 66.800003, "DIST_UP_KM": 3.9, "CATCH_SKM": 3.84, "UPLAND_SKM": 3.8, "ENDORHEIC": 0, "DIS_AV_CMS": 0.167, "ORD_STRA": 1, "ORD_CLAS": 3, "ORD_FLOW": 7, "HYBAS_L12": 4121158550.0, "Shape_Length": 0.014583333333291648 }, "geometry": { "type": "MultiLineString", "coordinates": [ [ [ 80.302083333332945, 6.9125 ], [ 80.302083333332945, 6.927083333333208 ] ] ] } },
{ "type": "Feature", "properties": { "HYRIV_ID": 41405831, "NEXT_DOWN": 41405861, "MAIN_RIV": 41405515, "LENGTH_KM": 1.12, "DIST_DN_KM": 76.900002, "DIST_UP_KM": 8.3, "CATCH_SKM": 0.85, "UPLAND_SKM": 36.200001, "ENDORHEIC": 0, "DIS_AV_CMS": 1.511, "ORD_STRA": 2, "ORD_CLAS": 3, "ORD_FLOW": 6, "HYBAS_L12": 4121601950.0, "Shape_Length": 0.010059223176545413 }, "geometry": { "type": "MultiLineString", "coordinates": [ [ [ 80.37708333333299, 6.922916666666559 ], [ 80.37708333333299, 6.918749999999896 ], [ 80.372916666666328, 6.914583333333233 ] ] ] } },
{ "type": "Feature", "properties": { "HYRIV_ID": 41405852, "NEXT_DOWN": 41405724, "MAIN_RIV": 41405515, "LENGTH_KM": 4.04, "DIST_DN_KM": 12.6, "DIST_UP_KM": 6.0, "CATCH_SKM": 12.57, "UPLAND_SKM": 12.6, "ENDORHEIC": 0, "DIS_AV_CMS": 0.486, "ORD_STRA": 1, "ORD_CLAS": 2, "ORD_FLOW": 7, "HYBAS_L12": 4121601920.0, "Shape_Length": 0.036427669529715108 }, "geometry": { "type": "MultiLineString", "coordinates": [ [ [ 79.960416666666305, 6.908333333333211 ], [ 79.960416666666305, 6.918749999999896 ], [ 79.956249999999642, 6.922916666666559 ], [ 79.956249999999642, 6.927083333333208 ], [ 79.952083333332979, 6.931249999999871 ], [ 79.947916666666316, 6.931249999999871 ], [ 79.943749999999596, 6.935416666666576 ] ] ] } },
{ "type": "Feature", "properties": { "HYRIV_ID": 41405853, "NEXT_DOWN": 41405828, "MAIN_RIV": 41405515, "LENGTH_KM": 2.49, "DIST_DN_KM": 26.700001, "DIST_UP_KM": 111.1, "CATCH_SKM": 6.6100001, "UPLAND_SKM": 1936.2, "ENDORHEIC": 0, "DIS_AV_CMS": 85.442001, "ORD_STRA": 5, "ORD_CLAS": 1, "ORD_FLOW": 5, "HYBAS_L12": 4121601930.0, "Shape_Length": 0.022559223176523997 }, "geometry": { "type": "MultiLineString", "coordinates": [ [ [ 80.060416666666271, 6.910416666666585 ], [ 80.043749999999619, 6.910416666666585 ], [ 80.039583333332956, 6.914583333333233 ] ] ] } },
{ "type": "Feature", "properties": { "HYRIV_ID": 41405854, "NEXT_DOWN": 41405853, "MAIN_RIV": 41405515, "LENGTH_KM": 1.84, "DIST_DN_KM": 29.0, "DIST_UP_KM": 108.8, "CATCH_SKM": 3.4100001, "UPLAND_SKM": 1818.8, "ENDORHEIC": 0, "DIS_AV_CMS": 79.515999, "ORD_STRA": 5, "ORD_CLAS": 1, "ORD_FLOW": 5, "HYBAS_L12": 4121158680.0, "Shape_Length": 0.016666666666708352 }, "geometry": { "type": "MultiLineString", "coordinates": [ [ [ 80.077083333332979, 6.910416666666585 ], [ 80.060416666666271, 6.910416666666585 ] ] ] } },
{ "type": "Feature", "properties": { "HYRIV_ID": 41405855, "NEXT_DOWN": 41405854, "MAIN_RIV": 41405515, "LENGTH_KM": 2.6900001, "DIST_DN_KM": 30.9, "DIST_UP_KM": 107.0, "CATCH_SKM": 4.9, "UPLAND_SKM": 1807.3, "ENDORHEIC": 0, "DIS_AV_CMS": 78.515999, "ORD_STRA": 5, "ORD_CLAS": 1, "ORD_FLOW": 5, "HYBAS_L12": 4121158680.0, "Shape_Length": 0.024285113019739492 }, "geometry": { "type": "MultiLineString", "coordinates": [ [ [ 80.093749999999631, 6.922916666666559 ], [ 80.089583333332968, 6.918749999999896 ], [ 80.081249999999642, 6.918749999999896 ], [ 80.077083333332979, 6.914583333333233 ], [ 80.077083333332979, 6.910416666666585 ] ] ] } },
{ "type": "Feature", "properties": { "HYRIV_ID": 41405856, "NEXT_DOWN": 41405807, "MAIN_RIV": 41405515, "LENGTH_KM": 1.35, "DIST_DN_KM": 56.400002, "DIST_UP_KM": 3.2, "CATCH_SKM": 4.9, "UPLAND_SKM": 4.9, "ENDORHEIC": 0, "DIS_AV_CMS": 0.212, "ORD_STRA": 1, "ORD_CLAS": 3, "ORD_FLOW": 7, "HYBAS_L12": 4121601910.0, "Shape_Length": 0.012142556510025857 }, "geometry": { "type": "MultiLineString", "coordinates": [ [ [ 80.185416666666271, 6.908333333333211 ], [ 80.185416666666271, 6.914583333333233 ], [ 80.189583333333104, 6.918749999999896 ] ] ] } },
{ "type": "Feature", "properties": { "HYRIV_ID": 41405857, "NEXT_DOWN": 41405807, "MAIN_RIV": 41405515, "LENGTH_KM": 1.4400001, "DIST_DN_KM": 56.200001, "DIST_UP_KM": 4.0, "CATCH_SKM": 5.9699998, "UPLAND_SKM": 6.0, "ENDORHEIC": 0, "DIS_AV_CMS": 0.26, "ORD_STRA": 1, "ORD_CLAS": 2, "ORD_FLOW": 7, "HYBAS_L12": 4121601910.0, "Shape_Length": 0.013005501431446487 }, "geometry": { "type": "MultiLineString", "coordinates": [ [ [ 80.195833333333013, 6.908333333333211 ], [ 80.189583333333104, 6.914583333333233 ], [ 80.189583333333104, 6.918749999999896 ] ] ] } },
{ "type": "Feature", "properties": { "HYRIV_ID": 41405858, "NEXT_DOWN": 41405620, "MAIN_RIV": 41405515, "LENGTH_KM": 5.75, "DIST_DN_KM": 55.099998, "DIST_UP_KM": 15.8, "CATCH_SKM": 13.64, "UPLAND_SKM": 45.599998, "ENDORHEIC": 0, "DIS_AV_CMS": 2.056, "ORD_STRA": 2, "ORD_CLAS": 3, "ORD_FLOW": 6, "HYBAS_L12": 4121158550.0, "Shape_Length": 0.051725889843206765 }, "geometry": { "type": "MultiLineString", "coordinates": [ [ [ 80.227083333332956, 6.910416666666585 ], [ 80.227083333332956, 6.935416666666576 ], [ 80.222916666666293, 6.939583333333225 ], [ 80.222916666666293, 6.960416666666568 ] ] ] } },
{ "type": "Feature", "properties": { "HYRIV_ID": 41405859, "NEXT_DOWN": 41405860, "MAIN_RIV": 41405515, "LENGTH_KM": 1.15, "DIST_DN_KM": 65.900002, "DIST_UP_KM": 3.1, "CATCH_SKM": 4.4699998, "UPLAND_SKM": 4.5, "ENDORHEIC": 0, "DIS_AV_CMS": 0.195, "ORD_STRA": 1, "ORD_CLAS": 4, "ORD_FLOW": 7, "HYBAS_L12": 4121158550.0, "Shape_Length": 0.010416666666571928 }, "geometry": { "type": "MultiLineString", "coordinates": [ [ [ 80.266666666666453, 6.910416666666585 ], [ 80.277083333333024, 6.910416666666585 ] ] ] } },
{ "type": "Feature", "properties": { "HYRIV_ID": 41405860, "NEXT_DOWN": 41405770, "MAIN_RIV": 41405515, "LENGTH_KM": 1.85, "DIST_DN_KM": 64.0, "DIST_UP_KM": 18.5, "CATCH_SKM": 2.34, "UPLAND_SKM": 63.3, "ENDORHEIC": 0, "DIS_AV_CMS": 2.8770001, "ORD_STRA": 2, "ORD_CLAS": 3, "ORD_FLOW": 6, "HYBAS_L12": 4121158550.0, "Shape_Length": 0.016666666666623087 }, "geometry": { "type": "MultiLineString", "coordinates": [ [ [ 80.277083333333024, 6.910416666666585 ], [ 80.277083333333024, 6.927083333333208 ] ] ] } },
{ "type": "Feature", "properties": { "HYRIV_ID": 41405861, "NEXT_DOWN": 41405808, "MAIN_RIV": 41405515, "LENGTH_KM": 2.8800001, "DIST_DN_KM": 73.900002, "DIST_UP_KM": 23.700001, "CATCH_SKM": 6.1799998, "UPLAND_SKM": 151.10001, "ENDORHEIC": 0, "DIS_AV_CMS": 6.5710001, "ORD_STRA": 3, "ORD_CLAS": 2, "ORD_FLOW": 6, "HYBAS_L12": 4121601950.0, "Shape_Length": 0.026011002863010113 }, "geometry": { "type": "MultiLineString", "coordinates": [ [ [ 80.372916666666328, 6.914583333333233 ], [ 80.368749999999665, 6.910416666666585 ], [ 80.364583333332945, 6.910416666666585 ], [ 80.356249999999619, 6.918749999999896 ], [ 80.352083333332956, 6.918749999999896 ] ] ] } },
{ "type": "Feature", "properties": { "HYRIV_ID": 41405870, "NEXT_DOWN": 41405787, "MAIN_RIV": 41405515, "LENGTH_KM": 2.23, "DIST_DN_KM": 10.7, "DIST_UP_KM": 12.4, "CATCH_SKM": 4.9, "UPLAND_SKM": 54.099998, "ENDORHEIC": 0, "DIS_AV_CMS": 2.1, "ORD_STRA": 2, "ORD_CLAS": 2, "ORD_FLOW": 6, "HYBAS_L12": 4121601920.0, "Shape_Length": 0.020118446353043024 }, "geometry": { "type": "MultiLineString", "coordinates": [ [ [ 79.910416666666293, 6.906249999999879 ], [ 79.910416666666293, 6.910416666666585 ], [ 79.902083333333081, 6.918749999999896 ], [ 79.902083333333081, 6.922916666666559 ] ] ] } },
{ "type": "Feature", "properties": { "HYRIV_ID": 41405871, "NEXT_DOWN": 41405853, "MAIN_RIV": 41405515, "LENGTH_KM": 0.46, "DIST_DN_KM": 29.0, "DIST_UP_KM": 19.0, "CATCH_SKM": 0.21, "UPLAND_SKM": 110.8, "ENDORHEIC": 0, "DIS_AV_CMS": 4.9679999, "ORD_STRA": 3, "ORD_CLAS": 2, "ORD_FLOW": 6, "HYBAS_L12": 4121158700.0, "Shape_Length": 0.0041666666667055097 }, "geometry": { "type": "MultiLineString", "coordinates": [ [ [ 80.060416666666271, 6.906249999999879 ], [ 80.060416666666271, 6.910416666666585 ] ] ] } },
{ "type": "Feature", "properties": { "HYRIV_ID": 41405872, "NEXT_DOWN": 41405855, "MAIN_RIV": 41405515, "LENGTH_KM": 4.2600002, "DIST_DN_KM": 33.700001, "DIST_UP_KM": 19.1, "CATCH_SKM": 11.72, "UPLAND_SKM": 87.599998, "ENDORHEIC": 0, "DIS_AV_CMS": 3.9519999, "ORD_STRA": 3, "ORD_CLAS": 2, "ORD_FLOW": 6, "HYBAS_L12": 4121158680.0, "Shape_Length": 0.038511002863038941 }, "geometry": { "type": "MultiLineString", "coordinates": [ [ [ 80.122916666666328, 6.906249999999879 ], [ 80.114583333333002, 6.906249999999879 ], [ 80.110416666666339, 6.910416666666585 ], [ 80.102083333332956, 6.910416666666585 ], [ 80.097916666666293, 6.914583333333233 ], [ 80.097916666666293, 6.918749999999896 ], [ 80.093749999999631, 6.922916666666559 ] ] ] } },
{ "type": "Feature", "properties": { "HYRIV_ID": 41405873, "NEXT_DOWN": 41405872, "MAIN_RIV": 41405515, "LENGTH_KM": 0.46, "DIST_DN_KM": 37.8, "DIST_UP_KM": 6.5, "CATCH_SKM": 0.43, "UPLAND_SKM": 20.0, "ENDORHEIC": 0, "DIS_AV_CMS": 0.86500001, "ORD_STRA": 2, "ORD_CLAS": 3, "ORD_FLOW": 7, "HYBAS_L12": 4121158680.0, "Shape_Length": 0.0041666666666628771 }, "geometry": { "type": "MultiLineString", "coordinates": [ [ [ 80.12708333333299, 6.906249999999879 ], [ 80.122916666666328, 6.906249999999879 ] ] ] } },
{ "type": "Feature", "properties": { "HYRIV_ID": 41405874, "NEXT_DOWN": 41405873, "MAIN_RIV": 41405515, "LENGTH_KM": 0.46, "DIST_DN_KM": 38.3, "DIST_UP_KM": 4.5, "CATCH_SKM": 0.43, "UPLAND_SKM": 8.9, "ENDORHEIC": 0, "DIS_AV_CMS": 0.382, "ORD_STRA": 2, "ORD_CLAS": 4, "ORD_FLOW": 7, "HYBAS_L12": 4121158680.0, "Shape_Length": 0.0041666666666628771 }, "geometry": { "type": "MultiLineString", "coordinates": [ [ [ 80.131249999999653, 6.906249999999879 ], [ 80.12708333333299, 6.906249999999879 ] ] ] } },
{ "type": "Feature", "properties": { "HYRIV_ID": 41405875, "NEXT_DOWN": 41405874, "MAIN_RIV": 41405515, "LENGTH_KM": 1.16, "DIST_DN_KM": 38.700001, "DIST_UP_KM": 4.1, "CATCH_SKM": 4.4699998, "UPLAND_SKM": 4.5, "ENDORHEIC": 0, "DIS_AV_CMS": 0.19, "ORD_STRA": 1, "ORD_CLAS": 4, "ORD_FLOW": 7, "HYBAS_L12": 4121158680.0, "Shape_Length": 0.010416666666685614 }, "geometry": { "type": "MultiLineString", "coordinates": [ [ [ 80.131249999999653, 6.916666666666565 ], [ 80.131249999999653, 6.906249999999879 ] ] ] } },
{ "type": "Feature", "properties": { "HYRIV_ID": 41405876, "NEXT_DOWN": 41405874, "MAIN_RIV": 41405515, "LENGTH_KM": 2.09, "DIST_DN_KM": 38.900002, "DIST_UP_KM": 3.1, "CATCH_SKM": 4.0500002, "UPLAND_SKM": 4.0, "ENDORHEIC": 0, "DIS_AV_CMS": 0.173, "ORD_STRA": 1, "ORD_CLAS": 5, "ORD_FLOW": 7, "HYBAS_L12": 4121158680.0, "Shape_Length": 0.018898057941369222 }, "geometry": { "type": "MultiLineString", "coordinates": [ [ [ 80.145833333332945, 6.916666666666565 ], [ 80.139583333333036, 6.910416666666585 ], [ 80.135416666666373, 6.910416666666585 ], [ 80.131249999999653, 6.906249999999879 ] ] ] } },
{ "type": "Feature", "properties": { "HYRIV_ID": 41405893, "NEXT_DOWN": 41405854, "MAIN_RIV": 41405515, "LENGTH_KM": 3.3800001, "DIST_DN_KM": 31.1, "DIST_UP_KM": 5.9, "CATCH_SKM": 8.1, "UPLAND_SKM": 8.1, "ENDORHEIC": 0, "DIS_AV_CMS": 0.345, "ORD_STRA": 1, "ORD_CLAS": 2, "ORD_FLOW": 7, "HYBAS_L12": 4121158680.0, "Shape_Length": 0.030535113019739695 }, "geometry": { "type": "MultiLineString", "coordinates": [ [ [ 80.099999999999596, 6.897916666666568 ], [ 80.093749999999631, 6.897916666666568 ], [ 80.089583333332968, 6.902083333333216 ], [ 80.081249999999642, 6.902083333333216 ], [ 80.081249999999642, 6.906249999999879 ], [ 80.077083333332979, 6.910416666666585 ] ] ] } },
{ "type": "Feature", "properties": { "HYRIV_ID": 41405894, "NEXT_DOWN": 41405861, "MAIN_RIV": 41405515, "LENGTH_KM": 4.6500001, "DIST_DN_KM": 76.900002, "DIST_UP_KM": 20.6, "CATCH_SKM": 7.46, "UPLAND_SKM": 108.7, "ENDORHEIC": 0, "DIS_AV_CMS": 4.7410002, "ORD_STRA": 3, "ORD_CLAS": 2, "ORD_FLOW": 6, "HYBAS_L12": 4121601950.0, "Shape_Length": 0.041962782549403749 }, "geometry": { "type": "MultiLineString", "coordinates": [ [ [ 80.393749999999642, 6.897916666666568 ], [ 80.389583333332979, 6.902083333333216 ], [ 80.393749999999642, 6.906249999999879 ], [ 80.393749999999642, 6.910416666666585 ], [ 80.389583333332979, 6.914583333333233 ], [ 80.381249999999653, 6.914583333333233 ], [ 80.37708333333299, 6.910416666666585 ], [ 80.372916666666328, 6.914583333333233 ] ] ] } },
{ "type": "Feature", "properties": { "HYRIV_ID": 41405907, "NEXT_DOWN": 41405870, "MAIN_RIV": 41405515, "LENGTH_KM": 2.56, "DIST_DN_KM": 13.0, "DIST_UP_KM": 4.5, "CATCH_SKM": 4.0500002, "UPLAND_SKM": 4.0, "ENDORHEIC": 0, "DIS_AV_CMS": 0.154, "ORD_STRA": 1, "ORD_CLAS": 3, "ORD_FLOW": 7, "HYBAS_L12": 4121601920.0, "Shape_Length": 0.023064724608004683 }, "geometry": { "type": "MultiLineString", "coordinates": [ [ [ 79.895833333332945, 6.891666666666573 ], [ 79.902083333333081, 6.897916666666568 ], [ 79.902083333333081, 6.902083333333216 ], [ 79.906249999999744, 6.906249999999879 ], [ 79.910416666666293, 6.906249999999879 ] ] ] } },
{ "type": "Feature", "properties": { "HYRIV_ID": 41405908, "NEXT_DOWN": 41405870, "MAIN_RIV": 41405515, "LENGTH_KM": 1.77, "DIST_DN_KM": 13.0, "DIST_UP_KM": 10.1, "CATCH_SKM": 4.4699998, "UPLAND_SKM": 45.200001, "ENDORHEIC": 0, "DIS_AV_CMS": 1.762, "ORD_STRA": 2, "ORD_CLAS": 2, "ORD_FLOW": 6, "HYBAS_L12": 4121601920.0, "Shape_Length": 0.015951779686417901 }, "geometry": { "type": "MultiLineString", "coordinates": [ [ [ 79.918749999999619, 6.89375 ], [ 79.910416666666293, 6.902083333333216 ], [ 79.910416666666293, 6.906249999999879 ] ] ] } },
{ "type": "Feature", "properties": { "HYRIV_ID": 41405909, "NEXT_DOWN": 41405789, "MAIN_RIV": 41405515, "LENGTH_KM": 3.4300001, "DIST_DN_KM": 24.3, "DIST_UP_KM": 9.5, "CATCH_SKM": 8.1, "UPLAND_SKM": 31.8, "ENDORHEIC": 0, "DIS_AV_CMS": 1.321, "ORD_STRA": 2, "ORD_CLAS": 2, "ORD_FLOW": 6, "HYBAS_L12": 4121601930.0, "Shape_Length": 0.030892556509874009 }, "geometry": { "type": "MultiLineString", "coordinates": [ [ [ 80.018749999999699, 6.89375 ], [ 80.018749999999699, 6.914583333333233 ], [ 80.022916666666362, 6.918749999999896 ], [ 80.022916666666362, 6.922916666666559 ] ] ] } },
{ "type": "Feature", "properties": { "HYRIV_ID": 41405910, "NEXT_DOWN": 41405873, "MAIN_RIV": 41405515, "LENGTH_KM": 4.6799998, "DIST_DN_KM": 38.5, "DIST_UP_KM": 5.8, "CATCH_SKM": 10.65, "UPLAND_SKM": 10.7, "ENDORHEIC": 0, "DIS_AV_CMS": 0.464, "ORD_STRA": 1, "ORD_CLAS": 3, "ORD_FLOW": 7, "HYBAS_L12": 4121158680.0, "Shape_Length": 0.042320226039500607 }, "geometry": { "type": "MultiLineString", "coordinates": [ [ [ 80.15833333333299, 6.902083333333216 ], [ 80.152083333333024, 6.902083333333216 ], [ 80.152083333333024, 6.897916666666568 ], [ 80.147916666666362, 6.89375 ], [ 80.143749999999699, 6.89375 ], [ 80.139583333333036, 6.897916666666568 ], [ 80.135416666666373, 6.897916666666568 ], [ 80.12708333333299, 6.906249999999879 ] ] ] } },
{ "type": "Feature", "properties": { "HYRIV_ID": 41405911, "NEXT_DOWN": 41405858, "MAIN_RIV": 41405515, "LENGTH_KM": 3.21, "DIST_DN_KM": 60.8, "DIST_UP_KM": 5.1, "CATCH_SKM": 7.6700001, "UPLAND_SKM": 7.7, "ENDORHEIC": 0, "DIS_AV_CMS": 0.339, "ORD_STRA": 1, "ORD_CLAS": 4, "ORD_FLOW": 7, "HYBAS_L12": 4121158550.0, "Shape_Length": 0.028957281117886924 }, "geometry": { "type": "MultiLineString", "coordinates": [ [ [ 80.233333333333036, 6.891666666666573 ], [ 80.239583333332945, 6.897916666666568 ], [ 80.235416666666282, 6.902083333333216 ], [ 80.231249999999619, 6.902083333333216 ], [ 80.227083333332956, 6.906249999999879 ], [ 80.227083333332956, 6.910416666666585 ] ] ] } },
{ "type": "Feature", "properties": { "HYRIV_ID": 41405912, "NEXT_DOWN": 41405913, "MAIN_RIV": 41405515, "LENGTH_KM": 0.69, "DIST_DN_KM": 67.699997, "DIST_UP_KM": 2.7, "CATCH_SKM": 4.2600002, "UPLAND_SKM": 4.3, "ENDORHEIC": 0, "DIS_AV_CMS": 0.188, "ORD_STRA": 1, "ORD_CLAS": 4, "ORD_FLOW": 7, "HYBAS_L12": 4121158550.0, "Shape_Length": 0.0062500000000795808 }, "geometry": { "type": "MultiLineString", "coordinates": [ [ [ 80.270833333332945, 6.89375 ], [ 80.277083333333024, 6.89375 ] ] ] } },
{ "type": "Feature", "properties": { "HYRIV_ID": 41405913, "NEXT_DOWN": 41405860, "MAIN_RIV": 41405515, "LENGTH_KM": 1.85, "DIST_DN_KM": 65.900002, "DIST_UP_KM": 16.700001, "CATCH_SKM": 5.9699998, "UPLAND_SKM": 56.5, "ENDORHEIC": 0, "DIS_AV_CMS": 2.562, "ORD_STRA": 2, "ORD_CLAS": 3, "ORD_FLOW": 6, "HYBAS_L12": 4121158550.0, "Shape_Length": 0.01666666666667993 }, "geometry": { "type": "MultiLineString", "coordinates": [ [ [ 80.277083333333024, 6.89375 ], [ 80.277083333333024, 6.910416666666585 ] ] ] } },
{ "type": "Feature", "properties": { "HYRIV_ID": 41405914, "NEXT_DOWN": 41405935, "MAIN_RIV": 41405515, "LENGTH_KM": 6.64, "DIST_DN_KM": 85.400002, "DIST_UP_KM": 8.8, "CATCH_SKM": 19.6, "UPLAND_SKM": 19.6, "ENDORHEIC": 0, "DIS_AV_CMS": 0.81300002, "ORD_STRA": 1, "ORD_CLAS": 3, "ORD_FLOW": 7, "HYBAS_L12": 4121601950.0, "Shape_Length": 0.059849837627746726 }, "geometry": { "type": "MultiLineString", "coordinates": [ [ [ 80.441666666666293, 6.945833333333219 ], [ 80.435416666666271, 6.939583333333225 ], [ 80.435416666666271, 6.918749999999896 ], [ 80.427083333333059, 6.910416666666585 ], [ 80.427083333333059, 6.897916666666568 ], [ 80.422916666666396, 6.89375 ] ] ] } },
{ "type": "Feature", "properties": { "HYRIV_ID": 41405915, "NEXT_DOWN": 41405937, "MAIN_RIV": 41405515, "LENGTH_KM": 3.21, "DIST_DN_KM": 87.900002, "DIST_UP_KM": 5.1, "CATCH_SKM": 6.8200002, "UPLAND_SKM": 6.8, "ENDORHEIC": 0, "DIS_AV_CMS": 0.283, "ORD_STRA": 1, "ORD_CLAS": 3, "ORD_FLOW": 7, "HYBAS_L12": 4121601950.0, "Shape_Length": 0.028957281118011671 }, "geometry": { "type": "MultiLineString", "coordinates": [ [ [ 80.462499999999665, 6.9125 ], [ 80.456249999999642, 6.906249999999879 ], [ 80.452083333332922, 6.906249999999879 ], [ 80.443749999999596, 6.897916666666568 ], [ 80.443749999999596, 6.89375 ] ] ] } },
{ "type": "Feature", "properties": { "HYRIV_ID": 41405929, "NEXT_DOWN": 41405787, "MAIN_RIV": 41405515, "LENGTH_KM": 6.54, "DIST_DN_KM": 10.7, "DIST_UP_KM": 8.7, "CATCH_SKM": 18.33, "UPLAND_SKM": 18.3, "ENDORHEIC": 0, "DIS_AV_CMS": 0.686, "ORD_STRA": 1, "ORD_CLAS": 3, "ORD_FLOW": 7, "HYBAS_L12": 4121601920.0, "Shape_Length": 0.058986892706267516 }, "geometry": { "type": "MultiLineString", "coordinates": [ [ [ 79.874999999999631, 6.889583333333242 ], [ 79.881249999999596, 6.889583333333242 ], [ 79.885416666666373, 6.89375 ], [ 79.885416666666373, 6.902083333333216 ], [ 79.889583333333036, 6.906249999999879 ], [ 79.889583333333036, 6.922916666666559 ], [ 79.893749999999699, 6.927083333333208 ], [ 79.897916666666362, 6.922916666666559 ], [ 79.902083333333081, 6.922916666666559 ] ] ] } },
{ "type": "Feature", "properties": { "HYRIV_ID": 41405930, "NEXT_DOWN": 41405908, "MAIN_RIV": 41405515, "LENGTH_KM": 0.46, "DIST_DN_KM": 14.7, "DIST_UP_KM": 8.4, "CATCH_SKM": 0.85, "UPLAND_SKM": 26.6, "ENDORHEIC": 0, "DIS_AV_CMS": 1.045, "ORD_STRA": 2, "ORD_CLAS": 2, "ORD_FLOW": 6, "HYBAS_L12": 4121601920.0, "Shape_Length": 0.0041666666666628771 }, "geometry": { "type": "MultiLineString", "coordinates": [ [ [ 79.918749999999619, 6.889583333333242 ], [ 79.918749999999619, 6.89375 ] ] ] } },
{ "type": "Feature", "properties": { "HYRIV_ID": 41405931, "NEXT_DOWN": 41405908, "MAIN_RIV": 41405515, "LENGTH_KM": 6.0700002, "DIST_DN_KM": 14.7, "DIST_UP_KM": 8.3, "CATCH_SKM": 14.06, "UPLAND_SKM": 14.1, "ENDORHEIC": 0, "DIS_AV_CMS": 0.546, "ORD_STRA": 1, "ORD_CLAS": 3, "ORD_FLOW": 7, "HYBAS_L12": 4121601920.0, "Shape_Length": 0.054820226039565455 }, "geometry": { "type": "MultiLineString", "coordinates": [ [ [ 79.954166666666396, 6.889583333333242 ], [ 79.947916666666316, 6.889583333333242 ], [ 79.943749999999596, 6.89375 ], [ 79.943749999999596, 6.902083333333216 ], [ 79.93958333333299, 6.902083333333216 ], [ 79.935416666666271, 6.906249999999879 ], [ 79.931249999999778, 6.906249999999879 ], [ 79.927083333332945, 6.902083333333216 ], [ 79.927083333332945, 6.897916666666568 ], [ 79.922916666666396, 6.89375 ], [ 79.918749999999619, 6.89375 ] ] ] } },
{ "type": "Feature", "properties": { "HYRIV_ID": 41405932, "NEXT_DOWN": 41405858, "MAIN_RIV": 41405515, "LENGTH_KM": 2.51, "DIST_DN_KM": 61.0, "DIST_UP_KM": 9.8, "CATCH_SKM": 5.9699998, "UPLAND_SKM": 24.3, "ENDORHEIC": 0, "DIS_AV_CMS": 1.1, "ORD_STRA": 2, "ORD_CLAS": 3, "ORD_FLOW": 6, "HYBAS_L12": 4121158550.0, "Shape_Length": 0.022559223176549979 }, "geometry": { "type": "MultiLineString", "coordinates": [ [ [ 80.222916666666293, 6.889583333333242 ], [ 80.222916666666293, 6.906249999999879 ], [ 80.227083333332956, 6.910416666666585 ] ] ] } },
{ "type": "Feature", "properties": { "HYRIV_ID": 41405933, "NEXT_DOWN": 41405894, "MAIN_RIV": 41405515, "LENGTH_KM": 1.35, "DIST_DN_KM": 81.599998, "DIST_UP_KM": 3.2, "CATCH_SKM": 4.9, "UPLAND_SKM": 4.9, "ENDORHEIC": 0, "DIS_AV_CMS": 0.212, "ORD_STRA": 1, "ORD_CLAS": 3, "ORD_FLOW": 7, "HYBAS_L12": 4121601950.0, "Shape_Length": 0.012142556509876851 }, "geometry": { "type": "MultiLineString", "coordinates": [ [ [ 80.389583333332979, 6.8875 ], [ 80.389583333332979, 6.89375 ], [ 80.393749999999642, 6.897916666666568 ] ] ] } },
{ "type": "Feature", "properties": { "HYRIV_ID": 41405934, "NEXT_DOWN": 41405894, "MAIN_RIV": 41405515, "LENGTH_KM": 3.1500001, "DIST_DN_KM": 81.400002, "DIST_UP_KM": 16.1, "CATCH_SKM": 8.5200005, "UPLAND_SKM": 96.300003, "ENDORHEIC": 0, "DIS_AV_CMS": 4.1500001, "ORD_STRA": 3, "ORD_CLAS": 2, "ORD_FLOW": 6, "HYBAS_L12": 4121601950.0, "Shape_Length": 0.028451779686473423 }, "geometry": { "type": "MultiLineString", "coordinates": [ [ [ 80.418749999999676, 6.889583333333242 ], [ 80.414583333333013, 6.89375 ], [ 80.406249999999687, 6.89375 ], [ 80.402083333333024, 6.897916666666568 ], [ 80.393749999999642, 6.897916666666568 ] ] ] } },
{ "type": "Feature", "properties": { "HYRIV_ID": 41405935, "NEXT_DOWN": 41405934, "MAIN_RIV": 41405515, "LENGTH_KM": 0.65, "DIST_DN_KM": 84.699997, "DIST_UP_KM": 12.8, "CATCH_SKM": 1.0700001, "UPLAND_SKM": 53.5, "ENDORHEIC": 0, "DIS_AV_CMS": 2.253, "ORD_STRA": 2, "ORD_CLAS": 2, "ORD_FLOW": 6, "HYBAS_L12": 4121601950.0, "Shape_Length": 0.005892556509922731 }, "geometry": { "type": "MultiLineString", "coordinates": [ [ [ 80.422916666666396, 6.89375 ], [ 80.418749999999676, 6.889583333333242 ] ] ] } },
{ "type": "Feature", "properties": { "HYRIV_ID": 41405936, "NEXT_DOWN": 41405935, "MAIN_RIV": 41405515, "LENGTH_KM": 1.5700001, "DIST_DN_KM": 85.199997, "DIST_UP_KM": 12.3, "CATCH_SKM": 2.98, "UPLAND_SKM": 32.8, "ENDORHEIC": 0, "DIS_AV_CMS": 1.392, "ORD_STRA": 2, "ORD_CLAS": 2, "ORD_FLOW": 6, "HYBAS_L12": 4121601950.0, "Shape_Length": 0.014225889843127903 }, "geometry": { "type": "MultiLineString", "coordinates": [ [ [ 80.435416666666271, 6.889583333333242 ], [ 80.431249999999608, 6.889583333333242 ], [ 80.427083333333059, 6.89375 ], [ 80.422916666666396, 6.89375 ] ] ] } },
{ "type": "Feature", "properties": { "HYRIV_ID": 41405937, "NEXT_DOWN": 41405936, "MAIN_RIV": 41405515, "LENGTH_KM": 1.11, "DIST_DN_KM": 87.0, "DIST_UP_KM": 10.6, "CATCH_SKM": 1.0700001, "UPLAND_SKM": 25.8, "ENDORHEIC": 0, "DIS_AV_CMS": 1.087, "ORD_STRA": 2, "ORD_CLAS": 2, "ORD_FLOW": 6, "HYBAS_L12": 4121601950.0, "Shape_Length": 0.010059223176512117 }, "geometry": { "type": "MultiLineString", "coordinates": [ [ [ 80.443749999999596, 6.89375 ], [ 80.439583333333047, 6.89375 ], [ 80.435416666666271, 6.889583333333242 ] ] ] } },
{ "type": "Feature", "properties": { "HYRIV_ID": 41405938, "NEXT_DOWN": 41405936, "MAIN_RIV": 41405515, "LENGTH_KM": 0.69, "DIST_DN_KM": 86.800003, "DIST_UP_KM": 3.5, "CATCH_SKM": 4.0500002, "UPLAND_SKM": 4.0, "ENDORHEIC": 0, "DIS_AV_CMS": 0.17200001, "ORD_STRA": 1, "ORD_CLAS": 3, "ORD_FLOW": 7, "HYBAS_L12": 4121601950.0, "Shape_Length": 0.0062500000000227374 }, "geometry": { "type": "MultiLineString", "coordinates": [ [ [ 80.441666666666293, 6.889583333333242 ], [ 80.435416666666271, 6.889583333333242 ] ] ] } },
{ "type": "Feature", "properties": { "HYRIV_ID": 41405952, "NEXT_DOWN": 41405930, "MAIN_RIV": 41405515, "LENGTH_KM": 0.69, "DIST_DN_KM": 15.2, "DIST_UP_KM": 2.4, "CATCH_SKM": 2.98, "UPLAND_SKM": 3.0, "ENDORHEIC": 0, "DIS_AV_CMS": 0.115, "ORD_STRA": 1, "ORD_CLAS": 3, "ORD_FLOW": 7, "HYBAS_L12": 4121601920.0, "Shape_Length": 0.0062500000000227374 }, "geometry": { "type": "MultiLineString", "coordinates": [ [ [ 79.918749999999619, 6.883333333333219 ], [ 79.918749999999619, 6.889583333333242 ] ] ] } },
{ "type": "Feature", "properties": { "HYRIV_ID": 41405953, "NEXT_DOWN": 41405937, "MAIN_RIV": 41405515, "LENGTH_KM": 1.77, "DIST_DN_KM": 88.099998, "DIST_UP_KM": 9.5, "CATCH_SKM": 2.77, "UPLAND_SKM": 17.9, "ENDORHEIC": 0, "DIS_AV_CMS": 0.75599998, "ORD_STRA": 2, "ORD_CLAS": 2, "ORD_FLOW": 7, "HYBAS_L12": 4121601950.0, "Shape_Length": 0.015951779686438294 }, "geometry": { "type": "MultiLineString", "coordinates": [ [ [ 80.456249999999642, 6.885416666666551 ], [ 80.452083333332922, 6.889583333333242 ], [ 80.44791666666643, 6.889583333333242 ], [ 80.443749999999596, 6.89375 ] ] ] } },
{ "type": "Feature", "properties": { "HYRIV_ID": 41405963, "NEXT_DOWN": 41405788, "MAIN_RIV": 41405515, "LENGTH_KM": 5.81, "DIST_DN_KM": 19.1, "DIST_UP_KM": 7.2, "CATCH_SKM": 13.85, "UPLAND_SKM": 13.9, "ENDORHEIC": 0, "DIS_AV_CMS": 0.55, "ORD_STRA": 1, "ORD_CLAS": 2, "ORD_FLOW": 7, "HYBAS_L12": 4121601930.0, "Shape_Length": 0.052379449216145492 }, "geometry": { "type": "MultiLineString", "coordinates": [ [ [ 79.977083333332956, 6.879166666666556 ], [ 79.977083333332956, 6.889583333333242 ], [ 79.985416666666339, 6.897916666666568 ], [ 79.981249999999676, 6.902083333333216 ], [ 79.981249999999676, 6.914583333333233 ], [ 79.989583333333002, 6.922916666666559 ] ] ] } },
{ "type": "Feature", "properties": { "HYRIV_ID": 41405964, "NEXT_DOWN": 41406010, "MAIN_RIV": 41405515, "LENGTH_KM": 2.46, "DIST_DN_KM": 76.199997, "DIST_UP_KM": 3.8, "CATCH_SKM": 5.1100001, "UPLAND_SKM": 5.1, "ENDORHEIC": 0, "DIS_AV_CMS": 0.223, "ORD_STRA": 1, "ORD_CLAS": 4, "ORD_FLOW": 7, "HYBAS_L12": 4121158550.0, "Shape_Length": 0.022201779686450686 }, "geometry": { "type": "MultiLineString", "coordinates": [ [ [ 80.331249999999642, 6.899999999999899 ], [ 80.331249999999642, 6.89375 ], [ 80.335416666666305, 6.889583333333242 ], [ 80.335416666666305, 6.885416666666551 ], [ 80.331249999999642, 6.881249999999888 ] ] ] } },
{ "type": "Feature", "properties": { "HYRIV_ID": 41405965, "NEXT_DOWN": 41405934, "MAIN_RIV": 41405515, "LENGTH_KM": 1.12, "DIST_DN_KM": 84.5, "DIST_UP_KM": 11.5, "CATCH_SKM": 1.28, "UPLAND_SKM": 34.3, "ENDORHEIC": 0, "DIS_AV_CMS": 1.494, "ORD_STRA": 2, "ORD_CLAS": 3, "ORD_FLOW": 6, "HYBAS_L12": 4121601950.0, "Shape_Length": 0.010059223176573834 }, "geometry": { "type": "MultiLineString", "coordinates": [ [ [ 80.414583333333013, 6.881249999999888 ], [ 80.418749999999676, 6.885416666666551 ], [ 80.418749999999676, 6.889583333333242 ] ] ] } },
{ "type": "Feature", "properties": { "HYRIV_ID": 41405966, "NEXT_DOWN": 41405953, "MAIN_RIV": 41405515, "LENGTH_KM": 0.98, "DIST_DN_KM": 89.800003, "DIST_UP_KM": 3.8, "CATCH_SKM": 2.77, "UPLAND_SKM": 2.8, "ENDORHEIC": 0, "DIS_AV_CMS": 0.117, "ORD_STRA": 1, "ORD_CLAS": 3, "ORD_FLOW": 7, "HYBAS_L12": 4121601950.0, "Shape_Length": 0.008838834764843902 }, "geometry": { "type": "MultiLineString", "coordinates": [ [ [ 80.462499999999665, 6.879166666666556 ], [ 80.456249999999642, 6.885416666666551 ] ] ] } },
{ "type": "Feature", "properties": { "HYRIV_ID": 41405981, "NEXT_DOWN": 41405871, "MAIN_RIV": 41405515, "LENGTH_KM": 3.81, "DIST_DN_KM": 29.700001, "DIST_UP_KM": 18.4, "CATCH_SKM": 7.25, "UPLAND_SKM": 95.5, "ENDORHEIC": 0, "DIS_AV_CMS": 4.3109999, "ORD_STRA": 3, "ORD_CLAS": 2, "ORD_FLOW": 6, "HYBAS_L12": 4121158700.0, "Shape_Length": 0.034344336196357683 }, "geometry": { "type": "MultiLineString", "coordinates": [ [ [ 80.072916666666316, 6.877083333333225 ], [ 80.072916666666316, 6.89375 ], [ 80.060416666666271, 6.906249999999879 ] ] ] } },
{ "type": "Feature", "properties": { "HYRIV_ID": 41405982, "NEXT_DOWN": 41405932, "MAIN_RIV": 41405515, "LENGTH_KM": 1.81, "DIST_DN_KM": 63.5, "DIST_UP_KM": 3.2, "CATCH_SKM": 4.9, "UPLAND_SKM": 4.9, "ENDORHEIC": 0, "DIS_AV_CMS": 0.22, "ORD_STRA": 1, "ORD_CLAS": 4, "ORD_FLOW": 7, "HYBAS_L12": 4121158550.0, "Shape_Length": 0.016309223176559827 }, "geometry": { "type": "MultiLineString", "coordinates": [ [ [ 80.227083333332956, 6.874999999999893 ], [ 80.227083333332956, 6.885416666666551 ], [ 80.222916666666293, 6.889583333333242 ] ] ] } },
{ "type": "Feature", "properties": { "HYRIV_ID": 41405983, "NEXT_DOWN": 41405792, "MAIN_RIV": 41405515, "LENGTH_KM": 5.9899998, "DIST_DN_KM": 72.300003, "DIST_UP_KM": 8.6, "CATCH_SKM": 8.9499998, "UPLAND_SKM": 9.0, "ENDORHEIC": 0, "DIS_AV_CMS": 0.39500001, "ORD_STRA": 1, "ORD_CLAS": 3, "ORD_FLOW": 7, "HYBAS_L12": 4121601950.0, "Shape_Length": 0.053957281117998981 }, "geometry": { "type": "MultiLineString", "coordinates": [ [ [ 80.354166666666373, 6.874999999999893 ], [ 80.347916666666293, 6.881249999999888 ], [ 80.347916666666293, 6.889583333333242 ], [ 80.343749999999631, 6.89375 ], [ 80.343749999999631, 6.897916666666568 ], [ 80.339583333332968, 6.902083333333216 ], [ 80.339583333332968, 6.922916666666559 ] ] ] } },
{ "type": "Feature", "properties": { "HYRIV_ID": 41405991, "NEXT_DOWN": 41405909, "MAIN_RIV": 41405515, "LENGTH_KM": 2.74, "DIST_DN_KM": 27.9, "DIST_UP_KM": 4.6, "CATCH_SKM": 9.8, "UPLAND_SKM": 9.8, "ENDORHEIC": 0, "DIS_AV_CMS": 0.40900001, "ORD_STRA": 1, "ORD_CLAS": 3, "ORD_FLOW": 7, "HYBAS_L12": 4121601930.0, "Shape_Length": 0.024642556509879694 }, "geometry": { "type": "MultiLineString", "coordinates": [ [ [ 80.022916666666362, 6.870833333333245 ], [ 80.022916666666362, 6.889583333333242 ], [ 80.018749999999699, 6.89375 ] ] ] } },
{ "type": "Feature", "properties": { "HYRIV_ID": 41405992, "NEXT_DOWN": 41405981, "MAIN_RIV": 41405515, "LENGTH_KM": 0.65, "DIST_DN_KM": 33.5, "DIST_UP_KM": 14.6, "CATCH_SKM": 0.43, "UPLAND_SKM": 75.400002, "ENDORHEIC": 0, "DIS_AV_CMS": 3.4030001, "ORD_STRA": 3, "ORD_CLAS": 2, "ORD_FLOW": 6, "HYBAS_L12": 4121158700.0, "Shape_Length": 0.0058925565098724882 }, "geometry": { "type": "MultiLineString", "coordinates": [ [ [ 80.077083333332979, 6.872916666666576 ], [ 80.072916666666316, 6.877083333333225 ] ] ] } },
{ "type": "Feature", "properties": { "HYRIV_ID": 41405993, "NEXT_DOWN": 41405992, "MAIN_RIV": 41405515, "LENGTH_KM": 0.98, "DIST_DN_KM": 34.099998, "DIST_UP_KM": 2.9, "CATCH_SKM": 3.62, "UPLAND_SKM": 3.6, "ENDORHEIC": 0, "DIS_AV_CMS": 0.155, "ORD_STRA": 1, "ORD_CLAS": 3, "ORD_FLOW": 7, "HYBAS_L12": 4121158700.0, "Shape_Length": 0.0088388347648740481 }, "geometry": { "type": "MultiLineString", "coordinates": [ [ [ 80.083333333333059, 6.879166666666556 ], [ 80.077083333332979, 6.872916666666576 ] ] ] } },
{ "type": "Feature", "properties": { "HYRIV_ID": 41405994, "NEXT_DOWN": 41405872, "MAIN_RIV": 41405515, "LENGTH_KM": 5.1100001, "DIST_DN_KM": 37.8, "DIST_UP_KM": 15.0, "CATCH_SKM": 10.87, "UPLAND_SKM": 55.8, "ENDORHEIC": 0, "DIS_AV_CMS": 2.5420001, "ORD_STRA": 2, "ORD_CLAS": 2, "ORD_FLOW": 6, "HYBAS_L12": 4121158680.0, "Shape_Length": 0.046129449216100224 }, "geometry": { "type": "MultiLineString", "coordinates": [ [ [ 80.147916666666362, 6.872916666666576 ], [ 80.139583333333036, 6.881249999999888 ], [ 80.135416666666373, 6.881249999999888 ], [ 80.12708333333299, 6.889583333333242 ], [ 80.12708333333299, 6.89375 ], [ 80.122916666666328, 6.897916666666568 ], [ 80.122916666666328, 6.906249999999879 ] ] ] } },
{ "type": "Feature", "properties": { "HYRIV_ID": 41405995, "NEXT_DOWN": 41405965, "MAIN_RIV": 41405515, "LENGTH_KM": 1.4400001, "DIST_DN_KM": 85.699997, "DIST_UP_KM": 2.9, "CATCH_SKM": 4.6900001, "UPLAND_SKM": 4.7, "ENDORHEIC": 0, "DIS_AV_CMS": 0.204, "ORD_STRA": 1, "ORD_CLAS": 4, "ORD_FLOW": 7, "HYBAS_L12": 4121601950.0, "Shape_Length": 0.01300550143149673 }, "geometry": { "type": "MultiLineString", "coordinates": [ [ [ 80.40833333333299, 6.870833333333245 ], [ 80.414583333333013, 6.877083333333225 ], [ 80.414583333333013, 6.881249999999888 ] ] ] } },
{ "type": "Feature", "properties": { "HYRIV_ID": 41405996, "NEXT_DOWN": 41405965, "MAIN_RIV": 41405515, "LENGTH_KM": 1.31, "DIST_DN_KM": 85.800003, "DIST_UP_KM": 10.2, "CATCH_SKM": 1.71, "UPLAND_SKM": 28.3, "ENDORHEIC": 0, "DIS_AV_CMS": 1.2309999, "ORD_STRA": 2, "ORD_CLAS": 3, "ORD_FLOW": 6, "HYBAS_L12": 4121601950.0, "Shape_Length": 0.011785113019795219 }, "geometry": { "type": "MultiLineString", "coordinates": [ [ [ 80.422916666666396, 6.872916666666576 ], [ 80.414583333333013, 6.881249999999888 ] ] ] } },
{ "type": "Feature", "properties": { "HYRIV_ID": 41405997, "NEXT_DOWN": 41406097, "MAIN_RIV": 41405515, "LENGTH_KM": 1.35, "DIST_DN_KM": 116.7, "DIST_UP_KM": 2.7, "CATCH_SKM": 6.1799998, "UPLAND_SKM": 6.2, "ENDORHEIC": 0, "DIS_AV_CMS": 0.241, "ORD_STRA": 1, "ORD_CLAS": 3, "ORD_FLOW": 7, "HYBAS_L12": 4121158540.0, "Shape_Length": 0.012142556509866804 }, "geometry": { "type": "MultiLineString", "coordinates": [ [ [ 80.602083333332956, 6.883333333333219 ], [ 80.602083333332956, 6.877083333333225 ], [ 80.606249999999619, 6.872916666666576 ] ] ] } },
{ "type": "Feature", "properties": { "HYRIV_ID": 41406007, "NEXT_DOWN": 41405930, "MAIN_RIV": 41405515, "LENGTH_KM": 3.35, "DIST_DN_KM": 15.4, "DIST_UP_KM": 7.7, "CATCH_SKM": 9.8, "UPLAND_SKM": 22.8, "ENDORHEIC": 0, "DIS_AV_CMS": 0.898, "ORD_STRA": 2, "ORD_CLAS": 2, "ORD_FLOW": 7, "HYBAS_L12": 4121601920.0, "Shape_Length": 0.030177669529638976 }, "geometry": { "type": "MultiLineString", "coordinates": [ [ [ 79.935416666666271, 6.868749999999871 ], [ 79.931249999999778, 6.868749999999871 ], [ 79.931249999999778, 6.872916666666576 ], [ 79.927083333332945, 6.877083333333225 ], [ 79.927083333332945, 6.881249999999888 ], [ 79.918749999999619, 6.889583333333242 ] ] ] } },
{ "type": "Feature", "properties": { "HYRIV_ID": 41406008, "NEXT_DOWN": 41405994, "MAIN_RIV": 41405515, "LENGTH_KM": 1.15, "DIST_DN_KM": 42.900002, "DIST_UP_KM": 3.0, "CATCH_SKM": 4.48, "UPLAND_SKM": 4.5, "ENDORHEIC": 0, "DIS_AV_CMS": 0.198, "ORD_STRA": 1, "ORD_CLAS": 3, "ORD_FLOW": 7, "HYBAS_L12": 4121158680.0, "Shape_Length": 0.010416666666728247 }, "geometry": { "type": "MultiLineString", "coordinates": [ [ [ 80.141666666666339, 6.868749999999871 ], [ 80.147916666666362, 6.868749999999871 ], [ 80.147916666666362, 6.872916666666576 ] ] ] } },
{ "type": "Feature", "properties": { "HYRIV_ID": 41406009, "NEXT_DOWN": 41405913, "MAIN_RIV": 41405515, "LENGTH_KM": 4.6500001, "DIST_DN_KM": 67.800003, "DIST_UP_KM": 14.8, "CATCH_SKM": 12.36, "UPLAND_SKM": 46.200001, "ENDORHEIC": 0, "DIS_AV_CMS": 2.096, "ORD_STRA": 2, "ORD_CLAS": 3, "ORD_FLOW": 6, "HYBAS_L12": 4121158550.0, "Shape_Length": 0.041962782549368013 }, "geometry": { "type": "MultiLineString", "coordinates": [ [ [ 80.306249999999608, 6.868749999999871 ], [ 80.302083333332945, 6.872916666666576 ], [ 80.297916666666396, 6.872916666666576 ], [ 80.281249999999687, 6.889583333333242 ], [ 80.277083333333024, 6.889583333333242 ], [ 80.277083333333024, 6.89375 ] ] ] } },
{ "type": "Feature", "properties": { "HYRIV_ID": 41406010, "NEXT_DOWN": 41406009, "MAIN_RIV": 41405515, "LENGTH_KM": 3.61, "DIST_DN_KM": 72.400002, "DIST_UP_KM": 10.2, "CATCH_SKM": 8.3100004, "UPLAND_SKM": 25.6, "ENDORHEIC": 0, "DIS_AV_CMS": 1.15, "ORD_STRA": 2, "ORD_CLAS": 3, "ORD_FLOW": 6, "HYBAS_L12": 4121158550.0, "Shape_Length": 0.032618446353152239 }, "geometry": { "type": "MultiLineString", "coordinates": [ [ [ 80.331249999999642, 6.881249999999888 ], [ 80.318749999999596, 6.881249999999888 ], [ 80.314583333333047, 6.877083333333225 ], [ 80.314583333333047, 6.872916666666576 ], [ 80.310416666666271, 6.868749999999871 ], [ 80.306249999999608, 6.868749999999871 ] ] ] } },
{ "type": "Feature", "properties": { "HYRIV_ID": 41406011, "NEXT_DOWN": 41405808, "MAIN_RIV": 41405515, "LENGTH_KM": 8.1300001, "DIST_DN_KM": 74.099998, "DIST_UP_KM": 9.6, "CATCH_SKM": 20.030001, "UPLAND_SKM": 20.0, "ENDORHEIC": 0, "DIS_AV_CMS": 0.884, "ORD_STRA": 1, "ORD_CLAS": 3, "ORD_FLOW": 7, "HYBAS_L12": 4121601950.0, "Shape_Length": 0.073360840490825349 }, "geometry": { "type": "MultiLineString", "coordinates": [ [ [ 80.383333333332956, 6.866666666666539 ], [ 80.37708333333299, 6.872916666666576 ], [ 80.368749999999665, 6.872916666666576 ], [ 80.360416666666282, 6.881249999999888 ], [ 80.360416666666282, 6.885416666666551 ], [ 80.356249999999619, 6.889583333333242 ], [ 80.356249999999619, 6.897916666666568 ], [ 80.352083333332956, 6.902083333333216 ], [ 80.352083333332956, 6.906249999999879 ], [ 80.347916666666293, 6.910416666666585 ], [ 80.347916666666293, 6.914583333333233 ], [ 80.352083333332956, 6.918749999999896 ] ] ] } },
{ "type": "Feature", "properties": { "HYRIV_ID": 41406012, "NEXT_DOWN": 41405996, "MAIN_RIV": 41405515, "LENGTH_KM": 0.98, "DIST_DN_KM": 87.099998, "DIST_UP_KM": 3.6, "CATCH_SKM": 3.4100001, "UPLAND_SKM": 3.4, "ENDORHEIC": 0, "DIS_AV_CMS": 0.148, "ORD_STRA": 1, "ORD_CLAS": 4, "ORD_FLOW": 7, "HYBAS_L12": 4121601950.0, "Shape_Length": 0.0088388347647936592 }, "geometry": { "type": "MultiLineString", "coordinates": [ [ [ 80.429166666666305, 6.866666666666539 ], [ 80.422916666666396, 6.872916666666576 ] ] ] } },
{ "type": "Feature", "properties": { "HYRIV_ID": 41406013, "NEXT_DOWN": 41405953, "MAIN_RIV": 41405515, "LENGTH_KM": 5.89, "DIST_DN_KM": 89.800003, "DIST_UP_KM": 7.7, "CATCH_SKM": 12.36, "UPLAND_SKM": 12.4, "ENDORHEIC": 0, "DIS_AV_CMS": 0.52, "ORD_STRA": 1, "ORD_CLAS": 2, "ORD_FLOW": 7, "HYBAS_L12": 4121601950.0, "Shape_Length": 0.053242394137788918 }, "geometry": { "type": "MultiLineString", "coordinates": [ [ [ 80.487499999999699, 6.866666666666539 ], [ 80.481249999999619, 6.872916666666576 ], [ 80.485416666666282, 6.877083333333225 ], [ 80.485416666666282, 6.881249999999888 ], [ 80.481249999999619, 6.885416666666551 ], [ 80.477083333332956, 6.885416666666551 ], [ 80.472916666666293, 6.889583333333242 ], [ 80.460416666666305, 6.889583333333242 ], [ 80.456249999999642, 6.885416666666551 ] ] ] } },
{ "type": "Feature", "properties": { "HYRIV_ID": 41406014, "NEXT_DOWN": 41406097, "MAIN_RIV": 41405515, "LENGTH_KM": 1.11, "DIST_DN_KM": 116.7, "DIST_UP_KM": 6.5, "CATCH_SKM": 0.85, "UPLAND_SKM": 21.700001, "ENDORHEIC": 0, "DIS_AV_CMS": 0.84500003, "ORD_STRA": 2, "ORD_CLAS": 2, "ORD_FLOW": 7, "HYBAS_L12": 4121158540.0, "Shape_Length": 0.010059223176575559 }, "geometry": { "type": "MultiLineString", "coordinates": [ [ [ 80.614583333332945, 6.868749999999871 ], [ 80.610416666666282, 6.868749999999871 ], [ 80.606249999999619, 6.872916666666576 ] ] ] } },
{ "type": "Feature", "properties": { "HYRIV_ID": 41406015, "NEXT_DOWN": 41406014, "MAIN_RIV": 41405515, "LENGTH_KM": 2.1, "DIST_DN_KM": 117.7, "DIST_UP_KM": 3.8, "CATCH_SKM": 6.39, "UPLAND_SKM": 6.4, "ENDORHEIC": 0, "DIS_AV_CMS": 0.24600001, "ORD_STRA": 1, "ORD_CLAS": 4, "ORD_FLOW": 7, "HYBAS_L12": 4121158540.0, "Shape_Length": 0.018898057941462095 }, "geometry": { "type": "MultiLineString", "coordinates": [ [ [ 80.624999999999687, 6.883333333333219 ], [ 80.614583333332945, 6.872916666666576 ], [ 80.614583333332945, 6.868749999999871 ] ] ] } },
{ "type": "Feature", "properties": { "HYRIV_ID": 41406016, "NEXT_DOWN": 41406014, "MAIN_RIV": 41405515, "LENGTH_KM": 3.21, "DIST_DN_KM": 117.6, "DIST_UP_KM": 4.6, "CATCH_SKM": 6.1799998, "UPLAND_SKM": 6.2, "ENDORHEIC": 0, "DIS_AV_CMS": 0.239, "ORD_STRA": 1, "ORD_CLAS": 3, "ORD_FLOW": 7, "HYBAS_L12": 4121158540.0, "Shape_Length": 0.028957281117961427 }, "geometry": { "type": "MultiLineString", "coordinates": [ [ [ 80.637499999999619, 6.870833333333245 ], [ 80.631249999999653, 6.877083333333225 ], [ 80.62708333333299, 6.872916666666576 ], [ 80.622916666666271, 6.872916666666576 ], [ 80.618749999999608, 6.868749999999871 ], [ 80.614583333332945, 6.868749999999871 ] ] ] } },
{ "type": "Feature", "properties": { "HYRIV_ID": 41406030, "NEXT_DOWN": 41405909, "MAIN_RIV": 41405515, "LENGTH_KM": 4.04, "DIST_DN_KM": 27.9, "DIST_UP_KM": 5.9, "CATCH_SKM": 13.85, "UPLAND_SKM": 13.9, "ENDORHEIC": 0, "DIS_AV_CMS": 0.57099998, "ORD_STRA": 1, "ORD_CLAS": 2, "ORD_FLOW": 7, "HYBAS_L12": 4121601930.0, "Shape_Length": 0.036427669529679074 }, "geometry": { "type": "MultiLineString", "coordinates": [ [ [ 80.00624999999971, 6.862499999999876 ], [ 80.00624999999971, 6.881249999999888 ], [ 80.018749999999699, 6.89375 ] ] ] } },
{ "type": "Feature", "properties": { "HYRIV_ID": 41406031, "NEXT_DOWN": 41405994, "MAIN_RIV": 41405515, "LENGTH_KM": 1.31, "DIST_DN_KM": 43.099998, "DIST_UP_KM": 9.7, "CATCH_SKM": 2.1300001, "UPLAND_SKM": 40.5, "ENDORHEIC": 0, "DIS_AV_CMS": 1.8380001, "ORD_STRA": 2, "ORD_CLAS": 2, "ORD_FLOW": 6, "HYBAS_L12": 4121158680.0, "Shape_Length": 0.011785113019795219 }, "geometry": { "type": "MultiLineString", "coordinates": [ [ [ 80.156249999999687, 6.864583333333208 ], [ 80.147916666666362, 6.872916666666576 ] ] ] } },
{ "type": "Feature", "properties": { "HYRIV_ID": 41406032, "NEXT_DOWN": 41406031, "MAIN_RIV": 41405515, "LENGTH_KM": 0.92, "DIST_DN_KM": 44.200001, "DIST_UP_KM": 8.6, "CATCH_SKM": 1.28, "UPLAND_SKM": 35.400002, "ENDORHEIC": 0, "DIS_AV_CMS": 1.604, "ORD_STRA": 2, "ORD_CLAS": 2, "ORD_FLOW": 6, "HYBAS_L12": 4121158680.0, "Shape_Length": 0.0083333333333825976 }, "geometry": { "type": "MultiLineString", "coordinates": [ [ [ 80.16458333333307, 6.864583333333208 ], [ 80.156249999999687, 6.864583333333208 ] ] ] } },
{ "type": "Feature", "properties": { "HYRIV_ID": 41406033, "NEXT_DOWN": 41406032, "MAIN_RIV": 41405515, "LENGTH_KM": 2.73, "DIST_DN_KM": 45.099998, "DIST_UP_KM": 4.9, "CATCH_SKM": 9.1599998, "UPLAND_SKM": 9.2, "ENDORHEIC": 0, "DIS_AV_CMS": 0.405, "ORD_STRA": 1, "ORD_CLAS": 3, "ORD_FLOW": 7, "HYBAS_L12": 4121158680.0, "Shape_Length": 0.024642556509860608 }, "geometry": { "type": "MultiLineString", "coordinates": [ [ [ 80.172916666666396, 6.883333333333219 ], [ 80.172916666666396, 6.868749999999871 ], [ 80.168749999999619, 6.864583333333208 ], [ 80.16458333333307, 6.864583333333208 ] ] ] } },
{ "type": "Feature", "properties": { "HYRIV_ID": 41406034, "NEXT_DOWN": 41405521, "MAIN_RIV": 41405515, "LENGTH_KM": 16.93, "DIST_DN_KM": 89.599998, "DIST_UP_KM": 38.099998, "CATCH_SKM": 52.209999, "UPLAND_SKM": 187.8, "ENDORHEIC": 0, "DIS_AV_CMS": 8.2110004, "ORD_STRA": 3, "ORD_CLAS": 2, "ORD_FLOW": 6, "HYBAS_L12": 4121158570.0, "Shape_Length": 0.15261423749162439 }, "geometry": { "type": "MultiLineString", "coordinates": [ [ [ 80.527083333333024, 6.864583333333208 ], [ 80.527083333333024, 6.877083333333225 ], [ 80.518749999999642, 6.885416666666551 ], [ 80.514583333332979, 6.885416666666551 ], [ 80.50208333333299, 6.897916666666568 ], [ 80.50208333333299, 6.906249999999879 ], [ 80.485416666666282, 6.922916666666559 ], [ 80.481249999999619, 6.922916666666559 ], [ 80.472916666666293, 6.931249999999871 ], [ 80.472916666666293, 6.935416666666576 ], [ 80.464583333332968, 6.943749999999888 ], [ 80.464583333332968, 6.952083333333213 ], [ 80.460416666666305, 6.95625 ], [ 80.460416666666305, 6.972916666666542 ], [ 80.452083333332922, 6.981249999999896 ] ] ] } },
{ "type": "Feature", "properties": { "HYRIV_ID": 41406051, "NEXT_DOWN": 41406007, "MAIN_RIV": 41405515, "LENGTH_KM": 1.16, "DIST_DN_KM": 18.5, "DIST_UP_KM": 2.7, "CATCH_SKM": 3.84, "UPLAND_SKM": 3.8, "ENDORHEIC": 0, "DIS_AV_CMS": 0.152, "ORD_STRA": 1, "ORD_CLAS": 3, "ORD_FLOW": 7, "HYBAS_L12": 4121601920.0, "Shape_Length": 0.010416666666642982 }, "geometry": { "type": "MultiLineString", "coordinates": [ [ [ 79.935416666666271, 6.858333333333228 ], [ 79.935416666666271, 6.868749999999871 ] ] ] } },
{ "type": "Feature", "properties": { "HYRIV_ID": 41406052, "NEXT_DOWN": 41405871, "MAIN_RIV": 41405515, "LENGTH_KM": 6.2800002, "DIST_DN_KM": 29.5, "DIST_UP_KM": 7.8, "CATCH_SKM": 15.13, "UPLAND_SKM": 15.1, "ENDORHEIC": 0, "DIS_AV_CMS": 0.639, "ORD_STRA": 1, "ORD_CLAS": 3, "ORD_FLOW": 7, "HYBAS_L12": 4121158700.0, "Shape_Length": 0.056546115882758125 }, "geometry": { "type": "MultiLineString", "coordinates": [ [ [ 80.039583333332956, 6.858333333333228 ], [ 80.039583333332956, 6.864583333333208 ], [ 80.043749999999619, 6.868749999999871 ], [ 80.043749999999619, 6.872916666666576 ], [ 80.047916666666396, 6.877083333333225 ], [ 80.047916666666396, 6.889583333333242 ], [ 80.060416666666271, 6.902083333333216 ], [ 80.060416666666271, 6.906249999999879 ] ] ] } },
{ "type": "Feature", "properties": { "HYRIV_ID": 41406053, "NEXT_DOWN": 41406031, "MAIN_RIV": 41405515, "LENGTH_KM": 0.69, "DIST_DN_KM": 44.200001, "DIST_UP_KM": 2.2, "CATCH_SKM": 2.98, "UPLAND_SKM": 3.0, "ENDORHEIC": 0, "DIS_AV_CMS": 0.134, "ORD_STRA": 1, "ORD_CLAS": 3, "ORD_FLOW": 7, "HYBAS_L12": 4121158680.0, "Shape_Length": 0.0062499999999801048 }, "geometry": { "type": "MultiLineString", "coordinates": [ [ [ 80.156249999999687, 6.858333333333228 ], [ 80.156249999999687, 6.864583333333208 ] ] ] } },
{ "type": "Feature", "properties": { "HYRIV_ID": 41406054, "NEXT_DOWN": 41406034, "MAIN_RIV": 41405515, "LENGTH_KM": 2.72, "DIST_DN_KM": 106.5, "DIST_UP_KM": 5.0, "CATCH_SKM": 9.3800001, "UPLAND_SKM": 9.4, "ENDORHEIC": 0, "DIS_AV_CMS": 0.394, "ORD_STRA": 1, "ORD_CLAS": 3, "ORD_FLOW": 7, "HYBAS_L12": 4121158570.0, "Shape_Length": 0.024642556509810364 }, "geometry": { "type": "MultiLineString", "coordinates": [ [ [ 80.504166666666407, 6.860416666666559 ], [ 80.522916666666305, 6.860416666666559 ], [ 80.527083333333024, 6.864583333333208 ] ] ] } },
{ "type": "Feature", "properties": { "HYRIV_ID": 41406067, "NEXT_DOWN": 41406007, "MAIN_RIV": 41405515, "LENGTH_KM": 3.11, "DIST_DN_KM": 18.700001, "DIST_UP_KM": 4.4, "CATCH_SKM": 9.1599998, "UPLAND_SKM": 9.2, "ENDORHEIC": 0, "DIS_AV_CMS": 0.36500001, "ORD_STRA": 1, "ORD_CLAS": 2, "ORD_FLOW": 7, "HYBAS_L12": 4121601920.0, "Shape_Length": 0.028094336196403565 }, "geometry": { "type": "MultiLineString", "coordinates": [ [ [ 79.958333333333059, 6.856249999999896 ], [ 79.952083333332979, 6.856249999999896 ], [ 79.943749999999596, 6.864583333333208 ], [ 79.93958333333299, 6.864583333333208 ], [ 79.935416666666271, 6.868749999999871 ] ] ] } },
{ "type": "Feature", "properties": { "HYRIV_ID": 41406068, "NEXT_DOWN": 41406032, "MAIN_RIV": 41405515, "LENGTH_KM": 1.77, "DIST_DN_KM": 45.3, "DIST_UP_KM": 7.5, "CATCH_SKM": 2.34, "UPLAND_SKM": 24.9, "ENDORHEIC": 0, "DIS_AV_CMS": 1.136, "ORD_STRA": 2, "ORD_CLAS": 2, "ORD_FLOW": 6, "HYBAS_L12": 4121158680.0, "Shape_Length": 0.015951779686304214 }, "geometry": { "type": "MultiLineString", "coordinates": [ [ [ 80.177083333332945, 6.856249999999896 ], [ 80.172916666666396, 6.856249999999896 ], [ 80.16458333333307, 6.864583333333208 ] ] ] } },
{ "type": "Feature", "properties": { "HYRIV_ID": 41406069, "NEXT_DOWN": 41406068, "MAIN_RIV": 41405515, "LENGTH_KM": 1.38, "DIST_DN_KM": 46.900002, "DIST_UP_KM": 5.9, "CATCH_SKM": 1.92, "UPLAND_SKM": 15.6, "ENDORHEIC": 0, "DIS_AV_CMS": 0.70300001, "ORD_STRA": 2, "ORD_CLAS": 2, "ORD_FLOW": 7, "HYBAS_L12": 4121158680.0, "Shape_Length": 0.012500000000159162 }, "geometry": { "type": "MultiLineString", "coordinates": [ [ [ 80.189583333333104, 6.856249999999896 ], [ 80.177083333332945, 6.856249999999896 ] ] ] } },
{ "type": "Feature", "properties": { "HYRIV_ID": 41406070, "NEXT_DOWN": 41406069, "MAIN_RIV": 41405515, "LENGTH_KM": 2.9200001, "DIST_DN_KM": 48.3, "DIST_UP_KM": 4.5, "CATCH_SKM": 6.39, "UPLAND_SKM": 6.4, "ENDORHEIC": 0, "DIS_AV_CMS": 0.285, "ORD_STRA": 1, "ORD_CLAS": 2, "ORD_FLOW": 7, "HYBAS_L12": 4121158680.0, "Shape_Length": 0.026368446352973182 }, "geometry": { "type": "MultiLineString", "coordinates": [ [ [ 80.202083333332979, 6.874999999999893 ], [ 80.202083333332979, 6.868749999999871 ], [ 80.193749999999596, 6.860416666666559 ], [ 80.193749999999596, 6.856249999999896 ], [ 80.189583333333104, 6.856249999999896 ] ] ] } },
{ "type": "Feature", "properties": { "HYRIV_ID": 41406071, "NEXT_DOWN": 41406009, "MAIN_RIV": 41405515, "LENGTH_KM": 2.27, "DIST_DN_KM": 72.400002, "DIST_UP_KM": 4.3, "CATCH_SKM": 8.3100004, "UPLAND_SKM": 8.3, "ENDORHEIC": 0, "DIS_AV_CMS": 0.375, "ORD_STRA": 1, "ORD_CLAS": 4, "ORD_FLOW": 7, "HYBAS_L12": 4121158550.0, "Shape_Length": 0.02047588984322098 }, "geometry": { "type": "MultiLineString", "coordinates": [ [ [ 80.316666666666293, 6.856249999999896 ], [ 80.310416666666271, 6.856249999999896 ], [ 80.310416666666271, 6.860416666666559 ], [ 80.306249999999608, 6.864583333333208 ], [ 80.306249999999608, 6.868749999999871 ] ] ] } },
{ "type": "Feature", "properties": { "HYRIV_ID": 41406072, "NEXT_DOWN": 41406014, "MAIN_RIV": 41405515, "LENGTH_KM": 3.21, "DIST_DN_KM": 117.8, "DIST_UP_KM": 5.4, "CATCH_SKM": 8.3100004, "UPLAND_SKM": 8.3, "ENDORHEIC": 0, "DIS_AV_CMS": 0.324, "ORD_STRA": 1, "ORD_CLAS": 2, "ORD_FLOW": 7, "HYBAS_L12": 4121158540.0, "Shape_Length": 0.028957281117941328 }, "geometry": { "type": "MultiLineString", "coordinates": [ [ [ 80.637499999999619, 6.854166666666565 ], [ 80.62708333333299, 6.864583333333208 ], [ 80.618749999999608, 6.864583333333208 ], [ 80.614583333332945, 6.868749999999871 ] ] ] } },
{ "type": "Feature", "properties": { "HYRIV_ID": 41406094, "NEXT_DOWN": 41405992, "MAIN_RIV": 41405515, "LENGTH_KM": 2.32, "DIST_DN_KM": 33.900002, "DIST_UP_KM": 14.1, "CATCH_SKM": 5.75, "UPLAND_SKM": 71.400002, "ENDORHEIC": 0, "DIS_AV_CMS": 3.224, "ORD_STRA": 3, "ORD_CLAS": 2, "ORD_FLOW": 6, "HYBAS_L12": 4121158700.0, "Shape_Length": 0.020833333333342807 }, "geometry": { "type": "MultiLineString", "coordinates": [ [ [ 80.077083333332979, 6.852083333333233 ], [ 80.077083333332979, 6.872916666666576 ] ] ] } },
{ "type": "Feature", "properties": { "HYRIV_ID": 41406095, "NEXT_DOWN": 41406069, "MAIN_RIV": 41405515, "LENGTH_KM": 1.8, "DIST_DN_KM": 48.5, "DIST_UP_KM": 3.9, "CATCH_SKM": 7.25, "UPLAND_SKM": 7.2, "ENDORHEIC": 0, "DIS_AV_CMS": 0.329, "ORD_STRA": 1, "ORD_CLAS": 3, "ORD_FLOW": 7, "HYBAS_L12": 4121158680.0, "Shape_Length": 0.016309223176504413 }, "geometry": { "type": "MultiLineString", "coordinates": [ [ [ 80.204166666666339, 6.852083333333233 ], [ 80.193749999999596, 6.852083333333233 ], [ 80.189583333333104, 6.856249999999896 ] ] ] } },
{ "type": "Feature", "properties": { "HYRIV_ID": 41406096, "NEXT_DOWN": 41405809, "MAIN_RIV": 41405515, "LENGTH_KM": 11.91, "DIST_DN_KM": 101.9, "DIST_UP_KM": 35.900002, "CATCH_SKM": 34.740002, "UPLAND_SKM": 169.7, "ENDORHEIC": 0, "DIS_AV_CMS": 6.9499998, "ORD_STRA": 3, "ORD_CLAS": 1, "ORD_FLOW": 6, "HYBAS_L12": 4121158540.0, "Shape_Length": 0.10749579113843813 }, "geometry": { "type": "MultiLineString", "coordinates": [ [ [ 80.593749999999631, 6.852083333333233 ], [ 80.589583333332968, 6.852083333333233 ], [ 80.564583333333047, 6.877083333333225 ], [ 80.560416666666271, 6.877083333333225 ], [ 80.539583333333013, 6.897916666666568 ], [ 80.53541666666635, 6.897916666666568 ], [ 80.53541666666635, 6.902083333333216 ], [ 80.531249999999687, 6.906249999999879 ], [ 80.527083333333024, 6.906249999999879 ], [ 80.522916666666305, 6.910416666666585 ], [ 80.522916666666305, 6.914583333333233 ], [ 80.518749999999642, 6.918749999999896 ] ] ] } },
{ "type": "Feature", "properties": { "HYRIV_ID": 41406097, "NEXT_DOWN": 41406096, "MAIN_RIV": 41405515, "LENGTH_KM": 2.8800001, "DIST_DN_KM": 113.7, "DIST_UP_KM": 9.6, "CATCH_SKM": 4.9, "UPLAND_SKM": 32.8, "ENDORHEIC": 0, "DIS_AV_CMS": 1.2869999, "ORD_STRA": 2, "ORD_CLAS": 2, "ORD_FLOW": 6, "HYBAS_L12": 4121158540.0, "Shape_Length": 0.02601100286299346 }, "geometry": { "type": "MultiLineString", "coordinates": [ [ [ 80.606249999999619, 6.872916666666576 ], [ 80.593749999999631, 6.860416666666559 ], [ 80.593749999999631, 6.852083333333233 ] ] ] } },
{ "type": "Feature", "properties": { "HYRIV_ID": 41406108, "NEXT_DOWN": 41406010, "MAIN_RIV": 41405515, "LENGTH_KM": 4.3200002, "DIST_DN_KM": 76.199997, "DIST_UP_KM": 6.4, "CATCH_SKM": 12.15, "UPLAND_SKM": 12.1, "ENDORHEIC": 0, "DIS_AV_CMS": 0.54900002, "ORD_STRA": 1, "ORD_CLAS": 3, "ORD_FLOW": 7, "HYBAS_L12": 4121158550.0, "Shape_Length": 0.038868446353077936 }, "geometry": { "type": "MultiLineString", "coordinates": [ [ [ 80.339583333332968, 6.845833333333253 ], [ 80.339583333332968, 6.872916666666576 ], [ 80.331249999999642, 6.881249999999888 ] ] ] } },
{ "type": "Feature", "properties": { "HYRIV_ID": 41406124, "NEXT_DOWN": 41406094, "MAIN_RIV": 41405515, "LENGTH_KM": 3.53, "DIST_DN_KM": 36.5, "DIST_UP_KM": 11.6, "CATCH_SKM": 4.9, "UPLAND_SKM": 27.9, "ENDORHEIC": 0, "DIS_AV_CMS": 1.256, "ORD_STRA": 2, "ORD_CLAS": 2, "ORD_FLOW": 6, "HYBAS_L12": 4121158700.0, "Shape_Length": 0.031903559372825754 }, "geometry": { "type": "MultiLineString", "coordinates": [ [ [ 80.102083333332956, 6.84375 ], [ 80.093749999999631, 6.84375 ], [ 80.089583333332968, 6.847916666666571 ], [ 80.085416666666305, 6.84375 ], [ 80.077083333332979, 6.852083333333233 ] ] ] } },
{ "type": "Feature", "properties": { "HYRIV_ID": 41406125, "NEXT_DOWN": 41406124, "MAIN_RIV": 41405515, "LENGTH_KM": 2.46, "DIST_DN_KM": 40.0, "DIST_UP_KM": 4.1, "CATCH_SKM": 9.3800001, "UPLAND_SKM": 9.4, "ENDORHEIC": 0, "DIS_AV_CMS": 0.412, "ORD_STRA": 1, "ORD_CLAS": 3, "ORD_FLOW": 7, "HYBAS_L12": 4121158700.0, "Shape_Length": 0.022201779686423988 }, "geometry": { "type": "MultiLineString", "coordinates": [ [ [ 80.116666666666305, 6.856249999999896 ], [ 80.110416666666339, 6.856249999999896 ], [ 80.106249999999619, 6.852083333333233 ], [ 80.106249999999619, 6.847916666666571 ], [ 80.102083333332956, 6.84375 ] ] ] } },
{ "type": "Feature", "properties": { "HYRIV_ID": 41406126, "NEXT_DOWN": 41405996, "MAIN_RIV": 41405515, "LENGTH_KM": 6.64, "DIST_DN_KM": 87.0, "DIST_UP_KM": 9.1, "CATCH_SKM": 23.23, "UPLAND_SKM": 23.200001, "ENDORHEIC": 0, "DIS_AV_CMS": 1.005, "ORD_STRA": 1, "ORD_CLAS": 3, "ORD_FLOW": 6, "HYBAS_L12": 4121601950.0, "Shape_Length": 0.059997895569125687 }, "geometry": { "type": "MultiLineString", "coordinates": [ [ [ 80.47083333333299, 6.84375 ], [ 80.464583333332968, 6.84375 ], [ 80.443749999999596, 6.864583333333208 ], [ 80.439583333333047, 6.864583333333208 ], [ 80.435416666666271, 6.868749999999871 ], [ 80.431249999999608, 6.868749999999871 ], [ 80.427083333333059, 6.872916666666576 ], [ 80.422916666666396, 6.872916666666576 ] ] ] } },
{ "type": "Feature", "properties": { "HYRIV_ID": 41406149, "NEXT_DOWN": 41405981, "MAIN_RIV": 41405515, "LENGTH_KM": 5.81, "DIST_DN_KM": 33.3, "DIST_UP_KM": 7.8, "CATCH_SKM": 12.79, "UPLAND_SKM": 12.8, "ENDORHEIC": 0, "DIS_AV_CMS": 0.55299997, "ORD_STRA": 1, "ORD_CLAS": 3, "ORD_FLOW": 7, "HYBAS_L12": 4121158700.0, "Shape_Length": 0.052379449216019322 }, "geometry": { "type": "MultiLineString", "coordinates": [ [ [ 80.047916666666396, 6.837499999999885 ], [ 80.047916666666396, 6.84375 ], [ 80.052083333332945, 6.84375 ], [ 80.060416666666271, 6.852083333333233 ], [ 80.060416666666271, 6.856249999999896 ], [ 80.06458333333299, 6.860416666666559 ], [ 80.06458333333299, 6.864583333333208 ], [ 80.072916666666316, 6.872916666666576 ], [ 80.072916666666316, 6.877083333333225 ] ] ] } },
{ "type": "Feature", "properties": { "HYRIV_ID": 41406150, "NEXT_DOWN": 41405932, "MAIN_RIV": 41405515, "LENGTH_KM": 5.98, "DIST_DN_KM": 63.5, "DIST_UP_KM": 7.3, "CATCH_SKM": 13.43, "UPLAND_SKM": 13.4, "ENDORHEIC": 0, "DIS_AV_CMS": 0.612, "ORD_STRA": 1, "ORD_CLAS": 3, "ORD_FLOW": 7, "HYBAS_L12": 4121158550.0, "Shape_Length": 0.053809223176568353 }, "geometry": { "type": "MultiLineString", "coordinates": [ [ [ 80.218749999999631, 6.837499999999885 ], [ 80.218749999999631, 6.885416666666551 ], [ 80.222916666666293, 6.889583333333242 ] ] ] } },
{ "type": "Feature", "properties": { "HYRIV_ID": 41406151, "NEXT_DOWN": 41406034, "MAIN_RIV": 41405515, "LENGTH_KM": 4.46, "DIST_DN_KM": 106.5, "DIST_UP_KM": 21.200001, "CATCH_SKM": 12.79, "UPLAND_SKM": 126.2, "ENDORHEIC": 0, "DIS_AV_CMS": 5.3610001, "ORD_STRA": 3, "ORD_CLAS": 2, "ORD_FLOW": 6, "HYBAS_L12": 4121158570.0, "Shape_Length": 0.040236892706227739 }, "geometry": { "type": "MultiLineString", "coordinates": [ [ [ 80.552083333333059, 6.839583333333216 ], [ 80.547916666666339, 6.84375 ], [ 80.547916666666339, 6.852083333333233 ], [ 80.539583333333013, 6.860416666666559 ], [ 80.531249999999687, 6.860416666666559 ], [ 80.527083333333024, 6.864583333333208 ] ] ] } },
{ "type": "Feature", "properties": { "HYRIV_ID": 41406166, "NEXT_DOWN": 41406094, "MAIN_RIV": 41405515, "LENGTH_KM": 2.23, "DIST_DN_KM": 36.3, "DIST_UP_KM": 9.7, "CATCH_SKM": 4.2600002, "UPLAND_SKM": 37.700001, "ENDORHEIC": 0, "DIS_AV_CMS": 1.693, "ORD_STRA": 2, "ORD_CLAS": 3, "ORD_FLOW": 6, "HYBAS_L12": 4121158700.0, "Shape_Length": 0.020118446353106764 }, "geometry": { "type": "MultiLineString", "coordinates": [ [ [ 80.085416666666305, 6.835416666666553 ], [ 80.077083333332979, 6.84375 ], [ 80.077083333332979, 6.852083333333233 ] ] ] } },
{ "type": "Feature", "properties": { "HYRIV_ID": 41406192, "NEXT_DOWN": 41406068, "MAIN_RIV": 41405515, "LENGTH_KM": 3.2, "DIST_DN_KM": 46.900002, "DIST_UP_KM": 5.4, "CATCH_SKM": 7.0300002, "UPLAND_SKM": 7.0, "ENDORHEIC": 0, "DIS_AV_CMS": 0.322, "ORD_STRA": 1, "ORD_CLAS": 3, "ORD_FLOW": 7, "HYBAS_L12": 4121158680.0, "Shape_Length": 0.028809223176627125 }, "geometry": { "type": "MultiLineString", "coordinates": [ [ [ 80.181249999999721, 6.829166666666573 ], [ 80.181249999999721, 6.84375 ], [ 80.177083333332945, 6.847916666666571 ], [ 80.177083333332945, 6.856249999999896 ] ] ] } },
{ "type": "Feature", "properties": { "HYRIV_ID": 41406193, "NEXT_DOWN": 41406151, "MAIN_RIV": 41405515, "LENGTH_KM": 1.12, "DIST_DN_KM": 111.0, "DIST_UP_KM": 16.700001, "CATCH_SKM": 1.0700001, "UPLAND_SKM": 93.599998, "ENDORHEIC": 0, "DIS_AV_CMS": 3.9289999, "ORD_STRA": 3, "ORD_CLAS": 2, "ORD_FLOW": 6, "HYBAS_L12": 4121158570.0, "Shape_Length": 0.010059223176531202 }, "geometry": { "type": "MultiLineString", "coordinates": [ [ [ 80.556249999999721, 6.83125 ], [ 80.556249999999721, 6.835416666666553 ], [ 80.552083333333059, 6.839583333333216 ] ] ] } },
{ "type": "Feature", "properties": { "HYRIV_ID": 41406213, "NEXT_DOWN": 41406166, "MAIN_RIV": 41405515, "LENGTH_KM": 0.93, "DIST_DN_KM": 38.5, "DIST_UP_KM": 7.4, "CATCH_SKM": 1.71, "UPLAND_SKM": 25.200001, "ENDORHEIC": 0, "DIS_AV_CMS": 1.124, "ORD_STRA": 2, "ORD_CLAS": 3, "ORD_FLOW": 6, "HYBAS_L12": 4121158700.0, "Shape_Length": 0.0083333333333541759 }, "geometry": { "type": "MultiLineString", "coordinates": [ [ [ 80.085416666666305, 6.827083333333199 ], [ 80.085416666666305, 6.835416666666553 ] ] ] } },
{ "type": "Feature", "properties": { "HYRIV_ID": 41406214, "NEXT_DOWN": 41406124, "MAIN_RIV": 41405515, "LENGTH_KM": 5.8800001, "DIST_DN_KM": 40.0, "DIST_UP_KM": 8.1, "CATCH_SKM": 13.64, "UPLAND_SKM": 13.6, "ENDORHEIC": 0, "DIS_AV_CMS": 0.61799997, "ORD_STRA": 1, "ORD_CLAS": 2, "ORD_FLOW": 7, "HYBAS_L12": 4121158700.0, "Shape_Length": 0.053094336196389154 }, "geometry": { "type": "MultiLineString", "coordinates": [ [ [ 80.137499999999619, 6.835416666666553 ], [ 80.131249999999653, 6.835416666666553 ], [ 80.122916666666328, 6.827083333333199 ], [ 80.118749999999665, 6.827083333333199 ], [ 80.118749999999665, 6.839583333333216 ], [ 80.106249999999619, 6.839583333333216 ], [ 80.102083333332956, 6.84375 ] ] ] } },
{ "type": "Feature", "properties": { "HYRIV_ID": 41406232, "NEXT_DOWN": 41406151, "MAIN_RIV": 41405515, "LENGTH_KM": 6.2600002, "DIST_DN_KM": 110.8, "DIST_UP_KM": 8.1, "CATCH_SKM": 19.82, "UPLAND_SKM": 19.8, "ENDORHEIC": 0, "DIS_AV_CMS": 0.84200001, "ORD_STRA": 1, "ORD_CLAS": 3, "ORD_FLOW": 7, "HYBAS_L12": 4121158570.0, "Shape_Length": 0.056546115882776499 }, "geometry": { "type": "MultiLineString", "coordinates": [ [ [ 80.508333333332956, 6.822916666666579 ], [ 80.514583333332979, 6.822916666666579 ], [ 80.518749999999642, 6.827083333333199 ], [ 80.527083333333024, 6.827083333333199 ], [ 80.531249999999687, 6.822916666666579 ], [ 80.53541666666635, 6.827083333333199 ], [ 80.543749999999676, 6.827083333333199 ], [ 80.552083333333059, 6.835416666666553 ], [ 80.552083333333059, 6.839583333333216 ] ] ] } },
{ "type": "Feature", "properties": { "HYRIV_ID": 41406258, "NEXT_DOWN": 41406193, "MAIN_RIV": 41405515, "LENGTH_KM": 1.39, "DIST_DN_KM": 111.9, "DIST_UP_KM": 10.6, "CATCH_SKM": 2.35, "UPLAND_SKM": 39.900002, "ENDORHEIC": 0, "DIS_AV_CMS": 1.692, "ORD_STRA": 2, "ORD_CLAS": 3, "ORD_FLOW": 6, "HYBAS_L12": 4121158570.0, "Shape_Length": 0.012500000000017053 }, "geometry": { "type": "MultiLineString", "coordinates": [ [ [ 80.556249999999721, 6.818749999999888 ], [ 80.556249999999721, 6.83125 ] ] ] } },
{ "type": "Feature", "properties": { "HYRIV_ID": 41406259, "NEXT_DOWN": 41406096, "MAIN_RIV": 41405515, "LENGTH_KM": 7.52, "DIST_DN_KM": 113.7, "DIST_UP_KM": 24.200001, "CATCH_SKM": 31.76, "UPLAND_SKM": 102.1, "ENDORHEIC": 0, "DIS_AV_CMS": 4.0760002, "ORD_STRA": 2, "ORD_CLAS": 1, "ORD_FLOW": 6, "HYBAS_L12": 4121158540.0, "Shape_Length": 0.067973785412445017 }, "geometry": { "type": "MultiLineString", "coordinates": [ [ [ 80.647916666666305, 6.818749999999888 ], [ 80.639583333332979, 6.818749999999888 ], [ 80.631249999999653, 6.827083333333199 ], [ 80.62708333333299, 6.827083333333199 ], [ 80.614583333332945, 6.839583333333216 ], [ 80.610416666666282, 6.839583333333216 ], [ 80.597916666666293, 6.852083333333233 ], [ 80.593749999999631, 6.852083333333233 ] ] ] } },
{ "type": "Feature", "properties": { "HYRIV_ID": 41406278, "NEXT_DOWN": 41406213, "MAIN_RIV": 41405515, "LENGTH_KM": 1.77, "DIST_DN_KM": 39.599998, "DIST_UP_KM": 6.3, "CATCH_SKM": 2.56, "UPLAND_SKM": 19.0, "ENDORHEIC": 0, "DIS_AV_CMS": 0.84500003, "ORD_STRA": 2, "ORD_CLAS": 3, "ORD_FLOW": 7, "HYBAS_L12": 4121158700.0, "Shape_Length": 0.015951779686426228 }, "geometry": { "type": "MultiLineString", "coordinates": [ [ [ 80.077083333332979, 6.814583333333225 ], [ 80.081249999999642, 6.818749999999888 ], [ 80.081249999999642, 6.822916666666579 ], [ 80.085416666666305, 6.827083333333199 ] ] ] } },
{ "type": "Feature", "properties": { "HYRIV_ID": 41406279, "NEXT_DOWN": 41406213, "MAIN_RIV": 41405515, "LENGTH_KM": 1.81, "DIST_DN_KM": 39.400002, "DIST_UP_KM": 3.8, "CATCH_SKM": 4.48, "UPLAND_SKM": 4.5, "ENDORHEIC": 0, "DIS_AV_CMS": 0.2, "ORD_STRA": 1, "ORD_CLAS": 4, "ORD_FLOW": 7, "HYBAS_L12": 4121158700.0, "Shape_Length": 0.016309223176517194 }, "geometry": { "type": "MultiLineString", "coordinates": [ [ [ 80.089583333332968, 6.812499999999893 ], [ 80.089583333332968, 6.818749999999888 ], [ 80.085416666666305, 6.822916666666579 ], [ 80.085416666666305, 6.827083333333199 ] ] ] } },
{ "type": "Feature", "properties": { "HYRIV_ID": 41406280, "NEXT_DOWN": 41406166, "MAIN_RIV": 41405515, "LENGTH_KM": 3.58, "DIST_DN_KM": 38.5, "DIST_UP_KM": 5.4, "CATCH_SKM": 8.3100004, "UPLAND_SKM": 8.3, "ENDORHEIC": 0, "DIS_AV_CMS": 0.373, "ORD_STRA": 1, "ORD_CLAS": 4, "ORD_FLOW": 7, "HYBAS_L12": 4121158700.0, "Shape_Length": 0.032261002862965238 }, "geometry": { "type": "MultiLineString", "coordinates": [ [ [ 80.102083333332956, 6.812499999999893 ], [ 80.102083333332956, 6.818749999999888 ], [ 80.097916666666293, 6.822916666666579 ], [ 80.097916666666293, 6.827083333333199 ], [ 80.089583333332968, 6.835416666666553 ], [ 80.085416666666305, 6.835416666666553 ] ] ] } },
{ "type": "Feature", "properties": { "HYRIV_ID": 41406281, "NEXT_DOWN": 41406259, "MAIN_RIV": 41405515, "LENGTH_KM": 0.98, "DIST_DN_KM": 121.4, "DIST_UP_KM": 3.8, "CATCH_SKM": 3.84, "UPLAND_SKM": 3.8, "ENDORHEIC": 0, "DIS_AV_CMS": 0.152, "ORD_STRA": 1, "ORD_CLAS": 2, "ORD_FLOW": 7, "HYBAS_L12": 4121158540.0, "Shape_Length": 0.0088388347648037068 }, "geometry": { "type": "MultiLineString", "coordinates": [ [ [ 80.654166666666271, 6.812499999999893 ], [ 80.647916666666305, 6.818749999999888 ] ] ] } },
{ "type": "Feature", "properties": { "HYRIV_ID": 41406298, "NEXT_DOWN": 41406278, "MAIN_RIV": 41405515, "LENGTH_KM": 1.8, "DIST_DN_KM": 41.200001, "DIST_UP_KM": 3.0, "CATCH_SKM": 7.0300002, "UPLAND_SKM": 7.0, "ENDORHEIC": 0, "DIS_AV_CMS": 0.309, "ORD_STRA": 1, "ORD_CLAS": 4, "ORD_FLOW": 7, "HYBAS_L12": 4121158700.0, "Shape_Length": 0.016309223176494657 }, "geometry": { "type": "MultiLineString", "coordinates": [ [ [ 80.062499999999687, 6.810416666666562 ], [ 80.068749999999596, 6.810416666666562 ], [ 80.072916666666316, 6.814583333333225 ], [ 80.077083333332979, 6.814583333333225 ] ] ] } },
{ "type": "Feature", "properties": { "HYRIV_ID": 41406301, "NEXT_DOWN": 41406258, "MAIN_RIV": 41405515, "LENGTH_KM": 2.09, "DIST_DN_KM": 113.5, "DIST_UP_KM": 5.1, "CATCH_SKM": 9.8, "UPLAND_SKM": 9.8, "ENDORHEIC": 0, "DIS_AV_CMS": 0.405, "ORD_STRA": 1, "ORD_CLAS": 4, "ORD_FLOW": 7, "HYBAS_L12": 4121158570.0, "Shape_Length": 0.018898057941332178 }, "geometry": { "type": "MultiLineString", "coordinates": [ [ [ 80.570833333332956, 6.808333333333245 ], [ 80.564583333333047, 6.814583333333225 ], [ 80.560416666666271, 6.814583333333225 ], [ 80.556249999999721, 6.818749999999888 ] ] ] } },
{ "type": "Feature", "properties": { "HYRIV_ID": 41406325, "NEXT_DOWN": 41406258, "MAIN_RIV": 41405515, "LENGTH_KM": 2.23, "DIST_DN_KM": 113.5, "DIST_UP_KM": 9.0, "CATCH_SKM": 4.9, "UPLAND_SKM": 27.700001, "ENDORHEIC": 0, "DIS_AV_CMS": 1.182, "ORD_STRA": 2, "ORD_CLAS": 3, "ORD_FLOW": 6, "HYBAS_L12": 4121158570.0, "Shape_Length": 0.020118446353163604 }, "geometry": { "type": "MultiLineString", "coordinates": [ [ [ 80.547916666666339, 6.802083333333208 ], [ 80.547916666666339, 6.80625 ], [ 80.552083333333059, 6.810416666666562 ], [ 80.552083333333059, 6.814583333333225 ], [ 80.556249999999721, 6.818749999999888 ] ] ] } },
{ "type": "Feature", "properties": { "HYRIV_ID": 41406326, "NEXT_DOWN": 41406259, "MAIN_RIV": 41405515, "LENGTH_KM": 3.99, "DIST_DN_KM": 121.2, "DIST_UP_KM": 16.700001, "CATCH_SKM": 18.120001, "UPLAND_SKM": 66.5, "ENDORHEIC": 0, "DIS_AV_CMS": 2.598, "ORD_STRA": 2, "ORD_CLAS": 1, "ORD_FLOW": 6, "HYBAS_L12": 4121158540.0, "Shape_Length": 0.036070226039595719 }, "geometry": { "type": "MultiLineString", "coordinates": [ [ [ 80.677083333333002, 6.802083333333208 ], [ 80.668749999999676, 6.810416666666562 ], [ 80.664583333333013, 6.810416666666562 ], [ 80.66041666666635, 6.814583333333225 ], [ 80.656249999999631, 6.814583333333225 ], [ 80.652083333332968, 6.818749999999888 ], [ 80.647916666666305, 6.818749999999888 ] ] ] } },
{ "type": "Feature", "properties": { "HYRIV_ID": 41406368, "NEXT_DOWN": 41406278, "MAIN_RIV": 41405515, "LENGTH_KM": 2.83, "DIST_DN_KM": 41.200001, "DIST_UP_KM": 4.7, "CATCH_SKM": 9.3800001, "UPLAND_SKM": 9.4, "ENDORHEIC": 0, "DIS_AV_CMS": 0.42, "ORD_STRA": 1, "ORD_CLAS": 3, "ORD_FLOW": 7, "HYBAS_L12": 4121158700.0, "Shape_Length": 0.025505501431473589 }, "geometry": { "type": "MultiLineString", "coordinates": [ [ [ 80.070833333333013, 6.791666666666565 ], [ 80.077083333332979, 6.797916666666545 ], [ 80.077083333332979, 6.814583333333225 ] ] ] } },
{ "type": "Feature", "properties": { "HYRIV_ID": 41406369, "NEXT_DOWN": 41406325, "MAIN_RIV": 41405515, "LENGTH_KM": 4.4899998, "DIST_DN_KM": 115.7, "DIST_UP_KM": 6.8, "CATCH_SKM": 16.629999, "UPLAND_SKM": 16.6, "ENDORHEIC": 0, "DIS_AV_CMS": 0.71200001, "ORD_STRA": 1, "ORD_CLAS": 3, "ORD_FLOW": 7, "HYBAS_L12": 4121158570.0, "Shape_Length": 0.040594336196315972 }, "geometry": { "type": "MultiLineString", "coordinates": [ [ [ 80.518749999999642, 6.791666666666565 ], [ 80.518749999999642, 6.797916666666545 ], [ 80.531249999999687, 6.797916666666545 ], [ 80.53541666666635, 6.793749999999896 ], [ 80.539583333333013, 6.793749999999896 ], [ 80.547916666666339, 6.802083333333208 ] ] ] } },
{ "type": "Feature", "properties": { "HYRIV_ID": 41406370, "NEXT_DOWN": 41406326, "MAIN_RIV": 41405515, "LENGTH_KM": 1.4400001, "DIST_DN_KM": 125.2, "DIST_UP_KM": 4.0, "CATCH_SKM": 6.1799998, "UPLAND_SKM": 6.2, "ENDORHEIC": 0, "DIS_AV_CMS": 0.243, "ORD_STRA": 1, "ORD_CLAS": 2, "ORD_FLOW": 7, "HYBAS_L12": 4121158540.0, "Shape_Length": 0.013005501431536925 }, "geometry": { "type": "MultiLineString", "coordinates": [ [ [ 80.670833333332922, 6.791666666666565 ], [ 80.677083333333002, 6.797916666666545 ], [ 80.677083333333002, 6.802083333333208 ] ] ] } },
{ "type": "Feature", "properties": { "HYRIV_ID": 41406391, "NEXT_DOWN": 41406325, "MAIN_RIV": 41405515, "LENGTH_KM": 2.0, "DIST_DN_KM": 115.7, "DIST_UP_KM": 4.5, "CATCH_SKM": 6.1799998, "UPLAND_SKM": 6.2, "ENDORHEIC": 0, "DIS_AV_CMS": 0.259, "ORD_STRA": 1, "ORD_CLAS": 4, "ORD_FLOW": 7, "HYBAS_L12": 4121158570.0, "Shape_Length": 0.018035113019789537 }, "geometry": { "type": "MultiLineString", "coordinates": [ [ [ 80.556249999999721, 6.7875 ], [ 80.556249999999721, 6.793749999999896 ], [ 80.547916666666339, 6.802083333333208 ] ] ] } },
{ "type": "Feature", "properties": { "HYRIV_ID": 41406392, "NEXT_DOWN": 41406193, "MAIN_RIV": 41405515, "LENGTH_KM": 9.37, "DIST_DN_KM": 111.9, "DIST_UP_KM": 15.8, "CATCH_SKM": 24.719999, "UPLAND_SKM": 52.599998, "ENDORHEIC": 0, "DIS_AV_CMS": 2.181, "ORD_STRA": 2, "ORD_CLAS": 2, "ORD_FLOW": 6, "HYBAS_L12": 4121158570.0, "Shape_Length": 0.08464045207894122 }, "geometry": { "type": "MultiLineString", "coordinates": [ [ [ 80.610416666666282, 6.789583333333233 ], [ 80.614583333332945, 6.793749999999896 ], [ 80.614583333332945, 6.797916666666545 ], [ 80.606249999999619, 6.80625 ], [ 80.606249999999619, 6.810416666666562 ], [ 80.602083333332956, 6.814583333333225 ], [ 80.593749999999631, 6.814583333333225 ], [ 80.589583333332968, 6.818749999999888 ], [ 80.585416666666305, 6.818749999999888 ], [ 80.577083333332922, 6.827083333333199 ], [ 80.572916666666373, 6.827083333333199 ], [ 80.568749999999596, 6.83125 ], [ 80.556249999999721, 6.83125 ] ] ] } },
{ "type": "Feature", "properties": { "HYRIV_ID": 41406393, "NEXT_DOWN": 41406326, "MAIN_RIV": 41405515, "LENGTH_KM": 2.8800001, "DIST_DN_KM": 125.4, "DIST_UP_KM": 12.5, "CATCH_SKM": 10.02, "UPLAND_SKM": 42.200001, "ENDORHEIC": 0, "DIS_AV_CMS": 1.628, "ORD_STRA": 2, "ORD_CLAS": 1, "ORD_FLOW": 6, "HYBAS_L12": 4121158540.0, "Shape_Length": 0.026011002862970214 }, "geometry": { "type": "MultiLineString", "coordinates": [ [ [ 80.697916666666373, 6.789583333333233 ], [ 80.693749999999596, 6.793749999999896 ], [ 80.685416666666384, 6.793749999999896 ], [ 80.677083333333002, 6.802083333333208 ] ] ] } },
{ "type": "Feature", "properties": { "HYRIV_ID": 41406439, "NEXT_DOWN": 41406392, "MAIN_RIV": 41405515, "LENGTH_KM": 2.27, "DIST_DN_KM": 121.2, "DIST_UP_KM": 4.7, "CATCH_SKM": 11.94, "UPLAND_SKM": 11.9, "ENDORHEIC": 0, "DIS_AV_CMS": 0.491, "ORD_STRA": 1, "ORD_CLAS": 3, "ORD_FLOW": 7, "HYBAS_L12": 4121158570.0, "Shape_Length": 0.020475889843202606 }, "geometry": { "type": "MultiLineString", "coordinates": [ [ [ 80.59583333333299, 6.781249999999879 ], [ 80.602083333332956, 6.781249999999879 ], [ 80.602083333332956, 6.785416666666571 ], [ 80.606249999999619, 6.789583333333233 ], [ 80.610416666666282, 6.789583333333233 ] ] ] } },
{ "type": "Feature", "properties": { "HYRIV_ID": 41406476, "NEXT_DOWN": 41406393, "MAIN_RIV": 41405515, "LENGTH_KM": 4.4499998, "DIST_DN_KM": 128.2, "DIST_UP_KM": 9.6, "CATCH_SKM": 15.77, "UPLAND_SKM": 25.200001, "ENDORHEIC": 0, "DIS_AV_CMS": 0.95599997, "ORD_STRA": 2, "ORD_CLAS": 1, "ORD_FLOW": 7, "HYBAS_L12": 4121158540.0, "Shape_Length": 0.040236892706161549 }, "geometry": { "type": "MultiLineString", "coordinates": [ [ [ 80.731249999999619, 6.772916666666553 ], [ 80.722916666666293, 6.781249999999879 ], [ 80.710416666666418, 6.781249999999879 ], [ 80.706249999999699, 6.785416666666571 ], [ 80.702083333332922, 6.785416666666571 ], [ 80.697916666666373, 6.789583333333233 ] ] ] } },
{ "type": "Feature", "properties": { "HYRIV_ID": 41406477, "NEXT_DOWN": 41406476, "MAIN_RIV": 41405515, "LENGTH_KM": 3.21, "DIST_DN_KM": 132.5, "DIST_UP_KM": 5.4, "CATCH_SKM": 5.54, "UPLAND_SKM": 5.5, "ENDORHEIC": 0, "DIS_AV_CMS": 0.206, "ORD_STRA": 1, "ORD_CLAS": 1, "ORD_FLOW": 7, "HYBAS_L12": 4121158540.0, "Shape_Length": 0.028957281117995021 }, "geometry": { "type": "MultiLineString", "coordinates": [ [ [ 80.75416666666635, 6.7875 ], [ 80.743749999999608, 6.777083333333216 ], [ 80.739583333332945, 6.777083333333216 ], [ 80.735416666666282, 6.772916666666553 ], [ 80.731249999999619, 6.772916666666553 ] ] ] } },
{ "type": "Feature", "properties": { "HYRIV_ID": 41406493, "NEXT_DOWN": 41406393, "MAIN_RIV": 41405515, "LENGTH_KM": 3.3900001, "DIST_DN_KM": 128.2, "DIST_UP_KM": 5.2, "CATCH_SKM": 7.0300002, "UPLAND_SKM": 7.0, "ENDORHEIC": 0, "DIS_AV_CMS": 0.27500001, "ORD_STRA": 1, "ORD_CLAS": 2, "ORD_FLOW": 7, "HYBAS_L12": 4121158540.0, "Shape_Length": 0.030535113019851658 }, "geometry": { "type": "MultiLineString", "coordinates": [ [ [ 80.683333333332968, 6.76875 ], [ 80.689583333333047, 6.76875 ], [ 80.693749999999596, 6.772916666666553 ], [ 80.693749999999596, 6.785416666666571 ], [ 80.697916666666373, 6.789583333333233 ] ] ] } },
{ "type": "Feature", "properties": { "HYRIV_ID": 41406494, "NEXT_DOWN": 41406476, "MAIN_RIV": 41405515, "LENGTH_KM": 0.98, "DIST_DN_KM": 132.7, "DIST_UP_KM": 3.0, "CATCH_SKM": 3.84, "UPLAND_SKM": 3.8, "ENDORHEIC": 0, "DIS_AV_CMS": 0.144, "ORD_STRA": 1, "ORD_CLAS": 2, "ORD_FLOW": 7, "HYBAS_L12": 4121158540.0, "Shape_Length": 0.0088388347648740481 }, "geometry": { "type": "MultiLineString", "coordinates": [ [ [ 80.737499999999699, 6.766666666666573 ], [ 80.731249999999619, 6.772916666666553 ] ] ] } },
{ "type": "Feature", "properties": { "HYRIV_ID": 41406510, "NEXT_DOWN": 41406392, "MAIN_RIV": 41405515, "LENGTH_KM": 4.7, "DIST_DN_KM": 121.2, "DIST_UP_KM": 6.4, "CATCH_SKM": 15.99, "UPLAND_SKM": 16.0, "ENDORHEIC": 0, "DIS_AV_CMS": 0.64499998, "ORD_STRA": 1, "ORD_CLAS": 2, "ORD_FLOW": 7, "HYBAS_L12": 4121158570.0, "Shape_Length": 0.042468283980929514 }, "geometry": { "type": "MultiLineString", "coordinates": [ [ [ 80.641666666666282, 6.7625 ], [ 80.614583333332945, 6.789583333333233 ], [ 80.610416666666282, 6.789583333333233 ] ] ] } }
]
}
