{
"type": "FeatureCollection",
"name": "main_river_41407423",
"crs": { "type": "name", "properties": { "name": "urn:ogc:def:crs:OGC:1.3:CRS84" } },
"features": [
{ "type": "Feature", "properties": { "HYRIV_ID": 41406167, "NEXT_DOWN": 41406299, "MAIN_RIV": 41407423, "LENGTH_KM": 2.36, "DIST_DN_KM": 66.599998, "DIST_UP_KM": 4.3, "CATCH_SKM": 7.89, "UPLAND_SKM": 7.9, "ENDORHEIC": 0, "DIS_AV_CMS": 0.362, "ORD_STRA": 1, "ORD_CLAS": 6, "ORD_FLOW": 7, "HYBAS_L12": 4121158830.0, "Shape_Length": 0.021338834764862681 }, "geometry": { "type": "MultiLineString", "coordinates": [ [ [ 80.245833333332968, 6.845833333333253 ], [ 80.25208333333299, 6.839583333333216 ], [ 80.25208333333299, 6.835416666666553 ], [ 80.260416666666316, 6.835416666666553 ] ] ] } },
{ "type": "Feature", "properties": { "HYRIV_ID": 41406168, "NEXT_DOWN": 41406299, "MAIN_RIV": 41407423, "LENGTH_KM": 4.5900002, "DIST_DN_KM": 66.599998, "DIST_UP_KM": 6.8, "CATCH_SKM": 11.51, "UPLAND_SKM": 11.5, "ENDORHEIC": 0, "DIS_AV_CMS": 0.523, "ORD_STRA": 1, "ORD_CLAS": 4, "ORD_FLOW": 7, "HYBAS_L12": 4121158830.0, "Shape_Length": 0.041309223176573831 }, "geometry": { "type": "MultiLineString", "coordinates": [ [ [ 80.260416666666316, 6.870833333333245 ], [ 80.260416666666316, 6.864583333333208 ], [ 80.256249999999653, 6.864583333333208 ], [ 80.256249999999653, 6.860416666666559 ], [ 80.260416666666316, 6.856249999999896 ], [ 80.260416666666316, 6.835416666666553 ] ] ] } },
{ "type": "Feature", "properties": { "HYRIV_ID": 41406169, "NEXT_DOWN": 41406299, "MAIN_RIV": 41407423, "LENGTH_KM": 3.2, "DIST_DN_KM": 66.599998, "DIST_UP_KM": 5.2, "CATCH_SKM": 10.02, "UPLAND_SKM": 10.0, "ENDORHEIC": 0, "DIS_AV_CMS": 0.457, "ORD_STRA": 1, "ORD_CLAS": 5, "ORD_FLOW": 7, "HYBAS_L12": 4121158830.0, "Shape_Length": 0.028809223176596975 }, "geometry": { "type": "MultiLineString", "coordinates": [ [ [ 80.268749999999699, 6.858333333333228 ], [ 80.268749999999699, 6.839583333333216 ], [ 80.264583333332979, 6.835416666666553 ], [ 80.260416666666316, 6.835416666666553 ] ] ] } },
{ "type": "Feature", "properties": { "HYRIV_ID": 41406215, "NEXT_DOWN": 41406324, "MAIN_RIV": 41407423, "LENGTH_KM": 2.27, "DIST_DN_KM": 72.300003, "DIST_UP_KM": 3.4, "CATCH_SKM": 5.33, "UPLAND_SKM": 5.3, "ENDORHEIC": 0, "DIS_AV_CMS": 0.23800001, "ORD_STRA": 1, "ORD_CLAS": 3, "ORD_FLOW": 7, "HYBAS_L12": 4121602090.0, "Shape_Length": 0.020475889843277823 }, "geometry": { "type": "MultiLineString", "coordinates": [ [ [ 80.37708333333299, 6.845833333333253 ], [ 80.37708333333299, 6.835416666666553 ], [ 80.381249999999653, 6.83125 ], [ 80.381249999999653, 6.827083333333199 ] ] ] } },
{ "type": "Feature", "properties": { "HYRIV_ID": 41406216, "NEXT_DOWN": 41406324, "MAIN_RIV": 41407423, "LENGTH_KM": 4.9099998, "DIST_DN_KM": 72.5, "DIST_UP_KM": 14.3, "CATCH_SKM": 20.67, "UPLAND_SKM": 43.3, "ENDORHEIC": 0, "DIS_AV_CMS": 1.934, "ORD_STRA": 2, "ORD_CLAS": 2, "ORD_FLOW": 6, "HYBAS_L12": 4121602090.0, "Shape_Length": 0.044403559372941569 }, "geometry": { "type": "MultiLineString", "coordinates": [ [ [ 80.418749999999676, 6.827083333333199 ], [ 80.414583333333013, 6.827083333333199 ], [ 80.406249999999687, 6.835416666666553 ], [ 80.393749999999642, 6.835416666666553 ], [ 80.389583333332979, 6.83125 ], [ 80.385416666666316, 6.83125 ], [ 80.381249999999653, 6.827083333333199 ] ] ] } },
{ "type": "Feature", "properties": { "HYRIV_ID": 41406229, "NEXT_DOWN": 41406437, "MAIN_RIV": 41407423, "LENGTH_KM": 1.81, "DIST_DN_KM": 69.800003, "DIST_UP_KM": 4.2, "CATCH_SKM": 10.02, "UPLAND_SKM": 10.0, "ENDORHEIC": 0, "DIS_AV_CMS": 0.458, "ORD_STRA": 1, "ORD_CLAS": 3, "ORD_FLOW": 7, "HYBAS_L12": 4121602090.0, "Shape_Length": 0.016309223176432644 }, "geometry": { "type": "MultiLineString", "coordinates": [ [ [ 80.314583333333047, 6.837499999999885 ], [ 80.314583333333047, 6.83125 ], [ 80.318749999999596, 6.827083333333199 ], [ 80.318749999999596, 6.822916666666579 ] ] ] } },
{ "type": "Feature", "properties": { "HYRIV_ID": 41406230, "NEXT_DOWN": 41406437, "MAIN_RIV": 41407423, "LENGTH_KM": 1.15, "DIST_DN_KM": 69.800003, "DIST_UP_KM": 3.5, "CATCH_SKM": 2.98, "UPLAND_SKM": 3.0, "ENDORHEIC": 0, "DIS_AV_CMS": 0.137, "ORD_STRA": 1, "ORD_CLAS": 4, "ORD_FLOW": 7, "HYBAS_L12": 4121602090.0, "Shape_Length": 0.010416666666742458 }, "geometry": { "type": "MultiLineString", "coordinates": [ [ [ 80.329166666666339, 6.822916666666579 ], [ 80.318749999999596, 6.822916666666579 ] ] ] } },
{ "type": "Feature", "properties": { "HYRIV_ID": 41406231, "NEXT_DOWN": 41406216, "MAIN_RIV": 41407423, "LENGTH_KM": 0.69, "DIST_DN_KM": 77.199997, "DIST_UP_KM": 2.7, "CATCH_SKM": 2.98, "UPLAND_SKM": 3.0, "ENDORHEIC": 0, "DIS_AV_CMS": 0.132, "ORD_STRA": 1, "ORD_CLAS": 3, "ORD_FLOW": 7, "HYBAS_L12": 4121602090.0, "Shape_Length": 0.0062499999999801048 }, "geometry": { "type": "MultiLineString", "coordinates": [ [ [ 80.418749999999676, 6.820833333333219 ], [ 80.418749999999676, 6.827083333333199 ] ] ] } },
{ "type": "Feature", "properties": { "HYRIV_ID": 41406255, "NEXT_DOWN": 41406300, "MAIN_RIV": 41407423, "LENGTH_KM": 0.98, "DIST_DN_KM": 64.599998, "DIST_UP_KM": 3.4, "CATCH_SKM": 5.33, "UPLAND_SKM": 5.3, "ENDORHEIC": 0, "DIS_AV_CMS": 0.244, "ORD_STRA": 1, "ORD_CLAS": 4, "ORD_FLOW": 7, "HYBAS_L12": 4121158830.0, "Shape_Length": 0.0088388347647936592 }, "geometry": { "type": "MultiLineString", "coordinates": [ [ [ 80.28333333333299, 6.824999999999868 ], [ 80.277083333333024, 6.818749999999888 ] ] ] } },
{ "type": "Feature", "properties": { "HYRIV_ID": 41406256, "NEXT_DOWN": 41406300, "MAIN_RIV": 41407423, "LENGTH_KM": 2.07, "DIST_DN_KM": 64.400002, "DIST_UP_KM": 3.6, "CATCH_SKM": 4.9, "UPLAND_SKM": 4.9, "ENDORHEIC": 0, "DIS_AV_CMS": 0.227, "ORD_STRA": 1, "ORD_CLAS": 5, "ORD_FLOW": 7, "HYBAS_L12": 4121158830.0, "Shape_Length": 0.018749999999954525 }, "geometry": { "type": "MultiLineString", "coordinates": [ [ [ 80.295833333332979, 6.818749999999888 ], [ 80.277083333333024, 6.818749999999888 ] ] ] } },
{ "type": "Feature", "properties": { "HYRIV_ID": 41406257, "NEXT_DOWN": 41406216, "MAIN_RIV": 41407423, "LENGTH_KM": 7.1700001, "DIST_DN_KM": 77.400002, "DIST_UP_KM": 9.4, "CATCH_SKM": 19.610001, "UPLAND_SKM": 19.6, "ENDORHEIC": 0, "DIS_AV_CMS": 0.862, "ORD_STRA": 1, "ORD_CLAS": 2, "ORD_FLOW": 7, "HYBAS_L12": 4121602090.0, "Shape_Length": 0.064879449216269341 }, "geometry": { "type": "MultiLineString", "coordinates": [ [ [ 80.47499999999971, 6.822916666666579 ], [ 80.468749999999631, 6.822916666666579 ], [ 80.464583333332968, 6.818749999999888 ], [ 80.460416666666305, 6.818749999999888 ], [ 80.456249999999642, 6.822916666666579 ], [ 80.452083333332922, 6.822916666666579 ], [ 80.44791666666643, 6.827083333333199 ], [ 80.443749999999596, 6.827083333333199 ], [ 80.439583333333047, 6.83125 ], [ 80.422916666666396, 6.83125 ], [ 80.418749999999676, 6.827083333333199 ] ] ] } },
{ "type": "Feature", "properties": { "HYRIV_ID": 41406299, "NEXT_DOWN": 41406631, "MAIN_RIV": 41407423, "LENGTH_KM": 3.35, "DIST_DN_KM": 63.5, "DIST_UP_KM": 12.8, "CATCH_SKM": 4.2600002, "UPLAND_SKM": 53.3, "ENDORHEIC": 0, "DIS_AV_CMS": 2.4890001, "ORD_STRA": 2, "ORD_CLAS": 3, "ORD_FLOW": 6, "HYBAS_L12": 4121158830.0, "Shape_Length": 0.030177669529694806 }, "geometry": { "type": "MultiLineString", "coordinates": [ [ [ 80.260416666666316, 6.835416666666553 ], [ 80.264583333332979, 6.83125 ], [ 80.264583333332979, 6.818749999999888 ], [ 80.272916666666362, 6.810416666666562 ] ] ] } },
{ "type": "Feature", "properties": { "HYRIV_ID": 41406300, "NEXT_DOWN": 41406631, "MAIN_RIV": 41407423, "LENGTH_KM": 1.12, "DIST_DN_KM": 63.3, "DIST_UP_KM": 4.7, "CATCH_SKM": 1.49, "UPLAND_SKM": 11.7, "ENDORHEIC": 0, "DIS_AV_CMS": 0.54100001, "ORD_STRA": 2, "ORD_CLAS": 4, "ORD_FLOW": 7, "HYBAS_L12": 4121158830.0, "Shape_Length": 0.010059223176545413 }, "geometry": { "type": "MultiLineString", "coordinates": [ [ [ 80.277083333333024, 6.818749999999888 ], [ 80.272916666666362, 6.814583333333225 ], [ 80.272916666666362, 6.810416666666562 ] ] ] } },
{ "type": "Feature", "properties": { "HYRIV_ID": 41406323, "NEXT_DOWN": 41406389, "MAIN_RIV": 41407423, "LENGTH_KM": 3.95, "DIST_DN_KM": 68.5, "DIST_UP_KM": 5.0, "CATCH_SKM": 8.7399998, "UPLAND_SKM": 8.7, "ENDORHEIC": 0, "DIS_AV_CMS": 0.398, "ORD_STRA": 1, "ORD_CLAS": 3, "ORD_FLOW": 7, "HYBAS_L12": 4121602090.0, "Shape_Length": 0.035564724608112892 }, "geometry": { "type": "MultiLineString", "coordinates": [ [ [ 80.358333333332922, 6.833333333333236 ], [ 80.364583333332945, 6.827083333333199 ], [ 80.364583333332945, 6.80625 ], [ 80.368749999999665, 6.802083333333208 ] ] ] } },
{ "type": "Feature", "properties": { "HYRIV_ID": 41406324, "NEXT_DOWN": 41406389, "MAIN_RIV": 41407423, "LENGTH_KM": 4.0, "DIST_DN_KM": 68.300003, "DIST_UP_KM": 18.5, "CATCH_SKM": 10.66, "UPLAND_SKM": 59.3, "ENDORHEIC": 0, "DIS_AV_CMS": 2.6830001, "ORD_STRA": 2, "ORD_CLAS": 2, "ORD_FLOW": 6, "HYBAS_L12": 4121602090.0, "Shape_Length": 0.036070226039524665 }, "geometry": { "type": "MultiLineString", "coordinates": [ [ [ 80.381249999999653, 6.827083333333199 ], [ 80.381249999999653, 6.818749999999888 ], [ 80.372916666666328, 6.810416666666562 ], [ 80.37708333333299, 6.80625 ], [ 80.372916666666328, 6.802083333333208 ], [ 80.368749999999665, 6.802083333333208 ] ] ] } },
{ "type": "Feature", "properties": { "HYRIV_ID": 41406355, "NEXT_DOWN": 41406387, "MAIN_RIV": 41407423, "LENGTH_KM": 5.25, "DIST_DN_KM": 39.900002, "DIST_UP_KM": 7.8, "CATCH_SKM": 17.26, "UPLAND_SKM": 17.3, "ENDORHEIC": 0, "DIS_AV_CMS": 0.792, "ORD_STRA": 1, "ORD_CLAS": 2, "ORD_FLOW": 7, "HYBAS_L12": 4121158850.0, "Shape_Length": 0.047349837627804175 }, "geometry": { "type": "MultiLineString", "coordinates": [ [ [ 80.162499999999653, 6.837499999999885 ], [ 80.156249999999687, 6.83125 ], [ 80.156249999999687, 6.818749999999888 ], [ 80.152083333333024, 6.814583333333225 ], [ 80.152083333333024, 6.810416666666562 ], [ 80.143749999999699, 6.802083333333208 ], [ 80.143749999999699, 6.797916666666545 ] ] ] } },
{ "type": "Feature", "properties": { "HYRIV_ID": 41406356, "NEXT_DOWN": 41406387, "MAIN_RIV": 41407423, "LENGTH_KM": 2.75, "DIST_DN_KM": 40.099998, "DIST_UP_KM": 4.5, "CATCH_SKM": 6.6100001, "UPLAND_SKM": 6.6, "ENDORHEIC": 0, "DIS_AV_CMS": 0.306, "ORD_STRA": 1, "ORD_CLAS": 3, "ORD_FLOW": 7, "HYBAS_L12": 4121158850.0, "Shape_Length": 0.024790614451261801 }, "geometry": { "type": "MultiLineString", "coordinates": [ [ [ 80.162499999999653, 6.804166666666582 ], [ 80.156249999999687, 6.797916666666545 ], [ 80.152083333333024, 6.797916666666545 ], [ 80.147916666666362, 6.802083333333208 ], [ 80.143749999999699, 6.797916666666545 ] ] ] } },
{ "type": "Feature", "properties": { "HYRIV_ID": 41406386, "NEXT_DOWN": 41406434, "MAIN_RIV": 41407423, "LENGTH_KM": 1.81, "DIST_DN_KM": 38.599998, "DIST_UP_KM": 3.6, "CATCH_SKM": 5.54, "UPLAND_SKM": 5.5, "ENDORHEIC": 0, "DIS_AV_CMS": 0.252, "ORD_STRA": 1, "ORD_CLAS": 3, "ORD_FLOW": 7, "HYBAS_L12": 4121158850.0, "Shape_Length": 0.016309223176612507 }, "geometry": { "type": "MultiLineString", "coordinates": [ [ [ 80.131249999999653, 6.804166666666582 ], [ 80.131249999999653, 6.797916666666545 ], [ 80.135416666666373, 6.793749999999896 ], [ 80.135416666666373, 6.789583333333233 ] ] ] } },
{ "type": "Feature", "properties": { "HYRIV_ID": 41406387, "NEXT_DOWN": 41406434, "MAIN_RIV": 41407423, "LENGTH_KM": 1.31, "DIST_DN_KM": 38.8, "DIST_UP_KM": 8.9, "CATCH_SKM": 2.77, "UPLAND_SKM": 26.6, "ENDORHEIC": 0, "DIS_AV_CMS": 1.23, "ORD_STRA": 2, "ORD_CLAS": 2, "ORD_FLOW": 6, "HYBAS_L12": 4121158850.0, "Shape_Length": 0.011785113019755026 }, "geometry": { "type": "MultiLineString", "coordinates": [ [ [ 80.143749999999699, 6.797916666666545 ], [ 80.135416666666373, 6.789583333333233 ] ] ] } },
{ "type": "Feature", "properties": { "HYRIV_ID": 41406388, "NEXT_DOWN": 41406438, "MAIN_RIV": 41407423, "LENGTH_KM": 1.63, "DIST_DN_KM": 66.900002, "DIST_UP_KM": 3.5, "CATCH_SKM": 4.0500002, "UPLAND_SKM": 4.0, "ENDORHEIC": 0, "DIS_AV_CMS": 0.186, "ORD_STRA": 1, "ORD_CLAS": 4, "ORD_FLOW": 7, "HYBAS_L12": 4121602090.0, "Shape_Length": 0.014731391274636001 }, "geometry": { "type": "MultiLineString", "coordinates": [ [ [ 80.354166666666373, 6.799999999999876 ], [ 80.364583333332945, 6.789583333333233 ] ] ] } },
{ "type": "Feature", "properties": { "HYRIV_ID": 41406389, "NEXT_DOWN": 41406438, "MAIN_RIV": 41407423, "LENGTH_KM": 1.58, "DIST_DN_KM": 66.900002, "DIST_UP_KM": 19.9, "CATCH_SKM": 1.92, "UPLAND_SKM": 69.900002, "ENDORHEIC": 0, "DIS_AV_CMS": 3.1849999, "ORD_STRA": 2, "ORD_CLAS": 2, "ORD_FLOW": 6, "HYBAS_L12": 4121602090.0, "Shape_Length": 0.014225889843234274 }, "geometry": { "type": "MultiLineString", "coordinates": [ [ [ 80.368749999999665, 6.802083333333208 ], [ 80.368749999999665, 6.793749999999896 ], [ 80.364583333332945, 6.789583333333233 ] ] ] } },
{ "type": "Feature", "properties": { "HYRIV_ID": 41406390, "NEXT_DOWN": 41406438, "MAIN_RIV": 41407423, "LENGTH_KM": 2.53, "DIST_DN_KM": 66.699997, "DIST_UP_KM": 4.5, "CATCH_SKM": 5.54, "UPLAND_SKM": 5.5, "ENDORHEIC": 0, "DIS_AV_CMS": 0.253, "ORD_STRA": 1, "ORD_CLAS": 3, "ORD_FLOW": 7, "HYBAS_L12": 4121602090.0, "Shape_Length": 0.022916666666674246 }, "geometry": { "type": "MultiLineString", "coordinates": [ [ [ 80.387499999999619, 6.789583333333233 ], [ 80.364583333332945, 6.789583333333233 ] ] ] } },
{ "type": "Feature", "properties": { "HYRIV_ID": 41406408, "NEXT_DOWN": 41406299, "MAIN_RIV": 41407423, "LENGTH_KM": 7.48, "DIST_DN_KM": 66.800003, "DIST_UP_KM": 9.5, "CATCH_SKM": 19.610001, "UPLAND_SKM": 19.6, "ENDORHEIC": 0, "DIS_AV_CMS": 0.926, "ORD_STRA": 1, "ORD_CLAS": 3, "ORD_FLOW": 7, "HYBAS_L12": 4121158830.0, "Shape_Length": 0.067468283980933477 }, "geometry": { "type": "MultiLineString", "coordinates": [ [ [ 80.245833333332968, 6.783333333333239 ], [ 80.25208333333299, 6.789583333333233 ], [ 80.247916666666328, 6.793749999999896 ], [ 80.247916666666328, 6.80625 ], [ 80.243749999999665, 6.810416666666562 ], [ 80.243749999999665, 6.822916666666579 ], [ 80.247916666666328, 6.822916666666579 ], [ 80.260416666666316, 6.835416666666553 ] ] ] } },
{ "type": "Feature", "properties": { "HYRIV_ID": 41406434, "NEXT_DOWN": 41406471, "MAIN_RIV": 41407423, "LENGTH_KM": 1.12, "DIST_DN_KM": 37.700001, "DIST_UP_KM": 10.0, "CATCH_SKM": 1.49, "UPLAND_SKM": 33.700001, "ENDORHEIC": 0, "DIS_AV_CMS": 1.556, "ORD_STRA": 2, "ORD_CLAS": 2, "ORD_FLOW": 6, "HYBAS_L12": 4121158850.0, "Shape_Length": 0.010059223176605705 }, "geometry": { "type": "MultiLineString", "coordinates": [ [ [ 80.135416666666373, 6.789583333333233 ], [ 80.135416666666373, 6.785416666666571 ], [ 80.131249999999653, 6.781249999999879 ] ] ] } },
{ "type": "Feature", "properties": { "HYRIV_ID": 41406435, "NEXT_DOWN": 41406453, "MAIN_RIV": 41407423, "LENGTH_KM": 5.4299998, "DIST_DN_KM": 50.8, "DIST_UP_KM": 6.6, "CATCH_SKM": 10.66, "UPLAND_SKM": 10.7, "ENDORHEIC": 0, "DIS_AV_CMS": 0.49700001, "ORD_STRA": 1, "ORD_CLAS": 2, "ORD_FLOW": 7, "HYBAS_L12": 4121602140.0, "Shape_Length": 0.048927669529643447 }, "geometry": { "type": "MultiLineString", "coordinates": [ [ [ 80.210416666666305, 6.824999999999868 ], [ 80.210416666666305, 6.810416666666562 ], [ 80.214583333332968, 6.80625 ], [ 80.214583333332968, 6.789583333333233 ], [ 80.222916666666293, 6.781249999999879 ] ] ] } },
{ "type": "Feature", "properties": { "HYRIV_ID": 41406436, "NEXT_DOWN": 41406453, "MAIN_RIV": 41407423, "LENGTH_KM": 1.81, "DIST_DN_KM": 50.8, "DIST_UP_KM": 3.0, "CATCH_SKM": 5.75, "UPLAND_SKM": 5.8, "ENDORHEIC": 0, "DIS_AV_CMS": 0.269, "ORD_STRA": 1, "ORD_CLAS": 3, "ORD_FLOW": 7, "HYBAS_L12": 4121602140.0, "Shape_Length": 0.016309223176559827 }, "geometry": { "type": "MultiLineString", "coordinates": [ [ [ 80.227083333332956, 6.795833333333228 ], [ 80.227083333332956, 6.785416666666571 ], [ 80.222916666666293, 6.781249999999879 ] ] ] } },
{ "type": "Feature", "properties": { "HYRIV_ID": 41406437, "NEXT_DOWN": 41406475, "MAIN_RIV": 41407423, "LENGTH_KM": 5.77, "DIST_DN_KM": 64.0, "DIST_UP_KM": 10.0, "CATCH_SKM": 12.58, "UPLAND_SKM": 25.6, "ENDORHEIC": 0, "DIS_AV_CMS": 1.188, "ORD_STRA": 2, "ORD_CLAS": 3, "ORD_FLOW": 6, "HYBAS_L12": 4121602090.0, "Shape_Length": 0.052022005726041334 }, "geometry": { "type": "MultiLineString", "coordinates": [ [ [ 80.318749999999596, 6.822916666666579 ], [ 80.32291666666643, 6.818749999999888 ], [ 80.32291666666643, 6.80625 ], [ 80.343749999999631, 6.785416666666571 ], [ 80.343749999999631, 6.781249999999879 ] ] ] } },
{ "type": "Feature", "properties": { "HYRIV_ID": 41406438, "NEXT_DOWN": 41406475, "MAIN_RIV": 41407423, "LENGTH_KM": 2.6900001, "DIST_DN_KM": 64.0, "DIST_UP_KM": 22.8, "CATCH_SKM": 5.12, "UPLAND_SKM": 84.599998, "ENDORHEIC": 0, "DIS_AV_CMS": 3.892, "ORD_STRA": 2, "ORD_CLAS": 2, "ORD_FLOW": 6, "HYBAS_L12": 4121602090.0, "Shape_Length": 0.024285113019773801 }, "geometry": { "type": "MultiLineString", "coordinates": [ [ [ 80.364583333332945, 6.789583333333233 ], [ 80.356249999999619, 6.781249999999879 ], [ 80.343749999999631, 6.781249999999879 ] ] ] } },
{ "type": "Feature", "properties": { "HYRIV_ID": 41406452, "NEXT_DOWN": 41406471, "MAIN_RIV": 41407423, "LENGTH_KM": 3.74, "DIST_DN_KM": 37.5, "DIST_UP_KM": 6.1, "CATCH_SKM": 7.46, "UPLAND_SKM": 7.5, "ENDORHEIC": 0, "DIS_AV_CMS": 0.34900001, "ORD_STRA": 1, "ORD_CLAS": 3, "ORD_FLOW": 7, "HYBAS_L12": 4121158850.0, "Shape_Length": 0.033838834764837816 }, "geometry": { "type": "MultiLineString", "coordinates": [ [ [ 80.162499999999653, 6.774999999999885 ], [ 80.156249999999687, 6.781249999999879 ], [ 80.131249999999653, 6.781249999999879 ] ] ] } },
{ "type": "Feature", "properties": { "HYRIV_ID": 41406453, "NEXT_DOWN": 41406507, "MAIN_RIV": 41407423, "LENGTH_KM": 0.46, "DIST_DN_KM": 50.099998, "DIST_UP_KM": 7.2, "CATCH_SKM": 0.43, "UPLAND_SKM": 16.8, "ENDORHEIC": 0, "DIS_AV_CMS": 0.787, "ORD_STRA": 2, "ORD_CLAS": 2, "ORD_FLOW": 7, "HYBAS_L12": 4121602140.0, "Shape_Length": 0.0041666666666628771 }, "geometry": { "type": "MultiLineString", "coordinates": [ [ [ 80.222916666666293, 6.781249999999879 ], [ 80.222916666666293, 6.777083333333216 ] ] ] } },
{ "type": "Feature", "properties": { "HYRIV_ID": 41406454, "NEXT_DOWN": 41406507, "MAIN_RIV": 41407423, "LENGTH_KM": 0.69, "DIST_DN_KM": 50.099998, "DIST_UP_KM": 3.2, "CATCH_SKM": 3.62, "UPLAND_SKM": 3.6, "ENDORHEIC": 0, "DIS_AV_CMS": 0.17200001, "ORD_STRA": 1, "ORD_CLAS": 3, "ORD_FLOW": 7, "HYBAS_L12": 4121602140.0, "Shape_Length": 0.0062500000000795808 }, "geometry": { "type": "MultiLineString", "coordinates": [ [ [ 80.229166666666373, 6.777083333333216 ], [ 80.222916666666293, 6.777083333333216 ] ] ] } },
{ "type": "Feature", "properties": { "HYRIV_ID": 41406455, "NEXT_DOWN": 41406553, "MAIN_RIV": 41407423, "LENGTH_KM": 1.62, "DIST_DN_KM": 83.5, "DIST_UP_KM": 4.7, "CATCH_SKM": 10.02, "UPLAND_SKM": 10.0, "ENDORHEIC": 0, "DIS_AV_CMS": 0.44600001, "ORD_STRA": 1, "ORD_CLAS": 6, "ORD_FLOW": 7, "HYBAS_L12": 4121158860.0, "Shape_Length": 0.014583333333348492 }, "geometry": { "type": "MultiLineString", "coordinates": [ [ [ 80.435416666666271, 6.791666666666565 ], [ 80.435416666666271, 6.777083333333216 ] ] ] } },
{ "type": "Feature", "properties": { "HYRIV_ID": 41406456, "NEXT_DOWN": 41406553, "MAIN_RIV": 41407423, "LENGTH_KM": 2.75, "DIST_DN_KM": 83.5, "DIST_UP_KM": 6.3, "CATCH_SKM": 7.46, "UPLAND_SKM": 7.5, "ENDORHEIC": 0, "DIS_AV_CMS": 0.329, "ORD_STRA": 1, "ORD_CLAS": 5, "ORD_FLOW": 7, "HYBAS_L12": 4121158860.0, "Shape_Length": 0.024790614451365444 }, "geometry": { "type": "MultiLineString", "coordinates": [ [ [ 80.454166666666339, 6.791666666666565 ], [ 80.439583333333047, 6.777083333333216 ], [ 80.435416666666271, 6.777083333333216 ] ] ] } },
{ "type": "Feature", "properties": { "HYRIV_ID": 41406470, "NEXT_DOWN": 41406489, "MAIN_RIV": 41407423, "LENGTH_KM": 1.4400001, "DIST_DN_KM": 36.200001, "DIST_UP_KM": 2.9, "CATCH_SKM": 3.84, "UPLAND_SKM": 3.8, "ENDORHEIC": 0, "DIS_AV_CMS": 0.175, "ORD_STRA": 1, "ORD_CLAS": 3, "ORD_FLOW": 7, "HYBAS_L12": 4121158850.0, "Shape_Length": 0.013005501431526876 }, "geometry": { "type": "MultiLineString", "coordinates": [ [ [ 80.116666666666305, 6.783333333333239 ], [ 80.122916666666328, 6.777083333333216 ], [ 80.122916666666328, 6.772916666666553 ] ] ] } },
{ "type": "Feature", "properties": { "HYRIV_ID": 41406471, "NEXT_DOWN": 41406489, "MAIN_RIV": 41407423, "LENGTH_KM": 1.31, "DIST_DN_KM": 36.400002, "DIST_UP_KM": 11.3, "CATCH_SKM": 1.71, "UPLAND_SKM": 42.8, "ENDORHEIC": 0, "DIS_AV_CMS": 1.989, "ORD_STRA": 2, "ORD_CLAS": 2, "ORD_FLOW": 6, "HYBAS_L12": 4121158850.0, "Shape_Length": 0.011785113019765073 }, "geometry": { "type": "MultiLineString", "coordinates": [ [ [ 80.131249999999653, 6.781249999999879 ], [ 80.122916666666328, 6.772916666666553 ] ] ] } },
{ "type": "Feature", "properties": { "HYRIV_ID": 41406472, "NEXT_DOWN": 41406632, "MAIN_RIV": 41407423, "LENGTH_KM": 3.6600001, "DIST_DN_KM": 59.900002, "DIST_UP_KM": 5.5, "CATCH_SKM": 10.66, "UPLAND_SKM": 10.7, "ENDORHEIC": 0, "DIS_AV_CMS": 0.498, "ORD_STRA": 1, "ORD_CLAS": 3, "ORD_FLOW": 7, "HYBAS_L12": 4121158830.0, "Shape_Length": 0.032975889843391198 }, "geometry": { "type": "MultiLineString", "coordinates": [ [ [ 80.310416666666271, 6.799999999999876 ], [ 80.310416666666271, 6.785416666666571 ], [ 80.314583333333047, 6.781249999999879 ], [ 80.314583333333047, 6.777083333333216 ], [ 80.310416666666271, 6.777083333333216 ], [ 80.310416666666271, 6.772916666666553 ] ] ] } },
{ "type": "Feature", "properties": { "HYRIV_ID": 41406473, "NEXT_DOWN": 41406632, "MAIN_RIV": 41407423, "LENGTH_KM": 1.38, "DIST_DN_KM": 59.900002, "DIST_UP_KM": 26.9, "CATCH_SKM": 1.49, "UPLAND_SKM": 136.39999, "ENDORHEIC": 0, "DIS_AV_CMS": 6.3909998, "ORD_STRA": 3, "ORD_CLAS": 2, "ORD_FLOW": 6, "HYBAS_L12": 4121158830.0, "Shape_Length": 0.012500000000159162 }, "geometry": { "type": "MultiLineString", "coordinates": [ [ [ 80.32291666666643, 6.772916666666553 ], [ 80.310416666666271, 6.772916666666553 ] ] ] } },
{ "type": "Feature", "properties": { "HYRIV_ID": 41406474, "NEXT_DOWN": 41406473, "MAIN_RIV": 41407423, "LENGTH_KM": 1.38, "DIST_DN_KM": 61.3, "DIST_UP_KM": 25.5, "CATCH_SKM": 2.35, "UPLAND_SKM": 131.89999, "ENDORHEIC": 0, "DIS_AV_CMS": 6.1479998, "ORD_STRA": 3, "ORD_CLAS": 2, "ORD_FLOW": 6, "HYBAS_L12": 4121158830.0, "Shape_Length": 0.012499999999874944 }, "geometry": { "type": "MultiLineString", "coordinates": [ [ [ 80.335416666666305, 6.772916666666553 ], [ 80.32291666666643, 6.772916666666553 ] ] ] } },
{ "type": "Feature", "properties": { "HYRIV_ID": 41406475, "NEXT_DOWN": 41406474, "MAIN_RIV": 41407423, "LENGTH_KM": 1.31, "DIST_DN_KM": 62.900002, "DIST_UP_KM": 23.9, "CATCH_SKM": 1.0700001, "UPLAND_SKM": 111.3, "ENDORHEIC": 0, "DIS_AV_CMS": 5.1479998, "ORD_STRA": 3, "ORD_CLAS": 2, "ORD_FLOW": 6, "HYBAS_L12": 4121602090.0, "Shape_Length": 0.011785113019765073 }, "geometry": { "type": "MultiLineString", "coordinates": [ [ [ 80.343749999999631, 6.781249999999879 ], [ 80.335416666666305, 6.772916666666553 ] ] ] } },
{ "type": "Feature", "properties": { "HYRIV_ID": 41406489, "NEXT_DOWN": 41406549, "MAIN_RIV": 41407423, "LENGTH_KM": 0.46, "DIST_DN_KM": 35.700001, "DIST_UP_KM": 12.0, "CATCH_SKM": 0.64, "UPLAND_SKM": 47.3, "ENDORHEIC": 0, "DIS_AV_CMS": 2.197, "ORD_STRA": 2, "ORD_CLAS": 2, "ORD_FLOW": 6, "HYBAS_L12": 4121158850.0, "Shape_Length": 0.0041666666666486663 }, "geometry": { "type": "MultiLineString", "coordinates": [ [ [ 80.122916666666328, 6.772916666666553 ], [ 80.122916666666328, 6.76875 ] ] ] } },
{ "type": "Feature", "properties": { "HYRIV_ID": 41406490, "NEXT_DOWN": 41406549, "MAIN_RIV": 41407423, "LENGTH_KM": 2.07, "DIST_DN_KM": 35.700001, "DIST_UP_KM": 4.3, "CATCH_SKM": 4.2600002, "UPLAND_SKM": 4.3, "ENDORHEIC": 0, "DIS_AV_CMS": 0.2, "ORD_STRA": 1, "ORD_CLAS": 3, "ORD_FLOW": 7, "HYBAS_L12": 4121158850.0, "Shape_Length": 0.018750000000011369 }, "geometry": { "type": "MultiLineString", "coordinates": [ [ [ 80.141666666666339, 6.76875 ], [ 80.122916666666328, 6.76875 ] ] ] } },
{ "type": "Feature", "properties": { "HYRIV_ID": 41406491, "NEXT_DOWN": 41406473, "MAIN_RIV": 41407423, "LENGTH_KM": 0.69, "DIST_DN_KM": 61.3, "DIST_UP_KM": 2.9, "CATCH_SKM": 2.98, "UPLAND_SKM": 3.0, "ENDORHEIC": 0, "DIS_AV_CMS": 0.14, "ORD_STRA": 1, "ORD_CLAS": 3, "ORD_FLOW": 7, "HYBAS_L12": 4121158830.0, "Shape_Length": 0.0062499999999801048 }, "geometry": { "type": "MultiLineString", "coordinates": [ [ [ 80.32291666666643, 6.766666666666573 ], [ 80.32291666666643, 6.772916666666553 ] ] ] } },
{ "type": "Feature", "properties": { "HYRIV_ID": 41406492, "NEXT_DOWN": 41406554, "MAIN_RIV": 41407423, "LENGTH_KM": 2.75, "DIST_DN_KM": 84.599998, "DIST_UP_KM": 4.8, "CATCH_SKM": 6.6100001, "UPLAND_SKM": 6.6, "ENDORHEIC": 0, "DIS_AV_CMS": 0.29, "ORD_STRA": 1, "ORD_CLAS": 5, "ORD_FLOW": 7, "HYBAS_L12": 4121158860.0, "Shape_Length": 0.024790614451322097 }, "geometry": { "type": "MultiLineString", "coordinates": [ [ [ 80.47499999999971, 6.783333333333239 ], [ 80.464583333332968, 6.772916666666553 ], [ 80.460416666666305, 6.772916666666553 ], [ 80.456249999999642, 6.76875 ] ] ] } },
{ "type": "Feature", "properties": { "HYRIV_ID": 41406506, "NEXT_DOWN": 41406651, "MAIN_RIV": 41407423, "LENGTH_KM": 1.4400001, "DIST_DN_KM": 48.5, "DIST_UP_KM": 3.8, "CATCH_SKM": 3.62, "UPLAND_SKM": 3.6, "ENDORHEIC": 0, "DIS_AV_CMS": 0.17, "ORD_STRA": 1, "ORD_CLAS": 3, "ORD_FLOW": 7, "HYBAS_L12": 4121602140.0, "Shape_Length": 0.013005501431456536 }, "geometry": { "type": "MultiLineString", "coordinates": [ [ [ 80.208333333333002, 6.770833333333222 ], [ 80.214583333332968, 6.764583333333242 ], [ 80.218749999999631, 6.764583333333242 ] ] ] } },
{ "type": "Feature", "properties": { "HYRIV_ID": 41406507, "NEXT_DOWN": 41406651, "MAIN_RIV": 41407423, "LENGTH_KM": 1.58, "DIST_DN_KM": 48.599998, "DIST_UP_KM": 8.8, "CATCH_SKM": 4.6900001, "UPLAND_SKM": 25.200001, "ENDORHEIC": 0, "DIS_AV_CMS": 1.186, "ORD_STRA": 2, "ORD_CLAS": 2, "ORD_FLOW": 6, "HYBAS_L12": 4121602140.0, "Shape_Length": 0.014225889843194079 }, "geometry": { "type": "MultiLineString", "coordinates": [ [ [ 80.222916666666293, 6.777083333333216 ], [ 80.218749999999631, 6.772916666666553 ], [ 80.218749999999631, 6.764583333333242 ] ] ] } },
{ "type": "Feature", "properties": { "HYRIV_ID": 41406508, "NEXT_DOWN": 41406551, "MAIN_RIV": 41407423, "LENGTH_KM": 1.15, "DIST_DN_KM": 82.800003, "DIST_UP_KM": 3.8, "CATCH_SKM": 7.0300002, "UPLAND_SKM": 7.0, "ENDORHEIC": 0, "DIS_AV_CMS": 0.32, "ORD_STRA": 1, "ORD_CLAS": 7, "ORD_FLOW": 7, "HYBAS_L12": 4121158860.0, "Shape_Length": 0.010416666666742458 }, "geometry": { "type": "MultiLineString", "coordinates": [ [ [ 80.416666666666316, 6.764583333333242 ], [ 80.427083333333059, 6.764583333333242 ] ] ] } },
{ "type": "Feature", "properties": { "HYRIV_ID": 41406509, "NEXT_DOWN": 41406551, "MAIN_RIV": 41407423, "LENGTH_KM": 2.56, "DIST_DN_KM": 83.0, "DIST_UP_KM": 4.5, "CATCH_SKM": 6.1799998, "UPLAND_SKM": 6.2, "ENDORHEIC": 0, "DIS_AV_CMS": 0.27900001, "ORD_STRA": 1, "ORD_CLAS": 6, "ORD_FLOW": 7, "HYBAS_L12": 4121158860.0, "Shape_Length": 0.023064724607977687 }, "geometry": { "type": "MultiLineString", "coordinates": [ [ [ 80.429166666666305, 6.783333333333239 ], [ 80.422916666666396, 6.777083333333216 ], [ 80.422916666666396, 6.76875 ], [ 80.427083333333059, 6.764583333333242 ] ] ] } },
{ "type": "Feature", "properties": { "HYRIV_ID": 41406548, "NEXT_DOWN": 41406593, "MAIN_RIV": 41407423, "LENGTH_KM": 3.58, "DIST_DN_KM": 34.099998, "DIST_UP_KM": 5.1, "CATCH_SKM": 6.6100001, "UPLAND_SKM": 6.6, "ENDORHEIC": 0, "DIS_AV_CMS": 0.302, "ORD_STRA": 1, "ORD_CLAS": 3, "ORD_FLOW": 7, "HYBAS_L12": 4121158850.0, "Shape_Length": 0.032261002863050503 }, "geometry": { "type": "MultiLineString", "coordinates": [ [ [ 80.106249999999619, 6.783333333333239 ], [ 80.106249999999619, 6.777083333333216 ], [ 80.110416666666339, 6.772916666666553 ], [ 80.110416666666339, 6.76875 ], [ 80.118749999999665, 6.760416666666579 ], [ 80.118749999999665, 6.756249999999888 ] ] ] } },
{ "type": "Feature", "properties": { "HYRIV_ID": 41406549, "NEXT_DOWN": 41406593, "MAIN_RIV": 41407423, "LENGTH_KM": 1.58, "DIST_DN_KM": 34.3, "DIST_UP_KM": 13.4, "CATCH_SKM": 2.77, "UPLAND_SKM": 54.400002, "ENDORHEIC": 0, "DIS_AV_CMS": 2.5380001, "ORD_STRA": 2, "ORD_CLAS": 2, "ORD_FLOW": 6, "HYBAS_L12": 4121158850.0, "Shape_Length": 0.014225889843228388 }, "geometry": { "type": "MultiLineString", "coordinates": [ [ [ 80.122916666666328, 6.76875 ], [ 80.122916666666328, 6.760416666666579 ], [ 80.118749999999665, 6.756249999999888 ] ] ] } },
{ "type": "Feature", "properties": { "HYRIV_ID": 41406550, "NEXT_DOWN": 41406474, "MAIN_RIV": 41407423, "LENGTH_KM": 7.2, "DIST_DN_KM": 62.700001, "DIST_UP_KM": 9.8, "CATCH_SKM": 18.33, "UPLAND_SKM": 18.3, "ENDORHEIC": 0, "DIS_AV_CMS": 0.85900003, "ORD_STRA": 1, "ORD_CLAS": 3, "ORD_FLOW": 7, "HYBAS_L12": 4121602090.0, "Shape_Length": 0.065027507157463554 }, "geometry": { "type": "MultiLineString", "coordinates": [ [ [ 80.379166666666293, 6.766666666666573 ], [ 80.372916666666328, 6.772916666666553 ], [ 80.368749999999665, 6.76875 ], [ 80.368749999999665, 6.764583333333242 ], [ 80.360416666666282, 6.756249999999888 ], [ 80.356249999999619, 6.756249999999888 ], [ 80.352083333332956, 6.760416666666579 ], [ 80.352083333332956, 6.764583333333242 ], [ 80.343749999999631, 6.772916666666553 ], [ 80.335416666666305, 6.772916666666553 ] ] ] } },
{ "type": "Feature", "properties": { "HYRIV_ID": 41406551, "NEXT_DOWN": 41406552, "MAIN_RIV": 41407423, "LENGTH_KM": 1.12, "DIST_DN_KM": 81.800003, "DIST_UP_KM": 5.6, "CATCH_SKM": 0.85, "UPLAND_SKM": 14.1, "ENDORHEIC": 0, "DIS_AV_CMS": 0.64, "ORD_STRA": 2, "ORD_CLAS": 6, "ORD_FLOW": 7, "HYBAS_L12": 4121158860.0, "Shape_Length": 0.010059223176485121 }, "geometry": { "type": "MultiLineString", "coordinates": [ [ [ 80.427083333333059, 6.764583333333242 ], [ 80.427083333333059, 6.760416666666579 ], [ 80.431249999999608, 6.756249999999888 ] ] ] } },
{ "type": "Feature", "properties": { "HYRIV_ID": 41406552, "NEXT_DOWN": 41406594, "MAIN_RIV": 41407423, "LENGTH_KM": 0.46, "DIST_DN_KM": 81.199997, "DIST_UP_KM": 6.2, "CATCH_SKM": 0.21, "UPLAND_SKM": 18.5, "ENDORHEIC": 0, "DIS_AV_CMS": 0.84600002, "ORD_STRA": 2, "ORD_CLAS": 6, "ORD_FLOW": 7, "HYBAS_L12": 4121158860.0, "Shape_Length": 0.0041666666666628771 }, "geometry": { "type": "MultiLineString", "coordinates": [ [ [ 80.431249999999608, 6.756249999999888 ], [ 80.435416666666271, 6.756249999999888 ] ] ] } },
{ "type": "Feature", "properties": { "HYRIV_ID": 41406553, "NEXT_DOWN": 41406594, "MAIN_RIV": 41407423, "LENGTH_KM": 2.32, "DIST_DN_KM": 81.199997, "DIST_UP_KM": 8.6, "CATCH_SKM": 2.56, "UPLAND_SKM": 20.0, "ENDORHEIC": 0, "DIS_AV_CMS": 0.89700001, "ORD_STRA": 2, "ORD_CLAS": 5, "ORD_FLOW": 7, "HYBAS_L12": 4121158860.0, "Shape_Length": 0.020833333333328596 }, "geometry": { "type": "MultiLineString", "coordinates": [ [ [ 80.435416666666271, 6.777083333333216 ], [ 80.435416666666271, 6.756249999999888 ] ] ] } },
{ "type": "Feature", "properties": { "HYRIV_ID": 41406554, "NEXT_DOWN": 41406594, "MAIN_RIV": 41407423, "LENGTH_KM": 3.27, "DIST_DN_KM": 81.400002, "DIST_UP_KM": 10.4, "CATCH_SKM": 6.8200002, "UPLAND_SKM": 26.200001, "ENDORHEIC": 0, "DIS_AV_CMS": 1.168, "ORD_STRA": 2, "ORD_CLAS": 4, "ORD_FLOW": 6, "HYBAS_L12": 4121158860.0, "Shape_Length": 0.029462782549452875 }, "geometry": { "type": "MultiLineString", "coordinates": [ [ [ 80.456249999999642, 6.76875 ], [ 80.452083333332922, 6.772916666666553 ], [ 80.435416666666271, 6.756249999999888 ] ] ] } },
{ "type": "Feature", "properties": { "HYRIV_ID": 41406555, "NEXT_DOWN": 41406554, "MAIN_RIV": 41407423, "LENGTH_KM": 5.1500001, "DIST_DN_KM": 84.599998, "DIST_UP_KM": 7.1, "CATCH_SKM": 12.79, "UPLAND_SKM": 12.8, "ENDORHEIC": 0, "DIS_AV_CMS": 0.565, "ORD_STRA": 1, "ORD_CLAS": 4, "ORD_FLOW": 7, "HYBAS_L12": 4121158860.0, "Shape_Length": 0.046486892706216164 }, "geometry": { "type": "MultiLineString", "coordinates": [ [ [ 80.489583333332945, 6.766666666666573 ], [ 80.489583333332945, 6.760416666666579 ], [ 80.485416666666282, 6.756249999999888 ], [ 80.468749999999631, 6.756249999999888 ], [ 80.456249999999642, 6.76875 ] ] ] } },
{ "type": "Feature", "properties": { "HYRIV_ID": 41406573, "NEXT_DOWN": 41406552, "MAIN_RIV": 41407423, "LENGTH_KM": 1.4400001, "DIST_DN_KM": 81.599998, "DIST_UP_KM": 2.9, "CATCH_SKM": 4.2600002, "UPLAND_SKM": 4.3, "ENDORHEIC": 0, "DIS_AV_CMS": 0.195, "ORD_STRA": 1, "ORD_CLAS": 7, "ORD_FLOW": 7, "HYBAS_L12": 4121158860.0, "Shape_Length": 0.013005501431473481 }, "geometry": { "type": "MultiLineString", "coordinates": [ [ [ 80.420833333332922, 6.749999999999893 ], [ 80.427083333333059, 6.756249999999888 ], [ 80.431249999999608, 6.756249999999888 ] ] ] } },
{ "type": "Feature", "properties": { "HYRIV_ID": 41406592, "NEXT_DOWN": 41406748, "MAIN_RIV": 41407423, "LENGTH_KM": 3.21, "DIST_DN_KM": 32.099998, "DIST_UP_KM": 4.9, "CATCH_SKM": 10.23, "UPLAND_SKM": 10.2, "ENDORHEIC": 0, "DIS_AV_CMS": 0.46700001, "ORD_STRA": 1, "ORD_CLAS": 3, "ORD_FLOW": 7, "HYBAS_L12": 4121158850.0, "Shape_Length": 0.028957281117874437 }, "geometry": { "type": "MultiLineString", "coordinates": [ [ [ 80.087499999999721, 6.766666666666573 ], [ 80.097916666666293, 6.756249999999888 ], [ 80.097916666666293, 6.752083333333225 ], [ 80.102083333332956, 6.747916666666562 ], [ 80.106249999999619, 6.747916666666562 ] ] ] } },
{ "type": "Feature", "properties": { "HYRIV_ID": 41406593, "NEXT_DOWN": 41406748, "MAIN_RIV": 41407423, "LENGTH_KM": 2.04, "DIST_DN_KM": 32.099998, "DIST_UP_KM": 15.6, "CATCH_SKM": 3.84, "UPLAND_SKM": 64.800003, "ENDORHEIC": 0, "DIS_AV_CMS": 3.0369999, "ORD_STRA": 2, "ORD_CLAS": 2, "ORD_FLOW": 6, "HYBAS_L12": 4121158850.0, "Shape_Length": 0.018392556509911361 }, "geometry": { "type": "MultiLineString", "coordinates": [ [ [ 80.118749999999665, 6.756249999999888 ], [ 80.110416666666339, 6.756249999999888 ], [ 80.106249999999619, 6.752083333333225 ], [ 80.106249999999619, 6.747916666666562 ] ] ] } },
{ "type": "Feature", "properties": { "HYRIV_ID": 41406594, "NEXT_DOWN": 41406633, "MAIN_RIV": 41407423, "LENGTH_KM": 0.93, "DIST_DN_KM": 80.300003, "DIST_UP_KM": 11.5, "CATCH_SKM": 1.0700001, "UPLAND_SKM": 65.900002, "ENDORHEIC": 0, "DIS_AV_CMS": 2.97, "ORD_STRA": 3, "ORD_CLAS": 4, "ORD_FLOW": 6, "HYBAS_L12": 4121158860.0, "Shape_Length": 0.0083333333333257542 }, "geometry": { "type": "MultiLineString", "coordinates": [ [ [ 80.435416666666271, 6.756249999999888 ], [ 80.435416666666271, 6.747916666666562 ] ] ] } },
{ "type": "Feature", "properties": { "HYRIV_ID": 41406611, "NEXT_DOWN": 41406630, "MAIN_RIV": 41407423, "LENGTH_KM": 0.98, "DIST_DN_KM": 37.099998, "DIST_UP_KM": 2.4, "CATCH_SKM": 2.56, "UPLAND_SKM": 2.6, "ENDORHEIC": 0, "DIS_AV_CMS": 0.12, "ORD_STRA": 1, "ORD_CLAS": 3, "ORD_FLOW": 7, "HYBAS_L12": 4121158870.0, "Shape_Length": 0.0088388347648840973 }, "geometry": { "type": "MultiLineString", "coordinates": [ [ [ 80.166666666666316, 6.749999999999893 ], [ 80.172916666666396, 6.743749999999899 ] ] ] } },
{ "type": "Feature", "properties": { "HYRIV_ID": 41406612, "NEXT_DOWN": 41406630, "MAIN_RIV": 41407423, "LENGTH_KM": 3.1900001, "DIST_DN_KM": 36.900002, "DIST_UP_KM": 5.8, "CATCH_SKM": 7.46, "UPLAND_SKM": 7.5, "ENDORHEIC": 0, "DIS_AV_CMS": 0.352, "ORD_STRA": 1, "ORD_CLAS": 2, "ORD_FLOW": 7, "HYBAS_L12": 4121158870.0, "Shape_Length": 0.028809223176665594 }, "geometry": { "type": "MultiLineString", "coordinates": [ [ [ 80.179166666666305, 6.760416666666579 ], [ 80.168749999999619, 6.760416666666579 ], [ 80.168749999999619, 6.752083333333225 ], [ 80.172916666666396, 6.747916666666562 ], [ 80.172916666666396, 6.743749999999899 ] ] ] } },
{ "type": "Feature", "properties": { "HYRIV_ID": 41406613, "NEXT_DOWN": 41406633, "MAIN_RIV": 41407423, "LENGTH_KM": 1.4400001, "DIST_DN_KM": 80.300003, "DIST_UP_KM": 3.3, "CATCH_SKM": 3.62, "UPLAND_SKM": 3.6, "ENDORHEIC": 0, "DIS_AV_CMS": 0.167, "ORD_STRA": 1, "ORD_CLAS": 5, "ORD_FLOW": 7, "HYBAS_L12": 4121158860.0, "Shape_Length": 0.013005501431456536 }, "geometry": { "type": "MultiLineString", "coordinates": [ [ [ 80.424999999999642, 6.741666666666582 ], [ 80.431249999999608, 6.747916666666562 ], [ 80.435416666666271, 6.747916666666562 ] ] ] } },
{ "type": "Feature", "properties": { "HYRIV_ID": 41406630, "NEXT_DOWN": 41406650, "MAIN_RIV": 41407423, "LENGTH_KM": 0.92, "DIST_DN_KM": 35.900002, "DIST_UP_KM": 6.8, "CATCH_SKM": 1.0700001, "UPLAND_SKM": 11.1, "ENDORHEIC": 0, "DIS_AV_CMS": 0.52499998, "ORD_STRA": 2, "ORD_CLAS": 2, "ORD_FLOW": 7, "HYBAS_L12": 4121158870.0, "Shape_Length": 0.0083333333334252302 }, "geometry": { "type": "MultiLineString", "coordinates": [ [ [ 80.172916666666396, 6.743749999999899 ], [ 80.172916666666396, 6.73958333333325 ], [ 80.168749999999619, 6.73958333333325 ] ] ] } },
{ "type": "Feature", "properties": { "HYRIV_ID": 41406631, "NEXT_DOWN": 41406719, "MAIN_RIV": 41407423, "LENGTH_KM": 9.0100002, "DIST_DN_KM": 54.400002, "DIST_UP_KM": 21.8, "CATCH_SKM": 25.370001, "UPLAND_SKM": 90.400002, "ENDORHEIC": 0, "DIS_AV_CMS": 4.3309999, "ORD_STRA": 3, "ORD_CLAS": 3, "ORD_FLOW": 6, "HYBAS_L12": 4121158830.0, "Shape_Length": 0.081188672392637828 }, "geometry": { "type": "MultiLineString", "coordinates": [ [ [ 80.272916666666362, 6.810416666666562 ], [ 80.277083333333024, 6.80625 ], [ 80.277083333333024, 6.793749999999896 ], [ 80.28541666666635, 6.785416666666571 ], [ 80.28541666666635, 6.781249999999879 ], [ 80.281249999999687, 6.777083333333216 ], [ 80.28541666666635, 6.772916666666553 ], [ 80.28541666666635, 6.743749999999899 ], [ 80.289583333333013, 6.73958333333325 ] ] ] } },
{ "type": "Feature", "properties": { "HYRIV_ID": 41406632, "NEXT_DOWN": 41406719, "MAIN_RIV": 41407423, "LENGTH_KM": 5.6799998, "DIST_DN_KM": 54.400002, "DIST_UP_KM": 32.400002, "CATCH_SKM": 10.87, "UPLAND_SKM": 157.89999, "ENDORHEIC": 0, "DIS_AV_CMS": 7.5139999, "ORD_STRA": 3, "ORD_CLAS": 2, "ORD_FLOW": 6, "HYBAS_L12": 4121158830.0, "Shape_Length": 0.051307118745843754 }, "geometry": { "type": "MultiLineString", "coordinates": [ [ [ 80.310416666666271, 6.772916666666553 ], [ 80.306249999999608, 6.76875 ], [ 80.314583333333047, 6.760416666666579 ], [ 80.310416666666271, 6.756249999999888 ], [ 80.306249999999608, 6.756249999999888 ], [ 80.289583333333013, 6.73958333333325 ] ] ] } },
{ "type": "Feature", "properties": { "HYRIV_ID": 41406633, "NEXT_DOWN": 41406815, "MAIN_RIV": 41407423, "LENGTH_KM": 1.12, "DIST_DN_KM": 79.099998, "DIST_UP_KM": 12.6, "CATCH_SKM": 1.0700001, "UPLAND_SKM": 70.599998, "ENDORHEIC": 0, "DIS_AV_CMS": 3.1960001, "ORD_STRA": 3, "ORD_CLAS": 4, "ORD_FLOW": 6, "HYBAS_L12": 4121158860.0, "Shape_Length": 0.010059223176611592 }, "geometry": { "type": "MultiLineString", "coordinates": [ [ [ 80.435416666666271, 6.747916666666562 ], [ 80.439583333333047, 6.743749999999899 ], [ 80.439583333333047, 6.73958333333325 ] ] ] } },
{ "type": "Feature", "properties": { "HYRIV_ID": 41406634, "NEXT_DOWN": 41406815, "MAIN_RIV": 41407423, "LENGTH_KM": 0.65, "DIST_DN_KM": 79.300003, "DIST_UP_KM": 15.5, "CATCH_SKM": 1.92, "UPLAND_SKM": 51.8, "ENDORHEIC": 0, "DIS_AV_CMS": 2.3169999, "ORD_STRA": 2, "ORD_CLAS": 3, "ORD_FLOW": 6, "HYBAS_L12": 4121158860.0, "Shape_Length": 0.0058925565097920993 }, "geometry": { "type": "MultiLineString", "coordinates": [ [ [ 80.443749999999596, 6.743749999999899 ], [ 80.439583333333047, 6.73958333333325 ] ] ] } },
{ "type": "Feature", "properties": { "HYRIV_ID": 41406635, "NEXT_DOWN": 41406634, "MAIN_RIV": 41407423, "LENGTH_KM": 4.79, "DIST_DN_KM": 79.800003, "DIST_UP_KM": 15.0, "CATCH_SKM": 9.3800001, "UPLAND_SKM": 45.0, "ENDORHEIC": 0, "DIS_AV_CMS": 2.0050001, "ORD_STRA": 2, "ORD_CLAS": 3, "ORD_FLOW": 6, "HYBAS_L12": 4121158860.0, "Shape_Length": 0.043392556509895222 }, "geometry": { "type": "MultiLineString", "coordinates": [ [ [ 80.485416666666282, 6.73958333333325 ], [ 80.477083333332956, 6.73958333333325 ], [ 80.472916666666293, 6.743749999999899 ], [ 80.443749999999596, 6.743749999999899 ] ] ] } },
{ "type": "Feature", "properties": { "HYRIV_ID": 41406636, "NEXT_DOWN": 41406635, "MAIN_RIV": 41407423, "LENGTH_KM": 2.56, "DIST_DN_KM": 84.599998, "DIST_UP_KM": 5.6, "CATCH_SKM": 4.9, "UPLAND_SKM": 4.9, "ENDORHEIC": 0, "DIS_AV_CMS": 0.215, "ORD_STRA": 1, "ORD_CLAS": 4, "ORD_FLOW": 7, "HYBAS_L12": 4121158860.0, "Shape_Length": 0.02306472460813502 }, "geometry": { "type": "MultiLineString", "coordinates": [ [ [ 80.499999999999744, 6.754166666666556 ], [ 80.493749999999665, 6.747916666666562 ], [ 80.489583333332945, 6.747916666666562 ], [ 80.485416666666282, 6.743749999999899 ], [ 80.485416666666282, 6.73958333333325 ] ] ] } },
{ "type": "Feature", "properties": { "HYRIV_ID": 41406637, "NEXT_DOWN": 41406635, "MAIN_RIV": 41407423, "LENGTH_KM": 0.92, "DIST_DN_KM": 84.599998, "DIST_UP_KM": 10.2, "CATCH_SKM": 2.98, "UPLAND_SKM": 30.700001, "ENDORHEIC": 0, "DIS_AV_CMS": 1.341, "ORD_STRA": 2, "ORD_CLAS": 3, "ORD_FLOW": 6, "HYBAS_L12": 4121158860.0, "Shape_Length": 0.0083333333333825976 }, "geometry": { "type": "MultiLineString", "coordinates": [ [ [ 80.493749999999665, 6.73958333333325 ], [ 80.485416666666282, 6.73958333333325 ] ] ] } },
{ "type": "Feature", "properties": { "HYRIV_ID": 41406638, "NEXT_DOWN": 41406637, "MAIN_RIV": 41407423, "LENGTH_KM": 2.75, "DIST_DN_KM": 85.5, "DIST_UP_KM": 5.0, "CATCH_SKM": 5.12, "UPLAND_SKM": 5.1, "ENDORHEIC": 0, "DIS_AV_CMS": 0.223, "ORD_STRA": 1, "ORD_CLAS": 4, "ORD_FLOW": 7, "HYBAS_L12": 4121158860.0, "Shape_Length": 0.0247906144512074 }, "geometry": { "type": "MultiLineString", "coordinates": [ [ [ 80.508333333332956, 6.758333333333205 ], [ 80.493749999999665, 6.743749999999899 ], [ 80.493749999999665, 6.73958333333325 ] ] ] } },
{ "type": "Feature", "properties": { "HYRIV_ID": 41406649, "NEXT_DOWN": 41406749, "MAIN_RIV": 41407423, "LENGTH_KM": 0.69, "DIST_DN_KM": 32.5, "DIST_UP_KM": 2.7, "CATCH_SKM": 2.77, "UPLAND_SKM": 2.8, "ENDORHEIC": 0, "DIS_AV_CMS": 0.13, "ORD_STRA": 1, "ORD_CLAS": 2, "ORD_FLOW": 7, "HYBAS_L12": 4121158870.0, "Shape_Length": 0.0062500000000369482 }, "geometry": { "type": "MultiLineString", "coordinates": [ [ [ 80.139583333333036, 6.741666666666582 ], [ 80.139583333333036, 6.735416666666545 ] ] ] } },
{ "type": "Feature", "properties": { "HYRIV_ID": 41406650, "NEXT_DOWN": 41406749, "MAIN_RIV": 41407423, "LENGTH_KM": 3.4100001, "DIST_DN_KM": 32.5, "DIST_UP_KM": 84.0, "CATCH_SKM": 6.6100001, "UPLAND_SKM": 1512.9, "ENDORHEIC": 0, "DIS_AV_CMS": 77.845001, "ORD_STRA": 5, "ORD_CLAS": 1, "ORD_FLOW": 5, "HYBAS_L12": 4121158870.0, "Shape_Length": 0.030892556509833101 }, "geometry": { "type": "MultiLineString", "coordinates": [ [ [ 80.168749999999619, 6.73958333333325 ], [ 80.152083333333024, 6.73958333333325 ], [ 80.147916666666362, 6.735416666666545 ], [ 80.139583333333036, 6.735416666666545 ] ] ] } },
{ "type": "Feature", "properties": { "HYRIV_ID": 41406651, "NEXT_DOWN": 41406686, "MAIN_RIV": 41407423, "LENGTH_KM": 3.62, "DIST_DN_KM": 44.900002, "DIST_UP_KM": 12.4, "CATCH_SKM": 7.6700001, "UPLAND_SKM": 36.400002, "ENDORHEIC": 0, "DIS_AV_CMS": 1.74, "ORD_STRA": 2, "ORD_CLAS": 2, "ORD_FLOW": 6, "HYBAS_L12": 4121602140.0, "Shape_Length": 0.032618446353132144 }, "geometry": { "type": "MultiLineString", "coordinates": [ [ [ 80.218749999999631, 6.764583333333242 ], [ 80.218749999999631, 6.760416666666579 ], [ 80.222916666666293, 6.756249999999888 ], [ 80.222916666666293, 6.743749999999899 ], [ 80.227083333332956, 6.73958333333325 ], [ 80.227083333332956, 6.735416666666545 ] ] ] } },
{ "type": "Feature", "properties": { "HYRIV_ID": 41406652, "NEXT_DOWN": 41406770, "MAIN_RIV": 41407423, "LENGTH_KM": 0.69, "DIST_DN_KM": 59.900002, "DIST_UP_KM": 2.4, "CATCH_SKM": 2.56, "UPLAND_SKM": 2.6, "ENDORHEIC": 0, "DIS_AV_CMS": 0.121, "ORD_STRA": 1, "ORD_CLAS": 3, "ORD_FLOW": 7, "HYBAS_L12": 4121158840.0, "Shape_Length": 0.0062500000000369482 }, "geometry": { "type": "MultiLineString", "coordinates": [ [ [ 80.335416666666305, 6.741666666666582 ], [ 80.335416666666305, 6.735416666666545 ] ] ] } },
{ "type": "Feature", "properties": { "HYRIV_ID": 41406653, "NEXT_DOWN": 41406770, "MAIN_RIV": 41407423, "LENGTH_KM": 0.98, "DIST_DN_KM": 60.099998, "DIST_UP_KM": 2.9, "CATCH_SKM": 5.33, "UPLAND_SKM": 5.3, "ENDORHEIC": 0, "DIS_AV_CMS": 0.252, "ORD_STRA": 1, "ORD_CLAS": 2, "ORD_FLOW": 7, "HYBAS_L12": 4121158840.0, "Shape_Length": 0.0088388347648740481 }, "geometry": { "type": "MultiLineString", "coordinates": [ [ [ 80.341666666666328, 6.741666666666582 ], [ 80.335416666666305, 6.735416666666545 ] ] ] } },
{ "type": "Feature", "properties": { "HYRIV_ID": 41406683, "NEXT_DOWN": 41406730, "MAIN_RIV": 41407423, "LENGTH_KM": 4.7800002, "DIST_DN_KM": 23.5, "DIST_UP_KM": 6.8, "CATCH_SKM": 19.82, "UPLAND_SKM": 19.8, "ENDORHEIC": 0, "DIS_AV_CMS": 0.89499998, "ORD_STRA": 1, "ORD_CLAS": 2, "ORD_FLOW": 7, "HYBAS_L12": 4121159110.0, "Shape_Length": 0.043035113019968187 }, "geometry": { "type": "MultiLineString", "coordinates": [ [ [ 80.056249999999778, 6.766666666666573 ], [ 80.056249999999778, 6.760416666666579 ], [ 80.052083333332945, 6.760416666666579 ], [ 80.052083333332945, 6.756249999999888 ], [ 80.047916666666396, 6.752083333333225 ], [ 80.047916666666396, 6.743749999999899 ], [ 80.043749999999619, 6.73958333333325 ], [ 80.043749999999619, 6.731249999999882 ] ] ] } },
{ "type": "Feature", "properties": { "HYRIV_ID": 41406684, "NEXT_DOWN": 41406716, "MAIN_RIV": 41407423, "LENGTH_KM": 1.4400001, "DIST_DN_KM": 43.400002, "DIST_UP_KM": 3.8, "CATCH_SKM": 2.98, "UPLAND_SKM": 3.0, "ENDORHEIC": 0, "DIS_AV_CMS": 0.142, "ORD_STRA": 1, "ORD_CLAS": 2, "ORD_FLOW": 7, "HYBAS_L12": 4121158870.0, "Shape_Length": 0.01300550143149673 }, "geometry": { "type": "MultiLineString", "coordinates": [ [ [ 80.208333333333002, 6.741666666666582 ], [ 80.214583333332968, 6.735416666666545 ], [ 80.214583333332968, 6.731249999999882 ] ] ] } },
{ "type": "Feature", "properties": { "HYRIV_ID": 41406685, "NEXT_DOWN": 41406716, "MAIN_RIV": 41407423, "LENGTH_KM": 0.46, "DIST_DN_KM": 43.400002, "DIST_UP_KM": 73.099998, "CATCH_SKM": 0.85, "UPLAND_SKM": 1435.3, "ENDORHEIC": 0, "DIS_AV_CMS": 71.622002, "ORD_STRA": 5, "ORD_CLAS": 1, "ORD_FLOW": 5, "HYBAS_L12": 4121158870.0, "Shape_Length": 0.0041666666666628771 }, "geometry": { "type": "MultiLineString", "coordinates": [ [ [ 80.218749999999631, 6.731249999999882 ], [ 80.214583333332968, 6.731249999999882 ] ] ] } },
{ "type": "Feature", "properties": { "HYRIV_ID": 41406686, "NEXT_DOWN": 41406685, "MAIN_RIV": 41407423, "LENGTH_KM": 1.11, "DIST_DN_KM": 44.0, "DIST_UP_KM": 72.5, "CATCH_SKM": 0.85, "UPLAND_SKM": 1414.4, "ENDORHEIC": 0, "DIS_AV_CMS": 70.483002, "ORD_STRA": 5, "ORD_CLAS": 1, "ORD_FLOW": 5, "HYBAS_L12": 4121158870.0, "Shape_Length": 0.010059223176545413 }, "geometry": { "type": "MultiLineString", "coordinates": [ [ [ 80.227083333332956, 6.735416666666545 ], [ 80.222916666666293, 6.735416666666545 ], [ 80.218749999999631, 6.731249999999882 ] ] ] } },
{ "type": "Feature", "properties": { "HYRIV_ID": 41406687, "NEXT_DOWN": 41406686, "MAIN_RIV": 41407423, "LENGTH_KM": 3.4100001, "DIST_DN_KM": 44.900002, "DIST_UP_KM": 71.599998, "CATCH_SKM": 8.9499998, "UPLAND_SKM": 1377.1, "ENDORHEIC": 0, "DIS_AV_CMS": 68.475998, "ORD_STRA": 5, "ORD_CLAS": 1, "ORD_FLOW": 5, "HYBAS_L12": 4121602140.0, "Shape_Length": 0.030892556509899992 }, "geometry": { "type": "MultiLineString", "coordinates": [ [ [ 80.256249999999653, 6.731249999999882 ], [ 80.243749999999665, 6.731249999999882 ], [ 80.239583333332945, 6.735416666666545 ], [ 80.227083333332956, 6.735416666666545 ] ] ] } },
{ "type": "Feature", "properties": { "HYRIV_ID": 41406688, "NEXT_DOWN": 41406687, "MAIN_RIV": 41407423, "LENGTH_KM": 0.92, "DIST_DN_KM": 48.3, "DIST_UP_KM": 68.199997, "CATCH_SKM": 1.0700001, "UPLAND_SKM": 1356.4, "ENDORHEIC": 0, "DIS_AV_CMS": 66.706001, "ORD_STRA": 5, "ORD_CLAS": 1, "ORD_FLOW": 5, "HYBAS_L12": 4121602140.0, "Shape_Length": 0.0083333333333257542 }, "geometry": { "type": "MultiLineString", "coordinates": [ [ [ 80.264583333332979, 6.731249999999882 ], [ 80.256249999999653, 6.731249999999882 ] ] ] } },
{ "type": "Feature", "properties": { "HYRIV_ID": 41406689, "NEXT_DOWN": 41406688, "MAIN_RIV": 41407423, "LENGTH_KM": 3.01, "DIST_DN_KM": 49.3, "DIST_UP_KM": 4.5, "CATCH_SKM": 8.1, "UPLAND_SKM": 8.1, "ENDORHEIC": 0, "DIS_AV_CMS": 0.389, "ORD_STRA": 1, "ORD_CLAS": 2, "ORD_FLOW": 7, "HYBAS_L12": 4121602140.0, "Shape_Length": 0.027083333333322912 }, "geometry": { "type": "MultiLineString", "coordinates": [ [ [ 80.264583333332979, 6.758333333333205 ], [ 80.264583333332979, 6.731249999999882 ] ] ] } },
{ "type": "Feature", "properties": { "HYRIV_ID": 41406690, "NEXT_DOWN": 41406634, "MAIN_RIV": 41407423, "LENGTH_KM": 2.0, "DIST_DN_KM": 80.0, "DIST_UP_KM": 4.9, "CATCH_SKM": 4.9, "UPLAND_SKM": 4.9, "ENDORHEIC": 0, "DIS_AV_CMS": 0.221, "ORD_STRA": 1, "ORD_CLAS": 4, "ORD_FLOW": 7, "HYBAS_L12": 4121158860.0, "Shape_Length": 0.018035113019765275 }, "geometry": { "type": "MultiLineString", "coordinates": [ [ [ 80.452083333332922, 6.729166666666565 ], [ 80.452083333332922, 6.735416666666545 ], [ 80.443749999999596, 6.743749999999899 ] ] ] } },
{ "type": "Feature", "properties": { "HYRIV_ID": 41406691, "NEXT_DOWN": 41406637, "MAIN_RIV": 41407423, "LENGTH_KM": 7.2, "DIST_DN_KM": 85.699997, "DIST_UP_KM": 9.1, "CATCH_SKM": 22.6, "UPLAND_SKM": 22.6, "ENDORHEIC": 0, "DIS_AV_CMS": 0.98299998, "ORD_STRA": 1, "ORD_CLAS": 3, "ORD_FLOW": 7, "HYBAS_L12": 4121158860.0, "Shape_Length": 0.065027507157527004 }, "geometry": { "type": "MultiLineString", "coordinates": [ [ [ 80.541666666666316, 6.758333333333205 ], [ 80.53541666666635, 6.752083333333225 ], [ 80.53541666666635, 6.747916666666562 ], [ 80.531249999999687, 6.743749999999899 ], [ 80.522916666666305, 6.743749999999899 ], [ 80.514583333332979, 6.735416666666545 ], [ 80.510416666666316, 6.735416666666545 ], [ 80.506249999999653, 6.731249999999882 ], [ 80.50208333333299, 6.735416666666545 ], [ 80.497916666666271, 6.735416666666545 ], [ 80.493749999999665, 6.73958333333325 ] ] ] } },
{ "type": "Feature", "properties": { "HYRIV_ID": 41406712, "NEXT_DOWN": 41406730, "MAIN_RIV": 41407423, "LENGTH_KM": 1.4400001, "DIST_DN_KM": 23.5, "DIST_UP_KM": 3.5, "CATCH_SKM": 4.2600002, "UPLAND_SKM": 4.3, "ENDORHEIC": 0, "DIS_AV_CMS": 0.19400001, "ORD_STRA": 1, "ORD_CLAS": 3, "ORD_FLOW": 7, "HYBAS_L12": 4121159110.0, "Shape_Length": 0.01300550143153003 }, "geometry": { "type": "MultiLineString", "coordinates": [ [ [ 80.054166666666305, 6.725 ], [ 80.047916666666396, 6.731249999999882 ], [ 80.043749999999619, 6.731249999999882 ] ] ] } },
{ "type": "Feature", "properties": { "HYRIV_ID": 41406713, "NEXT_DOWN": 41406747, "MAIN_RIV": 41407423, "LENGTH_KM": 2.73, "DIST_DN_KM": 30.5, "DIST_UP_KM": 4.5, "CATCH_SKM": 8.3100004, "UPLAND_SKM": 8.3, "ENDORHEIC": 0, "DIS_AV_CMS": 0.38100001, "ORD_STRA": 1, "ORD_CLAS": 3, "ORD_FLOW": 7, "HYBAS_L12": 4121158850.0, "Shape_Length": 0.024642556509855435 }, "geometry": { "type": "MultiLineString", "coordinates": [ [ [ 80.077083333332979, 6.737499999999876 ], [ 80.077083333332979, 6.731249999999882 ], [ 80.081249999999642, 6.727083333333233 ], [ 80.093749999999631, 6.727083333333233 ] ] ] } },
{ "type": "Feature", "properties": { "HYRIV_ID": 41406714, "NEXT_DOWN": 41406747, "MAIN_RIV": 41407423, "LENGTH_KM": 1.16, "DIST_DN_KM": 30.5, "DIST_UP_KM": 3.3, "CATCH_SKM": 3.84, "UPLAND_SKM": 3.8, "ENDORHEIC": 0, "DIS_AV_CMS": 0.176, "ORD_STRA": 1, "ORD_CLAS": 4, "ORD_FLOW": 7, "HYBAS_L12": 4121158850.0, "Shape_Length": 0.010416666666642982 }, "geometry": { "type": "MultiLineString", "coordinates": [ [ [ 80.093749999999631, 6.737499999999876 ], [ 80.093749999999631, 6.727083333333233 ] ] ] } },
{ "type": "Feature", "properties": { "HYRIV_ID": 41406715, "NEXT_DOWN": 41406732, "MAIN_RIV": 41407423, "LENGTH_KM": 10.55, "DIST_DN_KM": 41.3, "DIST_UP_KM": 11.9, "CATCH_SKM": 18.969999, "UPLAND_SKM": 19.0, "ENDORHEIC": 0, "DIS_AV_CMS": 0.903, "ORD_STRA": 1, "ORD_CLAS": 2, "ORD_FLOW": 7, "HYBAS_L12": 4121158870.0, "Shape_Length": 0.095057118745447089 }, "geometry": { "type": "MultiLineString", "coordinates": [ [ [ 80.189583333333104, 6.808333333333245 ], [ 80.189583333333104, 6.797916666666545 ], [ 80.193749999999596, 6.793749999999896 ], [ 80.193749999999596, 6.777083333333216 ], [ 80.189583333333104, 6.772916666666553 ], [ 80.193749999999596, 6.76875 ], [ 80.193749999999596, 6.764583333333242 ], [ 80.189583333333104, 6.760416666666579 ], [ 80.189583333333104, 6.747916666666562 ], [ 80.185416666666271, 6.743749999999899 ], [ 80.197916666666316, 6.731249999999882 ], [ 80.197916666666316, 6.727083333333233 ] ] ] } },
{ "type": "Feature", "properties": { "HYRIV_ID": 41406716, "NEXT_DOWN": 41406732, "MAIN_RIV": 41407423, "LENGTH_KM": 2.03, "DIST_DN_KM": 41.5, "DIST_UP_KM": 75.0, "CATCH_SKM": 3.62, "UPLAND_SKM": 1441.9, "ENDORHEIC": 0, "DIS_AV_CMS": 72.401001, "ORD_STRA": 5, "ORD_CLAS": 1, "ORD_FLOW": 5, "HYBAS_L12": 4121158870.0, "Shape_Length": 0.018392556509861119 }, "geometry": { "type": "MultiLineString", "coordinates": [ [ [ 80.214583333332968, 6.731249999999882 ], [ 80.202083333332979, 6.731249999999882 ], [ 80.197916666666316, 6.727083333333233 ] ] ] } },
{ "type": "Feature", "properties": { "HYRIV_ID": 41406717, "NEXT_DOWN": 41406688, "MAIN_RIV": 41407423, "LENGTH_KM": 2.49, "DIST_DN_KM": 49.3, "DIST_UP_KM": 67.199997, "CATCH_SKM": 4.2600002, "UPLAND_SKM": 1347.2, "ENDORHEIC": 0, "DIS_AV_CMS": 66.049004, "ORD_STRA": 5, "ORD_CLAS": 1, "ORD_FLOW": 5, "HYBAS_L12": 4121602140.0, "Shape_Length": 0.02255922317658084 }, "geometry": { "type": "MultiLineString", "coordinates": [ [ [ 80.28541666666635, 6.727083333333233 ], [ 80.281249999999687, 6.731249999999882 ], [ 80.264583333332979, 6.731249999999882 ] ] ] } },
{ "type": "Feature", "properties": { "HYRIV_ID": 41406718, "NEXT_DOWN": 41406717, "MAIN_RIV": 41407423, "LENGTH_KM": 0.92, "DIST_DN_KM": 51.8, "DIST_UP_KM": 64.699997, "CATCH_SKM": 1.49, "UPLAND_SKM": 1264.1, "ENDORHEIC": 0, "DIS_AV_CMS": 61.355999, "ORD_STRA": 5, "ORD_CLAS": 1, "ORD_FLOW": 5, "HYBAS_L12": 4121602140.0, "Shape_Length": 0.0083333333333825976 }, "geometry": { "type": "MultiLineString", "coordinates": [ [ [ 80.293749999999733, 6.727083333333233 ], [ 80.28541666666635, 6.727083333333233 ] ] ] } },
{ "type": "Feature", "properties": { "HYRIV_ID": 41406719, "NEXT_DOWN": 41406718, "MAIN_RIV": 41407423, "LENGTH_KM": 1.58, "DIST_DN_KM": 52.700001, "DIST_UP_KM": 34.099998, "CATCH_SKM": 2.77, "UPLAND_SKM": 251.10001, "ENDORHEIC": 0, "DIS_AV_CMS": 12.038, "ORD_STRA": 4, "ORD_CLAS": 2, "ORD_FLOW": 5, "HYBAS_L12": 4121158830.0, "Shape_Length": 0.014225889843276907 }, "geometry": { "type": "MultiLineString", "coordinates": [ [ [ 80.289583333333013, 6.73958333333325 ], [ 80.289583333333013, 6.735416666666545 ], [ 80.293749999999733, 6.731249999999882 ], [ 80.293749999999733, 6.727083333333233 ] ] ] } },
{ "type": "Feature", "properties": { "HYRIV_ID": 41406720, "NEXT_DOWN": 41406736, "MAIN_RIV": 41407423, "LENGTH_KM": 3.02, "DIST_DN_KM": 65.199997, "DIST_UP_KM": 5.5, "CATCH_SKM": 10.02, "UPLAND_SKM": 10.0, "ENDORHEIC": 0, "DIS_AV_CMS": 0.46700001, "ORD_STRA": 1, "ORD_CLAS": 2, "ORD_FLOW": 7, "HYBAS_L12": 4121158930.0, "Shape_Length": 0.027231391274693248 }, "geometry": { "type": "MultiLineString", "coordinates": [ [ [ 80.383333333332956, 6.749999999999893 ], [ 80.372916666666328, 6.73958333333325 ], [ 80.372916666666328, 6.727083333333233 ] ] ] } },
{ "type": "Feature", "properties": { "HYRIV_ID": 41406721, "NEXT_DOWN": 41406736, "MAIN_RIV": 41407423, "LENGTH_KM": 2.07, "DIST_DN_KM": 65.199997, "DIST_UP_KM": 4.5, "CATCH_SKM": 7.6700001, "UPLAND_SKM": 7.7, "ENDORHEIC": 0, "DIS_AV_CMS": 0.35800001, "ORD_STRA": 1, "ORD_CLAS": 3, "ORD_FLOW": 7, "HYBAS_L12": 4121158930.0, "Shape_Length": 0.018750000000068212 }, "geometry": { "type": "MultiLineString", "coordinates": [ [ [ 80.391666666666396, 6.727083333333233 ], [ 80.372916666666328, 6.727083333333233 ] ] ] } },
{ "type": "Feature", "properties": { "HYRIV_ID": 41406729, "NEXT_DOWN": 41406767, "MAIN_RIV": 41407423, "LENGTH_KM": 0.69, "DIST_DN_KM": 22.6, "DIST_UP_KM": 2.9, "CATCH_SKM": 3.84, "UPLAND_SKM": 3.8, "ENDORHEIC": 0, "DIS_AV_CMS": 0.171, "ORD_STRA": 1, "ORD_CLAS": 3, "ORD_FLOW": 7, "HYBAS_L12": 4121159110.0, "Shape_Length": 0.0062499999999658939 }, "geometry": { "type": "MultiLineString", "coordinates": [ [ [ 80.037499999999653, 6.722916666666571 ], [ 80.043749999999619, 6.722916666666571 ] ] ] } },
{ "type": "Feature", "properties": { "HYRIV_ID": 41406730, "NEXT_DOWN": 41406767, "MAIN_RIV": 41407423, "LENGTH_KM": 0.93, "DIST_DN_KM": 22.6, "DIST_UP_KM": 7.7, "CATCH_SKM": 1.0700001, "UPLAND_SKM": 25.200001, "ENDORHEIC": 0, "DIS_AV_CMS": 1.141, "ORD_STRA": 2, "ORD_CLAS": 2, "ORD_FLOW": 6, "HYBAS_L12": 4121159110.0, "Shape_Length": 0.0083333333333115434 }, "geometry": { "type": "MultiLineString", "coordinates": [ [ [ 80.043749999999619, 6.731249999999882 ], [ 80.043749999999619, 6.722916666666571 ] ] ] } },
{ "type": "Feature", "properties": { "HYRIV_ID": 41406731, "NEXT_DOWN": 41406650, "MAIN_RIV": 41407423, "LENGTH_KM": 2.8800001, "DIST_DN_KM": 36.099998, "DIST_UP_KM": 80.400002, "CATCH_SKM": 4.0500002, "UPLAND_SKM": 1495.2, "ENDORHEIC": 0, "DIS_AV_CMS": 76.155998, "ORD_STRA": 5, "ORD_CLAS": 1, "ORD_FLOW": 5, "HYBAS_L12": 4121158870.0, "Shape_Length": 0.026011002863116781 }, "geometry": { "type": "MultiLineString", "coordinates": [ [ [ 80.177083333332945, 6.722916666666571 ], [ 80.172916666666396, 6.722916666666571 ], [ 80.168749999999619, 6.727083333333233 ], [ 80.168749999999619, 6.731249999999882 ], [ 80.172916666666396, 6.735416666666545 ], [ 80.168749999999619, 6.73958333333325 ] ] ] } },
{ "type": "Feature", "properties": { "HYRIV_ID": 41406732, "NEXT_DOWN": 41406731, "MAIN_RIV": 41407423, "LENGTH_KM": 2.49, "DIST_DN_KM": 38.8, "DIST_UP_KM": 77.699997, "CATCH_SKM": 4.0500002, "UPLAND_SKM": 1480.5, "ENDORHEIC": 0, "DIS_AV_CMS": 74.846001, "ORD_STRA": 5, "ORD_CLAS": 1, "ORD_FLOW": 5, "HYBAS_L12": 4121158870.0, "Shape_Length": 0.022559223176624187 }, "geometry": { "type": "MultiLineString", "coordinates": [ [ [ 80.197916666666316, 6.727083333333233 ], [ 80.185416666666271, 6.727083333333233 ], [ 80.181249999999721, 6.722916666666571 ], [ 80.177083333332945, 6.722916666666571 ] ] ] } },
{ "type": "Feature", "properties": { "HYRIV_ID": 41406733, "NEXT_DOWN": 41406732, "MAIN_RIV": 41407423, "LENGTH_KM": 0.92, "DIST_DN_KM": 41.3, "DIST_UP_KM": 7.0, "CATCH_SKM": 0.85, "UPLAND_SKM": 15.6, "ENDORHEIC": 0, "DIS_AV_CMS": 0.75400001, "ORD_STRA": 2, "ORD_CLAS": 3, "ORD_FLOW": 7, "HYBAS_L12": 4121158870.0, "Shape_Length": 0.0083333333333257542 }, "geometry": { "type": "MultiLineString", "coordinates": [ [ [ 80.202083333332979, 6.722916666666571 ], [ 80.202083333332979, 6.727083333333233 ], [ 80.197916666666316, 6.727083333333233 ] ] ] } },
{ "type": "Feature", "properties": { "HYRIV_ID": 41406734, "NEXT_DOWN": 41406718, "MAIN_RIV": 41407423, "LENGTH_KM": 2.95, "DIST_DN_KM": 52.900002, "DIST_UP_KM": 63.599998, "CATCH_SKM": 7.46, "UPLAND_SKM": 1011.5, "ENDORHEIC": 0, "DIS_AV_CMS": 49.044998, "ORD_STRA": 4, "ORD_CLAS": 1, "ORD_FLOW": 5, "HYBAS_L12": 4121158840.0, "Shape_Length": 0.026725889843083234 }, "geometry": { "type": "MultiLineString", "coordinates": [ [ [ 80.318749999999596, 6.722916666666571 ], [ 80.297916666666396, 6.722916666666571 ], [ 80.293749999999733, 6.727083333333233 ] ] ] } },
{ "type": "Feature", "properties": { "HYRIV_ID": 41406735, "NEXT_DOWN": 41406795, "MAIN_RIV": 41407423, "LENGTH_KM": 2.56, "DIST_DN_KM": 64.5, "DIST_UP_KM": 4.7, "CATCH_SKM": 5.54, "UPLAND_SKM": 5.5, "ENDORHEIC": 0, "DIS_AV_CMS": 0.26100001, "ORD_STRA": 1, "ORD_CLAS": 3, "ORD_FLOW": 7, "HYBAS_L12": 4121158930.0, "Shape_Length": 0.023064724608112486 }, "geometry": { "type": "MultiLineString", "coordinates": [ [ [ 80.358333333332922, 6.741666666666582 ], [ 80.364583333332945, 6.735416666666545 ], [ 80.364583333332945, 6.731249999999882 ], [ 80.368749999999665, 6.727083333333233 ], [ 80.368749999999665, 6.722916666666571 ] ] ] } },
{ "type": "Feature", "properties": { "HYRIV_ID": 41406736, "NEXT_DOWN": 41406795, "MAIN_RIV": 41407423, "LENGTH_KM": 0.65, "DIST_DN_KM": 64.699997, "DIST_UP_KM": 6.0, "CATCH_SKM": 0.43, "UPLAND_SKM": 18.1, "ENDORHEIC": 0, "DIS_AV_CMS": 0.84600002, "ORD_STRA": 2, "ORD_CLAS": 2, "ORD_FLOW": 7, "HYBAS_L12": 4121158930.0, "Shape_Length": 0.0058925565098825365 }, "geometry": { "type": "MultiLineString", "coordinates": [ [ [ 80.372916666666328, 6.727083333333233 ], [ 80.368749999999665, 6.722916666666571 ] ] ] } },
{ "type": "Feature", "properties": { "HYRIV_ID": 41406747, "NEXT_DOWN": 41406812, "MAIN_RIV": 41407423, "LENGTH_KM": 2.23, "DIST_DN_KM": 28.5, "DIST_UP_KM": 6.6, "CATCH_SKM": 2.35, "UPLAND_SKM": 14.5, "ENDORHEIC": 0, "DIS_AV_CMS": 0.66900003, "ORD_STRA": 2, "ORD_CLAS": 3, "ORD_FLOW": 7, "HYBAS_L12": 4121158850.0, "Shape_Length": 0.020118446353131023 }, "geometry": { "type": "MultiLineString", "coordinates": [ [ [ 80.093749999999631, 6.727083333333233 ], [ 80.097916666666293, 6.727083333333233 ], [ 80.102083333332956, 6.722916666666571 ], [ 80.106249999999619, 6.722916666666571 ], [ 80.110416666666339, 6.71875 ] ] ] } },
{ "type": "Feature", "properties": { "HYRIV_ID": 41406748, "NEXT_DOWN": 41406812, "MAIN_RIV": 41407423, "LENGTH_KM": 3.81, "DIST_DN_KM": 28.3, "DIST_UP_KM": 19.4, "CATCH_SKM": 8.9499998, "UPLAND_SKM": 84.0, "ENDORHEIC": 0, "DIS_AV_CMS": 3.964, "ORD_STRA": 2, "ORD_CLAS": 2, "ORD_FLOW": 6, "HYBAS_L12": 4121158850.0, "Shape_Length": 0.034344336196357683 }, "geometry": { "type": "MultiLineString", "coordinates": [ [ [ 80.106249999999619, 6.747916666666562 ], [ 80.106249999999619, 6.743749999999899 ], [ 80.110416666666339, 6.73958333333325 ], [ 80.110416666666339, 6.735416666666545 ], [ 80.114583333333002, 6.731249999999882 ], [ 80.114583333333002, 6.727083333333233 ], [ 80.110416666666339, 6.722916666666571 ], [ 80.110416666666339, 6.71875 ] ] ] } },
{ "type": "Feature", "properties": { "HYRIV_ID": 41406749, "NEXT_DOWN": 41406791, "MAIN_RIV": 41407423, "LENGTH_KM": 2.23, "DIST_DN_KM": 30.5, "DIST_UP_KM": 86.0, "CATCH_SKM": 4.48, "UPLAND_SKM": 1520.1, "ENDORHEIC": 0, "DIS_AV_CMS": 78.674004, "ORD_STRA": 5, "ORD_CLAS": 1, "ORD_FLOW": 5, "HYBAS_L12": 4121158870.0, "Shape_Length": 0.020118446353076615 }, "geometry": { "type": "MultiLineString", "coordinates": [ [ [ 80.139583333333036, 6.735416666666545 ], [ 80.135416666666373, 6.731249999999882 ], [ 80.135416666666373, 6.722916666666571 ], [ 80.139583333333036, 6.71875 ] ] ] } },
{ "type": "Feature", "properties": { "HYRIV_ID": 41406750, "NEXT_DOWN": 41406733, "MAIN_RIV": 41407423, "LENGTH_KM": 0.69, "DIST_DN_KM": 42.200001, "DIST_UP_KM": 2.7, "CATCH_SKM": 2.56, "UPLAND_SKM": 2.6, "ENDORHEIC": 0, "DIS_AV_CMS": 0.123, "ORD_STRA": 1, "ORD_CLAS": 4, "ORD_FLOW": 7, "HYBAS_L12": 4121158870.0, "Shape_Length": 0.0062500000000227374 }, "geometry": { "type": "MultiLineString", "coordinates": [ [ [ 80.202083333332979, 6.716666666666548 ], [ 80.202083333332979, 6.722916666666571 ] ] ] } },
{ "type": "Feature", "properties": { "HYRIV_ID": 41406767, "NEXT_DOWN": 41406875, "MAIN_RIV": 41407423, "LENGTH_KM": 1.12, "DIST_DN_KM": 21.6, "DIST_UP_KM": 8.6, "CATCH_SKM": 0.85, "UPLAND_SKM": 29.8, "ENDORHEIC": 0, "DIS_AV_CMS": 1.355, "ORD_STRA": 2, "ORD_CLAS": 2, "ORD_FLOW": 6, "HYBAS_L12": 4121159110.0, "Shape_Length": 0.010059223176565511 }, "geometry": { "type": "MultiLineString", "coordinates": [ [ [ 80.043749999999619, 6.722916666666571 ], [ 80.043749999999619, 6.71875 ], [ 80.039583333332956, 6.714583333333216 ] ] ] } },
{ "type": "Feature", "properties": { "HYRIV_ID": 41406768, "NEXT_DOWN": 41406875, "MAIN_RIV": 41407423, "LENGTH_KM": 0.69, "DIST_DN_KM": 21.4, "DIST_UP_KM": 2.5, "CATCH_SKM": 3.2, "UPLAND_SKM": 3.2, "ENDORHEIC": 0, "DIS_AV_CMS": 0.145, "ORD_STRA": 1, "ORD_CLAS": 3, "ORD_FLOW": 7, "HYBAS_L12": 4121159110.0, "Shape_Length": 0.0062500000000227374 }, "geometry": { "type": "MultiLineString", "coordinates": [ [ [ 80.045833333332979, 6.714583333333216 ], [ 80.039583333332956, 6.714583333333216 ] ] ] } },
{ "type": "Feature", "properties": { "HYRIV_ID": 41406769, "NEXT_DOWN": 41406734, "MAIN_RIV": 41407423, "LENGTH_KM": 1.77, "DIST_DN_KM": 55.8, "DIST_UP_KM": 60.700001, "CATCH_SKM": 2.98, "UPLAND_SKM": 985.90002, "ENDORHEIC": 0, "DIS_AV_CMS": 47.328999, "ORD_STRA": 4, "ORD_CLAS": 1, "ORD_FLOW": 5, "HYBAS_L12": 4121158840.0, "Shape_Length": 0.01595177968650489 }, "geometry": { "type": "MultiLineString", "coordinates": [ [ [ 80.331249999999642, 6.714583333333216 ], [ 80.327083333332922, 6.714583333333216 ], [ 80.318749999999596, 6.722916666666571 ] ] ] } },
{ "type": "Feature", "properties": { "HYRIV_ID": 41406770, "NEXT_DOWN": 41406769, "MAIN_RIV": 41407423, "LENGTH_KM": 2.51, "DIST_DN_KM": 57.599998, "DIST_UP_KM": 5.4, "CATCH_SKM": 5.54, "UPLAND_SKM": 13.4, "ENDORHEIC": 0, "DIS_AV_CMS": 0.64, "ORD_STRA": 2, "ORD_CLAS": 2, "ORD_FLOW": 7, "HYBAS_L12": 4121158840.0, "Shape_Length": 0.022559223176539932 }, "geometry": { "type": "MultiLineString", "coordinates": [ [ [ 80.335416666666305, 6.735416666666545 ], [ 80.335416666666305, 6.71875 ], [ 80.331249999999642, 6.714583333333216 ] ] ] } },
{ "type": "Feature", "properties": { "HYRIV_ID": 41406789, "NEXT_DOWN": 41406937, "MAIN_RIV": 41407423, "LENGTH_KM": 2.6500001, "DIST_DN_KM": 17.3, "DIST_UP_KM": 4.0, "CATCH_SKM": 6.39, "UPLAND_SKM": 6.4, "ENDORHEIC": 0, "DIS_AV_CMS": 0.273, "ORD_STRA": 1, "ORD_CLAS": 4, "ORD_FLOW": 7, "HYBAS_L12": 4121159110.0, "Shape_Length": 0.02392766952980413 }, "geometry": { "type": "MultiLineString", "coordinates": [ [ [ 79.97916666666643, 6.722916666666571 ], [ 79.972916666666293, 6.722916666666571 ], [ 79.968749999999631, 6.71875 ], [ 79.977083333332956, 6.710416666666553 ] ] ] } },
{ "type": "Feature", "properties": { "HYRIV_ID": 41406790, "NEXT_DOWN": 41406937, "MAIN_RIV": 41407423, "LENGTH_KM": 0.98, "DIST_DN_KM": 17.3, "DIST_UP_KM": 2.6, "CATCH_SKM": 3.84, "UPLAND_SKM": 3.8, "ENDORHEIC": 0, "DIS_AV_CMS": 0.166, "ORD_STRA": 1, "ORD_CLAS": 5, "ORD_FLOW": 7, "HYBAS_L12": 4121159110.0, "Shape_Length": 0.0088388347649242908 }, "geometry": { "type": "MultiLineString", "coordinates": [ [ [ 79.983333333333093, 6.716666666666548 ], [ 79.977083333332956, 6.710416666666553 ] ] ] } },
{ "type": "Feature", "properties": { "HYRIV_ID": 41406791, "NEXT_DOWN": 41406814, "MAIN_RIV": 41407423, "LENGTH_KM": 1.12, "DIST_DN_KM": 29.4, "DIST_UP_KM": 87.099998, "CATCH_SKM": 1.49, "UPLAND_SKM": 1534.0, "ENDORHEIC": 0, "DIS_AV_CMS": 79.585999, "ORD_STRA": 5, "ORD_CLAS": 1, "ORD_FLOW": 5, "HYBAS_L12": 4121158870.0, "Shape_Length": 0.010059223176573834 }, "geometry": { "type": "MultiLineString", "coordinates": [ [ [ 80.139583333333036, 6.71875 ], [ 80.139583333333036, 6.714583333333216 ], [ 80.135416666666373, 6.710416666666553 ] ] ] } },
{ "type": "Feature", "properties": { "HYRIV_ID": 41406792, "NEXT_DOWN": 41406814, "MAIN_RIV": 41407423, "LENGTH_KM": 0.69, "DIST_DN_KM": 29.200001, "DIST_UP_KM": 3.1, "CATCH_SKM": 3.2, "UPLAND_SKM": 3.2, "ENDORHEIC": 0, "DIS_AV_CMS": 0.152, "ORD_STRA": 1, "ORD_CLAS": 2, "ORD_FLOW": 7, "HYBAS_L12": 4121158870.0, "Shape_Length": 0.0062499999999658939 }, "geometry": { "type": "MultiLineString", "coordinates": [ [ [ 80.141666666666339, 6.710416666666553 ], [ 80.135416666666373, 6.710416666666553 ] ] ] } },
{ "type": "Feature", "properties": { "HYRIV_ID": 41406793, "NEXT_DOWN": 41406733, "MAIN_RIV": 41407423, "LENGTH_KM": 1.77, "DIST_DN_KM": 42.400002, "DIST_UP_KM": 5.8, "CATCH_SKM": 2.77, "UPLAND_SKM": 12.2, "ENDORHEIC": 0, "DIS_AV_CMS": 0.588, "ORD_STRA": 2, "ORD_CLAS": 3, "ORD_FLOW": 7, "HYBAS_L12": 4121158870.0, "Shape_Length": 0.01595177968645637 }, "geometry": { "type": "MultiLineString", "coordinates": [ [ [ 80.210416666666305, 6.710416666666553 ], [ 80.206249999999642, 6.714583333333216 ], [ 80.206249999999642, 6.71875 ], [ 80.202083333332979, 6.722916666666571 ] ] ] } },
{ "type": "Feature", "properties": { "HYRIV_ID": 41406794, "NEXT_DOWN": 41406793, "MAIN_RIV": 41407423, "LENGTH_KM": 0.69, "DIST_DN_KM": 44.0, "DIST_UP_KM": 2.9, "CATCH_SKM": 3.2, "UPLAND_SKM": 3.2, "ENDORHEIC": 0, "DIS_AV_CMS": 0.154, "ORD_STRA": 1, "ORD_CLAS": 4, "ORD_FLOW": 7, "HYBAS_L12": 4121158870.0, "Shape_Length": 0.0062500000000795808 }, "geometry": { "type": "MultiLineString", "coordinates": [ [ [ 80.216666666666384, 6.710416666666553 ], [ 80.210416666666305, 6.710416666666553 ] ] ] } },
{ "type": "Feature", "properties": { "HYRIV_ID": 41406795, "NEXT_DOWN": 41406849, "MAIN_RIV": 41407423, "LENGTH_KM": 1.39, "DIST_DN_KM": 63.200001, "DIST_UP_KM": 7.5, "CATCH_SKM": 4.6900001, "UPLAND_SKM": 28.4, "ENDORHEIC": 0, "DIS_AV_CMS": 1.334, "ORD_STRA": 2, "ORD_CLAS": 2, "ORD_FLOW": 6, "HYBAS_L12": 4121158930.0, "Shape_Length": 0.012500000000017053 }, "geometry": { "type": "MultiLineString", "coordinates": [ [ [ 80.368749999999665, 6.722916666666571 ], [ 80.368749999999665, 6.710416666666553 ] ] ] } },
{ "type": "Feature", "properties": { "HYRIV_ID": 41406812, "NEXT_DOWN": 41406970, "MAIN_RIV": 41407423, "LENGTH_KM": 1.58, "DIST_DN_KM": 26.9, "DIST_UP_KM": 20.8, "CATCH_SKM": 1.92, "UPLAND_SKM": 100.4, "ENDORHEIC": 0, "DIS_AV_CMS": 4.7480001, "ORD_STRA": 3, "ORD_CLAS": 2, "ORD_FLOW": 6, "HYBAS_L12": 4121158850.0, "Shape_Length": 0.014225889843236712 }, "geometry": { "type": "MultiLineString", "coordinates": [ [ [ 80.110416666666339, 6.71875 ], [ 80.110416666666339, 6.710416666666553 ], [ 80.114583333333002, 6.706249999999891 ] ] ] } },
{ "type": "Feature", "properties": { "HYRIV_ID": 41406813, "NEXT_DOWN": 41406970, "MAIN_RIV": 41407423, "LENGTH_KM": 0.92, "DIST_DN_KM": 26.700001, "DIST_UP_KM": 89.800003, "CATCH_SKM": 1.28, "UPLAND_SKM": 1549.3, "ENDORHEIC": 0, "DIS_AV_CMS": 80.935997, "ORD_STRA": 5, "ORD_CLAS": 1, "ORD_FLOW": 5, "HYBAS_L12": 4121158870.0, "Shape_Length": 0.0083333333333257542 }, "geometry": { "type": "MultiLineString", "coordinates": [ [ [ 80.122916666666328, 6.706249999999891 ], [ 80.114583333333002, 6.706249999999891 ] ] ] } },
{ "type": "Feature", "properties": { "HYRIV_ID": 41406814, "NEXT_DOWN": 41406813, "MAIN_RIV": 41407423, "LENGTH_KM": 1.5700001, "DIST_DN_KM": 27.6, "DIST_UP_KM": 88.900002, "CATCH_SKM": 5.54, "UPLAND_SKM": 1542.7, "ENDORHEIC": 0, "DIS_AV_CMS": 80.373001, "ORD_STRA": 5, "ORD_CLAS": 1, "ORD_FLOW": 5, "HYBAS_L12": 4121158870.0, "Shape_Length": 0.014225889843248485 }, "geometry": { "type": "MultiLineString", "coordinates": [ [ [ 80.135416666666373, 6.710416666666553 ], [ 80.131249999999653, 6.706249999999891 ], [ 80.122916666666328, 6.706249999999891 ] ] ] } },
{ "type": "Feature", "properties": { "HYRIV_ID": 41406815, "NEXT_DOWN": 41406900, "MAIN_RIV": 41407423, "LENGTH_KM": 4.46, "DIST_DN_KM": 74.699997, "DIST_UP_KM": 20.1, "CATCH_SKM": 10.66, "UPLAND_SKM": 133.0, "ENDORHEIC": 0, "DIS_AV_CMS": 6.0780001, "ORD_STRA": 3, "ORD_CLAS": 3, "ORD_FLOW": 6, "HYBAS_L12": 4121158860.0, "Shape_Length": 0.040236892706234338 }, "geometry": { "type": "MultiLineString", "coordinates": [ [ [ 80.439583333333047, 6.73958333333325 ], [ 80.439583333333047, 6.735416666666545 ], [ 80.435416666666271, 6.731249999999882 ], [ 80.443749999999596, 6.722916666666571 ], [ 80.443749999999596, 6.71875 ], [ 80.439583333333047, 6.714583333333216 ], [ 80.439583333333047, 6.706249999999891 ] ] ] } },
{ "type": "Feature", "properties": { "HYRIV_ID": 41406816, "NEXT_DOWN": 41406900, "MAIN_RIV": 41407423, "LENGTH_KM": 0.92, "DIST_DN_KM": 74.699997, "DIST_UP_KM": 26.3, "CATCH_SKM": 1.0700001, "UPLAND_SKM": 201.10001, "ENDORHEIC": 0, "DIS_AV_CMS": 9.066, "ORD_STRA": 3, "ORD_CLAS": 2, "ORD_FLOW": 6, "HYBAS_L12": 4121158880.0, "Shape_Length": 0.0083333333333825976 }, "geometry": { "type": "MultiLineString", "coordinates": [ [ [ 80.44791666666643, 6.706249999999891 ], [ 80.439583333333047, 6.706249999999891 ] ] ] } },
{ "type": "Feature", "properties": { "HYRIV_ID": 41406817, "NEXT_DOWN": 41406816, "MAIN_RIV": 41407423, "LENGTH_KM": 3.01, "DIST_DN_KM": 75.599998, "DIST_UP_KM": 6.0, "CATCH_SKM": 4.9, "UPLAND_SKM": 4.9, "ENDORHEIC": 0, "DIS_AV_CMS": 0.221, "ORD_STRA": 1, "ORD_CLAS": 3, "ORD_FLOW": 7, "HYBAS_L12": 4121158880.0, "Shape_Length": 0.027231391274584731 }, "geometry": { "type": "MultiLineString", "coordinates": [ [ [ 80.47083333333299, 6.716666666666548 ], [ 80.464583333332968, 6.710416666666553 ], [ 80.456249999999642, 6.710416666666553 ], [ 80.452083333332922, 6.706249999999891 ], [ 80.44791666666643, 6.706249999999891 ] ] ] } },
{ "type": "Feature", "properties": { "HYRIV_ID": 41406818, "NEXT_DOWN": 41406834, "MAIN_RIV": 41407423, "LENGTH_KM": 2.08, "DIST_DN_KM": 86.699997, "DIST_UP_KM": 5.4, "CATCH_SKM": 4.0500002, "UPLAND_SKM": 4.0, "ENDORHEIC": 0, "DIS_AV_CMS": 0.175, "ORD_STRA": 1, "ORD_CLAS": 3, "ORD_FLOW": 7, "HYBAS_L12": 4121158880.0, "Shape_Length": 0.018750000000011369 }, "geometry": { "type": "MultiLineString", "coordinates": [ [ [ 80.531249999999687, 6.725 ], [ 80.531249999999687, 6.706249999999891 ] ] ] } },
{ "type": "Feature", "properties": { "HYRIV_ID": 41406819, "NEXT_DOWN": 41406834, "MAIN_RIV": 41407423, "LENGTH_KM": 0.46, "DIST_DN_KM": 86.699997, "DIST_UP_KM": 14.2, "CATCH_SKM": 0.43, "UPLAND_SKM": 66.5, "ENDORHEIC": 0, "DIS_AV_CMS": 2.848, "ORD_STRA": 2, "ORD_CLAS": 2, "ORD_FLOW": 6, "HYBAS_L12": 4121158880.0, "Shape_Length": 0.0041666666666628771 }, "geometry": { "type": "MultiLineString", "coordinates": [ [ [ 80.53541666666635, 6.706249999999891 ], [ 80.531249999999687, 6.706249999999891 ] ] ] } },
{ "type": "Feature", "properties": { "HYRIV_ID": 41406820, "NEXT_DOWN": 41406819, "MAIN_RIV": 41407423, "LENGTH_KM": 1.4400001, "DIST_DN_KM": 87.199997, "DIST_UP_KM": 4.2, "CATCH_SKM": 5.7600002, "UPLAND_SKM": 5.8, "ENDORHEIC": 0, "DIS_AV_CMS": 0.247, "ORD_STRA": 1, "ORD_CLAS": 4, "ORD_FLOW": 7, "HYBAS_L12": 4121158880.0, "Shape_Length": 0.013005501431466584 }, "geometry": { "type": "MultiLineString", "coordinates": [ [ [ 80.541666666666316, 6.716666666666548 ], [ 80.53541666666635, 6.710416666666553 ], [ 80.53541666666635, 6.706249999999891 ] ] ] } },
{ "type": "Feature", "properties": { "HYRIV_ID": 41406821, "NEXT_DOWN": 41406819, "MAIN_RIV": 41407423, "LENGTH_KM": 1.4400001, "DIST_DN_KM": 87.199997, "DIST_UP_KM": 4.4, "CATCH_SKM": 2.77, "UPLAND_SKM": 2.8, "ENDORHEIC": 0, "DIS_AV_CMS": 0.118, "ORD_STRA": 1, "ORD_CLAS": 3, "ORD_FLOW": 7, "HYBAS_L12": 4121158880.0, "Shape_Length": 0.01300550143142639 }, "geometry": { "type": "MultiLineString", "coordinates": [ [ [ 80.545833333332922, 6.712499999999885 ], [ 80.539583333333013, 6.706249999999891 ], [ 80.53541666666635, 6.706249999999891 ] ] ] } },
{ "type": "Feature", "properties": { "HYRIV_ID": 41406832, "NEXT_DOWN": 41406791, "MAIN_RIV": 41407423, "LENGTH_KM": 4.5, "DIST_DN_KM": 30.3, "DIST_UP_KM": 6.5, "CATCH_SKM": 12.37, "UPLAND_SKM": 12.4, "ENDORHEIC": 0, "DIS_AV_CMS": 0.59399998, "ORD_STRA": 1, "ORD_CLAS": 2, "ORD_FLOW": 7, "HYBAS_L12": 4121158870.0, "Shape_Length": 0.040594336196279224 }, "geometry": { "type": "MultiLineString", "coordinates": [ [ [ 80.162499999999653, 6.702083333333242 ], [ 80.156249999999687, 6.702083333333242 ], [ 80.156249999999687, 6.710416666666553 ], [ 80.152083333333024, 6.714583333333216 ], [ 80.152083333333024, 6.71875 ], [ 80.147916666666362, 6.722916666666571 ], [ 80.143749999999699, 6.71875 ], [ 80.139583333333036, 6.71875 ] ] ] } },
{ "type": "Feature", "properties": { "HYRIV_ID": 41406833, "NEXT_DOWN": 41406878, "MAIN_RIV": 41407423, "LENGTH_KM": 0.98, "DIST_DN_KM": 83.0, "DIST_UP_KM": 3.7, "CATCH_SKM": 4.6900001, "UPLAND_SKM": 4.7, "ENDORHEIC": 0, "DIS_AV_CMS": 0.206, "ORD_STRA": 1, "ORD_CLAS": 3, "ORD_FLOW": 7, "HYBAS_L12": 4121158880.0, "Shape_Length": 0.0088388347649142433 }, "geometry": { "type": "MultiLineString", "coordinates": [ [ [ 80.504166666666407, 6.708333333333222 ], [ 80.497916666666271, 6.702083333333242 ] ] ] } },
{ "type": "Feature", "properties": { "HYRIV_ID": 41406834, "NEXT_DOWN": 41406878, "MAIN_RIV": 41407423, "LENGTH_KM": 3.87, "DIST_DN_KM": 82.900002, "DIST_UP_KM": 18.1, "CATCH_SKM": 12.79, "UPLAND_SKM": 83.400002, "ENDORHEIC": 0, "DIS_AV_CMS": 3.625, "ORD_STRA": 2, "ORD_CLAS": 2, "ORD_FLOW": 6, "HYBAS_L12": 4121158880.0, "Shape_Length": 0.035059223176626311 }, "geometry": { "type": "MultiLineString", "coordinates": [ [ [ 80.531249999999687, 6.706249999999891 ], [ 80.518749999999642, 6.706249999999891 ], [ 80.514583333332979, 6.702083333333242 ], [ 80.497916666666271, 6.702083333333242 ] ] ] } },
{ "type": "Feature", "properties": { "HYRIV_ID": 41406846, "NEXT_DOWN": 41406874, "MAIN_RIV": 41407423, "LENGTH_KM": 2.73, "DIST_DN_KM": 16.8, "DIST_UP_KM": 5.6, "CATCH_SKM": 7.25, "UPLAND_SKM": 7.2, "ENDORHEIC": 0, "DIS_AV_CMS": 0.32, "ORD_STRA": 1, "ORD_CLAS": 3, "ORD_FLOW": 7, "HYBAS_L12": 4121159110.0, "Shape_Length": 0.024642556509891465 }, "geometry": { "type": "MultiLineString", "coordinates": [ [ [ 80.00208333333299, 6.716666666666548 ], [ 80.00208333333299, 6.710416666666553 ], [ 80.00624999999971, 6.706249999999891 ], [ 80.010416666666373, 6.706249999999891 ], [ 80.010416666666373, 6.697916666666579 ] ] ] } },
{ "type": "Feature", "properties": { "HYRIV_ID": 41406847, "NEXT_DOWN": 41406793, "MAIN_RIV": 41407423, "LENGTH_KM": 1.81, "DIST_DN_KM": 44.0, "DIST_UP_KM": 4.3, "CATCH_SKM": 6.1799998, "UPLAND_SKM": 6.2, "ENDORHEIC": 0, "DIS_AV_CMS": 0.299, "ORD_STRA": 1, "ORD_CLAS": 3, "ORD_FLOW": 7, "HYBAS_L12": 4121158870.0, "Shape_Length": 0.016309223176529681 }, "geometry": { "type": "MultiLineString", "coordinates": [ [ [ 80.214583333332968, 6.695833333333248 ], [ 80.214583333332968, 6.702083333333242 ], [ 80.210416666666305, 6.706249999999891 ], [ 80.210416666666305, 6.710416666666553 ] ] ] } },
{ "type": "Feature", "properties": { "HYRIV_ID": 41406848, "NEXT_DOWN": 41406769, "MAIN_RIV": 41407423, "LENGTH_KM": 3.07, "DIST_DN_KM": 57.599998, "DIST_UP_KM": 58.900002, "CATCH_SKM": 7.46, "UPLAND_SKM": 969.5, "ENDORHEIC": 0, "DIS_AV_CMS": 46.313999, "ORD_STRA": 4, "ORD_CLAS": 1, "ORD_FLOW": 5, "HYBAS_L12": 4121158840.0, "Shape_Length": 0.027736892706182976 }, "geometry": { "type": "MultiLineString", "coordinates": [ [ [ 80.352083333332956, 6.697916666666579 ], [ 80.339583333332968, 6.710416666666553 ], [ 80.335416666666305, 6.710416666666553 ], [ 80.331249999999642, 6.714583333333216 ] ] ] } },
{ "type": "Feature", "properties": { "HYRIV_ID": 41406849, "NEXT_DOWN": 41406848, "MAIN_RIV": 41407423, "LENGTH_KM": 2.6900001, "DIST_DN_KM": 60.5, "DIST_UP_KM": 56.0, "CATCH_SKM": 3.84, "UPLAND_SKM": 692.70001, "ENDORHEIC": 0, "DIS_AV_CMS": 32.643002, "ORD_STRA": 4, "ORD_CLAS": 1, "ORD_FLOW": 5, "HYBAS_L12": 4121158930.0, "Shape_Length": 0.024285113019783852 }, "geometry": { "type": "MultiLineString", "coordinates": [ [ [ 80.368749999999665, 6.710416666666553 ], [ 80.368749999999665, 6.706249999999891 ], [ 80.360416666666282, 6.697916666666579 ], [ 80.352083333332956, 6.697916666666579 ] ] ] } },
{ "type": "Feature", "properties": { "HYRIV_ID": 41406850, "NEXT_DOWN": 41406819, "MAIN_RIV": 41407423, "LENGTH_KM": 1.31, "DIST_DN_KM": 87.400002, "DIST_UP_KM": 13.6, "CATCH_SKM": 1.49, "UPLAND_SKM": 57.599998, "ENDORHEIC": 0, "DIS_AV_CMS": 2.46, "ORD_STRA": 2, "ORD_CLAS": 2, "ORD_FLOW": 6, "HYBAS_L12": 4121158880.0, "Shape_Length": 0.011785113019755026 }, "geometry": { "type": "MultiLineString", "coordinates": [ [ [ 80.543749999999676, 6.697916666666579 ], [ 80.53541666666635, 6.706249999999891 ] ] ] } },
{ "type": "Feature", "properties": { "HYRIV_ID": 41406851, "NEXT_DOWN": 41406850, "MAIN_RIV": 41407423, "LENGTH_KM": 5.9699998, "DIST_DN_KM": 88.5, "DIST_UP_KM": 7.7, "CATCH_SKM": 20.469999, "UPLAND_SKM": 20.5, "ENDORHEIC": 0, "DIS_AV_CMS": 0.87, "ORD_STRA": 1, "ORD_CLAS": 3, "ORD_FLOW": 7, "HYBAS_L12": 4121158880.0, "Shape_Length": 0.053957281117928642 }, "geometry": { "type": "MultiLineString", "coordinates": [ [ [ 80.591666666666328, 6.704166666666573 ], [ 80.585416666666305, 6.697916666666579 ], [ 80.577083333332922, 6.697916666666579 ], [ 80.572916666666373, 6.702083333333242 ], [ 80.552083333333059, 6.702083333333242 ], [ 80.547916666666339, 6.697916666666579 ], [ 80.543749999999676, 6.697916666666579 ] ] ] } },
{ "type": "Feature", "properties": { "HYRIV_ID": 41406874, "NEXT_DOWN": 41406967, "MAIN_RIV": 41407423, "LENGTH_KM": 0.65, "DIST_DN_KM": 16.3, "DIST_UP_KM": 13.9, "CATCH_SKM": 0.64, "UPLAND_SKM": 52.0, "ENDORHEIC": 0, "DIS_AV_CMS": 2.3710001, "ORD_STRA": 2, "ORD_CLAS": 2, "ORD_FLOW": 6, "HYBAS_L12": 4121159110.0, "Shape_Length": 0.0058925565099126826 }, "geometry": { "type": "MultiLineString", "coordinates": [ [ [ 80.010416666666373, 6.697916666666579 ], [ 80.00624999999971, 6.693749999999874 ] ] ] } },
{ "type": "Feature", "properties": { "HYRIV_ID": 41406875, "NEXT_DOWN": 41406874, "MAIN_RIV": 41407423, "LENGTH_KM": 4.6500001, "DIST_DN_KM": 17.0, "DIST_UP_KM": 13.3, "CATCH_SKM": 11.09, "UPLAND_SKM": 44.099998, "ENDORHEIC": 0, "DIS_AV_CMS": 2.0179999, "ORD_STRA": 2, "ORD_CLAS": 2, "ORD_FLOW": 6, "HYBAS_L12": 4121159110.0, "Shape_Length": 0.041962782549390551 }, "geometry": { "type": "MultiLineString", "coordinates": [ [ [ 80.039583333332956, 6.714583333333216 ], [ 80.035416666666407, 6.714583333333216 ], [ 80.031249999999744, 6.710416666666553 ], [ 80.027083333333024, 6.710416666666553 ], [ 80.022916666666362, 6.706249999999891 ], [ 80.022916666666362, 6.702083333333242 ], [ 80.014583333333036, 6.693749999999874 ], [ 80.010416666666373, 6.697916666666579 ] ] ] } },
{ "type": "Feature", "properties": { "HYRIV_ID": 41406876, "NEXT_DOWN": 41406941, "MAIN_RIV": 41407423, "LENGTH_KM": 2.1, "DIST_DN_KM": 69.800003, "DIST_UP_KM": 4.3, "CATCH_SKM": 7.6700001, "UPLAND_SKM": 7.7, "ENDORHEIC": 0, "DIS_AV_CMS": 0.35800001, "ORD_STRA": 1, "ORD_CLAS": 3, "ORD_FLOW": 7, "HYBAS_L12": 4121158950.0, "Shape_Length": 0.018898057941462095 }, "geometry": { "type": "MultiLineString", "coordinates": [ [ [ 80.395833333332945, 6.708333333333222 ], [ 80.406249999999687, 6.697916666666579 ], [ 80.406249999999687, 6.693749999999874 ] ] ] } },
{ "type": "Feature", "properties": { "HYRIV_ID": 41406877, "NEXT_DOWN": 41406816, "MAIN_RIV": 41407423, "LENGTH_KM": 3.34, "DIST_DN_KM": 75.800003, "DIST_UP_KM": 25.1, "CATCH_SKM": 8.7399998, "UPLAND_SKM": 195.10001, "ENDORHEIC": 0, "DIS_AV_CMS": 8.7659998, "ORD_STRA": 3, "ORD_CLAS": 2, "ORD_FLOW": 6, "HYBAS_L12": 4121158880.0, "Shape_Length": 0.030177669529592596 }, "geometry": { "type": "MultiLineString", "coordinates": [ [ [ 80.472916666666293, 6.693749999999874 ], [ 80.468749999999631, 6.697916666666579 ], [ 80.460416666666305, 6.697916666666579 ], [ 80.456249999999642, 6.702083333333242 ], [ 80.452083333332922, 6.702083333333242 ], [ 80.44791666666643, 6.706249999999891 ] ] ] } },
{ "type": "Feature", "properties": { "HYRIV_ID": 41406878, "NEXT_DOWN": 41406877, "MAIN_RIV": 41407423, "LENGTH_KM": 3.9200001, "DIST_DN_KM": 79.099998, "DIST_UP_KM": 21.8, "CATCH_SKM": 10.87, "UPLAND_SKM": 98.900002, "ENDORHEIC": 0, "DIS_AV_CMS": 4.3569999, "ORD_STRA": 2, "ORD_CLAS": 2, "ORD_FLOW": 6, "HYBAS_L12": 4121158880.0, "Shape_Length": 0.035355339059385656 }, "geometry": { "type": "MultiLineString", "coordinates": [ [ [ 80.497916666666271, 6.702083333333242 ], [ 80.489583333332945, 6.693749999999874 ], [ 80.481249999999619, 6.702083333333242 ], [ 80.472916666666293, 6.693749999999874 ] ] ] } },
{ "type": "Feature", "properties": { "HYRIV_ID": 41406892, "NEXT_DOWN": 41406894, "MAIN_RIV": 41407423, "LENGTH_KM": 0.69, "DIST_DN_KM": 17.5, "DIST_UP_KM": 2.7, "CATCH_SKM": 4.0500002, "UPLAND_SKM": 4.1, "ENDORHEIC": 0, "DIS_AV_CMS": 0.171, "ORD_STRA": 1, "ORD_CLAS": 4, "ORD_FLOW": 7, "HYBAS_L12": 4121159110.0, "Shape_Length": 0.0062499999999658939 }, "geometry": { "type": "MultiLineString", "coordinates": [ [ [ 79.94166666666635, 6.689583333333225 ], [ 79.947916666666316, 6.689583333333225 ] ] ] } },
{ "type": "Feature", "properties": { "HYRIV_ID": 41406893, "NEXT_DOWN": 41406894, "MAIN_RIV": 41407423, "LENGTH_KM": 3.2, "DIST_DN_KM": 17.700001, "DIST_UP_KM": 5.0, "CATCH_SKM": 9.3800001, "UPLAND_SKM": 9.4, "ENDORHEIC": 0, "DIS_AV_CMS": 0.39500001, "ORD_STRA": 1, "ORD_CLAS": 3, "ORD_FLOW": 7, "HYBAS_L12": 4121159110.0, "Shape_Length": 0.028809223176530084 }, "geometry": { "type": "MultiLineString", "coordinates": [ [ [ 79.93958333333299, 6.712499999999885 ], [ 79.93958333333299, 6.693749999999874 ], [ 79.943749999999596, 6.693749999999874 ], [ 79.947916666666316, 6.689583333333225 ] ] ] } },
{ "type": "Feature", "properties": { "HYRIV_ID": 41406894, "NEXT_DOWN": 41406936, "MAIN_RIV": 41407423, "LENGTH_KM": 1.84, "DIST_DN_KM": 15.7, "DIST_UP_KM": 7.0, "CATCH_SKM": 1.0700001, "UPLAND_SKM": 14.5, "ENDORHEIC": 0, "DIS_AV_CMS": 0.611, "ORD_STRA": 2, "ORD_CLAS": 3, "ORD_FLOW": 7, "HYBAS_L12": 4121159110.0, "Shape_Length": 0.016666666666651508 }, "geometry": { "type": "MultiLineString", "coordinates": [ [ [ 79.947916666666316, 6.689583333333225 ], [ 79.964583333332968, 6.689583333333225 ] ] ] } },
{ "type": "Feature", "properties": { "HYRIV_ID": 41406895, "NEXT_DOWN": 41406936, "MAIN_RIV": 41407423, "LENGTH_KM": 1.34, "DIST_DN_KM": 15.9, "DIST_UP_KM": 3.2, "CATCH_SKM": 3.4100001, "UPLAND_SKM": 3.4, "ENDORHEIC": 0, "DIS_AV_CMS": 0.145, "ORD_STRA": 1, "ORD_CLAS": 4, "ORD_FLOW": 7, "HYBAS_L12": 4121159110.0, "Shape_Length": 0.012142556509781539 }, "geometry": { "type": "MultiLineString", "coordinates": [ [ [ 79.954166666666396, 6.693749999999874 ], [ 79.960416666666305, 6.693749999999874 ], [ 79.964583333332968, 6.689583333333225 ] ] ] } },
{ "type": "Feature", "properties": { "HYRIV_ID": 41406896, "NEXT_DOWN": 41406967, "MAIN_RIV": 41407423, "LENGTH_KM": 0.46, "DIST_DN_KM": 16.1, "DIST_UP_KM": 7.0, "CATCH_SKM": 0.43, "UPLAND_SKM": 15.6, "ENDORHEIC": 0, "DIS_AV_CMS": 0.70300001, "ORD_STRA": 2, "ORD_CLAS": 3, "ORD_FLOW": 7, "HYBAS_L12": 4121159110.0, "Shape_Length": 0.0041666666666486663 }, "geometry": { "type": "MultiLineString", "coordinates": [ [ [ 80.00624999999971, 6.689583333333225 ], [ 80.00624999999971, 6.693749999999874 ] ] ] } },
{ "type": "Feature", "properties": { "HYRIV_ID": 41406897, "NEXT_DOWN": 41406813, "MAIN_RIV": 41407423, "LENGTH_KM": 2.56, "DIST_DN_KM": 27.6, "DIST_UP_KM": 4.0, "CATCH_SKM": 5.33, "UPLAND_SKM": 5.3, "ENDORHEIC": 0, "DIS_AV_CMS": 0.253, "ORD_STRA": 1, "ORD_CLAS": 2, "ORD_FLOW": 7, "HYBAS_L12": 4121158870.0, "Shape_Length": 0.023064724608030371 }, "geometry": { "type": "MultiLineString", "coordinates": [ [ [ 80.133333333332956, 6.687499999999893 ], [ 80.12708333333299, 6.693749999999874 ], [ 80.12708333333299, 6.697916666666579 ], [ 80.122916666666328, 6.702083333333242 ], [ 80.122916666666328, 6.706249999999891 ] ] ] } },
{ "type": "Feature", "properties": { "HYRIV_ID": 41406898, "NEXT_DOWN": 41406731, "MAIN_RIV": 41407423, "LENGTH_KM": 4.5100002, "DIST_DN_KM": 38.8, "DIST_UP_KM": 6.7, "CATCH_SKM": 10.66, "UPLAND_SKM": 10.7, "ENDORHEIC": 0, "DIS_AV_CMS": 0.515, "ORD_STRA": 1, "ORD_CLAS": 2, "ORD_FLOW": 7, "HYBAS_L12": 4121158870.0, "Shape_Length": 0.040594336196439998 }, "geometry": { "type": "MultiLineString", "coordinates": [ [ [ 80.189583333333104, 6.687499999999893 ], [ 80.189583333333104, 6.693749999999874 ], [ 80.185416666666271, 6.697916666666579 ], [ 80.185416666666271, 6.702083333333242 ], [ 80.181249999999721, 6.706249999999891 ], [ 80.181249999999721, 6.714583333333216 ], [ 80.177083333332945, 6.71875 ], [ 80.177083333332945, 6.722916666666571 ] ] ] } },
{ "type": "Feature", "properties": { "HYRIV_ID": 41406899, "NEXT_DOWN": 41406687, "MAIN_RIV": 41407423, "LENGTH_KM": 5.9099998, "DIST_DN_KM": 48.3, "DIST_UP_KM": 7.2, "CATCH_SKM": 11.73, "UPLAND_SKM": 11.7, "ENDORHEIC": 0, "DIS_AV_CMS": 0.57, "ORD_STRA": 1, "ORD_CLAS": 2, "ORD_FLOW": 7, "HYBAS_L12": 4121602140.0, "Shape_Length": 0.053242394137684987 }, "geometry": { "type": "MultiLineString", "coordinates": [ [ [ 80.279166666666271, 6.687499999999893 ], [ 80.272916666666362, 6.693749999999874 ], [ 80.272916666666362, 6.702083333333242 ], [ 80.268749999999699, 6.706249999999891 ], [ 80.268749999999699, 6.710416666666553 ], [ 80.264583333332979, 6.714583333333216 ], [ 80.264583333332979, 6.71875 ], [ 80.256249999999653, 6.727083333333233 ], [ 80.256249999999653, 6.731249999999882 ] ] ] } },
{ "type": "Feature", "properties": { "HYRIV_ID": 41406900, "NEXT_DOWN": 41406941, "MAIN_RIV": 41407423, "LENGTH_KM": 4.9200001, "DIST_DN_KM": 69.800003, "DIST_UP_KM": 31.200001, "CATCH_SKM": 13.43, "UPLAND_SKM": 347.5, "ENDORHEIC": 0, "DIS_AV_CMS": 16.000999, "ORD_STRA": 4, "ORD_CLAS": 2, "ORD_FLOW": 5, "HYBAS_L12": 4121158950.0, "Shape_Length": 0.044403559372913862 }, "geometry": { "type": "MultiLineString", "coordinates": [ [ [ 80.439583333333047, 6.706249999999891 ], [ 80.435416666666271, 6.702083333333242 ], [ 80.431249999999608, 6.702083333333242 ], [ 80.427083333333059, 6.697916666666579 ], [ 80.427083333333059, 6.693749999999874 ], [ 80.422916666666396, 6.689583333333225 ], [ 80.414583333333013, 6.689583333333225 ], [ 80.41041666666635, 6.693749999999874 ], [ 80.406249999999687, 6.693749999999874 ] ] ] } },
{ "type": "Feature", "properties": { "HYRIV_ID": 41406901, "NEXT_DOWN": 41406850, "MAIN_RIV": 41407423, "LENGTH_KM": 1.77, "DIST_DN_KM": 88.699997, "DIST_UP_KM": 12.2, "CATCH_SKM": 2.1300001, "UPLAND_SKM": 30.5, "ENDORHEIC": 0, "DIS_AV_CMS": 1.2970001, "ORD_STRA": 2, "ORD_CLAS": 2, "ORD_FLOW": 6, "HYBAS_L12": 4121158880.0, "Shape_Length": 0.015951779686488241 }, "geometry": { "type": "MultiLineString", "coordinates": [ [ [ 80.556249999999721, 6.689583333333225 ], [ 80.552083333333059, 6.689583333333225 ], [ 80.543749999999676, 6.697916666666579 ] ] ] } },
{ "type": "Feature", "properties": { "HYRIV_ID": 41406915, "NEXT_DOWN": 41406896, "MAIN_RIV": 41407423, "LENGTH_KM": 0.69, "DIST_DN_KM": 16.6, "DIST_UP_KM": 2.9, "CATCH_SKM": 2.98, "UPLAND_SKM": 3.0, "ENDORHEIC": 0, "DIS_AV_CMS": 0.132, "ORD_STRA": 1, "ORD_CLAS": 4, "ORD_FLOW": 7, "HYBAS_L12": 4121159110.0, "Shape_Length": 0.0062499999999943157 }, "geometry": { "type": "MultiLineString", "coordinates": [ [ [ 80.00624999999971, 6.683333333333231 ], [ 80.00624999999971, 6.689583333333225 ] ] ] } },
{ "type": "Feature", "properties": { "HYRIV_ID": 41406916, "NEXT_DOWN": 41406850, "MAIN_RIV": 41407423, "LENGTH_KM": 1.81, "DIST_DN_KM": 88.5, "DIST_UP_KM": 4.2, "CATCH_SKM": 5.12, "UPLAND_SKM": 5.1, "ENDORHEIC": 0, "DIS_AV_CMS": 0.221, "ORD_STRA": 1, "ORD_CLAS": 4, "ORD_FLOW": 7, "HYBAS_L12": 4121158880.0, "Shape_Length": 0.016309223176572313 }, "geometry": { "type": "MultiLineString", "coordinates": [ [ [ 80.539583333333013, 6.683333333333231 ], [ 80.539583333333013, 6.689583333333225 ], [ 80.543749999999676, 6.693749999999874 ], [ 80.543749999999676, 6.697916666666579 ] ] ] } },
{ "type": "Feature", "properties": { "HYRIV_ID": 41406935, "NEXT_DOWN": 41406966, "MAIN_RIV": 41407423, "LENGTH_KM": 1.38, "DIST_DN_KM": 13.9, "DIST_UP_KM": 5.0, "CATCH_SKM": 2.77, "UPLAND_SKM": 10.0, "ENDORHEIC": 0, "DIS_AV_CMS": 0.429, "ORD_STRA": 2, "ORD_CLAS": 5, "ORD_FLOW": 7, "HYBAS_L12": 4121159110.0, "Shape_Length": 0.012499999999988631 }, "geometry": { "type": "MultiLineString", "coordinates": [ [ [ 79.964583333332968, 6.681249999999899 ], [ 79.977083333332956, 6.681249999999899 ] ] ] } },
{ "type": "Feature", "properties": { "HYRIV_ID": 41406936, "NEXT_DOWN": 41406966, "MAIN_RIV": 41407423, "LENGTH_KM": 1.77, "DIST_DN_KM": 14.1, "DIST_UP_KM": 8.6, "CATCH_SKM": 4.2600002, "UPLAND_SKM": 22.200001, "ENDORHEIC": 0, "DIS_AV_CMS": 0.93800002, "ORD_STRA": 2, "ORD_CLAS": 3, "ORD_FLOW": 7, "HYBAS_L12": 4121159110.0, "Shape_Length": 0.015951779686427948 }, "geometry": { "type": "MultiLineString", "coordinates": [ [ [ 79.964583333332968, 6.689583333333225 ], [ 79.968749999999631, 6.689583333333225 ], [ 79.977083333332956, 6.681249999999899 ] ] ] } },
{ "type": "Feature", "properties": { "HYRIV_ID": 41406937, "NEXT_DOWN": 41406966, "MAIN_RIV": 41407423, "LENGTH_KM": 3.24, "DIST_DN_KM": 13.9, "DIST_UP_KM": 7.4, "CATCH_SKM": 6.8200002, "UPLAND_SKM": 17.1, "ENDORHEIC": 0, "DIS_AV_CMS": 0.73299998, "ORD_STRA": 2, "ORD_CLAS": 4, "ORD_FLOW": 7, "HYBAS_L12": 4121159110.0, "Shape_Length": 0.029166666666654351 }, "geometry": { "type": "MultiLineString", "coordinates": [ [ [ 79.977083333332956, 6.710416666666553 ], [ 79.977083333332956, 6.681249999999899 ] ] ] } },
{ "type": "Feature", "properties": { "HYRIV_ID": 41406938, "NEXT_DOWN": 41406685, "MAIN_RIV": 41407423, "LENGTH_KM": 8.4, "DIST_DN_KM": 43.8, "DIST_UP_KM": 9.8, "CATCH_SKM": 20.040001, "UPLAND_SKM": 20.0, "ENDORHEIC": 0, "DIS_AV_CMS": 0.98299998, "ORD_STRA": 1, "ORD_CLAS": 2, "ORD_FLOW": 7, "HYBAS_L12": 4121158870.0, "Shape_Length": 0.075801617314259218 }, "geometry": { "type": "MultiLineString", "coordinates": [ [ [ 80.258333333332956, 6.679166666666568 ], [ 80.25208333333299, 6.685416666666562 ], [ 80.25208333333299, 6.689583333333225 ], [ 80.247916666666328, 6.693749999999874 ], [ 80.247916666666328, 6.697916666666579 ], [ 80.243749999999665, 6.702083333333242 ], [ 80.243749999999665, 6.71875 ], [ 80.235416666666282, 6.727083333333233 ], [ 80.231249999999619, 6.727083333333233 ], [ 80.227083333332956, 6.731249999999882 ], [ 80.218749999999631, 6.731249999999882 ] ] ] } },
{ "type": "Feature", "properties": { "HYRIV_ID": 41406939, "NEXT_DOWN": 41406848, "MAIN_RIV": 41407423, "LENGTH_KM": 2.5, "DIST_DN_KM": 60.5, "DIST_UP_KM": 48.200001, "CATCH_SKM": 7.25, "UPLAND_SKM": 269.29999, "ENDORHEIC": 0, "DIS_AV_CMS": 12.936, "ORD_STRA": 3, "ORD_CLAS": 2, "ORD_FLOW": 5, "HYBAS_L12": 4121158940.0, "Shape_Length": 0.022559223176562466 }, "geometry": { "type": "MultiLineString", "coordinates": [ [ [ 80.360416666666282, 6.681249999999899 ], [ 80.360416666666282, 6.685416666666562 ], [ 80.356249999999619, 6.689583333333225 ], [ 80.352083333332956, 6.689583333333225 ], [ 80.352083333332956, 6.697916666666579 ] ] ] } },
{ "type": "Feature", "properties": { "HYRIV_ID": 41406940, "NEXT_DOWN": 41406849, "MAIN_RIV": 41407423, "LENGTH_KM": 4.6500001, "DIST_DN_KM": 63.200001, "DIST_UP_KM": 53.3, "CATCH_SKM": 9.1700001, "UPLAND_SKM": 660.5, "ENDORHEIC": 0, "DIS_AV_CMS": 30.858, "ORD_STRA": 4, "ORD_CLAS": 1, "ORD_FLOW": 5, "HYBAS_L12": 4121158930.0, "Shape_Length": 0.041962782549419687 }, "geometry": { "type": "MultiLineString", "coordinates": [ [ [ 80.393749999999642, 6.681249999999899 ], [ 80.381249999999653, 6.693749999999874 ], [ 80.381249999999653, 6.697916666666579 ], [ 80.37708333333299, 6.702083333333242 ], [ 80.37708333333299, 6.706249999999891 ], [ 80.372916666666328, 6.710416666666553 ], [ 80.368749999999665, 6.710416666666553 ] ] ] } },
{ "type": "Feature", "properties": { "HYRIV_ID": 41406941, "NEXT_DOWN": 41406940, "MAIN_RIV": 41407423, "LENGTH_KM": 1.96, "DIST_DN_KM": 68.0, "DIST_UP_KM": 32.900002, "CATCH_SKM": 2.98, "UPLAND_SKM": 358.20001, "ENDORHEIC": 0, "DIS_AV_CMS": 16.582001, "ORD_STRA": 4, "ORD_CLAS": 2, "ORD_FLOW": 5, "HYBAS_L12": 4121158950.0, "Shape_Length": 0.017677669529677757 }, "geometry": { "type": "MultiLineString", "coordinates": [ [ [ 80.406249999999687, 6.693749999999874 ], [ 80.393749999999642, 6.681249999999899 ] ] ] } },
{ "type": "Feature", "properties": { "HYRIV_ID": 41406942, "NEXT_DOWN": 41406940, "MAIN_RIV": 41407423, "LENGTH_KM": 0.46, "DIST_DN_KM": 67.800003, "DIST_UP_KM": 48.700001, "CATCH_SKM": 0.43, "UPLAND_SKM": 293.20001, "ENDORHEIC": 0, "DIS_AV_CMS": 13.439, "ORD_STRA": 3, "ORD_CLAS": 1, "ORD_FLOW": 5, "HYBAS_L12": 4121158960.0, "Shape_Length": 0.0041666666667197205 }, "geometry": { "type": "MultiLineString", "coordinates": [ [ [ 80.397916666666362, 6.681249999999899 ], [ 80.393749999999642, 6.681249999999899 ] ] ] } },
{ "type": "Feature", "properties": { "HYRIV_ID": 41406943, "NEXT_DOWN": 41406901, "MAIN_RIV": 41407423, "LENGTH_KM": 1.16, "DIST_DN_KM": 90.300003, "DIST_UP_KM": 3.5, "CATCH_SKM": 3.84, "UPLAND_SKM": 3.8, "ENDORHEIC": 0, "DIS_AV_CMS": 0.164, "ORD_STRA": 1, "ORD_CLAS": 3, "ORD_FLOW": 7, "HYBAS_L12": 4121158880.0, "Shape_Length": 0.010416666666657193 }, "geometry": { "type": "MultiLineString", "coordinates": [ [ [ 80.556249999999721, 6.679166666666568 ], [ 80.556249999999721, 6.689583333333225 ] ] ] } },
{ "type": "Feature", "properties": { "HYRIV_ID": 41406964, "NEXT_DOWN": 41406935, "MAIN_RIV": 41407423, "LENGTH_KM": 2.26, "DIST_DN_KM": 15.3, "DIST_UP_KM": 3.6, "CATCH_SKM": 4.6900001, "UPLAND_SKM": 4.7, "ENDORHEIC": 0, "DIS_AV_CMS": 0.2, "ORD_STRA": 1, "ORD_CLAS": 5, "ORD_FLOW": 7, "HYBAS_L12": 4121159110.0, "Shape_Length": 0.020475889843164136 }, "geometry": { "type": "MultiLineString", "coordinates": [ [ [ 79.945833333333013, 6.67708333333325 ], [ 79.952083333332979, 6.67708333333325 ], [ 79.956249999999642, 6.681249999999899 ], [ 79.964583333332968, 6.681249999999899 ] ] ] } },
{ "type": "Feature", "properties": { "HYRIV_ID": 41406965, "NEXT_DOWN": 41406935, "MAIN_RIV": 41407423, "LENGTH_KM": 0.98, "DIST_DN_KM": 15.5, "DIST_UP_KM": 2.7, "CATCH_SKM": 2.56, "UPLAND_SKM": 2.6, "ENDORHEIC": 0, "DIS_AV_CMS": 0.11, "ORD_STRA": 1, "ORD_CLAS": 6, "ORD_FLOW": 7, "HYBAS_L12": 4121159110.0, "Shape_Length": 0.0088388347647534657 }, "geometry": { "type": "MultiLineString", "coordinates": [ [ [ 79.958333333333059, 6.675 ], [ 79.964583333332968, 6.681249999999899 ] ] ] } },
{ "type": "Feature", "properties": { "HYRIV_ID": 41406966, "NEXT_DOWN": 41407164, "MAIN_RIV": 41407423, "LENGTH_KM": 1.11, "DIST_DN_KM": 12.8, "DIST_UP_KM": 9.9, "CATCH_SKM": 0.64, "UPLAND_SKM": 49.900002, "ENDORHEIC": 0, "DIS_AV_CMS": 2.128, "ORD_STRA": 3, "ORD_CLAS": 3, "ORD_FLOW": 6, "HYBAS_L12": 4121159110.0, "Shape_Length": 0.010059223176575559 }, "geometry": { "type": "MultiLineString", "coordinates": [ [ [ 79.977083333332956, 6.681249999999899 ], [ 79.981249999999676, 6.67708333333325 ], [ 79.985416666666339, 6.67708333333325 ] ] ] } },
{ "type": "Feature", "properties": { "HYRIV_ID": 41406967, "NEXT_DOWN": 41407164, "MAIN_RIV": 41407423, "LENGTH_KM": 3.34, "DIST_DN_KM": 12.8, "DIST_UP_KM": 17.5, "CATCH_SKM": 6.4, "UPLAND_SKM": 74.0, "ENDORHEIC": 0, "DIS_AV_CMS": 3.3640001, "ORD_STRA": 3, "ORD_CLAS": 2, "ORD_FLOW": 6, "HYBAS_L12": 4121159110.0, "Shape_Length": 0.030177669529668827 }, "geometry": { "type": "MultiLineString", "coordinates": [ [ [ 80.00624999999971, 6.693749999999874 ], [ 79.997916666666328, 6.693749999999874 ], [ 79.985416666666339, 6.681249999999899 ], [ 79.985416666666339, 6.67708333333325 ] ] ] } },
{ "type": "Feature", "properties": { "HYRIV_ID": 41406968, "NEXT_DOWN": 41406896, "MAIN_RIV": 41407423, "LENGTH_KM": 4.9499998, "DIST_DN_KM": 16.8, "DIST_UP_KM": 6.3, "CATCH_SKM": 12.15, "UPLAND_SKM": 12.2, "ENDORHEIC": 0, "DIS_AV_CMS": 0.551, "ORD_STRA": 1, "ORD_CLAS": 3, "ORD_FLOW": 7, "HYBAS_L12": 4121159110.0, "Shape_Length": 0.044761002862903625 }, "geometry": { "type": "MultiLineString", "coordinates": [ [ [ 80.041666666666316, 6.681249999999899 ], [ 80.035416666666407, 6.681249999999899 ], [ 80.031249999999744, 6.67708333333325 ], [ 80.018749999999699, 6.67708333333325 ], [ 80.018749999999699, 6.681249999999899 ], [ 80.014583333333036, 6.681249999999899 ], [ 80.00624999999971, 6.689583333333225 ] ] ] } },
{ "type": "Feature", "properties": { "HYRIV_ID": 41406969, "NEXT_DOWN": 41407024, "MAIN_RIV": 41407423, "LENGTH_KM": 4.6, "DIST_DN_KM": 22.700001, "DIST_UP_KM": 6.3, "CATCH_SKM": 14.92, "UPLAND_SKM": 14.9, "ENDORHEIC": 0, "DIS_AV_CMS": 0.69300002, "ORD_STRA": 1, "ORD_CLAS": 2, "ORD_FLOW": 7, "HYBAS_L12": 4121159030.0, "Shape_Length": 0.041457281117931677 }, "geometry": { "type": "MultiLineString", "coordinates": [ [ [ 80.074999999999676, 6.691666666666542 ], [ 80.081249999999642, 6.697916666666579 ], [ 80.085416666666305, 6.697916666666579 ], [ 80.085416666666305, 6.689583333333225 ], [ 80.089583333332968, 6.685416666666562 ], [ 80.089583333332968, 6.681249999999899 ], [ 80.093749999999631, 6.67708333333325 ], [ 80.097916666666293, 6.67708333333325 ] ] ] } },
{ "type": "Feature", "properties": { "HYRIV_ID": 41406970, "NEXT_DOWN": 41407024, "MAIN_RIV": 41407423, "LENGTH_KM": 4.0, "DIST_DN_KM": 22.700001, "DIST_UP_KM": 93.800003, "CATCH_SKM": 10.23, "UPLAND_SKM": 1660.0, "ENDORHEIC": 0, "DIS_AV_CMS": 87.098, "ORD_STRA": 5, "ORD_CLAS": 1, "ORD_FLOW": 5, "HYBAS_L12": 4121159030.0, "Shape_Length": 0.036070226039554815 }, "geometry": { "type": "MultiLineString", "coordinates": [ [ [ 80.114583333333002, 6.706249999999891 ], [ 80.097916666666293, 6.689583333333225 ], [ 80.097916666666293, 6.67708333333325 ] ] ] } },
{ "type": "Feature", "properties": { "HYRIV_ID": 41406971, "NEXT_DOWN": 41407024, "MAIN_RIV": 41407423, "LENGTH_KM": 2.09, "DIST_DN_KM": 22.700001, "DIST_UP_KM": 3.1, "CATCH_SKM": 4.2600002, "UPLAND_SKM": 4.3, "ENDORHEIC": 0, "DIS_AV_CMS": 0.20100001, "ORD_STRA": 1, "ORD_CLAS": 3, "ORD_FLOW": 7, "HYBAS_L12": 4121159030.0, "Shape_Length": 0.018898057941449609 }, "geometry": { "type": "MultiLineString", "coordinates": [ [ [ 80.112499999999756, 6.675 ], [ 80.106249999999619, 6.681249999999899 ], [ 80.102083333332956, 6.67708333333325 ], [ 80.097916666666293, 6.67708333333325 ] ] ] } },
{ "type": "Feature", "properties": { "HYRIV_ID": 41407006, "NEXT_DOWN": 41407044, "MAIN_RIV": 41407423, "LENGTH_KM": 0.98, "DIST_DN_KM": 33.700001, "DIST_UP_KM": 2.6, "CATCH_SKM": 4.48, "UPLAND_SKM": 4.5, "ENDORHEIC": 0, "DIS_AV_CMS": 0.215, "ORD_STRA": 1, "ORD_CLAS": 4, "ORD_FLOW": 7, "HYBAS_L12": 4121159050.0, "Shape_Length": 0.0088388347648740481 }, "geometry": { "type": "MultiLineString", "coordinates": [ [ [ 80.174999999999642, 6.675 ], [ 80.168749999999619, 6.668749999999882 ] ] ] } },
{ "type": "Feature", "properties": { "HYRIV_ID": 41407007, "NEXT_DOWN": 41406877, "MAIN_RIV": 41407423, "LENGTH_KM": 4.0, "DIST_DN_KM": 78.900002, "DIST_UP_KM": 21.200001, "CATCH_SKM": 5.33, "UPLAND_SKM": 87.400002, "ENDORHEIC": 0, "DIS_AV_CMS": 3.9260001, "ORD_STRA": 2, "ORD_CLAS": 3, "ORD_FLOW": 6, "HYBAS_L12": 4121158880.0, "Shape_Length": 0.036070226039569019 }, "geometry": { "type": "MultiLineString", "coordinates": [ [ [ 80.493749999999665, 6.668749999999882 ], [ 80.493749999999665, 6.672916666666545 ], [ 80.485416666666282, 6.681249999999899 ], [ 80.485416666666282, 6.685416666666562 ], [ 80.477083333332956, 6.693749999999874 ], [ 80.472916666666293, 6.693749999999874 ] ] ] } },
{ "type": "Feature", "properties": { "HYRIV_ID": 41407008, "NEXT_DOWN": 41407007, "MAIN_RIV": 41407423, "LENGTH_KM": 1.15, "DIST_DN_KM": 82.900002, "DIST_UP_KM": 3.5, "CATCH_SKM": 5.54, "UPLAND_SKM": 5.5, "ENDORHEIC": 0, "DIS_AV_CMS": 0.245, "ORD_STRA": 1, "ORD_CLAS": 4, "ORD_FLOW": 7, "HYBAS_L12": 4121158880.0, "Shape_Length": 0.010416666666742458 }, "geometry": { "type": "MultiLineString", "coordinates": [ [ [ 80.504166666666407, 6.668749999999882 ], [ 80.493749999999665, 6.668749999999882 ] ] ] } },
{ "type": "Feature", "properties": { "HYRIV_ID": 41407009, "NEXT_DOWN": 41406901, "MAIN_RIV": 41407423, "LENGTH_KM": 8.0200005, "DIST_DN_KM": 90.300003, "DIST_UP_KM": 10.7, "CATCH_SKM": 24.52, "UPLAND_SKM": 24.5, "ENDORHEIC": 0, "DIS_AV_CMS": 1.036, "ORD_STRA": 1, "ORD_CLAS": 2, "ORD_FLOW": 6, "HYBAS_L12": 4121158880.0, "Shape_Length": 0.072497895569127807 }, "geometry": { "type": "MultiLineString", "coordinates": [ [ [ 80.616666666666362, 6.668749999999882 ], [ 80.610416666666282, 6.668749999999882 ], [ 80.606249999999619, 6.672916666666545 ], [ 80.602083333332956, 6.672916666666545 ], [ 80.597916666666293, 6.67708333333325 ], [ 80.593749999999631, 6.67708333333325 ], [ 80.589583333332968, 6.681249999999899 ], [ 80.585416666666305, 6.67708333333325 ], [ 80.581249999999756, 6.67708333333325 ], [ 80.572916666666373, 6.685416666666562 ], [ 80.564583333333047, 6.685416666666562 ], [ 80.560416666666271, 6.689583333333225 ], [ 80.556249999999721, 6.689583333333225 ] ] ] } },
{ "type": "Feature", "properties": { "HYRIV_ID": 41407024, "NEXT_DOWN": 41407119, "MAIN_RIV": 41407423, "LENGTH_KM": 1.39, "DIST_DN_KM": 21.3, "DIST_UP_KM": 95.199997, "CATCH_SKM": 1.0700001, "UPLAND_SKM": 1680.2, "ENDORHEIC": 0, "DIS_AV_CMS": 88.448997, "ORD_STRA": 5, "ORD_CLAS": 1, "ORD_FLOW": 5, "HYBAS_L12": 4121159030.0, "Shape_Length": 0.012500000000017053 }, "geometry": { "type": "MultiLineString", "coordinates": [ [ [ 80.097916666666293, 6.67708333333325 ], [ 80.097916666666293, 6.664583333333233 ] ] ] } },
{ "type": "Feature", "properties": { "HYRIV_ID": 41407025, "NEXT_DOWN": 41407044, "MAIN_RIV": 41407423, "LENGTH_KM": 0.98, "DIST_DN_KM": 33.700001, "DIST_UP_KM": 3.0, "CATCH_SKM": 4.9, "UPLAND_SKM": 4.9, "ENDORHEIC": 0, "DIS_AV_CMS": 0.237, "ORD_STRA": 1, "ORD_CLAS": 3, "ORD_FLOW": 7, "HYBAS_L12": 4121159050.0, "Shape_Length": 0.0088388347648338528 }, "geometry": { "type": "MultiLineString", "coordinates": [ [ [ 80.174999999999642, 6.6625 ], [ 80.168749999999619, 6.668749999999882 ] ] ] } },
{ "type": "Feature", "properties": { "HYRIV_ID": 41407026, "NEXT_DOWN": 41406734, "MAIN_RIV": 41407423, "LENGTH_KM": 8.4099998, "DIST_DN_KM": 55.599998, "DIST_UP_KM": 9.9, "CATCH_SKM": 18.120001, "UPLAND_SKM": 18.1, "ENDORHEIC": 0, "DIS_AV_CMS": 0.88200003, "ORD_STRA": 1, "ORD_CLAS": 2, "ORD_FLOW": 7, "HYBAS_L12": 4121158840.0, "Shape_Length": 0.07580161731410047 }, "geometry": { "type": "MultiLineString", "coordinates": [ [ [ 80.341666666666328, 6.6625 ], [ 80.327083333332922, 6.67708333333325 ], [ 80.327083333332922, 6.685416666666562 ], [ 80.32291666666643, 6.685416666666562 ], [ 80.32291666666643, 6.689583333333225 ], [ 80.318749999999596, 6.693749999999874 ], [ 80.318749999999596, 6.702083333333242 ], [ 80.314583333333047, 6.706249999999891 ], [ 80.314583333333047, 6.714583333333216 ], [ 80.318749999999596, 6.71875 ], [ 80.318749999999596, 6.722916666666571 ] ] ] } },
{ "type": "Feature", "properties": { "HYRIV_ID": 41407027, "NEXT_DOWN": 41406939, "MAIN_RIV": 41407423, "LENGTH_KM": 2.6900001, "DIST_DN_KM": 63.200001, "DIST_UP_KM": 45.5, "CATCH_SKM": 4.48, "UPLAND_SKM": 166.8, "ENDORHEIC": 0, "DIS_AV_CMS": 7.8720002, "ORD_STRA": 2, "ORD_CLAS": 2, "ORD_FLOW": 6, "HYBAS_L12": 4121158940.0, "Shape_Length": 0.024285113019833084 }, "geometry": { "type": "MultiLineString", "coordinates": [ [ [ 80.372916666666328, 6.664583333333233 ], [ 80.368749999999665, 6.668749999999882 ], [ 80.368749999999665, 6.67708333333325 ], [ 80.364583333332945, 6.67708333333325 ], [ 80.360416666666282, 6.681249999999899 ] ] ] } },
{ "type": "Feature", "properties": { "HYRIV_ID": 41407028, "NEXT_DOWN": 41406942, "MAIN_RIV": 41407423, "LENGTH_KM": 3.99, "DIST_DN_KM": 68.5, "DIST_UP_KM": 48.0, "CATCH_SKM": 8.5299997, "UPLAND_SKM": 287.39999, "ENDORHEIC": 0, "DIS_AV_CMS": 13.147, "ORD_STRA": 3, "ORD_CLAS": 1, "ORD_FLOW": 5, "HYBAS_L12": 4121158960.0, "Shape_Length": 0.036070226039569026 }, "geometry": { "type": "MultiLineString", "coordinates": [ [ [ 80.427083333333059, 6.664583333333233 ], [ 80.418749999999676, 6.672916666666545 ], [ 80.41041666666635, 6.672916666666545 ], [ 80.406249999999687, 6.67708333333325 ], [ 80.402083333333024, 6.67708333333325 ], [ 80.397916666666362, 6.681249999999899 ] ] ] } },
{ "type": "Feature", "properties": { "HYRIV_ID": 41407029, "NEXT_DOWN": 41407028, "MAIN_RIV": 41407423, "LENGTH_KM": 3.22, "DIST_DN_KM": 72.300003, "DIST_UP_KM": 7.7, "CATCH_SKM": 4.6900001, "UPLAND_SKM": 17.700001, "ENDORHEIC": 0, "DIS_AV_CMS": 0.81300002, "ORD_STRA": 2, "ORD_CLAS": 2, "ORD_FLOW": 7, "HYBAS_L12": 4121158960.0, "Shape_Length": 0.029166666666583296 }, "geometry": { "type": "MultiLineString", "coordinates": [ [ [ 80.456249999999642, 6.664583333333233 ], [ 80.427083333333059, 6.664583333333233 ] ] ] } },
{ "type": "Feature", "properties": { "HYRIV_ID": 41407030, "NEXT_DOWN": 41407029, "MAIN_RIV": 41407423, "LENGTH_KM": 0.69, "DIST_DN_KM": 75.5, "DIST_UP_KM": 2.4, "CATCH_SKM": 4.2600002, "UPLAND_SKM": 4.3, "ENDORHEIC": 0, "DIS_AV_CMS": 0.19400001, "ORD_STRA": 1, "ORD_CLAS": 3, "ORD_FLOW": 7, "HYBAS_L12": 4121158960.0, "Shape_Length": 0.0062499999999801048 }, "geometry": { "type": "MultiLineString", "coordinates": [ [ [ 80.456249999999642, 6.670833333333213 ], [ 80.456249999999642, 6.664583333333233 ] ] ] } },
{ "type": "Feature", "properties": { "HYRIV_ID": 41407031, "NEXT_DOWN": 41407029, "MAIN_RIV": 41407423, "LENGTH_KM": 1.61, "DIST_DN_KM": 75.5, "DIST_UP_KM": 4.5, "CATCH_SKM": 8.7399998, "UPLAND_SKM": 8.7, "ENDORHEIC": 0, "DIS_AV_CMS": 0.396, "ORD_STRA": 1, "ORD_CLAS": 2, "ORD_FLOW": 7, "HYBAS_L12": 4121158960.0, "Shape_Length": 0.014583333333348492 }, "geometry": { "type": "MultiLineString", "coordinates": [ [ [ 80.47083333333299, 6.664583333333233 ], [ 80.456249999999642, 6.664583333333233 ] ] ] } },
{ "type": "Feature", "properties": { "HYRIV_ID": 41407043, "NEXT_DOWN": 41407064, "MAIN_RIV": 41407423, "LENGTH_KM": 0.69, "DIST_DN_KM": 31.700001, "DIST_UP_KM": 2.7, "CATCH_SKM": 3.62, "UPLAND_SKM": 3.6, "ENDORHEIC": 0, "DIS_AV_CMS": 0.174, "ORD_STRA": 1, "ORD_CLAS": 4, "ORD_FLOW": 7, "HYBAS_L12": 4121159050.0, "Shape_Length": 0.0062499999999801048 }, "geometry": { "type": "MultiLineString", "coordinates": [ [ [ 80.156249999999687, 6.666666666666551 ], [ 80.156249999999687, 6.660416666666571 ] ] ] } },
{ "type": "Feature", "properties": { "HYRIV_ID": 41407044, "NEXT_DOWN": 41407064, "MAIN_RIV": 41407423, "LENGTH_KM": 1.77, "DIST_DN_KM": 31.9, "DIST_UP_KM": 4.7, "CATCH_SKM": 2.77, "UPLAND_SKM": 12.2, "ENDORHEIC": 0, "DIS_AV_CMS": 0.588, "ORD_STRA": 2, "ORD_CLAS": 3, "ORD_FLOW": 7, "HYBAS_L12": 4121159050.0, "Shape_Length": 0.015951779686394357 }, "geometry": { "type": "MultiLineString", "coordinates": [ [ [ 80.168749999999619, 6.668749999999882 ], [ 80.16458333333307, 6.664583333333233 ], [ 80.16041666666635, 6.664583333333233 ], [ 80.156249999999687, 6.660416666666571 ] ] ] } },
{ "type": "Feature", "properties": { "HYRIV_ID": 41407045, "NEXT_DOWN": 41406942, "MAIN_RIV": 41407423, "LENGTH_KM": 2.55, "DIST_DN_KM": 68.300003, "DIST_UP_KM": 4.5, "CATCH_SKM": 5.33, "UPLAND_SKM": 5.3, "ENDORHEIC": 0, "DIS_AV_CMS": 0.251, "ORD_STRA": 1, "ORD_CLAS": 2, "ORD_FLOW": 7, "HYBAS_L12": 4121158960.0, "Shape_Length": 0.022916666666660035 }, "geometry": { "type": "MultiLineString", "coordinates": [ [ [ 80.397916666666362, 6.658333333333239 ], [ 80.397916666666362, 6.681249999999899 ] ] ] } },
{ "type": "Feature", "properties": { "HYRIV_ID": 41407063, "NEXT_DOWN": 41407135, "MAIN_RIV": 41407423, "LENGTH_KM": 0.69, "DIST_DN_KM": 31.1, "DIST_UP_KM": 2.7, "CATCH_SKM": 2.77, "UPLAND_SKM": 2.8, "ENDORHEIC": 0, "DIS_AV_CMS": 0.132, "ORD_STRA": 1, "ORD_CLAS": 4, "ORD_FLOW": 7, "HYBAS_L12": 4121159050.0, "Shape_Length": 0.0062499999999943157 }, "geometry": { "type": "MultiLineString", "coordinates": [ [ [ 80.152083333333024, 6.6625 ], [ 80.152083333333024, 6.65625 ] ] ] } },
{ "type": "Feature", "properties": { "HYRIV_ID": 41407064, "NEXT_DOWN": 41407135, "MAIN_RIV": 41407423, "LENGTH_KM": 0.65, "DIST_DN_KM": 31.3, "DIST_UP_KM": 5.4, "CATCH_SKM": 0.85, "UPLAND_SKM": 16.6, "ENDORHEIC": 0, "DIS_AV_CMS": 0.80400002, "ORD_STRA": 2, "ORD_CLAS": 3, "ORD_FLOW": 7, "HYBAS_L12": 4121159050.0, "Shape_Length": 0.0058925565098825365 }, "geometry": { "type": "MultiLineString", "coordinates": [ [ [ 80.156249999999687, 6.660416666666571 ], [ 80.152083333333024, 6.65625 ] ] ] } },
{ "type": "Feature", "properties": { "HYRIV_ID": 41407065, "NEXT_DOWN": 41407027, "MAIN_RIV": 41407423, "LENGTH_KM": 1.63, "DIST_DN_KM": 65.900002, "DIST_UP_KM": 3.2, "CATCH_SKM": 2.77, "UPLAND_SKM": 2.8, "ENDORHEIC": 0, "DIS_AV_CMS": 0.132, "ORD_STRA": 1, "ORD_CLAS": 3, "ORD_FLOW": 7, "HYBAS_L12": 4121158940.0, "Shape_Length": 0.014731391274766633 }, "geometry": { "type": "MultiLineString", "coordinates": [ [ [ 80.374999999999744, 6.654166666666576 ], [ 80.368749999999665, 6.660416666666571 ], [ 80.372916666666328, 6.664583333333233 ] ] ] } },
{ "type": "Feature", "properties": { "HYRIV_ID": 41407066, "NEXT_DOWN": 41407028, "MAIN_RIV": 41407423, "LENGTH_KM": 1.31, "DIST_DN_KM": 72.5, "DIST_UP_KM": 44.0, "CATCH_SKM": 1.71, "UPLAND_SKM": 261.20001, "ENDORHEIC": 0, "DIS_AV_CMS": 11.787, "ORD_STRA": 3, "ORD_CLAS": 1, "ORD_FLOW": 5, "HYBAS_L12": 4121158960.0, "Shape_Length": 0.011785113019684684 }, "geometry": { "type": "MultiLineString", "coordinates": [ [ [ 80.435416666666271, 6.65625 ], [ 80.427083333333059, 6.664583333333233 ] ] ] } },
{ "type": "Feature", "properties": { "HYRIV_ID": 41407084, "NEXT_DOWN": 41407119, "MAIN_RIV": 41407423, "LENGTH_KM": 2.23, "DIST_DN_KM": 21.3, "DIST_UP_KM": 77.599998, "CATCH_SKM": 4.0500002, "UPLAND_SKM": 914.70001, "ENDORHEIC": 0, "DIS_AV_CMS": 48.356998, "ORD_STRA": 4, "ORD_CLAS": 2, "ORD_FLOW": 5, "HYBAS_L12": 4121159050.0, "Shape_Length": 0.020118446353131023 }, "geometry": { "type": "MultiLineString", "coordinates": [ [ [ 80.110416666666339, 6.652083333333245 ], [ 80.110416666666339, 6.65625 ], [ 80.102083333332956, 6.664583333333233 ], [ 80.097916666666293, 6.664583333333233 ] ] ] } },
{ "type": "Feature", "properties": { "HYRIV_ID": 41407085, "NEXT_DOWN": 41407084, "MAIN_RIV": 41407423, "LENGTH_KM": 1.8, "DIST_DN_KM": 23.5, "DIST_UP_KM": 3.2, "CATCH_SKM": 4.9, "UPLAND_SKM": 4.9, "ENDORHEIC": 0, "DIS_AV_CMS": 0.233, "ORD_STRA": 1, "ORD_CLAS": 3, "ORD_FLOW": 7, "HYBAS_L12": 4121159050.0, "Shape_Length": 0.016309223176511307 }, "geometry": { "type": "MultiLineString", "coordinates": [ [ [ 80.124999999999631, 6.65625 ], [ 80.118749999999665, 6.65625 ], [ 80.114583333333002, 6.652083333333245 ], [ 80.110416666666339, 6.652083333333245 ] ] ] } },
{ "type": "Feature", "properties": { "HYRIV_ID": 41407100, "NEXT_DOWN": 41407138, "MAIN_RIV": 41407423, "LENGTH_KM": 0.69, "DIST_DN_KM": 41.8, "DIST_UP_KM": 2.2, "CATCH_SKM": 2.56, "UPLAND_SKM": 2.6, "ENDORHEIC": 0, "DIS_AV_CMS": 0.125, "ORD_STRA": 1, "ORD_CLAS": 5, "ORD_FLOW": 7, "HYBAS_L12": 4121159050.0, "Shape_Length": 0.0062500000000227374 }, "geometry": { "type": "MultiLineString", "coordinates": [ [ [ 80.243749999999665, 6.654166666666576 ], [ 80.243749999999665, 6.647916666666553 ] ] ] } },
{ "type": "Feature", "properties": { "HYRIV_ID": 41407101, "NEXT_DOWN": 41407138, "MAIN_RIV": 41407423, "LENGTH_KM": 0.46, "DIST_DN_KM": 41.8, "DIST_UP_KM": 4.2, "CATCH_SKM": 1.71, "UPLAND_SKM": 7.7, "ENDORHEIC": 0, "DIS_AV_CMS": 0.375, "ORD_STRA": 2, "ORD_CLAS": 4, "ORD_FLOW": 7, "HYBAS_L12": 4121159050.0, "Shape_Length": 0.0041666666666628771 }, "geometry": { "type": "MultiLineString", "coordinates": [ [ [ 80.247916666666328, 6.647916666666553 ], [ 80.243749999999665, 6.647916666666553 ] ] ] } },
{ "type": "Feature", "properties": { "HYRIV_ID": 41407102, "NEXT_DOWN": 41407101, "MAIN_RIV": 41407423, "LENGTH_KM": 0.69, "DIST_DN_KM": 42.3, "DIST_UP_KM": 2.7, "CATCH_SKM": 3.2, "UPLAND_SKM": 3.2, "ENDORHEIC": 0, "DIS_AV_CMS": 0.156, "ORD_STRA": 1, "ORD_CLAS": 5, "ORD_FLOW": 7, "HYBAS_L12": 4121159050.0, "Shape_Length": 0.0062499999999658939 }, "geometry": { "type": "MultiLineString", "coordinates": [ [ [ 80.254166666666293, 6.647916666666553 ], [ 80.247916666666328, 6.647916666666553 ] ] ] } },
{ "type": "Feature", "properties": { "HYRIV_ID": 41407103, "NEXT_DOWN": 41406939, "MAIN_RIV": 41407423, "LENGTH_KM": 4.2800002, "DIST_DN_KM": 63.200001, "DIST_UP_KM": 32.099998, "CATCH_SKM": 8.3100004, "UPLAND_SKM": 95.300003, "ENDORHEIC": 0, "DIS_AV_CMS": 4.612, "ORD_STRA": 2, "ORD_CLAS": 3, "ORD_FLOW": 6, "HYBAS_L12": 4121158940.0, "Shape_Length": 0.038511002863008792 }, "geometry": { "type": "MultiLineString", "coordinates": [ [ [ 80.356249999999619, 6.647916666666553 ], [ 80.356249999999619, 6.652083333333245 ], [ 80.360416666666282, 6.65625 ], [ 80.356249999999619, 6.660416666666571 ], [ 80.356249999999619, 6.67708333333325 ], [ 80.360416666666282, 6.681249999999899 ] ] ] } },
{ "type": "Feature", "properties": { "HYRIV_ID": 41407104, "NEXT_DOWN": 41407066, "MAIN_RIV": 41407423, "LENGTH_KM": 1.81, "DIST_DN_KM": 73.599998, "DIST_UP_KM": 3.3, "CATCH_SKM": 4.2600002, "UPLAND_SKM": 4.3, "ENDORHEIC": 0, "DIS_AV_CMS": 0.199, "ORD_STRA": 1, "ORD_CLAS": 2, "ORD_FLOW": 7, "HYBAS_L12": 4121158960.0, "Shape_Length": 0.016309223176531405 }, "geometry": { "type": "MultiLineString", "coordinates": [ [ [ 80.424999999999642, 6.647916666666553 ], [ 80.431249999999608, 6.647916666666553 ], [ 80.435416666666271, 6.652083333333245 ], [ 80.435416666666271, 6.65625 ] ] ] } },
{ "type": "Feature", "properties": { "HYRIV_ID": 41407118, "NEXT_DOWN": 41407134, "MAIN_RIV": 41407423, "LENGTH_KM": 4.6, "DIST_DN_KM": 17.0, "DIST_UP_KM": 6.3, "CATCH_SKM": 10.02, "UPLAND_SKM": 10.0, "ENDORHEIC": 0, "DIS_AV_CMS": 0.466, "ORD_STRA": 1, "ORD_CLAS": 2, "ORD_FLOW": 7, "HYBAS_L12": 4121159120.0, "Shape_Length": 0.04145728111799786 }, "geometry": { "type": "MultiLineString", "coordinates": [ [ [ 80.06666666666635, 6.679166666666568 ], [ 80.072916666666316, 6.672916666666545 ], [ 80.072916666666316, 6.660416666666571 ], [ 80.068749999999596, 6.65625 ], [ 80.072916666666316, 6.652083333333245 ], [ 80.072916666666316, 6.643749999999891 ] ] ] } },
{ "type": "Feature", "properties": { "HYRIV_ID": 41407119, "NEXT_DOWN": 41407134, "MAIN_RIV": 41407423, "LENGTH_KM": 4.27, "DIST_DN_KM": 17.200001, "DIST_UP_KM": 99.300003, "CATCH_SKM": 10.45, "UPLAND_SKM": 2605.3999, "ENDORHEIC": 0, "DIS_AV_CMS": 139.006, "ORD_STRA": 5, "ORD_CLAS": 1, "ORD_FLOW": 4, "HYBAS_L12": 4121159120.0, "Shape_Length": 0.038511002862982098 }, "geometry": { "type": "MultiLineString", "coordinates": [ [ [ 80.097916666666293, 6.664583333333233 ], [ 80.093749999999631, 6.664583333333233 ], [ 80.093749999999631, 6.660416666666571 ], [ 80.089583333332968, 6.65625 ], [ 80.089583333332968, 6.652083333333245 ], [ 80.085416666666305, 6.647916666666553 ], [ 80.077083333332979, 6.647916666666553 ], [ 80.072916666666316, 6.643749999999891 ] ] ] } },
{ "type": "Feature", "properties": { "HYRIV_ID": 41407120, "NEXT_DOWN": 41407103, "MAIN_RIV": 41407423, "LENGTH_KM": 0.98, "DIST_DN_KM": 67.400002, "DIST_UP_KM": 2.2, "CATCH_SKM": 3.6300001, "UPLAND_SKM": 3.6, "ENDORHEIC": 0, "DIS_AV_CMS": 0.174, "ORD_STRA": 1, "ORD_CLAS": 5, "ORD_FLOW": 7, "HYBAS_L12": 4121158940.0, "Shape_Length": 0.0088388347647635132 }, "geometry": { "type": "MultiLineString", "coordinates": [ [ [ 80.34999999999971, 6.641666666666559 ], [ 80.356249999999619, 6.647916666666553 ] ] ] } },
{ "type": "Feature", "properties": { "HYRIV_ID": 41407121, "NEXT_DOWN": 41407027, "MAIN_RIV": 41407423, "LENGTH_KM": 3.1600001, "DIST_DN_KM": 65.699997, "DIST_UP_KM": 43.0, "CATCH_SKM": 6.8200002, "UPLAND_SKM": 159.5, "ENDORHEIC": 0, "DIS_AV_CMS": 7.4640002, "ORD_STRA": 2, "ORD_CLAS": 2, "ORD_FLOW": 6, "HYBAS_L12": 4121158940.0, "Shape_Length": 0.028451779686445001 }, "geometry": { "type": "MultiLineString", "coordinates": [ [ [ 80.385416666666316, 6.643749999999891 ], [ 80.385416666666316, 6.652083333333245 ], [ 80.381249999999653, 6.65625 ], [ 80.381249999999653, 6.660416666666571 ], [ 80.37708333333299, 6.664583333333233 ], [ 80.372916666666328, 6.664583333333233 ] ] ] } },
{ "type": "Feature", "properties": { "HYRIV_ID": 41407133, "NEXT_DOWN": 41407185, "MAIN_RIV": 41407423, "LENGTH_KM": 1.4400001, "DIST_DN_KM": 16.4, "DIST_UP_KM": 3.3, "CATCH_SKM": 3.4100001, "UPLAND_SKM": 3.4, "ENDORHEIC": 0, "DIS_AV_CMS": 0.15700001, "ORD_STRA": 1, "ORD_CLAS": 2, "ORD_FLOW": 7, "HYBAS_L12": 4121159120.0, "Shape_Length": 0.013005501431456536 }, "geometry": { "type": "MultiLineString", "coordinates": [ [ [ 80.062499999999687, 6.65 ], [ 80.068749999999596, 6.643749999999891 ], [ 80.068749999999596, 6.639583333333228 ] ] ] } },
{ "type": "Feature", "properties": { "HYRIV_ID": 41407134, "NEXT_DOWN": 41407185, "MAIN_RIV": 41407423, "LENGTH_KM": 0.65, "DIST_DN_KM": 16.6, "DIST_UP_KM": 99.900002, "CATCH_SKM": 0.85, "UPLAND_SKM": 2616.2, "ENDORHEIC": 0, "DIS_AV_CMS": 139.726, "ORD_STRA": 5, "ORD_CLAS": 1, "ORD_FLOW": 4, "HYBAS_L12": 4121159120.0, "Shape_Length": 0.005892556509922731 }, "geometry": { "type": "MultiLineString", "coordinates": [ [ [ 80.072916666666316, 6.643749999999891 ], [ 80.068749999999596, 6.639583333333228 ] ] ] } },
{ "type": "Feature", "properties": { "HYRIV_ID": 41407135, "NEXT_DOWN": 41407187, "MAIN_RIV": 41407423, "LENGTH_KM": 2.23, "DIST_DN_KM": 28.8, "DIST_UP_KM": 7.8, "CATCH_SKM": 4.6900001, "UPLAND_SKM": 24.1, "ENDORHEIC": 0, "DIS_AV_CMS": 1.168, "ORD_STRA": 2, "ORD_CLAS": 3, "ORD_FLOW": 6, "HYBAS_L12": 4121159050.0, "Shape_Length": 0.020118446353119247 }, "geometry": { "type": "MultiLineString", "coordinates": [ [ [ 80.152083333333024, 6.65625 ], [ 80.147916666666362, 6.652083333333245 ], [ 80.147916666666362, 6.647916666666553 ], [ 80.143749999999699, 6.643749999999891 ], [ 80.143749999999699, 6.639583333333228 ] ] ] } },
{ "type": "Feature", "properties": { "HYRIV_ID": 41407136, "NEXT_DOWN": 41407187, "MAIN_RIV": 41407423, "LENGTH_KM": 0.46, "DIST_DN_KM": 28.8, "DIST_UP_KM": 70.099998, "CATCH_SKM": 0.43, "UPLAND_SKM": 774.40002, "ENDORHEIC": 0, "DIS_AV_CMS": 40.483002, "ORD_STRA": 4, "ORD_CLAS": 2, "ORD_FLOW": 5, "HYBAS_L12": 4121159050.0, "Shape_Length": 0.0041666666666628771 }, "geometry": { "type": "MultiLineString", "coordinates": [ [ [ 80.147916666666362, 6.639583333333228 ], [ 80.143749999999699, 6.639583333333228 ] ] ] } },
{ "type": "Feature", "properties": { "HYRIV_ID": 41407137, "NEXT_DOWN": 41407202, "MAIN_RIV": 41407423, "LENGTH_KM": 7.46, "DIST_DN_KM": 38.400002, "DIST_UP_KM": 8.1, "CATCH_SKM": 16.42, "UPLAND_SKM": 16.4, "ENDORHEIC": 0, "DIS_AV_CMS": 0.80400002, "ORD_STRA": 1, "ORD_CLAS": 3, "ORD_FLOW": 7, "HYBAS_L12": 4121159050.0, "Shape_Length": 0.067320226039581516 }, "geometry": { "type": "MultiLineString", "coordinates": [ [ [ 80.233333333333036, 6.672916666666545 ], [ 80.206249999999642, 6.672916666666545 ], [ 80.202083333332979, 6.668749999999882 ], [ 80.202083333332979, 6.664583333333233 ], [ 80.206249999999642, 6.660416666666571 ], [ 80.206249999999642, 6.652083333333245 ], [ 80.210416666666305, 6.647916666666553 ], [ 80.210416666666305, 6.643749999999891 ], [ 80.214583333332968, 6.639583333333228 ] ] ] } },
{ "type": "Feature", "properties": { "HYRIV_ID": 41407138, "NEXT_DOWN": 41407202, "MAIN_RIV": 41407423, "LENGTH_KM": 3.61, "DIST_DN_KM": 38.400002, "DIST_UP_KM": 7.6, "CATCH_SKM": 8.7399998, "UPLAND_SKM": 19.0, "ENDORHEIC": 0, "DIS_AV_CMS": 0.93400002, "ORD_STRA": 2, "ORD_CLAS": 4, "ORD_FLOW": 7, "HYBAS_L12": 4121159050.0, "Shape_Length": 0.0326184463531363 }, "geometry": { "type": "MultiLineString", "coordinates": [ [ [ 80.243749999999665, 6.647916666666553 ], [ 80.235416666666282, 6.647916666666553 ], [ 80.231249999999619, 6.643749999999891 ], [ 80.218749999999631, 6.643749999999891 ], [ 80.214583333332968, 6.639583333333228 ] ] ] } },
{ "type": "Feature", "properties": { "HYRIV_ID": 41407139, "NEXT_DOWN": 41407101, "MAIN_RIV": 41407423, "LENGTH_KM": 1.63, "DIST_DN_KM": 42.5, "DIST_UP_KM": 3.5, "CATCH_SKM": 2.77, "UPLAND_SKM": 2.8, "ENDORHEIC": 0, "DIS_AV_CMS": 0.13500001, "ORD_STRA": 1, "ORD_CLAS": 4, "ORD_FLOW": 7, "HYBAS_L12": 4121159050.0, "Shape_Length": 0.014731391274676197 }, "geometry": { "type": "MultiLineString", "coordinates": [ [ [ 80.258333333332956, 6.6375 ], [ 80.247916666666328, 6.647916666666553 ] ] ] } },
{ "type": "Feature", "properties": { "HYRIV_ID": 41407140, "NEXT_DOWN": 41407141, "MAIN_RIV": 41407423, "LENGTH_KM": 5.25, "DIST_DN_KM": 63.599998, "DIST_UP_KM": 7.6, "CATCH_SKM": 17.48, "UPLAND_SKM": 17.5, "ENDORHEIC": 0, "DIS_AV_CMS": 0.85500002, "ORD_STRA": 1, "ORD_CLAS": 3, "ORD_FLOW": 7, "HYBAS_L12": 4121602140.0, "Shape_Length": 0.047349837627897767 }, "geometry": { "type": "MultiLineString", "coordinates": [ [ [ 80.28333333333299, 6.666666666666551 ], [ 80.293749999999733, 6.65625 ], [ 80.293749999999733, 6.647916666666553 ], [ 80.302083333332945, 6.639583333333228 ], [ 80.314583333333047, 6.639583333333228 ] ] ] } },
{ "type": "Feature", "properties": { "HYRIV_ID": 41407141, "NEXT_DOWN": 41406717, "MAIN_RIV": 41407423, "LENGTH_KM": 11.82, "DIST_DN_KM": 51.900002, "DIST_UP_KM": 24.0, "CATCH_SKM": 25.16, "UPLAND_SKM": 78.900002, "ENDORHEIC": 0, "DIS_AV_CMS": 3.95, "ORD_STRA": 2, "ORD_CLAS": 2, "ORD_FLOW": 6, "HYBAS_L12": 4121602140.0, "Shape_Length": 0.10648478827550922 }, "geometry": { "type": "MultiLineString", "coordinates": [ [ [ 80.314583333333047, 6.639583333333228 ], [ 80.314583333333047, 6.647916666666553 ], [ 80.310416666666271, 6.652083333333245 ], [ 80.310416666666271, 6.65625 ], [ 80.306249999999608, 6.660416666666571 ], [ 80.306249999999608, 6.664583333333233 ], [ 80.302083333332945, 6.668749999999882 ], [ 80.302083333332945, 6.672916666666545 ], [ 80.293749999999733, 6.681249999999899 ], [ 80.293749999999733, 6.685416666666562 ], [ 80.289583333333013, 6.689583333333225 ], [ 80.289583333333013, 6.693749999999874 ], [ 80.293749999999733, 6.697916666666579 ], [ 80.293749999999733, 6.706249999999891 ], [ 80.289583333333013, 6.710416666666553 ], [ 80.289583333333013, 6.714583333333216 ], [ 80.281249999999687, 6.722916666666571 ], [ 80.28541666666635, 6.727083333333233 ] ] ] } },
{ "type": "Feature", "properties": { "HYRIV_ID": 41407142, "NEXT_DOWN": 41407121, "MAIN_RIV": 41407423, "LENGTH_KM": 0.69, "DIST_DN_KM": 68.800003, "DIST_UP_KM": 3.7, "CATCH_SKM": 2.56, "UPLAND_SKM": 2.6, "ENDORHEIC": 0, "DIS_AV_CMS": 0.121, "ORD_STRA": 1, "ORD_CLAS": 3, "ORD_FLOW": 7, "HYBAS_L12": 4121158940.0, "Shape_Length": 0.0062499999999801048 }, "geometry": { "type": "MultiLineString", "coordinates": [ [ [ 80.385416666666316, 6.6375 ], [ 80.385416666666316, 6.643749999999891 ] ] ] } },
{ "type": "Feature", "properties": { "HYRIV_ID": 41407143, "NEXT_DOWN": 41407007, "MAIN_RIV": 41407423, "LENGTH_KM": 5.7600002, "DIST_DN_KM": 83.099998, "DIST_UP_KM": 17.1, "CATCH_SKM": 20.68, "UPLAND_SKM": 76.5, "ENDORHEIC": 0, "DIS_AV_CMS": 3.398, "ORD_STRA": 2, "ORD_CLAS": 3, "ORD_FLOW": 6, "HYBAS_L12": 4121158880.0, "Shape_Length": 0.052022005726037157 }, "geometry": { "type": "MultiLineString", "coordinates": [ [ [ 80.522916666666305, 6.639583333333228 ], [ 80.514583333332979, 6.639583333333228 ], [ 80.510416666666316, 6.643749999999891 ], [ 80.506249999999653, 6.643749999999891 ], [ 80.493749999999665, 6.65625 ], [ 80.493749999999665, 6.660416666666571 ], [ 80.489583333332945, 6.664583333333233 ], [ 80.493749999999665, 6.668749999999882 ] ] ] } },
{ "type": "Feature", "properties": { "HYRIV_ID": 41407144, "NEXT_DOWN": 41407143, "MAIN_RIV": 41407423, "LENGTH_KM": 2.75, "DIST_DN_KM": 88.900002, "DIST_UP_KM": 4.5, "CATCH_SKM": 8.7399998, "UPLAND_SKM": 8.7, "ENDORHEIC": 0, "DIS_AV_CMS": 0.383, "ORD_STRA": 1, "ORD_CLAS": 4, "ORD_FLOW": 7, "HYBAS_L12": 4121158880.0, "Shape_Length": 0.024790614451372338 }, "geometry": { "type": "MultiLineString", "coordinates": [ [ [ 80.524999999999608, 6.658333333333239 ], [ 80.531249999999687, 6.652083333333245 ], [ 80.527083333333024, 6.647916666666553 ], [ 80.527083333333024, 6.643749999999891 ], [ 80.522916666666305, 6.639583333333228 ] ] ] } },
{ "type": "Feature", "properties": { "HYRIV_ID": 41407163, "NEXT_DOWN": 41407198, "MAIN_RIV": 41407423, "LENGTH_KM": 0.69, "DIST_DN_KM": 7.6, "DIST_UP_KM": 2.2, "CATCH_SKM": 3.2, "UPLAND_SKM": 3.2, "ENDORHEIC": 0, "DIS_AV_CMS": 0.14, "ORD_STRA": 1, "ORD_CLAS": 3, "ORD_FLOW": 7, "HYBAS_L12": 4121159110.0, "Shape_Length": 0.0062499999999090505 }, "geometry": { "type": "MultiLineString", "coordinates": [ [ [ 79.983333333333093, 6.635416666666579 ], [ 79.989583333333002, 6.635416666666579 ] ] ] } },
{ "type": "Feature", "properties": { "HYRIV_ID": 41407164, "NEXT_DOWN": 41407198, "MAIN_RIV": 41407423, "LENGTH_KM": 5.2, "DIST_DN_KM": 7.6, "DIST_UP_KM": 22.700001, "CATCH_SKM": 14.93, "UPLAND_SKM": 138.8, "ENDORHEIC": 0, "DIS_AV_CMS": 6.1459999, "ORD_STRA": 4, "ORD_CLAS": 2, "ORD_FLOW": 6, "HYBAS_L12": 4121159110.0, "Shape_Length": 0.046844336196334546 }, "geometry": { "type": "MultiLineString", "coordinates": [ [ [ 79.985416666666339, 6.67708333333325 ], [ 79.985416666666339, 6.668749999999882 ], [ 79.981249999999676, 6.664583333333233 ], [ 79.985416666666339, 6.660416666666571 ], [ 79.985416666666339, 6.65625 ], [ 79.989583333333002, 6.652083333333245 ], [ 79.989583333333002, 6.635416666666579 ] ] ] } },
{ "type": "Feature", "properties": { "HYRIV_ID": 41407165, "NEXT_DOWN": 41407182, "MAIN_RIV": 41407423, "LENGTH_KM": 1.81, "DIST_DN_KM": 9.9, "DIST_UP_KM": 4.0, "CATCH_SKM": 5.33, "UPLAND_SKM": 5.3, "ENDORHEIC": 0, "DIS_AV_CMS": 0.239, "ORD_STRA": 1, "ORD_CLAS": 4, "ORD_FLOW": 7, "HYBAS_L12": 4121159120.0, "Shape_Length": 0.01630922317656815 }, "geometry": { "type": "MultiLineString", "coordinates": [ [ [ 80.014583333333036, 6.65 ], [ 80.014583333333036, 6.643749999999891 ], [ 80.018749999999699, 6.639583333333228 ], [ 80.018749999999699, 6.635416666666579 ] ] ] } },
{ "type": "Feature", "properties": { "HYRIV_ID": 41407166, "NEXT_DOWN": 41407182, "MAIN_RIV": 41407423, "LENGTH_KM": 1.81, "DIST_DN_KM": 10.1, "DIST_UP_KM": 4.0, "CATCH_SKM": 3.6300001, "UPLAND_SKM": 3.6, "ENDORHEIC": 0, "DIS_AV_CMS": 0.164, "ORD_STRA": 1, "ORD_CLAS": 3, "ORD_FLOW": 7, "HYBAS_L12": 4121159120.0, "Shape_Length": 0.016309223176572313 }, "geometry": { "type": "MultiLineString", "coordinates": [ [ [ 80.022916666666362, 6.65 ], [ 80.022916666666362, 6.639583333333228 ], [ 80.018749999999699, 6.635416666666579 ] ] ] } },
{ "type": "Feature", "properties": { "HYRIV_ID": 41407167, "NEXT_DOWN": 41407136, "MAIN_RIV": 41407423, "LENGTH_KM": 0.69, "DIST_DN_KM": 29.3, "DIST_UP_KM": 2.8, "CATCH_SKM": 2.56, "UPLAND_SKM": 2.6, "ENDORHEIC": 0, "DIS_AV_CMS": 0.123, "ORD_STRA": 1, "ORD_CLAS": 3, "ORD_FLOW": 7, "HYBAS_L12": 4121159050.0, "Shape_Length": 0.0062500000000227374 }, "geometry": { "type": "MultiLineString", "coordinates": [ [ [ 80.147916666666362, 6.633333333333205 ], [ 80.147916666666362, 6.639583333333228 ] ] ] } },
{ "type": "Feature", "properties": { "HYRIV_ID": 41407168, "NEXT_DOWN": 41407136, "MAIN_RIV": 41407423, "LENGTH_KM": 1.11, "DIST_DN_KM": 29.3, "DIST_UP_KM": 69.599998, "CATCH_SKM": 1.71, "UPLAND_SKM": 771.40002, "ENDORHEIC": 0, "DIS_AV_CMS": 40.273998, "ORD_STRA": 4, "ORD_CLAS": 2, "ORD_FLOW": 5, "HYBAS_L12": 4121159050.0, "Shape_Length": 0.010059223176535365 }, "geometry": { "type": "MultiLineString", "coordinates": [ [ [ 80.156249999999687, 6.635416666666579 ], [ 80.152083333333024, 6.639583333333228 ], [ 80.147916666666362, 6.639583333333228 ] ] ] } },
{ "type": "Feature", "properties": { "HYRIV_ID": 41407182, "NEXT_DOWN": 41407199, "MAIN_RIV": 41407423, "LENGTH_KM": 0.46, "DIST_DN_KM": 9.4, "DIST_UP_KM": 4.7, "CATCH_SKM": 0.21, "UPLAND_SKM": 9.2, "ENDORHEIC": 0, "DIS_AV_CMS": 0.414, "ORD_STRA": 2, "ORD_CLAS": 3, "ORD_FLOW": 7, "HYBAS_L12": 4121159120.0, "Shape_Length": 0.0041666666667055097 }, "geometry": { "type": "MultiLineString", "coordinates": [ [ [ 80.018749999999699, 6.635416666666579 ], [ 80.018749999999699, 6.631249999999874 ] ] ] } },
{ "type": "Feature", "properties": { "HYRIV_ID": 41407183, "NEXT_DOWN": 41407199, "MAIN_RIV": 41407423, "LENGTH_KM": 1.38, "DIST_DN_KM": 9.4, "DIST_UP_KM": 107.1, "CATCH_SKM": 2.98, "UPLAND_SKM": 2729.5, "ENDORHEIC": 0, "DIS_AV_CMS": 147.93201, "ORD_STRA": 5, "ORD_CLAS": 1, "ORD_FLOW": 4, "HYBAS_L12": 4121159120.0, "Shape_Length": 0.012500000000045475 }, "geometry": { "type": "MultiLineString", "coordinates": [ [ [ 80.031249999999744, 6.631249999999874 ], [ 80.018749999999699, 6.631249999999874 ] ] ] } },
{ "type": "Feature", "properties": { "HYRIV_ID": 41407184, "NEXT_DOWN": 41407183, "MAIN_RIV": 41407423, "LENGTH_KM": 4.04, "DIST_DN_KM": 10.8, "DIST_UP_KM": 5.8, "CATCH_SKM": 9.5900002, "UPLAND_SKM": 9.6, "ENDORHEIC": 0, "DIS_AV_CMS": 0.44, "ORD_STRA": 1, "ORD_CLAS": 2, "ORD_FLOW": 7, "HYBAS_L12": 4121159120.0, "Shape_Length": 0.036427669529598687 }, "geometry": { "type": "MultiLineString", "coordinates": [ [ [ 80.043749999999619, 6.6625 ], [ 80.043749999999619, 6.652083333333245 ], [ 80.031249999999744, 6.639583333333228 ], [ 80.031249999999744, 6.631249999999874 ] ] ] } },
{ "type": "Feature", "properties": { "HYRIV_ID": 41407185, "NEXT_DOWN": 41407200, "MAIN_RIV": 41407423, "LENGTH_KM": 1.12, "DIST_DN_KM": 15.5, "DIST_UP_KM": 101.0, "CATCH_SKM": 1.0700001, "UPLAND_SKM": 2620.7, "ENDORHEIC": 0, "DIS_AV_CMS": 140.364, "ORD_STRA": 5, "ORD_CLAS": 1, "ORD_FLOW": 4, "HYBAS_L12": 4121159120.0, "Shape_Length": 0.010059223176521154 }, "geometry": { "type": "MultiLineString", "coordinates": [ [ [ 80.068749999999596, 6.639583333333228 ], [ 80.068749999999596, 6.635416666666579 ], [ 80.06458333333299, 6.631249999999874 ] ] ] } },
{ "type": "Feature", "properties": { "HYRIV_ID": 41407186, "NEXT_DOWN": 41407084, "MAIN_RIV": 41407423, "LENGTH_KM": 3.08, "DIST_DN_KM": 23.5, "DIST_UP_KM": 75.400002, "CATCH_SKM": 5.7600002, "UPLAND_SKM": 905.79999, "ENDORHEIC": 0, "DIS_AV_CMS": 47.625, "ORD_STRA": 4, "ORD_CLAS": 2, "ORD_FLOW": 5, "HYBAS_L12": 4121159050.0, "Shape_Length": 0.027736892706241544 }, "geometry": { "type": "MultiLineString", "coordinates": [ [ [ 80.12708333333299, 6.631249999999874 ], [ 80.110416666666339, 6.647916666666553 ], [ 80.110416666666339, 6.652083333333245 ] ] ] } },
{ "type": "Feature", "properties": { "HYRIV_ID": 41407187, "NEXT_DOWN": 41407186, "MAIN_RIV": 41407423, "LENGTH_KM": 2.23, "DIST_DN_KM": 26.6, "DIST_UP_KM": 72.300003, "CATCH_SKM": 3.6300001, "UPLAND_SKM": 802.09998, "ENDORHEIC": 0, "DIS_AV_CMS": 42.092999, "ORD_STRA": 4, "ORD_CLAS": 2, "ORD_FLOW": 5, "HYBAS_L12": 4121159050.0, "Shape_Length": 0.020118446353151118 }, "geometry": { "type": "MultiLineString", "coordinates": [ [ [ 80.143749999999699, 6.639583333333228 ], [ 80.139583333333036, 6.639583333333228 ], [ 80.131249999999653, 6.631249999999874 ], [ 80.12708333333299, 6.631249999999874 ] ] ] } },
{ "type": "Feature", "properties": { "HYRIV_ID": 41407188, "NEXT_DOWN": 41407168, "MAIN_RIV": 41407423, "LENGTH_KM": 0.65, "DIST_DN_KM": 30.6, "DIST_UP_KM": 68.300003, "CATCH_SKM": 0.43, "UPLAND_SKM": 764.20001, "ENDORHEIC": 0, "DIS_AV_CMS": 39.792999, "ORD_STRA": 4, "ORD_CLAS": 2, "ORD_FLOW": 5, "HYBAS_L12": 4121159050.0, "Shape_Length": 0.0058925565099126826 }, "geometry": { "type": "MultiLineString", "coordinates": [ [ [ 80.16041666666635, 6.631249999999874 ], [ 80.156249999999687, 6.635416666666579 ] ] ] } },
{ "type": "Feature", "properties": { "HYRIV_ID": 41407189, "NEXT_DOWN": 41407188, "MAIN_RIV": 41407423, "LENGTH_KM": 1.16, "DIST_DN_KM": 31.1, "DIST_UP_KM": 3.3, "CATCH_SKM": 3.84, "UPLAND_SKM": 3.8, "ENDORHEIC": 0, "DIS_AV_CMS": 0.186, "ORD_STRA": 1, "ORD_CLAS": 3, "ORD_FLOW": 7, "HYBAS_L12": 4121159050.0, "Shape_Length": 0.010416666666756669 }, "geometry": { "type": "MultiLineString", "coordinates": [ [ [ 80.16458333333307, 6.6375 ], [ 80.16458333333307, 6.631249999999874 ], [ 80.16041666666635, 6.631249999999874 ] ] ] } },
{ "type": "Feature", "properties": { "HYRIV_ID": 41407190, "NEXT_DOWN": 41407143, "MAIN_RIV": 41407423, "LENGTH_KM": 2.04, "DIST_DN_KM": 88.699997, "DIST_UP_KM": 11.5, "CATCH_SKM": 6.6100001, "UPLAND_SKM": 47.099998, "ENDORHEIC": 0, "DIS_AV_CMS": 2.0480001, "ORD_STRA": 2, "ORD_CLAS": 3, "ORD_FLOW": 6, "HYBAS_L12": 4121158880.0, "Shape_Length": 0.018392556509927299 }, "geometry": { "type": "MultiLineString", "coordinates": [ [ [ 80.53541666666635, 6.631249999999874 ], [ 80.527083333333024, 6.631249999999874 ], [ 80.522916666666305, 6.635416666666579 ], [ 80.522916666666305, 6.639583333333228 ] ] ] } },
{ "type": "Feature", "properties": { "HYRIV_ID": 41407191, "NEXT_DOWN": 41407190, "MAIN_RIV": 41407423, "LENGTH_KM": 2.73, "DIST_DN_KM": 90.699997, "DIST_UP_KM": 5.4, "CATCH_SKM": 7.6799998, "UPLAND_SKM": 7.7, "ENDORHEIC": 0, "DIS_AV_CMS": 0.334, "ORD_STRA": 1, "ORD_CLAS": 4, "ORD_FLOW": 7, "HYBAS_L12": 4121158880.0, "Shape_Length": 0.024642556509898068 }, "geometry": { "type": "MultiLineString", "coordinates": [ [ [ 80.539583333333013, 6.645833333333222 ], [ 80.539583333333013, 6.639583333333228 ], [ 80.543749999999676, 6.635416666666579 ], [ 80.543749999999676, 6.631249999999874 ], [ 80.53541666666635, 6.631249999999874 ] ] ] } },
{ "type": "Feature", "properties": { "HYRIV_ID": 41407198, "NEXT_DOWN": 41407342, "MAIN_RIV": 41407423, "LENGTH_KM": 1.12, "DIST_DN_KM": 6.5, "DIST_UP_KM": 23.8, "CATCH_SKM": 1.0700001, "UPLAND_SKM": 143.10001, "ENDORHEIC": 0, "DIS_AV_CMS": 6.3319998, "ORD_STRA": 4, "ORD_CLAS": 2, "ORD_FLOW": 6, "HYBAS_L12": 4121159110.0, "Shape_Length": 0.010059223176575559 }, "geometry": { "type": "MultiLineString", "coordinates": [ [ [ 79.989583333333002, 6.635416666666579 ], [ 79.993749999999665, 6.631249999999874 ], [ 79.993749999999665, 6.627083333333211 ] ] ] } },
{ "type": "Feature", "properties": { "HYRIV_ID": 41407199, "NEXT_DOWN": 41407342, "MAIN_RIV": 41407423, "LENGTH_KM": 2.95, "DIST_DN_KM": 6.7, "DIST_UP_KM": 109.8, "CATCH_SKM": 5.12, "UPLAND_SKM": 2753.3999, "ENDORHEIC": 0, "DIS_AV_CMS": 150.145, "ORD_STRA": 5, "ORD_CLAS": 1, "ORD_FLOW": 4, "HYBAS_L12": 4121159120.0, "Shape_Length": 0.026725889843253765 }, "geometry": { "type": "MultiLineString", "coordinates": [ [ [ 80.018749999999699, 6.631249999999874 ], [ 79.997916666666328, 6.631249999999874 ], [ 79.993749999999665, 6.627083333333211 ] ] ] } },
{ "type": "Feature", "properties": { "HYRIV_ID": 41407200, "NEXT_DOWN": 41407230, "MAIN_RIV": 41407423, "LENGTH_KM": 1.5700001, "DIST_DN_KM": 13.9, "DIST_UP_KM": 102.6, "CATCH_SKM": 2.98, "UPLAND_SKM": 2644.3999, "ENDORHEIC": 0, "DIS_AV_CMS": 142.14101, "ORD_STRA": 5, "ORD_CLAS": 1, "ORD_FLOW": 4, "HYBAS_L12": 4121159120.0, "Shape_Length": 0.014225889843215187 }, "geometry": { "type": "MultiLineString", "coordinates": [ [ [ 80.06458333333299, 6.631249999999874 ], [ 80.056249999999778, 6.631249999999874 ], [ 80.052083333332945, 6.627083333333211 ] ] ] } },
{ "type": "Feature", "properties": { "HYRIV_ID": 41407201, "NEXT_DOWN": 41407234, "MAIN_RIV": 41407423, "LENGTH_KM": 1.63, "DIST_DN_KM": 35.0, "DIST_UP_KM": 3.3, "CATCH_SKM": 5.12, "UPLAND_SKM": 5.1, "ENDORHEIC": 0, "DIS_AV_CMS": 0.248, "ORD_STRA": 1, "ORD_CLAS": 4, "ORD_FLOW": 7, "HYBAS_L12": 4121159050.0, "Shape_Length": 0.014731391274836974 }, "geometry": { "type": "MultiLineString", "coordinates": [ [ [ 80.179166666666305, 6.6375 ], [ 80.189583333333104, 6.627083333333211 ] ] ] } },
{ "type": "Feature", "properties": { "HYRIV_ID": 41407202, "NEXT_DOWN": 41407234, "MAIN_RIV": 41407423, "LENGTH_KM": 3.34, "DIST_DN_KM": 34.900002, "DIST_UP_KM": 11.7, "CATCH_SKM": 6.6100001, "UPLAND_SKM": 42.0, "ENDORHEIC": 0, "DIS_AV_CMS": 2.079, "ORD_STRA": 2, "ORD_CLAS": 3, "ORD_FLOW": 6, "HYBAS_L12": 4121159050.0, "Shape_Length": 0.03017766952954265 }, "geometry": { "type": "MultiLineString", "coordinates": [ [ [ 80.214583333332968, 6.639583333333228 ], [ 80.206249999999642, 6.631249999999874 ], [ 80.202083333332979, 6.631249999999874 ], [ 80.197916666666316, 6.627083333333211 ], [ 80.189583333333104, 6.627083333333211 ] ] ] } },
{ "type": "Feature", "properties": { "HYRIV_ID": 41407203, "NEXT_DOWN": 41407190, "MAIN_RIV": 41407423, "LENGTH_KM": 2.03, "DIST_DN_KM": 90.900002, "DIST_UP_KM": 9.3, "CATCH_SKM": 7.04, "UPLAND_SKM": 32.8, "ENDORHEIC": 0, "DIS_AV_CMS": 1.413, "ORD_STRA": 2, "ORD_CLAS": 3, "ORD_FLOW": 6, "HYBAS_L12": 4121158880.0, "Shape_Length": 0.01839255650992801 }, "geometry": { "type": "MultiLineString", "coordinates": [ [ [ 80.552083333333059, 6.627083333333211 ], [ 80.539583333333013, 6.627083333333211 ], [ 80.53541666666635, 6.631249999999874 ] ] ] } },
{ "type": "Feature", "properties": { "HYRIV_ID": 41407204, "NEXT_DOWN": 41407203, "MAIN_RIV": 41407423, "LENGTH_KM": 4.9699998, "DIST_DN_KM": 93.0, "DIST_UP_KM": 6.6, "CATCH_SKM": 11.3, "UPLAND_SKM": 11.3, "ENDORHEIC": 0, "DIS_AV_CMS": 0.482, "ORD_STRA": 1, "ORD_CLAS": 4, "ORD_FLOW": 7, "HYBAS_L12": 4121158880.0, "Shape_Length": 0.044909060804338416 }, "geometry": { "type": "MultiLineString", "coordinates": [ [ [ 80.583333333333002, 6.641666666666559 ], [ 80.577083333332922, 6.647916666666553 ], [ 80.568749999999596, 6.647916666666553 ], [ 80.560416666666271, 6.639583333333228 ], [ 80.560416666666271, 6.635416666666579 ], [ 80.552083333333059, 6.627083333333211 ] ] ] } },
{ "type": "Feature", "properties": { "HYRIV_ID": 41407230, "NEXT_DOWN": 41407183, "MAIN_RIV": 41407423, "LENGTH_KM": 2.8800001, "DIST_DN_KM": 11.0, "DIST_UP_KM": 105.5, "CATCH_SKM": 4.9, "UPLAND_SKM": 2716.8999, "ENDORHEIC": 0, "DIS_AV_CMS": 146.683, "ORD_STRA": 5, "ORD_CLAS": 1, "ORD_FLOW": 4, "HYBAS_L12": 4121159120.0, "Shape_Length": 0.026011002862872879 }, "geometry": { "type": "MultiLineString", "coordinates": [ [ [ 80.052083333332945, 6.627083333333211 ], [ 80.043749999999619, 6.627083333333211 ], [ 80.039583333332956, 6.622916666666562 ], [ 80.031249999999744, 6.631249999999874 ] ] ] } },
{ "type": "Feature", "properties": { "HYRIV_ID": 41407231, "NEXT_DOWN": 41407230, "MAIN_RIV": 41407423, "LENGTH_KM": 1.11, "DIST_DN_KM": 13.7, "DIST_UP_KM": 14.8, "CATCH_SKM": 0.85, "UPLAND_SKM": 67.599998, "ENDORHEIC": 0, "DIS_AV_CMS": 3.2, "ORD_STRA": 2, "ORD_CLAS": 2, "ORD_FLOW": 6, "HYBAS_L12": 4121159120.0, "Shape_Length": 0.010059223176585311 }, "geometry": { "type": "MultiLineString", "coordinates": [ [ [ 80.060416666666271, 6.622916666666562 ], [ 80.056249999999778, 6.627083333333211 ], [ 80.052083333332945, 6.627083333333211 ] ] ] } },
{ "type": "Feature", "properties": { "HYRIV_ID": 41407232, "NEXT_DOWN": 41407200, "MAIN_RIV": 41407423, "LENGTH_KM": 2.6900001, "DIST_DN_KM": 15.3, "DIST_UP_KM": 10.1, "CATCH_SKM": 3.84, "UPLAND_SKM": 20.700001, "ENDORHEIC": 0, "DIS_AV_CMS": 0.987, "ORD_STRA": 2, "ORD_CLAS": 2, "ORD_FLOW": 7, "HYBAS_L12": 4121159120.0, "Shape_Length": 0.024285113019727009 }, "geometry": { "type": "MultiLineString", "coordinates": [ [ [ 80.085416666666305, 6.622916666666562 ], [ 80.077083333332979, 6.622916666666562 ], [ 80.068749999999596, 6.631249999999874 ], [ 80.06458333333299, 6.631249999999874 ] ] ] } },
{ "type": "Feature", "properties": { "HYRIV_ID": 41407233, "NEXT_DOWN": 41407188, "MAIN_RIV": 41407423, "LENGTH_KM": 2.23, "DIST_DN_KM": 31.200001, "DIST_UP_KM": 67.699997, "CATCH_SKM": 3.2, "UPLAND_SKM": 759.90002, "ENDORHEIC": 0, "DIS_AV_CMS": 39.522999, "ORD_STRA": 4, "ORD_CLAS": 2, "ORD_FLOW": 5, "HYBAS_L12": 4121159050.0, "Shape_Length": 0.020118446353040585 }, "geometry": { "type": "MultiLineString", "coordinates": [ [ [ 80.177083333332945, 6.622916666666562 ], [ 80.168749999999619, 6.622916666666562 ], [ 80.16041666666635, 6.631249999999874 ] ] ] } },
{ "type": "Feature", "properties": { "HYRIV_ID": 41407234, "NEXT_DOWN": 41407233, "MAIN_RIV": 41407423, "LENGTH_KM": 1.5700001, "DIST_DN_KM": 33.3, "DIST_UP_KM": 65.599998, "CATCH_SKM": 2.56, "UPLAND_SKM": 748.20001, "ENDORHEIC": 0, "DIS_AV_CMS": 38.698002, "ORD_STRA": 4, "ORD_CLAS": 2, "ORD_FLOW": 5, "HYBAS_L12": 4121159050.0, "Shape_Length": 0.014225889843318826 }, "geometry": { "type": "MultiLineString", "coordinates": [ [ [ 80.189583333333104, 6.627083333333211 ], [ 80.185416666666271, 6.622916666666562 ], [ 80.177083333332945, 6.622916666666562 ] ] ] } },
{ "type": "Feature", "properties": { "HYRIV_ID": 41407235, "NEXT_DOWN": 41407315, "MAIN_RIV": 41407423, "LENGTH_KM": 1.16, "DIST_DN_KM": 103.3, "DIST_UP_KM": 3.6, "CATCH_SKM": 6.6100001, "UPLAND_SKM": 6.6, "ENDORHEIC": 0, "DIS_AV_CMS": 0.276, "ORD_STRA": 1, "ORD_CLAS": 3, "ORD_FLOW": 7, "HYBAS_L12": 4121602270.0, "Shape_Length": 0.010416666666642982 }, "geometry": { "type": "MultiLineString", "coordinates": [ [ [ 80.602083333332956, 6.633333333333205 ], [ 80.602083333332956, 6.622916666666562 ] ] ] } },
{ "type": "Feature", "properties": { "HYRIV_ID": 41407236, "NEXT_DOWN": 41407315, "MAIN_RIV": 41407423, "LENGTH_KM": 2.75, "DIST_DN_KM": 103.3, "DIST_UP_KM": 4.4, "CATCH_SKM": 4.48, "UPLAND_SKM": 4.5, "ENDORHEIC": 0, "DIS_AV_CMS": 0.185, "ORD_STRA": 1, "ORD_CLAS": 2, "ORD_FLOW": 7, "HYBAS_L12": 4121602270.0, "Shape_Length": 0.024790614451332144 }, "geometry": { "type": "MultiLineString", "coordinates": [ [ [ 80.620833333333024, 6.6375 ], [ 80.606249999999619, 6.622916666666562 ], [ 80.602083333332956, 6.622916666666562 ] ] ] } },
{ "type": "Feature", "properties": { "HYRIV_ID": 41407254, "NEXT_DOWN": 41407296, "MAIN_RIV": 41407423, "LENGTH_KM": 1.35, "DIST_DN_KM": 105.4, "DIST_UP_KM": 3.3, "CATCH_SKM": 4.2600002, "UPLAND_SKM": 4.3, "ENDORHEIC": 0, "DIS_AV_CMS": 0.173, "ORD_STRA": 1, "ORD_CLAS": 2, "ORD_FLOW": 7, "HYBAS_L12": 4121602270.0, "Shape_Length": 0.012142556509905273 }, "geometry": { "type": "MultiLineString", "coordinates": [ [ [ 80.652083333332968, 6.629166666666585 ], [ 80.652083333332968, 6.622916666666562 ], [ 80.647916666666305, 6.618749999999899 ] ] ] } },
{ "type": "Feature", "properties": { "HYRIV_ID": 41407255, "NEXT_DOWN": 41407296, "MAIN_RIV": 41407423, "LENGTH_KM": 9.4, "DIST_DN_KM": 105.2, "DIST_UP_KM": 11.3, "CATCH_SKM": 31.129999, "UPLAND_SKM": 31.1, "ENDORHEIC": 0, "DIS_AV_CMS": 1.239, "ORD_STRA": 1, "ORD_CLAS": 1, "ORD_FLOW": 6, "HYBAS_L12": 4121602270.0, "Shape_Length": 0.084997895569230125 }, "geometry": { "type": "MultiLineString", "coordinates": [ [ [ 80.72083333333299, 6.622916666666562 ], [ 80.714583333333081, 6.622916666666562 ], [ 80.710416666666418, 6.627083333333211 ], [ 80.706249999999699, 6.627083333333211 ], [ 80.697916666666373, 6.635416666666579 ], [ 80.693749999999596, 6.631249999999874 ], [ 80.677083333333002, 6.631249999999874 ], [ 80.672916666666339, 6.627083333333211 ], [ 80.664583333333013, 6.627083333333211 ], [ 80.66041666666635, 6.622916666666562 ], [ 80.656249999999631, 6.622916666666562 ], [ 80.652083333332968, 6.618749999999899 ], [ 80.647916666666305, 6.618749999999899 ] ] ] } },
{ "type": "Feature", "properties": { "HYRIV_ID": 41407275, "NEXT_DOWN": 41407313, "MAIN_RIV": 41407423, "LENGTH_KM": 0.46, "DIST_DN_KM": 48.900002, "DIST_UP_KM": 50.099998, "CATCH_SKM": 0.21, "UPLAND_SKM": 340.60001, "ENDORHEIC": 0, "DIS_AV_CMS": 16.780001, "ORD_STRA": 3, "ORD_CLAS": 2, "ORD_FLOW": 5, "HYBAS_L12": 4121159150.0, "Shape_Length": 0.0041666666666628771 }, "geometry": { "type": "MultiLineString", "coordinates": [ [ [ 80.289583333333013, 6.614583333333236 ], [ 80.28541666666635, 6.614583333333236 ] ] ] } },
{ "type": "Feature", "properties": { "HYRIV_ID": 41407276, "NEXT_DOWN": 41407203, "MAIN_RIV": 41407423, "LENGTH_KM": 4.3, "DIST_DN_KM": 92.800003, "DIST_UP_KM": 7.4, "CATCH_SKM": 14.5, "UPLAND_SKM": 14.5, "ENDORHEIC": 0, "DIS_AV_CMS": 0.61799997, "ORD_STRA": 1, "ORD_CLAS": 3, "ORD_FLOW": 7, "HYBAS_L12": 4121158880.0, "Shape_Length": 0.038868446353101903 }, "geometry": { "type": "MultiLineString", "coordinates": [ [ [ 80.583333333333002, 6.614583333333236 ], [ 80.568749999999596, 6.614583333333236 ], [ 80.564583333333047, 6.618749999999899 ], [ 80.560416666666271, 6.618749999999899 ], [ 80.560416666666271, 6.622916666666562 ], [ 80.556249999999721, 6.627083333333211 ], [ 80.552083333333059, 6.627083333333211 ] ] ] } },
{ "type": "Feature", "properties": { "HYRIV_ID": 41407293, "NEXT_DOWN": 41407232, "MAIN_RIV": 41407423, "LENGTH_KM": 5.7, "DIST_DN_KM": 17.9, "DIST_UP_KM": 7.4, "CATCH_SKM": 10.66, "UPLAND_SKM": 10.7, "ENDORHEIC": 0, "DIS_AV_CMS": 0.50800002, "ORD_STRA": 1, "ORD_CLAS": 2, "ORD_FLOW": 7, "HYBAS_L12": 4121159120.0, "Shape_Length": 0.051516504294445223 }, "geometry": { "type": "MultiLineString", "coordinates": [ [ [ 80.112499999999756, 6.608333333333213 ], [ 80.118749999999665, 6.614583333333236 ], [ 80.114583333333002, 6.618749999999899 ], [ 80.114583333333002, 6.622916666666562 ], [ 80.110416666666339, 6.627083333333211 ], [ 80.097916666666293, 6.627083333333211 ], [ 80.093749999999631, 6.622916666666562 ], [ 80.085416666666305, 6.622916666666562 ] ] ] } },
{ "type": "Feature", "properties": { "HYRIV_ID": 41407294, "NEXT_DOWN": 41407168, "MAIN_RIV": 41407423, "LENGTH_KM": 3.2, "DIST_DN_KM": 30.4, "DIST_UP_KM": 4.4, "CATCH_SKM": 5.54, "UPLAND_SKM": 5.5, "ENDORHEIC": 0, "DIS_AV_CMS": 0.269, "ORD_STRA": 1, "ORD_CLAS": 3, "ORD_FLOW": 7, "HYBAS_L12": 4121159050.0, "Shape_Length": 0.028809223176585203 }, "geometry": { "type": "MultiLineString", "coordinates": [ [ [ 80.16041666666635, 6.608333333333213 ], [ 80.16041666666635, 6.614583333333236 ], [ 80.156249999999687, 6.618749999999899 ], [ 80.156249999999687, 6.635416666666579 ] ] ] } },
{ "type": "Feature", "properties": { "HYRIV_ID": 41407295, "NEXT_DOWN": 41407316, "MAIN_RIV": 41407423, "LENGTH_KM": 1.84, "DIST_DN_KM": 102.2, "DIST_UP_KM": 14.3, "CATCH_SKM": 6.1799998, "UPLAND_SKM": 54.599998, "ENDORHEIC": 0, "DIS_AV_CMS": 2.204, "ORD_STRA": 2, "ORD_CLAS": 1, "ORD_FLOW": 6, "HYBAS_L12": 4121602270.0, "Shape_Length": 0.016666666666651508 }, "geometry": { "type": "MultiLineString", "coordinates": [ [ [ 80.643749999999642, 6.610416666666588 ], [ 80.62708333333299, 6.610416666666588 ] ] ] } },
{ "type": "Feature", "properties": { "HYRIV_ID": 41407296, "NEXT_DOWN": 41407295, "MAIN_RIV": 41407423, "LENGTH_KM": 1.12, "DIST_DN_KM": 104.1, "DIST_UP_KM": 12.4, "CATCH_SKM": 2.1300001, "UPLAND_SKM": 37.5, "ENDORHEIC": 0, "DIS_AV_CMS": 1.5039999, "ORD_STRA": 2, "ORD_CLAS": 1, "ORD_FLOW": 6, "HYBAS_L12": 4121602270.0, "Shape_Length": 0.010059223176531202 }, "geometry": { "type": "MultiLineString", "coordinates": [ [ [ 80.647916666666305, 6.618749999999899 ], [ 80.643749999999642, 6.614583333333236 ], [ 80.643749999999642, 6.610416666666588 ] ] ] } },
{ "type": "Feature", "properties": { "HYRIV_ID": 41407311, "NEXT_DOWN": 41407199, "MAIN_RIV": 41407423, "LENGTH_KM": 4.0500002, "DIST_DN_KM": 9.4, "DIST_UP_KM": 5.6, "CATCH_SKM": 9.6, "UPLAND_SKM": 9.6, "ENDORHEIC": 0, "DIS_AV_CMS": 0.438, "ORD_STRA": 1, "ORD_CLAS": 2, "ORD_FLOW": 7, "HYBAS_L12": 4121159120.0, "Shape_Length": 0.036575727471167559 }, "geometry": { "type": "MultiLineString", "coordinates": [ [ [ 80.029166666666271, 6.604166666666551 ], [ 80.035416666666407, 6.610416666666588 ], [ 80.018749999999699, 6.627083333333211 ], [ 80.018749999999699, 6.631249999999874 ] ] ] } },
{ "type": "Feature", "properties": { "HYRIV_ID": 41407312, "NEXT_DOWN": 41407345, "MAIN_RIV": 41407423, "LENGTH_KM": 2.56, "DIST_DN_KM": 41.3, "DIST_UP_KM": 4.0, "CATCH_SKM": 5.9699998, "UPLAND_SKM": 6.0, "ENDORHEIC": 0, "DIS_AV_CMS": 0.292, "ORD_STRA": 1, "ORD_CLAS": 3, "ORD_FLOW": 7, "HYBAS_L12": 4121159150.0, "Shape_Length": 0.023064724608124972 }, "geometry": { "type": "MultiLineString", "coordinates": [ [ [ 80.229166666666373, 6.624999999999893 ], [ 80.222916666666293, 6.618749999999899 ], [ 80.222916666666293, 6.614583333333236 ], [ 80.227083333332956, 6.610416666666588 ], [ 80.227083333332956, 6.606249999999882 ] ] ] } },
{ "type": "Feature", "properties": { "HYRIV_ID": 41407313, "NEXT_DOWN": 41407345, "MAIN_RIV": 41407423, "LENGTH_KM": 7.6, "DIST_DN_KM": 41.5, "DIST_UP_KM": 57.5, "CATCH_SKM": 20.68, "UPLAND_SKM": 379.39999, "ENDORHEIC": 0, "DIS_AV_CMS": 19.098, "ORD_STRA": 3, "ORD_CLAS": 2, "ORD_FLOW": 5, "HYBAS_L12": 4121159150.0, "Shape_Length": 0.06868867239273202 }, "geometry": { "type": "MultiLineString", "coordinates": [ [ [ 80.28541666666635, 6.614583333333236 ], [ 80.281249999999687, 6.618749999999899 ], [ 80.272916666666362, 6.618749999999899 ], [ 80.268749999999699, 6.622916666666562 ], [ 80.256249999999653, 6.622916666666562 ], [ 80.247916666666328, 6.614583333333236 ], [ 80.239583333332945, 6.614583333333236 ], [ 80.235416666666282, 6.610416666666588 ], [ 80.231249999999619, 6.610416666666588 ], [ 80.227083333332956, 6.606249999999882 ] ] ] } },
{ "type": "Feature", "properties": { "HYRIV_ID": 41407314, "NEXT_DOWN": 41407275, "MAIN_RIV": 41407423, "LENGTH_KM": 1.4400001, "DIST_DN_KM": 49.3, "DIST_UP_KM": 3.5, "CATCH_SKM": 2.98, "UPLAND_SKM": 3.0, "ENDORHEIC": 0, "DIS_AV_CMS": 0.145, "ORD_STRA": 1, "ORD_CLAS": 3, "ORD_FLOW": 7, "HYBAS_L12": 4121159150.0, "Shape_Length": 0.013005501431482519 }, "geometry": { "type": "MultiLineString", "coordinates": [ [ [ 80.295833333332979, 6.604166666666551 ], [ 80.289583333333013, 6.610416666666588 ], [ 80.289583333333013, 6.614583333333236 ] ] ] } },
{ "type": "Feature", "properties": { "HYRIV_ID": 41407315, "NEXT_DOWN": 41407364, "MAIN_RIV": 41407423, "LENGTH_KM": 3.1500001, "DIST_DN_KM": 100.2, "DIST_UP_KM": 7.5, "CATCH_SKM": 9.3800001, "UPLAND_SKM": 20.5, "ENDORHEIC": 0, "DIS_AV_CMS": 0.86, "ORD_STRA": 2, "ORD_CLAS": 2, "ORD_FLOW": 7, "HYBAS_L12": 4121602270.0, "Shape_Length": 0.028451779686436678 }, "geometry": { "type": "MultiLineString", "coordinates": [ [ [ 80.602083333332956, 6.622916666666562 ], [ 80.602083333332956, 6.614583333333236 ], [ 80.597916666666293, 6.610416666666588 ], [ 80.602083333332956, 6.606249999999882 ], [ 80.610416666666282, 6.606249999999882 ] ] ] } },
{ "type": "Feature", "properties": { "HYRIV_ID": 41407316, "NEXT_DOWN": 41407364, "MAIN_RIV": 41407423, "LENGTH_KM": 2.03, "DIST_DN_KM": 100.2, "DIST_UP_KM": 16.3, "CATCH_SKM": 7.46, "UPLAND_SKM": 65.699997, "ENDORHEIC": 0, "DIS_AV_CMS": 2.675, "ORD_STRA": 2, "ORD_CLAS": 1, "ORD_FLOW": 6, "HYBAS_L12": 4121602270.0, "Shape_Length": 0.018392556509958156 }, "geometry": { "type": "MultiLineString", "coordinates": [ [ [ 80.62708333333299, 6.610416666666588 ], [ 80.618749999999608, 6.610416666666588 ], [ 80.614583333332945, 6.606249999999882 ], [ 80.610416666666282, 6.606249999999882 ] ] ] } },
{ "type": "Feature", "properties": { "HYRIV_ID": 41407317, "NEXT_DOWN": 41407316, "MAIN_RIV": 41407423, "LENGTH_KM": 0.69, "DIST_DN_KM": 102.2, "DIST_UP_KM": 3.7, "CATCH_SKM": 3.6300001, "UPLAND_SKM": 3.6, "ENDORHEIC": 0, "DIS_AV_CMS": 0.148, "ORD_STRA": 1, "ORD_CLAS": 2, "ORD_FLOW": 7, "HYBAS_L12": 4121602270.0, "Shape_Length": 0.0062500000000369482 }, "geometry": { "type": "MultiLineString", "coordinates": [ [ [ 80.62708333333299, 6.604166666666551 ], [ 80.62708333333299, 6.610416666666588 ] ] ] } },
{ "type": "Feature", "properties": { "HYRIV_ID": 41407341, "NEXT_DOWN": 41407423, "MAIN_RIV": 41407423, "LENGTH_KM": 6.1799998, "DIST_DN_KM": 2.7, "DIST_UP_KM": 8.1, "CATCH_SKM": 13.43, "UPLAND_SKM": 13.4, "ENDORHEIC": 0, "DIS_AV_CMS": 0.58, "ORD_STRA": 1, "ORD_CLAS": 2, "ORD_FLOW": 7, "HYBAS_L12": 4120049010.0, "Shape_Length": 0.055683170961113269 }, "geometry": { "type": "MultiLineString", "coordinates": [ [ [ 79.949999999999676, 6.645833333333222 ], [ 79.956249999999642, 6.639583333333228 ], [ 79.956249999999642, 6.635416666666579 ], [ 79.960416666666305, 6.631249999999874 ], [ 79.960416666666305, 6.614583333333236 ], [ 79.964583333332968, 6.610416666666588 ], [ 79.968749999999631, 6.610416666666588 ], [ 79.972916666666293, 6.606249999999882 ], [ 79.972916666666293, 6.602083333333219 ] ] ] } },
{ "type": "Feature", "properties": { "HYRIV_ID": 41407342, "NEXT_DOWN": 41407423, "MAIN_RIV": 41407423, "LENGTH_KM": 3.73, "DIST_DN_KM": 2.9, "DIST_UP_KM": 113.6, "CATCH_SKM": 9.3800001, "UPLAND_SKM": 2923.5, "ENDORHEIC": 0, "DIS_AV_CMS": 157.685, "ORD_STRA": 5, "ORD_CLAS": 1, "ORD_FLOW": 4, "HYBAS_L12": 4120049010.0, "Shape_Length": 0.033629449216138294 }, "geometry": { "type": "MultiLineString", "coordinates": [ [ [ 79.993749999999665, 6.627083333333211 ], [ 79.977083333332956, 6.610416666666588 ], [ 79.977083333332956, 6.606249999999882 ], [ 79.972916666666293, 6.602083333333219 ] ] ] } },
{ "type": "Feature", "properties": { "HYRIV_ID": 41407343, "NEXT_DOWN": 41407231, "MAIN_RIV": 41407423, "LENGTH_KM": 2.51, "DIST_DN_KM": 14.8, "DIST_UP_KM": 13.7, "CATCH_SKM": 4.48, "UPLAND_SKM": 50.099998, "ENDORHEIC": 0, "DIS_AV_CMS": 2.362, "ORD_STRA": 2, "ORD_CLAS": 2, "ORD_FLOW": 6, "HYBAS_L12": 4121159120.0, "Shape_Length": 0.022559223176429395 }, "geometry": { "type": "MultiLineString", "coordinates": [ [ [ 80.056249999999778, 6.602083333333219 ], [ 80.056249999999778, 6.606249999999882 ], [ 80.060416666666271, 6.610416666666588 ], [ 80.060416666666271, 6.622916666666562 ] ] ] } },
{ "type": "Feature", "properties": { "HYRIV_ID": 41407344, "NEXT_DOWN": 41407232, "MAIN_RIV": 41407423, "LENGTH_KM": 3.21, "DIST_DN_KM": 18.1, "DIST_UP_KM": 4.7, "CATCH_SKM": 6.1799998, "UPLAND_SKM": 6.2, "ENDORHEIC": 0, "DIS_AV_CMS": 0.292, "ORD_STRA": 1, "ORD_CLAS": 3, "ORD_FLOW": 7, "HYBAS_L12": 4121159120.0, "Shape_Length": 0.02895728111791291 }, "geometry": { "type": "MultiLineString", "coordinates": [ [ [ 80.099999999999596, 6.6 ], [ 80.093749999999631, 6.606249999999882 ], [ 80.093749999999631, 6.614583333333236 ], [ 80.085416666666305, 6.622916666666562 ] ] ] } },
{ "type": "Feature", "properties": { "HYRIV_ID": 41407345, "NEXT_DOWN": 41407362, "MAIN_RIV": 41407423, "LENGTH_KM": 0.46, "DIST_DN_KM": 40.8, "DIST_UP_KM": 58.099998, "CATCH_SKM": 0.64, "UPLAND_SKM": 386.0, "ENDORHEIC": 0, "DIS_AV_CMS": 19.452, "ORD_STRA": 3, "ORD_CLAS": 2, "ORD_FLOW": 5, "HYBAS_L12": 4121159150.0, "Shape_Length": 0.0041666666666628771 }, "geometry": { "type": "MultiLineString", "coordinates": [ [ [ 80.227083333332956, 6.606249999999882 ], [ 80.227083333332956, 6.602083333333219 ] ] ] } },
{ "type": "Feature", "properties": { "HYRIV_ID": 41407346, "NEXT_DOWN": 41407066, "MAIN_RIV": 41407423, "LENGTH_KM": 9.1099997, "DIST_DN_KM": 73.800003, "DIST_UP_KM": 42.700001, "CATCH_SKM": 33.689999, "UPLAND_SKM": 255.2, "ENDORHEIC": 0, "DIS_AV_CMS": 11.471, "ORD_STRA": 3, "ORD_CLAS": 1, "ORD_FLOW": 5, "HYBAS_L12": 4121158960.0, "Shape_Length": 0.082199675255677576 }, "geometry": { "type": "MultiLineString", "coordinates": [ [ [ 80.485416666666282, 6.602083333333219 ], [ 80.477083333332956, 6.610416666666588 ], [ 80.472916666666293, 6.610416666666588 ], [ 80.468749999999631, 6.614583333333236 ], [ 80.460416666666305, 6.614583333333236 ], [ 80.456249999999642, 6.618749999999899 ], [ 80.456249999999642, 6.627083333333211 ], [ 80.439583333333047, 6.643749999999891 ], [ 80.439583333333047, 6.652083333333245 ], [ 80.435416666666271, 6.65625 ] ] ] } },
{ "type": "Feature", "properties": { "HYRIV_ID": 41407347, "NEXT_DOWN": 41407346, "MAIN_RIV": 41407423, "LENGTH_KM": 0.98, "DIST_DN_KM": 82.900002, "DIST_UP_KM": 2.2, "CATCH_SKM": 2.56, "UPLAND_SKM": 2.6, "ENDORHEIC": 0, "DIS_AV_CMS": 0.114, "ORD_STRA": 1, "ORD_CLAS": 3, "ORD_FLOW": 7, "HYBAS_L12": 4121158960.0, "Shape_Length": 0.0088388347648840973 }, "geometry": { "type": "MultiLineString", "coordinates": [ [ [ 80.491666666666362, 6.608333333333213 ], [ 80.485416666666282, 6.602083333333219 ] ] ] } },
{ "type": "Feature", "properties": { "HYRIV_ID": 41407360, "NEXT_DOWN": 41407342, "MAIN_RIV": 41407423, "LENGTH_KM": 3.81, "DIST_DN_KM": 6.7, "DIST_UP_KM": 7.8, "CATCH_SKM": 8.96, "UPLAND_SKM": 17.700001, "ENDORHEIC": 0, "DIS_AV_CMS": 0.79500002, "ORD_STRA": 2, "ORD_CLAS": 3, "ORD_FLOW": 7, "HYBAS_L12": 4120049010.0, "Shape_Length": 0.034344336196335146 }, "geometry": { "type": "MultiLineString", "coordinates": [ [ [ 80.00624999999971, 6.597916666666571 ], [ 80.00208333333299, 6.602083333333219 ], [ 80.00208333333299, 6.606249999999882 ], [ 79.997916666666328, 6.610416666666588 ], [ 79.997916666666328, 6.622916666666562 ], [ 79.993749999999665, 6.627083333333211 ] ] ] } },
{ "type": "Feature", "properties": { "HYRIV_ID": 41407361, "NEXT_DOWN": 41407234, "MAIN_RIV": 41407423, "LENGTH_KM": 4.3800001, "DIST_DN_KM": 35.0, "DIST_UP_KM": 63.900002, "CATCH_SKM": 9.8100004, "UPLAND_SKM": 698.5, "ENDORHEIC": 0, "DIS_AV_CMS": 36.058998, "ORD_STRA": 4, "ORD_CLAS": 2, "ORD_FLOW": 5, "HYBAS_L12": 4121159050.0, "Shape_Length": 0.039522005725877711 }, "geometry": { "type": "MultiLineString", "coordinates": [ [ [ 80.214583333332968, 6.597916666666571 ], [ 80.210416666666305, 6.602083333333219 ], [ 80.210416666666305, 6.606249999999882 ], [ 80.189583333333104, 6.627083333333211 ] ] ] } },
{ "type": "Feature", "properties": { "HYRIV_ID": 41407362, "NEXT_DOWN": 41407361, "MAIN_RIV": 41407423, "LENGTH_KM": 1.5700001, "DIST_DN_KM": 39.200001, "DIST_UP_KM": 59.700001, "CATCH_SKM": 2.35, "UPLAND_SKM": 478.0, "ENDORHEIC": 0, "DIS_AV_CMS": 24.159, "ORD_STRA": 3, "ORD_CLAS": 2, "ORD_FLOW": 5, "HYBAS_L12": 4121159150.0, "Shape_Length": 0.014225889843198242 }, "geometry": { "type": "MultiLineString", "coordinates": [ [ [ 80.227083333332956, 6.602083333333219 ], [ 80.222916666666293, 6.597916666666571 ], [ 80.214583333332968, 6.597916666666571 ] ] ] } },
{ "type": "Feature", "properties": { "HYRIV_ID": 41407363, "NEXT_DOWN": 41407121, "MAIN_RIV": 41407423, "LENGTH_KM": 8.37, "DIST_DN_KM": 69.0, "DIST_UP_KM": 39.700001, "CATCH_SKM": 27.290001, "UPLAND_SKM": 150.10001, "ENDORHEIC": 0, "DIS_AV_CMS": 6.9489999, "ORD_STRA": 2, "ORD_CLAS": 2, "ORD_FLOW": 6, "HYBAS_L12": 4121158940.0, "Shape_Length": 0.075592231765539891 }, "geometry": { "type": "MultiLineString", "coordinates": [ [ [ 80.439583333333047, 6.597916666666571 ], [ 80.431249999999608, 6.606249999999882 ], [ 80.427083333333059, 6.606249999999882 ], [ 80.422916666666396, 6.610416666666588 ], [ 80.422916666666396, 6.614583333333236 ], [ 80.418749999999676, 6.618749999999899 ], [ 80.41041666666635, 6.618749999999899 ], [ 80.385416666666316, 6.643749999999891 ] ] ] } },
{ "type": "Feature", "properties": { "HYRIV_ID": 41407364, "NEXT_DOWN": 41407453, "MAIN_RIV": 41407423, "LENGTH_KM": 1.12, "DIST_DN_KM": 99.300003, "DIST_UP_KM": 17.200001, "CATCH_SKM": 0.85, "UPLAND_SKM": 87.0, "ENDORHEIC": 0, "DIS_AV_CMS": 3.582, "ORD_STRA": 3, "ORD_CLAS": 1, "ORD_FLOW": 6, "HYBAS_L12": 4121602270.0, "Shape_Length": 0.010059223176535365 }, "geometry": { "type": "MultiLineString", "coordinates": [ [ [ 80.610416666666282, 6.606249999999882 ], [ 80.610416666666282, 6.602083333333219 ], [ 80.606249999999619, 6.597916666666571 ] ] ] } },
{ "type": "Feature", "properties": { "HYRIV_ID": 41407365, "NEXT_DOWN": 41407295, "MAIN_RIV": 41407423, "LENGTH_KM": 3.6700001, "DIST_DN_KM": 104.3, "DIST_UP_KM": 5.6, "CATCH_SKM": 10.88, "UPLAND_SKM": 10.9, "ENDORHEIC": 0, "DIS_AV_CMS": 0.435, "ORD_STRA": 1, "ORD_CLAS": 2, "ORD_FLOW": 7, "HYBAS_L12": 4121602270.0, "Shape_Length": 0.033123947784594161 }, "geometry": { "type": "MultiLineString", "coordinates": [ [ [ 80.670833333332922, 6.595833333333239 ], [ 80.664583333333013, 6.602083333333219 ], [ 80.656249999999631, 6.602083333333219 ], [ 80.652083333332968, 6.606249999999882 ], [ 80.647916666666305, 6.606249999999882 ], [ 80.643749999999642, 6.610416666666588 ] ] ] } },
{ "type": "Feature", "properties": { "HYRIV_ID": 41407381, "NEXT_DOWN": 41407343, "MAIN_RIV": 41407423, "LENGTH_KM": 1.9, "DIST_DN_KM": 17.3, "DIST_UP_KM": 3.3, "CATCH_SKM": 4.48, "UPLAND_SKM": 4.5, "ENDORHEIC": 0, "DIS_AV_CMS": 0.20900001, "ORD_STRA": 1, "ORD_CLAS": 3, "ORD_FLOW": 7, "HYBAS_L12": 4121159120.0, "Shape_Length": 0.01717216809802511 }, "geometry": { "type": "MultiLineString", "coordinates": [ [ [ 80.06666666666635, 6.591666666666576 ], [ 80.060416666666271, 6.597916666666571 ], [ 80.056249999999778, 6.597916666666571 ], [ 80.056249999999778, 6.602083333333219 ] ] ] } },
{ "type": "Feature", "properties": { "HYRIV_ID": 41407382, "NEXT_DOWN": 41407186, "MAIN_RIV": 41407423, "LENGTH_KM": 4.9299998, "DIST_DN_KM": 26.6, "DIST_UP_KM": 19.1, "CATCH_SKM": 9.6, "UPLAND_SKM": 97.900002, "ENDORHEIC": 0, "DIS_AV_CMS": 4.8779998, "ORD_STRA": 2, "ORD_CLAS": 3, "ORD_FLOW": 6, "HYBAS_L12": 4121159050.0, "Shape_Length": 0.044403559372880569 }, "geometry": { "type": "MultiLineString", "coordinates": [ [ [ 80.143749999999699, 6.59375 ], [ 80.143749999999699, 6.597916666666571 ], [ 80.139583333333036, 6.602083333333219 ], [ 80.139583333333036, 6.606249999999882 ], [ 80.135416666666373, 6.610416666666588 ], [ 80.135416666666373, 6.614583333333236 ], [ 80.131249999999653, 6.618749999999899 ], [ 80.131249999999653, 6.622916666666562 ], [ 80.12708333333299, 6.627083333333211 ], [ 80.12708333333299, 6.631249999999874 ] ] ] } },
{ "type": "Feature", "properties": { "HYRIV_ID": 41407383, "NEXT_DOWN": 41407233, "MAIN_RIV": 41407423, "LENGTH_KM": 3.85, "DIST_DN_KM": 33.3, "DIST_UP_KM": 5.2, "CATCH_SKM": 8.5299997, "UPLAND_SKM": 8.5, "ENDORHEIC": 0, "DIS_AV_CMS": 0.41600001, "ORD_STRA": 1, "ORD_CLAS": 3, "ORD_FLOW": 7, "HYBAS_L12": 4121159050.0, "Shape_Length": 0.034701779686416787 }, "geometry": { "type": "MultiLineString", "coordinates": [ [ [ 80.185416666666271, 6.591666666666576 ], [ 80.185416666666271, 6.606249999999882 ], [ 80.177083333332945, 6.614583333333236 ], [ 80.177083333332945, 6.622916666666562 ] ] ] } },
{ "type": "Feature", "properties": { "HYRIV_ID": 41407384, "NEXT_DOWN": 41407362, "MAIN_RIV": 41407423, "LENGTH_KM": 1.31, "DIST_DN_KM": 41.0, "DIST_UP_KM": 20.1, "CATCH_SKM": 3.4100001, "UPLAND_SKM": 89.599998, "ENDORHEIC": 0, "DIS_AV_CMS": 4.474, "ORD_STRA": 2, "ORD_CLAS": 3, "ORD_FLOW": 6, "HYBAS_L12": 4121159150.0, "Shape_Length": 0.011785113019755026 }, "geometry": { "type": "MultiLineString", "coordinates": [ [ [ 80.235416666666282, 6.59375 ], [ 80.227083333332956, 6.602083333333219 ] ] ] } },
{ "type": "Feature", "properties": { "HYRIV_ID": 41407385, "NEXT_DOWN": 41407384, "MAIN_RIV": 41407423, "LENGTH_KM": 2.07, "DIST_DN_KM": 42.099998, "DIST_UP_KM": 4.0, "CATCH_SKM": 3.84, "UPLAND_SKM": 3.8, "ENDORHEIC": 0, "DIS_AV_CMS": 0.188, "ORD_STRA": 1, "ORD_CLAS": 4, "ORD_FLOW": 7, "HYBAS_L12": 4121159150.0, "Shape_Length": 0.018750000000011369 }, "geometry": { "type": "MultiLineString", "coordinates": [ [ [ 80.254166666666293, 6.59375 ], [ 80.235416666666282, 6.59375 ] ] ] } },
{ "type": "Feature", "properties": { "HYRIV_ID": 41407386, "NEXT_DOWN": 41407363, "MAIN_RIV": 41407423, "LENGTH_KM": 0.69, "DIST_DN_KM": 77.199997, "DIST_UP_KM": 2.7, "CATCH_SKM": 2.98, "UPLAND_SKM": 3.0, "ENDORHEIC": 0, "DIS_AV_CMS": 0.138, "ORD_STRA": 1, "ORD_CLAS": 3, "ORD_FLOW": 7, "HYBAS_L12": 4121602210.0, "Shape_Length": 0.0062499999999943157 }, "geometry": { "type": "MultiLineString", "coordinates": [ [ [ 80.439583333333047, 6.591666666666576 ], [ 80.439583333333047, 6.597916666666571 ] ] ] } },
{ "type": "Feature", "properties": { "HYRIV_ID": 41407387, "NEXT_DOWN": 41407363, "MAIN_RIV": 41407423, "LENGTH_KM": 0.65, "DIST_DN_KM": 77.400002, "DIST_UP_KM": 31.3, "CATCH_SKM": 0.43, "UPLAND_SKM": 119.9, "ENDORHEIC": 0, "DIS_AV_CMS": 5.3909998, "ORD_STRA": 2, "ORD_CLAS": 2, "ORD_FLOW": 6, "HYBAS_L12": 4121602210.0, "Shape_Length": 0.0058925565098021477 }, "geometry": { "type": "MultiLineString", "coordinates": [ [ [ 80.443749999999596, 6.59375 ], [ 80.439583333333047, 6.597916666666571 ] ] ] } },
{ "type": "Feature", "properties": { "HYRIV_ID": 41407388, "NEXT_DOWN": 41407387, "MAIN_RIV": 41407423, "LENGTH_KM": 1.61, "DIST_DN_KM": 77.800003, "DIST_UP_KM": 3.2, "CATCH_SKM": 4.6900001, "UPLAND_SKM": 4.7, "ENDORHEIC": 0, "DIS_AV_CMS": 0.214, "ORD_STRA": 1, "ORD_CLAS": 3, "ORD_FLOW": 7, "HYBAS_L12": 4121602210.0, "Shape_Length": 0.014583333333405335 }, "geometry": { "type": "MultiLineString", "coordinates": [ [ [ 80.458333333333002, 6.59375 ], [ 80.443749999999596, 6.59375 ] ] ] } },
{ "type": "Feature", "properties": { "HYRIV_ID": 41407403, "NEXT_DOWN": 41407360, "MAIN_RIV": 41407423, "LENGTH_KM": 1.63, "DIST_DN_KM": 10.5, "DIST_UP_KM": 4.0, "CATCH_SKM": 4.2600002, "UPLAND_SKM": 4.3, "ENDORHEIC": 0, "DIS_AV_CMS": 0.19, "ORD_STRA": 1, "ORD_CLAS": 3, "ORD_FLOW": 7, "HYBAS_L12": 4120049010.0, "Shape_Length": 0.014731391274796779 }, "geometry": { "type": "MultiLineString", "coordinates": [ [ [ 79.995833333332968, 6.587499999999871 ], [ 80.00624999999971, 6.597916666666571 ] ] ] } },
{ "type": "Feature", "properties": { "HYRIV_ID": 41407404, "NEXT_DOWN": 41407360, "MAIN_RIV": 41407423, "LENGTH_KM": 1.4400001, "DIST_DN_KM": 10.3, "DIST_UP_KM": 2.9, "CATCH_SKM": 4.48, "UPLAND_SKM": 4.5, "ENDORHEIC": 0, "DIS_AV_CMS": 0.20200001, "ORD_STRA": 1, "ORD_CLAS": 4, "ORD_FLOW": 7, "HYBAS_L12": 4120049010.0, "Shape_Length": 0.013005501431456536 }, "geometry": { "type": "MultiLineString", "coordinates": [ [ [ 80.012499999999619, 6.587499999999871 ], [ 80.00624999999971, 6.59375 ], [ 80.00624999999971, 6.597916666666571 ] ] ] } },
{ "type": "Feature", "properties": { "HYRIV_ID": 41407405, "NEXT_DOWN": 41407382, "MAIN_RIV": 41407423, "LENGTH_KM": 1.11, "DIST_DN_KM": 31.700001, "DIST_UP_KM": 13.9, "CATCH_SKM": 1.28, "UPLAND_SKM": 80.0, "ENDORHEIC": 0, "DIS_AV_CMS": 3.95, "ORD_STRA": 2, "ORD_CLAS": 3, "ORD_FLOW": 6, "HYBAS_L12": 4121159050.0, "Shape_Length": 0.010059223176575559 }, "geometry": { "type": "MultiLineString", "coordinates": [ [ [ 80.152083333333024, 6.589583333333202 ], [ 80.147916666666362, 6.589583333333202 ], [ 80.143749999999699, 6.59375 ] ] ] } },
{ "type": "Feature", "properties": { "HYRIV_ID": 41407423, "NEXT_DOWN": 0, "MAIN_RIV": 41407423, "LENGTH_KM": 2.61, "DIST_DN_KM": 0.0, "DIST_UP_KM": 116.2, "CATCH_SKM": 5.12, "UPLAND_SKM": 2941.8, "ENDORHEIC": 0, "DIS_AV_CMS": 158.48, "ORD_STRA": 5, "ORD_CLAS": 1, "ORD_FLOW": 4, "HYBAS_L12": 4120049010.0, "Shape_Length": 0.023570226039510051 }, "geometry": { "type": "MultiLineString", "coordinates": [ [ [ 79.972916666666293, 6.602083333333219 ], [ 79.956249999999642, 6.585416666666596 ] ] ] } },
{ "type": "Feature", "properties": { "HYRIV_ID": 41407446, "NEXT_DOWN": 41407343, "MAIN_RIV": 41407423, "LENGTH_KM": 3.08, "DIST_DN_KM": 17.5, "DIST_UP_KM": 11.0, "CATCH_SKM": 7.04, "UPLAND_SKM": 41.200001, "ENDORHEIC": 0, "DIS_AV_CMS": 1.927, "ORD_STRA": 2, "ORD_CLAS": 2, "ORD_FLOW": 6, "HYBAS_L12": 4121159120.0, "Shape_Length": 0.027736892706323655 }, "geometry": { "type": "MultiLineString", "coordinates": [ [ [ 80.039583333332956, 6.581249999999891 ], [ 80.052083333332945, 6.59375 ], [ 80.052083333332945, 6.597916666666571 ], [ 80.056249999999778, 6.602083333333219 ] ] ] } },
{ "type": "Feature", "properties": { "HYRIV_ID": 41407447, "NEXT_DOWN": 41407382, "MAIN_RIV": 41407423, "LENGTH_KM": 3.21, "DIST_DN_KM": 31.5, "DIST_UP_KM": 5.1, "CATCH_SKM": 8.3199997, "UPLAND_SKM": 8.3, "ENDORHEIC": 0, "DIS_AV_CMS": 0.398, "ORD_STRA": 1, "ORD_CLAS": 4, "ORD_FLOW": 7, "HYBAS_L12": 4121159050.0, "Shape_Length": 0.028957281118011671 }, "geometry": { "type": "MultiLineString", "coordinates": [ [ [ 80.120833333332968, 6.579166666666559 ], [ 80.131249999999653, 6.589583333333202 ], [ 80.135416666666373, 6.589583333333202 ], [ 80.139583333333036, 6.59375 ], [ 80.143749999999699, 6.59375 ] ] ] } },
{ "type": "Feature", "properties": { "HYRIV_ID": 41407448, "NEXT_DOWN": 41407384, "MAIN_RIV": 41407423, "LENGTH_KM": 1.96, "DIST_DN_KM": 42.3, "DIST_UP_KM": 18.8, "CATCH_SKM": 4.0500002, "UPLAND_SKM": 82.300003, "ENDORHEIC": 0, "DIS_AV_CMS": 4.1040001, "ORD_STRA": 2, "ORD_CLAS": 3, "ORD_FLOW": 6, "HYBAS_L12": 4121159150.0, "Shape_Length": 0.017677669529707903 }, "geometry": { "type": "MultiLineString", "coordinates": [ [ [ 80.247916666666328, 6.581249999999891 ], [ 80.235416666666282, 6.59375 ] ] ] } },
{ "type": "Feature", "properties": { "HYRIV_ID": 41407449, "NEXT_DOWN": 41407448, "MAIN_RIV": 41407423, "LENGTH_KM": 2.75, "DIST_DN_KM": 44.3, "DIST_UP_KM": 3.8, "CATCH_SKM": 3.6300001, "UPLAND_SKM": 3.6, "ENDORHEIC": 0, "DIS_AV_CMS": 0.177, "ORD_STRA": 1, "ORD_CLAS": 4, "ORD_FLOW": 7, "HYBAS_L12": 4121159150.0, "Shape_Length": 0.024790614451372338 }, "geometry": { "type": "MultiLineString", "coordinates": [ [ [ 80.266666666666453, 6.595833333333239 ], [ 80.256249999999653, 6.585416666666596 ], [ 80.25208333333299, 6.585416666666596 ], [ 80.247916666666328, 6.581249999999891 ] ] ] } },
{ "type": "Feature", "properties": { "HYRIV_ID": 41407450, "NEXT_DOWN": 41407141, "MAIN_RIV": 41407423, "LENGTH_KM": 8.8400002, "DIST_DN_KM": 63.599998, "DIST_UP_KM": 12.4, "CATCH_SKM": 27.51, "UPLAND_SKM": 36.3, "ENDORHEIC": 0, "DIS_AV_CMS": 1.765, "ORD_STRA": 2, "ORD_CLAS": 2, "ORD_FLOW": 6, "HYBAS_L12": 4121602140.0, "Shape_Length": 0.079758898432143913 }, "geometry": { "type": "MultiLineString", "coordinates": [ [ [ 80.360416666666282, 6.581249999999891 ], [ 80.356249999999619, 6.581249999999891 ], [ 80.343749999999631, 6.59375 ], [ 80.343749999999631, 6.597916666666571 ], [ 80.318749999999596, 6.622916666666562 ], [ 80.318749999999596, 6.627083333333211 ], [ 80.314583333333047, 6.631249999999874 ], [ 80.314583333333047, 6.639583333333228 ] ] ] } },
{ "type": "Feature", "properties": { "HYRIV_ID": 41407451, "NEXT_DOWN": 41407450, "MAIN_RIV": 41407423, "LENGTH_KM": 0.69, "DIST_DN_KM": 72.400002, "DIST_UP_KM": 2.5, "CATCH_SKM": 3.6300001, "UPLAND_SKM": 3.6, "ENDORHEIC": 0, "DIS_AV_CMS": 0.17200001, "ORD_STRA": 1, "ORD_CLAS": 3, "ORD_FLOW": 7, "HYBAS_L12": 4121602140.0, "Shape_Length": 0.0062500000000795808 }, "geometry": { "type": "MultiLineString", "coordinates": [ [ [ 80.366666666666362, 6.581249999999891 ], [ 80.360416666666282, 6.581249999999891 ] ] ] } },
{ "type": "Feature", "properties": { "HYRIV_ID": 41407452, "NEXT_DOWN": 41407475, "MAIN_RIV": 41407423, "LENGTH_KM": 5.3400002, "DIST_DN_KM": 92.800003, "DIST_UP_KM": 7.9, "CATCH_SKM": 12.79, "UPLAND_SKM": 12.8, "ENDORHEIC": 0, "DIS_AV_CMS": 0.55299997, "ORD_STRA": 1, "ORD_CLAS": 2, "ORD_FLOW": 7, "HYBAS_L12": 4121158960.0, "Shape_Length": 0.048212782549484343 }, "geometry": { "type": "MultiLineString", "coordinates": [ [ [ 80.541666666666316, 6.59375 ], [ 80.547916666666339, 6.59375 ], [ 80.552083333333059, 6.597916666666571 ], [ 80.556249999999721, 6.597916666666571 ], [ 80.560416666666271, 6.59375 ], [ 80.564583333333047, 6.59375 ], [ 80.572916666666373, 6.585416666666596 ], [ 80.568749999999596, 6.581249999999891 ], [ 80.564583333333047, 6.581249999999891 ] ] ] } },
{ "type": "Feature", "properties": { "HYRIV_ID": 41407453, "NEXT_DOWN": 41407477, "MAIN_RIV": 41407423, "LENGTH_KM": 3.61, "DIST_DN_KM": 95.5, "DIST_UP_KM": 21.0, "CATCH_SKM": 8.1, "UPLAND_SKM": 115.6, "ENDORHEIC": 0, "DIS_AV_CMS": 4.809, "ORD_STRA": 3, "ORD_CLAS": 1, "ORD_FLOW": 6, "HYBAS_L12": 4121602270.0, "Shape_Length": 0.032618446353112042 }, "geometry": { "type": "MultiLineString", "coordinates": [ [ [ 80.606249999999619, 6.597916666666571 ], [ 80.606249999999619, 6.589583333333202 ], [ 80.597916666666293, 6.581249999999891 ], [ 80.585416666666305, 6.581249999999891 ] ] ] } },
{ "type": "Feature", "properties": { "HYRIV_ID": 41407470, "NEXT_DOWN": 41407446, "MAIN_RIV": 41407423, "LENGTH_KM": 1.4400001, "DIST_DN_KM": 20.4, "DIST_UP_KM": 2.7, "CATCH_SKM": 3.4100001, "UPLAND_SKM": 3.4, "ENDORHEIC": 0, "DIS_AV_CMS": 0.155, "ORD_STRA": 1, "ORD_CLAS": 3, "ORD_FLOW": 7, "HYBAS_L12": 4121159120.0, "Shape_Length": 0.013005501431473481 }, "geometry": { "type": "MultiLineString", "coordinates": [ [ [ 80.029166666666271, 6.574999999999896 ], [ 80.035416666666407, 6.581249999999891 ], [ 80.039583333332956, 6.581249999999891 ] ] ] } },
{ "type": "Feature", "properties": { "HYRIV_ID": 41407471, "NEXT_DOWN": 41407472, "MAIN_RIV": 41407423, "LENGTH_KM": 0.69, "DIST_DN_KM": 34.0, "DIST_UP_KM": 3.1, "CATCH_SKM": 3.4100001, "UPLAND_SKM": 3.4, "ENDORHEIC": 0, "DIS_AV_CMS": 0.164, "ORD_STRA": 1, "ORD_CLAS": 4, "ORD_FLOW": 7, "HYBAS_L12": 4121159050.0, "Shape_Length": 0.0062500000000795808 }, "geometry": { "type": "MultiLineString", "coordinates": [ [ [ 80.145833333332945, 6.577083333333228 ], [ 80.152083333333024, 6.577083333333228 ] ] ] } },
{ "type": "Feature", "properties": { "HYRIV_ID": 41407472, "NEXT_DOWN": 41407405, "MAIN_RIV": 41407423, "LENGTH_KM": 1.39, "DIST_DN_KM": 32.599998, "DIST_UP_KM": 13.0, "CATCH_SKM": 1.92, "UPLAND_SKM": 58.200001, "ENDORHEIC": 0, "DIS_AV_CMS": 2.869, "ORD_STRA": 2, "ORD_CLAS": 3, "ORD_FLOW": 6, "HYBAS_L12": 4121159050.0, "Shape_Length": 0.01249999999997442 }, "geometry": { "type": "MultiLineString", "coordinates": [ [ [ 80.152083333333024, 6.577083333333228 ], [ 80.152083333333024, 6.589583333333202 ] ] ] } },
{ "type": "Feature", "properties": { "HYRIV_ID": 41407473, "NEXT_DOWN": 41407387, "MAIN_RIV": 41407423, "LENGTH_KM": 4.2600002, "DIST_DN_KM": 78.0, "DIST_UP_KM": 30.6, "CATCH_SKM": 11.52, "UPLAND_SKM": 114.7, "ENDORHEIC": 0, "DIS_AV_CMS": 5.1479998, "ORD_STRA": 2, "ORD_CLAS": 2, "ORD_FLOW": 6, "HYBAS_L12": 4121602210.0, "Shape_Length": 0.038511002863005635 }, "geometry": { "type": "MultiLineString", "coordinates": [ [ [ 80.472916666666293, 6.577083333333228 ], [ 80.456249999999642, 6.577083333333228 ], [ 80.44791666666643, 6.585416666666596 ], [ 80.44791666666643, 6.589583333333202 ], [ 80.443749999999596, 6.59375 ] ] ] } },
{ "type": "Feature", "properties": { "HYRIV_ID": 41407474, "NEXT_DOWN": 41407346, "MAIN_RIV": 41407423, "LENGTH_KM": 6.2199998, "DIST_DN_KM": 82.900002, "DIST_UP_KM": 33.599998, "CATCH_SKM": 18.98, "UPLAND_SKM": 219.0, "ENDORHEIC": 0, "DIS_AV_CMS": 9.5419998, "ORD_STRA": 3, "ORD_CLAS": 1, "ORD_FLOW": 6, "HYBAS_L12": 4121158960.0, "Shape_Length": 0.056188672392700048 }, "geometry": { "type": "MultiLineString", "coordinates": [ [ [ 80.531249999999687, 6.577083333333228 ], [ 80.522916666666305, 6.577083333333228 ], [ 80.518749999999642, 6.581249999999891 ], [ 80.514583333332979, 6.581249999999891 ], [ 80.506249999999653, 6.589583333333202 ], [ 80.50208333333299, 6.589583333333202 ], [ 80.497916666666271, 6.59375 ], [ 80.493749999999665, 6.59375 ], [ 80.485416666666282, 6.602083333333219 ] ] ] } },
{ "type": "Feature", "properties": { "HYRIV_ID": 41407475, "NEXT_DOWN": 41407474, "MAIN_RIV": 41407423, "LENGTH_KM": 3.8800001, "DIST_DN_KM": 88.900002, "DIST_UP_KM": 27.6, "CATCH_SKM": 9.8100004, "UPLAND_SKM": 194.7, "ENDORHEIC": 0, "DIS_AV_CMS": 8.3109999, "ORD_STRA": 3, "ORD_CLAS": 1, "ORD_FLOW": 6, "HYBAS_L12": 4121158960.0, "Shape_Length": 0.035059223176579515 }, "geometry": { "type": "MultiLineString", "coordinates": [ [ [ 80.564583333333047, 6.581249999999891 ], [ 80.556249999999721, 6.581249999999891 ], [ 80.552083333333059, 6.577083333333228 ], [ 80.531249999999687, 6.577083333333228 ] ] ] } },
{ "type": "Feature", "properties": { "HYRIV_ID": 41407476, "NEXT_DOWN": 41407475, "MAIN_RIV": 41407423, "LENGTH_KM": 1.11, "DIST_DN_KM": 93.0, "DIST_UP_KM": 23.5, "CATCH_SKM": 1.28, "UPLAND_SKM": 172.10001, "ENDORHEIC": 0, "DIS_AV_CMS": 7.2319999, "ORD_STRA": 3, "ORD_CLAS": 1, "ORD_FLOW": 6, "HYBAS_L12": 4121158960.0, "Shape_Length": 0.010059223176578713 }, "geometry": { "type": "MultiLineString", "coordinates": [ [ [ 80.572916666666373, 6.577083333333228 ], [ 80.568749999999596, 6.577083333333228 ], [ 80.564583333333047, 6.581249999999891 ] ] ] } },
{ "type": "Feature", "properties": { "HYRIV_ID": 41407477, "NEXT_DOWN": 41407476, "MAIN_RIV": 41407423, "LENGTH_KM": 1.5700001, "DIST_DN_KM": 93.900002, "DIST_UP_KM": 22.6, "CATCH_SKM": 2.56, "UPLAND_SKM": 137.5, "ENDORHEIC": 0, "DIS_AV_CMS": 5.7490001, "ORD_STRA": 3, "ORD_CLAS": 1, "ORD_FLOW": 6, "HYBAS_L12": 4121602270.0, "Shape_Length": 0.0142258898431015 }, "geometry": { "type": "MultiLineString", "coordinates": [ [ [ 80.585416666666305, 6.581249999999891 ], [ 80.581249999999756, 6.581249999999891 ], [ 80.577083333332922, 6.577083333333228 ], [ 80.572916666666373, 6.577083333333228 ] ] ] } },
{ "type": "Feature", "properties": { "HYRIV_ID": 41407478, "NEXT_DOWN": 41407453, "MAIN_RIV": 41407423, "LENGTH_KM": 7.37, "DIST_DN_KM": 99.099998, "DIST_UP_KM": 9.3, "CATCH_SKM": 20.469999, "UPLAND_SKM": 20.5, "ENDORHEIC": 0, "DIS_AV_CMS": 0.838, "ORD_STRA": 1, "ORD_CLAS": 2, "ORD_FLOW": 7, "HYBAS_L12": 4121602270.0, "Shape_Length": 0.066605339059481683 }, "geometry": { "type": "MultiLineString", "coordinates": [ [ [ 80.658333333333104, 6.577083333333228 ], [ 80.652083333332968, 6.577083333333228 ], [ 80.647916666666305, 6.581249999999891 ], [ 80.639583333332979, 6.581249999999891 ], [ 80.635416666666316, 6.577083333333228 ], [ 80.631249999999653, 6.577083333333228 ], [ 80.618749999999608, 6.589583333333202 ], [ 80.614583333332945, 6.589583333333202 ], [ 80.614583333332945, 6.59375 ], [ 80.610416666666282, 6.597916666666571 ], [ 80.606249999999619, 6.597916666666571 ] ] ] } },
{ "type": "Feature", "properties": { "HYRIV_ID": 41407493, "NEXT_DOWN": 41407473, "MAIN_RIV": 41407423, "LENGTH_KM": 0.69, "DIST_DN_KM": 82.099998, "DIST_UP_KM": 3.3, "CATCH_SKM": 2.99, "UPLAND_SKM": 3.0, "ENDORHEIC": 0, "DIS_AV_CMS": 0.13500001, "ORD_STRA": 1, "ORD_CLAS": 3, "ORD_FLOW": 7, "HYBAS_L12": 4121602210.0, "Shape_Length": 0.0062499999999801048 }, "geometry": { "type": "MultiLineString", "coordinates": [ [ [ 80.472916666666293, 6.570833333333248 ], [ 80.472916666666293, 6.577083333333228 ] ] ] } },
{ "type": "Feature", "properties": { "HYRIV_ID": 41407494, "NEXT_DOWN": 41407473, "MAIN_RIV": 41407423, "LENGTH_KM": 1.5700001, "DIST_DN_KM": 82.099998, "DIST_UP_KM": 26.6, "CATCH_SKM": 2.56, "UPLAND_SKM": 100.2, "ENDORHEIC": 0, "DIS_AV_CMS": 4.4239998, "ORD_STRA": 2, "ORD_CLAS": 2, "ORD_FLOW": 6, "HYBAS_L12": 4121602210.0, "Shape_Length": 0.014225889843198242 }, "geometry": { "type": "MultiLineString", "coordinates": [ [ [ 80.485416666666282, 6.572916666666579 ], [ 80.481249999999619, 6.577083333333228 ], [ 80.472916666666293, 6.577083333333228 ] ] ] } },
{ "type": "Feature", "properties": { "HYRIV_ID": 41407495, "NEXT_DOWN": 41407494, "MAIN_RIV": 41407423, "LENGTH_KM": 2.07, "DIST_DN_KM": 83.699997, "DIST_UP_KM": 4.1, "CATCH_SKM": 4.2600002, "UPLAND_SKM": 4.3, "ENDORHEIC": 0, "DIS_AV_CMS": 0.189, "ORD_STRA": 1, "ORD_CLAS": 3, "ORD_FLOW": 7, "HYBAS_L12": 4121602210.0, "Shape_Length": 0.018750000000125056 }, "geometry": { "type": "MultiLineString", "coordinates": [ [ [ 80.504166666666407, 6.572916666666579 ], [ 80.485416666666282, 6.572916666666579 ] ] ] } },
{ "type": "Feature", "properties": { "HYRIV_ID": 41407518, "NEXT_DOWN": 41407446, "MAIN_RIV": 41407423, "LENGTH_KM": 1.39, "DIST_DN_KM": 20.4, "DIST_UP_KM": 8.2, "CATCH_SKM": 2.77, "UPLAND_SKM": 30.700001, "ENDORHEIC": 0, "DIS_AV_CMS": 1.434, "ORD_STRA": 2, "ORD_CLAS": 2, "ORD_FLOW": 6, "HYBAS_L12": 4121159120.0, "Shape_Length": 0.01249999999997442 }, "geometry": { "type": "MultiLineString", "coordinates": [ [ [ 80.039583333332956, 6.56875 ], [ 80.039583333332956, 6.581249999999891 ] ] ] } },
{ "type": "Feature", "properties": { "HYRIV_ID": 41407519, "NEXT_DOWN": 41407231, "MAIN_RIV": 41407423, "LENGTH_KM": 8.33, "DIST_DN_KM": 14.8, "DIST_UP_KM": 9.6, "CATCH_SKM": 16.629999, "UPLAND_SKM": 16.6, "ENDORHEIC": 0, "DIS_AV_CMS": 0.788, "ORD_STRA": 1, "ORD_CLAS": 3, "ORD_FLOW": 7, "HYBAS_L12": 4121159120.0, "Shape_Length": 0.075086730334013141 }, "geometry": { "type": "MultiLineString", "coordinates": [ [ [ 80.087499999999721, 6.566666666666542 ], [ 80.093749999999631, 6.572916666666579 ], [ 80.093749999999631, 6.581249999999891 ], [ 80.089583333332968, 6.585416666666596 ], [ 80.089583333332968, 6.589583333333202 ], [ 80.081249999999642, 6.597916666666571 ], [ 80.081249999999642, 6.602083333333219 ], [ 80.077083333332979, 6.606249999999882 ], [ 80.077083333332979, 6.610416666666588 ], [ 80.06458333333299, 6.622916666666562 ], [ 80.060416666666271, 6.622916666666562 ] ] ] } },
{ "type": "Feature", "properties": { "HYRIV_ID": 41407520, "NEXT_DOWN": 41407450, "MAIN_RIV": 41407423, "LENGTH_KM": 2.1, "DIST_DN_KM": 72.599998, "DIST_UP_KM": 3.3, "CATCH_SKM": 5.12, "UPLAND_SKM": 5.1, "ENDORHEIC": 0, "DIS_AV_CMS": 0.243, "ORD_STRA": 1, "ORD_CLAS": 2, "ORD_FLOW": 7, "HYBAS_L12": 4121602140.0, "Shape_Length": 0.018898057941485639 }, "geometry": { "type": "MultiLineString", "coordinates": [ [ [ 80.370833333333081, 6.566666666666542 ], [ 80.364583333332945, 6.572916666666579 ], [ 80.364583333332945, 6.577083333333228 ], [ 80.360416666666282, 6.581249999999891 ] ] ] } },
{ "type": "Feature", "properties": { "HYRIV_ID": 41407533, "NEXT_DOWN": 41407518, "MAIN_RIV": 41407423, "LENGTH_KM": 0.65, "DIST_DN_KM": 22.0, "DIST_UP_KM": 6.6, "CATCH_SKM": 1.28, "UPLAND_SKM": 17.1, "ENDORHEIC": 0, "DIS_AV_CMS": 0.79799998, "ORD_STRA": 2, "ORD_CLAS": 2, "ORD_FLOW": 7, "HYBAS_L12": 4121159120.0, "Shape_Length": 0.0058925565099126826 }, "geometry": { "type": "MultiLineString", "coordinates": [ [ [ 80.043749999999619, 6.564583333333211 ], [ 80.039583333332956, 6.56875 ] ] ] } },
{ "type": "Feature", "properties": { "HYRIV_ID": 41407534, "NEXT_DOWN": 41407533, "MAIN_RIV": 41407423, "LENGTH_KM": 3.6500001, "DIST_DN_KM": 22.6, "DIST_UP_KM": 5.9, "CATCH_SKM": 7.6799998, "UPLAND_SKM": 7.7, "ENDORHEIC": 0, "DIS_AV_CMS": 0.36, "ORD_STRA": 1, "ORD_CLAS": 2, "ORD_FLOW": 7, "HYBAS_L12": 4121159120.0, "Shape_Length": 0.032975889843273348 }, "geometry": { "type": "MultiLineString", "coordinates": [ [ [ 80.074999999999676, 6.56875 ], [ 80.047916666666396, 6.56875 ], [ 80.043749999999619, 6.564583333333211 ] ] ] } },
{ "type": "Feature", "properties": { "HYRIV_ID": 41407535, "NEXT_DOWN": 41407361, "MAIN_RIV": 41407423, "LENGTH_KM": 4.0900002, "DIST_DN_KM": 39.200001, "DIST_UP_KM": 39.3, "CATCH_SKM": 10.88, "UPLAND_SKM": 210.7, "ENDORHEIC": 0, "DIS_AV_CMS": 11.016, "ORD_STRA": 3, "ORD_CLAS": 3, "ORD_FLOW": 5, "HYBAS_L12": 4121159170.0, "Shape_Length": 0.036785113019790858 }, "geometry": { "type": "MultiLineString", "coordinates": [ [ [ 80.222916666666293, 6.564583333333211 ], [ 80.222916666666293, 6.572916666666579 ], [ 80.218749999999631, 6.577083333333228 ], [ 80.218749999999631, 6.581249999999891 ], [ 80.214583333332968, 6.585416666666596 ], [ 80.214583333332968, 6.597916666666571 ] ] ] } },
{ "type": "Feature", "properties": { "HYRIV_ID": 41407536, "NEXT_DOWN": 41407474, "MAIN_RIV": 41407423, "LENGTH_KM": 1.62, "DIST_DN_KM": 88.900002, "DIST_UP_KM": 4.5, "CATCH_SKM": 5.33, "UPLAND_SKM": 5.3, "ENDORHEIC": 0, "DIS_AV_CMS": 0.23100001, "ORD_STRA": 1, "ORD_CLAS": 2, "ORD_FLOW": 7, "HYBAS_L12": 4121158960.0, "Shape_Length": 0.014583333333348492 }, "geometry": { "type": "MultiLineString", "coordinates": [ [ [ 80.531249999999687, 6.562499999999879 ], [ 80.531249999999687, 6.577083333333228 ] ] ] } },
{ "type": "Feature", "properties": { "HYRIV_ID": 41407548, "NEXT_DOWN": 41407448, "MAIN_RIV": 41407423, "LENGTH_KM": 2.7, "DIST_DN_KM": 44.099998, "DIST_UP_KM": 17.1, "CATCH_SKM": 6.4, "UPLAND_SKM": 74.599998, "ENDORHEIC": 0, "DIS_AV_CMS": 3.7090001, "ORD_STRA": 2, "ORD_CLAS": 3, "ORD_FLOW": 6, "HYBAS_L12": 4121159150.0, "Shape_Length": 0.02428511301977624 }, "geometry": { "type": "MultiLineString", "coordinates": [ [ [ 80.256249999999653, 6.560416666666562 ], [ 80.25208333333299, 6.564583333333211 ], [ 80.25208333333299, 6.572916666666579 ], [ 80.247916666666328, 6.577083333333228 ], [ 80.247916666666328, 6.581249999999891 ] ] ] } },
{ "type": "Feature", "properties": { "HYRIV_ID": 41407549, "NEXT_DOWN": 41407548, "MAIN_RIV": 41407423, "LENGTH_KM": 2.46, "DIST_DN_KM": 47.0, "DIST_UP_KM": 3.8, "CATCH_SKM": 7.46, "UPLAND_SKM": 7.5, "ENDORHEIC": 0, "DIS_AV_CMS": 0.36500001, "ORD_STRA": 1, "ORD_CLAS": 4, "ORD_FLOW": 7, "HYBAS_L12": 4121159150.0, "Shape_Length": 0.022201779686397295 }, "geometry": { "type": "MultiLineString", "coordinates": [ [ [ 80.274999999999608, 6.56875 ], [ 80.268749999999699, 6.56875 ], [ 80.264583333332979, 6.564583333333211 ], [ 80.260416666666316, 6.564583333333211 ], [ 80.256249999999653, 6.560416666666562 ] ] ] } },
{ "type": "Feature", "properties": { "HYRIV_ID": 41407550, "NEXT_DOWN": 41407313, "MAIN_RIV": 41407423, "LENGTH_KM": 7.87, "DIST_DN_KM": 49.099998, "DIST_UP_KM": 9.3, "CATCH_SKM": 18.129999, "UPLAND_SKM": 18.1, "ENDORHEIC": 0, "DIS_AV_CMS": 0.88800001, "ORD_STRA": 1, "ORD_CLAS": 3, "ORD_FLOW": 7, "HYBAS_L12": 4121159150.0, "Shape_Length": 0.070920063667336039 }, "geometry": { "type": "MultiLineString", "coordinates": [ [ [ 80.312499999999631, 6.558333333333231 ], [ 80.306249999999608, 6.564583333333211 ], [ 80.306249999999608, 6.56875 ], [ 80.302083333332945, 6.572916666666579 ], [ 80.302083333332945, 6.577083333333228 ], [ 80.293749999999733, 6.585416666666596 ], [ 80.293749999999733, 6.589583333333202 ], [ 80.28541666666635, 6.597916666666571 ], [ 80.28541666666635, 6.602083333333219 ], [ 80.281249999999687, 6.606249999999882 ], [ 80.281249999999687, 6.610416666666588 ], [ 80.28541666666635, 6.614583333333236 ] ] ] } },
{ "type": "Feature", "properties": { "HYRIV_ID": 41407560, "NEXT_DOWN": 41407405, "MAIN_RIV": 41407423, "LENGTH_KM": 8.4, "DIST_DN_KM": 32.599998, "DIST_UP_KM": 9.7, "CATCH_SKM": 20.469999, "UPLAND_SKM": 20.5, "ENDORHEIC": 0, "DIS_AV_CMS": 1.006, "ORD_STRA": 1, "ORD_CLAS": 4, "ORD_FLOW": 6, "HYBAS_L12": 4121159050.0, "Shape_Length": 0.075801617314254055 }, "geometry": { "type": "MultiLineString", "coordinates": [ [ [ 80.199999999999676, 6.566666666666542 ], [ 80.189583333333104, 6.556249999999899 ], [ 80.185416666666271, 6.556249999999899 ], [ 80.185416666666271, 6.564583333333211 ], [ 80.181249999999721, 6.56875 ], [ 80.181249999999721, 6.572916666666579 ], [ 80.172916666666396, 6.581249999999891 ], [ 80.172916666666396, 6.585416666666596 ], [ 80.168749999999619, 6.589583333333202 ], [ 80.152083333333024, 6.589583333333202 ] ] ] } },
{ "type": "Feature", "properties": { "HYRIV_ID": 41407570, "NEXT_DOWN": 41407571, "MAIN_RIV": 41407423, "LENGTH_KM": 3.1900001, "DIST_DN_KM": 37.0, "DIST_UP_KM": 4.7, "CATCH_SKM": 10.02, "UPLAND_SKM": 10.0, "ENDORHEIC": 0, "DIS_AV_CMS": 0.48300001, "ORD_STRA": 1, "ORD_CLAS": 5, "ORD_FLOW": 7, "HYBAS_L12": 4121159050.0, "Shape_Length": 0.028809223176613625 }, "geometry": { "type": "MultiLineString", "coordinates": [ [ [ 80.129166666666293, 6.556249999999899 ], [ 80.135416666666373, 6.556249999999899 ], [ 80.139583333333036, 6.552083333333236 ], [ 80.156249999999687, 6.552083333333236 ] ] ] } },
{ "type": "Feature", "properties": { "HYRIV_ID": 41407571, "NEXT_DOWN": 41407472, "MAIN_RIV": 41407423, "LENGTH_KM": 2.97, "DIST_DN_KM": 34.0, "DIST_UP_KM": 11.6, "CATCH_SKM": 7.46, "UPLAND_SKM": 52.900002, "ENDORHEIC": 0, "DIS_AV_CMS": 2.598, "ORD_STRA": 2, "ORD_CLAS": 3, "ORD_FLOW": 6, "HYBAS_L12": 4121159050.0, "Shape_Length": 0.026725889843198646 }, "geometry": { "type": "MultiLineString", "coordinates": [ [ [ 80.156249999999687, 6.552083333333236 ], [ 80.156249999999687, 6.564583333333211 ], [ 80.152083333333024, 6.56875 ], [ 80.152083333333024, 6.577083333333228 ] ] ] } },
{ "type": "Feature", "properties": { "HYRIV_ID": 41407572, "NEXT_DOWN": 41407477, "MAIN_RIV": 41407423, "LENGTH_KM": 7.37, "DIST_DN_KM": 95.5, "DIST_UP_KM": 9.8, "CATCH_SKM": 19.41, "UPLAND_SKM": 19.4, "ENDORHEIC": 0, "DIS_AV_CMS": 0.80400002, "ORD_STRA": 1, "ORD_CLAS": 2, "ORD_FLOW": 7, "HYBAS_L12": 4121602270.0, "Shape_Length": 0.066605339059305269 }, "geometry": { "type": "MultiLineString", "coordinates": [ [ [ 80.637499999999619, 6.552083333333236 ], [ 80.631249999999653, 6.552083333333236 ], [ 80.62708333333299, 6.556249999999899 ], [ 80.618749999999608, 6.556249999999899 ], [ 80.610416666666282, 6.564583333333211 ], [ 80.606249999999619, 6.564583333333211 ], [ 80.597916666666293, 6.572916666666579 ], [ 80.589583333332968, 6.572916666666579 ], [ 80.585416666666305, 6.577083333333228 ], [ 80.585416666666305, 6.581249999999891 ] ] ] } },
{ "type": "Feature", "properties": { "HYRIV_ID": 41407588, "NEXT_DOWN": 41407533, "MAIN_RIV": 41407423, "LENGTH_KM": 3.6700001, "DIST_DN_KM": 22.6, "DIST_UP_KM": 4.9, "CATCH_SKM": 8.1, "UPLAND_SKM": 8.1, "ENDORHEIC": 0, "DIS_AV_CMS": 0.37900001, "ORD_STRA": 1, "ORD_CLAS": 3, "ORD_FLOW": 7, "HYBAS_L12": 4121159120.0, "Shape_Length": 0.033123947784617705 }, "geometry": { "type": "MultiLineString", "coordinates": [ [ [ 80.06666666666635, 6.545833333333256 ], [ 80.060416666666271, 6.552083333333236 ], [ 80.060416666666271, 6.556249999999899 ], [ 80.052083333332945, 6.556249999999899 ], [ 80.043749999999619, 6.564583333333211 ] ] ] } },
{ "type": "Feature", "properties": { "HYRIV_ID": 41407603, "NEXT_DOWN": 41407518, "MAIN_RIV": 41407423, "LENGTH_KM": 3.6800001, "DIST_DN_KM": 22.0, "DIST_UP_KM": 5.3, "CATCH_SKM": 10.88, "UPLAND_SKM": 10.9, "ENDORHEIC": 0, "DIS_AV_CMS": 0.50199997, "ORD_STRA": 1, "ORD_CLAS": 3, "ORD_FLOW": 7, "HYBAS_L12": 4121159120.0, "Shape_Length": 0.033123947784472862 }, "geometry": { "type": "MultiLineString", "coordinates": [ [ [ 80.045833333332979, 6.541666666666551 ], [ 80.035416666666407, 6.552083333333236 ], [ 80.035416666666407, 6.564583333333211 ], [ 80.039583333332956, 6.56875 ] ] ] } },
{ "type": "Feature", "properties": { "HYRIV_ID": 41407604, "NEXT_DOWN": 41407613, "MAIN_RIV": 41407423, "LENGTH_KM": 1.16, "DIST_DN_KM": 51.200001, "DIST_UP_KM": 3.5, "CATCH_SKM": 3.2, "UPLAND_SKM": 3.2, "ENDORHEIC": 0, "DIS_AV_CMS": 0.156, "ORD_STRA": 1, "ORD_CLAS": 4, "ORD_FLOW": 7, "HYBAS_L12": 4121159150.0, "Shape_Length": 0.010416666666642982 }, "geometry": { "type": "MultiLineString", "coordinates": [ [ [ 80.281249999999687, 6.554166666666568 ], [ 80.281249999999687, 6.54375 ] ] ] } },
{ "type": "Feature", "properties": { "HYRIV_ID": 41407612, "NEXT_DOWN": 41407548, "MAIN_RIV": 41407423, "LENGTH_KM": 2.8900001, "DIST_DN_KM": 46.8, "DIST_UP_KM": 14.4, "CATCH_SKM": 6.6100001, "UPLAND_SKM": 60.8, "ENDORHEIC": 0, "DIS_AV_CMS": 3.0009999, "ORD_STRA": 2, "ORD_CLAS": 3, "ORD_FLOW": 6, "HYBAS_L12": 4121159150.0, "Shape_Length": 0.026011002863046143 }, "geometry": { "type": "MultiLineString", "coordinates": [ [ [ 80.268749999999699, 6.539583333333219 ], [ 80.268749999999699, 6.54375 ], [ 80.256249999999653, 6.556249999999899 ], [ 80.256249999999653, 6.560416666666562 ] ] ] } },
{ "type": "Feature", "properties": { "HYRIV_ID": 41407613, "NEXT_DOWN": 41407612, "MAIN_RIV": 41407423, "LENGTH_KM": 1.5700001, "DIST_DN_KM": 49.700001, "DIST_UP_KM": 11.5, "CATCH_SKM": 1.28, "UPLAND_SKM": 39.900002, "ENDORHEIC": 0, "DIS_AV_CMS": 1.956, "ORD_STRA": 2, "ORD_CLAS": 3, "ORD_FLOW": 6, "HYBAS_L12": 4121159150.0, "Shape_Length": 0.014225889843238436 }, "geometry": { "type": "MultiLineString", "coordinates": [ [ [ 80.281249999999687, 6.54375 ], [ 80.277083333333024, 6.54375 ], [ 80.272916666666362, 6.539583333333219 ], [ 80.268749999999699, 6.539583333333219 ] ] ] } },
{ "type": "Feature", "properties": { "HYRIV_ID": 41407614, "NEXT_DOWN": 41407613, "MAIN_RIV": 41407423, "LENGTH_KM": 1.5700001, "DIST_DN_KM": 51.200001, "DIST_UP_KM": 9.9, "CATCH_SKM": 5.12, "UPLAND_SKM": 35.400002, "ENDORHEIC": 0, "DIS_AV_CMS": 1.728, "ORD_STRA": 2, "ORD_CLAS": 3, "ORD_FLOW": 6, "HYBAS_L12": 4121159150.0, "Shape_Length": 0.014225889843295279 }, "geometry": { "type": "MultiLineString", "coordinates": [ [ [ 80.293749999999733, 6.539583333333219 ], [ 80.289583333333013, 6.539583333333219 ], [ 80.28541666666635, 6.54375 ], [ 80.281249999999687, 6.54375 ] ] ] } },
{ "type": "Feature", "properties": { "HYRIV_ID": 41407615, "NEXT_DOWN": 41407275, "MAIN_RIV": 41407423, "LENGTH_KM": 12.65, "DIST_DN_KM": 49.3, "DIST_UP_KM": 49.599998, "CATCH_SKM": 27.51, "UPLAND_SKM": 337.39999, "ENDORHEIC": 0, "DIS_AV_CMS": 16.597, "ORD_STRA": 3, "ORD_CLAS": 2, "ORD_FLOW": 5, "HYBAS_L12": 4121159150.0, "Shape_Length": 0.11410323462850332 }, "geometry": { "type": "MultiLineString", "coordinates": [ [ [ 80.360416666666282, 6.539583333333219 ], [ 80.331249999999642, 6.56875 ], [ 80.331249999999642, 6.572916666666579 ], [ 80.327083333332922, 6.577083333333228 ], [ 80.327083333332922, 6.585416666666596 ], [ 80.32291666666643, 6.589583333333202 ], [ 80.32291666666643, 6.59375 ], [ 80.318749999999596, 6.597916666666571 ], [ 80.318749999999596, 6.602083333333219 ], [ 80.310416666666271, 6.610416666666588 ], [ 80.306249999999608, 6.610416666666588 ], [ 80.302083333332945, 6.614583333333236 ], [ 80.289583333333013, 6.614583333333236 ] ] ] } },
{ "type": "Feature", "properties": { "HYRIV_ID": 41407616, "NEXT_DOWN": 41407615, "MAIN_RIV": 41407423, "LENGTH_KM": 1.4400001, "DIST_DN_KM": 62.0, "DIST_UP_KM": 3.3, "CATCH_SKM": 3.4100001, "UPLAND_SKM": 3.4, "ENDORHEIC": 0, "DIS_AV_CMS": 0.163, "ORD_STRA": 1, "ORD_CLAS": 3, "ORD_FLOW": 7, "HYBAS_L12": 4121159150.0, "Shape_Length": 0.013005501431617314 }, "geometry": { "type": "MultiLineString", "coordinates": [ [ [ 80.370833333333081, 6.545833333333256 ], [ 80.364583333332945, 6.539583333333219 ], [ 80.360416666666282, 6.539583333333219 ] ] ] } },
{ "type": "Feature", "properties": { "HYRIV_ID": 41407617, "NEXT_DOWN": 41407476, "MAIN_RIV": 41407423, "LENGTH_KM": 5.12, "DIST_DN_KM": 93.900002, "DIST_UP_KM": 9.8, "CATCH_SKM": 16.85, "UPLAND_SKM": 33.3, "ENDORHEIC": 0, "DIS_AV_CMS": 1.405, "ORD_STRA": 2, "ORD_CLAS": 2, "ORD_FLOW": 6, "HYBAS_L12": 4121602270.0, "Shape_Length": 0.046129449216070796 }, "geometry": { "type": "MultiLineString", "coordinates": [ [ [ 80.593749999999631, 6.539583333333219 ], [ 80.593749999999631, 6.54375 ], [ 80.577083333332922, 6.560416666666562 ], [ 80.577083333332922, 6.56875 ], [ 80.572916666666373, 6.572916666666579 ], [ 80.572916666666373, 6.577083333333228 ] ] ] } },
{ "type": "Feature", "properties": { "HYRIV_ID": 41407639, "NEXT_DOWN": 41407535, "MAIN_RIV": 41407423, "LENGTH_KM": 4.33, "DIST_DN_KM": 43.5, "DIST_UP_KM": 5.6, "CATCH_SKM": 10.88, "UPLAND_SKM": 10.9, "ENDORHEIC": 0, "DIS_AV_CMS": 0.53200001, "ORD_STRA": 1, "ORD_CLAS": 4, "ORD_FLOW": 7, "HYBAS_L12": 4121159170.0, "Shape_Length": 0.039016504294435789 }, "geometry": { "type": "MultiLineString", "coordinates": [ [ [ 80.224999999999596, 6.533333333333239 ], [ 80.214583333332968, 6.54375 ], [ 80.214583333332968, 6.547916666666573 ], [ 80.218749999999631, 6.552083333333236 ], [ 80.218749999999631, 6.560416666666562 ], [ 80.222916666666293, 6.564583333333211 ] ] ] } },
{ "type": "Feature", "properties": { "HYRIV_ID": 41407640, "NEXT_DOWN": 41407617, "MAIN_RIV": 41407423, "LENGTH_KM": 1.9, "DIST_DN_KM": 99.0, "DIST_UP_KM": 4.6, "CATCH_SKM": 7.46, "UPLAND_SKM": 7.5, "ENDORHEIC": 0, "DIS_AV_CMS": 0.30700001, "ORD_STRA": 1, "ORD_CLAS": 2, "ORD_FLOW": 7, "HYBAS_L12": 4121602270.0, "Shape_Length": 0.017172168098199804 }, "geometry": { "type": "MultiLineString", "coordinates": [ [ [ 80.608333333333036, 6.533333333333239 ], [ 80.602083333332956, 6.539583333333219 ], [ 80.593749999999631, 6.539583333333219 ] ] ] } },
{ "type": "Feature", "properties": { "HYRIV_ID": 41407658, "NEXT_DOWN": 41407571, "MAIN_RIV": 41407423, "LENGTH_KM": 3.08, "DIST_DN_KM": 37.200001, "DIST_UP_KM": 8.5, "CATCH_SKM": 6.1799998, "UPLAND_SKM": 25.6, "ENDORHEIC": 0, "DIS_AV_CMS": 1.253, "ORD_STRA": 2, "ORD_CLAS": 3, "ORD_FLOW": 6, "HYBAS_L12": 4121159050.0, "Shape_Length": 0.027736892706239104 }, "geometry": { "type": "MultiLineString", "coordinates": [ [ [ 80.172916666666396, 6.53125 ], [ 80.16041666666635, 6.54375 ], [ 80.16041666666635, 6.547916666666573 ], [ 80.156249999999687, 6.552083333333236 ] ] ] } },
{ "type": "Feature", "properties": { "HYRIV_ID": 41407659, "NEXT_DOWN": 41407677, "MAIN_RIV": 41407423, "LENGTH_KM": 4.1300001, "DIST_DN_KM": 69.099998, "DIST_UP_KM": 6.5, "CATCH_SKM": 9.8100004, "UPLAND_SKM": 9.8, "ENDORHEIC": 0, "DIS_AV_CMS": 0.456, "ORD_STRA": 1, "ORD_CLAS": 4, "ORD_FLOW": 7, "HYBAS_L12": 4121159330.0, "Shape_Length": 0.037290614451212678 }, "geometry": { "type": "MultiLineString", "coordinates": [ [ [ 80.433333333332968, 6.529166666666576 ], [ 80.422916666666396, 6.539583333333219 ], [ 80.41041666666635, 6.539583333333219 ], [ 80.406249999999687, 6.535416666666556 ], [ 80.406249999999687, 6.53125 ] ] ] } },
{ "type": "Feature", "properties": { "HYRIV_ID": 41407660, "NEXT_DOWN": 41407103, "MAIN_RIV": 41407423, "LENGTH_KM": 19.26, "DIST_DN_KM": 67.400002, "DIST_UP_KM": 27.8, "CATCH_SKM": 52.669998, "UPLAND_SKM": 83.400002, "ENDORHEIC": 0, "DIS_AV_CMS": 3.98, "ORD_STRA": 2, "ORD_CLAS": 3, "ORD_FLOW": 6, "HYBAS_L12": 4121158940.0, "Shape_Length": 0.1737436867076701 }, "geometry": { "type": "MultiLineString", "coordinates": [ [ [ 80.464583333332968, 6.53125 ], [ 80.44791666666643, 6.547916666666573 ], [ 80.44791666666643, 6.552083333333236 ], [ 80.443749999999596, 6.556249999999899 ], [ 80.443749999999596, 6.560416666666562 ], [ 80.439583333333047, 6.564583333333211 ], [ 80.435416666666271, 6.564583333333211 ], [ 80.427083333333059, 6.572916666666579 ], [ 80.422916666666396, 6.572916666666579 ], [ 80.418749999999676, 6.577083333333228 ], [ 80.414583333333013, 6.577083333333228 ], [ 80.41041666666635, 6.581249999999891 ], [ 80.41041666666635, 6.585416666666596 ], [ 80.406249999999687, 6.589583333333202 ], [ 80.397916666666362, 6.589583333333202 ], [ 80.393749999999642, 6.59375 ], [ 80.393749999999642, 6.597916666666571 ], [ 80.372916666666328, 6.618749999999899 ], [ 80.372916666666328, 6.622916666666562 ], [ 80.368749999999665, 6.627083333333211 ], [ 80.368749999999665, 6.631249999999874 ], [ 80.364583333332945, 6.635416666666579 ], [ 80.364583333332945, 6.639583333333228 ], [ 80.356249999999619, 6.647916666666553 ] ] ] } },
{ "type": "Feature", "properties": { "HYRIV_ID": 41407676, "NEXT_DOWN": 41407693, "MAIN_RIV": 41407423, "LENGTH_KM": 4.4099998, "DIST_DN_KM": 68.5, "DIST_UP_KM": 6.3, "CATCH_SKM": 12.58, "UPLAND_SKM": 12.6, "ENDORHEIC": 0, "DIS_AV_CMS": 0.59399998, "ORD_STRA": 1, "ORD_CLAS": 4, "ORD_FLOW": 7, "HYBAS_L12": 4121159330.0, "Shape_Length": 0.039731391274762273 }, "geometry": { "type": "MultiLineString", "coordinates": [ [ [ 80.395833333332945, 6.558333333333231 ], [ 80.402083333333024, 6.552083333333236 ], [ 80.406249999999687, 6.552083333333236 ], [ 80.406249999999687, 6.547916666666573 ], [ 80.402083333333024, 6.54375 ], [ 80.402083333333024, 6.527083333333245 ] ] ] } },
{ "type": "Feature", "properties": { "HYRIV_ID": 41407677, "NEXT_DOWN": 41407693, "MAIN_RIV": 41407423, "LENGTH_KM": 0.65, "DIST_DN_KM": 68.699997, "DIST_UP_KM": 26.5, "CATCH_SKM": 0.21, "UPLAND_SKM": 95.300003, "ENDORHEIC": 0, "DIS_AV_CMS": 4.3889999, "ORD_STRA": 2, "ORD_CLAS": 3, "ORD_FLOW": 6, "HYBAS_L12": 4121159330.0, "Shape_Length": 0.0058925565098825365 }, "geometry": { "type": "MultiLineString", "coordinates": [ [ [ 80.406249999999687, 6.53125 ], [ 80.402083333333024, 6.527083333333245 ] ] ] } },
{ "type": "Feature", "properties": { "HYRIV_ID": 41407678, "NEXT_DOWN": 41407660, "MAIN_RIV": 41407423, "LENGTH_KM": 0.69, "DIST_DN_KM": 86.5, "DIST_UP_KM": 2.5, "CATCH_SKM": 3.4100001, "UPLAND_SKM": 3.4, "ENDORHEIC": 0, "DIS_AV_CMS": 0.155, "ORD_STRA": 1, "ORD_CLAS": 4, "ORD_FLOW": 7, "HYBAS_L12": 4121158940.0, "Shape_Length": 0.0062499999999943157 }, "geometry": { "type": "MultiLineString", "coordinates": [ [ [ 80.464583333332968, 6.525 ], [ 80.464583333332968, 6.53125 ] ] ] } },
{ "type": "Feature", "properties": { "HYRIV_ID": 41407679, "NEXT_DOWN": 41407617, "MAIN_RIV": 41407423, "LENGTH_KM": 1.91, "DIST_DN_KM": 99.0, "DIST_UP_KM": 4.1, "CATCH_SKM": 8.96, "UPLAND_SKM": 9.0, "ENDORHEIC": 0, "DIS_AV_CMS": 0.373, "ORD_STRA": 1, "ORD_CLAS": 3, "ORD_FLOW": 7, "HYBAS_L12": 4121602270.0, "Shape_Length": 0.017172168098155444 }, "geometry": { "type": "MultiLineString", "coordinates": [ [ [ 80.599999999999653, 6.525 ], [ 80.593749999999631, 6.53125 ], [ 80.593749999999631, 6.539583333333219 ] ] ] } },
{ "type": "Feature", "properties": { "HYRIV_ID": 41407692, "NEXT_DOWN": 41407723, "MAIN_RIV": 41407423, "LENGTH_KM": 0.69, "DIST_DN_KM": 66.400002, "DIST_UP_KM": 3.6, "CATCH_SKM": 3.84, "UPLAND_SKM": 3.8, "ENDORHEIC": 0, "DIS_AV_CMS": 0.181, "ORD_STRA": 1, "ORD_CLAS": 4, "ORD_FLOW": 7, "HYBAS_L12": 4121159330.0, "Shape_Length": 0.0062500000000369482 }, "geometry": { "type": "MultiLineString", "coordinates": [ [ [ 80.385416666666316, 6.529166666666576 ], [ 80.385416666666316, 6.522916666666539 ] ] ] } },
{ "type": "Feature", "properties": { "HYRIV_ID": 41407693, "NEXT_DOWN": 41407723, "MAIN_RIV": 41407423, "LENGTH_KM": 2.03, "DIST_DN_KM": 66.400002, "DIST_UP_KM": 28.700001, "CATCH_SKM": 4.0500002, "UPLAND_SKM": 112.0, "ENDORHEIC": 0, "DIS_AV_CMS": 5.2069998, "ORD_STRA": 2, "ORD_CLAS": 3, "ORD_FLOW": 6, "HYBAS_L12": 4121159330.0, "Shape_Length": 0.018392556509958156 }, "geometry": { "type": "MultiLineString", "coordinates": [ [ [ 80.402083333333024, 6.527083333333245 ], [ 80.397916666666362, 6.522916666666539 ], [ 80.385416666666316, 6.522916666666539 ] ] ] } },
{ "type": "Feature", "properties": { "HYRIV_ID": 41407694, "NEXT_DOWN": 41407494, "MAIN_RIV": 41407423, "LENGTH_KM": 10.3, "DIST_DN_KM": 83.699997, "DIST_UP_KM": 25.0, "CATCH_SKM": 33.27, "UPLAND_SKM": 93.400002, "ENDORHEIC": 0, "DIS_AV_CMS": 4.0970001, "ORD_STRA": 2, "ORD_CLAS": 2, "ORD_FLOW": 6, "HYBAS_L12": 4121602210.0, "Shape_Length": 0.092973785412550899 }, "geometry": { "type": "MultiLineString", "coordinates": [ [ [ 80.547916666666339, 6.522916666666539 ], [ 80.547916666666339, 6.527083333333245 ], [ 80.543749999999676, 6.53125 ], [ 80.539583333333013, 6.53125 ], [ 80.53541666666635, 6.535416666666556 ], [ 80.531249999999687, 6.535416666666556 ], [ 80.527083333333024, 6.539583333333219 ], [ 80.510416666666316, 6.539583333333219 ], [ 80.493749999999665, 6.556249999999899 ], [ 80.493749999999665, 6.560416666666562 ], [ 80.489583333332945, 6.560416666666562 ], [ 80.485416666666282, 6.564583333333211 ], [ 80.485416666666282, 6.572916666666579 ] ] ] } },
{ "type": "Feature", "properties": { "HYRIV_ID": 41407719, "NEXT_DOWN": 41407571, "MAIN_RIV": 41407423, "LENGTH_KM": 4.6, "DIST_DN_KM": 37.200001, "DIST_UP_KM": 6.5, "CATCH_SKM": 9.8100004, "UPLAND_SKM": 9.8, "ENDORHEIC": 0, "DIS_AV_CMS": 0.477, "ORD_STRA": 1, "ORD_CLAS": 4, "ORD_FLOW": 7, "HYBAS_L12": 4121159050.0, "Shape_Length": 0.041457281117929963 }, "geometry": { "type": "MultiLineString", "coordinates": [ [ [ 80.162499999999653, 6.516666666666559 ], [ 80.156249999999687, 6.522916666666539 ], [ 80.156249999999687, 6.527083333333245 ], [ 80.152083333333024, 6.53125 ], [ 80.152083333333024, 6.547916666666573 ], [ 80.156249999999687, 6.552083333333236 ] ] ] } },
{ "type": "Feature", "properties": { "HYRIV_ID": 41407720, "NEXT_DOWN": 41407535, "MAIN_RIV": 41407423, "LENGTH_KM": 6.7, "DIST_DN_KM": 43.5, "DIST_UP_KM": 35.099998, "CATCH_SKM": 14.5, "UPLAND_SKM": 189.0, "ENDORHEIC": 0, "DIS_AV_CMS": 9.8129997, "ORD_STRA": 3, "ORD_CLAS": 3, "ORD_FLOW": 6, "HYBAS_L12": 4121159170.0, "Shape_Length": 0.060355339059341102 }, "geometry": { "type": "MultiLineString", "coordinates": [ [ [ 80.25208333333299, 6.518749999999891 ], [ 80.25208333333299, 6.53125 ], [ 80.247916666666328, 6.535416666666556 ], [ 80.247916666666328, 6.539583333333219 ], [ 80.239583333332945, 6.547916666666573 ], [ 80.235416666666282, 6.547916666666573 ], [ 80.231249999999619, 6.552083333333236 ], [ 80.231249999999619, 6.556249999999899 ], [ 80.222916666666293, 6.564583333333211 ] ] ] } },
{ "type": "Feature", "properties": { "HYRIV_ID": 41407721, "NEXT_DOWN": 41407614, "MAIN_RIV": 41407423, "LENGTH_KM": 6.62, "DIST_DN_KM": 52.8, "DIST_UP_KM": 8.3, "CATCH_SKM": 15.99, "UPLAND_SKM": 16.0, "ENDORHEIC": 0, "DIS_AV_CMS": 0.778, "ORD_STRA": 1, "ORD_CLAS": 3, "ORD_FLOW": 7, "HYBAS_L12": 4121159150.0, "Shape_Length": 0.059849837627743568 }, "geometry": { "type": "MultiLineString", "coordinates": [ [ [ 80.341666666666328, 6.516666666666559 ], [ 80.335416666666305, 6.522916666666539 ], [ 80.335416666666305, 6.527083333333245 ], [ 80.331249999999642, 6.53125 ], [ 80.32291666666643, 6.53125 ], [ 80.314583333333047, 6.539583333333219 ], [ 80.293749999999733, 6.539583333333219 ] ] ] } },
{ "type": "Feature", "properties": { "HYRIV_ID": 41407722, "NEXT_DOWN": 41407615, "MAIN_RIV": 41407423, "LENGTH_KM": 2.8900001, "DIST_DN_KM": 62.0, "DIST_UP_KM": 36.900002, "CATCH_SKM": 6.83, "UPLAND_SKM": 306.5, "ENDORHEIC": 0, "DIS_AV_CMS": 14.534, "ORD_STRA": 3, "ORD_CLAS": 2, "ORD_FLOW": 5, "HYBAS_L12": 4121159150.0, "Shape_Length": 0.026011002863023606 }, "geometry": { "type": "MultiLineString", "coordinates": [ [ [ 80.372916666666328, 6.518749999999891 ], [ 80.364583333332945, 6.527083333333245 ], [ 80.364583333332945, 6.53125 ], [ 80.360416666666282, 6.535416666666556 ], [ 80.360416666666282, 6.539583333333219 ] ] ] } },
{ "type": "Feature", "properties": { "HYRIV_ID": 41407723, "NEXT_DOWN": 41407722, "MAIN_RIV": 41407423, "LENGTH_KM": 1.5700001, "DIST_DN_KM": 64.900002, "DIST_UP_KM": 30.3, "CATCH_SKM": 2.35, "UPLAND_SKM": 118.2, "ENDORHEIC": 0, "DIS_AV_CMS": 5.527, "ORD_STRA": 2, "ORD_CLAS": 3, "ORD_FLOW": 6, "HYBAS_L12": 4121159330.0, "Shape_Length": 0.014225889843198242 }, "geometry": { "type": "MultiLineString", "coordinates": [ [ [ 80.385416666666316, 6.522916666666539 ], [ 80.381249999999653, 6.518749999999891 ], [ 80.372916666666328, 6.518749999999891 ] ] ] } },
{ "type": "Feature", "properties": { "HYRIV_ID": 41407743, "NEXT_DOWN": 41407658, "MAIN_RIV": 41407423, "LENGTH_KM": 4.04, "DIST_DN_KM": 40.099998, "DIST_UP_KM": 5.6, "CATCH_SKM": 10.66, "UPLAND_SKM": 10.7, "ENDORHEIC": 0, "DIS_AV_CMS": 0.52, "ORD_STRA": 1, "ORD_CLAS": 3, "ORD_FLOW": 7, "HYBAS_L12": 4121159050.0, "Shape_Length": 0.036427669529593809 }, "geometry": { "type": "MultiLineString", "coordinates": [ [ [ 80.197916666666316, 6.512499999999896 ], [ 80.197916666666316, 6.518749999999891 ], [ 80.189583333333104, 6.527083333333245 ], [ 80.181249999999721, 6.527083333333245 ], [ 80.177083333332945, 6.53125 ], [ 80.172916666666396, 6.53125 ] ] ] } },
{ "type": "Feature", "properties": { "HYRIV_ID": 41407744, "NEXT_DOWN": 41407720, "MAIN_RIV": 41407423, "LENGTH_KM": 0.65, "DIST_DN_KM": 50.200001, "DIST_UP_KM": 28.4, "CATCH_SKM": 0.64, "UPLAND_SKM": 171.89999, "ENDORHEIC": 0, "DIS_AV_CMS": 8.7939997, "ORD_STRA": 3, "ORD_CLAS": 3, "ORD_FLOW": 6, "HYBAS_L12": 4121159170.0, "Shape_Length": 0.0058925565098825365 }, "geometry": { "type": "MultiLineString", "coordinates": [ [ [ 80.247916666666328, 6.514583333333228 ], [ 80.25208333333299, 6.518749999999891 ] ] ] } },
{ "type": "Feature", "properties": { "HYRIV_ID": 41407745, "NEXT_DOWN": 41407720, "MAIN_RIV": 41407423, "LENGTH_KM": 0.98, "DIST_DN_KM": 50.200001, "DIST_UP_KM": 3.1, "CATCH_SKM": 2.56, "UPLAND_SKM": 2.6, "ENDORHEIC": 0, "DIS_AV_CMS": 0.125, "ORD_STRA": 1, "ORD_CLAS": 4, "ORD_FLOW": 7, "HYBAS_L12": 4121159170.0, "Shape_Length": 0.0088388347648037068 }, "geometry": { "type": "MultiLineString", "coordinates": [ [ [ 80.258333333332956, 6.512499999999896 ], [ 80.25208333333299, 6.518749999999891 ] ] ] } },
{ "type": "Feature", "properties": { "HYRIV_ID": 41407746, "NEXT_DOWN": 41407722, "MAIN_RIV": 41407423, "LENGTH_KM": 0.46, "DIST_DN_KM": 64.900002, "DIST_UP_KM": 34.099998, "CATCH_SKM": 1.0700001, "UPLAND_SKM": 181.5, "ENDORHEIC": 0, "DIS_AV_CMS": 8.5629997, "ORD_STRA": 3, "ORD_CLAS": 2, "ORD_FLOW": 6, "HYBAS_L12": 4121159340.0, "Shape_Length": 0.0041666666666628771 }, "geometry": { "type": "MultiLineString", "coordinates": [ [ [ 80.372916666666328, 6.514583333333228 ], [ 80.372916666666328, 6.518749999999891 ] ] ] } },
{ "type": "Feature", "properties": { "HYRIV_ID": 41407747, "NEXT_DOWN": 41407694, "MAIN_RIV": 41407423, "LENGTH_KM": 1.31, "DIST_DN_KM": 94.199997, "DIST_UP_KM": 14.5, "CATCH_SKM": 1.92, "UPLAND_SKM": 52.0, "ENDORHEIC": 0, "DIS_AV_CMS": 2.1860001, "ORD_STRA": 2, "ORD_CLAS": 2, "ORD_FLOW": 6, "HYBAS_L12": 4121602210.0, "Shape_Length": 0.011785113019795219 }, "geometry": { "type": "MultiLineString", "coordinates": [ [ [ 80.556249999999721, 6.514583333333228 ], [ 80.547916666666339, 6.522916666666539 ] ] ] } },
{ "type": "Feature", "properties": { "HYRIV_ID": 41407768, "NEXT_DOWN": 41407769, "MAIN_RIV": 41407423, "LENGTH_KM": 3.01, "DIST_DN_KM": 51.3, "DIST_UP_KM": 5.1, "CATCH_SKM": 11.73, "UPLAND_SKM": 11.7, "ENDORHEIC": 0, "DIS_AV_CMS": 0.57300001, "ORD_STRA": 1, "ORD_CLAS": 4, "ORD_FLOW": 7, "HYBAS_L12": 4121159170.0, "Shape_Length": 0.027231391274691527 }, "geometry": { "type": "MultiLineString", "coordinates": [ [ [ 80.220833333333047, 6.520833333333222 ], [ 80.231249999999619, 6.510416666666565 ], [ 80.243749999999665, 6.510416666666565 ] ] ] } },
{ "type": "Feature", "properties": { "HYRIV_ID": 41407769, "NEXT_DOWN": 41407744, "MAIN_RIV": 41407423, "LENGTH_KM": 0.65, "DIST_DN_KM": 50.900002, "DIST_UP_KM": 27.700001, "CATCH_SKM": 0.85, "UPLAND_SKM": 152.89999, "ENDORHEIC": 0, "DIS_AV_CMS": 7.8429999, "ORD_STRA": 3, "ORD_CLAS": 3, "ORD_FLOW": 6, "HYBAS_L12": 4121159170.0, "Shape_Length": 0.0058925565098825365 }, "geometry": { "type": "MultiLineString", "coordinates": [ [ [ 80.243749999999665, 6.510416666666565 ], [ 80.247916666666328, 6.514583333333228 ] ] ] } },
{ "type": "Feature", "properties": { "HYRIV_ID": 41407770, "NEXT_DOWN": 41407660, "MAIN_RIV": 41407423, "LENGTH_KM": 6.2600002, "DIST_DN_KM": 86.699997, "DIST_UP_KM": 8.5, "CATCH_SKM": 27.3, "UPLAND_SKM": 27.3, "ENDORHEIC": 0, "DIS_AV_CMS": 1.22, "ORD_STRA": 1, "ORD_CLAS": 3, "ORD_FLOW": 6, "HYBAS_L12": 4121158940.0, "Shape_Length": 0.0565461158827366 }, "geometry": { "type": "MultiLineString", "coordinates": [ [ [ 80.512499999999619, 6.510416666666565 ], [ 80.50208333333299, 6.510416666666565 ], [ 80.497916666666271, 6.514583333333228 ], [ 80.493749999999665, 6.514583333333228 ], [ 80.489583333332945, 6.518749999999891 ], [ 80.485416666666282, 6.518749999999891 ], [ 80.481249999999619, 6.522916666666539 ], [ 80.472916666666293, 6.522916666666539 ], [ 80.464583333332968, 6.53125 ] ] ] } },
{ "type": "Feature", "properties": { "HYRIV_ID": 41407771, "NEXT_DOWN": 41407694, "MAIN_RIV": 41407423, "LENGTH_KM": 2.08, "DIST_DN_KM": 94.0, "DIST_UP_KM": 4.8, "CATCH_SKM": 8.1099997, "UPLAND_SKM": 8.1, "ENDORHEIC": 0, "DIS_AV_CMS": 0.35, "ORD_STRA": 1, "ORD_CLAS": 3, "ORD_FLOW": 7, "HYBAS_L12": 4121602210.0, "Shape_Length": 0.018749999999954525 }, "geometry": { "type": "MultiLineString", "coordinates": [ [ [ 80.543749999999676, 6.508333333333248 ], [ 80.543749999999676, 6.518749999999891 ], [ 80.547916666666339, 6.518749999999891 ], [ 80.547916666666339, 6.522916666666539 ] ] ] } },
{ "type": "Feature", "properties": { "HYRIV_ID": 41407778, "NEXT_DOWN": 41407658, "MAIN_RIV": 41407423, "LENGTH_KM": 3.3900001, "DIST_DN_KM": 40.3, "DIST_UP_KM": 4.7, "CATCH_SKM": 8.7399998, "UPLAND_SKM": 8.7, "ENDORHEIC": 0, "DIS_AV_CMS": 0.426, "ORD_STRA": 1, "ORD_CLAS": 4, "ORD_FLOW": 7, "HYBAS_L12": 4121159050.0, "Shape_Length": 0.030535113019762233 }, "geometry": { "type": "MultiLineString", "coordinates": [ [ [ 80.181249999999721, 6.504166666666585 ], [ 80.181249999999721, 6.510416666666565 ], [ 80.177083333332945, 6.514583333333228 ], [ 80.177083333332945, 6.527083333333245 ], [ 80.172916666666396, 6.53125 ] ] ] } },
{ "type": "Feature", "properties": { "HYRIV_ID": 41407779, "NEXT_DOWN": 41407746, "MAIN_RIV": 41407423, "LENGTH_KM": 1.77, "DIST_DN_KM": 65.5, "DIST_UP_KM": 23.1, "CATCH_SKM": 2.77, "UPLAND_SKM": 72.5, "ENDORHEIC": 0, "DIS_AV_CMS": 3.5079999, "ORD_STRA": 2, "ORD_CLAS": 3, "ORD_FLOW": 6, "HYBAS_L12": 4121159340.0, "Shape_Length": 0.015951779686474744 }, "geometry": { "type": "MultiLineString", "coordinates": [ [ [ 80.360416666666282, 6.50625 ], [ 80.364583333332945, 6.510416666666565 ], [ 80.368749999999665, 6.510416666666565 ], [ 80.372916666666328, 6.514583333333228 ] ] ] } },
{ "type": "Feature", "properties": { "HYRIV_ID": 41407780, "NEXT_DOWN": 41407747, "MAIN_RIV": 41407423, "LENGTH_KM": 1.16, "DIST_DN_KM": 95.300003, "DIST_UP_KM": 4.4, "CATCH_SKM": 7.04, "UPLAND_SKM": 7.0, "ENDORHEIC": 0, "DIS_AV_CMS": 0.299, "ORD_STRA": 1, "ORD_CLAS": 3, "ORD_FLOW": 7, "HYBAS_L12": 4121602210.0, "Shape_Length": 0.010416666666642982 }, "geometry": { "type": "MultiLineString", "coordinates": [ [ [ 80.556249999999721, 6.504166666666585 ], [ 80.556249999999721, 6.514583333333228 ] ] ] } },
{ "type": "Feature", "properties": { "HYRIV_ID": 41407795, "NEXT_DOWN": 41407744, "MAIN_RIV": 41407423, "LENGTH_KM": 2.04, "DIST_DN_KM": 50.700001, "DIST_UP_KM": 9.1, "CATCH_SKM": 2.35, "UPLAND_SKM": 18.3, "ENDORHEIC": 0, "DIS_AV_CMS": 0.90600002, "ORD_STRA": 2, "ORD_CLAS": 4, "ORD_FLOW": 7, "HYBAS_L12": 4121159170.0, "Shape_Length": 0.018392556509899589 }, "geometry": { "type": "MultiLineString", "coordinates": [ [ [ 80.256249999999653, 6.502083333333211 ], [ 80.256249999999653, 6.510416666666565 ], [ 80.25208333333299, 6.514583333333228 ], [ 80.247916666666328, 6.514583333333228 ] ] ] } },
{ "type": "Feature", "properties": { "HYRIV_ID": 41407796, "NEXT_DOWN": 41407795, "MAIN_RIV": 41407423, "LENGTH_KM": 1.4400001, "DIST_DN_KM": 52.700001, "DIST_UP_KM": 3.7, "CATCH_SKM": 2.56, "UPLAND_SKM": 2.6, "ENDORHEIC": 0, "DIS_AV_CMS": 0.125, "ORD_STRA": 1, "ORD_CLAS": 5, "ORD_FLOW": 7, "HYBAS_L12": 4121159170.0, "Shape_Length": 0.013005501431617314 }, "geometry": { "type": "MultiLineString", "coordinates": [ [ [ 80.266666666666453, 6.508333333333248 ], [ 80.260416666666316, 6.502083333333211 ], [ 80.256249999999653, 6.502083333333211 ] ] ] } },
{ "type": "Feature", "properties": { "HYRIV_ID": 41407797, "NEXT_DOWN": 41407612, "MAIN_RIV": 41407423, "LENGTH_KM": 5.6300001, "DIST_DN_KM": 49.900002, "DIST_UP_KM": 7.3, "CATCH_SKM": 14.29, "UPLAND_SKM": 14.3, "ENDORHEIC": 0, "DIS_AV_CMS": 0.69800001, "ORD_STRA": 1, "ORD_CLAS": 4, "ORD_FLOW": 7, "HYBAS_L12": 4121159150.0, "Shape_Length": 0.050801617314226846 }, "geometry": { "type": "MultiLineString", "coordinates": [ [ [ 80.295833333332979, 6.499999999999879 ], [ 80.281249999999687, 6.514583333333228 ], [ 80.281249999999687, 6.522916666666539 ], [ 80.272916666666362, 6.53125 ], [ 80.272916666666362, 6.535416666666556 ], [ 80.268749999999699, 6.539583333333219 ] ] ] } },
{ "type": "Feature", "properties": { "HYRIV_ID": 41407798, "NEXT_DOWN": 41407614, "MAIN_RIV": 41407423, "LENGTH_KM": 5.54, "DIST_DN_KM": 52.8, "DIST_UP_KM": 7.1, "CATCH_SKM": 14.29, "UPLAND_SKM": 14.3, "ENDORHEIC": 0, "DIS_AV_CMS": 0.69400001, "ORD_STRA": 1, "ORD_CLAS": 4, "ORD_FLOW": 7, "HYBAS_L12": 4121159150.0, "Shape_Length": 0.049938672392577529 }, "geometry": { "type": "MultiLineString", "coordinates": [ [ [ 80.318749999999596, 6.499999999999879 ], [ 80.318749999999596, 6.50625 ], [ 80.314583333333047, 6.510416666666565 ], [ 80.314583333333047, 6.514583333333228 ], [ 80.293749999999733, 6.535416666666556 ], [ 80.293749999999733, 6.539583333333219 ] ] ] } },
{ "type": "Feature", "properties": { "HYRIV_ID": 41407799, "NEXT_DOWN": 41407747, "MAIN_RIV": 41407423, "LENGTH_KM": 3.34, "DIST_DN_KM": 95.300003, "DIST_UP_KM": 13.4, "CATCH_SKM": 9.8100004, "UPLAND_SKM": 43.099998, "ENDORHEIC": 0, "DIS_AV_CMS": 1.798, "ORD_STRA": 2, "ORD_CLAS": 2, "ORD_FLOW": 6, "HYBAS_L12": 4121602210.0, "Shape_Length": 0.030177669529663234 }, "geometry": { "type": "MultiLineString", "coordinates": [ [ [ 80.581249999999756, 6.502083333333211 ], [ 80.577083333332922, 6.50625 ], [ 80.572916666666373, 6.50625 ], [ 80.564583333333047, 6.514583333333228 ], [ 80.556249999999721, 6.514583333333228 ] ] ] } },
{ "type": "Feature", "properties": { "HYRIV_ID": 41407800, "NEXT_DOWN": 41407799, "MAIN_RIV": 41407423, "LENGTH_KM": 0.46, "DIST_DN_KM": 98.599998, "DIST_UP_KM": 10.0, "CATCH_SKM": 0.43, "UPLAND_SKM": 29.6, "ENDORHEIC": 0, "DIS_AV_CMS": 1.22, "ORD_STRA": 2, "ORD_CLAS": 2, "ORD_FLOW": 6, "HYBAS_L12": 4121602210.0, "Shape_Length": 0.0041666666665491903 }, "geometry": { "type": "MultiLineString", "coordinates": [ [ [ 80.585416666666305, 6.502083333333211 ], [ 80.581249999999756, 6.502083333333211 ] ] ] } },
{ "type": "Feature", "properties": { "HYRIV_ID": 41407826, "NEXT_DOWN": 41407779, "MAIN_RIV": 41407423, "LENGTH_KM": 1.9, "DIST_DN_KM": 67.099998, "DIST_UP_KM": 3.5, "CATCH_SKM": 6.1799998, "UPLAND_SKM": 6.2, "ENDORHEIC": 0, "DIS_AV_CMS": 0.296, "ORD_STRA": 1, "ORD_CLAS": 4, "ORD_FLOW": 7, "HYBAS_L12": 4121159340.0, "Shape_Length": 0.017172168098121852 }, "geometry": { "type": "MultiLineString", "coordinates": [ [ [ 80.34999999999971, 6.495833333333231 ], [ 80.356249999999619, 6.502083333333211 ], [ 80.360416666666282, 6.502083333333211 ], [ 80.360416666666282, 6.50625 ] ] ] } },
{ "type": "Feature", "properties": { "HYRIV_ID": 41407827, "NEXT_DOWN": 41407800, "MAIN_RIV": 41407423, "LENGTH_KM": 0.69, "DIST_DN_KM": 99.099998, "DIST_UP_KM": 3.6, "CATCH_SKM": 3.4100001, "UPLAND_SKM": 3.4, "ENDORHEIC": 0, "DIS_AV_CMS": 0.141, "ORD_STRA": 1, "ORD_CLAS": 3, "ORD_FLOW": 7, "HYBAS_L12": 4121602210.0, "Shape_Length": 0.0062499999999801048 }, "geometry": { "type": "MultiLineString", "coordinates": [ [ [ 80.585416666666305, 6.495833333333231 ], [ 80.585416666666305, 6.502083333333211 ] ] ] } },
{ "type": "Feature", "properties": { "HYRIV_ID": 41407843, "NEXT_DOWN": 41407746, "MAIN_RIV": 41407423, "LENGTH_KM": 3.73, "DIST_DN_KM": 65.5, "DIST_UP_KM": 33.400002, "CATCH_SKM": 6.6100001, "UPLAND_SKM": 107.9, "ENDORHEIC": 0, "DIS_AV_CMS": 4.9899998, "ORD_STRA": 2, "ORD_CLAS": 2, "ORD_FLOW": 6, "HYBAS_L12": 4121159340.0, "Shape_Length": 0.033629449216125804 }, "geometry": { "type": "MultiLineString", "coordinates": [ [ [ 80.397916666666362, 6.493749999999899 ], [ 80.381249999999653, 6.510416666666565 ], [ 80.37708333333299, 6.510416666666565 ], [ 80.372916666666328, 6.514583333333228 ] ] ] } },
{ "type": "Feature", "properties": { "HYRIV_ID": 41407844, "NEXT_DOWN": 41407843, "MAIN_RIV": 41407423, "LENGTH_KM": 0.69, "DIST_DN_KM": 69.099998, "DIST_UP_KM": 2.5, "CATCH_SKM": 3.6300001, "UPLAND_SKM": 3.6, "ENDORHEIC": 0, "DIS_AV_CMS": 0.169, "ORD_STRA": 1, "ORD_CLAS": 3, "ORD_FLOW": 7, "HYBAS_L12": 4121159340.0, "Shape_Length": 0.0062499999999090505 }, "geometry": { "type": "MultiLineString", "coordinates": [ [ [ 80.404166666666271, 6.493749999999899 ], [ 80.397916666666362, 6.493749999999899 ] ] ] } },
{ "type": "Feature", "properties": { "HYRIV_ID": 41407845, "NEXT_DOWN": 41407799, "MAIN_RIV": 41407423, "LENGTH_KM": 1.4400001, "DIST_DN_KM": 98.599998, "DIST_UP_KM": 3.8, "CATCH_SKM": 3.6300001, "UPLAND_SKM": 3.6, "ENDORHEIC": 0, "DIS_AV_CMS": 0.151, "ORD_STRA": 1, "ORD_CLAS": 3, "ORD_FLOW": 7, "HYBAS_L12": 4121602210.0, "Shape_Length": 0.01300550143157712 }, "geometry": { "type": "MultiLineString", "coordinates": [ [ [ 80.574999999999619, 6.491666666666568 ], [ 80.581249999999756, 6.497916666666548 ], [ 80.581249999999756, 6.502083333333211 ] ] ] } },
{ "type": "Feature", "properties": { "HYRIV_ID": 41407872, "NEXT_DOWN": 41407677, "MAIN_RIV": 41407423, "LENGTH_KM": 9.4899998, "DIST_DN_KM": 69.099998, "DIST_UP_KM": 26.0, "CATCH_SKM": 25.17, "UPLAND_SKM": 85.300003, "ENDORHEIC": 0, "DIS_AV_CMS": 3.9159999, "ORD_STRA": 2, "ORD_CLAS": 3, "ORD_FLOW": 6, "HYBAS_L12": 4121159330.0, "Shape_Length": 0.085651454942135677 }, "geometry": { "type": "MultiLineString", "coordinates": [ [ [ 80.464583333332968, 6.485416666666573 ], [ 80.460416666666305, 6.485416666666573 ], [ 80.44791666666643, 6.497916666666548 ], [ 80.443749999999596, 6.497916666666548 ], [ 80.439583333333047, 6.502083333333211 ], [ 80.435416666666271, 6.502083333333211 ], [ 80.427083333333059, 6.510416666666565 ], [ 80.422916666666396, 6.510416666666565 ], [ 80.41041666666635, 6.522916666666539 ], [ 80.414583333333013, 6.527083333333245 ], [ 80.41041666666635, 6.53125 ], [ 80.406249999999687, 6.53125 ] ] ] } },
{ "type": "Feature", "properties": { "HYRIV_ID": 41407888, "NEXT_DOWN": 41407872, "MAIN_RIV": 41407423, "LENGTH_KM": 0.69, "DIST_DN_KM": 78.599998, "DIST_UP_KM": 2.2, "CATCH_SKM": 3.4100001, "UPLAND_SKM": 3.4, "ENDORHEIC": 0, "DIS_AV_CMS": 0.154, "ORD_STRA": 1, "ORD_CLAS": 4, "ORD_FLOW": 7, "HYBAS_L12": 4121159330.0, "Shape_Length": 0.0062500000000227374 }, "geometry": { "type": "MultiLineString", "coordinates": [ [ [ 80.464583333332968, 6.479166666666551 ], [ 80.464583333332968, 6.485416666666573 ] ] ] } },
{ "type": "Feature", "properties": { "HYRIV_ID": 41407925, "NEXT_DOWN": 41407795, "MAIN_RIV": 41407423, "LENGTH_KM": 5.4400001, "DIST_DN_KM": 52.900002, "DIST_UP_KM": 6.9, "CATCH_SKM": 13.44, "UPLAND_SKM": 13.4, "ENDORHEIC": 0, "DIS_AV_CMS": 0.66100001, "ORD_STRA": 1, "ORD_CLAS": 4, "ORD_FLOW": 7, "HYBAS_L12": 4121159170.0, "Shape_Length": 0.049075727471043933 }, "geometry": { "type": "MultiLineString", "coordinates": [ [ [ 80.28333333333299, 6.479166666666551 ], [ 80.277083333333024, 6.472916666666556 ], [ 80.272916666666362, 6.472916666666556 ], [ 80.268749999999699, 6.477083333333219 ], [ 80.268749999999699, 6.48125 ], [ 80.264583333332979, 6.485416666666573 ], [ 80.264583333332979, 6.489583333333236 ], [ 80.260416666666316, 6.493749999999899 ], [ 80.260416666666316, 6.497916666666548 ], [ 80.256249999999653, 6.502083333333211 ] ] ] } },
{ "type": "Feature", "properties": { "HYRIV_ID": 41407946, "NEXT_DOWN": 41408047, "MAIN_RIV": 41407423, "LENGTH_KM": 1.4400001, "DIST_DN_KM": 70.900002, "DIST_UP_KM": 3.1, "CATCH_SKM": 5.12, "UPLAND_SKM": 5.1, "ENDORHEIC": 0, "DIS_AV_CMS": 0.24600001, "ORD_STRA": 1, "ORD_CLAS": 4, "ORD_FLOW": 7, "HYBAS_L12": 4121159170.0, "Shape_Length": 0.013005501431452373 }, "geometry": { "type": "MultiLineString", "coordinates": [ [ [ 80.329166666666339, 6.479166666666551 ], [ 80.335416666666305, 6.472916666666556 ], [ 80.335416666666305, 6.46875 ] ] ] } },
{ "type": "Feature", "properties": { "HYRIV_ID": 41407978, "NEXT_DOWN": 41407997, "MAIN_RIV": 41407423, "LENGTH_KM": 0.69, "DIST_DN_KM": 75.300003, "DIST_UP_KM": 2.2, "CATCH_SKM": 2.77, "UPLAND_SKM": 2.8, "ENDORHEIC": 0, "DIS_AV_CMS": 0.132, "ORD_STRA": 1, "ORD_CLAS": 4, "ORD_FLOW": 7, "HYBAS_L12": 4121159170.0, "Shape_Length": 0.0062499999999943157 }, "geometry": { "type": "MultiLineString", "coordinates": [ [ [ 80.368749999999665, 6.466666666666576 ], [ 80.368749999999665, 6.460416666666582 ] ] ] } },
{ "type": "Feature", "properties": { "HYRIV_ID": 41407979, "NEXT_DOWN": 41407800, "MAIN_RIV": 41407423, "LENGTH_KM": 7.6700001, "DIST_DN_KM": 99.099998, "DIST_UP_KM": 9.6, "CATCH_SKM": 25.809999, "UPLAND_SKM": 25.8, "ENDORHEIC": 0, "DIS_AV_CMS": 1.059, "ORD_STRA": 1, "ORD_CLAS": 2, "ORD_FLOW": 6, "HYBAS_L12": 4121602210.0, "Shape_Length": 0.069194173824076194 }, "geometry": { "type": "MultiLineString", "coordinates": [ [ [ 80.591666666666328, 6.45833333333325 ], [ 80.597916666666293, 6.464583333333245 ], [ 80.602083333332956, 6.464583333333245 ], [ 80.610416666666282, 6.472916666666556 ], [ 80.610416666666282, 6.477083333333219 ], [ 80.602083333332956, 6.485416666666573 ], [ 80.602083333332956, 6.493749999999899 ], [ 80.593749999999631, 6.502083333333211 ], [ 80.585416666666305, 6.502083333333211 ] ] ] } },
{ "type": "Feature", "properties": { "HYRIV_ID": 41407996, "NEXT_DOWN": 41408047, "MAIN_RIV": 41407423, "LENGTH_KM": 2.8800001, "DIST_DN_KM": 71.099998, "DIST_UP_KM": 7.5, "CATCH_SKM": 6.1900001, "UPLAND_SKM": 22.8, "ENDORHEIC": 0, "DIS_AV_CMS": 1.098, "ORD_STRA": 2, "ORD_CLAS": 3, "ORD_FLOW": 6, "HYBAS_L12": 4121159170.0, "Shape_Length": 0.026011002862963317 }, "geometry": { "type": "MultiLineString", "coordinates": [ [ [ 80.356249999999619, 6.45625 ], [ 80.352083333332956, 6.460416666666582 ], [ 80.343749999999631, 6.460416666666582 ], [ 80.335416666666305, 6.46875 ] ] ] } },
{ "type": "Feature", "properties": { "HYRIV_ID": 41407997, "NEXT_DOWN": 41407996, "MAIN_RIV": 41407423, "LENGTH_KM": 1.5700001, "DIST_DN_KM": 73.699997, "DIST_UP_KM": 4.8, "CATCH_SKM": 3.4100001, "UPLAND_SKM": 10.9, "ENDORHEIC": 0, "DIS_AV_CMS": 0.51700002, "ORD_STRA": 2, "ORD_CLAS": 3, "ORD_FLOW": 7, "HYBAS_L12": 4121159170.0, "Shape_Length": 0.014225889843255086 }, "geometry": { "type": "MultiLineString", "coordinates": [ [ [ 80.368749999999665, 6.460416666666582 ], [ 80.364583333332945, 6.460416666666582 ], [ 80.360416666666282, 6.45625 ], [ 80.356249999999619, 6.45625 ] ] ] } },
{ "type": "Feature", "properties": { "HYRIV_ID": 41407998, "NEXT_DOWN": 41407872, "MAIN_RIV": 41407423, "LENGTH_KM": 6.2199998, "DIST_DN_KM": 78.800003, "DIST_UP_KM": 16.3, "CATCH_SKM": 17.280001, "UPLAND_SKM": 56.700001, "ENDORHEIC": 0, "DIS_AV_CMS": 2.5009999, "ORD_STRA": 2, "ORD_CLAS": 3, "ORD_FLOW": 6, "HYBAS_L12": 4121159330.0, "Shape_Length": 0.056188672392633143 }, "geometry": { "type": "MultiLineString", "coordinates": [ [ [ 80.506249999999653, 6.45625 ], [ 80.50208333333299, 6.45625 ], [ 80.497916666666271, 6.460416666666582 ], [ 80.493749999999665, 6.460416666666582 ], [ 80.489583333332945, 6.464583333333245 ], [ 80.489583333332945, 6.46875 ], [ 80.485416666666282, 6.472916666666556 ], [ 80.481249999999619, 6.472916666666556 ], [ 80.477083333332956, 6.477083333333219 ], [ 80.472916666666293, 6.477083333333219 ], [ 80.464583333332968, 6.485416666666573 ] ] ] } },
{ "type": "Feature", "properties": { "HYRIV_ID": 41407999, "NEXT_DOWN": 41407998, "MAIN_RIV": 41407423, "LENGTH_KM": 8.1099997, "DIST_DN_KM": 84.800003, "DIST_UP_KM": 10.3, "CATCH_SKM": 30.5, "UPLAND_SKM": 30.5, "ENDORHEIC": 0, "DIS_AV_CMS": 1.2970001, "ORD_STRA": 1, "ORD_CLAS": 3, "ORD_FLOW": 6, "HYBAS_L12": 4121159330.0, "Shape_Length": 0.073212782549350361 }, "geometry": { "type": "MultiLineString", "coordinates": [ [ [ 80.562499999999631, 6.460416666666582 ], [ 80.556249999999721, 6.460416666666582 ], [ 80.552083333333059, 6.45625 ], [ 80.547916666666339, 6.45625 ], [ 80.543749999999676, 6.460416666666582 ], [ 80.53541666666635, 6.460416666666582 ], [ 80.531249999999687, 6.464583333333245 ], [ 80.527083333333024, 6.464583333333245 ], [ 80.522916666666305, 6.46875 ], [ 80.510416666666316, 6.46875 ], [ 80.506249999999653, 6.464583333333245 ], [ 80.506249999999653, 6.45625 ] ] ] } },
{ "type": "Feature", "properties": { "HYRIV_ID": 41408007, "NEXT_DOWN": 41407997, "MAIN_RIV": 41407423, "LENGTH_KM": 1.63, "DIST_DN_KM": 75.5, "DIST_UP_KM": 3.1, "CATCH_SKM": 4.6900001, "UPLAND_SKM": 4.7, "ENDORHEIC": 0, "DIS_AV_CMS": 0.221, "ORD_STRA": 1, "ORD_CLAS": 3, "ORD_FLOW": 7, "HYBAS_L12": 4121159170.0, "Shape_Length": 0.014731391274706343 }, "geometry": { "type": "MultiLineString", "coordinates": [ [ [ 80.379166666666293, 6.449999999999896 ], [ 80.368749999999665, 6.460416666666582 ] ] ] } },
{ "type": "Feature", "properties": { "HYRIV_ID": 41408023, "NEXT_DOWN": 41408070, "MAIN_RIV": 41407423, "LENGTH_KM": 2.9200001, "DIST_DN_KM": 62.700001, "DIST_UP_KM": 4.9, "CATCH_SKM": 4.6900001, "UPLAND_SKM": 4.7, "ENDORHEIC": 0, "DIS_AV_CMS": 0.229, "ORD_STRA": 1, "ORD_CLAS": 5, "ORD_FLOW": 7, "HYBAS_L12": 4121159170.0, "Shape_Length": 0.026368446353089305 }, "geometry": { "type": "MultiLineString", "coordinates": [ [ [ 80.291666666666316, 6.464583333333245 ], [ 80.28541666666635, 6.464583333333245 ], [ 80.281249999999687, 6.460416666666582 ], [ 80.28541666666635, 6.45625 ], [ 80.28541666666635, 6.447916666666565 ] ] ] } },
{ "type": "Feature", "properties": { "HYRIV_ID": 41408024, "NEXT_DOWN": 41408070, "MAIN_RIV": 41407423, "LENGTH_KM": 3.07, "DIST_DN_KM": 62.900002, "DIST_UP_KM": 15.7, "CATCH_SKM": 5.12, "UPLAND_SKM": 51.200001, "ENDORHEIC": 0, "DIS_AV_CMS": 2.536, "ORD_STRA": 2, "ORD_CLAS": 3, "ORD_FLOW": 6, "HYBAS_L12": 4121159170.0, "Shape_Length": 0.027736892706229768 }, "geometry": { "type": "MultiLineString", "coordinates": [ [ [ 80.306249999999608, 6.447916666666565 ], [ 80.297916666666396, 6.45625 ], [ 80.293749999999733, 6.452083333333228 ], [ 80.289583333333013, 6.452083333333228 ], [ 80.28541666666635, 6.447916666666565 ] ] ] } },
{ "type": "Feature", "properties": { "HYRIV_ID": 41408025, "NEXT_DOWN": 41408024, "MAIN_RIV": 41407423, "LENGTH_KM": 4.6, "DIST_DN_KM": 65.800003, "DIST_UP_KM": 6.0, "CATCH_SKM": 7.46, "UPLAND_SKM": 7.5, "ENDORHEIC": 0, "DIS_AV_CMS": 0.364, "ORD_STRA": 1, "ORD_CLAS": 4, "ORD_FLOW": 7, "HYBAS_L12": 4121159170.0, "Shape_Length": 0.041457281117884888 }, "geometry": { "type": "MultiLineString", "coordinates": [ [ [ 80.312499999999631, 6.479166666666551 ], [ 80.318749999999596, 6.472916666666556 ], [ 80.318749999999596, 6.46875 ], [ 80.314583333333047, 6.464583333333245 ], [ 80.314583333333047, 6.45625 ], [ 80.310416666666271, 6.452083333333228 ], [ 80.310416666666271, 6.447916666666565 ], [ 80.306249999999608, 6.447916666666565 ] ] ] } },
{ "type": "Feature", "properties": { "HYRIV_ID": 41408026, "NEXT_DOWN": 41407998, "MAIN_RIV": 41407423, "LENGTH_KM": 1.9, "DIST_DN_KM": 84.800003, "DIST_UP_KM": 4.5, "CATCH_SKM": 8.96, "UPLAND_SKM": 9.0, "ENDORHEIC": 0, "DIS_AV_CMS": 0.38600001, "ORD_STRA": 1, "ORD_CLAS": 4, "ORD_FLOW": 7, "HYBAS_L12": 4121159330.0, "Shape_Length": 0.017172168098172094 }, "geometry": { "type": "MultiLineString", "coordinates": [ [ [ 80.516666666666282, 6.445833333333233 ], [ 80.510416666666316, 6.452083333333228 ], [ 80.510416666666316, 6.45625 ], [ 80.506249999999653, 6.45625 ] ] ] } },
{ "type": "Feature", "properties": { "HYRIV_ID": 41408047, "NEXT_DOWN": 41408024, "MAIN_RIV": 41407423, "LENGTH_KM": 5.1100001, "DIST_DN_KM": 65.900002, "DIST_UP_KM": 12.6, "CATCH_SKM": 10.66, "UPLAND_SKM": 38.599998, "ENDORHEIC": 0, "DIS_AV_CMS": 1.893, "ORD_STRA": 2, "ORD_CLAS": 3, "ORD_FLOW": 6, "HYBAS_L12": 4121159170.0, "Shape_Length": 0.046129449216170272 }, "geometry": { "type": "MultiLineString", "coordinates": [ [ [ 80.335416666666305, 6.46875 ], [ 80.331249999999642, 6.46875 ], [ 80.327083333332922, 6.464583333333245 ], [ 80.327083333332922, 6.460416666666582 ], [ 80.32291666666643, 6.45625 ], [ 80.32291666666643, 6.452083333333228 ], [ 80.314583333333047, 6.44375 ], [ 80.310416666666271, 6.44375 ], [ 80.306249999999608, 6.447916666666565 ] ] ] } },
{ "type": "Feature", "properties": { "HYRIV_ID": 41408048, "NEXT_DOWN": 41407996, "MAIN_RIV": 41407423, "LENGTH_KM": 2.1, "DIST_DN_KM": 73.900002, "DIST_UP_KM": 3.8, "CATCH_SKM": 5.7600002, "UPLAND_SKM": 5.8, "ENDORHEIC": 0, "DIS_AV_CMS": 0.274, "ORD_STRA": 1, "ORD_CLAS": 4, "ORD_FLOW": 7, "HYBAS_L12": 4121159170.0, "Shape_Length": 0.018898057941369218 }, "geometry": { "type": "MultiLineString", "coordinates": [ [ [ 80.358333333332922, 6.441666666666585 ], [ 80.352083333332956, 6.447916666666565 ], [ 80.352083333332956, 6.452083333333228 ], [ 80.356249999999619, 6.45625 ] ] ] } },
{ "type": "Feature", "properties": { "HYRIV_ID": 41408049, "NEXT_DOWN": 41407779, "MAIN_RIV": 41407423, "LENGTH_KM": 9.6899996, "DIST_DN_KM": 67.300003, "DIST_UP_KM": 21.4, "CATCH_SKM": 19.200001, "UPLAND_SKM": 63.599998, "ENDORHEIC": 0, "DIS_AV_CMS": 3.063, "ORD_STRA": 2, "ORD_CLAS": 3, "ORD_FLOW": 6, "HYBAS_L12": 4121159340.0, "Shape_Length": 0.087377344785389235 }, "geometry": { "type": "MultiLineString", "coordinates": [ [ [ 80.414583333333013, 6.44375 ], [ 80.414583333333013, 6.447916666666565 ], [ 80.397916666666362, 6.464583333333245 ], [ 80.393749999999642, 6.464583333333245 ], [ 80.393749999999642, 6.46875 ], [ 80.364583333332945, 6.497916666666548 ], [ 80.364583333332945, 6.502083333333211 ], [ 80.360416666666282, 6.50625 ] ] ] } },
{ "type": "Feature", "properties": { "HYRIV_ID": 41408068, "NEXT_DOWN": 41407769, "MAIN_RIV": 41407423, "LENGTH_KM": 9.5900002, "DIST_DN_KM": 51.3, "DIST_UP_KM": 27.3, "CATCH_SKM": 25.379999, "UPLAND_SKM": 140.39999, "ENDORHEIC": 0, "DIS_AV_CMS": 7.2150002, "ORD_STRA": 3, "ORD_CLAS": 3, "ORD_FLOW": 6, "HYBAS_L12": 4121159170.0, "Shape_Length": 0.086366341922413228 }, "geometry": { "type": "MultiLineString", "coordinates": [ [ [ 80.272916666666362, 6.439583333333253 ], [ 80.268749999999699, 6.44375 ], [ 80.268749999999699, 6.447916666666565 ], [ 80.264583333332979, 6.452083333333228 ], [ 80.264583333332979, 6.45625 ], [ 80.260416666666316, 6.460416666666582 ], [ 80.260416666666316, 6.464583333333245 ], [ 80.247916666666328, 6.477083333333219 ], [ 80.247916666666328, 6.48125 ], [ 80.239583333332945, 6.489583333333236 ], [ 80.239583333332945, 6.502083333333211 ], [ 80.243749999999665, 6.50625 ], [ 80.243749999999665, 6.510416666666565 ] ] ] } },
{ "type": "Feature", "properties": { "HYRIV_ID": 41408069, "NEXT_DOWN": 41408068, "MAIN_RIV": 41407423, "LENGTH_KM": 0.46, "DIST_DN_KM": 60.900002, "DIST_UP_KM": 17.700001, "CATCH_SKM": 1.0700001, "UPLAND_SKM": 84.5, "ENDORHEIC": 0, "DIS_AV_CMS": 4.1880002, "ORD_STRA": 2, "ORD_CLAS": 3, "ORD_FLOW": 6, "HYBAS_L12": 4121159170.0, "Shape_Length": 0.0041666666666628771 }, "geometry": { "type": "MultiLineString", "coordinates": [ [ [ 80.277083333333024, 6.439583333333253 ], [ 80.272916666666362, 6.439583333333253 ] ] ] } },
{ "type": "Feature", "properties": { "HYRIV_ID": 41408070, "NEXT_DOWN": 41408069, "MAIN_RIV": 41407423, "LENGTH_KM": 1.31, "DIST_DN_KM": 61.599998, "DIST_UP_KM": 17.0, "CATCH_SKM": 1.92, "UPLAND_SKM": 74.900002, "ENDORHEIC": 0, "DIS_AV_CMS": 3.711, "ORD_STRA": 2, "ORD_CLAS": 3, "ORD_FLOW": 6, "HYBAS_L12": 4121159170.0, "Shape_Length": 0.011785113019755026 }, "geometry": { "type": "MultiLineString", "coordinates": [ [ [ 80.28541666666635, 6.447916666666565 ], [ 80.277083333333024, 6.439583333333253 ] ] ] } },
{ "type": "Feature", "properties": { "HYRIV_ID": 41408071, "NEXT_DOWN": 41407843, "MAIN_RIV": 41407423, "LENGTH_KM": 9.2200003, "DIST_DN_KM": 69.099998, "DIST_UP_KM": 29.9, "CATCH_SKM": 26.66, "UPLAND_SKM": 97.699997, "ENDORHEIC": 0, "DIS_AV_CMS": 4.454, "ORD_STRA": 2, "ORD_CLAS": 2, "ORD_FLOW": 6, "HYBAS_L12": 4121159340.0, "Shape_Length": 0.083210678118549222 }, "geometry": { "type": "MultiLineString", "coordinates": [ [ [ 80.456249999999642, 6.439583333333253 ], [ 80.452083333332922, 6.44375 ], [ 80.44791666666643, 6.44375 ], [ 80.41041666666635, 6.48125 ], [ 80.406249999999687, 6.48125 ], [ 80.397916666666362, 6.489583333333236 ], [ 80.397916666666362, 6.493749999999899 ] ] ] } },
{ "type": "Feature", "properties": { "HYRIV_ID": 41408072, "NEXT_DOWN": 41408071, "MAIN_RIV": 41407423, "LENGTH_KM": 1.62, "DIST_DN_KM": 78.300003, "DIST_UP_KM": 4.1, "CATCH_SKM": 4.6900001, "UPLAND_SKM": 4.7, "ENDORHEIC": 0, "DIS_AV_CMS": 0.211, "ORD_STRA": 1, "ORD_CLAS": 3, "ORD_FLOW": 7, "HYBAS_L12": 4121159340.0, "Shape_Length": 0.014583333333305859 }, "geometry": { "type": "MultiLineString", "coordinates": [ [ [ 80.460416666666305, 6.449999999999896 ], [ 80.460416666666305, 6.439583333333253 ], [ 80.456249999999642, 6.439583333333253 ] ] ] } },
{ "type": "Feature", "properties": { "HYRIV_ID": 41408124, "NEXT_DOWN": 41408143, "MAIN_RIV": 41407423, "LENGTH_KM": 0.69, "DIST_DN_KM": 87.099998, "DIST_UP_KM": 2.9, "CATCH_SKM": 3.2, "UPLAND_SKM": 3.2, "ENDORHEIC": 0, "DIS_AV_CMS": 0.13500001, "ORD_STRA": 1, "ORD_CLAS": 3, "ORD_FLOW": 7, "HYBAS_L12": 4121159340.0, "Shape_Length": 0.0062499999999658939 }, "geometry": { "type": "MultiLineString", "coordinates": [ [ [ 80.53333333333299, 6.427083333333236 ], [ 80.527083333333024, 6.427083333333236 ] ] ] } },
{ "type": "Feature", "properties": { "HYRIV_ID": 41408142, "NEXT_DOWN": 41408070, "MAIN_RIV": 41407423, "LENGTH_KM": 7.6599998, "DIST_DN_KM": 62.700001, "DIST_UP_KM": 10.2, "CATCH_SKM": 17.07, "UPLAND_SKM": 17.1, "ENDORHEIC": 0, "DIS_AV_CMS": 0.834, "ORD_STRA": 1, "ORD_CLAS": 4, "ORD_FLOW": 7, "HYBAS_L12": 4121159170.0, "Shape_Length": 0.069194173824102173 }, "geometry": { "type": "MultiLineString", "coordinates": [ [ [ 80.337499999999665, 6.420833333333242 ], [ 80.327083333332922, 6.431249999999885 ], [ 80.310416666666271, 6.431249999999885 ], [ 80.306249999999608, 6.427083333333236 ], [ 80.293749999999733, 6.439583333333253 ], [ 80.293749999999733, 6.44375 ], [ 80.289583333333013, 6.447916666666565 ], [ 80.28541666666635, 6.447916666666565 ] ] ] } },
{ "type": "Feature", "properties": { "HYRIV_ID": 41408143, "NEXT_DOWN": 41408071, "MAIN_RIV": 41407423, "LENGTH_KM": 8.79, "DIST_DN_KM": 78.5, "DIST_UP_KM": 20.5, "CATCH_SKM": 22.4, "UPLAND_SKM": 66.300003, "ENDORHEIC": 0, "DIS_AV_CMS": 2.868, "ORD_STRA": 2, "ORD_CLAS": 2, "ORD_FLOW": 6, "HYBAS_L12": 4121159340.0, "Shape_Length": 0.079462782549500996 }, "geometry": { "type": "MultiLineString", "coordinates": [ [ [ 80.527083333333024, 6.427083333333236 ], [ 80.518749999999642, 6.427083333333236 ], [ 80.514583333332979, 6.422916666666573 ], [ 80.510416666666316, 6.427083333333236 ], [ 80.477083333332956, 6.427083333333236 ], [ 80.472916666666293, 6.431249999999885 ], [ 80.468749999999631, 6.431249999999885 ], [ 80.464583333332968, 6.435416666666548 ], [ 80.460416666666305, 6.435416666666548 ], [ 80.456249999999642, 6.439583333333253 ] ] ] } },
{ "type": "Feature", "properties": { "HYRIV_ID": 41408161, "NEXT_DOWN": 41408049, "MAIN_RIV": 41407423, "LENGTH_KM": 7.14, "DIST_DN_KM": 76.800003, "DIST_UP_KM": 11.9, "CATCH_SKM": 16.0, "UPLAND_SKM": 23.9, "ENDORHEIC": 0, "DIS_AV_CMS": 1.099, "ORD_STRA": 2, "ORD_CLAS": 3, "ORD_FLOW": 6, "HYBAS_L12": 4121159340.0, "Shape_Length": 0.064522005725828863 }, "geometry": { "type": "MultiLineString", "coordinates": [ [ [ 80.468749999999631, 6.41875 ], [ 80.456249999999642, 6.41875 ], [ 80.452083333332922, 6.422916666666573 ], [ 80.44791666666643, 6.422916666666573 ], [ 80.443749999999596, 6.427083333333236 ], [ 80.439583333333047, 6.427083333333236 ], [ 80.431249999999608, 6.435416666666548 ], [ 80.427083333333059, 6.435416666666548 ], [ 80.418749999999676, 6.44375 ], [ 80.414583333333013, 6.44375 ] ] ] } },
{ "type": "Feature", "properties": { "HYRIV_ID": 41408183, "NEXT_DOWN": 41408161, "MAIN_RIV": 41407423, "LENGTH_KM": 1.8, "DIST_DN_KM": 84.099998, "DIST_UP_KM": 4.5, "CATCH_SKM": 3.6300001, "UPLAND_SKM": 3.6, "ENDORHEIC": 0, "DIS_AV_CMS": 0.16, "ORD_STRA": 1, "ORD_CLAS": 3, "ORD_FLOW": 7, "HYBAS_L12": 4121159340.0, "Shape_Length": 0.016309223176501259 }, "geometry": { "type": "MultiLineString", "coordinates": [ [ [ 80.483333333332922, 6.414583333333262 ], [ 80.472916666666293, 6.414583333333262 ], [ 80.468749999999631, 6.41875 ] ] ] } },
{ "type": "Feature", "properties": { "HYRIV_ID": 41408184, "NEXT_DOWN": 41408143, "MAIN_RIV": 41407423, "LENGTH_KM": 6.4899998, "DIST_DN_KM": 87.300003, "DIST_UP_KM": 11.7, "CATCH_SKM": 25.379999, "UPLAND_SKM": 40.700001, "ENDORHEIC": 0, "DIS_AV_CMS": 1.683, "ORD_STRA": 2, "ORD_CLAS": 2, "ORD_FLOW": 6, "HYBAS_L12": 4121159340.0, "Shape_Length": 0.058629449215969284 }, "geometry": { "type": "MultiLineString", "coordinates": [ [ [ 80.577083333332922, 6.414583333333262 ], [ 80.572916666666373, 6.41875 ], [ 80.564583333333047, 6.41875 ], [ 80.560416666666271, 6.422916666666573 ], [ 80.552083333333059, 6.422916666666573 ], [ 80.547916666666339, 6.41875 ], [ 80.543749999999676, 6.422916666666573 ], [ 80.531249999999687, 6.422916666666573 ], [ 80.527083333333024, 6.427083333333236 ] ] ] } },
{ "type": "Feature", "properties": { "HYRIV_ID": 41408185, "NEXT_DOWN": 41408184, "MAIN_RIV": 41407423, "LENGTH_KM": 2.46, "DIST_DN_KM": 93.599998, "DIST_UP_KM": 4.9, "CATCH_SKM": 9.1700001, "UPLAND_SKM": 9.2, "ENDORHEIC": 0, "DIS_AV_CMS": 0.37200001, "ORD_STRA": 1, "ORD_CLAS": 3, "ORD_FLOW": 7, "HYBAS_L12": 4121159340.0, "Shape_Length": 0.022201779686530781 }, "geometry": { "type": "MultiLineString", "coordinates": [ [ [ 80.59583333333299, 6.422916666666573 ], [ 80.589583333332968, 6.422916666666573 ], [ 80.581249999999756, 6.414583333333262 ], [ 80.577083333332922, 6.414583333333262 ] ] ] } },
{ "type": "Feature", "properties": { "HYRIV_ID": 41408215, "NEXT_DOWN": 41408068, "MAIN_RIV": 41407423, "LENGTH_KM": 3.62, "DIST_DN_KM": 60.900002, "DIST_UP_KM": 14.1, "CATCH_SKM": 9.3900003, "UPLAND_SKM": 30.5, "ENDORHEIC": 0, "DIS_AV_CMS": 1.512, "ORD_STRA": 2, "ORD_CLAS": 4, "ORD_FLOW": 6, "HYBAS_L12": 4121159170.0, "Shape_Length": 0.032618446353140464 }, "geometry": { "type": "MultiLineString", "coordinates": [ [ [ 80.272916666666362, 6.410416666666556 ], [ 80.272916666666362, 6.414583333333262 ], [ 80.268749999999699, 6.41875 ], [ 80.268749999999699, 6.431249999999885 ], [ 80.272916666666362, 6.435416666666548 ], [ 80.272916666666362, 6.439583333333253 ] ] ] } },
{ "type": "Feature", "properties": { "HYRIV_ID": 41408216, "NEXT_DOWN": 41408215, "MAIN_RIV": 41407423, "LENGTH_KM": 0.69, "DIST_DN_KM": 64.5, "DIST_UP_KM": 2.9, "CATCH_SKM": 2.56, "UPLAND_SKM": 2.6, "ENDORHEIC": 0, "DIS_AV_CMS": 0.124, "ORD_STRA": 1, "ORD_CLAS": 5, "ORD_FLOW": 7, "HYBAS_L12": 4121159170.0, "Shape_Length": 0.0062499999999090505 }, "geometry": { "type": "MultiLineString", "coordinates": [ [ [ 80.279166666666271, 6.410416666666556 ], [ 80.272916666666362, 6.410416666666556 ] ] ] } },
{ "type": "Feature", "properties": { "HYRIV_ID": 41408217, "NEXT_DOWN": 41408069, "MAIN_RIV": 41407423, "LENGTH_KM": 4.52, "DIST_DN_KM": 61.400002, "DIST_UP_KM": 6.8, "CATCH_SKM": 8.5299997, "UPLAND_SKM": 8.5, "ENDORHEIC": 0, "DIS_AV_CMS": 0.415, "ORD_STRA": 1, "ORD_CLAS": 4, "ORD_FLOW": 7, "HYBAS_L12": 4121159170.0, "Shape_Length": 0.040742394137708131 }, "geometry": { "type": "MultiLineString", "coordinates": [ [ [ 80.299999999999642, 6.408333333333225 ], [ 80.293749999999733, 6.414583333333262 ], [ 80.293749999999733, 6.41875 ], [ 80.277083333333024, 6.435416666666548 ], [ 80.277083333333024, 6.439583333333253 ] ] ] } },
{ "type": "Feature", "properties": { "HYRIV_ID": 41408218, "NEXT_DOWN": 41408161, "MAIN_RIV": 41407423, "LENGTH_KM": 1.16, "DIST_DN_KM": 83.900002, "DIST_UP_KM": 3.9, "CATCH_SKM": 4.27, "UPLAND_SKM": 4.3, "ENDORHEIC": 0, "DIS_AV_CMS": 0.19, "ORD_STRA": 1, "ORD_CLAS": 4, "ORD_FLOW": 7, "HYBAS_L12": 4121159340.0, "Shape_Length": 0.010416666666685614 }, "geometry": { "type": "MultiLineString", "coordinates": [ [ [ 80.468749999999631, 6.408333333333225 ], [ 80.468749999999631, 6.41875 ] ] ] } },
{ "type": "Feature", "properties": { "HYRIV_ID": 41408233, "NEXT_DOWN": 41408184, "MAIN_RIV": 41407423, "LENGTH_KM": 2.09, "DIST_DN_KM": 93.699997, "DIST_UP_KM": 5.2, "CATCH_SKM": 6.1900001, "UPLAND_SKM": 6.2, "ENDORHEIC": 0, "DIS_AV_CMS": 0.251, "ORD_STRA": 1, "ORD_CLAS": 2, "ORD_FLOW": 7, "HYBAS_L12": 4121159340.0, "Shape_Length": 0.018898057941416309 }, "geometry": { "type": "MultiLineString", "coordinates": [ [ [ 80.591666666666328, 6.404166666666576 ], [ 80.585416666666305, 6.410416666666556 ], [ 80.581249999999756, 6.410416666666556 ], [ 80.577083333332922, 6.414583333333262 ] ] ] } },
{ "type": "Feature", "properties": { "HYRIV_ID": 41408260, "NEXT_DOWN": 41408049, "MAIN_RIV": 41407423, "LENGTH_KM": 7.3800001, "DIST_DN_KM": 77.0, "DIST_UP_KM": 9.6, "CATCH_SKM": 20.48, "UPLAND_SKM": 20.5, "ENDORHEIC": 0, "DIS_AV_CMS": 0.96, "ORD_STRA": 1, "ORD_CLAS": 4, "ORD_FLOW": 7, "HYBAS_L12": 4121159340.0, "Shape_Length": 0.06660533905923767 }, "geometry": { "type": "MultiLineString", "coordinates": [ [ [ 80.429166666666305, 6.402083333333245 ], [ 80.422916666666396, 6.402083333333245 ], [ 80.41041666666635, 6.414583333333262 ], [ 80.406249999999687, 6.414583333333262 ], [ 80.402083333333024, 6.41875 ], [ 80.402083333333024, 6.435416666666548 ], [ 80.406249999999687, 6.439583333333253 ], [ 80.41041666666635, 6.439583333333253 ], [ 80.414583333333013, 6.44375 ] ] ] } },
{ "type": "Feature", "properties": { "HYRIV_ID": 41408526, "NEXT_DOWN": 41408215, "MAIN_RIV": 41407423, "LENGTH_KM": 8.5100002, "DIST_DN_KM": 64.699997, "DIST_UP_KM": 10.3, "CATCH_SKM": 18.559999, "UPLAND_SKM": 18.6, "ENDORHEIC": 0, "DIS_AV_CMS": 0.91100001, "ORD_STRA": 1, "ORD_CLAS": 4, "ORD_FLOW": 7, "HYBAS_L12": 4121159170.0, "Shape_Length": 0.076664562235864889 }, "geometry": { "type": "MultiLineString", "coordinates": [ [ [ 80.28541666666635, 6.345833333333225 ], [ 80.28541666666635, 6.35625 ], [ 80.281249999999687, 6.360416666666573 ], [ 80.281249999999687, 6.364583333333236 ], [ 80.277083333333024, 6.368749999999885 ], [ 80.277083333333024, 6.372916666666548 ], [ 80.272916666666362, 6.377083333333253 ], [ 80.281249999999687, 6.385416666666565 ], [ 80.281249999999687, 6.393749999999876 ], [ 80.277083333333024, 6.397916666666539 ], [ 80.277083333333024, 6.406249999999893 ], [ 80.272916666666362, 6.410416666666556 ] ] ] } }
]
}
