{
"type": "FeatureCollection",
"name": "main_river_41409740",
"crs": { "type": "name", "properties": { "name": "urn:ogc:def:crs:OGC:1.3:CRS84" } },
"features": [
{ "type": "Feature", "properties": { "HYRIV_ID": 41406511, "NEXT_DOWN": 41406524, "MAIN_RIV": 41409740, "LENGTH_KM": 3.01, "DIST_DN_KM": 103.9, "DIST_UP_KM": 6.8, "CATCH_SKM": 12.36, "UPLAND_SKM": 12.4, "ENDORHEIC": 0, "DIS_AV_CMS": 0.43900001, "ORD_STRA": 1, "ORD_CLAS": 2, "ORD_FLOW": 7, "HYBAS_L12": 4121602180.0, "Shape_Length": 0.027231391274721673 }, "geometry": { "type": "Polygon", "coordinates": [ ] } },
{ "type": "Feature", "properties": { "HYRIV_ID": 41406512, "NEXT_DOWN": 41406524, "MAIN_RIV": 41409740, "LENGTH_KM": 2.83, "DIST_DN_KM": 103.7, "DIST_UP_KM": 4.9, "CATCH_SKM": 11.3, "UPLAND_SKM": 11.3, "ENDORHEIC": 0, "DIS_AV_CMS": 0.39300001, "ORD_STRA": 1, "ORD_CLAS": 3, "ORD_FLOW": 7, "HYBAS_L12": 4121602180.0, "Shape_Length": 0.025505501431461103 }, "geometry": { "type": "Polygon", "coordinates": [ ] } },
{ "type": "Feature", "properties": { "HYRIV_ID": 41406524, "NEXT_DOWN": 41406574, "MAIN_RIV": 41409740, "LENGTH_KM": 0.65, "DIST_DN_KM": 103.2, "DIST_UP_KM": 7.4, "CATCH_SKM": 0.43, "UPLAND_SKM": 24.1, "ENDORHEIC": 0, "DIS_AV_CMS": 0.848, "ORD_STRA": 2, "ORD_CLAS": 2, "ORD_FLOW": 7, "HYBAS_L12": 4121602180.0, "Shape_Length": 0.0058925565098825365 }, "geometry": { "type": "Polygon", "coordinates": [ ] } },
{ "type": "Feature", "properties": { "HYRIV_ID": 41406525, "NEXT_DOWN": 41406574, "MAIN_RIV": 41409740, "LENGTH_KM": 2.29, "DIST_DN_KM": 103.2, "DIST_UP_KM": 4.2, "CATCH_SKM": 6.8200002, "UPLAND_SKM": 6.8, "ENDORHEIC": 0, "DIS_AV_CMS": 0.233, "ORD_STRA": 1, "ORD_CLAS": 3, "ORD_FLOW": 7, "HYBAS_L12": 4121602180.0, "Shape_Length": 0.020623947784639121 }, "geometry": { "type": "Polygon", "coordinates": [ ] } },
{ "type": "Feature", "properties": { "HYRIV_ID": 41406574, "NEXT_DOWN": 41406658, "MAIN_RIV": 41409740, "LENGTH_KM": 1.12, "DIST_DN_KM": 101.9, "DIST_UP_KM": 8.7, "CATCH_SKM": 2.77, "UPLAND_SKM": 33.700001, "ENDORHEIC": 0, "DIS_AV_CMS": 1.18, "ORD_STRA": 2, "ORD_CLAS": 2, "ORD_FLOW": 6, "HYBAS_L12": 4121602180.0, "Shape_Length": 0.010059223176565511 }, "geometry": { "type": "Polygon", "coordinates": [ ] } },
{ "type": "Feature", "properties": { "HYRIV_ID": 41406575, "NEXT_DOWN": 41406658, "MAIN_RIV": 41409740, "LENGTH_KM": 0.69, "DIST_DN_KM": 101.9, "DIST_UP_KM": 4.5, "CATCH_SKM": 4.2600002, "UPLAND_SKM": 4.3, "ENDORHEIC": 0, "DIS_AV_CMS": 0.145, "ORD_STRA": 1, "ORD_CLAS": 3, "ORD_FLOW": 7, "HYBAS_L12": 4121602180.0, "Shape_Length": 0.0062500000000227374 }, "geometry": { "type": "Polygon", "coordinates": [ ] } },
{ "type": "Feature", "properties": { "HYRIV_ID": 41406654, "NEXT_DOWN": 41406656, "MAIN_RIV": 41409740, "LENGTH_KM": 1.61, "DIST_DN_KM": 105.7, "DIST_UP_KM": 4.0, "CATCH_SKM": 4.0500002, "UPLAND_SKM": 4.0, "ENDORHEIC": 0, "DIS_AV_CMS": 0.155, "ORD_STRA": 1, "ORD_CLAS": 3, "ORD_FLOW": 7, "HYBAS_L12": 4121158970.0, "Shape_Length": 0.014583333333291648 }, "geometry": { "type": "Polygon", "coordinates": [ ] } },
{ "type": "Feature", "properties": { "HYRIV_ID": 41406655, "NEXT_DOWN": 41406656, "MAIN_RIV": 41409740, "LENGTH_KM": 1.63, "DIST_DN_KM": 105.9, "DIST_UP_KM": 3.7, "CATCH_SKM": 5.12, "UPLAND_SKM": 5.1, "ENDORHEIC": 0, "DIS_AV_CMS": 0.195, "ORD_STRA": 1, "ORD_CLAS": 4, "ORD_FLOW": 7, "HYBAS_L12": 4121158970.0, "Shape_Length": 0.014731391274666147 }, "geometry": { "type": "Polygon", "coordinates": [ ] } },
{ "type": "Feature", "properties": { "HYRIV_ID": 41406656, "NEXT_DOWN": 41406837, "MAIN_RIV": 41409740, "LENGTH_KM": 0.46, "DIST_DN_KM": 105.3, "DIST_UP_KM": 4.5, "CATCH_SKM": 0.64, "UPLAND_SKM": 9.8, "ENDORHEIC": 0, "DIS_AV_CMS": 0.37400001, "ORD_STRA": 2, "ORD_CLAS": 3, "ORD_FLOW": 7, "HYBAS_L12": 4121158970.0, "Shape_Length": 0.0041666666667197205 }, "geometry": { "type": "Polygon", "coordinates": [ ] } },
{ "type": "Feature", "properties": { "HYRIV_ID": 41406657, "NEXT_DOWN": 41406837, "MAIN_RIV": 41409740, "LENGTH_KM": 10.55, "DIST_DN_KM": 105.3, "DIST_UP_KM": 13.3, "CATCH_SKM": 24.3, "UPLAND_SKM": 24.3, "ENDORHEIC": 0, "DIS_AV_CMS": 0.9, "ORD_STRA": 1, "ORD_CLAS": 2, "ORD_FLOW": 7, "HYBAS_L12": 4121158970.0, "Shape_Length": 0.095205176687138265 }, "geometry": { "type": "Polygon", "coordinates": [ ] } },
{ "type": "Feature", "properties": { "HYRIV_ID": 41406658, "NEXT_DOWN": 41406695, "MAIN_RIV": 41409740, "LENGTH_KM": 1.85, "DIST_DN_KM": 100.1, "DIST_UP_KM": 10.6, "CATCH_SKM": 3.2, "UPLAND_SKM": 41.099998, "ENDORHEIC": 0, "DIS_AV_CMS": 1.4450001, "ORD_STRA": 2, "ORD_CLAS": 2, "ORD_FLOW": 6, "HYBAS_L12": 4121602180.0, "Shape_Length": 0.01666666666667993 }, "geometry": { "type": "Polygon", "coordinates": [ ] } },
{ "type": "Feature", "properties": { "HYRIV_ID": 41406659, "NEXT_DOWN": 41406695, "MAIN_RIV": 41409740, "LENGTH_KM": 1.61, "DIST_DN_KM": 100.1, "DIST_UP_KM": 3.2, "CATCH_SKM": 6.1799998, "UPLAND_SKM": 6.2, "ENDORHEIC": 0, "DIS_AV_CMS": 0.211, "ORD_STRA": 1, "ORD_CLAS": 3, "ORD_FLOW": 7, "HYBAS_L12": 4121602180.0, "Shape_Length": 0.014583333333405335 }, "geometry": { "type": "Polygon", "coordinates": [ ] } },
{ "type": "Feature", "properties": { "HYRIV_ID": 41406660, "NEXT_DOWN": 41406854, "MAIN_RIV": 41409740, "LENGTH_KM": 2.27, "DIST_DN_KM": 97.599998, "DIST_UP_KM": 4.8, "CATCH_SKM": 6.1799998, "UPLAND_SKM": 6.2, "ENDORHEIC": 0, "DIS_AV_CMS": 0.20900001, "ORD_STRA": 1, "ORD_CLAS": 4, "ORD_FLOW": 7, "HYBAS_L12": 4121602180.0, "Shape_Length": 0.020475889843258738 }, "geometry": { "type": "Polygon", "coordinates": [ ] } },
{ "type": "Feature", "properties": { "HYRIV_ID": 41406661, "NEXT_DOWN": 41406854, "MAIN_RIV": 41409740, "LENGTH_KM": 0.98, "DIST_DN_KM": 97.599998, "DIST_UP_KM": 4.8, "CATCH_SKM": 3.2, "UPLAND_SKM": 3.2, "ENDORHEIC": 0, "DIS_AV_CMS": 0.107, "ORD_STRA": 1, "ORD_CLAS": 3, "ORD_FLOW": 7, "HYBAS_L12": 4121602180.0, "Shape_Length": 0.0088388347648338528 }, "geometry": { "type": "Polygon", "coordinates": [ ] } },
{ "type": "Feature", "properties": { "HYRIV_ID": 41406692, "NEXT_DOWN": 41406822, "MAIN_RIV": 41409740, "LENGTH_KM": 2.56, "DIST_DN_KM": 110.6, "DIST_UP_KM": 4.6, "CATCH_SKM": 6.39, "UPLAND_SKM": 6.4, "ENDORHEIC": 0, "DIS_AV_CMS": 0.25, "ORD_STRA": 1, "ORD_CLAS": 3, "ORD_FLOW": 7, "HYBAS_L12": 4121158970.0, "Shape_Length": 0.023064724608124972 }, "geometry": { "type": "Polygon", "coordinates": [ ] } },
{ "type": "Feature", "properties": { "HYRIV_ID": 41406693, "NEXT_DOWN": 41406822, "MAIN_RIV": 41409740, "LENGTH_KM": 0.69, "DIST_DN_KM": 110.6, "DIST_UP_KM": 4.0, "CATCH_SKM": 2.98, "UPLAND_SKM": 3.0, "ENDORHEIC": 0, "DIS_AV_CMS": 0.115, "ORD_STRA": 1, "ORD_CLAS": 4, "ORD_FLOW": 7, "HYBAS_L12": 4121158970.0, "Shape_Length": 0.0062499999999090505 }, "geometry": { "type": "Polygon", "coordinates": [ ] } },
{ "type": "Feature", "properties": { "HYRIV_ID": 41406694, "NEXT_DOWN": 41406771, "MAIN_RIV": 41409740, "LENGTH_KM": 0.98, "DIST_DN_KM": 99.599998, "DIST_UP_KM": 3.7, "CATCH_SKM": 5.9699998, "UPLAND_SKM": 6.0, "ENDORHEIC": 0, "DIS_AV_CMS": 0.21, "ORD_STRA": 1, "ORD_CLAS": 3, "ORD_FLOW": 7, "HYBAS_L12": 4121602180.0, "Shape_Length": 0.0088388347648037068 }, "geometry": { "type": "Polygon", "coordinates": [ ] } },
{ "type": "Feature", "properties": { "HYRIV_ID": 41406695, "NEXT_DOWN": 41406771, "MAIN_RIV": 41409740, "LENGTH_KM": 0.65, "DIST_DN_KM": 99.599998, "DIST_UP_KM": 11.0, "CATCH_SKM": 0.21, "UPLAND_SKM": 47.5, "ENDORHEIC": 0, "DIS_AV_CMS": 1.666, "ORD_STRA": 2, "ORD_CLAS": 2, "ORD_FLOW": 6, "HYBAS_L12": 4121602180.0, "Shape_Length": 0.0058925565098825365 }, "geometry": { "type": "Polygon", "coordinates": [ ] } },
{ "type": "Feature", "properties": { "HYRIV_ID": 41406696, "NEXT_DOWN": 41406753, "MAIN_RIV": 41409740, "LENGTH_KM": 4.0300002, "DIST_DN_KM": 95.400002, "DIST_UP_KM": 7.0, "CATCH_SKM": 17.690001, "UPLAND_SKM": 17.700001, "ENDORHEIC": 0, "DIS_AV_CMS": 0.58200002, "ORD_STRA": 1, "ORD_CLAS": 4, "ORD_FLOW": 7, "HYBAS_L12": 4121602180.0, "Shape_Length": 0.03642766952969085 }, "geometry": { "type": "Polygon", "coordinates": [ ] } },
{ "type": "Feature", "properties": { "HYRIV_ID": 41406697, "NEXT_DOWN": 41406753, "MAIN_RIV": 41409740, "LENGTH_KM": 0.98, "DIST_DN_KM": 95.599998, "DIST_UP_KM": 4.1, "CATCH_SKM": 3.4100001, "UPLAND_SKM": 3.4, "ENDORHEIC": 0, "DIS_AV_CMS": 0.11, "ORD_STRA": 1, "ORD_CLAS": 5, "ORD_FLOW": 7, "HYBAS_L12": 4121602180.0, "Shape_Length": 0.0088388347648037068 }, "geometry": { "type": "Polygon", "coordinates": [ ] } },
{ "type": "Feature", "properties": { "HYRIV_ID": 41406698, "NEXT_DOWN": 41406753, "MAIN_RIV": 41409740, "LENGTH_KM": 1.4400001, "DIST_DN_KM": 95.400002, "DIST_UP_KM": 4.1, "CATCH_SKM": 5.33, "UPLAND_SKM": 5.3, "ENDORHEIC": 0, "DIS_AV_CMS": 0.17, "ORD_STRA": 1, "ORD_CLAS": 6, "ORD_FLOW": 7, "HYBAS_L12": 4121602180.0, "Shape_Length": 0.013005501431466584 }, "geometry": { "type": "Polygon", "coordinates": [ ] } },
{ "type": "Feature", "properties": { "HYRIV_ID": 41406722, "NEXT_DOWN": 41406737, "MAIN_RIV": 41409740, "LENGTH_KM": 4.4899998, "DIST_DN_KM": 126.7, "DIST_UP_KM": 7.4, "CATCH_SKM": 18.33, "UPLAND_SKM": 18.3, "ENDORHEIC": 0, "DIS_AV_CMS": 0.774, "ORD_STRA": 1, "ORD_CLAS": 1, "ORD_FLOW": 7, "HYBAS_L12": 4121159000.0, "Shape_Length": 0.040594336196292005 }, "geometry": { "type": "Polygon", "coordinates": [ ] } },
{ "type": "Feature", "properties": { "HYRIV_ID": 41406723, "NEXT_DOWN": 41406737, "MAIN_RIV": 41409740, "LENGTH_KM": 2.1, "DIST_DN_KM": 126.9, "DIST_UP_KM": 4.5, "CATCH_SKM": 4.2600002, "UPLAND_SKM": 4.3, "ENDORHEIC": 0, "DIS_AV_CMS": 0.177, "ORD_STRA": 1, "ORD_CLAS": 2, "ORD_FLOW": 7, "HYBAS_L12": 4121159000.0, "Shape_Length": 0.018898057941369218 }, "geometry": { "type": "Polygon", "coordinates": [ ] } },
{ "type": "Feature", "properties": { "HYRIV_ID": 41406737, "NEXT_DOWN": 41406751, "MAIN_RIV": 41409740, "LENGTH_KM": 1.11, "DIST_DN_KM": 125.8, "DIST_UP_KM": 8.3, "CATCH_SKM": 0.85, "UPLAND_SKM": 23.4, "ENDORHEIC": 0, "DIS_AV_CMS": 0.98900002, "ORD_STRA": 2, "ORD_CLAS": 1, "ORD_FLOW": 7, "HYBAS_L12": 4121159000.0, "Shape_Length": 0.010059223176545413 }, "geometry": { "type": "Polygon", "coordinates": [ ] } },
{ "type": "Feature", "properties": { "HYRIV_ID": 41406738, "NEXT_DOWN": 41406751, "MAIN_RIV": 41409740, "LENGTH_KM": 2.1, "DIST_DN_KM": 125.6, "DIST_UP_KM": 5.6, "CATCH_SKM": 11.94, "UPLAND_SKM": 11.9, "ENDORHEIC": 0, "DIS_AV_CMS": 0.49, "ORD_STRA": 1, "ORD_CLAS": 2, "ORD_FLOW": 7, "HYBAS_L12": 4121159000.0, "Shape_Length": 0.018898057941339072 }, "geometry": { "type": "Polygon", "coordinates": [ ] } },
{ "type": "Feature", "properties": { "HYRIV_ID": 41406739, "NEXT_DOWN": 41406772, "MAIN_RIV": 41409740, "LENGTH_KM": 2.74, "DIST_DN_KM": 96.699997, "DIST_UP_KM": 5.4, "CATCH_SKM": 7.46, "UPLAND_SKM": 7.5, "ENDORHEIC": 0, "DIS_AV_CMS": 0.235, "ORD_STRA": 1, "ORD_CLAS": 4, "ORD_FLOW": 7, "HYBAS_L12": 4121602180.0, "Shape_Length": 0.024642556509964247 }, "geometry": { "type": "Polygon", "coordinates": [ ] } },
{ "type": "Feature", "properties": { "HYRIV_ID": 41406740, "NEXT_DOWN": 41406772, "MAIN_RIV": 41409740, "LENGTH_KM": 10.25, "DIST_DN_KM": 96.699997, "DIST_UP_KM": 12.5, "CATCH_SKM": 47.75, "UPLAND_SKM": 47.8, "ENDORHEIC": 0, "DIS_AV_CMS": 1.47, "ORD_STRA": 1, "ORD_CLAS": 3, "ORD_FLOW": 6, "HYBAS_L12": 4121602180.0, "Shape_Length": 0.092468283980986971 }, "geometry": { "type": "Polygon", "coordinates": [ ] } },
{ "type": "Feature", "properties": { "HYRIV_ID": 41406751, "NEXT_DOWN": 41406852, "MAIN_RIV": 41409740, "LENGTH_KM": 1.5700001, "DIST_DN_KM": 124.0, "DIST_UP_KM": 10.1, "CATCH_SKM": 4.48, "UPLAND_SKM": 39.900002, "ENDORHEIC": 0, "DIS_AV_CMS": 1.67, "ORD_STRA": 2, "ORD_CLAS": 1, "ORD_FLOW": 6, "HYBAS_L12": 4121159000.0, "Shape_Length": 0.014225889843265133 }, "geometry": { "type": "Polygon", "coordinates": [ ] } },
{ "type": "Feature", "properties": { "HYRIV_ID": 41406752, "NEXT_DOWN": 41406852, "MAIN_RIV": 41409740, "LENGTH_KM": 1.35, "DIST_DN_KM": 124.2, "DIST_UP_KM": 3.3, "CATCH_SKM": 4.0500002, "UPLAND_SKM": 4.0, "ENDORHEIC": 0, "DIS_AV_CMS": 0.164, "ORD_STRA": 1, "ORD_CLAS": 2, "ORD_FLOW": 7, "HYBAS_L12": 4121159000.0, "Shape_Length": 0.012142556509876851 }, "geometry": { "type": "Polygon", "coordinates": [ ] } },
{ "type": "Feature", "properties": { "HYRIV_ID": 41406753, "NEXT_DOWN": 41406881, "MAIN_RIV": 41409740, "LENGTH_KM": 1.58, "DIST_DN_KM": 94.0, "DIST_UP_KM": 8.4, "CATCH_SKM": 1.71, "UPLAND_SKM": 28.1, "ENDORHEIC": 0, "DIS_AV_CMS": 0.921, "ORD_STRA": 2, "ORD_CLAS": 4, "ORD_FLOW": 7, "HYBAS_L12": 4121602180.0, "Shape_Length": 0.014225889843194079 }, "geometry": { "type": "Polygon", "coordinates": [ ] } },
{ "type": "Feature", "properties": { "HYRIV_ID": 41406771, "NEXT_DOWN": 41406853, "MAIN_RIV": 41409740, "LENGTH_KM": 2.23, "DIST_DN_KM": 97.400002, "DIST_UP_KM": 13.3, "CATCH_SKM": 3.4100001, "UPLAND_SKM": 56.900002, "ENDORHEIC": 0, "DIS_AV_CMS": 2.0079999, "ORD_STRA": 2, "ORD_CLAS": 2, "ORD_FLOW": 6, "HYBAS_L12": 4121602180.0, "Shape_Length": 0.020118446353096713 }, "geometry": { "type": "Polygon", "coordinates": [ ] } },
{ "type": "Feature", "properties": { "HYRIV_ID": 41406772, "NEXT_DOWN": 41406881, "MAIN_RIV": 41409740, "LENGTH_KM": 2.8800001, "DIST_DN_KM": 93.800003, "DIST_UP_KM": 15.4, "CATCH_SKM": 5.7600002, "UPLAND_SKM": 61.0, "ENDORHEIC": 0, "DIS_AV_CMS": 1.9, "ORD_STRA": 2, "ORD_CLAS": 3, "ORD_FLOW": 6, "HYBAS_L12": 4121602180.0, "Shape_Length": 0.026011002862990011 }, "geometry": { "type": "Polygon", "coordinates": [ ] } },
{ "type": "Feature", "properties": { "HYRIV_ID": 41406796, "NEXT_DOWN": 41406797, "MAIN_RIV": 41409740, "LENGTH_KM": 3.85, "DIST_DN_KM": 99.900002, "DIST_UP_KM": 6.3, "CATCH_SKM": 11.3, "UPLAND_SKM": 11.3, "ENDORHEIC": 0, "DIS_AV_CMS": 0.40400001, "ORD_STRA": 1, "ORD_CLAS": 4, "ORD_FLOW": 7, "HYBAS_L12": 4121602180.0, "Shape_Length": 0.034701779686507936 }, "geometry": { "type": "Polygon", "coordinates": [ ] } },
{ "type": "Feature", "properties": { "HYRIV_ID": 41406797, "NEXT_DOWN": 41406853, "MAIN_RIV": 41409740, "LENGTH_KM": 2.49, "DIST_DN_KM": 97.199997, "DIST_UP_KM": 10.2, "CATCH_SKM": 5.33, "UPLAND_SKM": 31.1, "ENDORHEIC": 0, "DIS_AV_CMS": 1.122, "ORD_STRA": 2, "ORD_CLAS": 3, "ORD_FLOW": 6, "HYBAS_L12": 4121602180.0, "Shape_Length": 0.022559223176453657 }, "geometry": { "type": "Polygon", "coordinates": [ ] } },
{ "type": "Feature", "properties": { "HYRIV_ID": 41406822, "NEXT_DOWN": 41406904, "MAIN_RIV": 41409740, "LENGTH_KM": 4.0, "DIST_DN_KM": 106.6, "DIST_UP_KM": 8.6, "CATCH_SKM": 13.0, "UPLAND_SKM": 22.4, "ENDORHEIC": 0, "DIS_AV_CMS": 0.876, "ORD_STRA": 2, "ORD_CLAS": 3, "ORD_FLOW": 7, "HYBAS_L12": 4121158970.0, "Shape_Length": 0.036070226039451175 }, "geometry": { "type": "Polygon", "coordinates": [ ] } },
{ "type": "Feature", "properties": { "HYRIV_ID": 41406823, "NEXT_DOWN": 41406904, "MAIN_RIV": 41409740, "LENGTH_KM": 0.69, "DIST_DN_KM": 106.6, "DIST_UP_KM": 2.9, "CATCH_SKM": 3.2, "UPLAND_SKM": 3.2, "ENDORHEIC": 0, "DIS_AV_CMS": 0.122, "ORD_STRA": 1, "ORD_CLAS": 4, "ORD_FLOW": 7, "HYBAS_L12": 4121158970.0, "Shape_Length": 0.0062499999999943157 }, "geometry": { "type": "Polygon", "coordinates": [ ] } },
{ "type": "Feature", "properties": { "HYRIV_ID": 41406824, "NEXT_DOWN": 41406797, "MAIN_RIV": 41409740, "LENGTH_KM": 4.3, "DIST_DN_KM": 99.900002, "DIST_UP_KM": 7.5, "CATCH_SKM": 14.5, "UPLAND_SKM": 14.5, "ENDORHEIC": 0, "DIS_AV_CMS": 0.523, "ORD_STRA": 1, "ORD_CLAS": 3, "ORD_FLOW": 7, "HYBAS_L12": 4121602180.0, "Shape_Length": 0.038868446353109085 }, "geometry": { "type": "Polygon", "coordinates": [ ] } },
{ "type": "Feature", "properties": { "HYRIV_ID": 41406835, "NEXT_DOWN": 41406903, "MAIN_RIV": 41409740, "LENGTH_KM": 5.4400001, "DIST_DN_KM": 119.2, "DIST_UP_KM": 7.6, "CATCH_SKM": 18.120001, "UPLAND_SKM": 18.1, "ENDORHEIC": 0, "DIS_AV_CMS": 0.72600001, "ORD_STRA": 1, "ORD_CLAS": 2, "ORD_FLOW": 7, "HYBAS_L12": 4121159000.0, "Shape_Length": 0.049075727470953498 }, "geometry": { "type": "Polygon", "coordinates": [ ] } },
{ "type": "Feature", "properties": { "HYRIV_ID": 41406836, "NEXT_DOWN": 41406903, "MAIN_RIV": 41409740, "LENGTH_KM": 2.09, "DIST_DN_KM": 119.4, "DIST_UP_KM": 6.0, "CATCH_SKM": 7.25, "UPLAND_SKM": 7.2, "ENDORHEIC": 0, "DIS_AV_CMS": 0.285, "ORD_STRA": 1, "ORD_CLAS": 3, "ORD_FLOW": 7, "HYBAS_L12": 4121159000.0, "Shape_Length": 0.018898057941355722 }, "geometry": { "type": "Polygon", "coordinates": [ ] } },
{ "type": "Feature", "properties": { "HYRIV_ID": 41406837, "NEXT_DOWN": 41406905, "MAIN_RIV": 41409740, "LENGTH_KM": 4.8400002, "DIST_DN_KM": 100.4, "DIST_UP_KM": 18.1, "CATCH_SKM": 8.9499998, "UPLAND_SKM": 43.099998, "ENDORHEIC": 0, "DIS_AV_CMS": 1.626, "ORD_STRA": 2, "ORD_CLAS": 2, "ORD_FLOW": 6, "HYBAS_L12": 4121158970.0, "Shape_Length": 0.043688672392616819 }, "geometry": { "type": "Polygon", "coordinates": [ ] } },
{ "type": "Feature", "properties": { "HYRIV_ID": 41406838, "NEXT_DOWN": 41406905, "MAIN_RIV": 41409740, "LENGTH_KM": 10.1, "DIST_DN_KM": 100.6, "DIST_UP_KM": 12.5, "CATCH_SKM": 26.01, "UPLAND_SKM": 26.0, "ENDORHEIC": 0, "DIS_AV_CMS": 0.96, "ORD_STRA": 1, "ORD_CLAS": 3, "ORD_FLOW": 7, "HYBAS_L12": 4121158970.0, "Shape_Length": 0.091038510020437641 }, "geometry": { "type": "Polygon", "coordinates": [ ] } },
{ "type": "Feature", "properties": { "HYRIV_ID": 41406852, "NEXT_DOWN": 41406902, "MAIN_RIV": 41409740, "LENGTH_KM": 4.1799998, "DIST_DN_KM": 120.0, "DIST_UP_KM": 14.1, "CATCH_SKM": 10.87, "UPLAND_SKM": 54.8, "ENDORHEIC": 0, "DIS_AV_CMS": 2.2969999, "ORD_STRA": 2, "ORD_CLAS": 1, "ORD_FLOW": 6, "HYBAS_L12": 4121159000.0, "Shape_Length": 0.037796115882748491 }, "geometry": { "type": "Polygon", "coordinates": [ ] } },
{ "type": "Feature", "properties": { "HYRIV_ID": 41406853, "NEXT_DOWN": 41406880, "MAIN_RIV": 41409740, "LENGTH_KM": 6.29, "DIST_DN_KM": 90.900002, "DIST_UP_KM": 19.8, "CATCH_SKM": 21.110001, "UPLAND_SKM": 109.1, "ENDORHEIC": 0, "DIS_AV_CMS": 3.9170001, "ORD_STRA": 3, "ORD_CLAS": 2, "ORD_FLOW": 6, "HYBAS_L12": 4121602180.0, "Shape_Length": 0.056903559372879962 }, "geometry": { "type": "Polygon", "coordinates": [ ] } },
{ "type": "Feature", "properties": { "HYRIV_ID": 41406854, "NEXT_DOWN": 41406880, "MAIN_RIV": 41409740, "LENGTH_KM": 6.5, "DIST_DN_KM": 90.900002, "DIST_UP_KM": 11.5, "CATCH_SKM": 12.58, "UPLAND_SKM": 22.0, "ENDORHEIC": 0, "DIS_AV_CMS": 0.74299997, "ORD_STRA": 2, "ORD_CLAS": 3, "ORD_FLOW": 7, "HYBAS_L12": 4121602180.0, "Shape_Length": 0.058629449216052822 }, "geometry": { "type": "Polygon", "coordinates": [ ] } },
{ "type": "Feature", "properties": { "HYRIV_ID": 41406879, "NEXT_DOWN": 41406902, "MAIN_RIV": 41409740, "LENGTH_KM": 3.84, "DIST_DN_KM": 120.0, "DIST_UP_KM": 5.9, "CATCH_SKM": 15.99, "UPLAND_SKM": 16.0, "ENDORHEIC": 0, "DIS_AV_CMS": 0.65700001, "ORD_STRA": 1, "ORD_CLAS": 2, "ORD_FLOW": 7, "HYBAS_L12": 4121159000.0, "Shape_Length": 0.034701779686455256 }, "geometry": { "type": "Polygon", "coordinates": [ ] } },
{ "type": "Feature", "properties": { "HYRIV_ID": 41406880, "NEXT_DOWN": 41406920, "MAIN_RIV": 41409740, "LENGTH_KM": 1.11, "DIST_DN_KM": 89.800003, "DIST_UP_KM": 20.9, "CATCH_SKM": 2.1300001, "UPLAND_SKM": 133.2, "ENDORHEIC": 0, "DIS_AV_CMS": 4.7459998, "ORD_STRA": 3, "ORD_CLAS": 2, "ORD_FLOW": 6, "HYBAS_L12": 4121602180.0, "Shape_Length": 0.010059223176632402 }, "geometry": { "type": "Polygon", "coordinates": [ ] } },
{ "type": "Feature", "properties": { "HYRIV_ID": 41406881, "NEXT_DOWN": 41406920, "MAIN_RIV": 41409740, "LENGTH_KM": 4.0, "DIST_DN_KM": 89.800003, "DIST_UP_KM": 19.4, "CATCH_SKM": 8.7399998, "UPLAND_SKM": 97.800003, "ENDORHEIC": 0, "DIS_AV_CMS": 3.1389999, "ORD_STRA": 3, "ORD_CLAS": 3, "ORD_FLOW": 6, "HYBAS_L12": 4121602180.0, "Shape_Length": 0.036070226039579788 }, "geometry": { "type": "Polygon", "coordinates": [ ] } },
{ "type": "Feature", "properties": { "HYRIV_ID": 41406902, "NEXT_DOWN": 41406945, "MAIN_RIV": 41409740, "LENGTH_KM": 2.23, "DIST_DN_KM": 117.8, "DIST_UP_KM": 16.3, "CATCH_SKM": 4.9, "UPLAND_SKM": 75.699997, "ENDORHEIC": 0, "DIS_AV_CMS": 3.1700001, "ORD_STRA": 2, "ORD_CLAS": 1, "ORD_FLOW": 6, "HYBAS_L12": 4121159000.0, "Shape_Length": 0.020118446353167767 }, "geometry": { "type": "Polygon", "coordinates": [ ] } },
{ "type": "Feature", "properties": { "HYRIV_ID": 41406903, "NEXT_DOWN": 41406945, "MAIN_RIV": 41409740, "LENGTH_KM": 1.58, "DIST_DN_KM": 117.6, "DIST_UP_KM": 9.2, "CATCH_SKM": 1.71, "UPLAND_SKM": 27.1, "ENDORHEIC": 0, "DIS_AV_CMS": 1.084, "ORD_STRA": 2, "ORD_CLAS": 2, "ORD_FLOW": 6, "HYBAS_L12": 4121159000.0, "Shape_Length": 0.014225889843224225 }, "geometry": { "type": "Polygon", "coordinates": [ ] } },
{ "type": "Feature", "properties": { "HYRIV_ID": 41406904, "NEXT_DOWN": 41406917, "MAIN_RIV": 41409740, "LENGTH_KM": 5.37, "DIST_DN_KM": 101.4, "DIST_UP_KM": 13.8, "CATCH_SKM": 17.27, "UPLAND_SKM": 42.900002, "ENDORHEIC": 0, "DIS_AV_CMS": 1.677, "ORD_STRA": 2, "ORD_CLAS": 3, "ORD_FLOW": 6, "HYBAS_L12": 4121158970.0, "Shape_Length": 0.048570226039541003 }, "geometry": { "type": "Polygon", "coordinates": [ ] } },
{ "type": "Feature", "properties": { "HYRIV_ID": 41406905, "NEXT_DOWN": 41406918, "MAIN_RIV": 41409740, "LENGTH_KM": 1.39, "DIST_DN_KM": 99.0, "DIST_UP_KM": 19.5, "CATCH_SKM": 2.56, "UPLAND_SKM": 71.599998, "ENDORHEIC": 0, "DIS_AV_CMS": 2.694, "ORD_STRA": 2, "ORD_CLAS": 2, "ORD_FLOW": 6, "HYBAS_L12": 4121158970.0, "Shape_Length": 0.012500000000017053 }, "geometry": { "type": "Polygon", "coordinates": [ ] } },
{ "type": "Feature", "properties": { "HYRIV_ID": 41406917, "NEXT_DOWN": 41406918, "MAIN_RIV": 41409740, "LENGTH_KM": 2.23, "DIST_DN_KM": 99.199997, "DIST_UP_KM": 16.1, "CATCH_SKM": 7.6700001, "UPLAND_SKM": 54.599998, "ENDORHEIC": 0, "DIS_AV_CMS": 2.1300001, "ORD_STRA": 2, "ORD_CLAS": 3, "ORD_FLOW": 6, "HYBAS_L12": 4121158970.0, "Shape_Length": 0.020118446353090826 }, "geometry": { "type": "Polygon", "coordinates": [ ] } },
{ "type": "Feature", "properties": { "HYRIV_ID": 41406918, "NEXT_DOWN": 41406948, "MAIN_RIV": 41409740, "LENGTH_KM": 0.65, "DIST_DN_KM": 98.599998, "DIST_UP_KM": 20.0, "CATCH_SKM": 0.64, "UPLAND_SKM": 126.8, "ENDORHEIC": 0, "DIS_AV_CMS": 4.855, "ORD_STRA": 3, "ORD_CLAS": 2, "ORD_FLOW": 6, "HYBAS_L12": 4121158970.0, "Shape_Length": 0.0058925565098825365 }, "geometry": { "type": "Polygon", "coordinates": [ ] } },
{ "type": "Feature", "properties": { "HYRIV_ID": 41406919, "NEXT_DOWN": 41406948, "MAIN_RIV": 41409740, "LENGTH_KM": 3.3800001, "DIST_DN_KM": 98.599998, "DIST_UP_KM": 6.7, "CATCH_SKM": 8.5299997, "UPLAND_SKM": 8.5, "ENDORHEIC": 0, "DIS_AV_CMS": 0.31200001, "ORD_STRA": 1, "ORD_CLAS": 3, "ORD_FLOW": 7, "HYBAS_L12": 4121158970.0, "Shape_Length": 0.0305351130198208 }, "geometry": { "type": "Polygon", "coordinates": [ ] } },
{ "type": "Feature", "properties": { "HYRIV_ID": 41406920, "NEXT_DOWN": 41406989, "MAIN_RIV": 41409740, "LENGTH_KM": 1.58, "DIST_DN_KM": 88.199997, "DIST_UP_KM": 22.4, "CATCH_SKM": 1.92, "UPLAND_SKM": 233.0, "ENDORHEIC": 0, "DIS_AV_CMS": 7.9860001, "ORD_STRA": 4, "ORD_CLAS": 2, "ORD_FLOW": 6, "HYBAS_L12": 4121159100.0, "Shape_Length": 0.014225889843198242 }, "geometry": { "type": "Polygon", "coordinates": [ ] } },
{ "type": "Feature", "properties": { "HYRIV_ID": 41406921, "NEXT_DOWN": 41406989, "MAIN_RIV": 41409740, "LENGTH_KM": 5.1700001, "DIST_DN_KM": 88.199997, "DIST_UP_KM": 8.0, "CATCH_SKM": 16.200001, "UPLAND_SKM": 16.200001, "ENDORHEIC": 0, "DIS_AV_CMS": 0.51200002, "ORD_STRA": 1, "ORD_CLAS": 3, "ORD_FLOW": 7, "HYBAS_L12": 4121159100.0, "Shape_Length": 0.046634950647555351 }, "geometry": { "type": "Polygon", "coordinates": [ ] } },
{ "type": "Feature", "properties": { "HYRIV_ID": 41406944, "NEXT_DOWN": 41406945, "MAIN_RIV": 41409740, "LENGTH_KM": 1.4400001, "DIST_DN_KM": 117.6, "DIST_UP_KM": 4.0, "CATCH_SKM": 4.0500002, "UPLAND_SKM": 4.1, "ENDORHEIC": 0, "DIS_AV_CMS": 0.163, "ORD_STRA": 1, "ORD_CLAS": 3, "ORD_FLOW": 7, "HYBAS_L12": 4121159000.0, "Shape_Length": 0.013005501431506779 }, "geometry": { "type": "Polygon", "coordinates": [ ] } },
{ "type": "Feature", "properties": { "HYRIV_ID": 41406945, "NEXT_DOWN": 41407046, "MAIN_RIV": 41409740, "LENGTH_KM": 1.31, "DIST_DN_KM": 116.5, "DIST_UP_KM": 17.6, "CATCH_SKM": 2.35, "UPLAND_SKM": 109.1, "ENDORHEIC": 0, "DIS_AV_CMS": 4.5250001, "ORD_STRA": 3, "ORD_CLAS": 1, "ORD_FLOW": 6, "HYBAS_L12": 4121159000.0, "Shape_Length": 0.011785113019765073 }, "geometry": { "type": "Polygon", "coordinates": [ ] } },
{ "type": "Feature", "properties": { "HYRIV_ID": 41406946, "NEXT_DOWN": 41407046, "MAIN_RIV": 41409740, "LENGTH_KM": 2.53, "DIST_DN_KM": 116.3, "DIST_UP_KM": 4.6, "CATCH_SKM": 6.6100001, "UPLAND_SKM": 6.6, "ENDORHEIC": 0, "DIS_AV_CMS": 0.259, "ORD_STRA": 1, "ORD_CLAS": 2, "ORD_FLOW": 7, "HYBAS_L12": 4121159000.0, "Shape_Length": 0.022916666666617402 }, "geometry": { "type": "Polygon", "coordinates": [ ] } },
{ "type": "Feature", "properties": { "HYRIV_ID": 41406947, "NEXT_DOWN": 41406917, "MAIN_RIV": 41409740, "LENGTH_KM": 1.4400001, "DIST_DN_KM": 101.3, "DIST_UP_KM": 3.2, "CATCH_SKM": 4.0500002, "UPLAND_SKM": 4.1, "ENDORHEIC": 0, "DIS_AV_CMS": 0.153, "ORD_STRA": 1, "ORD_CLAS": 4, "ORD_FLOW": 7, "HYBAS_L12": 4121158970.0, "Shape_Length": 0.013005501431466584 }, "geometry": { "type": "Polygon", "coordinates": [ ] } },
{ "type": "Feature", "properties": { "HYRIV_ID": 41406948, "NEXT_DOWN": 41407032, "MAIN_RIV": 41409740, "LENGTH_KM": 2.03, "DIST_DN_KM": 96.300003, "DIST_UP_KM": 22.200001, "CATCH_SKM": 3.84, "UPLAND_SKM": 139.2, "ENDORHEIC": 0, "DIS_AV_CMS": 5.3429999, "ORD_STRA": 3, "ORD_CLAS": 2, "ORD_FLOW": 6, "HYBAS_L12": 4121158970.0, "Shape_Length": 0.01839255650992801 }, "geometry": { "type": "Polygon", "coordinates": [ ] } },
{ "type": "Feature", "properties": { "HYRIV_ID": 41406972, "NEXT_DOWN": 41407032, "MAIN_RIV": 41409740, "LENGTH_KM": 0.65, "DIST_DN_KM": 96.5, "DIST_UP_KM": 37.599998, "CATCH_SKM": 0.21, "UPLAND_SKM": 199.60001, "ENDORHEIC": 0, "DIS_AV_CMS": 8.3929996, "ORD_STRA": 3, "ORD_CLAS": 1, "ORD_FLOW": 6, "HYBAS_L12": 4121159000.0, "Shape_Length": 0.0058925565098724882 }, "geometry": { "type": "Polygon", "coordinates": [ ] } },
{ "type": "Feature", "properties": { "HYRIV_ID": 41406989, "NEXT_DOWN": 41407012, "MAIN_RIV": 41409740, "LENGTH_KM": 1.77, "DIST_DN_KM": 86.400002, "DIST_UP_KM": 24.200001, "CATCH_SKM": 2.77, "UPLAND_SKM": 252.0, "ENDORHEIC": 0, "DIS_AV_CMS": 8.6300001, "ORD_STRA": 4, "ORD_CLAS": 2, "ORD_FLOW": 6, "HYBAS_L12": 4121159100.0, "Shape_Length": 0.015951779686460534 }, "geometry": { "type": "Polygon", "coordinates": [ ] } },
{ "type": "Feature", "properties": { "HYRIV_ID": 41406990, "NEXT_DOWN": 41407012, "MAIN_RIV": 41409740, "LENGTH_KM": 2.53, "DIST_DN_KM": 86.400002, "DIST_UP_KM": 5.4, "CATCH_SKM": 5.33, "UPLAND_SKM": 5.3, "ENDORHEIC": 0, "DIS_AV_CMS": 0.17, "ORD_STRA": 1, "ORD_CLAS": 3, "ORD_FLOW": 7, "HYBAS_L12": 4121159100.0, "Shape_Length": 0.022916666666617402 }, "geometry": { "type": "Polygon", "coordinates": [ ] } },
{ "type": "Feature", "properties": { "HYRIV_ID": 41407010, "NEXT_DOWN": 41406972, "MAIN_RIV": 41409740, "LENGTH_KM": 2.09, "DIST_DN_KM": 97.0, "DIST_UP_KM": 4.2, "CATCH_SKM": 5.33, "UPLAND_SKM": 5.3, "ENDORHEIC": 0, "DIS_AV_CMS": 0.198, "ORD_STRA": 1, "ORD_CLAS": 2, "ORD_FLOW": 7, "HYBAS_L12": 4121159000.0, "Shape_Length": 0.018898057941459656 }, "geometry": { "type": "Polygon", "coordinates": [ ] } },
{ "type": "Feature", "properties": { "HYRIV_ID": 41407011, "NEXT_DOWN": 41407122, "MAIN_RIV": 41409740, "LENGTH_KM": 2.27, "DIST_DN_KM": 85.800003, "DIST_UP_KM": 4.7, "CATCH_SKM": 4.0500002, "UPLAND_SKM": 4.1, "ENDORHEIC": 0, "DIS_AV_CMS": 0.13600001, "ORD_STRA": 1, "ORD_CLAS": 3, "ORD_FLOW": 7, "HYBAS_L12": 4121159100.0, "Shape_Length": 0.020475889843231027 }, "geometry": { "type": "Polygon", "coordinates": [ ] } },
{ "type": "Feature", "properties": { "HYRIV_ID": 41407012, "NEXT_DOWN": 41407122, "MAIN_RIV": 41409740, "LENGTH_KM": 0.65, "DIST_DN_KM": 86.0, "DIST_UP_KM": 24.700001, "CATCH_SKM": 1.49, "UPLAND_SKM": 258.79999, "ENDORHEIC": 0, "DIS_AV_CMS": 8.8629999, "ORD_STRA": 4, "ORD_CLAS": 2, "ORD_FLOW": 6, "HYBAS_L12": 4121159100.0, "Shape_Length": 0.005892556509922731 }, "geometry": { "type": "Polygon", "coordinates": [ ] } },
{ "type": "Feature", "properties": { "HYRIV_ID": 41407032, "NEXT_DOWN": 41407068, "MAIN_RIV": 41409740, "LENGTH_KM": 6.4899998, "DIST_DN_KM": 90.0, "DIST_UP_KM": 44.099998, "CATCH_SKM": 19.83, "UPLAND_SKM": 358.60001, "ENDORHEIC": 0, "DIS_AV_CMS": 14.717, "ORD_STRA": 4, "ORD_CLAS": 1, "ORD_FLOW": 5, "HYBAS_L12": 4121159090.0, "Shape_Length": 0.058629449216216031 }, "geometry": { "type": "Polygon", "coordinates": [ ] } },
{ "type": "Feature", "properties": { "HYRIV_ID": 41407046, "NEXT_DOWN": 41407067, "MAIN_RIV": 41409740, "LENGTH_KM": 4.1799998, "DIST_DN_KM": 112.3, "DIST_UP_KM": 21.8, "CATCH_SKM": 10.02, "UPLAND_SKM": 125.8, "ENDORHEIC": 0, "DIS_AV_CMS": 5.2340002, "ORD_STRA": 3, "ORD_CLAS": 1, "ORD_FLOW": 6, "HYBAS_L12": 4121159000.0, "Shape_Length": 0.037796115882762278 }, "geometry": { "type": "Polygon", "coordinates": [ ] } },
{ "type": "Feature", "properties": { "HYRIV_ID": 41407047, "NEXT_DOWN": 41407067, "MAIN_RIV": 41409740, "LENGTH_KM": 2.73, "DIST_DN_KM": 112.1, "DIST_UP_KM": 4.1, "CATCH_SKM": 6.8200002, "UPLAND_SKM": 6.8, "ENDORHEIC": 0, "DIS_AV_CMS": 0.264, "ORD_STRA": 1, "ORD_CLAS": 2, "ORD_FLOW": 7, "HYBAS_L12": 4121159000.0, "Shape_Length": 0.024642556509799306 }, "geometry": { "type": "Polygon", "coordinates": [ ] } },
{ "type": "Feature", "properties": { "HYRIV_ID": 41407067, "NEXT_DOWN": 41407106, "MAIN_RIV": 41409740, "LENGTH_KM": 0.65, "DIST_DN_KM": 111.6, "DIST_UP_KM": 22.5, "CATCH_SKM": 0.43, "UPLAND_SKM": 133.0, "ENDORHEIC": 0, "DIS_AV_CMS": 5.5229998, "ORD_STRA": 3, "ORD_CLAS": 1, "ORD_FLOW": 6, "HYBAS_L12": 4121159000.0, "Shape_Length": 0.0058925565098825365 }, "geometry": { "type": "Polygon", "coordinates": [ ] } },
{ "type": "Feature", "properties": { "HYRIV_ID": 41407068, "NEXT_DOWN": 41407146, "MAIN_RIV": 41409740, "LENGTH_KM": 1.77, "DIST_DN_KM": 88.300003, "DIST_UP_KM": 45.8, "CATCH_SKM": 4.0500002, "UPLAND_SKM": 372.0, "ENDORHEIC": 0, "DIS_AV_CMS": 15.267, "ORD_STRA": 4, "ORD_CLAS": 1, "ORD_FLOW": 5, "HYBAS_L12": 4121159090.0, "Shape_Length": 0.015951779686314262 }, "geometry": { "type": "Polygon", "coordinates": [ ] } },
{ "type": "Feature", "properties": { "HYRIV_ID": 41407105, "NEXT_DOWN": 41407106, "MAIN_RIV": 41409740, "LENGTH_KM": 9.5, "DIST_DN_KM": 111.4, "DIST_UP_KM": 11.2, "CATCH_SKM": 17.91, "UPLAND_SKM": 17.9, "ENDORHEIC": 0, "DIS_AV_CMS": 0.72399998, "ORD_STRA": 1, "ORD_CLAS": 2, "ORD_FLOW": 7, "HYBAS_L12": 4121159000.0, "Shape_Length": 0.085860840490968551 }, "geometry": { "type": "Polygon", "coordinates": [ ] } },
{ "type": "Feature", "properties": { "HYRIV_ID": 41407106, "NEXT_DOWN": 41407169, "MAIN_RIV": 41409740, "LENGTH_KM": 3.61, "DIST_DN_KM": 107.8, "DIST_UP_KM": 26.3, "CATCH_SKM": 7.6799998, "UPLAND_SKM": 158.60001, "ENDORHEIC": 0, "DIS_AV_CMS": 6.6149998, "ORD_STRA": 3, "ORD_CLAS": 1, "ORD_FLOW": 6, "HYBAS_L12": 4121159000.0, "Shape_Length": 0.032618446353019165 }, "geometry": { "type": "Polygon", "coordinates": [ ] } },
{ "type": "Feature", "properties": { "HYRIV_ID": 41407107, "NEXT_DOWN": 41407169, "MAIN_RIV": 41409740, "LENGTH_KM": 0.98, "DIST_DN_KM": 108.0, "DIST_UP_KM": 2.4, "CATCH_SKM": 3.84, "UPLAND_SKM": 3.8, "ENDORHEIC": 0, "DIS_AV_CMS": 0.145, "ORD_STRA": 1, "ORD_CLAS": 2, "ORD_FLOW": 7, "HYBAS_L12": 4121159000.0, "Shape_Length": 0.0088388347649041941 }, "geometry": { "type": "Polygon", "coordinates": [ ] } },
{ "type": "Feature", "properties": { "HYRIV_ID": 41407108, "NEXT_DOWN": 41407068, "MAIN_RIV": 41409740, "LENGTH_KM": 3.3800001, "DIST_DN_KM": 90.0, "DIST_UP_KM": 5.8, "CATCH_SKM": 9.3800001, "UPLAND_SKM": 9.4, "ENDORHEIC": 0, "DIS_AV_CMS": 0.336, "ORD_STRA": 1, "ORD_CLAS": 2, "ORD_FLOW": 7, "HYBAS_L12": 4121159090.0, "Shape_Length": 0.030535113019913674 }, "geometry": { "type": "Polygon", "coordinates": [ ] } },
{ "type": "Feature", "properties": { "HYRIV_ID": 41407122, "NEXT_DOWN": 41407147, "MAIN_RIV": 41409740, "LENGTH_KM": 3.35, "DIST_DN_KM": 82.599998, "DIST_UP_KM": 28.0, "CATCH_SKM": 6.4, "UPLAND_SKM": 269.20001, "ENDORHEIC": 0, "DIS_AV_CMS": 9.2989998, "ORD_STRA": 4, "ORD_CLAS": 2, "ORD_FLOW": 6, "HYBAS_L12": 4121159100.0, "Shape_Length": 0.030177669529650449 }, "geometry": { "type": "Polygon", "coordinates": [ ] } },
{ "type": "Feature", "properties": { "HYRIV_ID": 41407123, "NEXT_DOWN": 41407147, "MAIN_RIV": 41409740, "LENGTH_KM": 0.69, "DIST_DN_KM": 82.400002, "DIST_UP_KM": 4.8, "CATCH_SKM": 3.6300001, "UPLAND_SKM": 3.6, "ENDORHEIC": 0, "DIS_AV_CMS": 0.118, "ORD_STRA": 1, "ORD_CLAS": 3, "ORD_FLOW": 7, "HYBAS_L12": 4121159100.0, "Shape_Length": 0.0062500000000795808 }, "geometry": { "type": "Polygon", "coordinates": [ ] } },
{ "type": "Feature", "properties": { "HYRIV_ID": 41407145, "NEXT_DOWN": 41407146, "MAIN_RIV": 41409740, "LENGTH_KM": 2.08, "DIST_DN_KM": 88.099998, "DIST_UP_KM": 4.7, "CATCH_SKM": 6.8200002, "UPLAND_SKM": 6.8, "ENDORHEIC": 0, "DIS_AV_CMS": 0.239, "ORD_STRA": 1, "ORD_CLAS": 2, "ORD_FLOW": 7, "HYBAS_L12": 4121159090.0, "Shape_Length": 0.018749999999997158 }, "geometry": { "type": "Polygon", "coordinates": [ ] } },
{ "type": "Feature", "properties": { "HYRIV_ID": 41407146, "NEXT_DOWN": 41407170, "MAIN_RIV": 41409740, "LENGTH_KM": 6.77, "DIST_DN_KM": 81.300003, "DIST_UP_KM": 52.8, "CATCH_SKM": 22.17, "UPLAND_SKM": 401.0, "ENDORHEIC": 0, "DIS_AV_CMS": 16.589001, "ORD_STRA": 4, "ORD_CLAS": 1, "ORD_FLOW": 5, "HYBAS_L12": 4121159090.0, "Shape_Length": 0.061070226039572982 }, "geometry": { "type": "Polygon", "coordinates": [ ] } },
{ "type": "Feature", "properties": { "HYRIV_ID": 41407147, "NEXT_DOWN": 41407170, "MAIN_RIV": 41409740, "LENGTH_KM": 1.11, "DIST_DN_KM": 81.300003, "DIST_UP_KM": 29.3, "CATCH_SKM": 1.49, "UPLAND_SKM": 274.39999, "ENDORHEIC": 0, "DIS_AV_CMS": 9.4969997, "ORD_STRA": 4, "ORD_CLAS": 2, "ORD_FLOW": 6, "HYBAS_L12": 4121159100.0, "Shape_Length": 0.010059223176545413 }, "geometry": { "type": "Polygon", "coordinates": [ ] } },
{ "type": "Feature", "properties": { "HYRIV_ID": 41407169, "NEXT_DOWN": 41406972, "MAIN_RIV": 41409740, "LENGTH_KM": 10.84, "DIST_DN_KM": 97.0, "DIST_UP_KM": 37.099998, "CATCH_SKM": 31.559999, "UPLAND_SKM": 194.0, "ENDORHEIC": 0, "DIS_AV_CMS": 8.1739998, "ORD_STRA": 3, "ORD_CLAS": 1, "ORD_FLOW": 6, "HYBAS_L12": 4121159000.0, "Shape_Length": 0.097855339059401289 }, "geometry": { "type": "Polygon", "coordinates": [ ] } },
{ "type": "Feature", "properties": { "HYRIV_ID": 41407170, "NEXT_DOWN": 41407238, "MAIN_RIV": 41409740, "LENGTH_KM": 0.46, "DIST_DN_KM": 80.900002, "DIST_UP_KM": 53.200001, "CATCH_SKM": 1.92, "UPLAND_SKM": 677.29999, "ENDORHEIC": 0, "DIS_AV_CMS": 26.193001, "ORD_STRA": 5, "ORD_CLAS": 1, "ORD_FLOW": 5, "HYBAS_L12": 4121159220.0, "Shape_Length": 0.0041666666666486663 }, "geometry": { "type": "Polygon", "coordinates": [ ] } },
{ "type": "Feature", "properties": { "HYRIV_ID": 41407205, "NEXT_DOWN": 41407238, "MAIN_RIV": 41409740, "LENGTH_KM": 3.1500001, "DIST_DN_KM": 81.099998, "DIST_UP_KM": 11.2, "CATCH_SKM": 7.25, "UPLAND_SKM": 41.599998, "ENDORHEIC": 0, "DIS_AV_CMS": 1.34, "ORD_STRA": 2, "ORD_CLAS": 2, "ORD_FLOW": 6, "HYBAS_L12": 4121159220.0, "Shape_Length": 0.028451779686503569 }, "geometry": { "type": "Polygon", "coordinates": [ ] } },
{ "type": "Feature", "properties": { "HYRIV_ID": 41407206, "NEXT_DOWN": 41407205, "MAIN_RIV": 41409740, "LENGTH_KM": 4.04, "DIST_DN_KM": 84.0, "DIST_UP_KM": 7.1, "CATCH_SKM": 8.96, "UPLAND_SKM": 9.0, "ENDORHEIC": 0, "DIS_AV_CMS": 0.287, "ORD_STRA": 1, "ORD_CLAS": 3, "ORD_FLOW": 7, "HYBAS_L12": 4121159220.0, "Shape_Length": 0.036427669529679074 }, "geometry": { "type": "Polygon", "coordinates": [ ] } },
{ "type": "Feature", "properties": { "HYRIV_ID": 41407237, "NEXT_DOWN": 41407319, "MAIN_RIV": 41409740, "LENGTH_KM": 4.4, "DIST_DN_KM": 79.099998, "DIST_UP_KM": 6.8, "CATCH_SKM": 11.51, "UPLAND_SKM": 11.5, "ENDORHEIC": 0, "DIS_AV_CMS": 0.4, "ORD_STRA": 1, "ORD_CLAS": 2, "ORD_FLOW": 7, "HYBAS_L12": 4121159220.0, "Shape_Length": 0.039731391274679444 }, "geometry": { "type": "Polygon", "coordinates": [ ] } },
{ "type": "Feature", "properties": { "HYRIV_ID": 41407238, "NEXT_DOWN": 41407319, "MAIN_RIV": 41409740, "LENGTH_KM": 1.77, "DIST_DN_KM": 79.300003, "DIST_UP_KM": 54.8, "CATCH_SKM": 2.56, "UPLAND_SKM": 721.40002, "ENDORHEIC": 0, "DIS_AV_CMS": 27.75, "ORD_STRA": 5, "ORD_CLAS": 1, "ORD_FLOW": 5, "HYBAS_L12": 4121159220.0, "Shape_Length": 0.015951779686448047 }, "geometry": { "type": "Polygon", "coordinates": [ ] } },
{ "type": "Feature", "properties": { "HYRIV_ID": 41407239, "NEXT_DOWN": 41407205, "MAIN_RIV": 41409740, "LENGTH_KM": 1.5700001, "DIST_DN_KM": 84.199997, "DIST_UP_KM": 8.1, "CATCH_SKM": 6.1799998, "UPLAND_SKM": 25.4, "ENDORHEIC": 0, "DIS_AV_CMS": 0.80400002, "ORD_STRA": 2, "ORD_CLAS": 2, "ORD_FLOW": 7, "HYBAS_L12": 4121159220.0, "Shape_Length": 0.014225889843198242 }, "geometry": { "type": "Polygon", "coordinates": [ ] } },
{ "type": "Feature", "properties": { "HYRIV_ID": 41407240, "NEXT_DOWN": 41407239, "MAIN_RIV": 41409740, "LENGTH_KM": 0.98, "DIST_DN_KM": 85.800003, "DIST_UP_KM": 3.5, "CATCH_SKM": 3.4100001, "UPLAND_SKM": 3.4, "ENDORHEIC": 0, "DIS_AV_CMS": 0.108, "ORD_STRA": 1, "ORD_CLAS": 3, "ORD_FLOW": 7, "HYBAS_L12": 4121159220.0, "Shape_Length": 0.0088388347648238053 }, "geometry": { "type": "Polygon", "coordinates": [ ] } },
{ "type": "Feature", "properties": { "HYRIV_ID": 41407256, "NEXT_DOWN": 41407239, "MAIN_RIV": 41409740, "LENGTH_KM": 4.2199998, "DIST_DN_KM": 85.800003, "DIST_UP_KM": 6.5, "CATCH_SKM": 15.78, "UPLAND_SKM": 15.8, "ENDORHEIC": 0, "DIS_AV_CMS": 0.494, "ORD_STRA": 1, "ORD_CLAS": 2, "ORD_FLOW": 7, "HYBAS_L12": 4121159220.0, "Shape_Length": 0.038153559372795097 }, "geometry": { "type": "Polygon", "coordinates": [ ] } },
{ "type": "Feature", "properties": { "HYRIV_ID": 41407318, "NEXT_DOWN": 41407424, "MAIN_RIV": 41409740, "LENGTH_KM": 3.11, "DIST_DN_KM": 84.300003, "DIST_UP_KM": 5.8, "CATCH_SKM": 11.3, "UPLAND_SKM": 11.3, "ENDORHEIC": 0, "DIS_AV_CMS": 0.429, "ORD_STRA": 1, "ORD_CLAS": 3, "ORD_FLOW": 7, "HYBAS_L12": 4121159210.0, "Shape_Length": 0.02809433619627983 }, "geometry": { "type": "Polygon", "coordinates": [ ] } },
{ "type": "Feature", "properties": { "HYRIV_ID": 41407319, "NEXT_DOWN": 41407426, "MAIN_RIV": 41409740, "LENGTH_KM": 2.4200001, "DIST_DN_KM": 76.699997, "DIST_UP_KM": 57.400002, "CATCH_SKM": 7.04, "UPLAND_SKM": 740.0, "ENDORHEIC": 0, "DIS_AV_CMS": 28.566, "ORD_STRA": 5, "ORD_CLAS": 1, "ORD_FLOW": 5, "HYBAS_L12": 4121159220.0, "Shape_Length": 0.021844336196383266 }, "geometry": { "type": "Polygon", "coordinates": [ ] } },
{ "type": "Feature", "properties": { "HYRIV_ID": 41407320, "NEXT_DOWN": 41407426, "MAIN_RIV": 41409740, "LENGTH_KM": 2.36, "DIST_DN_KM": 76.699997, "DIST_UP_KM": 5.3, "CATCH_SKM": 7.6799998, "UPLAND_SKM": 7.7, "ENDORHEIC": 0, "DIS_AV_CMS": 0.255, "ORD_STRA": 1, "ORD_CLAS": 2, "ORD_FLOW": 7, "HYBAS_L12": 4121159220.0, "Shape_Length": 0.021338834764959718 }, "geometry": { "type": "Polygon", "coordinates": [ ] } },
{ "type": "Feature", "properties": { "HYRIV_ID": 41407366, "NEXT_DOWN": 41407424, "MAIN_RIV": 41409740, "LENGTH_KM": 1.63, "DIST_DN_KM": 84.300003, "DIST_UP_KM": 3.0, "CATCH_SKM": 3.6300001, "UPLAND_SKM": 3.6, "ENDORHEIC": 0, "DIS_AV_CMS": 0.13600001, "ORD_STRA": 1, "ORD_CLAS": 4, "ORD_FLOW": 7, "HYBAS_L12": 4121159210.0, "Shape_Length": 0.014731391274676197 }, "geometry": { "type": "Polygon", "coordinates": [ ] } },
{ "type": "Feature", "properties": { "HYRIV_ID": 41407406, "NEXT_DOWN": 41407498, "MAIN_RIV": 41409740, "LENGTH_KM": 0.69, "DIST_DN_KM": 75.900002, "DIST_UP_KM": 3.2, "CATCH_SKM": 5.12, "UPLAND_SKM": 5.1, "ENDORHEIC": 0, "DIS_AV_CMS": 0.159, "ORD_STRA": 1, "ORD_CLAS": 3, "ORD_FLOW": 7, "HYBAS_L12": 4121602300.0, "Shape_Length": 0.0062500000000369482 }, "geometry": { "type": "Polygon", "coordinates": [ ] } },
{ "type": "Feature", "properties": { "HYRIV_ID": 41407407, "NEXT_DOWN": 41407498, "MAIN_RIV": 41409740, "LENGTH_KM": 3.1900001, "DIST_DN_KM": 76.099998, "DIST_UP_KM": 5.5, "CATCH_SKM": 13.01, "UPLAND_SKM": 13.0, "ENDORHEIC": 0, "DIS_AV_CMS": 0.394, "ORD_STRA": 1, "ORD_CLAS": 2, "ORD_FLOW": 7, "HYBAS_L12": 4121602300.0, "Shape_Length": 0.028809223176610475 }, "geometry": { "type": "Polygon", "coordinates": [ ] } },
{ "type": "Feature", "properties": { "HYRIV_ID": 41407424, "NEXT_DOWN": 41407497, "MAIN_RIV": 41409740, "LENGTH_KM": 7.4099998, "DIST_DN_KM": 76.800003, "DIST_UP_KM": 13.2, "CATCH_SKM": 16.209999, "UPLAND_SKM": 31.1, "ENDORHEIC": 0, "DIS_AV_CMS": 1.173, "ORD_STRA": 2, "ORD_CLAS": 3, "ORD_FLOW": 6, "HYBAS_L12": 4121159210.0, "Shape_Length": 0.066962782549391781 }, "geometry": { "type": "Polygon", "coordinates": [ ] } },
{ "type": "Feature", "properties": { "HYRIV_ID": 41407425, "NEXT_DOWN": 41407497, "MAIN_RIV": 41409740, "LENGTH_KM": 3.4, "DIST_DN_KM": 76.800003, "DIST_UP_KM": 5.8, "CATCH_SKM": 11.3, "UPLAND_SKM": 11.3, "ENDORHEIC": 0, "DIS_AV_CMS": 0.401, "ORD_STRA": 1, "ORD_CLAS": 4, "ORD_FLOW": 7, "HYBAS_L12": 4121159210.0, "Shape_Length": 0.030683170961106586 }, "geometry": { "type": "Polygon", "coordinates": [ ] } },
{ "type": "Feature", "properties": { "HYRIV_ID": 41407426, "NEXT_DOWN": 41407538, "MAIN_RIV": 41409740, "LENGTH_KM": 2.51, "DIST_DN_KM": 74.199997, "DIST_UP_KM": 59.900002, "CATCH_SKM": 8.96, "UPLAND_SKM": 756.59998, "ENDORHEIC": 0, "DIS_AV_CMS": 29.353001, "ORD_STRA": 5, "ORD_CLAS": 1, "ORD_FLOW": 5, "HYBAS_L12": 4121159220.0, "Shape_Length": 0.022559223176505622 }, "geometry": { "type": "Polygon", "coordinates": [ ] } },
{ "type": "Feature", "properties": { "HYRIV_ID": 41407454, "NEXT_DOWN": 41407538, "MAIN_RIV": 41409740, "LENGTH_KM": 3.84, "DIST_DN_KM": 74.400002, "DIST_UP_KM": 6.0, "CATCH_SKM": 13.43, "UPLAND_SKM": 13.4, "ENDORHEIC": 0, "DIS_AV_CMS": 0.445, "ORD_STRA": 1, "ORD_CLAS": 2, "ORD_FLOW": 7, "HYBAS_L12": 4121159220.0, "Shape_Length": 0.034701779686516263 }, "geometry": { "type": "Polygon", "coordinates": [ ] } },
{ "type": "Feature", "properties": { "HYRIV_ID": 41407479, "NEXT_DOWN": 41407482, "MAIN_RIV": 41409740, "LENGTH_KM": 5.9699998, "DIST_DN_KM": 82.699997, "DIST_UP_KM": 8.1, "CATCH_SKM": 21.959999, "UPLAND_SKM": 22.0, "ENDORHEIC": 0, "DIS_AV_CMS": 0.84100002, "ORD_STRA": 1, "ORD_CLAS": 2, "ORD_FLOW": 7, "HYBAS_L12": 4121159210.0, "Shape_Length": 0.053957281117935241 }, "geometry": { "type": "Polygon", "coordinates": [ ] } },
{ "type": "Feature", "properties": { "HYRIV_ID": 41407480, "NEXT_DOWN": 41407482, "MAIN_RIV": 41409740, "LENGTH_KM": 0.69, "DIST_DN_KM": 82.699997, "DIST_UP_KM": 3.1, "CATCH_SKM": 4.0500002, "UPLAND_SKM": 4.1, "ENDORHEIC": 0, "DIS_AV_CMS": 0.15, "ORD_STRA": 1, "ORD_CLAS": 3, "ORD_FLOW": 7, "HYBAS_L12": 4121159210.0, "Shape_Length": 0.0062499999999943157 }, "geometry": { "type": "Polygon", "coordinates": [ ] } },
{ "type": "Feature", "properties": { "HYRIV_ID": 41407481, "NEXT_DOWN": 41407483, "MAIN_RIV": 41409740, "LENGTH_KM": 0.69, "DIST_DN_KM": 79.800003, "DIST_UP_KM": 4.0, "CATCH_SKM": 3.2, "UPLAND_SKM": 3.2, "ENDORHEIC": 0, "DIS_AV_CMS": 0.117, "ORD_STRA": 1, "ORD_CLAS": 3, "ORD_FLOW": 7, "HYBAS_L12": 4121159210.0, "Shape_Length": 0.0062500000000795808 }, "geometry": { "type": "Polygon", "coordinates": [ ] } },
{ "type": "Feature", "properties": { "HYRIV_ID": 41407482, "NEXT_DOWN": 41407483, "MAIN_RIV": 41409740, "LENGTH_KM": 2.8800001, "DIST_DN_KM": 80.0, "DIST_UP_KM": 10.8, "CATCH_SKM": 6.6100001, "UPLAND_SKM": 32.599998, "ENDORHEIC": 0, "DIS_AV_CMS": 1.242, "ORD_STRA": 2, "ORD_CLAS": 2, "ORD_FLOW": 6, "HYBAS_L12": 4121159210.0, "Shape_Length": 0.026011002863090497 }, "geometry": { "type": "Polygon", "coordinates": [ ] } },
{ "type": "Feature", "properties": { "HYRIV_ID": 41407483, "NEXT_DOWN": 41407496, "MAIN_RIV": 41409740, "LENGTH_KM": 0.46, "DIST_DN_KM": 79.300003, "DIST_UP_KM": 11.4, "CATCH_SKM": 1.0700001, "UPLAND_SKM": 36.900002, "ENDORHEIC": 0, "DIS_AV_CMS": 1.4, "ORD_STRA": 2, "ORD_CLAS": 2, "ORD_FLOW": 6, "HYBAS_L12": 4121159210.0, "Shape_Length": 0.0041666666666628771 }, "geometry": { "type": "Polygon", "coordinates": [ ] } },
{ "type": "Feature", "properties": { "HYRIV_ID": 41407496, "NEXT_DOWN": 41407537, "MAIN_RIV": 41409740, "LENGTH_KM": 4.2600002, "DIST_DN_KM": 75.099998, "DIST_UP_KM": 15.7, "CATCH_SKM": 10.24, "UPLAND_SKM": 54.200001, "ENDORHEIC": 0, "DIS_AV_CMS": 2.046, "ORD_STRA": 2, "ORD_CLAS": 2, "ORD_FLOW": 6, "HYBAS_L12": 4121159210.0, "Shape_Length": 0.038511002863042085 }, "geometry": { "type": "Polygon", "coordinates": [ ] } },
{ "type": "Feature", "properties": { "HYRIV_ID": 41407497, "NEXT_DOWN": 41407537, "MAIN_RIV": 41409740, "LENGTH_KM": 1.58, "DIST_DN_KM": 75.099998, "DIST_UP_KM": 14.9, "CATCH_SKM": 2.1300001, "UPLAND_SKM": 44.599998, "ENDORHEIC": 0, "DIS_AV_CMS": 1.6569999, "ORD_STRA": 2, "ORD_CLAS": 3, "ORD_FLOW": 6, "HYBAS_L12": 4121159210.0, "Shape_Length": 0.014225889843304616 }, "geometry": { "type": "Polygon", "coordinates": [ ] } },
{ "type": "Feature", "properties": { "HYRIV_ID": 41407498, "NEXT_DOWN": 41407623, "MAIN_RIV": 41409740, "LENGTH_KM": 2.04, "DIST_DN_KM": 73.900002, "DIST_UP_KM": 7.7, "CATCH_SKM": 5.7600002, "UPLAND_SKM": 23.9, "ENDORHEIC": 0, "DIS_AV_CMS": 0.737, "ORD_STRA": 2, "ORD_CLAS": 2, "ORD_FLOW": 7, "HYBAS_L12": 4121602300.0, "Shape_Length": 0.018392556509779008 }, "geometry": { "type": "Polygon", "coordinates": [ ] } },
{ "type": "Feature", "properties": { "HYRIV_ID": 41407499, "NEXT_DOWN": 41407623, "MAIN_RIV": 41409740, "LENGTH_KM": 0.69, "DIST_DN_KM": 73.900002, "DIST_UP_KM": 2.9, "CATCH_SKM": 3.84, "UPLAND_SKM": 3.8, "ENDORHEIC": 0, "DIS_AV_CMS": 0.117, "ORD_STRA": 1, "ORD_CLAS": 3, "ORD_FLOW": 7, "HYBAS_L12": 4121602300.0, "Shape_Length": 0.0062499999999090505 }, "geometry": { "type": "Polygon", "coordinates": [ ] } },
{ "type": "Feature", "properties": { "HYRIV_ID": 41407537, "NEXT_DOWN": 41407573, "MAIN_RIV": 41409740, "LENGTH_KM": 3.61, "DIST_DN_KM": 71.699997, "DIST_UP_KM": 19.1, "CATCH_SKM": 9.6, "UPLAND_SKM": 108.3, "ENDORHEIC": 0, "DIS_AV_CMS": 4.0809999, "ORD_STRA": 3, "ORD_CLAS": 2, "ORD_FLOW": 6, "HYBAS_L12": 4121159210.0, "Shape_Length": 0.032618446353052763 }, "geometry": { "type": "Polygon", "coordinates": [ ] } },
{ "type": "Feature", "properties": { "HYRIV_ID": 41407538, "NEXT_DOWN": 41407573, "MAIN_RIV": 41409740, "LENGTH_KM": 2.7, "DIST_DN_KM": 71.699997, "DIST_UP_KM": 62.400002, "CATCH_SKM": 5.33, "UPLAND_SKM": 775.40002, "ENDORHEIC": 0, "DIS_AV_CMS": 30.214001, "ORD_STRA": 5, "ORD_CLAS": 1, "ORD_FLOW": 5, "HYBAS_L12": 4121159220.0, "Shape_Length": 0.024285113019799784 }, "geometry": { "type": "Polygon", "coordinates": [ ] } },
{ "type": "Feature", "properties": { "HYRIV_ID": 41407551, "NEXT_DOWN": 41407496, "MAIN_RIV": 41409740, "LENGTH_KM": 2.27, "DIST_DN_KM": 79.300003, "DIST_UP_KM": 4.3, "CATCH_SKM": 7.04, "UPLAND_SKM": 7.0, "ENDORHEIC": 0, "DIS_AV_CMS": 0.25600001, "ORD_STRA": 1, "ORD_CLAS": 3, "ORD_FLOW": 7, "HYBAS_L12": 4121159210.0, "Shape_Length": 0.020475889843216816 }, "geometry": { "type": "Polygon", "coordinates": [ ] } },
{ "type": "Feature", "properties": { "HYRIV_ID": 41407573, "NEXT_DOWN": 41407641, "MAIN_RIV": 41409740, "LENGTH_KM": 1.58, "DIST_DN_KM": 70.099998, "DIST_UP_KM": 64.0, "CATCH_SKM": 3.4100001, "UPLAND_SKM": 887.09998, "ENDORHEIC": 0, "DIS_AV_CMS": 34.573002, "ORD_STRA": 5, "ORD_CLAS": 1, "ORD_FLOW": 5, "HYBAS_L12": 4121159420.0, "Shape_Length": 0.014225889843194079 }, "geometry": { "type": "Polygon", "coordinates": [ ] } },
{ "type": "Feature", "properties": { "HYRIV_ID": 41407589, "NEXT_DOWN": 41407641, "MAIN_RIV": 41409740, "LENGTH_KM": 3.57, "DIST_DN_KM": 69.900002, "DIST_UP_KM": 6.2, "CATCH_SKM": 12.58, "UPLAND_SKM": 12.6, "ENDORHEIC": 0, "DIS_AV_CMS": 0.41800001, "ORD_STRA": 1, "ORD_CLAS": 2, "ORD_FLOW": 7, "HYBAS_L12": 4121159420.0, "Shape_Length": 0.032261002863093136 }, "geometry": { "type": "Polygon", "coordinates": [ ] } },
{ "type": "Feature", "properties": { "HYRIV_ID": 41407605, "NEXT_DOWN": 41407619, "MAIN_RIV": 41409740, "LENGTH_KM": 1.8, "DIST_DN_KM": 79.199997, "DIST_UP_KM": 3.6, "CATCH_SKM": 8.1, "UPLAND_SKM": 8.1, "ENDORHEIC": 0, "DIS_AV_CMS": 0.322, "ORD_STRA": 1, "ORD_CLAS": 3, "ORD_FLOW": 7, "HYBAS_L12": 4121159440.0, "Shape_Length": 0.016309223176671789 }, "geometry": { "type": "Polygon", "coordinates": [ ] } },
{ "type": "Feature", "properties": { "HYRIV_ID": 41407618, "NEXT_DOWN": 41407619, "MAIN_RIV": 41409740, "LENGTH_KM": 0.98, "DIST_DN_KM": 79.400002, "DIST_UP_KM": 2.7, "CATCH_SKM": 3.4100001, "UPLAND_SKM": 3.4, "ENDORHEIC": 0, "DIS_AV_CMS": 0.134, "ORD_STRA": 1, "ORD_CLAS": 4, "ORD_FLOW": 7, "HYBAS_L12": 4121159440.0, "Shape_Length": 0.0088388347649142433 }, "geometry": { "type": "Polygon", "coordinates": [ ] } },
{ "type": "Feature", "properties": { "HYRIV_ID": 41407619, "NEXT_DOWN": 41407621, "MAIN_RIV": 41409740, "LENGTH_KM": 2.03, "DIST_DN_KM": 77.199997, "DIST_UP_KM": 5.6, "CATCH_SKM": 4.48, "UPLAND_SKM": 16.0, "ENDORHEIC": 0, "DIS_AV_CMS": 0.634, "ORD_STRA": 2, "ORD_CLAS": 3, "ORD_FLOW": 7, "HYBAS_L12": 4121159440.0, "Shape_Length": 0.018392556509787626 }, "geometry": { "type": "Polygon", "coordinates": [ ] } },
{ "type": "Feature", "properties": { "HYRIV_ID": 41407620, "NEXT_DOWN": 41407621, "MAIN_RIV": 41409740, "LENGTH_KM": 7.4899998, "DIST_DN_KM": 77.199997, "DIST_UP_KM": 9.9, "CATCH_SKM": 24.1, "UPLAND_SKM": 24.1, "ENDORHEIC": 0, "DIS_AV_CMS": 0.95300001, "ORD_STRA": 1, "ORD_CLAS": 2, "ORD_FLOW": 7, "HYBAS_L12": 4121159440.0, "Shape_Length": 0.067468283980794519 }, "geometry": { "type": "Polygon", "coordinates": [ ] } },
{ "type": "Feature", "properties": { "HYRIV_ID": 41407621, "NEXT_DOWN": 41407680, "MAIN_RIV": 41409740, "LENGTH_KM": 0.46, "DIST_DN_KM": 76.699997, "DIST_UP_KM": 10.3, "CATCH_SKM": 0.43, "UPLAND_SKM": 40.5, "ENDORHEIC": 0, "DIS_AV_CMS": 1.6059999, "ORD_STRA": 2, "ORD_CLAS": 2, "ORD_FLOW": 6, "HYBAS_L12": 4121159440.0, "Shape_Length": 0.0041666666667765639 }, "geometry": { "type": "Polygon", "coordinates": [ ] } },
{ "type": "Feature", "properties": { "HYRIV_ID": 41407622, "NEXT_DOWN": 41407680, "MAIN_RIV": 41409740, "LENGTH_KM": 3.21, "DIST_DN_KM": 76.900002, "DIST_UP_KM": 4.7, "CATCH_SKM": 10.66, "UPLAND_SKM": 10.7, "ENDORHEIC": 0, "DIS_AV_CMS": 0.41, "ORD_STRA": 1, "ORD_CLAS": 3, "ORD_FLOW": 7, "HYBAS_L12": 4121159440.0, "Shape_Length": 0.028957281117910467 }, "geometry": { "type": "Polygon", "coordinates": [ ] } },
{ "type": "Feature", "properties": { "HYRIV_ID": 41407623, "NEXT_DOWN": 41407701, "MAIN_RIV": 41409740, "LENGTH_KM": 3.71, "DIST_DN_KM": 70.199997, "DIST_UP_KM": 11.4, "CATCH_SKM": 8.3199997, "UPLAND_SKM": 36.0, "ENDORHEIC": 0, "DIS_AV_CMS": 1.1210001, "ORD_STRA": 2, "ORD_CLAS": 2, "ORD_FLOW": 6, "HYBAS_L12": 4121602300.0, "Shape_Length": 0.03333333333335986 }, "geometry": { "type": "Polygon", "coordinates": [ ] } },
{ "type": "Feature", "properties": { "HYRIV_ID": 41407624, "NEXT_DOWN": 41407701, "MAIN_RIV": 41409740, "LENGTH_KM": 4.7800002, "DIST_DN_KM": 70.199997, "DIST_UP_KM": 6.9, "CATCH_SKM": 18.98, "UPLAND_SKM": 19.0, "ENDORHEIC": 0, "DIS_AV_CMS": 0.56900001, "ORD_STRA": 1, "ORD_CLAS": 3, "ORD_FLOW": 7, "HYBAS_L12": 4121602300.0, "Shape_Length": 0.043183170961096223 }, "geometry": { "type": "Polygon", "coordinates": [ ] } },
{ "type": "Feature", "properties": { "HYRIV_ID": 41407641, "NEXT_DOWN": 41407783, "MAIN_RIV": 41409740, "LENGTH_KM": 2.23, "DIST_DN_KM": 67.800003, "DIST_UP_KM": 66.300003, "CATCH_SKM": 4.48, "UPLAND_SKM": 904.20001, "ENDORHEIC": 0, "DIS_AV_CMS": 35.362, "ORD_STRA": 5, "ORD_CLAS": 1, "ORD_FLOW": 5, "HYBAS_L12": 4121159420.0, "Shape_Length": 0.020118446353106764 }, "geometry": { "type": "Polygon", "coordinates": [ ] } },
{ "type": "Feature", "properties": { "HYRIV_ID": 41407642, "NEXT_DOWN": 41407783, "MAIN_RIV": 41409740, "LENGTH_KM": 1.15, "DIST_DN_KM": 67.699997, "DIST_UP_KM": 3.9, "CATCH_SKM": 4.6900001, "UPLAND_SKM": 4.7, "ENDORHEIC": 0, "DIS_AV_CMS": 0.15700001, "ORD_STRA": 1, "ORD_CLAS": 2, "ORD_FLOW": 7, "HYBAS_L12": 4121159420.0, "Shape_Length": 0.010416666666742458 }, "geometry": { "type": "Polygon", "coordinates": [ ] } },
{ "type": "Feature", "properties": { "HYRIV_ID": 41407680, "NEXT_DOWN": 41407695, "MAIN_RIV": 41409740, "LENGTH_KM": 1.96, "DIST_DN_KM": 75.0, "DIST_UP_KM": 12.1, "CATCH_SKM": 6.1799998, "UPLAND_SKM": 57.400002, "ENDORHEIC": 0, "DIS_AV_CMS": 2.2639999, "ORD_STRA": 2, "ORD_CLAS": 2, "ORD_FLOW": 6, "HYBAS_L12": 4121159440.0, "Shape_Length": 0.017677669529597366 }, "geometry": { "type": "Polygon", "coordinates": [ ] } },
{ "type": "Feature", "properties": { "HYRIV_ID": 41407695, "NEXT_DOWN": 41407748, "MAIN_RIV": 41409740, "LENGTH_KM": 1.5700001, "DIST_DN_KM": 73.199997, "DIST_UP_KM": 13.8, "CATCH_SKM": 3.6300001, "UPLAND_SKM": 71.400002, "ENDORHEIC": 0, "DIS_AV_CMS": 2.8239999, "ORD_STRA": 2, "ORD_CLAS": 2, "ORD_FLOW": 6, "HYBAS_L12": 4121159440.0, "Shape_Length": 0.014225889843238436 }, "geometry": { "type": "Polygon", "coordinates": [ ] } },
{ "type": "Feature", "properties": { "HYRIV_ID": 41407696, "NEXT_DOWN": 41407748, "MAIN_RIV": 41409740, "LENGTH_KM": 0.69, "DIST_DN_KM": 73.199997, "DIST_UP_KM": 2.9, "CATCH_SKM": 2.99, "UPLAND_SKM": 3.0, "ENDORHEIC": 0, "DIS_AV_CMS": 0.113, "ORD_STRA": 1, "ORD_CLAS": 3, "ORD_FLOW": 7, "HYBAS_L12": 4121159440.0, "Shape_Length": 0.0062500000000369482 }, "geometry": { "type": "Polygon", "coordinates": [ ] } },
{ "type": "Feature", "properties": { "HYRIV_ID": 41407697, "NEXT_DOWN": 41407876, "MAIN_RIV": 41409740, "LENGTH_KM": 0.69, "DIST_DN_KM": 69.800003, "DIST_UP_KM": 3.5, "CATCH_SKM": 3.2, "UPLAND_SKM": 3.2, "ENDORHEIC": 0, "DIS_AV_CMS": 0.119, "ORD_STRA": 1, "ORD_CLAS": 5, "ORD_FLOW": 7, "HYBAS_L12": 4121159440.0, "Shape_Length": 0.0062499999999090505 }, "geometry": { "type": "Polygon", "coordinates": [ ] } },
{ "type": "Feature", "properties": { "HYRIV_ID": 41407698, "NEXT_DOWN": 41407876, "MAIN_RIV": 41409740, "LENGTH_KM": 2.9300001, "DIST_DN_KM": 70.0, "DIST_UP_KM": 5.1, "CATCH_SKM": 9.6, "UPLAND_SKM": 9.6, "ENDORHEIC": 0, "DIS_AV_CMS": 0.357, "ORD_STRA": 1, "ORD_CLAS": 3, "ORD_FLOW": 7, "HYBAS_L12": 4121159440.0, "Shape_Length": 0.026368446353143709 }, "geometry": { "type": "Polygon", "coordinates": [ ] } },
{ "type": "Feature", "properties": { "HYRIV_ID": 41407699, "NEXT_DOWN": 41407876, "MAIN_RIV": 41409740, "LENGTH_KM": 1.4400001, "DIST_DN_KM": 69.800003, "DIST_UP_KM": 3.7, "CATCH_SKM": 4.2600002, "UPLAND_SKM": 4.3, "ENDORHEIC": 0, "DIS_AV_CMS": 0.155, "ORD_STRA": 1, "ORD_CLAS": 4, "ORD_FLOW": 7, "HYBAS_L12": 4121159440.0, "Shape_Length": 0.01300550143157712 }, "geometry": { "type": "Polygon", "coordinates": [ ] } },
{ "type": "Feature", "properties": { "HYRIV_ID": 41407700, "NEXT_DOWN": 41407750, "MAIN_RIV": 41409740, "LENGTH_KM": 3.2, "DIST_DN_KM": 67.5, "DIST_UP_KM": 5.9, "CATCH_SKM": 7.6799998, "UPLAND_SKM": 7.7, "ENDORHEIC": 0, "DIS_AV_CMS": 0.243, "ORD_STRA": 1, "ORD_CLAS": 3, "ORD_FLOW": 7, "HYBAS_L12": 4121602300.0, "Shape_Length": 0.028809223176572717 }, "geometry": { "type": "Polygon", "coordinates": [ ] } },
{ "type": "Feature", "properties": { "HYRIV_ID": 41407701, "NEXT_DOWN": 41407750, "MAIN_RIV": 41409740, "LENGTH_KM": 2.8800001, "DIST_DN_KM": 67.300003, "DIST_UP_KM": 14.3, "CATCH_SKM": 7.89, "UPLAND_SKM": 62.900002, "ENDORHEIC": 0, "DIS_AV_CMS": 1.948, "ORD_STRA": 2, "ORD_CLAS": 2, "ORD_FLOW": 6, "HYBAS_L12": 4121602300.0, "Shape_Length": 0.026011002863050303 }, "geometry": { "type": "Polygon", "coordinates": [ ] } },
{ "type": "Feature", "properties": { "HYRIV_ID": 41407724, "NEXT_DOWN": 41407782, "MAIN_RIV": 41409740, "LENGTH_KM": 0.69, "DIST_DN_KM": 65.0, "DIST_UP_KM": 4.5, "CATCH_SKM": 4.0500002, "UPLAND_SKM": 4.1, "ENDORHEIC": 0, "DIS_AV_CMS": 0.14300001, "ORD_STRA": 1, "ORD_CLAS": 3, "ORD_FLOW": 7, "HYBAS_L12": 4121159420.0, "Shape_Length": 0.0062500000000795808 }, "geometry": { "type": "Polygon", "coordinates": [ ] } },
{ "type": "Feature", "properties": { "HYRIV_ID": 41407725, "NEXT_DOWN": 41407782, "MAIN_RIV": 41409740, "LENGTH_KM": 3.49, "DIST_DN_KM": 65.0, "DIST_UP_KM": 5.7, "CATCH_SKM": 13.44, "UPLAND_SKM": 13.4, "ENDORHEIC": 0, "DIS_AV_CMS": 0.47600001, "ORD_STRA": 1, "ORD_CLAS": 2, "ORD_FLOW": 7, "HYBAS_L12": 4121159420.0, "Shape_Length": 0.031398057941462498 }, "geometry": { "type": "Polygon", "coordinates": [ ] } },
{ "type": "Feature", "properties": { "HYRIV_ID": 41407748, "NEXT_DOWN": 41407875, "MAIN_RIV": 41409740, "LENGTH_KM": 1.77, "DIST_DN_KM": 71.599998, "DIST_UP_KM": 15.4, "CATCH_SKM": 4.2600002, "UPLAND_SKM": 78.699997, "ENDORHEIC": 0, "DIS_AV_CMS": 3.1129999, "ORD_STRA": 2, "ORD_CLAS": 2, "ORD_FLOW": 6, "HYBAS_L12": 4121159440.0, "Shape_Length": 0.015951779686417901 }, "geometry": { "type": "Polygon", "coordinates": [ ] } },
{ "type": "Feature", "properties": { "HYRIV_ID": 41407749, "NEXT_DOWN": 41407806, "MAIN_RIV": 41409740, "LENGTH_KM": 1.4400001, "DIST_DN_KM": 66.0, "DIST_UP_KM": 3.3, "CATCH_SKM": 4.9099998, "UPLAND_SKM": 4.9, "ENDORHEIC": 0, "DIS_AV_CMS": 0.156, "ORD_STRA": 1, "ORD_CLAS": 3, "ORD_FLOW": 7, "HYBAS_L12": 4121602300.0, "Shape_Length": 0.013005501431526876 }, "geometry": { "type": "Polygon", "coordinates": [ ] } },
{ "type": "Feature", "properties": { "HYRIV_ID": 41407750, "NEXT_DOWN": 41407806, "MAIN_RIV": 41409740, "LENGTH_KM": 1.31, "DIST_DN_KM": 66.199997, "DIST_UP_KM": 15.4, "CATCH_SKM": 1.71, "UPLAND_SKM": 72.300003, "ENDORHEIC": 0, "DIS_AV_CMS": 2.2520001, "ORD_STRA": 2, "ORD_CLAS": 2, "ORD_FLOW": 6, "HYBAS_L12": 4121602300.0, "Shape_Length": 0.011785113019755026 }, "geometry": { "type": "Polygon", "coordinates": [ ] } },
{ "type": "Feature", "properties": { "HYRIV_ID": 41407772, "NEXT_DOWN": 41407695, "MAIN_RIV": 41409740, "LENGTH_KM": 5.6100001, "DIST_DN_KM": 74.800003, "DIST_UP_KM": 7.4, "CATCH_SKM": 10.45, "UPLAND_SKM": 10.4, "ENDORHEIC": 0, "DIS_AV_CMS": 0.408, "ORD_STRA": 1, "ORD_CLAS": 3, "ORD_FLOW": 7, "HYBAS_L12": 4121159440.0, "Shape_Length": 0.050653559372837414 }, "geometry": { "type": "Polygon", "coordinates": [ ] } },
{ "type": "Feature", "properties": { "HYRIV_ID": 41407781, "NEXT_DOWN": 41407875, "MAIN_RIV": 41409740, "LENGTH_KM": 2.09, "DIST_DN_KM": 71.400002, "DIST_UP_KM": 4.0, "CATCH_SKM": 8.3199997, "UPLAND_SKM": 8.3, "ENDORHEIC": 0, "DIS_AV_CMS": 0.315, "ORD_STRA": 1, "ORD_CLAS": 3, "ORD_FLOW": 7, "HYBAS_L12": 4121159440.0, "Shape_Length": 0.018898057941339072 }, "geometry": { "type": "Polygon", "coordinates": [ ] } },
{ "type": "Feature", "properties": { "HYRIV_ID": 41407782, "NEXT_DOWN": 41407804, "MAIN_RIV": 41409740, "LENGTH_KM": 1.58, "DIST_DN_KM": 63.700001, "DIST_UP_KM": 7.0, "CATCH_SKM": 1.92, "UPLAND_SKM": 19.4, "ENDORHEIC": 0, "DIS_AV_CMS": 0.68900001, "ORD_STRA": 2, "ORD_CLAS": 2, "ORD_FLOW": 7, "HYBAS_L12": 4121159420.0, "Shape_Length": 0.014225889843117854 }, "geometry": { "type": "Polygon", "coordinates": [ ] } },
{ "type": "Feature", "properties": { "HYRIV_ID": 41407783, "NEXT_DOWN": 41407804, "MAIN_RIV": 41409740, "LENGTH_KM": 4.1900001, "DIST_DN_KM": 63.700001, "DIST_UP_KM": 70.5, "CATCH_SKM": 14.29, "UPLAND_SKM": 923.20001, "ENDORHEIC": 0, "DIS_AV_CMS": 36.395, "ORD_STRA": 5, "ORD_CLAS": 1, "ORD_FLOW": 5, "HYBAS_L12": 4121159420.0, "Shape_Length": 0.037796115882791116 }, "geometry": { "type": "Polygon", "coordinates": [ ] } },
{ "type": "Feature", "properties": { "HYRIV_ID": 41407801, "NEXT_DOWN": 41407856, "MAIN_RIV": 41409740, "LENGTH_KM": 5.2399998, "DIST_DN_KM": 77.099998, "DIST_UP_KM": 7.0, "CATCH_SKM": 18.34, "UPLAND_SKM": 18.3, "ENDORHEIC": 0, "DIS_AV_CMS": 0.74900001, "ORD_STRA": 1, "ORD_CLAS": 3, "ORD_FLOW": 7, "HYBAS_L12": 4121159490.0, "Shape_Length": 0.047349837627781638 }, "geometry": { "type": "Polygon", "coordinates": [ ] } },
{ "type": "Feature", "properties": { "HYRIV_ID": 41407802, "NEXT_DOWN": 41407856, "MAIN_RIV": 41409740, "LENGTH_KM": 1.62, "DIST_DN_KM": 77.099998, "DIST_UP_KM": 3.8, "CATCH_SKM": 4.0500002, "UPLAND_SKM": 4.1, "ENDORHEIC": 0, "DIS_AV_CMS": 0.161, "ORD_STRA": 1, "ORD_CLAS": 4, "ORD_FLOW": 7, "HYBAS_L12": 4121159490.0, "Shape_Length": 0.014583333333405335 }, "geometry": { "type": "Polygon", "coordinates": [ ] } },
{ "type": "Feature", "properties": { "HYRIV_ID": 41407803, "NEXT_DOWN": 41407948, "MAIN_RIV": 41409740, "LENGTH_KM": 2.55, "DIST_DN_KM": 62.8, "DIST_UP_KM": 5.0, "CATCH_SKM": 7.04, "UPLAND_SKM": 7.0, "ENDORHEIC": 0, "DIS_AV_CMS": 0.25, "ORD_STRA": 1, "ORD_CLAS": 2, "ORD_FLOW": 7, "HYBAS_L12": 4121159420.0, "Shape_Length": 0.023064724608145782 }, "geometry": { "type": "Polygon", "coordinates": [ ] } },
{ "type": "Feature", "properties": { "HYRIV_ID": 41407804, "NEXT_DOWN": 41407948, "MAIN_RIV": 41409740, "LENGTH_KM": 0.65, "DIST_DN_KM": 63.0, "DIST_UP_KM": 71.099998, "CATCH_SKM": 1.92, "UPLAND_SKM": 944.5, "ENDORHEIC": 0, "DIS_AV_CMS": 37.207001, "ORD_STRA": 5, "ORD_CLAS": 1, "ORD_FLOW": 5, "HYBAS_L12": 4121159420.0, "Shape_Length": 0.0058925565098322938 }, "geometry": { "type": "Polygon", "coordinates": [ ] } },
{ "type": "Feature", "properties": { "HYRIV_ID": 41407805, "NEXT_DOWN": 41407902, "MAIN_RIV": 41409740, "LENGTH_KM": 11.85, "DIST_DN_KM": 64.0, "DIST_UP_KM": 14.9, "CATCH_SKM": 28.58, "UPLAND_SKM": 28.6, "ENDORHEIC": 0, "DIS_AV_CMS": 0.936, "ORD_STRA": 1, "ORD_CLAS": 3, "ORD_FLOW": 7, "HYBAS_L12": 4121602300.0, "Shape_Length": 0.10684223176563491 }, "geometry": { "type": "Polygon", "coordinates": [ ] } },
{ "type": "Feature", "properties": { "HYRIV_ID": 41407806, "NEXT_DOWN": 41407902, "MAIN_RIV": 41409740, "LENGTH_KM": 1.96, "DIST_DN_KM": 64.199997, "DIST_UP_KM": 17.4, "CATCH_SKM": 3.84, "UPLAND_SKM": 81.0, "ENDORHEIC": 0, "DIS_AV_CMS": 2.5409999, "ORD_STRA": 2, "ORD_CLAS": 2, "ORD_FLOW": 6, "HYBAS_L12": 4121602300.0, "Shape_Length": 0.017677669529667706 }, "geometry": { "type": "Polygon", "coordinates": [ ] } },
{ "type": "Feature", "properties": { "HYRIV_ID": 41407855, "NEXT_DOWN": 41407856, "MAIN_RIV": 41409740, "LENGTH_KM": 1.77, "DIST_DN_KM": 77.300003, "DIST_UP_KM": 7.8, "CATCH_SKM": 1.28, "UPLAND_SKM": 17.5, "ENDORHEIC": 0, "DIS_AV_CMS": 0.69800001, "ORD_STRA": 2, "ORD_CLAS": 2, "ORD_FLOW": 7, "HYBAS_L12": 4121159490.0, "Shape_Length": 0.015951779686417901 }, "geometry": { "type": "Polygon", "coordinates": [ ] } },
{ "type": "Feature", "properties": { "HYRIV_ID": 41407856, "NEXT_DOWN": 41407901, "MAIN_RIV": 41409740, "LENGTH_KM": 2.8800001, "DIST_DN_KM": 74.400002, "DIST_UP_KM": 10.7, "CATCH_SKM": 8.3199997, "UPLAND_SKM": 48.200001, "ENDORHEIC": 0, "DIS_AV_CMS": 1.938, "ORD_STRA": 2, "ORD_CLAS": 2, "ORD_FLOW": 6, "HYBAS_L12": 4121159490.0, "Shape_Length": 0.026011002863003511 }, "geometry": { "type": "Polygon", "coordinates": [ ] } },
{ "type": "Feature", "properties": { "HYRIV_ID": 41407873, "NEXT_DOWN": 41407855, "MAIN_RIV": 41409740, "LENGTH_KM": 0.98, "DIST_DN_KM": 79.099998, "DIST_UP_KM": 3.8, "CATCH_SKM": 4.48, "UPLAND_SKM": 4.5, "ENDORHEIC": 0, "DIS_AV_CMS": 0.17900001, "ORD_STRA": 1, "ORD_CLAS": 3, "ORD_FLOW": 7, "HYBAS_L12": 4121159490.0, "Shape_Length": 0.008838834764843902 }, "geometry": { "type": "Polygon", "coordinates": [ ] } },
{ "type": "Feature", "properties": { "HYRIV_ID": 41407874, "NEXT_DOWN": 41407855, "MAIN_RIV": 41409740, "LENGTH_KM": 0.69, "DIST_DN_KM": 78.900002, "DIST_UP_KM": 3.4, "CATCH_SKM": 4.27, "UPLAND_SKM": 4.3, "ENDORHEIC": 0, "DIS_AV_CMS": 0.169, "ORD_STRA": 1, "ORD_CLAS": 4, "ORD_FLOW": 7, "HYBAS_L12": 4121159490.0, "Shape_Length": 0.0062499999999943157 }, "geometry": { "type": "Polygon", "coordinates": [ ] } },
{ "type": "Feature", "properties": { "HYRIV_ID": 41407875, "NEXT_DOWN": 41407947, "MAIN_RIV": 41409740, "LENGTH_KM": 9.1800003, "DIST_DN_KM": 62.3, "DIST_UP_KM": 24.8, "CATCH_SKM": 26.66, "UPLAND_SKM": 113.7, "ENDORHEIC": 0, "DIS_AV_CMS": 4.4429998, "ORD_STRA": 2, "ORD_CLAS": 2, "ORD_FLOW": 6, "HYBAS_L12": 4121159440.0, "Shape_Length": 0.082914562235953809 }, "geometry": { "type": "Polygon", "coordinates": [ ] } },
{ "type": "Feature", "properties": { "HYRIV_ID": 41407876, "NEXT_DOWN": 41407947, "MAIN_RIV": 41409740, "LENGTH_KM": 7.54, "DIST_DN_KM": 62.3, "DIST_UP_KM": 12.8, "CATCH_SKM": 12.58, "UPLAND_SKM": 29.6, "ENDORHEIC": 0, "DIS_AV_CMS": 1.092, "ORD_STRA": 2, "ORD_CLAS": 3, "ORD_FLOW": 6, "HYBAS_L12": 4121159440.0, "Shape_Length": 0.067973785412523677 }, "geometry": { "type": "Polygon", "coordinates": [ ] } },
{ "type": "Feature", "properties": { "HYRIV_ID": 41407889, "NEXT_DOWN": 41407855, "MAIN_RIV": 41409740, "LENGTH_KM": 3.86, "DIST_DN_KM": 78.900002, "DIST_UP_KM": 6.2, "CATCH_SKM": 7.46, "UPLAND_SKM": 7.5, "ENDORHEIC": 0, "DIS_AV_CMS": 0.3, "ORD_STRA": 1, "ORD_CLAS": 2, "ORD_FLOW": 7, "HYBAS_L12": 4121159490.0, "Shape_Length": 0.03484983762779717 }, "geometry": { "type": "Polygon", "coordinates": [ ] } },
{ "type": "Feature", "properties": { "HYRIV_ID": 41407900, "NEXT_DOWN": 41407901, "MAIN_RIV": 41409740, "LENGTH_KM": 2.46, "DIST_DN_KM": 74.400002, "DIST_UP_KM": 4.7, "CATCH_SKM": 8.3199997, "UPLAND_SKM": 8.3, "ENDORHEIC": 0, "DIS_AV_CMS": 0.324, "ORD_STRA": 1, "ORD_CLAS": 3, "ORD_FLOW": 7, "HYBAS_L12": 4121159490.0, "Shape_Length": 0.022201779686454849 }, "geometry": { "type": "Polygon", "coordinates": [ ] } },
{ "type": "Feature", "properties": { "HYRIV_ID": 41407901, "NEXT_DOWN": 41407966, "MAIN_RIV": 41409740, "LENGTH_KM": 3.1500001, "DIST_DN_KM": 71.300003, "DIST_UP_KM": 13.8, "CATCH_SKM": 9.1700001, "UPLAND_SKM": 65.699997, "ENDORHEIC": 0, "DIS_AV_CMS": 2.6170001, "ORD_STRA": 2, "ORD_CLAS": 2, "ORD_FLOW": 6, "HYBAS_L12": 4121159490.0, "Shape_Length": 0.028451779686493522 }, "geometry": { "type": "Polygon", "coordinates": [ ] } },
{ "type": "Feature", "properties": { "HYRIV_ID": 41407902, "NEXT_DOWN": 41407969, "MAIN_RIV": 41409740, "LENGTH_KM": 3.81, "DIST_DN_KM": 60.200001, "DIST_UP_KM": 21.4, "CATCH_SKM": 13.22, "UPLAND_SKM": 122.8, "ENDORHEIC": 0, "DIS_AV_CMS": 3.8989999, "ORD_STRA": 2, "ORD_CLAS": 2, "ORD_FLOW": 6, "HYBAS_L12": 4121602300.0, "Shape_Length": 0.034344336196321656 }, "geometry": { "type": "Polygon", "coordinates": [ ] } },
{ "type": "Feature", "properties": { "HYRIV_ID": 41407903, "NEXT_DOWN": 41407969, "MAIN_RIV": 41409740, "LENGTH_KM": 4.23, "DIST_DN_KM": 60.200001, "DIST_UP_KM": 6.2, "CATCH_SKM": 12.16, "UPLAND_SKM": 12.2, "ENDORHEIC": 0, "DIS_AV_CMS": 0.369, "ORD_STRA": 1, "ORD_CLAS": 3, "ORD_FLOW": 7, "HYBAS_L12": 4121602300.0, "Shape_Length": 0.03815355937292228 }, "geometry": { "type": "Polygon", "coordinates": [ ] } },
{ "type": "Feature", "properties": { "HYRIV_ID": 41407926, "NEXT_DOWN": 41408028, "MAIN_RIV": 41409740, "LENGTH_KM": 8.6899996, "DIST_DN_KM": 62.0, "DIST_UP_KM": 11.3, "CATCH_SKM": 25.809999, "UPLAND_SKM": 25.8, "ENDORHEIC": 0, "DIS_AV_CMS": 0.75300002, "ORD_STRA": 1, "ORD_CLAS": 3, "ORD_FLOW": 7, "HYBAS_L12": 4121602300.0, "Shape_Length": 0.078390452079188197 }, "geometry": { "type": "Polygon", "coordinates": [ ] } },
{ "type": "Feature", "properties": { "HYRIV_ID": 41407927, "NEXT_DOWN": 41408028, "MAIN_RIV": 41409740, "LENGTH_KM": 6.37, "DIST_DN_KM": 62.0, "DIST_UP_KM": 8.7, "CATCH_SKM": 20.9, "UPLAND_SKM": 20.9, "ENDORHEIC": 0, "DIS_AV_CMS": 0.58200002, "ORD_STRA": 1, "ORD_CLAS": 4, "ORD_FLOW": 7, "HYBAS_L12": 4121602300.0, "Shape_Length": 0.057409060804276095 }, "geometry": { "type": "Polygon", "coordinates": [ ] } },
{ "type": "Feature", "properties": { "HYRIV_ID": 41407947, "NEXT_DOWN": 41408000, "MAIN_RIV": 41409740, "LENGTH_KM": 3.1500001, "DIST_DN_KM": 59.099998, "DIST_UP_KM": 27.9, "CATCH_SKM": 4.48, "UPLAND_SKM": 147.8, "ENDORHEIC": 0, "DIS_AV_CMS": 5.6900001, "ORD_STRA": 3, "ORD_CLAS": 2, "ORD_FLOW": 6, "HYBAS_L12": 4121159440.0, "Shape_Length": 0.028451779686455764 }, "geometry": { "type": "Polygon", "coordinates": [ ] } },
{ "type": "Feature", "properties": { "HYRIV_ID": 41407948, "NEXT_DOWN": 41408000, "MAIN_RIV": 41409740, "LENGTH_KM": 3.71, "DIST_DN_KM": 59.099998, "DIST_UP_KM": 75.0, "CATCH_SKM": 9.1700001, "UPLAND_SKM": 960.70001, "ENDORHEIC": 0, "DIS_AV_CMS": 37.828999, "ORD_STRA": 5, "ORD_CLAS": 1, "ORD_FLOW": 5, "HYBAS_L12": 4121159420.0, "Shape_Length": 0.033333333333303017 }, "geometry": { "type": "Polygon", "coordinates": [ ] } },
{ "type": "Feature", "properties": { "HYRIV_ID": 41407965, "NEXT_DOWN": 41407966, "MAIN_RIV": 41409740, "LENGTH_KM": 1.81, "DIST_DN_KM": 71.099998, "DIST_UP_KM": 4.5, "CATCH_SKM": 7.25, "UPLAND_SKM": 7.3, "ENDORHEIC": 0, "DIS_AV_CMS": 0.27700001, "ORD_STRA": 1, "ORD_CLAS": 3, "ORD_FLOW": 7, "HYBAS_L12": 4121159490.0, "Shape_Length": 0.016309223176652704 }, "geometry": { "type": "Polygon", "coordinates": [ ] } },
{ "type": "Feature", "properties": { "HYRIV_ID": 41407966, "NEXT_DOWN": 41408237, "MAIN_RIV": 41409740, "LENGTH_KM": 4.6500001, "DIST_DN_KM": 66.599998, "DIST_UP_KM": 18.5, "CATCH_SKM": 17.700001, "UPLAND_SKM": 90.599998, "ENDORHEIC": 0, "DIS_AV_CMS": 3.5639999, "ORD_STRA": 2, "ORD_CLAS": 2, "ORD_FLOW": 6, "HYBAS_L12": 4121159490.0, "Shape_Length": 0.041962782549378068 }, "geometry": { "type": "Polygon", "coordinates": [ ] } },
{ "type": "Feature", "properties": { "HYRIV_ID": 41407967, "NEXT_DOWN": 41408237, "MAIN_RIV": 41409740, "LENGTH_KM": 0.98, "DIST_DN_KM": 66.599998, "DIST_UP_KM": 3.6, "CATCH_SKM": 5.7600002, "UPLAND_SKM": 5.8, "ENDORHEIC": 0, "DIS_AV_CMS": 0.213, "ORD_STRA": 1, "ORD_CLAS": 3, "ORD_FLOW": 7, "HYBAS_L12": 4121159490.0, "Shape_Length": 0.0088388347648740481 }, "geometry": { "type": "Polygon", "coordinates": [ ] } },
{ "type": "Feature", "properties": { "HYRIV_ID": 41407968, "NEXT_DOWN": 41408085, "MAIN_RIV": 41409740, "LENGTH_KM": 1.15, "DIST_DN_KM": 58.599998, "DIST_UP_KM": 3.6, "CATCH_SKM": 4.6900001, "UPLAND_SKM": 4.7, "ENDORHEIC": 0, "DIS_AV_CMS": 0.147, "ORD_STRA": 1, "ORD_CLAS": 3, "ORD_FLOW": 7, "HYBAS_L12": 4121602300.0, "Shape_Length": 0.010416666666742458 }, "geometry": { "type": "Polygon", "coordinates": [ ] } },
{ "type": "Feature", "properties": { "HYRIV_ID": 41407969, "NEXT_DOWN": 41408085, "MAIN_RIV": 41409740, "LENGTH_KM": 1.58, "DIST_DN_KM": 58.599998, "DIST_UP_KM": 22.9, "CATCH_SKM": 4.6900001, "UPLAND_SKM": 139.7, "ENDORHEIC": 0, "DIS_AV_CMS": 4.4099998, "ORD_STRA": 2, "ORD_CLAS": 2, "ORD_FLOW": 6, "HYBAS_L12": 4121602300.0, "Shape_Length": 0.014225889843194079 }, "geometry": { "type": "Polygon", "coordinates": [ ] } },
{ "type": "Feature", "properties": { "HYRIV_ID": 41408000, "NEXT_DOWN": 41408009, "MAIN_RIV": 41409740, "LENGTH_KM": 1.58, "DIST_DN_KM": 57.5, "DIST_UP_KM": 76.599998, "CATCH_SKM": 2.35, "UPLAND_SKM": 1110.8, "ENDORHEIC": 0, "DIS_AV_CMS": 43.599998, "ORD_STRA": 5, "ORD_CLAS": 1, "ORD_FLOW": 5, "HYBAS_L12": 4121159540.0, "Shape_Length": 0.014225889843113692 }, "geometry": { "type": "Polygon", "coordinates": [ ] } },
{ "type": "Feature", "properties": { "HYRIV_ID": 41408008, "NEXT_DOWN": 41408009, "MAIN_RIV": 41409740, "LENGTH_KM": 2.09, "DIST_DN_KM": 57.700001, "DIST_UP_KM": 4.5, "CATCH_SKM": 6.4, "UPLAND_SKM": 6.4, "ENDORHEIC": 0, "DIS_AV_CMS": 0.222, "ORD_STRA": 1, "ORD_CLAS": 2, "ORD_FLOW": 7, "HYBAS_L12": 4121159540.0, "Shape_Length": 0.018898057941432664 }, "geometry": { "type": "Polygon", "coordinates": [ ] } },
{ "type": "Feature", "properties": { "HYRIV_ID": 41408009, "NEXT_DOWN": 41408186, "MAIN_RIV": 41409740, "LENGTH_KM": 0.65, "DIST_DN_KM": 57.099998, "DIST_UP_KM": 77.0, "CATCH_SKM": 0.43, "UPLAND_SKM": 1117.7, "ENDORHEIC": 0, "DIS_AV_CMS": 43.835999, "ORD_STRA": 5, "ORD_CLAS": 1, "ORD_FLOW": 5, "HYBAS_L12": 4121159540.0, "Shape_Length": 0.0058925565100332658 }, "geometry": { "type": "Polygon", "coordinates": [ ] } },
{ "type": "Feature", "properties": { "HYRIV_ID": 41408010, "NEXT_DOWN": 41408186, "MAIN_RIV": 41409740, "LENGTH_KM": 8.1400003, "DIST_DN_KM": 56.900002, "DIST_UP_KM": 10.9, "CATCH_SKM": 26.23, "UPLAND_SKM": 26.200001, "ENDORHEIC": 0, "DIS_AV_CMS": 0.871, "ORD_STRA": 1, "ORD_CLAS": 2, "ORD_FLOW": 7, "HYBAS_L12": 4121159540.0, "Shape_Length": 0.073360840490760179 }, "geometry": { "type": "Polygon", "coordinates": [ ] } },
{ "type": "Feature", "properties": { "HYRIV_ID": 41408011, "NEXT_DOWN": 41408186, "MAIN_RIV": 41409740, "LENGTH_KM": 6.89, "DIST_DN_KM": 56.900002, "DIST_UP_KM": 8.8, "CATCH_SKM": 19.84, "UPLAND_SKM": 19.8, "ENDORHEIC": 0, "DIS_AV_CMS": 0.64499998, "ORD_STRA": 1, "ORD_CLAS": 3, "ORD_FLOW": 7, "HYBAS_L12": 4121159540.0, "Shape_Length": 0.062290614451210334 }, "geometry": { "type": "Polygon", "coordinates": [ ] } },
{ "type": "Feature", "properties": { "HYRIV_ID": 41408027, "NEXT_DOWN": 41408086, "MAIN_RIV": 41409740, "LENGTH_KM": 0.98, "DIST_DN_KM": 58.200001, "DIST_UP_KM": 3.9, "CATCH_SKM": 4.27, "UPLAND_SKM": 4.3, "ENDORHEIC": 0, "DIS_AV_CMS": 0.126, "ORD_STRA": 1, "ORD_CLAS": 4, "ORD_FLOW": 7, "HYBAS_L12": 4121602300.0, "Shape_Length": 0.0088388347649242908 }, "geometry": { "type": "Polygon", "coordinates": [ ] } },
{ "type": "Feature", "properties": { "HYRIV_ID": 41408028, "NEXT_DOWN": 41408086, "MAIN_RIV": 41409740, "LENGTH_KM": 3.81, "DIST_DN_KM": 58.200001, "DIST_UP_KM": 15.2, "CATCH_SKM": 10.45, "UPLAND_SKM": 57.200001, "ENDORHEIC": 0, "DIS_AV_CMS": 1.635, "ORD_STRA": 2, "ORD_CLAS": 3, "ORD_FLOW": 6, "HYBAS_L12": 4121602300.0, "Shape_Length": 0.034344336196224616 }, "geometry": { "type": "Polygon", "coordinates": [ ] } },
{ "type": "Feature", "properties": { "HYRIV_ID": 41408085, "NEXT_DOWN": 41408125, "MAIN_RIV": 41409740, "LENGTH_KM": 3.81, "DIST_DN_KM": 54.8, "DIST_UP_KM": 26.8, "CATCH_SKM": 12.58, "UPLAND_SKM": 157.0, "ENDORHEIC": 0, "DIS_AV_CMS": 4.9369998, "ORD_STRA": 2, "ORD_CLAS": 2, "ORD_FLOW": 6, "HYBAS_L12": 4121602300.0, "Shape_Length": 0.034344336196324092 }, "geometry": { "type": "Polygon", "coordinates": [ ] } },
{ "type": "Feature", "properties": { "HYRIV_ID": 41408086, "NEXT_DOWN": 41408125, "MAIN_RIV": 41409740, "LENGTH_KM": 3.1500001, "DIST_DN_KM": 54.8, "DIST_UP_KM": 18.5, "CATCH_SKM": 8.3199997, "UPLAND_SKM": 69.699997, "ENDORHEIC": 0, "DIS_AV_CMS": 2.0020001, "ORD_STRA": 2, "ORD_CLAS": 3, "ORD_FLOW": 6, "HYBAS_L12": 4121602300.0, "Shape_Length": 0.028451779686640508 }, "geometry": { "type": "Polygon", "coordinates": [ ] } },
{ "type": "Feature", "properties": { "HYRIV_ID": 41408125, "NEXT_DOWN": 41408189, "MAIN_RIV": 41409740, "LENGTH_KM": 1.31, "DIST_DN_KM": 53.700001, "DIST_UP_KM": 27.9, "CATCH_SKM": 4.27, "UPLAND_SKM": 231.0, "ENDORHEIC": 0, "DIS_AV_CMS": 7.0679998, "ORD_STRA": 3, "ORD_CLAS": 2, "ORD_FLOW": 6, "HYBAS_L12": 4121159680.0, "Shape_Length": 0.011785113019755026 }, "geometry": { "type": "Polygon", "coordinates": [ ] } },
{ "type": "Feature", "properties": { "HYRIV_ID": 41408126, "NEXT_DOWN": 41408189, "MAIN_RIV": 41409740, "LENGTH_KM": 2.07, "DIST_DN_KM": 53.5, "DIST_UP_KM": 4.5, "CATCH_SKM": 6.83, "UPLAND_SKM": 6.8, "ENDORHEIC": 0, "DIS_AV_CMS": 0.195, "ORD_STRA": 1, "ORD_CLAS": 3, "ORD_FLOW": 7, "HYBAS_L12": 4121159680.0, "Shape_Length": 0.018750000000068212 }, "geometry": { "type": "Polygon", "coordinates": [ ] } },
{ "type": "Feature", "properties": { "HYRIV_ID": 41408144, "NEXT_DOWN": 41408162, "MAIN_RIV": 41409740, "LENGTH_KM": 0.69, "DIST_DN_KM": 75.900002, "DIST_UP_KM": 2.9, "CATCH_SKM": 3.4100001, "UPLAND_SKM": 3.4, "ENDORHEIC": 0, "DIS_AV_CMS": 0.13600001, "ORD_STRA": 1, "ORD_CLAS": 4, "ORD_FLOW": 7, "HYBAS_L12": 4121159520.0, "Shape_Length": 0.0062499999999090505 }, "geometry": { "type": "Polygon", "coordinates": [ ] } },
{ "type": "Feature", "properties": { "HYRIV_ID": 41408145, "NEXT_DOWN": 41408162, "MAIN_RIV": 41409740, "LENGTH_KM": 2.09, "DIST_DN_KM": 76.099998, "DIST_UP_KM": 3.8, "CATCH_SKM": 5.33, "UPLAND_SKM": 5.3, "ENDORHEIC": 0, "DIS_AV_CMS": 0.214, "ORD_STRA": 1, "ORD_CLAS": 3, "ORD_FLOW": 7, "HYBAS_L12": 4121159520.0, "Shape_Length": 0.018898057941339072 }, "geometry": { "type": "Polygon", "coordinates": [ ] } },
{ "type": "Feature", "properties": { "HYRIV_ID": 41408162, "NEXT_DOWN": 41408234, "MAIN_RIV": 41409740, "LENGTH_KM": 2.03, "DIST_DN_KM": 74.099998, "DIST_UP_KM": 5.8, "CATCH_SKM": 7.6799998, "UPLAND_SKM": 16.4, "ENDORHEIC": 0, "DIS_AV_CMS": 0.653, "ORD_STRA": 2, "ORD_CLAS": 3, "ORD_FLOW": 7, "HYBAS_L12": 4121159520.0, "Shape_Length": 0.018392556509871167 }, "geometry": { "type": "Polygon", "coordinates": [ ] } },
{ "type": "Feature", "properties": { "HYRIV_ID": 41408186, "NEXT_DOWN": 41408286, "MAIN_RIV": 41409740, "LENGTH_KM": 4.3600001, "DIST_DN_KM": 52.5, "DIST_UP_KM": 81.599998, "CATCH_SKM": 15.79, "UPLAND_SKM": 1179.5, "ENDORHEIC": 0, "DIS_AV_CMS": 45.887001, "ORD_STRA": 5, "ORD_CLAS": 1, "ORD_FLOW": 5, "HYBAS_L12": 4121159540.0, "Shape_Length": 0.039225889843185556 }, "geometry": { "type": "Polygon", "coordinates": [ ] } },
{ "type": "Feature", "properties": { "HYRIV_ID": 41408187, "NEXT_DOWN": 41408286, "MAIN_RIV": 41409740, "LENGTH_KM": 3.21, "DIST_DN_KM": 52.5, "DIST_UP_KM": 5.6, "CATCH_SKM": 8.96, "UPLAND_SKM": 9.0, "ENDORHEIC": 0, "DIS_AV_CMS": 0.294, "ORD_STRA": 1, "ORD_CLAS": 2, "ORD_FLOW": 7, "HYBAS_L12": 4121159540.0, "Shape_Length": 0.028957281117800944 }, "geometry": { "type": "Polygon", "coordinates": [ ] } },
{ "type": "Feature", "properties": { "HYRIV_ID": 41408188, "NEXT_DOWN": 41408358, "MAIN_RIV": 41409740, "LENGTH_KM": 0.69, "DIST_DN_KM": 51.700001, "DIST_UP_KM": 3.3, "CATCH_SKM": 3.6300001, "UPLAND_SKM": 3.6, "ENDORHEIC": 0, "DIS_AV_CMS": 0.11, "ORD_STRA": 1, "ORD_CLAS": 3, "ORD_FLOW": 7, "HYBAS_L12": 4121159680.0, "Shape_Length": 0.0062499999999801048 }, "geometry": { "type": "Polygon", "coordinates": [ ] } },
{ "type": "Feature", "properties": { "HYRIV_ID": 41408189, "NEXT_DOWN": 41408358, "MAIN_RIV": 41409740, "LENGTH_KM": 1.77, "DIST_DN_KM": 51.900002, "DIST_UP_KM": 29.6, "CATCH_SKM": 2.99, "UPLAND_SKM": 240.8, "ENDORHEIC": 0, "DIS_AV_CMS": 7.3509998, "ORD_STRA": 3, "ORD_CLAS": 2, "ORD_FLOW": 6, "HYBAS_L12": 4121159680.0, "Shape_Length": 0.015951779686417901 }, "geometry": { "type": "Polygon", "coordinates": [ ] } },
{ "type": "Feature", "properties": { "HYRIV_ID": 41408234, "NEXT_DOWN": 41408263, "MAIN_RIV": 41409740, "LENGTH_KM": 4.6500001, "DIST_DN_KM": 69.400002, "DIST_UP_KM": 10.5, "CATCH_SKM": 8.96, "UPLAND_SKM": 34.599998, "ENDORHEIC": 0, "DIS_AV_CMS": 1.359, "ORD_STRA": 2, "ORD_CLAS": 3, "ORD_FLOW": 6, "HYBAS_L12": 4121159520.0, "Shape_Length": 0.041962782549518449 }, "geometry": { "type": "Polygon", "coordinates": [ ] } },
{ "type": "Feature", "properties": { "HYRIV_ID": 41408235, "NEXT_DOWN": 41408264, "MAIN_RIV": 41409740, "LENGTH_KM": 11.92, "DIST_DN_KM": 65.199997, "DIST_UP_KM": 14.3, "CATCH_SKM": 28.370001, "UPLAND_SKM": 28.4, "ENDORHEIC": 0, "DIS_AV_CMS": 1.0930001, "ORD_STRA": 1, "ORD_CLAS": 4, "ORD_FLOW": 6, "HYBAS_L12": 4121159520.0, "Shape_Length": 0.10770517668721531 }, "geometry": { "type": "Polygon", "coordinates": [ ] } },
{ "type": "Feature", "properties": { "HYRIV_ID": 41408236, "NEXT_DOWN": 41408264, "MAIN_RIV": 41409740, "LENGTH_KM": 3.21, "DIST_DN_KM": 65.0, "DIST_UP_KM": 5.5, "CATCH_SKM": 7.6799998, "UPLAND_SKM": 7.7, "ENDORHEIC": 0, "DIS_AV_CMS": 0.285, "ORD_STRA": 1, "ORD_CLAS": 5, "ORD_FLOW": 7, "HYBAS_L12": 4121159520.0, "Shape_Length": 0.028957281117910467 }, "geometry": { "type": "Polygon", "coordinates": [ ] } },
{ "type": "Feature", "properties": { "HYRIV_ID": 41408237, "NEXT_DOWN": 41408238, "MAIN_RIV": 41409740, "LENGTH_KM": 10.34, "DIST_DN_KM": 56.3, "DIST_UP_KM": 28.8, "CATCH_SKM": 32.849998, "UPLAND_SKM": 129.3, "ENDORHEIC": 0, "DIS_AV_CMS": 4.9679999, "ORD_STRA": 2, "ORD_CLAS": 2, "ORD_FLOW": 6, "HYBAS_L12": 4121159490.0, "Shape_Length": 0.093269901295271768 }, "geometry": { "type": "Polygon", "coordinates": [ ] } },
{ "type": "Feature", "properties": { "HYRIV_ID": 41408238, "NEXT_DOWN": 41408285, "MAIN_RIV": 41409740, "LENGTH_KM": 1.84, "DIST_DN_KM": 54.3, "DIST_UP_KM": 30.9, "CATCH_SKM": 2.99, "UPLAND_SKM": 258.5, "ENDORHEIC": 0, "DIS_AV_CMS": 9.8450003, "ORD_STRA": 3, "ORD_CLAS": 2, "ORD_FLOW": 6, "HYBAS_L12": 4121159570.0, "Shape_Length": 0.016666666666708352 }, "geometry": { "type": "Polygon", "coordinates": [ ] } },
{ "type": "Feature", "properties": { "HYRIV_ID": 41408239, "NEXT_DOWN": 41408285, "MAIN_RIV": 41409740, "LENGTH_KM": 9.2600002, "DIST_DN_KM": 54.3, "DIST_UP_KM": 11.6, "CATCH_SKM": 27.3, "UPLAND_SKM": 27.3, "ENDORHEIC": 0, "DIS_AV_CMS": 0.96499997, "ORD_STRA": 1, "ORD_CLAS": 3, "ORD_FLOW": 7, "HYBAS_L12": 4121159570.0, "Shape_Length": 0.083420063667360697 }, "geometry": { "type": "Polygon", "coordinates": [ ] } },
{ "type": "Feature", "properties": { "HYRIV_ID": 41408261, "NEXT_DOWN": 41408234, "MAIN_RIV": 41409740, "LENGTH_KM": 2.75, "DIST_DN_KM": 74.099998, "DIST_UP_KM": 5.2, "CATCH_SKM": 9.1700001, "UPLAND_SKM": 9.2, "ENDORHEIC": 0, "DIS_AV_CMS": 0.361, "ORD_STRA": 1, "ORD_CLAS": 4, "ORD_FLOW": 7, "HYBAS_L12": 4121159520.0, "Shape_Length": 0.02479061445129439 }, "geometry": { "type": "Polygon", "coordinates": [ ] } },
{ "type": "Feature", "properties": { "HYRIV_ID": 41408262, "NEXT_DOWN": 41408263, "MAIN_RIV": 41409740, "LENGTH_KM": 1.8, "DIST_DN_KM": 69.199997, "DIST_UP_KM": 4.2, "CATCH_SKM": 10.24, "UPLAND_SKM": 10.2, "ENDORHEIC": 0, "DIS_AV_CMS": 0.39300001, "ORD_STRA": 1, "ORD_CLAS": 4, "ORD_FLOW": 7, "HYBAS_L12": 4121159520.0, "Shape_Length": 0.016309223176598296 }, "geometry": { "type": "Polygon", "coordinates": [ ] } },
{ "type": "Feature", "properties": { "HYRIV_ID": 41408263, "NEXT_DOWN": 41408283, "MAIN_RIV": 41409740, "LENGTH_KM": 4.7199998, "DIST_DN_KM": 64.5, "DIST_UP_KM": 15.4, "CATCH_SKM": 10.88, "UPLAND_SKM": 55.700001, "ENDORHEIC": 0, "DIS_AV_CMS": 2.1600001, "ORD_STRA": 2, "ORD_CLAS": 3, "ORD_FLOW": 6, "HYBAS_L12": 4121159520.0, "Shape_Length": 0.042677669529541329 }, "geometry": { "type": "Polygon", "coordinates": [ ] } },
{ "type": "Feature", "properties": { "HYRIV_ID": 41408264, "NEXT_DOWN": 41408283, "MAIN_RIV": 41409740, "LENGTH_KM": 0.46, "DIST_DN_KM": 64.5, "DIST_UP_KM": 14.9, "CATCH_SKM": 1.92, "UPLAND_SKM": 38.0, "ENDORHEIC": 0, "DIS_AV_CMS": 1.449, "ORD_STRA": 2, "ORD_CLAS": 4, "ORD_FLOW": 6, "HYBAS_L12": 4121159520.0, "Shape_Length": 0.0041666666666486663 }, "geometry": { "type": "Polygon", "coordinates": [ ] } },
{ "type": "Feature", "properties": { "HYRIV_ID": 41408265, "NEXT_DOWN": 41408238, "MAIN_RIV": 41409740, "LENGTH_KM": 1.11, "DIST_DN_KM": 56.099998, "DIST_UP_KM": 23.8, "CATCH_SKM": 1.0700001, "UPLAND_SKM": 126.3, "ENDORHEIC": 0, "DIS_AV_CMS": 4.7729998, "ORD_STRA": 3, "ORD_CLAS": 3, "ORD_FLOW": 6, "HYBAS_L12": 4121159520.0, "Shape_Length": 0.010059223176535365 }, "geometry": { "type": "Polygon", "coordinates": [ ] } },
{ "type": "Feature", "properties": { "HYRIV_ID": 41408283, "NEXT_DOWN": 41408284, "MAIN_RIV": 41409740, "LENGTH_KM": 2.5, "DIST_DN_KM": 62.0, "DIST_UP_KM": 17.9, "CATCH_SKM": 5.9699998, "UPLAND_SKM": 99.599998, "ENDORHEIC": 0, "DIS_AV_CMS": 3.8280001, "ORD_STRA": 3, "ORD_CLAS": 3, "ORD_FLOW": 6, "HYBAS_L12": 4121159520.0, "Shape_Length": 0.02255922317656419 }, "geometry": { "type": "Polygon", "coordinates": [ ] } },
{ "type": "Feature", "properties": { "HYRIV_ID": 41408284, "NEXT_DOWN": 41408265, "MAIN_RIV": 41409740, "LENGTH_KM": 4.8, "DIST_DN_KM": 57.200001, "DIST_UP_KM": 22.700001, "CATCH_SKM": 10.67, "UPLAND_SKM": 113.7, "ENDORHEIC": 0, "DIS_AV_CMS": 4.3319998, "ORD_STRA": 3, "ORD_CLAS": 3, "ORD_FLOW": 6, "HYBAS_L12": 4121159520.0, "Shape_Length": 0.043392556509992262 }, "geometry": { "type": "Polygon", "coordinates": [ ] } },
{ "type": "Feature", "properties": { "HYRIV_ID": 41408285, "NEXT_DOWN": 41408308, "MAIN_RIV": 41409740, "LENGTH_KM": 2.23, "DIST_DN_KM": 52.200001, "DIST_UP_KM": 32.900002, "CATCH_SKM": 4.6900001, "UPLAND_SKM": 290.5, "ENDORHEIC": 0, "DIS_AV_CMS": 10.97, "ORD_STRA": 3, "ORD_CLAS": 2, "ORD_FLOW": 5, "HYBAS_L12": 4121159570.0, "Shape_Length": 0.020118446353110924 }, "geometry": { "type": "Polygon", "coordinates": [ ] } },
{ "type": "Feature", "properties": { "HYRIV_ID": 41408286, "NEXT_DOWN": 41408383, "MAIN_RIV": 41409740, "LENGTH_KM": 2.23, "DIST_DN_KM": 50.5, "DIST_UP_KM": 83.599998, "CATCH_SKM": 3.6300001, "UPLAND_SKM": 1192.1, "ENDORHEIC": 0, "DIS_AV_CMS": 46.301998, "ORD_STRA": 5, "ORD_CLAS": 1, "ORD_FLOW": 5, "HYBAS_L12": 4121159540.0, "Shape_Length": 0.020118446353153557 }, "geometry": { "type": "Polygon", "coordinates": [ ] } },
{ "type": "Feature", "properties": { "HYRIV_ID": 41408306, "NEXT_DOWN": 41408284, "MAIN_RIV": 41409740, "LENGTH_KM": 0.69, "DIST_DN_KM": 62.0, "DIST_UP_KM": 2.4, "CATCH_SKM": 3.4100001, "UPLAND_SKM": 3.4, "ENDORHEIC": 0, "DIS_AV_CMS": 0.123, "ORD_STRA": 1, "ORD_CLAS": 4, "ORD_FLOW": 7, "HYBAS_L12": 4121159520.0, "Shape_Length": 0.0062499999999801048 }, "geometry": { "type": "Polygon", "coordinates": [ ] } },
{ "type": "Feature", "properties": { "HYRIV_ID": 41408307, "NEXT_DOWN": 41408308, "MAIN_RIV": 41409740, "LENGTH_KM": 1.4400001, "DIST_DN_KM": 52.0, "DIST_UP_KM": 3.8, "CATCH_SKM": 4.48, "UPLAND_SKM": 4.5, "ENDORHEIC": 0, "DIS_AV_CMS": 0.154, "ORD_STRA": 1, "ORD_CLAS": 3, "ORD_FLOW": 7, "HYBAS_L12": 4121159570.0, "Shape_Length": 0.013005501431570223 }, "geometry": { "type": "Polygon", "coordinates": [ ] } },
{ "type": "Feature", "properties": { "HYRIV_ID": 41408308, "NEXT_DOWN": 41408309, "MAIN_RIV": 41409740, "LENGTH_KM": 0.65, "DIST_DN_KM": 51.599998, "DIST_UP_KM": 33.5, "CATCH_SKM": 0.43, "UPLAND_SKM": 295.39999, "ENDORHEIC": 0, "DIS_AV_CMS": 11.138, "ORD_STRA": 3, "ORD_CLAS": 2, "ORD_FLOW": 5, "HYBAS_L12": 4121159570.0, "Shape_Length": 0.0058925565098021477 }, "geometry": { "type": "Polygon", "coordinates": [ ] } },
{ "type": "Feature", "properties": { "HYRIV_ID": 41408309, "NEXT_DOWN": 41408383, "MAIN_RIV": 41409740, "LENGTH_KM": 1.11, "DIST_DN_KM": 50.5, "DIST_UP_KM": 34.700001, "CATCH_SKM": 1.28, "UPLAND_SKM": 307.20001, "ENDORHEIC": 0, "DIS_AV_CMS": 11.538, "ORD_STRA": 3, "ORD_CLAS": 2, "ORD_FLOW": 5, "HYBAS_L12": 4121159570.0, "Shape_Length": 0.010059223176715943 }, "geometry": { "type": "Polygon", "coordinates": [ ] } },
{ "type": "Feature", "properties": { "HYRIV_ID": 41408336, "NEXT_DOWN": 41408384, "MAIN_RIV": 41409740, "LENGTH_KM": 0.69, "DIST_DN_KM": 49.0, "DIST_UP_KM": 3.4, "CATCH_SKM": 3.84, "UPLAND_SKM": 3.8, "ENDORHEIC": 0, "DIS_AV_CMS": 0.109, "ORD_STRA": 1, "ORD_CLAS": 4, "ORD_FLOW": 7, "HYBAS_L12": 4121159680.0, "Shape_Length": 0.0062499999999801048 }, "geometry": { "type": "Polygon", "coordinates": [ ] } },
{ "type": "Feature", "properties": { "HYRIV_ID": 41408337, "NEXT_DOWN": 41408384, "MAIN_RIV": 41409740, "LENGTH_KM": 2.09, "DIST_DN_KM": 49.0, "DIST_UP_KM": 4.3, "CATCH_SKM": 7.4699998, "UPLAND_SKM": 7.5, "ENDORHEIC": 0, "DIS_AV_CMS": 0.208, "ORD_STRA": 1, "ORD_CLAS": 3, "ORD_FLOW": 7, "HYBAS_L12": 4121159680.0, "Shape_Length": 0.018898057941449609 }, "geometry": { "type": "Polygon", "coordinates": [ ] } },
{ "type": "Feature", "properties": { "HYRIV_ID": 41408357, "NEXT_DOWN": 41408450, "MAIN_RIV": 41409740, "LENGTH_KM": 7.6700001, "DIST_DN_KM": 46.200001, "DIST_UP_KM": 10.6, "CATCH_SKM": 30.290001, "UPLAND_SKM": 30.3, "ENDORHEIC": 0, "DIS_AV_CMS": 0.94400001, "ORD_STRA": 1, "ORD_CLAS": 3, "ORD_FLOW": 7, "HYBAS_L12": 4121159680.0, "Shape_Length": 0.06904611588277447 }, "geometry": { "type": "Polygon", "coordinates": [ ] } },
{ "type": "Feature", "properties": { "HYRIV_ID": 41408358, "NEXT_DOWN": 41408450, "MAIN_RIV": 41409740, "LENGTH_KM": 5.58, "DIST_DN_KM": 46.400002, "DIST_UP_KM": 35.200001, "CATCH_SKM": 18.129999, "UPLAND_SKM": 262.5, "ENDORHEIC": 0, "DIS_AV_CMS": 7.9990001, "ORD_STRA": 3, "ORD_CLAS": 2, "ORD_FLOW": 6, "HYBAS_L12": 4121159680.0, "Shape_Length": 0.050296115882896175 }, "geometry": { "type": "Polygon", "coordinates": [ ] } },
{ "type": "Feature", "properties": { "HYRIV_ID": 41408383, "NEXT_DOWN": 41408487, "MAIN_RIV": 41409740, "LENGTH_KM": 2.8900001, "DIST_DN_KM": 47.400002, "DIST_UP_KM": 86.699997, "CATCH_SKM": 9.8100004, "UPLAND_SKM": 1509.1, "ENDORHEIC": 0, "DIS_AV_CMS": 58.165001, "ORD_STRA": 5, "ORD_CLAS": 1, "ORD_FLOW": 5, "HYBAS_L12": 4121159660.0, "Shape_Length": 0.026011002862864556 }, "geometry": { "type": "Polygon", "coordinates": [ ] } },
{ "type": "Feature", "properties": { "HYRIV_ID": 41408384, "NEXT_DOWN": 41408451, "MAIN_RIV": 41409740, "LENGTH_KM": 1.96, "DIST_DN_KM": 47.3, "DIST_UP_KM": 6.0, "CATCH_SKM": 5.33, "UPLAND_SKM": 16.6, "ENDORHEIC": 0, "DIS_AV_CMS": 0.471, "ORD_STRA": 2, "ORD_CLAS": 3, "ORD_FLOW": 7, "HYBAS_L12": 4121159680.0, "Shape_Length": 0.017677669529597366 }, "geometry": { "type": "Polygon", "coordinates": [ ] } },
{ "type": "Feature", "properties": { "HYRIV_ID": 41408409, "NEXT_DOWN": 41408309, "MAIN_RIV": 41409740, "LENGTH_KM": 3.96, "DIST_DN_KM": 51.599998, "DIST_UP_KM": 5.8, "CATCH_SKM": 10.45, "UPLAND_SKM": 10.5, "ENDORHEIC": 0, "DIS_AV_CMS": 0.357, "ORD_STRA": 1, "ORD_CLAS": 3, "ORD_FLOW": 7, "HYBAS_L12": 4121159570.0, "Shape_Length": 0.035712782549421923 }, "geometry": { "type": "Polygon", "coordinates": [ ] } },
{ "type": "Feature", "properties": { "HYRIV_ID": 41408410, "NEXT_DOWN": 41408487, "MAIN_RIV": 41409740, "LENGTH_KM": 1.4400001, "DIST_DN_KM": 47.400002, "DIST_UP_KM": 4.2, "CATCH_SKM": 4.48, "UPLAND_SKM": 4.5, "ENDORHEIC": 0, "DIS_AV_CMS": 0.15, "ORD_STRA": 1, "ORD_CLAS": 2, "ORD_FLOW": 7, "HYBAS_L12": 4121159660.0, "Shape_Length": 0.01300550143149673 }, "geometry": { "type": "Polygon", "coordinates": [ ] } },
{ "type": "Feature", "properties": { "HYRIV_ID": 41408433, "NEXT_DOWN": 41408265, "MAIN_RIV": 41409740, "LENGTH_KM": 5.1599998, "DIST_DN_KM": 57.400002, "DIST_UP_KM": 7.3, "CATCH_SKM": 11.52, "UPLAND_SKM": 11.5, "ENDORHEIC": 0, "DIS_AV_CMS": 0.40400001, "ORD_STRA": 1, "ORD_CLAS": 4, "ORD_FLOW": 7, "HYBAS_L12": 4121159520.0, "Shape_Length": 0.046486892706191905 }, "geometry": { "type": "Polygon", "coordinates": [ ] } },
{ "type": "Feature", "properties": { "HYRIV_ID": 41408434, "NEXT_DOWN": 41408451, "MAIN_RIV": 41409740, "LENGTH_KM": 3.01, "DIST_DN_KM": 47.3, "DIST_UP_KM": 5.2, "CATCH_SKM": 11.31, "UPLAND_SKM": 11.3, "ENDORHEIC": 0, "DIS_AV_CMS": 0.31600001, "ORD_STRA": 1, "ORD_CLAS": 4, "ORD_FLOW": 7, "HYBAS_L12": 4121159680.0, "Shape_Length": 0.027231391274671723 }, "geometry": { "type": "Polygon", "coordinates": [ ] } },
{ "type": "Feature", "properties": { "HYRIV_ID": 41408450, "NEXT_DOWN": 41408529, "MAIN_RIV": 41409740, "LENGTH_KM": 2.4200001, "DIST_DN_KM": 43.900002, "DIST_UP_KM": 37.599998, "CATCH_SKM": 3.6300001, "UPLAND_SKM": 296.5, "ENDORHEIC": 0, "DIS_AV_CMS": 9.0530005, "ORD_STRA": 3, "ORD_CLAS": 2, "ORD_FLOW": 6, "HYBAS_L12": 4121159680.0, "Shape_Length": 0.021844336196360729 }, "geometry": { "type": "Polygon", "coordinates": [ ] } },
{ "type": "Feature", "properties": { "HYRIV_ID": 41408451, "NEXT_DOWN": 41408529, "MAIN_RIV": 41409740, "LENGTH_KM": 3.34, "DIST_DN_KM": 43.900002, "DIST_UP_KM": 9.4, "CATCH_SKM": 6.4, "UPLAND_SKM": 34.3, "ENDORHEIC": 0, "DIS_AV_CMS": 0.973, "ORD_STRA": 2, "ORD_CLAS": 3, "ORD_FLOW": 7, "HYBAS_L12": 4121159680.0, "Shape_Length": 0.03017766952965634 }, "geometry": { "type": "Polygon", "coordinates": [ ] } },
{ "type": "Feature", "properties": { "HYRIV_ID": 41408487, "NEXT_DOWN": 41408488, "MAIN_RIV": 41409740, "LENGTH_KM": 3.08, "DIST_DN_KM": 44.5, "DIST_UP_KM": 89.599998, "CATCH_SKM": 7.25, "UPLAND_SKM": 1520.8, "ENDORHEIC": 0, "DIS_AV_CMS": 58.550999, "ORD_STRA": 5, "ORD_CLAS": 1, "ORD_FLOW": 5, "HYBAS_L12": 4121159660.0, "Shape_Length": 0.027736892706208958 }, "geometry": { "type": "Polygon", "coordinates": [ ] } },
{ "type": "Feature", "properties": { "HYRIV_ID": 41408488, "NEXT_DOWN": 41408509, "MAIN_RIV": 41409740, "LENGTH_KM": 0.46, "DIST_DN_KM": 43.900002, "DIST_UP_KM": 90.300003, "CATCH_SKM": 1.28, "UPLAND_SKM": 1544.1, "ENDORHEIC": 0, "DIS_AV_CMS": 59.326, "ORD_STRA": 5, "ORD_CLAS": 1, "ORD_FLOW": 5, "HYBAS_L12": 4121159660.0, "Shape_Length": 0.0041666666667197205 }, "geometry": { "type": "Polygon", "coordinates": [ ] } },
{ "type": "Feature", "properties": { "HYRIV_ID": 41408489, "NEXT_DOWN": 41408509, "MAIN_RIV": 41409740, "LENGTH_KM": 7.9499998, "DIST_DN_KM": 44.0, "DIST_UP_KM": 10.3, "CATCH_SKM": 23.459999, "UPLAND_SKM": 23.5, "ENDORHEIC": 0, "DIS_AV_CMS": 0.75300002, "ORD_STRA": 1, "ORD_CLAS": 2, "ORD_FLOW": 7, "HYBAS_L12": 4121159660.0, "Shape_Length": 0.071634950647630952 }, "geometry": { "type": "Polygon", "coordinates": [ ] } },
{ "type": "Feature", "properties": { "HYRIV_ID": 41408490, "NEXT_DOWN": 41408510, "MAIN_RIV": 41409740, "LENGTH_KM": 2.46, "DIST_DN_KM": 42.200001, "DIST_UP_KM": 4.5, "CATCH_SKM": 6.1900001, "UPLAND_SKM": 6.2, "ENDORHEIC": 0, "DIS_AV_CMS": 0.19400001, "ORD_STRA": 1, "ORD_CLAS": 2, "ORD_FLOW": 7, "HYBAS_L12": 4121159660.0, "Shape_Length": 0.022201779686454849 }, "geometry": { "type": "Polygon", "coordinates": [ ] } },
{ "type": "Feature", "properties": { "HYRIV_ID": 41408491, "NEXT_DOWN": 41408510, "MAIN_RIV": 41409740, "LENGTH_KM": 0.98, "DIST_DN_KM": 42.200001, "DIST_UP_KM": 3.0, "CATCH_SKM": 4.48, "UPLAND_SKM": 4.5, "ENDORHEIC": 0, "DIS_AV_CMS": 0.138, "ORD_STRA": 1, "ORD_CLAS": 3, "ORD_FLOW": 7, "HYBAS_L12": 4121159660.0, "Shape_Length": 0.0088388347648840973 }, "geometry": { "type": "Polygon", "coordinates": [ ] } },
{ "type": "Feature", "properties": { "HYRIV_ID": 41408507, "NEXT_DOWN": 41408581, "MAIN_RIV": 41409740, "LENGTH_KM": 4.3, "DIST_DN_KM": 63.700001, "DIST_UP_KM": 6.3, "CATCH_SKM": 14.93, "UPLAND_SKM": 14.9, "ENDORHEIC": 0, "DIS_AV_CMS": 0.56900001, "ORD_STRA": 1, "ORD_CLAS": 2, "ORD_FLOW": 7, "HYBAS_L12": 4121159650.0, "Shape_Length": 0.038868446353045351 }, "geometry": { "type": "Polygon", "coordinates": [ ] } },
{ "type": "Feature", "properties": { "HYRIV_ID": 41408508, "NEXT_DOWN": 41408581, "MAIN_RIV": 41409740, "LENGTH_KM": 2.75, "DIST_DN_KM": 63.5, "DIST_UP_KM": 4.8, "CATCH_SKM": 7.25, "UPLAND_SKM": 7.3, "ENDORHEIC": 0, "DIS_AV_CMS": 0.271, "ORD_STRA": 1, "ORD_CLAS": 3, "ORD_FLOW": 7, "HYBAS_L12": 4121159650.0, "Shape_Length": 0.024790614451382389 }, "geometry": { "type": "Polygon", "coordinates": [ ] } },
{ "type": "Feature", "properties": { "HYRIV_ID": 41408509, "NEXT_DOWN": 41408640, "MAIN_RIV": 41409740, "LENGTH_KM": 2.5, "DIST_DN_KM": 41.400002, "DIST_UP_KM": 92.800003, "CATCH_SKM": 5.12, "UPLAND_SKM": 1572.6, "ENDORHEIC": 0, "DIS_AV_CMS": 60.241001, "ORD_STRA": 5, "ORD_CLAS": 1, "ORD_FLOW": 5, "HYBAS_L12": 4121159660.0, "Shape_Length": 0.022559223176550694 }, "geometry": { "type": "Polygon", "coordinates": [ ] } },
{ "type": "Feature", "properties": { "HYRIV_ID": 41408510, "NEXT_DOWN": 41408640, "MAIN_RIV": 41409740, "LENGTH_KM": 0.65, "DIST_DN_KM": 41.5, "DIST_UP_KM": 5.2, "CATCH_SKM": 0.43, "UPLAND_SKM": 11.1, "ENDORHEIC": 0, "DIS_AV_CMS": 0.346, "ORD_STRA": 2, "ORD_CLAS": 2, "ORD_FLOW": 7, "HYBAS_L12": 4121159660.0, "Shape_Length": 0.0058925565098825365 }, "geometry": { "type": "Polygon", "coordinates": [ ] } },
{ "type": "Feature", "properties": { "HYRIV_ID": 41408529, "NEXT_DOWN": 41408604, "MAIN_RIV": 41409740, "LENGTH_KM": 1.85, "DIST_DN_KM": 41.900002, "DIST_UP_KM": 39.700001, "CATCH_SKM": 2.77, "UPLAND_SKM": 333.60001, "ENDORHEIC": 0, "DIS_AV_CMS": 10.109, "ORD_STRA": 3, "ORD_CLAS": 2, "ORD_FLOW": 5, "HYBAS_L12": 4121159680.0, "Shape_Length": 0.016666666666637298 }, "geometry": { "type": "Polygon", "coordinates": [ ] } },
{ "type": "Feature", "properties": { "HYRIV_ID": 41408541, "NEXT_DOWN": 41408604, "MAIN_RIV": 41409740, "LENGTH_KM": 4.0500002, "DIST_DN_KM": 41.900002, "DIST_UP_KM": 6.4, "CATCH_SKM": 13.01, "UPLAND_SKM": 13.0, "ENDORHEIC": 0, "DIS_AV_CMS": 0.373, "ORD_STRA": 1, "ORD_CLAS": 3, "ORD_FLOW": 7, "HYBAS_L12": 4121159680.0, "Shape_Length": 0.036575727471006785 }, "geometry": { "type": "Polygon", "coordinates": [ ] } },
{ "type": "Feature", "properties": { "HYRIV_ID": 41408556, "NEXT_DOWN": 41408626, "MAIN_RIV": 41409740, "LENGTH_KM": 3.02, "DIST_DN_KM": 57.400002, "DIST_UP_KM": 5.3, "CATCH_SKM": 9.3900003, "UPLAND_SKM": 9.4, "ENDORHEIC": 0, "DIS_AV_CMS": 0.343, "ORD_STRA": 1, "ORD_CLAS": 3, "ORD_FLOW": 7, "HYBAS_L12": 4121159650.0, "Shape_Length": 0.027231391274707459 }, "geometry": { "type": "Polygon", "coordinates": [ ] } },
{ "type": "Feature", "properties": { "HYRIV_ID": 41408557, "NEXT_DOWN": 41408558, "MAIN_RIV": 41409740, "LENGTH_KM": 3.3800001, "DIST_DN_KM": 47.400002, "DIST_UP_KM": 5.6, "CATCH_SKM": 8.5299997, "UPLAND_SKM": 8.5, "ENDORHEIC": 0, "DIS_AV_CMS": 0.287, "ORD_STRA": 1, "ORD_CLAS": 3, "ORD_FLOW": 7, "HYBAS_L12": 4121159660.0, "Shape_Length": 0.030535113019873186 }, "geometry": { "type": "Polygon", "coordinates": [ ] } },
{ "type": "Feature", "properties": { "HYRIV_ID": 41408558, "NEXT_DOWN": 41408488, "MAIN_RIV": 41409740, "LENGTH_KM": 3.07, "DIST_DN_KM": 44.5, "DIST_UP_KM": 10.9, "CATCH_SKM": 6.4, "UPLAND_SKM": 22.0, "ENDORHEIC": 0, "DIS_AV_CMS": 0.73299998, "ORD_STRA": 2, "ORD_CLAS": 2, "ORD_FLOW": 7, "HYBAS_L12": 4121159660.0, "Shape_Length": 0.027736892706213122 }, "geometry": { "type": "Polygon", "coordinates": [ ] } },
{ "type": "Feature", "properties": { "HYRIV_ID": 41408581, "NEXT_DOWN": 41408626, "MAIN_RIV": 41409740, "LENGTH_KM": 6.0300002, "DIST_DN_KM": 57.400002, "DIST_UP_KM": 12.5, "CATCH_SKM": 18.129999, "UPLAND_SKM": 40.3, "ENDORHEIC": 0, "DIS_AV_CMS": 1.508, "ORD_STRA": 2, "ORD_CLAS": 2, "ORD_FLOW": 6, "HYBAS_L12": 4121159650.0, "Shape_Length": 0.054462782549446795 }, "geometry": { "type": "Polygon", "coordinates": [ ] } },
{ "type": "Feature", "properties": { "HYRIV_ID": 41408603, "NEXT_DOWN": 41408558, "MAIN_RIV": 41409740, "LENGTH_KM": 4.0300002, "DIST_DN_KM": 47.599998, "DIST_UP_KM": 7.8, "CATCH_SKM": 7.04, "UPLAND_SKM": 7.0, "ENDORHEIC": 0, "DIS_AV_CMS": 0.23800001, "ORD_STRA": 1, "ORD_CLAS": 2, "ORD_FLOW": 7, "HYBAS_L12": 4121159660.0, "Shape_Length": 0.036427669529615632 }, "geometry": { "type": "Polygon", "coordinates": [ ] } },
{ "type": "Feature", "properties": { "HYRIV_ID": 41408604, "NEXT_DOWN": 41408725, "MAIN_RIV": 41409740, "LENGTH_KM": 3.34, "DIST_DN_KM": 38.700001, "DIST_UP_KM": 42.8, "CATCH_SKM": 8.5299997, "UPLAND_SKM": 355.10001, "ENDORHEIC": 0, "DIS_AV_CMS": 10.738, "ORD_STRA": 3, "ORD_CLAS": 2, "ORD_FLOW": 5, "HYBAS_L12": 4121159680.0, "Shape_Length": 0.030177669529692371 }, "geometry": { "type": "Polygon", "coordinates": [ ] } },
{ "type": "Feature", "properties": { "HYRIV_ID": 41408605, "NEXT_DOWN": 41408725, "MAIN_RIV": 41409740, "LENGTH_KM": 0.69, "DIST_DN_KM": 38.5, "DIST_UP_KM": 3.5, "CATCH_SKM": 6.6100001, "UPLAND_SKM": 6.6, "ENDORHEIC": 0, "DIS_AV_CMS": 0.19400001, "ORD_STRA": 1, "ORD_CLAS": 3, "ORD_FLOW": 7, "HYBAS_L12": 4121159680.0, "Shape_Length": 0.0062499999999658939 }, "geometry": { "type": "Polygon", "coordinates": [ ] } },
{ "type": "Feature", "properties": { "HYRIV_ID": 41408626, "NEXT_DOWN": 41408638, "MAIN_RIV": 41409740, "LENGTH_KM": 3.8, "DIST_DN_KM": 53.8, "DIST_UP_KM": 16.1, "CATCH_SKM": 5.7600002, "UPLAND_SKM": 55.5, "ENDORHEIC": 0, "DIS_AV_CMS": 2.056, "ORD_STRA": 2, "ORD_CLAS": 2, "ORD_FLOW": 6, "HYBAS_L12": 4121159650.0, "Shape_Length": 0.034344336196359411 }, "geometry": { "type": "Polygon", "coordinates": [ ] } },
{ "type": "Feature", "properties": { "HYRIV_ID": 41408638, "NEXT_DOWN": 41408705, "MAIN_RIV": 41409740, "LENGTH_KM": 2.96, "DIST_DN_KM": 50.700001, "DIST_UP_KM": 19.3, "CATCH_SKM": 7.25, "UPLAND_SKM": 84.099998, "ENDORHEIC": 0, "DIS_AV_CMS": 3.0810001, "ORD_STRA": 2, "ORD_CLAS": 2, "ORD_FLOW": 6, "HYBAS_L12": 4121159650.0, "Shape_Length": 0.026725889843243717 }, "geometry": { "type": "Polygon", "coordinates": [ ] } },
{ "type": "Feature", "properties": { "HYRIV_ID": 41408639, "NEXT_DOWN": 41408705, "MAIN_RIV": 41409740, "LENGTH_KM": 10.93, "DIST_DN_KM": 50.700001, "DIST_UP_KM": 13.3, "CATCH_SKM": 23.040001, "UPLAND_SKM": 23.0, "ENDORHEIC": 0, "DIS_AV_CMS": 0.82, "ORD_STRA": 1, "ORD_CLAS": 3, "ORD_FLOW": 7, "HYBAS_L12": 4121159650.0, "Shape_Length": 0.09865695637361778 }, "geometry": { "type": "Polygon", "coordinates": [ ] } },
{ "type": "Feature", "properties": { "HYRIV_ID": 41408640, "NEXT_DOWN": 41408724, "MAIN_RIV": 41409740, "LENGTH_KM": 4.0, "DIST_DN_KM": 37.5, "DIST_UP_KM": 96.599998, "CATCH_SKM": 10.03, "UPLAND_SKM": 1593.8, "ENDORHEIC": 0, "DIS_AV_CMS": 60.896, "ORD_STRA": 5, "ORD_CLAS": 1, "ORD_FLOW": 5, "HYBAS_L12": 4121159660.0, "Shape_Length": 0.036070226039573897 }, "geometry": { "type": "Polygon", "coordinates": [ ] } },
{ "type": "Feature", "properties": { "HYRIV_ID": 41408656, "NEXT_DOWN": 41408657, "MAIN_RIV": 41409740, "LENGTH_KM": 0.69, "DIST_DN_KM": 41.200001, "DIST_UP_KM": 2.9, "CATCH_SKM": 3.4100001, "UPLAND_SKM": 3.4, "ENDORHEIC": 0, "DIS_AV_CMS": 0.11, "ORD_STRA": 1, "ORD_CLAS": 3, "ORD_FLOW": 7, "HYBAS_L12": 4121159650.0, "Shape_Length": 0.0062499999999943157 }, "geometry": { "type": "Polygon", "coordinates": [ ] } },
{ "type": "Feature", "properties": { "HYRIV_ID": 41408657, "NEXT_DOWN": 41408724, "MAIN_RIV": 41409740, "LENGTH_KM": 3.8, "DIST_DN_KM": 37.5, "DIST_UP_KM": 32.400002, "CATCH_SKM": 8.96, "UPLAND_SKM": 187.10001, "ENDORHEIC": 0, "DIS_AV_CMS": 6.5749998, "ORD_STRA": 3, "ORD_CLAS": 2, "ORD_FLOW": 6, "HYBAS_L12": 4121159650.0, "Shape_Length": 0.03434433619629567 }, "geometry": { "type": "Polygon", "coordinates": [ ] } },
{ "type": "Feature", "properties": { "HYRIV_ID": 41408704, "NEXT_DOWN": 41408638, "MAIN_RIV": 41409740, "LENGTH_KM": 7.9099998, "DIST_DN_KM": 53.599998, "DIST_UP_KM": 9.9, "CATCH_SKM": 21.34, "UPLAND_SKM": 21.3, "ENDORHEIC": 0, "DIS_AV_CMS": 0.773, "ORD_STRA": 1, "ORD_CLAS": 3, "ORD_FLOW": 7, "HYBAS_L12": 4121159650.0, "Shape_Length": 0.071486892706161556 }, "geometry": { "type": "Polygon", "coordinates": [ ] } },
{ "type": "Feature", "properties": { "HYRIV_ID": 41408705, "NEXT_DOWN": 41408706, "MAIN_RIV": 41409740, "LENGTH_KM": 3.8, "DIST_DN_KM": 47.099998, "DIST_UP_KM": 22.9, "CATCH_SKM": 6.6100001, "UPLAND_SKM": 113.7, "ENDORHEIC": 0, "DIS_AV_CMS": 4.1240001, "ORD_STRA": 2, "ORD_CLAS": 2, "ORD_FLOW": 6, "HYBAS_L12": 4121159650.0, "Shape_Length": 0.034344336196345915 }, "geometry": { "type": "Polygon", "coordinates": [ ] } },
{ "type": "Feature", "properties": { "HYRIV_ID": 41408706, "NEXT_DOWN": 41408707, "MAIN_RIV": 41409740, "LENGTH_KM": 2.76, "DIST_DN_KM": 44.099998, "DIST_UP_KM": 25.8, "CATCH_SKM": 8.3199997, "UPLAND_SKM": 160.2, "ENDORHEIC": 0, "DIS_AV_CMS": 5.7140002, "ORD_STRA": 3, "ORD_CLAS": 2, "ORD_FLOW": 6, "HYBAS_L12": 4121159650.0, "Shape_Length": 0.024999999999920419 }, "geometry": { "type": "Polygon", "coordinates": [ ] } },
{ "type": "Feature", "properties": { "HYRIV_ID": 41408707, "NEXT_DOWN": 41408657, "MAIN_RIV": 41409740, "LENGTH_KM": 2.96, "DIST_DN_KM": 41.200001, "DIST_UP_KM": 28.8, "CATCH_SKM": 8.75, "UPLAND_SKM": 174.7, "ENDORHEIC": 0, "DIS_AV_CMS": 6.1830001, "ORD_STRA": 3, "ORD_CLAS": 2, "ORD_FLOW": 6, "HYBAS_L12": 4121159650.0, "Shape_Length": 0.026725889843227067 }, "geometry": { "type": "Polygon", "coordinates": [ ] } },
{ "type": "Feature", "properties": { "HYRIV_ID": 41408723, "NEXT_DOWN": 41408706, "MAIN_RIV": 41409740, "LENGTH_KM": 0.65, "DIST_DN_KM": 47.099998, "DIST_UP_KM": 12.8, "CATCH_SKM": 0.64, "UPLAND_SKM": 38.200001, "ENDORHEIC": 0, "DIS_AV_CMS": 1.3150001, "ORD_STRA": 2, "ORD_CLAS": 3, "ORD_FLOW": 6, "HYBAS_L12": 4121159650.0, "Shape_Length": 0.0058925565099930714 }, "geometry": { "type": "Polygon", "coordinates": [ ] } },
{ "type": "Feature", "properties": { "HYRIV_ID": 41408724, "NEXT_DOWN": 41408835, "MAIN_RIV": 41409740, "LENGTH_KM": 2.4200001, "DIST_DN_KM": 35.099998, "DIST_UP_KM": 99.0, "CATCH_SKM": 7.89, "UPLAND_SKM": 1788.8, "ENDORHEIC": 0, "DIS_AV_CMS": 67.713997, "ORD_STRA": 5, "ORD_CLAS": 1, "ORD_FLOW": 5, "HYBAS_L12": 4121159670.0, "Shape_Length": 0.02184433619637078 }, "geometry": { "type": "Polygon", "coordinates": [ ] } },
{ "type": "Feature", "properties": { "HYRIV_ID": 41408725, "NEXT_DOWN": 41408835, "MAIN_RIV": 41409740, "LENGTH_KM": 3.62, "DIST_DN_KM": 34.900002, "DIST_UP_KM": 46.599998, "CATCH_SKM": 7.25, "UPLAND_SKM": 369.0, "ENDORHEIC": 0, "DIS_AV_CMS": 11.15, "ORD_STRA": 3, "ORD_CLAS": 2, "ORD_FLOW": 5, "HYBAS_L12": 4121159680.0, "Shape_Length": 0.032618446353140464 }, "geometry": { "type": "Polygon", "coordinates": [ ] } },
{ "type": "Feature", "properties": { "HYRIV_ID": 41408726, "NEXT_DOWN": 41408852, "MAIN_RIV": 41409740, "LENGTH_KM": 1.62, "DIST_DN_KM": 38.0, "DIST_UP_KM": 3.8, "CATCH_SKM": 7.04, "UPLAND_SKM": 7.0, "ENDORHEIC": 0, "DIS_AV_CMS": 0.198, "ORD_STRA": 1, "ORD_CLAS": 3, "ORD_FLOW": 7, "HYBAS_L12": 4121602570.0, "Shape_Length": 0.014583333333348492 }, "geometry": { "type": "Polygon", "coordinates": [ ] } },
{ "type": "Feature", "properties": { "HYRIV_ID": 41408743, "NEXT_DOWN": 41408723, "MAIN_RIV": 41409740, "LENGTH_KM": 0.98, "DIST_DN_KM": 47.700001, "DIST_UP_KM": 3.3, "CATCH_SKM": 3.6300001, "UPLAND_SKM": 3.6, "ENDORHEIC": 0, "DIS_AV_CMS": 0.123, "ORD_STRA": 1, "ORD_CLAS": 4, "ORD_FLOW": 7, "HYBAS_L12": 4121159650.0, "Shape_Length": 0.0088388347647936592 }, "geometry": { "type": "Polygon", "coordinates": [ ] } },
{ "type": "Feature", "properties": { "HYRIV_ID": 41408744, "NEXT_DOWN": 41408852, "MAIN_RIV": 41409740, "LENGTH_KM": 3.86, "DIST_DN_KM": 38.200001, "DIST_UP_KM": 6.5, "CATCH_SKM": 12.8, "UPLAND_SKM": 12.8, "ENDORHEIC": 0, "DIS_AV_CMS": 0.34900001, "ORD_STRA": 1, "ORD_CLAS": 2, "ORD_FLOW": 7, "HYBAS_L12": 4121602570.0, "Shape_Length": 0.034849837627890047 }, "geometry": { "type": "Polygon", "coordinates": [ ] } },
{ "type": "Feature", "properties": { "HYRIV_ID": 41408752, "NEXT_DOWN": 41408707, "MAIN_RIV": 41409740, "LENGTH_KM": 1.81, "DIST_DN_KM": 44.099998, "DIST_UP_KM": 4.2, "CATCH_SKM": 5.7600002, "UPLAND_SKM": 5.8, "ENDORHEIC": 0, "DIS_AV_CMS": 0.189, "ORD_STRA": 1, "ORD_CLAS": 3, "ORD_FLOW": 7, "HYBAS_L12": 4121159650.0, "Shape_Length": 0.01630922317656815 }, "geometry": { "type": "Polygon", "coordinates": [ ] } },
{ "type": "Feature", "properties": { "HYRIV_ID": 41408770, "NEXT_DOWN": 41408802, "MAIN_RIV": 41409740, "LENGTH_KM": 2.55, "DIST_DN_KM": 52.599998, "DIST_UP_KM": 5.0, "CATCH_SKM": 6.4, "UPLAND_SKM": 6.4, "ENDORHEIC": 0, "DIS_AV_CMS": 0.223, "ORD_STRA": 1, "ORD_CLAS": 4, "ORD_FLOW": 7, "HYBAS_L12": 4121159650.0, "Shape_Length": 0.023064724608001949 }, "geometry": { "type": "Polygon", "coordinates": [ ] } },
{ "type": "Feature", "properties": { "HYRIV_ID": 41408801, "NEXT_DOWN": 41408802, "MAIN_RIV": 41409740, "LENGTH_KM": 1.31, "DIST_DN_KM": 52.599998, "DIST_UP_KM": 7.2, "CATCH_SKM": 2.35, "UPLAND_SKM": 18.6, "ENDORHEIC": 0, "DIS_AV_CMS": 0.64600003, "ORD_STRA": 2, "ORD_CLAS": 3, "ORD_FLOW": 7, "HYBAS_L12": 4121159650.0, "Shape_Length": 0.01178511301978517 }, "geometry": { "type": "Polygon", "coordinates": [ ] } },
{ "type": "Feature", "properties": { "HYRIV_ID": 41408802, "NEXT_DOWN": 41408723, "MAIN_RIV": 41409740, "LENGTH_KM": 4.9200001, "DIST_DN_KM": 47.5, "DIST_UP_KM": 12.3, "CATCH_SKM": 8.96, "UPLAND_SKM": 33.900002, "ENDORHEIC": 0, "DIS_AV_CMS": 1.17, "ORD_STRA": 2, "ORD_CLAS": 3, "ORD_FLOW": 6, "HYBAS_L12": 4121159650.0, "Shape_Length": 0.044403559372830317 }, "geometry": { "type": "Polygon", "coordinates": [ ] } },
{ "type": "Feature", "properties": { "HYRIV_ID": 41408803, "NEXT_DOWN": 41408834, "MAIN_RIV": 41409740, "LENGTH_KM": 1.15, "DIST_DN_KM": 33.599998, "DIST_UP_KM": 3.6, "CATCH_SKM": 4.0500002, "UPLAND_SKM": 4.1, "ENDORHEIC": 0, "DIS_AV_CMS": 0.126, "ORD_STRA": 1, "ORD_CLAS": 3, "ORD_FLOW": 7, "HYBAS_L12": 4121602570.0, "Shape_Length": 0.010416666666685614 }, "geometry": { "type": "Polygon", "coordinates": [ ] } },
{ "type": "Feature", "properties": { "HYRIV_ID": 41408804, "NEXT_DOWN": 41408834, "MAIN_RIV": 41409740, "LENGTH_KM": 2.73, "DIST_DN_KM": 33.8, "DIST_UP_KM": 5.3, "CATCH_SKM": 7.4699998, "UPLAND_SKM": 7.5, "ENDORHEIC": 0, "DIS_AV_CMS": 0.234, "ORD_STRA": 1, "ORD_CLAS": 2, "ORD_FLOW": 7, "HYBAS_L12": 4121602570.0, "Shape_Length": 0.024642556509800316 }, "geometry": { "type": "Polygon", "coordinates": [ ] } },
{ "type": "Feature", "properties": { "HYRIV_ID": 41408832, "NEXT_DOWN": 41408801, "MAIN_RIV": 41409740, "LENGTH_KM": 3.6700001, "DIST_DN_KM": 54.0, "DIST_UP_KM": 5.9, "CATCH_SKM": 12.59, "UPLAND_SKM": 12.6, "ENDORHEIC": 0, "DIS_AV_CMS": 0.44100001, "ORD_STRA": 1, "ORD_CLAS": 3, "ORD_FLOW": 7, "HYBAS_L12": 4121159650.0, "Shape_Length": 0.033123947784682875 }, "geometry": { "type": "Polygon", "coordinates": [ ] } },
{ "type": "Feature", "properties": { "HYRIV_ID": 41408833, "NEXT_DOWN": 41408801, "MAIN_RIV": 41409740, "LENGTH_KM": 0.69, "DIST_DN_KM": 53.8, "DIST_UP_KM": 2.9, "CATCH_SKM": 3.6300001, "UPLAND_SKM": 3.6, "ENDORHEIC": 0, "DIS_AV_CMS": 0.125, "ORD_STRA": 1, "ORD_CLAS": 4, "ORD_FLOW": 7, "HYBAS_L12": 4121159650.0, "Shape_Length": 0.0062499999999943157 }, "geometry": { "type": "Polygon", "coordinates": [ ] } },
{ "type": "Feature", "properties": { "HYRIV_ID": 41408834, "NEXT_DOWN": 41408851, "MAIN_RIV": 41409740, "LENGTH_KM": 2.04, "DIST_DN_KM": 31.6, "DIST_UP_KM": 7.5, "CATCH_SKM": 4.0500002, "UPLAND_SKM": 15.6, "ENDORHEIC": 0, "DIS_AV_CMS": 0.48300001, "ORD_STRA": 2, "ORD_CLAS": 2, "ORD_FLOW": 7, "HYBAS_L12": 4121602570.0, "Shape_Length": 0.01839255650992801 }, "geometry": { "type": "Polygon", "coordinates": [ ] } },
{ "type": "Feature", "properties": { "HYRIV_ID": 41408835, "NEXT_DOWN": 41408851, "MAIN_RIV": 41409740, "LENGTH_KM": 3.35, "DIST_DN_KM": 31.6, "DIST_UP_KM": 102.5, "CATCH_SKM": 6.4, "UPLAND_SKM": 2164.2, "ENDORHEIC": 0, "DIS_AV_CMS": 79.056, "ORD_STRA": 5, "ORD_CLAS": 1, "ORD_FLOW": 5, "HYBAS_L12": 4121602570.0, "Shape_Length": 0.030177669529654616 }, "geometry": { "type": "Polygon", "coordinates": [ ] } },
{ "type": "Feature", "properties": { "HYRIV_ID": 41408836, "NEXT_DOWN": 41408974, "MAIN_RIV": 41409740, "LENGTH_KM": 1.62, "DIST_DN_KM": 35.200001, "DIST_UP_KM": 5.0, "CATCH_SKM": 8.3199997, "UPLAND_SKM": 8.3, "ENDORHEIC": 0, "DIS_AV_CMS": 0.221, "ORD_STRA": 1, "ORD_CLAS": 3, "ORD_FLOW": 7, "HYBAS_L12": 4121602570.0, "Shape_Length": 0.014583333333348492 }, "geometry": { "type": "Polygon", "coordinates": [ ] } },
{ "type": "Feature", "properties": { "HYRIV_ID": 41408837, "NEXT_DOWN": 41408974, "MAIN_RIV": 41409740, "LENGTH_KM": 3.58, "DIST_DN_KM": 35.200001, "DIST_UP_KM": 5.8, "CATCH_SKM": 8.75, "UPLAND_SKM": 8.7, "ENDORHEIC": 0, "DIS_AV_CMS": 0.227, "ORD_STRA": 1, "ORD_CLAS": 2, "ORD_FLOW": 7, "HYBAS_L12": 4121602570.0, "Shape_Length": 0.032261002862956918 }, "geometry": { "type": "Polygon", "coordinates": [ ] } },
{ "type": "Feature", "properties": { "HYRIV_ID": 41408851, "NEXT_DOWN": 41408923, "MAIN_RIV": 41409740, "LENGTH_KM": 0.46, "DIST_DN_KM": 31.1, "DIST_UP_KM": 103.0, "CATCH_SKM": 0.43, "UPLAND_SKM": 2180.2, "ENDORHEIC": 0, "DIS_AV_CMS": 79.552002, "ORD_STRA": 5, "ORD_CLAS": 1, "ORD_FLOW": 5, "HYBAS_L12": 4121602570.0, "Shape_Length": 0.0041666666666628771 }, "geometry": { "type": "Polygon", "coordinates": [ ] } },
{ "type": "Feature", "properties": { "HYRIV_ID": 41408852, "NEXT_DOWN": 41408923, "MAIN_RIV": 41409740, "LENGTH_KM": 6.8800001, "DIST_DN_KM": 31.1, "DIST_UP_KM": 13.6, "CATCH_SKM": 22.4, "UPLAND_SKM": 42.200001, "ENDORHEIC": 0, "DIS_AV_CMS": 1.193, "ORD_STRA": 2, "ORD_CLAS": 2, "ORD_FLOW": 6, "HYBAS_L12": 4121602570.0, "Shape_Length": 0.06208122890251884 }, "geometry": { "type": "Polygon", "coordinates": [ ] } },
{ "type": "Feature", "properties": { "HYRIV_ID": 41408873, "NEXT_DOWN": 41408923, "MAIN_RIV": 41409740, "LENGTH_KM": 1.4400001, "DIST_DN_KM": 31.1, "DIST_UP_KM": 4.3, "CATCH_SKM": 4.9099998, "UPLAND_SKM": 4.9, "ENDORHEIC": 0, "DIS_AV_CMS": 0.15, "ORD_STRA": 1, "ORD_CLAS": 3, "ORD_FLOW": 7, "HYBAS_L12": 4121602570.0, "Shape_Length": 0.013005501431536925 }, "geometry": { "type": "Polygon", "coordinates": [ ] } },
{ "type": "Feature", "properties": { "HYRIV_ID": 41408923, "NEXT_DOWN": 41409008, "MAIN_RIV": 41409740, "LENGTH_KM": 2.4200001, "DIST_DN_KM": 28.9, "DIST_UP_KM": 105.2, "CATCH_SKM": 7.04, "UPLAND_SKM": 2234.3999, "ENDORHEIC": 0, "DIS_AV_CMS": 81.102997, "ORD_STRA": 5, "ORD_CLAS": 1, "ORD_FLOW": 5, "HYBAS_L12": 4121602570.0, "Shape_Length": 0.021844336196356569 }, "geometry": { "type": "Polygon", "coordinates": [ ] } },
{ "type": "Feature", "properties": { "HYRIV_ID": 41408924, "NEXT_DOWN": 41409008, "MAIN_RIV": 41409740, "LENGTH_KM": 0.69, "DIST_DN_KM": 28.700001, "DIST_UP_KM": 3.7, "CATCH_SKM": 3.84, "UPLAND_SKM": 3.8, "ENDORHEIC": 0, "DIS_AV_CMS": 0.11, "ORD_STRA": 1, "ORD_CLAS": 2, "ORD_FLOW": 7, "HYBAS_L12": 4121602570.0, "Shape_Length": 0.0062499999999090505 }, "geometry": { "type": "Polygon", "coordinates": [ ] } },
{ "type": "Feature", "properties": { "HYRIV_ID": 41408973, "NEXT_DOWN": 41409009, "MAIN_RIV": 41409740, "LENGTH_KM": 2.27, "DIST_DN_KM": 29.8, "DIST_UP_KM": 4.7, "CATCH_SKM": 6.83, "UPLAND_SKM": 6.8, "ENDORHEIC": 0, "DIS_AV_CMS": 0.191, "ORD_STRA": 1, "ORD_CLAS": 3, "ORD_FLOW": 7, "HYBAS_L12": 4121602570.0, "Shape_Length": 0.020475889843231027 }, "geometry": { "type": "Polygon", "coordinates": [ ] } },
{ "type": "Feature", "properties": { "HYRIV_ID": 41408974, "NEXT_DOWN": 41409009, "MAIN_RIV": 41409740, "LENGTH_KM": 5.58, "DIST_DN_KM": 29.6, "DIST_UP_KM": 11.3, "CATCH_SKM": 12.16, "UPLAND_SKM": 29.200001, "ENDORHEIC": 0, "DIS_AV_CMS": 0.77499998, "ORD_STRA": 2, "ORD_CLAS": 2, "ORD_FLOW": 7, "HYBAS_L12": 4121602570.0, "Shape_Length": 0.050296115882785632 }, "geometry": { "type": "Polygon", "coordinates": [ ] } },
{ "type": "Feature", "properties": { "HYRIV_ID": 41409008, "NEXT_DOWN": 41409065, "MAIN_RIV": 41409740, "LENGTH_KM": 2.23, "DIST_DN_KM": 26.5, "DIST_UP_KM": 107.6, "CATCH_SKM": 5.5500002, "UPLAND_SKM": 2243.7, "ENDORHEIC": 0, "DIS_AV_CMS": 81.375, "ORD_STRA": 5, "ORD_CLAS": 1, "ORD_FLOW": 5, "HYBAS_L12": 4121602570.0, "Shape_Length": 0.020118446352996228 }, "geometry": { "type": "Polygon", "coordinates": [ ] } },
{ "type": "Feature", "properties": { "HYRIV_ID": 41409009, "NEXT_DOWN": 41409065, "MAIN_RIV": 41409740, "LENGTH_KM": 3.1500001, "DIST_DN_KM": 26.5, "DIST_UP_KM": 14.5, "CATCH_SKM": 7.4699998, "UPLAND_SKM": 43.5, "ENDORHEIC": 0, "DIS_AV_CMS": 1.177, "ORD_STRA": 2, "ORD_CLAS": 2, "ORD_FLOW": 6, "HYBAS_L12": 4121602570.0, "Shape_Length": 0.028451779686480026 }, "geometry": { "type": "Polygon", "coordinates": [ ] } },
{ "type": "Feature", "properties": { "HYRIV_ID": 41409064, "NEXT_DOWN": 41409279, "MAIN_RIV": 41409740, "LENGTH_KM": 2.9200001, "DIST_DN_KM": 24.700001, "DIST_UP_KM": 6.0, "CATCH_SKM": 12.59, "UPLAND_SKM": 12.6, "ENDORHEIC": 0, "DIS_AV_CMS": 0.37900001, "ORD_STRA": 1, "ORD_CLAS": 2, "ORD_FLOW": 7, "HYBAS_L12": 4121602570.0, "Shape_Length": 0.026368446353217202 }, "geometry": { "type": "Polygon", "coordinates": [ ] } },
{ "type": "Feature", "properties": { "HYRIV_ID": 41409065, "NEXT_DOWN": 41409279, "MAIN_RIV": 41409740, "LENGTH_KM": 1.77, "DIST_DN_KM": 24.700001, "DIST_UP_KM": 109.4, "CATCH_SKM": 3.4100001, "UPLAND_SKM": 2290.7, "ENDORHEIC": 0, "DIS_AV_CMS": 82.651001, "ORD_STRA": 5, "ORD_CLAS": 1, "ORD_FLOW": 5, "HYBAS_L12": 4121602570.0, "Shape_Length": 0.015951779686363497 }, "geometry": { "type": "Polygon", "coordinates": [ ] } },
{ "type": "Feature", "properties": { "HYRIV_ID": 41409163, "NEXT_DOWN": 41409261, "MAIN_RIV": 41409740, "LENGTH_KM": 8.5900002, "DIST_DN_KM": 19.4, "DIST_UP_KM": 11.8, "CATCH_SKM": 33.290001, "UPLAND_SKM": 33.3, "ENDORHEIC": 0, "DIS_AV_CMS": 0.833, "ORD_STRA": 1, "ORD_CLAS": 2, "ORD_FLOW": 7, "HYBAS_L12": 4120050080.0, "Shape_Length": 0.077379449216071802 }, "geometry": { "type": "Polygon", "coordinates": [ ] } },
{ "type": "Feature", "properties": { "HYRIV_ID": 41409164, "NEXT_DOWN": 41409261, "MAIN_RIV": 41409740, "LENGTH_KM": 3.12, "DIST_DN_KM": 19.4, "DIST_UP_KM": 6.5, "CATCH_SKM": 17.07, "UPLAND_SKM": 17.1, "ENDORHEIC": 0, "DIS_AV_CMS": 0.422, "ORD_STRA": 1, "ORD_CLAS": 3, "ORD_FLOW": 7, "HYBAS_L12": 4120050080.0, "Shape_Length": 0.028094336196324898 }, "geometry": { "type": "Polygon", "coordinates": [ ] } },
{ "type": "Feature", "properties": { "HYRIV_ID": 41409186, "NEXT_DOWN": 41409261, "MAIN_RIV": 41409740, "LENGTH_KM": 1.8, "DIST_DN_KM": 19.200001, "DIST_UP_KM": 5.8, "CATCH_SKM": 6.83, "UPLAND_SKM": 6.8, "ENDORHEIC": 0, "DIS_AV_CMS": 0.171, "ORD_STRA": 1, "ORD_CLAS": 4, "ORD_FLOW": 7, "HYBAS_L12": 4120050080.0, "Shape_Length": 0.016309223176511307 }, "geometry": { "type": "Polygon", "coordinates": [ ] } },
{ "type": "Feature", "properties": { "HYRIV_ID": 41409238, "NEXT_DOWN": 41409259, "MAIN_RIV": 41409740, "LENGTH_KM": 1.81, "DIST_DN_KM": 17.3, "DIST_UP_KM": 4.3, "CATCH_SKM": 5.12, "UPLAND_SKM": 5.1, "ENDORHEIC": 0, "DIS_AV_CMS": 0.144, "ORD_STRA": 1, "ORD_CLAS": 3, "ORD_FLOW": 7, "HYBAS_L12": 4121602570.0, "Shape_Length": 0.016309223176555664 }, "geometry": { "type": "Polygon", "coordinates": [ ] } },
{ "type": "Feature", "properties": { "HYRIV_ID": 41409239, "NEXT_DOWN": 41409259, "MAIN_RIV": 41409740, "LENGTH_KM": 3.21, "DIST_DN_KM": 17.3, "DIST_UP_KM": 5.3, "CATCH_SKM": 10.67, "UPLAND_SKM": 10.7, "ENDORHEIC": 0, "DIS_AV_CMS": 0.29300001, "ORD_STRA": 1, "ORD_CLAS": 2, "ORD_FLOW": 7, "HYBAS_L12": 4121602570.0, "Shape_Length": 0.028957281117947216 }, "geometry": { "type": "Polygon", "coordinates": [ ] } },
{ "type": "Feature", "properties": { "HYRIV_ID": 41409259, "NEXT_DOWN": 41409309, "MAIN_RIV": 41409740, "LENGTH_KM": 0.46, "DIST_DN_KM": 16.6, "DIST_UP_KM": 6.0, "CATCH_SKM": 1.0700001, "UPLAND_SKM": 16.9, "ENDORHEIC": 0, "DIS_AV_CMS": 0.468, "ORD_STRA": 2, "ORD_CLAS": 2, "ORD_FLOW": 7, "HYBAS_L12": 4121602570.0, "Shape_Length": 0.0041666666666628771 }, "geometry": { "type": "Polygon", "coordinates": [ ] } },
{ "type": "Feature", "properties": { "HYRIV_ID": 41409260, "NEXT_DOWN": 41409325, "MAIN_RIV": 41409740, "LENGTH_KM": 4.2199998, "DIST_DN_KM": 16.8, "DIST_UP_KM": 7.2, "CATCH_SKM": 9.6, "UPLAND_SKM": 9.6, "ENDORHEIC": 0, "DIS_AV_CMS": 0.252, "ORD_STRA": 1, "ORD_CLAS": 3, "ORD_FLOW": 7, "HYBAS_L12": 4120050080.0, "Shape_Length": 0.038005501431500693 }, "geometry": { "type": "Polygon", "coordinates": [ ] } },
{ "type": "Feature", "properties": { "HYRIV_ID": 41409261, "NEXT_DOWN": 41409325, "MAIN_RIV": 41409740, "LENGTH_KM": 2.4200001, "DIST_DN_KM": 17.0, "DIST_UP_KM": 14.2, "CATCH_SKM": 4.27, "UPLAND_SKM": 61.5, "ENDORHEIC": 0, "DIS_AV_CMS": 1.521, "ORD_STRA": 2, "ORD_CLAS": 2, "ORD_FLOW": 6, "HYBAS_L12": 4120050080.0, "Shape_Length": 0.021844336196330583 }, "geometry": { "type": "Polygon", "coordinates": [ ] } },
{ "type": "Feature", "properties": { "HYRIV_ID": 41409279, "NEXT_DOWN": 41409309, "MAIN_RIV": 41409740, "LENGTH_KM": 8.08, "DIST_DN_KM": 16.8, "DIST_UP_KM": 117.3, "CATCH_SKM": 26.68, "UPLAND_SKM": 2329.8999, "ENDORHEIC": 0, "DIS_AV_CMS": 83.803001, "ORD_STRA": 5, "ORD_CLAS": 1, "ORD_FLOW": 5, "HYBAS_L12": 4121602570.0, "Shape_Length": 0.072855339059071919 }, "geometry": { "type": "Polygon", "coordinates": [ ] } },
{ "type": "Feature", "properties": { "HYRIV_ID": 41409309, "NEXT_DOWN": 41409400, "MAIN_RIV": 41409740, "LENGTH_KM": 2.8800001, "DIST_DN_KM": 13.9, "DIST_UP_KM": 120.2, "CATCH_SKM": 8.3199997, "UPLAND_SKM": 2355.1001, "ENDORHEIC": 0, "DIS_AV_CMS": 84.498001, "ORD_STRA": 5, "ORD_CLAS": 1, "ORD_FLOW": 5, "HYBAS_L12": 4120050080.0, "Shape_Length": 0.026011002863003507 }, "geometry": { "type": "Polygon", "coordinates": [ ] } },
{ "type": "Feature", "properties": { "HYRIV_ID": 41409325, "NEXT_DOWN": 41409400, "MAIN_RIV": 41409740, "LENGTH_KM": 3.08, "DIST_DN_KM": 13.9, "DIST_UP_KM": 17.3, "CATCH_SKM": 7.9, "UPLAND_SKM": 79.0, "ENDORHEIC": 0, "DIS_AV_CMS": 1.955, "ORD_STRA": 2, "ORD_CLAS": 2, "ORD_FLOW": 6, "HYBAS_L12": 4120050080.0, "Shape_Length": 0.027736892706158717 }, "geometry": { "type": "Polygon", "coordinates": [ ] } },
{ "type": "Feature", "properties": { "HYRIV_ID": 41409399, "NEXT_DOWN": 41409486, "MAIN_RIV": 41409740, "LENGTH_KM": 1.61, "DIST_DN_KM": 11.3, "DIST_UP_KM": 3.8, "CATCH_SKM": 8.75, "UPLAND_SKM": 8.8, "ENDORHEIC": 0, "DIS_AV_CMS": 0.247, "ORD_STRA": 1, "ORD_CLAS": 2, "ORD_FLOW": 7, "HYBAS_L12": 4120050080.0, "Shape_Length": 0.014583333333277437 }, "geometry": { "type": "Polygon", "coordinates": [ ] } },
{ "type": "Feature", "properties": { "HYRIV_ID": 41409400, "NEXT_DOWN": 41409486, "MAIN_RIV": 41409740, "LENGTH_KM": 2.4200001, "DIST_DN_KM": 11.5, "DIST_UP_KM": 122.6, "CATCH_SKM": 4.0500002, "UPLAND_SKM": 2438.1001, "ENDORHEIC": 0, "DIS_AV_CMS": 86.334, "ORD_STRA": 5, "ORD_CLAS": 1, "ORD_FLOW": 5, "HYBAS_L12": 4120050080.0, "Shape_Length": 0.021844336196360729 }, "geometry": { "type": "Polygon", "coordinates": [ ] } },
{ "type": "Feature", "properties": { "HYRIV_ID": 41409486, "NEXT_DOWN": 41409646, "MAIN_RIV": 41409740, "LENGTH_KM": 2.23, "DIST_DN_KM": 9.3, "DIST_UP_KM": 124.8, "CATCH_SKM": 5.7600002, "UPLAND_SKM": 2452.6001, "ENDORHEIC": 0, "DIS_AV_CMS": 86.739998, "ORD_STRA": 5, "ORD_CLAS": 1, "ORD_FLOW": 5, "HYBAS_L12": 4120050080.0, "Shape_Length": 0.020118446353106761 }, "geometry": { "type": "Polygon", "coordinates": [ ] } },
{ "type": "Feature", "properties": { "HYRIV_ID": 41409508, "NEXT_DOWN": 41409646, "MAIN_RIV": 41409740, "LENGTH_KM": 0.98, "DIST_DN_KM": 9.3, "DIST_UP_KM": 3.8, "CATCH_SKM": 7.2600002, "UPLAND_SKM": 7.3, "ENDORHEIC": 0, "DIS_AV_CMS": 0.203, "ORD_STRA": 1, "ORD_CLAS": 2, "ORD_FLOW": 7, "HYBAS_L12": 4120050080.0, "Shape_Length": 0.0088388347648037068 }, "geometry": { "type": "Polygon", "coordinates": [ ] } },
{ "type": "Feature", "properties": { "HYRIV_ID": 41409646, "NEXT_DOWN": 41409740, "MAIN_RIV": 41409740, "LENGTH_KM": 7.08, "DIST_DN_KM": 2.2, "DIST_UP_KM": 131.89999, "CATCH_SKM": 20.49, "UPLAND_SKM": 2480.3999, "ENDORHEIC": 0, "DIS_AV_CMS": 84.927002, "ORD_STRA": 5, "ORD_CLAS": 1, "ORD_FLOW": 5, "HYBAS_L12": 4120050080.0, "Shape_Length": 0.063807118745766916 }, "geometry": { "type": "Polygon", "coordinates": [ ] } },
{ "type": "Feature", "properties": { "HYRIV_ID": 41409647, "NEXT_DOWN": 41409740, "MAIN_RIV": 41409740, "LENGTH_KM": 8.5200005, "DIST_DN_KM": 2.2, "DIST_UP_KM": 11.0, "CATCH_SKM": 26.459999, "UPLAND_SKM": 26.5, "ENDORHEIC": 0, "DIS_AV_CMS": 0.658, "ORD_STRA": 1, "ORD_CLAS": 2, "ORD_FLOW": 7, "HYBAS_L12": 4120050080.0, "Shape_Length": 0.076812620177192606 }, "geometry": { "type": "Polygon", "coordinates": [ ] } },
{ "type": "Feature", "properties": { "HYRIV_ID": 41409740, "NEXT_DOWN": 0, "MAIN_RIV": 41409740, "LENGTH_KM": 1.77, "DIST_DN_KM": 0.0, "DIST_UP_KM": 133.89999, "CATCH_SKM": 5.98, "UPLAND_SKM": 2512.6001, "ENDORHEIC": 0, "DIS_AV_CMS": 85.026001, "ORD_STRA": 5, "ORD_CLAS": 1, "ORD_FLOW": 5, "HYBAS_L12": 4120050080.0, "Shape_Length": 0.015951779686448047 }, "geometry": { "type": "Polygon", "coordinates": [ ] } }
]
}
