{
"type": "FeatureCollection",
"name": "main_river_41403190",
"crs": { "type": "name", "properties": { "name": "urn:ogc:def:crs:OGC:1.3:CRS84" } },
"features": [
{ "type": "Feature", "properties": { "HYRIV_ID": 41402450, "NEXT_DOWN": 41402653, "MAIN_RIV": 41403190, "LENGTH_KM": 1.4400001, "DIST_DN_KM": 96.5, "DIST_UP_KM": 5.9, "CATCH_SKM": 10.42, "UPLAND_SKM": 10.4, "ENDORHEIC": 0, "DIS_AV_CMS": 0.21, "ORD_STRA": 1, "ORD_CLAS": 4, "ORD_FLOW": 7, "HYBAS_L12": 4121157400.0, "Shape_Length": 0.013005501431452373 }, "geometry": { "type": "Polygon", "coordinates": [ ] } },
{ "type": "Feature", "properties": { "HYRIV_ID": 41402464, "NEXT_DOWN": 41402639, "MAIN_RIV": 41403190, "LENGTH_KM": 0.98, "DIST_DN_KM": 73.300003, "DIST_UP_KM": 4.3, "CATCH_SKM": 5.96, "UPLAND_SKM": 6.0, "ENDORHEIC": 0, "DIS_AV_CMS": 0.115, "ORD_STRA": 1, "ORD_CLAS": 5, "ORD_FLOW": 7, "HYBAS_L12": 4121157230.0, "Shape_Length": 0.0088388347648639988 }, "geometry": { "type": "Polygon", "coordinates": [ ] } },
{ "type": "Feature", "properties": { "HYRIV_ID": 41402465, "NEXT_DOWN": 41402639, "MAIN_RIV": 41403190, "LENGTH_KM": 2.75, "DIST_DN_KM": 73.300003, "DIST_UP_KM": 6.2, "CATCH_SKM": 13.82, "UPLAND_SKM": 13.8, "ENDORHEIC": 0, "DIS_AV_CMS": 0.267, "ORD_STRA": 1, "ORD_CLAS": 4, "ORD_FLOW": 7, "HYBAS_L12": 4121157230.0, "Shape_Length": 0.02479061445127774 }, "geometry": { "type": "Polygon", "coordinates": [ ] } },
{ "type": "Feature", "properties": { "HYRIV_ID": 41402466, "NEXT_DOWN": 41402627, "MAIN_RIV": 41403190, "LENGTH_KM": 1.62, "DIST_DN_KM": 90.300003, "DIST_UP_KM": 4.4, "CATCH_SKM": 8.29, "UPLAND_SKM": 8.3, "ENDORHEIC": 0, "DIS_AV_CMS": 0.16500001, "ORD_STRA": 1, "ORD_CLAS": 5, "ORD_FLOW": 7, "HYBAS_L12": 4121157400.0, "Shape_Length": 0.014583333333348492 }, "geometry": { "type": "Polygon", "coordinates": [ ] } },
{ "type": "Feature", "properties": { "HYRIV_ID": 41402467, "NEXT_DOWN": 41402627, "MAIN_RIV": 41403190, "LENGTH_KM": 0.98, "DIST_DN_KM": 90.5, "DIST_UP_KM": 4.5, "CATCH_SKM": 5.96, "UPLAND_SKM": 6.0, "ENDORHEIC": 0, "DIS_AV_CMS": 0.12, "ORD_STRA": 1, "ORD_CLAS": 4, "ORD_FLOW": 7, "HYBAS_L12": 4121157400.0, "Shape_Length": 0.0088388347648238053 }, "geometry": { "type": "Polygon", "coordinates": [ ] } },
{ "type": "Feature", "properties": { "HYRIV_ID": 41402480, "NEXT_DOWN": 41402516, "MAIN_RIV": 41403190, "LENGTH_KM": 3.21, "DIST_DN_KM": 51.900002, "DIST_UP_KM": 6.3, "CATCH_SKM": 14.67, "UPLAND_SKM": 14.7, "ENDORHEIC": 0, "DIS_AV_CMS": 0.273, "ORD_STRA": 1, "ORD_CLAS": 3, "ORD_FLOW": 7, "HYBAS_L12": 4121157300.0, "Shape_Length": 0.028957281117957263 }, "geometry": { "type": "Polygon", "coordinates": [ ] } },
{ "type": "Feature", "properties": { "HYRIV_ID": 41402481, "NEXT_DOWN": 41402516, "MAIN_RIV": 41403190, "LENGTH_KM": 0.46, "DIST_DN_KM": 51.900002, "DIST_UP_KM": 12.2, "CATCH_SKM": 0.64, "UPLAND_SKM": 59.5, "ENDORHEIC": 0, "DIS_AV_CMS": 1.124, "ORD_STRA": 2, "ORD_CLAS": 2, "ORD_FLOW": 6, "HYBAS_L12": 4121157300.0, "Shape_Length": 0.0041666666666628771 }, "geometry": { "type": "Polygon", "coordinates": [ ] } },
{ "type": "Feature", "properties": { "HYRIV_ID": 41402482, "NEXT_DOWN": 41402481, "MAIN_RIV": 41403190, "LENGTH_KM": 4.6900001, "DIST_DN_KM": 52.400002, "DIST_UP_KM": 8.5, "CATCH_SKM": 21.27, "UPLAND_SKM": 21.3, "ENDORHEIC": 0, "DIS_AV_CMS": 0.39500001, "ORD_STRA": 1, "ORD_CLAS": 3, "ORD_FLOW": 7, "HYBAS_L12": 4121157300.0, "Shape_Length": 0.04232022603960181 }, "geometry": { "type": "Polygon", "coordinates": [ ] } },
{ "type": "Feature", "properties": { "HYRIV_ID": 41402483, "NEXT_DOWN": 41402481, "MAIN_RIV": 41403190, "LENGTH_KM": 8.4799995, "DIST_DN_KM": 52.400002, "DIST_UP_KM": 11.7, "CATCH_SKM": 37.639999, "UPLAND_SKM": 37.599998, "ENDORHEIC": 0, "DIS_AV_CMS": 0.71700001, "ORD_STRA": 1, "ORD_CLAS": 2, "ORD_FLOW": 7, "HYBAS_L12": 4121157300.0, "Shape_Length": 0.0766645622358995 }, "geometry": { "type": "Polygon", "coordinates": [ ] } },
{ "type": "Feature", "properties": { "HYRIV_ID": 41402484, "NEXT_DOWN": 41402531, "MAIN_RIV": 41403190, "LENGTH_KM": 1.62, "DIST_DN_KM": 76.199997, "DIST_UP_KM": 5.8, "CATCH_SKM": 7.4400001, "UPLAND_SKM": 7.4, "ENDORHEIC": 0, "DIS_AV_CMS": 0.146, "ORD_STRA": 1, "ORD_CLAS": 5, "ORD_FLOW": 7, "HYBAS_L12": 4121157230.0, "Shape_Length": 0.014583333333348492 }, "geometry": { "type": "Polygon", "coordinates": [ ] } },
{ "type": "Feature", "properties": { "HYRIV_ID": 41402485, "NEXT_DOWN": 41402531, "MAIN_RIV": 41403190, "LENGTH_KM": 3.86, "DIST_DN_KM": 76.400002, "DIST_UP_KM": 7.0, "CATCH_SKM": 12.97, "UPLAND_SKM": 13.0, "ENDORHEIC": 0, "DIS_AV_CMS": 0.255, "ORD_STRA": 1, "ORD_CLAS": 4, "ORD_FLOW": 7, "HYBAS_L12": 4121157230.0, "Shape_Length": 0.034849837627827313 }, "geometry": { "type": "Polygon", "coordinates": [ ] } },
{ "type": "Feature", "properties": { "HYRIV_ID": 41402515, "NEXT_DOWN": 41402647, "MAIN_RIV": 41403190, "LENGTH_KM": 0.98, "DIST_DN_KM": 50.5, "DIST_UP_KM": 4.0, "CATCH_SKM": 6.1700001, "UPLAND_SKM": 6.2, "ENDORHEIC": 0, "DIS_AV_CMS": 0.116, "ORD_STRA": 1, "ORD_CLAS": 3, "ORD_FLOW": 7, "HYBAS_L12": 4121157300.0, "Shape_Length": 0.0088388347648338528 }, "geometry": { "type": "Polygon", "coordinates": [ ] } },
{ "type": "Feature", "properties": { "HYRIV_ID": 41402516, "NEXT_DOWN": 41402647, "MAIN_RIV": 41403190, "LENGTH_KM": 1.5700001, "DIST_DN_KM": 50.3, "DIST_UP_KM": 13.7, "CATCH_SKM": 2.77, "UPLAND_SKM": 77.0, "ENDORHEIC": 0, "DIS_AV_CMS": 1.449, "ORD_STRA": 2, "ORD_CLAS": 2, "ORD_FLOW": 6, "HYBAS_L12": 4121157300.0, "Shape_Length": 0.014225889843255086 }, "geometry": { "type": "Polygon", "coordinates": [ ] } },
{ "type": "Feature", "properties": { "HYRIV_ID": 41402517, "NEXT_DOWN": 41402640, "MAIN_RIV": 41403190, "LENGTH_KM": 7.7600002, "DIST_DN_KM": 72.599998, "DIST_UP_KM": 11.0, "CATCH_SKM": 22.75, "UPLAND_SKM": 22.8, "ENDORHEIC": 0, "DIS_AV_CMS": 0.44, "ORD_STRA": 1, "ORD_CLAS": 3, "ORD_FLOW": 7, "HYBAS_L12": 4121157230.0, "Shape_Length": 0.069909060804344114 }, "geometry": { "type": "Polygon", "coordinates": [ ] } },
{ "type": "Feature", "properties": { "HYRIV_ID": 41402531, "NEXT_DOWN": 41402640, "MAIN_RIV": 41403190, "LENGTH_KM": 3.8, "DIST_DN_KM": 72.599998, "DIST_UP_KM": 10.7, "CATCH_SKM": 5.5300002, "UPLAND_SKM": 25.9, "ENDORHEIC": 0, "DIS_AV_CMS": 0.51099998, "ORD_STRA": 2, "ORD_CLAS": 4, "ORD_FLOW": 7, "HYBAS_L12": 4121157230.0, "Shape_Length": 0.034344336196325105 }, "geometry": { "type": "Polygon", "coordinates": [ ] } },
{ "type": "Feature", "properties": { "HYRIV_ID": 41402557, "NEXT_DOWN": 41402572, "MAIN_RIV": 41403190, "LENGTH_KM": 6.6500001, "DIST_DN_KM": 102.9, "DIST_UP_KM": 10.2, "CATCH_SKM": 19.139999, "UPLAND_SKM": 19.1, "ENDORHEIC": 0, "DIS_AV_CMS": 0.389, "ORD_STRA": 1, "ORD_CLAS": 4, "ORD_FLOW": 7, "HYBAS_L12": 4121157400.0, "Shape_Length": 0.059997895569189122 }, "geometry": { "type": "Polygon", "coordinates": [ ] } },
{ "type": "Feature", "properties": { "HYRIV_ID": 41402572, "NEXT_DOWN": 41402653, "MAIN_RIV": 41403190, "LENGTH_KM": 6.2199998, "DIST_DN_KM": 96.599998, "DIST_UP_KM": 17.200001, "CATCH_SKM": 19.99, "UPLAND_SKM": 84.599998, "ENDORHEIC": 0, "DIS_AV_CMS": 1.752, "ORD_STRA": 2, "ORD_CLAS": 3, "ORD_FLOW": 6, "HYBAS_L12": 4121157400.0, "Shape_Length": 0.05618867239260919 }, "geometry": { "type": "Polygon", "coordinates": [ ] } },
{ "type": "Feature", "properties": { "HYRIV_ID": 41402582, "NEXT_DOWN": 41402651, "MAIN_RIV": 41403190, "LENGTH_KM": 3.12, "DIST_DN_KM": 73.599998, "DIST_UP_KM": 6.6, "CATCH_SKM": 10.63, "UPLAND_SKM": 10.6, "ENDORHEIC": 0, "DIS_AV_CMS": 0.213, "ORD_STRA": 1, "ORD_CLAS": 3, "ORD_FLOW": 7, "HYBAS_L12": 4121157230.0, "Shape_Length": 0.028094336196310687 }, "geometry": { "type": "Polygon", "coordinates": [ ] } },
{ "type": "Feature", "properties": { "HYRIV_ID": 41402583, "NEXT_DOWN": 41402572, "MAIN_RIV": 41403190, "LENGTH_KM": 1.3, "DIST_DN_KM": 102.9, "DIST_UP_KM": 11.0, "CATCH_SKM": 1.49, "UPLAND_SKM": 45.5, "ENDORHEIC": 0, "DIS_AV_CMS": 0.95599997, "ORD_STRA": 2, "ORD_CLAS": 3, "ORD_FLOW": 7, "HYBAS_L12": 4121157400.0, "Shape_Length": 0.011785113019795219 }, "geometry": { "type": "Polygon", "coordinates": [ ] } },
{ "type": "Feature", "properties": { "HYRIV_ID": 41402584, "NEXT_DOWN": 41402583, "MAIN_RIV": 41403190, "LENGTH_KM": 3.57, "DIST_DN_KM": 104.2, "DIST_UP_KM": 6.5, "CATCH_SKM": 14.89, "UPLAND_SKM": 14.9, "ENDORHEIC": 0, "DIS_AV_CMS": 0.308, "ORD_STRA": 1, "ORD_CLAS": 4, "ORD_FLOW": 7, "HYBAS_L12": 4121157400.0, "Shape_Length": 0.032261002862973565 }, "geometry": { "type": "Polygon", "coordinates": [ ] } },
{ "type": "Feature", "properties": { "HYRIV_ID": 41402599, "NEXT_DOWN": 41402651, "MAIN_RIV": 41403190, "LENGTH_KM": 6.9099998, "DIST_DN_KM": 73.599998, "DIST_UP_KM": 10.6, "CATCH_SKM": 21.049999, "UPLAND_SKM": 21.1, "ENDORHEIC": 0, "DIS_AV_CMS": 0.42500001, "ORD_STRA": 1, "ORD_CLAS": 2, "ORD_FLOW": 7, "HYBAS_L12": 4121157230.0, "Shape_Length": 0.062438672392713147 }, "geometry": { "type": "Polygon", "coordinates": [ ] } },
{ "type": "Feature", "properties": { "HYRIV_ID": 41402627, "NEXT_DOWN": 41402790, "MAIN_RIV": 41403190, "LENGTH_KM": 6.12, "DIST_DN_KM": 84.199997, "DIST_UP_KM": 10.8, "CATCH_SKM": 14.46, "UPLAND_SKM": 28.700001, "ENDORHEIC": 0, "DIS_AV_CMS": 0.57800001, "ORD_STRA": 2, "ORD_CLAS": 4, "ORD_FLOW": 7, "HYBAS_L12": 4121157400.0, "Shape_Length": 0.055177669529657865 }, "geometry": { "type": "Polygon", "coordinates": [ ] } },
{ "type": "Feature", "properties": { "HYRIV_ID": 41402639, "NEXT_DOWN": 41402650, "MAIN_RIV": 41403190, "LENGTH_KM": 5.29, "DIST_DN_KM": 68.0, "DIST_UP_KM": 11.5, "CATCH_SKM": 15.95, "UPLAND_SKM": 35.700001, "ENDORHEIC": 0, "DIS_AV_CMS": 0.69700003, "ORD_STRA": 2, "ORD_CLAS": 4, "ORD_FLOW": 7, "HYBAS_L12": 4121157230.0, "Shape_Length": 0.04755922317651131 }, "geometry": { "type": "Polygon", "coordinates": [ ] } },
{ "type": "Feature", "properties": { "HYRIV_ID": 41402640, "NEXT_DOWN": 41402650, "MAIN_RIV": 41403190, "LENGTH_KM": 4.6500001, "DIST_DN_KM": 68.0, "DIST_UP_KM": 15.7, "CATCH_SKM": 8.7200003, "UPLAND_SKM": 57.400002, "ENDORHEIC": 0, "DIS_AV_CMS": 1.125, "ORD_STRA": 2, "ORD_CLAS": 3, "ORD_FLOW": 6, "HYBAS_L12": 4121157230.0, "Shape_Length": 0.041962782549443231 }, "geometry": { "type": "Polygon", "coordinates": [ ] } },
{ "type": "Feature", "properties": { "HYRIV_ID": 41402641, "NEXT_DOWN": 41402583, "MAIN_RIV": 41403190, "LENGTH_KM": 7.4499998, "DIST_DN_KM": 104.0, "DIST_UP_KM": 9.9, "CATCH_SKM": 29.139999, "UPLAND_SKM": 29.1, "ENDORHEIC": 0, "DIS_AV_CMS": 0.61699998, "ORD_STRA": 1, "ORD_CLAS": 3, "ORD_FLOW": 7, "HYBAS_L12": 4121157400.0, "Shape_Length": 0.067320226039502135 }, "geometry": { "type": "Polygon", "coordinates": [ ] } },
{ "type": "Feature", "properties": { "HYRIV_ID": 41402646, "NEXT_DOWN": 41402715, "MAIN_RIV": 41403190, "LENGTH_KM": 3.6600001, "DIST_DN_KM": 44.5, "DIST_UP_KM": 7.1, "CATCH_SKM": 14.46, "UPLAND_SKM": 14.5, "ENDORHEIC": 0, "DIS_AV_CMS": 0.27500001, "ORD_STRA": 1, "ORD_CLAS": 3, "ORD_FLOW": 7, "HYBAS_L12": 4121157300.0, "Shape_Length": 0.032975889843233866 }, "geometry": { "type": "Polygon", "coordinates": [ ] } },
{ "type": "Feature", "properties": { "HYRIV_ID": 41402647, "NEXT_DOWN": 41402715, "MAIN_RIV": 41403190, "LENGTH_KM": 5.8400002, "DIST_DN_KM": 44.5, "DIST_UP_KM": 19.6, "CATCH_SKM": 17.02, "UPLAND_SKM": 100.2, "ENDORHEIC": 0, "DIS_AV_CMS": 1.89, "ORD_STRA": 2, "ORD_CLAS": 2, "ORD_FLOW": 6, "HYBAS_L12": 4121157300.0, "Shape_Length": 0.052736892706204588 }, "geometry": { "type": "Polygon", "coordinates": [ ] } },
{ "type": "Feature", "properties": { "HYRIV_ID": 41402648, "NEXT_DOWN": 41402716, "MAIN_RIV": 41403190, "LENGTH_KM": 1.4400001, "DIST_DN_KM": 50.3, "DIST_UP_KM": 4.5, "CATCH_SKM": 7.87, "UPLAND_SKM": 7.9, "ENDORHEIC": 0, "DIS_AV_CMS": 0.154, "ORD_STRA": 1, "ORD_CLAS": 3, "ORD_FLOW": 7, "HYBAS_L12": 4121157320.0, "Shape_Length": 0.013005501431495006 }, "geometry": { "type": "Polygon", "coordinates": [ ] } },
{ "type": "Feature", "properties": { "HYRIV_ID": 41402649, "NEXT_DOWN": 41402716, "MAIN_RIV": 41403190, "LENGTH_KM": 15.16, "DIST_DN_KM": 50.3, "DIST_UP_KM": 17.6, "CATCH_SKM": 47.639999, "UPLAND_SKM": 47.599998, "ENDORHEIC": 0, "DIS_AV_CMS": 0.926, "ORD_STRA": 1, "ORD_CLAS": 2, "ORD_FLOW": 7, "HYBAS_L12": 4121157320.0, "Shape_Length": 0.13701990129518937 }, "geometry": { "type": "Polygon", "coordinates": [ ] } },
{ "type": "Feature", "properties": { "HYRIV_ID": 41402650, "NEXT_DOWN": 41402666, "MAIN_RIV": 41403190, "LENGTH_KM": 0.46, "DIST_DN_KM": 67.300003, "DIST_UP_KM": 16.3, "CATCH_SKM": 0.42, "UPLAND_SKM": 93.599998, "ENDORHEIC": 0, "DIS_AV_CMS": 1.831, "ORD_STRA": 3, "ORD_CLAS": 3, "ORD_FLOW": 6, "HYBAS_L12": 4121157230.0, "Shape_Length": 0.0041666666666912988 }, "geometry": { "type": "Polygon", "coordinates": [ ] } },
{ "type": "Feature", "properties": { "HYRIV_ID": 41402651, "NEXT_DOWN": 41402666, "MAIN_RIV": 41403190, "LENGTH_KM": 6.29, "DIST_DN_KM": 67.300003, "DIST_UP_KM": 16.9, "CATCH_SKM": 13.19, "UPLAND_SKM": 44.900002, "ENDORHEIC": 0, "DIS_AV_CMS": 0.90700001, "ORD_STRA": 2, "ORD_CLAS": 2, "ORD_FLOW": 7, "HYBAS_L12": 4121157230.0, "Shape_Length": 0.056903559372809921 }, "geometry": { "type": "Polygon", "coordinates": [ ] } },
{ "type": "Feature", "properties": { "HYRIV_ID": 41402652, "NEXT_DOWN": 41402667, "MAIN_RIV": 41403190, "LENGTH_KM": 4.5, "DIST_DN_KM": 89.099998, "DIST_UP_KM": 9.5, "CATCH_SKM": 12.12, "UPLAND_SKM": 12.1, "ENDORHEIC": 0, "DIS_AV_CMS": 0.247, "ORD_STRA": 1, "ORD_CLAS": 4, "ORD_FLOW": 7, "HYBAS_L12": 4121157400.0, "Shape_Length": 0.040594336196323577 }, "geometry": { "type": "Polygon", "coordinates": [ ] } },
{ "type": "Feature", "properties": { "HYRIV_ID": 41402653, "NEXT_DOWN": 41402667, "MAIN_RIV": 41403190, "LENGTH_KM": 7.3400002, "DIST_DN_KM": 89.300003, "DIST_UP_KM": 24.6, "CATCH_SKM": 17.23, "UPLAND_SKM": 112.3, "ENDORHEIC": 0, "DIS_AV_CMS": 2.3110001, "ORD_STRA": 2, "ORD_CLAS": 3, "ORD_FLOW": 6, "HYBAS_L12": 4121157400.0, "Shape_Length": 0.066247895569249621 }, "geometry": { "type": "Polygon", "coordinates": [ ] } },
{ "type": "Feature", "properties": { "HYRIV_ID": 41402666, "NEXT_DOWN": 41402699, "MAIN_RIV": 41403190, "LENGTH_KM": 2.95, "DIST_DN_KM": 64.400002, "DIST_UP_KM": 19.8, "CATCH_SKM": 7.23, "UPLAND_SKM": 145.7, "ENDORHEIC": 0, "DIS_AV_CMS": 2.881, "ORD_STRA": 3, "ORD_CLAS": 2, "ORD_FLOW": 6, "HYBAS_L12": 4121157230.0, "Shape_Length": 0.026725889843237115 }, "geometry": { "type": "Polygon", "coordinates": [ ] } },
{ "type": "Feature", "properties": { "HYRIV_ID": 41402667, "NEXT_DOWN": 41402790, "MAIN_RIV": 41403190, "LENGTH_KM": 4.9, "DIST_DN_KM": 84.400002, "DIST_UP_KM": 29.5, "CATCH_SKM": 16.16, "UPLAND_SKM": 155.5, "ENDORHEIC": 0, "DIS_AV_CMS": 3.2060001, "ORD_STRA": 2, "ORD_CLAS": 3, "ORD_FLOW": 6, "HYBAS_L12": 4121157400.0, "Shape_Length": 0.044403559372921467 }, "geometry": { "type": "Polygon", "coordinates": [ ] } },
{ "type": "Feature", "properties": { "HYRIV_ID": 41402668, "NEXT_DOWN": 41402667, "MAIN_RIV": 41403190, "LENGTH_KM": 4.8400002, "DIST_DN_KM": 89.099998, "DIST_UP_KM": 7.7, "CATCH_SKM": 14.89, "UPLAND_SKM": 14.9, "ENDORHEIC": 0, "DIS_AV_CMS": 0.315, "ORD_STRA": 1, "ORD_CLAS": 5, "ORD_FLOW": 7, "HYBAS_L12": 4121157400.0, "Shape_Length": 0.043898057941413375 }, "geometry": { "type": "Polygon", "coordinates": [ ] } },
{ "type": "Feature", "properties": { "HYRIV_ID": 41402697, "NEXT_DOWN": 41402750, "MAIN_RIV": 41403190, "LENGTH_KM": 2.83, "DIST_DN_KM": 58.200001, "DIST_UP_KM": 6.8, "CATCH_SKM": 9.3599997, "UPLAND_SKM": 9.4, "ENDORHEIC": 0, "DIS_AV_CMS": 0.18700001, "ORD_STRA": 1, "ORD_CLAS": 2, "ORD_FLOW": 7, "HYBAS_L12": 4121157320.0, "Shape_Length": 0.02550550143137096 }, "geometry": { "type": "Polygon", "coordinates": [ ] } },
{ "type": "Feature", "properties": { "HYRIV_ID": 41402698, "NEXT_DOWN": 41402718, "MAIN_RIV": 41403190, "LENGTH_KM": 3.85, "DIST_DN_KM": 62.599998, "DIST_UP_KM": 7.7, "CATCH_SKM": 14.68, "UPLAND_SKM": 14.7, "ENDORHEIC": 0, "DIS_AV_CMS": 0.29300001, "ORD_STRA": 1, "ORD_CLAS": 2, "ORD_FLOW": 7, "HYBAS_L12": 4121157320.0, "Shape_Length": 0.034701779686410895 }, "geometry": { "type": "Polygon", "coordinates": [ ] } },
{ "type": "Feature", "properties": { "HYRIV_ID": 41402699, "NEXT_DOWN": 41402718, "MAIN_RIV": 41403190, "LENGTH_KM": 1.76, "DIST_DN_KM": 62.8, "DIST_UP_KM": 74.099998, "CATCH_SKM": 2.77, "UPLAND_SKM": 1583.4, "ENDORHEIC": 0, "DIS_AV_CMS": 36.432999, "ORD_STRA": 5, "ORD_CLAS": 1, "ORD_FLOW": 5, "HYBAS_L12": 4121157320.0, "Shape_Length": 0.015951779686417901 }, "geometry": { "type": "Polygon", "coordinates": [ ] } },
{ "type": "Feature", "properties": { "HYRIV_ID": 41402714, "NEXT_DOWN": 41402765, "MAIN_RIV": 41403190, "LENGTH_KM": 1.81, "DIST_DN_KM": 40.0, "DIST_UP_KM": 5.8, "CATCH_SKM": 6.5900002, "UPLAND_SKM": 6.6, "ENDORHEIC": 0, "DIS_AV_CMS": 0.127, "ORD_STRA": 1, "ORD_CLAS": 3, "ORD_FLOW": 7, "HYBAS_L12": 4121157350.0, "Shape_Length": 0.016309223176491923 }, "geometry": { "type": "Polygon", "coordinates": [ ] } },
{ "type": "Feature", "properties": { "HYRIV_ID": 41402715, "NEXT_DOWN": 41402765, "MAIN_RIV": 41403190, "LENGTH_KM": 4.4499998, "DIST_DN_KM": 40.0, "DIST_UP_KM": 24.0, "CATCH_SKM": 9.1499996, "UPLAND_SKM": 123.8, "ENDORHEIC": 0, "DIS_AV_CMS": 2.34, "ORD_STRA": 2, "ORD_CLAS": 2, "ORD_FLOW": 6, "HYBAS_L12": 4121157300.0, "Shape_Length": 0.040236892706178209 }, "geometry": { "type": "Polygon", "coordinates": [ ] } },
{ "type": "Feature", "properties": { "HYRIV_ID": 41402716, "NEXT_DOWN": 41402741, "MAIN_RIV": 41403190, "LENGTH_KM": 3.99, "DIST_DN_KM": 46.5, "DIST_UP_KM": 21.4, "CATCH_SKM": 5.96, "UPLAND_SKM": 61.5, "ENDORHEIC": 0, "DIS_AV_CMS": 1.196, "ORD_STRA": 2, "ORD_CLAS": 2, "ORD_FLOW": 6, "HYBAS_L12": 4121157320.0, "Shape_Length": 0.036070226039595712 }, "geometry": { "type": "Polygon", "coordinates": [ ] } },
{ "type": "Feature", "properties": { "HYRIV_ID": 41402717, "NEXT_DOWN": 41402750, "MAIN_RIV": 41403190, "LENGTH_KM": 3.33, "DIST_DN_KM": 58.3, "DIST_UP_KM": 78.599998, "CATCH_SKM": 11.27, "UPLAND_SKM": 1638.3, "ENDORHEIC": 0, "DIS_AV_CMS": 37.495998, "ORD_STRA": 5, "ORD_CLAS": 1, "ORD_FLOW": 5, "HYBAS_L12": 4121157320.0, "Shape_Length": 0.030177669529662936 }, "geometry": { "type": "Polygon", "coordinates": [ ] } },
{ "type": "Feature", "properties": { "HYRIV_ID": 41402718, "NEXT_DOWN": 41402717, "MAIN_RIV": 41403190, "LENGTH_KM": 1.11, "DIST_DN_KM": 61.700001, "DIST_UP_KM": 75.199997, "CATCH_SKM": 1.28, "UPLAND_SKM": 1599.3, "ENDORHEIC": 0, "DIS_AV_CMS": 36.733002, "ORD_STRA": 5, "ORD_CLAS": 1, "ORD_FLOW": 5, "HYBAS_L12": 4121157320.0, "Shape_Length": 0.010059223176575559 }, "geometry": { "type": "Polygon", "coordinates": [ ] } },
{ "type": "Feature", "properties": { "HYRIV_ID": 41402719, "NEXT_DOWN": 41402699, "MAIN_RIV": 41403190, "LENGTH_KM": 4.52, "DIST_DN_KM": 64.400002, "DIST_UP_KM": 72.599998, "CATCH_SKM": 11.27, "UPLAND_SKM": 1435.0, "ENDORHEIC": 0, "DIS_AV_CMS": 33.523998, "ORD_STRA": 5, "ORD_CLAS": 1, "ORD_FLOW": 5, "HYBAS_L12": 4121157250.0, "Shape_Length": 0.040951779686539 }, "geometry": { "type": "Polygon", "coordinates": [ ] } },
{ "type": "Feature", "properties": { "HYRIV_ID": 41402720, "NEXT_DOWN": 41402719, "MAIN_RIV": 41403190, "LENGTH_KM": 5.21, "DIST_DN_KM": 68.900002, "DIST_UP_KM": 8.0, "CATCH_SKM": 15.1, "UPLAND_SKM": 15.1, "ENDORHEIC": 0, "DIS_AV_CMS": 0.31600001, "ORD_STRA": 1, "ORD_CLAS": 2, "ORD_FLOW": 7, "HYBAS_L12": 4121157250.0, "Shape_Length": 0.047201779686431397 }, "geometry": { "type": "Polygon", "coordinates": [ ] } },
{ "type": "Feature", "properties": { "HYRIV_ID": 41402741, "NEXT_DOWN": 41402765, "MAIN_RIV": 41403190, "LENGTH_KM": 6.2800002, "DIST_DN_KM": 40.200001, "DIST_UP_KM": 96.699997, "CATCH_SKM": 16.8, "UPLAND_SKM": 1764.4, "ENDORHEIC": 0, "DIS_AV_CMS": 39.658001, "ORD_STRA": 5, "ORD_CLAS": 1, "ORD_FLOW": 5, "HYBAS_L12": 4121157320.0, "Shape_Length": 0.056903559372869901 }, "geometry": { "type": "Polygon", "coordinates": [ ] } },
{ "type": "Feature", "properties": { "HYRIV_ID": 41402742, "NEXT_DOWN": 41402717, "MAIN_RIV": 41403190, "LENGTH_KM": 0.65, "DIST_DN_KM": 61.700001, "DIST_UP_KM": 8.9, "CATCH_SKM": 0.42, "UPLAND_SKM": 27.700001, "ENDORHEIC": 0, "DIS_AV_CMS": 0.589, "ORD_STRA": 2, "ORD_CLAS": 2, "ORD_FLOW": 7, "HYBAS_L12": 4121157320.0, "Shape_Length": 0.0058925565098825365 }, "geometry": { "type": "Polygon", "coordinates": [ ] } },
{ "type": "Feature", "properties": { "HYRIV_ID": 41402750, "NEXT_DOWN": 41402741, "MAIN_RIV": 41403190, "LENGTH_KM": 11.84, "DIST_DN_KM": 46.5, "DIST_UP_KM": 90.400002, "CATCH_SKM": 38.5, "UPLAND_SKM": 1686.1, "ENDORHEIC": 0, "DIS_AV_CMS": 38.25, "ORD_STRA": 5, "ORD_CLAS": 1, "ORD_FLOW": 5, "HYBAS_L12": 4121157320.0, "Shape_Length": 0.10719967525576091 }, "geometry": { "type": "Polygon", "coordinates": [ ] } },
{ "type": "Feature", "properties": { "HYRIV_ID": 41402751, "NEXT_DOWN": 41402776, "MAIN_RIV": 41403190, "LENGTH_KM": 2.9100001, "DIST_DN_KM": 102.7, "DIST_UP_KM": 5.2, "CATCH_SKM": 9.79, "UPLAND_SKM": 9.8, "ENDORHEIC": 0, "DIS_AV_CMS": 0.213, "ORD_STRA": 1, "ORD_CLAS": 3, "ORD_FLOW": 7, "HYBAS_L12": 4121601420.0, "Shape_Length": 0.026368446353103515 }, "geometry": { "type": "Polygon", "coordinates": [ ] } },
{ "type": "Feature", "properties": { "HYRIV_ID": 41402765, "NEXT_DOWN": 41402775, "MAIN_RIV": 41403190, "LENGTH_KM": 3.6, "DIST_DN_KM": 36.400002, "DIST_UP_KM": 100.5, "CATCH_SKM": 13.83, "UPLAND_SKM": 1908.6, "ENDORHEIC": 0, "DIS_AV_CMS": 42.314999, "ORD_STRA": 5, "ORD_CLAS": 1, "ORD_FLOW": 5, "HYBAS_L12": 4121157350.0, "Shape_Length": 0.032618446353126253 }, "geometry": { "type": "Polygon", "coordinates": [ ] } },
{ "type": "Feature", "properties": { "HYRIV_ID": 41402766, "NEXT_DOWN": 41402719, "MAIN_RIV": 41403190, "LENGTH_KM": 1.77, "DIST_DN_KM": 69.099998, "DIST_UP_KM": 67.800003, "CATCH_SKM": 3.4, "UPLAND_SKM": 1408.6, "ENDORHEIC": 0, "DIS_AV_CMS": 33.050999, "ORD_STRA": 5, "ORD_CLAS": 1, "ORD_FLOW": 5, "HYBAS_L12": 4121157250.0, "Shape_Length": 0.015951779686417901 }, "geometry": { "type": "Polygon", "coordinates": [ ] } },
{ "type": "Feature", "properties": { "HYRIV_ID": 41402767, "NEXT_DOWN": 41402776, "MAIN_RIV": 41403190, "LENGTH_KM": 0.69, "DIST_DN_KM": 102.7, "DIST_UP_KM": 3.4, "CATCH_SKM": 5.96, "UPLAND_SKM": 6.0, "ENDORHEIC": 0, "DIS_AV_CMS": 0.131, "ORD_STRA": 1, "ORD_CLAS": 4, "ORD_FLOW": 7, "HYBAS_L12": 4121601420.0, "Shape_Length": 0.0062499999999943157 }, "geometry": { "type": "Polygon", "coordinates": [ ] } },
{ "type": "Feature", "properties": { "HYRIV_ID": 41402774, "NEXT_DOWN": 41402862, "MAIN_RIV": 41403190, "LENGTH_KM": 1.16, "DIST_DN_KM": 34.900002, "DIST_UP_KM": 4.7, "CATCH_SKM": 7.23, "UPLAND_SKM": 7.2, "ENDORHEIC": 0, "DIS_AV_CMS": 0.14, "ORD_STRA": 1, "ORD_CLAS": 2, "ORD_FLOW": 7, "HYBAS_L12": 4121157550.0, "Shape_Length": 0.010416666666657193 }, "geometry": { "type": "Polygon", "coordinates": [ ] } },
{ "type": "Feature", "properties": { "HYRIV_ID": 41402775, "NEXT_DOWN": 41402862, "MAIN_RIV": 41403190, "LENGTH_KM": 1.5700001, "DIST_DN_KM": 34.900002, "DIST_UP_KM": 102.1, "CATCH_SKM": 4.25, "UPLAND_SKM": 2043.9, "ENDORHEIC": 0, "DIS_AV_CMS": 45.150002, "ORD_STRA": 5, "ORD_CLAS": 1, "ORD_FLOW": 5, "HYBAS_L12": 4121157550.0, "Shape_Length": 0.01422588984320829 }, "geometry": { "type": "Polygon", "coordinates": [ ] } },
{ "type": "Feature", "properties": { "HYRIV_ID": 41402776, "NEXT_DOWN": 41402792, "MAIN_RIV": 41403190, "LENGTH_KM": 4.4499998, "DIST_DN_KM": 98.5, "DIST_UP_KM": 9.4, "CATCH_SKM": 15.1, "UPLAND_SKM": 30.8, "ENDORHEIC": 0, "DIS_AV_CMS": 0.671, "ORD_STRA": 2, "ORD_CLAS": 3, "ORD_FLOW": 7, "HYBAS_L12": 4121601420.0, "Shape_Length": 0.040236892706181658 }, "geometry": { "type": "Polygon", "coordinates": [ ] } },
{ "type": "Feature", "properties": { "HYRIV_ID": 41402789, "NEXT_DOWN": 41402766, "MAIN_RIV": 41403190, "LENGTH_KM": 1.3, "DIST_DN_KM": 70.800003, "DIST_UP_KM": 66.099998, "CATCH_SKM": 1.28, "UPLAND_SKM": 1165.1, "ENDORHEIC": 0, "DIS_AV_CMS": 27.104, "ORD_STRA": 5, "ORD_CLAS": 1, "ORD_FLOW": 5, "HYBAS_L12": 4121157390.0, "Shape_Length": 0.011785113019755026 }, "geometry": { "type": "Polygon", "coordinates": [ ] } },
{ "type": "Feature", "properties": { "HYRIV_ID": 41402790, "NEXT_DOWN": 41402818, "MAIN_RIV": 41403190, "LENGTH_KM": 6.4200001, "DIST_DN_KM": 78.0, "DIST_UP_KM": 35.900002, "CATCH_SKM": 17.02, "UPLAND_SKM": 201.2, "ENDORHEIC": 0, "DIS_AV_CMS": 4.132, "ORD_STRA": 3, "ORD_CLAS": 3, "ORD_FLOW": 6, "HYBAS_L12": 4121157400.0, "Shape_Length": 0.057914562235845193 }, "geometry": { "type": "Polygon", "coordinates": [ ] } },
{ "type": "Feature", "properties": { "HYRIV_ID": 41402791, "NEXT_DOWN": 41402840, "MAIN_RIV": 41403190, "LENGTH_KM": 1.35, "DIST_DN_KM": 95.5, "DIST_UP_KM": 4.4, "CATCH_SKM": 7.4499998, "UPLAND_SKM": 7.4, "ENDORHEIC": 0, "DIS_AV_CMS": 0.16, "ORD_STRA": 1, "ORD_CLAS": 4, "ORD_FLOW": 7, "HYBAS_L12": 4121601420.0, "Shape_Length": 0.012142556509786415 }, "geometry": { "type": "Polygon", "coordinates": [ ] } },
{ "type": "Feature", "properties": { "HYRIV_ID": 41402792, "NEXT_DOWN": 41402840, "MAIN_RIV": 41403190, "LENGTH_KM": 2.95, "DIST_DN_KM": 95.300003, "DIST_UP_KM": 12.6, "CATCH_SKM": 4.6799998, "UPLAND_SKM": 48.900002, "ENDORHEIC": 0, "DIS_AV_CMS": 1.069, "ORD_STRA": 2, "ORD_CLAS": 3, "ORD_FLOW": 6, "HYBAS_L12": 4121601420.0, "Shape_Length": 0.02672588984313003 }, "geometry": { "type": "Polygon", "coordinates": [ ] } },
{ "type": "Feature", "properties": { "HYRIV_ID": 41402806, "NEXT_DOWN": 41402742, "MAIN_RIV": 41403190, "LENGTH_KM": 3.21, "DIST_DN_KM": 62.099998, "DIST_UP_KM": 6.2, "CATCH_SKM": 12.13, "UPLAND_SKM": 12.1, "ENDORHEIC": 0, "DIS_AV_CMS": 0.258, "ORD_STRA": 1, "ORD_CLAS": 3, "ORD_FLOW": 7, "HYBAS_L12": 4121157320.0, "Shape_Length": 0.028957281117980811 }, "geometry": { "type": "Polygon", "coordinates": [ ] } },
{ "type": "Feature", "properties": { "HYRIV_ID": 41402807, "NEXT_DOWN": 41402819, "MAIN_RIV": 41403190, "LENGTH_KM": 3.2, "DIST_DN_KM": 79.699997, "DIST_UP_KM": 6.4, "CATCH_SKM": 14.04, "UPLAND_SKM": 14.0, "ENDORHEIC": 0, "DIS_AV_CMS": 0.302, "ORD_STRA": 1, "ORD_CLAS": 3, "ORD_FLOW": 7, "HYBAS_L12": 4121157460.0, "Shape_Length": 0.028957281117995021 }, "geometry": { "type": "Polygon", "coordinates": [ ] } },
{ "type": "Feature", "properties": { "HYRIV_ID": 41402816, "NEXT_DOWN": 41402742, "MAIN_RIV": 41403190, "LENGTH_KM": 5.1599998, "DIST_DN_KM": 62.3, "DIST_UP_KM": 8.3, "CATCH_SKM": 15.1, "UPLAND_SKM": 15.1, "ENDORHEIC": 0, "DIS_AV_CMS": 0.322, "ORD_STRA": 1, "ORD_CLAS": 2, "ORD_FLOW": 7, "HYBAS_L12": 4121157320.0, "Shape_Length": 0.046634950647592391 }, "geometry": { "type": "Polygon", "coordinates": [ ] } },
{ "type": "Feature", "properties": { "HYRIV_ID": 41402817, "NEXT_DOWN": 41402789, "MAIN_RIV": 41403190, "LENGTH_KM": 3.6, "DIST_DN_KM": 72.0, "DIST_UP_KM": 46.099998, "CATCH_SKM": 9.3599997, "UPLAND_SKM": 548.0, "ENDORHEIC": 0, "DIS_AV_CMS": 11.832, "ORD_STRA": 4, "ORD_CLAS": 2, "ORD_FLOW": 5, "HYBAS_L12": 4121157440.0, "Shape_Length": 0.03261844635316645 }, "geometry": { "type": "Polygon", "coordinates": [ ] } },
{ "type": "Feature", "properties": { "HYRIV_ID": 41402818, "NEXT_DOWN": 41402817, "MAIN_RIV": 41403190, "LENGTH_KM": 2.22, "DIST_DN_KM": 75.699997, "DIST_UP_KM": 42.400002, "CATCH_SKM": 3.4, "UPLAND_SKM": 519.5, "ENDORHEIC": 0, "DIS_AV_CMS": 11.227, "ORD_STRA": 4, "ORD_CLAS": 2, "ORD_FLOW": 5, "HYBAS_L12": 4121157440.0, "Shape_Length": 0.020118446353047478 }, "geometry": { "type": "Polygon", "coordinates": [ ] } },
{ "type": "Feature", "properties": { "HYRIV_ID": 41402819, "NEXT_DOWN": 41402818, "MAIN_RIV": 41403190, "LENGTH_KM": 1.96, "DIST_DN_KM": 78.0, "DIST_UP_KM": 40.099998, "CATCH_SKM": 2.34, "UPLAND_SKM": 314.89999, "ENDORHEIC": 0, "DIS_AV_CMS": 7.0339999, "ORD_STRA": 3, "ORD_CLAS": 2, "ORD_FLOW": 6, "HYBAS_L12": 4121157460.0, "Shape_Length": 0.017677669529677757 }, "geometry": { "type": "Polygon", "coordinates": [ ] } },
{ "type": "Feature", "properties": { "HYRIV_ID": 41402820, "NEXT_DOWN": 41402864, "MAIN_RIV": 41403190, "LENGTH_KM": 1.81, "DIST_DN_KM": 89.599998, "DIST_UP_KM": 4.9, "CATCH_SKM": 8.7200003, "UPLAND_SKM": 8.7, "ENDORHEIC": 0, "DIS_AV_CMS": 0.189, "ORD_STRA": 1, "ORD_CLAS": 3, "ORD_FLOW": 7, "HYBAS_L12": 4121157460.0, "Shape_Length": 0.016309223176555664 }, "geometry": { "type": "Polygon", "coordinates": [ ] } },
{ "type": "Feature", "properties": { "HYRIV_ID": 41402830, "NEXT_DOWN": 41402792, "MAIN_RIV": 41403190, "LENGTH_KM": 2.46, "DIST_DN_KM": 98.5, "DIST_UP_KM": 5.4, "CATCH_SKM": 13.4, "UPLAND_SKM": 13.4, "ENDORHEIC": 0, "DIS_AV_CMS": 0.29800001, "ORD_STRA": 1, "ORD_CLAS": 4, "ORD_FLOW": 7, "HYBAS_L12": 4121601420.0, "Shape_Length": 0.022201779686428152 }, "geometry": { "type": "Polygon", "coordinates": [ ] } },
{ "type": "Feature", "properties": { "HYRIV_ID": 41402838, "NEXT_DOWN": 41402863, "MAIN_RIV": 41403190, "LENGTH_KM": 4.7199998, "DIST_DN_KM": 52.700001, "DIST_UP_KM": 18.5, "CATCH_SKM": 10.0, "UPLAND_SKM": 76.199997, "ENDORHEIC": 0, "DIS_AV_CMS": 1.661, "ORD_STRA": 2, "ORD_CLAS": 2, "ORD_FLOW": 6, "HYBAS_L12": 4121157360.0, "Shape_Length": 0.042677669529557982 }, "geometry": { "type": "Polygon", "coordinates": [ ] } },
{ "type": "Feature", "properties": { "HYRIV_ID": 41402839, "NEXT_DOWN": 41402864, "MAIN_RIV": 41403190, "LENGTH_KM": 3.53, "DIST_DN_KM": 89.699997, "DIST_UP_KM": 28.4, "CATCH_SKM": 8.08, "UPLAND_SKM": 199.10001, "ENDORHEIC": 0, "DIS_AV_CMS": 4.461, "ORD_STRA": 3, "ORD_CLAS": 2, "ORD_FLOW": 6, "HYBAS_L12": 4121157460.0, "Shape_Length": 0.031903559372805659 }, "geometry": { "type": "Polygon", "coordinates": [ ] } },
{ "type": "Feature", "properties": { "HYRIV_ID": 41402840, "NEXT_DOWN": 41402839, "MAIN_RIV": 41403190, "LENGTH_KM": 2.23, "DIST_DN_KM": 93.300003, "DIST_UP_KM": 14.6, "CATCH_SKM": 2.34, "UPLAND_SKM": 58.700001, "ENDORHEIC": 0, "DIS_AV_CMS": 1.279, "ORD_STRA": 2, "ORD_CLAS": 3, "ORD_FLOW": 6, "HYBAS_L12": 4121601420.0, "Shape_Length": 0.020118446353203798 }, "geometry": { "type": "Polygon", "coordinates": [ ] } },
{ "type": "Feature", "properties": { "HYRIV_ID": 41402841, "NEXT_DOWN": 41402839, "MAIN_RIV": 41403190, "LENGTH_KM": 0.46, "DIST_DN_KM": 93.099998, "DIST_UP_KM": 25.0, "CATCH_SKM": 0.42, "UPLAND_SKM": 132.3, "ENDORHEIC": 0, "DIS_AV_CMS": 3.01, "ORD_STRA": 3, "ORD_CLAS": 2, "ORD_FLOW": 6, "HYBAS_L12": 4121601420.0, "Shape_Length": 0.0041666666666628771 }, "geometry": { "type": "Polygon", "coordinates": [ ] } },
{ "type": "Feature", "properties": { "HYRIV_ID": 41402842, "NEXT_DOWN": 41402841, "MAIN_RIV": 41403190, "LENGTH_KM": 0.92, "DIST_DN_KM": 93.5, "DIST_UP_KM": 4.8, "CATCH_SKM": 5.7399998, "UPLAND_SKM": 5.7, "ENDORHEIC": 0, "DIS_AV_CMS": 0.127, "ORD_STRA": 1, "ORD_CLAS": 3, "ORD_FLOW": 7, "HYBAS_L12": 4121601420.0, "Shape_Length": 0.008333333333439441 }, "geometry": { "type": "Polygon", "coordinates": [ ] } },
{ "type": "Feature", "properties": { "HYRIV_ID": 41402852, "NEXT_DOWN": 41402863, "MAIN_RIV": 41403190, "LENGTH_KM": 2.09, "DIST_DN_KM": 52.900002, "DIST_UP_KM": 4.8, "CATCH_SKM": 8.7200003, "UPLAND_SKM": 8.7, "ENDORHEIC": 0, "DIS_AV_CMS": 0.186, "ORD_STRA": 1, "ORD_CLAS": 3, "ORD_FLOW": 7, "HYBAS_L12": 4121157360.0, "Shape_Length": 0.018898057941329025 }, "geometry": { "type": "Polygon", "coordinates": [ ] } },
{ "type": "Feature", "properties": { "HYRIV_ID": 41402853, "NEXT_DOWN": 41402838, "MAIN_RIV": 41403190, "LENGTH_KM": 1.99, "DIST_DN_KM": 57.599998, "DIST_UP_KM": 4.5, "CATCH_SKM": 6.81, "UPLAND_SKM": 6.8, "ENDORHEIC": 0, "DIS_AV_CMS": 0.145, "ORD_STRA": 1, "ORD_CLAS": 3, "ORD_FLOW": 7, "HYBAS_L12": 4121157360.0, "Shape_Length": 0.018035113019904948 }, "geometry": { "type": "Polygon", "coordinates": [ ] } },
{ "type": "Feature", "properties": { "HYRIV_ID": 41402861, "NEXT_DOWN": 41402878, "MAIN_RIV": 41403190, "LENGTH_KM": 0.92, "DIST_DN_KM": 27.700001, "DIST_UP_KM": 109.2, "CATCH_SKM": 3.1900001, "UPLAND_SKM": 2091.8, "ENDORHEIC": 0, "DIS_AV_CMS": 45.939999, "ORD_STRA": 5, "ORD_CLAS": 1, "ORD_FLOW": 5, "HYBAS_L12": 4121157550.0, "Shape_Length": 0.0083333333333257542 }, "geometry": { "type": "Polygon", "coordinates": [ ] } },
{ "type": "Feature", "properties": { "HYRIV_ID": 41402862, "NEXT_DOWN": 41402861, "MAIN_RIV": 41403190, "LENGTH_KM": 6.2199998, "DIST_DN_KM": 28.8, "DIST_UP_KM": 108.1, "CATCH_SKM": 27.02, "UPLAND_SKM": 2078.2, "ENDORHEIC": 0, "DIS_AV_CMS": 45.688, "ORD_STRA": 5, "ORD_CLAS": 1, "ORD_FLOW": 5, "HYBAS_L12": 4121157550.0, "Shape_Length": 0.056188672392762769 }, "geometry": { "type": "Polygon", "coordinates": [ ] } },
{ "type": "Feature", "properties": { "HYRIV_ID": 41402863, "NEXT_DOWN": 41402775, "MAIN_RIV": 41403190, "LENGTH_KM": 16.290001, "DIST_DN_KM": 36.400002, "DIST_UP_KM": 34.8, "CATCH_SKM": 46.16, "UPLAND_SKM": 131.0, "ENDORHEIC": 0, "DIS_AV_CMS": 2.7850001, "ORD_STRA": 2, "ORD_CLAS": 2, "ORD_FLOW": 6, "HYBAS_L12": 4121157360.0, "Shape_Length": 0.14743656796174878 }, "geometry": { "type": "Polygon", "coordinates": [ ] } },
{ "type": "Feature", "properties": { "HYRIV_ID": 41402864, "NEXT_DOWN": 41402881, "MAIN_RIV": 41403190, "LENGTH_KM": 4.0700002, "DIST_DN_KM": 85.5, "DIST_UP_KM": 32.599998, "CATCH_SKM": 9.5699997, "UPLAND_SKM": 217.39999, "ENDORHEIC": 0, "DIS_AV_CMS": 4.849, "ORD_STRA": 3, "ORD_CLAS": 2, "ORD_FLOW": 6, "HYBAS_L12": 4121157460.0, "Shape_Length": 0.036785113019774919 }, "geometry": { "type": "Polygon", "coordinates": [ ] } },
{ "type": "Feature", "properties": { "HYRIV_ID": 41402877, "NEXT_DOWN": 41402942, "MAIN_RIV": 41403190, "LENGTH_KM": 1.91, "DIST_DN_KM": 25.700001, "DIST_UP_KM": 5.4, "CATCH_SKM": 7.6599998, "UPLAND_SKM": 7.7, "ENDORHEIC": 0, "DIS_AV_CMS": 0.15, "ORD_STRA": 1, "ORD_CLAS": 2, "ORD_FLOW": 7, "HYBAS_L12": 4121157550.0, "Shape_Length": 0.017172168098225787 }, "geometry": { "type": "Polygon", "coordinates": [ ] } },
{ "type": "Feature", "properties": { "HYRIV_ID": 41402878, "NEXT_DOWN": 41402942, "MAIN_RIV": 41403190, "LENGTH_KM": 2.03, "DIST_DN_KM": 25.700001, "DIST_UP_KM": 111.2, "CATCH_SKM": 4.89, "UPLAND_SKM": 2101.8, "ENDORHEIC": 0, "DIS_AV_CMS": 46.092999, "ORD_STRA": 5, "ORD_CLAS": 1, "ORD_FLOW": 5, "HYBAS_L12": 4121157550.0, "Shape_Length": 0.018392556509901313 }, "geometry": { "type": "Polygon", "coordinates": [ ] } },
{ "type": "Feature", "properties": { "HYRIV_ID": 41402879, "NEXT_DOWN": 41402878, "MAIN_RIV": 41403190, "LENGTH_KM": 0.69, "DIST_DN_KM": 27.700001, "DIST_UP_KM": 4.6, "CATCH_SKM": 5.1100001, "UPLAND_SKM": 5.1, "ENDORHEIC": 0, "DIS_AV_CMS": 0.105, "ORD_STRA": 1, "ORD_CLAS": 2, "ORD_FLOW": 7, "HYBAS_L12": 4121157550.0, "Shape_Length": 0.0062500000000369482 }, "geometry": { "type": "Polygon", "coordinates": [ ] } },
{ "type": "Feature", "properties": { "HYRIV_ID": 41402880, "NEXT_DOWN": 41402861, "MAIN_RIV": 41403190, "LENGTH_KM": 2.72, "DIST_DN_KM": 28.6, "DIST_UP_KM": 6.9, "CATCH_SKM": 10.42, "UPLAND_SKM": 10.4, "ENDORHEIC": 0, "DIS_AV_CMS": 0.213, "ORD_STRA": 1, "ORD_CLAS": 2, "ORD_FLOW": 7, "HYBAS_L12": 4121157550.0, "Shape_Length": 0.02464255650992405 }, "geometry": { "type": "Polygon", "coordinates": [ ] } },
{ "type": "Feature", "properties": { "HYRIV_ID": 41402881, "NEXT_DOWN": 41402819, "MAIN_RIV": 41403190, "LENGTH_KM": 5.75, "DIST_DN_KM": 79.900002, "DIST_UP_KM": 38.200001, "CATCH_SKM": 14.68, "UPLAND_SKM": 298.5, "ENDORHEIC": 0, "DIS_AV_CMS": 6.6859999, "ORD_STRA": 3, "ORD_CLAS": 2, "ORD_FLOW": 6, "HYBAS_L12": 4121157460.0, "Shape_Length": 0.05202200572604377 }, "geometry": { "type": "Polygon", "coordinates": [ ] } },
{ "type": "Feature", "properties": { "HYRIV_ID": 41402882, "NEXT_DOWN": 41402881, "MAIN_RIV": 41403190, "LENGTH_KM": 0.65, "DIST_DN_KM": 85.699997, "DIST_UP_KM": 18.6, "CATCH_SKM": 0.42, "UPLAND_SKM": 66.400002, "ENDORHEIC": 0, "DIS_AV_CMS": 1.53, "ORD_STRA": 2, "ORD_CLAS": 3, "ORD_FLOW": 6, "HYBAS_L12": 4121157460.0, "Shape_Length": 0.0058925565099126826 }, "geometry": { "type": "Polygon", "coordinates": [ ] } },
{ "type": "Feature", "properties": { "HYRIV_ID": 41402883, "NEXT_DOWN": 41402882, "MAIN_RIV": 41403190, "LENGTH_KM": 0.69, "DIST_DN_KM": 86.099998, "DIST_UP_KM": 4.4, "CATCH_SKM": 5.3200002, "UPLAND_SKM": 5.3, "ENDORHEIC": 0, "DIS_AV_CMS": 0.118, "ORD_STRA": 1, "ORD_CLAS": 4, "ORD_FLOW": 7, "HYBAS_L12": 4121157460.0, "Shape_Length": 0.0062500000000795808 }, "geometry": { "type": "Polygon", "coordinates": [ ] } },
{ "type": "Feature", "properties": { "HYRIV_ID": 41402901, "NEXT_DOWN": 41402941, "MAIN_RIV": 41403190, "LENGTH_KM": 3.1800001, "DIST_DN_KM": 24.8, "DIST_UP_KM": 5.6, "CATCH_SKM": 13.83, "UPLAND_SKM": 13.8, "ENDORHEIC": 0, "DIS_AV_CMS": 0.27500001, "ORD_STRA": 1, "ORD_CLAS": 2, "ORD_FLOW": 7, "HYBAS_L12": 4121157550.0, "Shape_Length": 0.028809223176613625 }, "geometry": { "type": "Polygon", "coordinates": [ ] } },
{ "type": "Feature", "properties": { "HYRIV_ID": 41402902, "NEXT_DOWN": 41402941, "MAIN_RIV": 41403190, "LENGTH_KM": 1.81, "DIST_DN_KM": 24.8, "DIST_UP_KM": 5.4, "CATCH_SKM": 11.7, "UPLAND_SKM": 11.7, "ENDORHEIC": 0, "DIS_AV_CMS": 0.229, "ORD_STRA": 1, "ORD_CLAS": 3, "ORD_FLOW": 7, "HYBAS_L12": 4121157550.0, "Shape_Length": 0.016309223176593422 }, "geometry": { "type": "Polygon", "coordinates": [ ] } },
{ "type": "Feature", "properties": { "HYRIV_ID": 41402903, "NEXT_DOWN": 41402766, "MAIN_RIV": 41403190, "LENGTH_KM": 5.0100002, "DIST_DN_KM": 70.699997, "DIST_UP_KM": 43.700001, "CATCH_SKM": 13.62, "UPLAND_SKM": 240.10001, "ENDORHEIC": 0, "DIS_AV_CMS": 5.901, "ORD_STRA": 3, "ORD_CLAS": 2, "ORD_FLOW": 6, "HYBAS_L12": 4121157380.0, "Shape_Length": 0.045118446353114884 }, "geometry": { "type": "Polygon", "coordinates": [ ] } },
{ "type": "Feature", "properties": { "HYRIV_ID": 41402927, "NEXT_DOWN": 41402838, "MAIN_RIV": 41403190, "LENGTH_KM": 4.4499998, "DIST_DN_KM": 57.400002, "DIST_UP_KM": 13.8, "CATCH_SKM": 15.96, "UPLAND_SKM": 59.400002, "ENDORHEIC": 0, "DIS_AV_CMS": 1.31, "ORD_STRA": 2, "ORD_CLAS": 2, "ORD_FLOW": 6, "HYBAS_L12": 4121157360.0, "Shape_Length": 0.040236892706194433 }, "geometry": { "type": "Polygon", "coordinates": [ ] } },
{ "type": "Feature", "properties": { "HYRIV_ID": 41402928, "NEXT_DOWN": 41402980, "MAIN_RIV": 41403190, "LENGTH_KM": 1.62, "DIST_DN_KM": 112.7, "DIST_UP_KM": 4.4, "CATCH_SKM": 7.6599998, "UPLAND_SKM": 7.7, "ENDORHEIC": 0, "DIS_AV_CMS": 0.17200001, "ORD_STRA": 1, "ORD_CLAS": 3, "ORD_FLOW": 7, "HYBAS_L12": 4121601420.0, "Shape_Length": 0.014583333333291648 }, "geometry": { "type": "Polygon", "coordinates": [ ] } },
{ "type": "Feature", "properties": { "HYRIV_ID": 41402929, "NEXT_DOWN": 41402980, "MAIN_RIV": 41403190, "LENGTH_KM": 1.8, "DIST_DN_KM": 112.7, "DIST_UP_KM": 4.1, "CATCH_SKM": 7.02, "UPLAND_SKM": 7.0, "ENDORHEIC": 0, "DIS_AV_CMS": 0.159, "ORD_STRA": 1, "ORD_CLAS": 4, "ORD_FLOW": 7, "HYBAS_L12": 4121601420.0, "Shape_Length": 0.016309223176477712 }, "geometry": { "type": "Polygon", "coordinates": [ ] } },
{ "type": "Feature", "properties": { "HYRIV_ID": 41402941, "NEXT_DOWN": 41403049, "MAIN_RIV": 41403190, "LENGTH_KM": 1.76, "DIST_DN_KM": 23.0, "DIST_UP_KM": 7.4, "CATCH_SKM": 2.1300001, "UPLAND_SKM": 27.700001, "ENDORHEIC": 0, "DIS_AV_CMS": 0.546, "ORD_STRA": 2, "ORD_CLAS": 2, "ORD_FLOW": 7, "HYBAS_L12": 4121157550.0, "Shape_Length": 0.01595177968631771 }, "geometry": { "type": "Polygon", "coordinates": [ ] } },
{ "type": "Feature", "properties": { "HYRIV_ID": 41402942, "NEXT_DOWN": 41403049, "MAIN_RIV": 41403190, "LENGTH_KM": 2.6900001, "DIST_DN_KM": 23.0, "DIST_UP_KM": 113.9, "CATCH_SKM": 12.34, "UPLAND_SKM": 2121.8, "ENDORHEIC": 0, "DIS_AV_CMS": 46.426998, "ORD_STRA": 5, "ORD_CLAS": 1, "ORD_FLOW": 5, "HYBAS_L12": 4121157550.0, "Shape_Length": 0.024285113019809835 }, "geometry": { "type": "Polygon", "coordinates": [ ] } },
{ "type": "Feature", "properties": { "HYRIV_ID": 41402943, "NEXT_DOWN": 41402903, "MAIN_RIV": 41403190, "LENGTH_KM": 1.4400001, "DIST_DN_KM": 75.699997, "DIST_UP_KM": 4.5, "CATCH_SKM": 5.7399998, "UPLAND_SKM": 5.7, "ENDORHEIC": 0, "DIS_AV_CMS": 0.12800001, "ORD_STRA": 1, "ORD_CLAS": 3, "ORD_FLOW": 7, "HYBAS_L12": 4121157380.0, "Shape_Length": 0.01300550143156291 }, "geometry": { "type": "Polygon", "coordinates": [ ] } },
{ "type": "Feature", "properties": { "HYRIV_ID": 41402978, "NEXT_DOWN": 41402927, "MAIN_RIV": 41403190, "LENGTH_KM": 2.6900001, "DIST_DN_KM": 61.900002, "DIST_UP_KM": 9.4, "CATCH_SKM": 9.79, "UPLAND_SKM": 32.3, "ENDORHEIC": 0, "DIS_AV_CMS": 0.71899998, "ORD_STRA": 2, "ORD_CLAS": 2, "ORD_FLOW": 7, "HYBAS_L12": 4121157360.0, "Shape_Length": 0.024285113019769641 }, "geometry": { "type": "Polygon", "coordinates": [ ] } },
{ "type": "Feature", "properties": { "HYRIV_ID": 41402979, "NEXT_DOWN": 41403007, "MAIN_RIV": 41403190, "LENGTH_KM": 5.2199998, "DIST_DN_KM": 106.2, "DIST_UP_KM": 9.0, "CATCH_SKM": 20.639999, "UPLAND_SKM": 20.6, "ENDORHEIC": 0, "DIS_AV_CMS": 0.46200001, "ORD_STRA": 1, "ORD_CLAS": 3, "ORD_FLOW": 7, "HYBAS_L12": 4121601420.0, "Shape_Length": 0.047201779686459819 }, "geometry": { "type": "Polygon", "coordinates": [ ] } },
{ "type": "Feature", "properties": { "HYRIV_ID": 41402980, "NEXT_DOWN": 41402992, "MAIN_RIV": 41403190, "LENGTH_KM": 1.58, "DIST_DN_KM": 111.2, "DIST_UP_KM": 5.9, "CATCH_SKM": 7.02, "UPLAND_SKM": 21.700001, "ENDORHEIC": 0, "DIS_AV_CMS": 0.491, "ORD_STRA": 2, "ORD_CLAS": 3, "ORD_FLOW": 7, "HYBAS_L12": 4121601420.0, "Shape_Length": 0.014225889843276907 }, "geometry": { "type": "Polygon", "coordinates": [ ] } },
{ "type": "Feature", "properties": { "HYRIV_ID": 41402991, "NEXT_DOWN": 41402817, "MAIN_RIV": 41403190, "LENGTH_KM": 7.9499998, "DIST_DN_KM": 75.599998, "DIST_UP_KM": 11.5, "CATCH_SKM": 19.15, "UPLAND_SKM": 19.1, "ENDORHEIC": 0, "DIS_AV_CMS": 0.426, "ORD_STRA": 1, "ORD_CLAS": 3, "ORD_FLOW": 7, "HYBAS_L12": 4121157440.0, "Shape_Length": 0.071783008588872377 }, "geometry": { "type": "Polygon", "coordinates": [ ] } },
{ "type": "Feature", "properties": { "HYRIV_ID": 41402992, "NEXT_DOWN": 41403007, "MAIN_RIV": 41403190, "LENGTH_KM": 4.98, "DIST_DN_KM": 106.2, "DIST_UP_KM": 11.9, "CATCH_SKM": 11.7, "UPLAND_SKM": 52.5, "ENDORHEIC": 0, "DIS_AV_CMS": 1.207, "ORD_STRA": 3, "ORD_CLAS": 2, "ORD_FLOW": 6, "HYBAS_L12": 4121601420.0, "Shape_Length": 0.045118446353124932 }, "geometry": { "type": "Polygon", "coordinates": [ ] } },
{ "type": "Feature", "properties": { "HYRIV_ID": 41403004, "NEXT_DOWN": 41402978, "MAIN_RIV": 41403190, "LENGTH_KM": 1.76, "DIST_DN_KM": 64.800003, "DIST_UP_KM": 6.5, "CATCH_SKM": 2.98, "UPLAND_SKM": 14.5, "ENDORHEIC": 0, "DIS_AV_CMS": 0.324, "ORD_STRA": 2, "ORD_CLAS": 2, "ORD_FLOW": 7, "HYBAS_L12": 4121157360.0, "Shape_Length": 0.015951779686427948 }, "geometry": { "type": "Polygon", "coordinates": [ ] } },
{ "type": "Feature", "properties": { "HYRIV_ID": 41403005, "NEXT_DOWN": 41403004, "MAIN_RIV": 41403190, "LENGTH_KM": 0.69, "DIST_DN_KM": 66.300003, "DIST_UP_KM": 2.5, "CATCH_SKM": 4.89, "UPLAND_SKM": 4.9, "ENDORHEIC": 0, "DIS_AV_CMS": 0.109, "ORD_STRA": 1, "ORD_CLAS": 3, "ORD_FLOW": 7, "HYBAS_L12": 4121157360.0, "Shape_Length": 0.0062500000001364242 }, "geometry": { "type": "Polygon", "coordinates": [ ] } },
{ "type": "Feature", "properties": { "HYRIV_ID": 41403006, "NEXT_DOWN": 41402841, "MAIN_RIV": 41403190, "LENGTH_KM": 7.5300002, "DIST_DN_KM": 93.699997, "DIST_UP_KM": 24.4, "CATCH_SKM": 17.870001, "UPLAND_SKM": 126.2, "ENDORHEIC": 0, "DIS_AV_CMS": 2.8740001, "ORD_STRA": 3, "ORD_CLAS": 2, "ORD_FLOW": 6, "HYBAS_L12": 4121601420.0, "Shape_Length": 0.067973785412465834 }, "geometry": { "type": "Polygon", "coordinates": [ ] } },
{ "type": "Feature", "properties": { "HYRIV_ID": 41403007, "NEXT_DOWN": 41403022, "MAIN_RIV": 41403190, "LENGTH_KM": 1.12, "DIST_DN_KM": 105.3, "DIST_UP_KM": 12.9, "CATCH_SKM": 1.06, "UPLAND_SKM": 74.199997, "ENDORHEIC": 0, "DIS_AV_CMS": 1.694, "ORD_STRA": 3, "ORD_CLAS": 2, "ORD_FLOW": 6, "HYBAS_L12": 4121601420.0, "Shape_Length": 0.010059223176545413 }, "geometry": { "type": "Polygon", "coordinates": [ ] } },
{ "type": "Feature", "properties": { "HYRIV_ID": 41403020, "NEXT_DOWN": 41402927, "MAIN_RIV": 41403190, "LENGTH_KM": 3.3900001, "DIST_DN_KM": 61.900002, "DIST_UP_KM": 6.3, "CATCH_SKM": 11.06, "UPLAND_SKM": 11.1, "ENDORHEIC": 0, "DIS_AV_CMS": 0.247, "ORD_STRA": 1, "ORD_CLAS": 3, "ORD_FLOW": 7, "HYBAS_L12": 4121157360.0, "Shape_Length": 0.030535113019766393 }, "geometry": { "type": "Polygon", "coordinates": [ ] } },
{ "type": "Feature", "properties": { "HYRIV_ID": 41403021, "NEXT_DOWN": 41403004, "MAIN_RIV": 41403190, "LENGTH_KM": 1.34, "DIST_DN_KM": 66.5, "DIST_UP_KM": 4.7, "CATCH_SKM": 6.5900002, "UPLAND_SKM": 6.6, "ENDORHEIC": 0, "DIS_AV_CMS": 0.149, "ORD_STRA": 1, "ORD_CLAS": 2, "ORD_FLOW": 7, "HYBAS_L12": 4121157360.0, "Shape_Length": 0.012142556509905273 }, "geometry": { "type": "Polygon", "coordinates": [ ] } },
{ "type": "Feature", "properties": { "HYRIV_ID": 41403022, "NEXT_DOWN": 41403006, "MAIN_RIV": 41403190, "LENGTH_KM": 3.99, "DIST_DN_KM": 101.1, "DIST_UP_KM": 17.0, "CATCH_SKM": 10.85, "UPLAND_SKM": 96.199997, "ENDORHEIC": 0, "DIS_AV_CMS": 2.1960001, "ORD_STRA": 3, "ORD_CLAS": 2, "ORD_FLOW": 6, "HYBAS_L12": 4121601420.0, "Shape_Length": 0.036070226039558971 }, "geometry": { "type": "Polygon", "coordinates": [ ] } },
{ "type": "Feature", "properties": { "HYRIV_ID": 41403027, "NEXT_DOWN": 41403098, "MAIN_RIV": 41403190, "LENGTH_KM": 20.120001, "DIST_DN_KM": 33.5, "DIST_UP_KM": 23.200001, "CATCH_SKM": 49.990002, "UPLAND_SKM": 50.0, "ENDORHEIC": 0, "DIS_AV_CMS": 1.062, "ORD_STRA": 1, "ORD_CLAS": 3, "ORD_FLOW": 6, "HYBAS_L12": 4121157560.0, "Shape_Length": 0.1821383476481413 }, "geometry": { "type": "Polygon", "coordinates": [ ] } },
{ "type": "Feature", "properties": { "HYRIV_ID": 41403028, "NEXT_DOWN": 41402978, "MAIN_RIV": 41403190, "LENGTH_KM": 2.37, "DIST_DN_KM": 64.599998, "DIST_UP_KM": 5.1, "CATCH_SKM": 8.0900002, "UPLAND_SKM": 8.1, "ENDORHEIC": 0, "DIS_AV_CMS": 0.182, "ORD_STRA": 1, "ORD_CLAS": 3, "ORD_FLOW": 7, "HYBAS_L12": 4121157360.0, "Shape_Length": 0.021338834764892824 }, "geometry": { "type": "Polygon", "coordinates": [ ] } },
{ "type": "Feature", "properties": { "HYRIV_ID": 41403029, "NEXT_DOWN": 41402882, "MAIN_RIV": 41403190, "LENGTH_KM": 6.87, "DIST_DN_KM": 86.300003, "DIST_UP_KM": 17.9, "CATCH_SKM": 19.57, "UPLAND_SKM": 60.599998, "ENDORHEIC": 0, "DIS_AV_CMS": 1.403, "ORD_STRA": 2, "ORD_CLAS": 3, "ORD_FLOW": 6, "HYBAS_L12": 4121157460.0, "Shape_Length": 0.062081228902568369 }, "geometry": { "type": "Polygon", "coordinates": [ ] } },
{ "type": "Feature", "properties": { "HYRIV_ID": 41403030, "NEXT_DOWN": 41402992, "MAIN_RIV": 41403190, "LENGTH_KM": 2.4200001, "DIST_DN_KM": 111.2, "DIST_UP_KM": 7.0, "CATCH_SKM": 3.83, "UPLAND_SKM": 19.1, "ENDORHEIC": 0, "DIS_AV_CMS": 0.44800001, "ORD_STRA": 2, "ORD_CLAS": 2, "ORD_FLOW": 7, "HYBAS_L12": 4121601420.0, "Shape_Length": 0.021844336196421024 }, "geometry": { "type": "Polygon", "coordinates": [ ] } },
{ "type": "Feature", "properties": { "HYRIV_ID": 41403031, "NEXT_DOWN": 41403030, "MAIN_RIV": 41403190, "LENGTH_KM": 1.15, "DIST_DN_KM": 113.6, "DIST_UP_KM": 4.5, "CATCH_SKM": 6.1700001, "UPLAND_SKM": 6.2, "ENDORHEIC": 0, "DIS_AV_CMS": 0.144, "ORD_STRA": 1, "ORD_CLAS": 2, "ORD_FLOW": 7, "HYBAS_L12": 4121601420.0, "Shape_Length": 0.010416666666571928 }, "geometry": { "type": "Polygon", "coordinates": [ ] } },
{ "type": "Feature", "properties": { "HYRIV_ID": 41403037, "NEXT_DOWN": 41403098, "MAIN_RIV": 41403190, "LENGTH_KM": 7.3200002, "DIST_DN_KM": 33.5, "DIST_UP_KM": 47.700001, "CATCH_SKM": 18.08, "UPLAND_SKM": 294.89999, "ENDORHEIC": 0, "DIS_AV_CMS": 6.882, "ORD_STRA": 3, "ORD_CLAS": 2, "ORD_FLOW": 6, "HYBAS_L12": 4121157560.0, "Shape_Length": 0.066247895569155321 }, "geometry": { "type": "Polygon", "coordinates": [ ] } },
{ "type": "Feature", "properties": { "HYRIV_ID": 41403038, "NEXT_DOWN": 41403037, "MAIN_RIV": 41403190, "LENGTH_KM": 0.69, "DIST_DN_KM": 40.700001, "DIST_UP_KM": 3.3, "CATCH_SKM": 5.3200002, "UPLAND_SKM": 5.3, "ENDORHEIC": 0, "DIS_AV_CMS": 0.115, "ORD_STRA": 1, "ORD_CLAS": 3, "ORD_FLOW": 7, "HYBAS_L12": 4121601460.0, "Shape_Length": 0.0062500000000227374 }, "geometry": { "type": "Polygon", "coordinates": [ ] } },
{ "type": "Feature", "properties": { "HYRIV_ID": 41403049, "NEXT_DOWN": 41403097, "MAIN_RIV": 41403190, "LENGTH_KM": 4.46, "DIST_DN_KM": 18.700001, "DIST_UP_KM": 118.2, "CATCH_SKM": 14.25, "UPLAND_SKM": 2163.7, "ENDORHEIC": 0, "DIS_AV_CMS": 47.16, "ORD_STRA": 5, "ORD_CLAS": 1, "ORD_FLOW": 5, "HYBAS_L12": 4121157550.0, "Shape_Length": 0.040236892706200025 }, "geometry": { "type": "Polygon", "coordinates": [ ] } },
{ "type": "Feature", "properties": { "HYRIV_ID": 41403050, "NEXT_DOWN": 41403029, "MAIN_RIV": 41403190, "LENGTH_KM": 4.0300002, "DIST_DN_KM": 93.0, "DIST_UP_KM": 6.7, "CATCH_SKM": 13.62, "UPLAND_SKM": 13.6, "ENDORHEIC": 0, "DIS_AV_CMS": 0.31600001, "ORD_STRA": 1, "ORD_CLAS": 4, "ORD_FLOW": 7, "HYBAS_L12": 4121157460.0, "Shape_Length": 0.036427669529643047 }, "geometry": { "type": "Polygon", "coordinates": [ ] } },
{ "type": "Feature", "properties": { "HYRIV_ID": 41403051, "NEXT_DOWN": 41403022, "MAIN_RIV": 41403190, "LENGTH_KM": 3.6700001, "DIST_DN_KM": 105.3, "DIST_UP_KM": 5.6, "CATCH_SKM": 11.06, "UPLAND_SKM": 11.1, "ENDORHEIC": 0, "DIS_AV_CMS": 0.258, "ORD_STRA": 1, "ORD_CLAS": 3, "ORD_FLOW": 7, "HYBAS_L12": 4121601420.0, "Shape_Length": 0.033123947784563297 }, "geometry": { "type": "Polygon", "coordinates": [ ] } },
{ "type": "Feature", "properties": { "HYRIV_ID": 41403072, "NEXT_DOWN": 41403097, "MAIN_RIV": 41403190, "LENGTH_KM": 1.11, "DIST_DN_KM": 18.700001, "DIST_UP_KM": 62.5, "CATCH_SKM": 0.85, "UPLAND_SKM": 436.39999, "ENDORHEIC": 0, "DIS_AV_CMS": 9.8590002, "ORD_STRA": 3, "ORD_CLAS": 2, "ORD_FLOW": 6, "HYBAS_L12": 4121157560.0, "Shape_Length": 0.010059223176502067 }, "geometry": { "type": "Polygon", "coordinates": [ ] } },
{ "type": "Feature", "properties": { "HYRIV_ID": 41403073, "NEXT_DOWN": 41403072, "MAIN_RIV": 41403190, "LENGTH_KM": 3.9300001, "DIST_DN_KM": 19.700001, "DIST_UP_KM": 8.0, "CATCH_SKM": 17.450001, "UPLAND_SKM": 17.4, "ENDORHEIC": 0, "DIS_AV_CMS": 0.36700001, "ORD_STRA": 1, "ORD_CLAS": 3, "ORD_FLOW": 7, "HYBAS_L12": 4121157560.0, "Shape_Length": 0.035564724608127818 }, "geometry": { "type": "Polygon", "coordinates": [ ] } },
{ "type": "Feature", "properties": { "HYRIV_ID": 41403074, "NEXT_DOWN": 41403006, "MAIN_RIV": 41403190, "LENGTH_KM": 3.3800001, "DIST_DN_KM": 101.1, "DIST_UP_KM": 5.8, "CATCH_SKM": 12.13, "UPLAND_SKM": 12.1, "ENDORHEIC": 0, "DIS_AV_CMS": 0.283, "ORD_STRA": 1, "ORD_CLAS": 3, "ORD_FLOW": 7, "HYBAS_L12": 4121601420.0, "Shape_Length": 0.030535113019753906 }, "geometry": { "type": "Polygon", "coordinates": [ ] } },
{ "type": "Feature", "properties": { "HYRIV_ID": 41403082, "NEXT_DOWN": 41402789, "MAIN_RIV": 41403190, "LENGTH_KM": 13.1, "DIST_DN_KM": 72.0, "DIST_UP_KM": 65.0, "CATCH_SKM": 39.360001, "UPLAND_SKM": 615.90002, "ENDORHEIC": 0, "DIS_AV_CMS": 15.26, "ORD_STRA": 4, "ORD_CLAS": 1, "ORD_FLOW": 5, "HYBAS_L12": 4121157450.0, "Shape_Length": 0.1182699012951787 }, "geometry": { "type": "Polygon", "coordinates": [ ] } },
{ "type": "Feature", "properties": { "HYRIV_ID": 41403083, "NEXT_DOWN": 41403082, "MAIN_RIV": 41403190, "LENGTH_KM": 2.53, "DIST_DN_KM": 85.099998, "DIST_UP_KM": 8.1, "CATCH_SKM": 19.360001, "UPLAND_SKM": 19.4, "ENDORHEIC": 0, "DIS_AV_CMS": 0.447, "ORD_STRA": 1, "ORD_CLAS": 2, "ORD_FLOW": 7, "HYBAS_L12": 4121157450.0, "Shape_Length": 0.022916666666787933 }, "geometry": { "type": "Polygon", "coordinates": [ ] } },
{ "type": "Feature", "properties": { "HYRIV_ID": 41403084, "NEXT_DOWN": 41403030, "MAIN_RIV": 41403190, "LENGTH_KM": 2.08, "DIST_DN_KM": 113.6, "DIST_UP_KM": 4.2, "CATCH_SKM": 9.1499996, "UPLAND_SKM": 9.1, "ENDORHEIC": 0, "DIS_AV_CMS": 0.21600001, "ORD_STRA": 1, "ORD_CLAS": 3, "ORD_FLOW": 7, "HYBAS_L12": 4121601420.0, "Shape_Length": 0.018750000000011369 }, "geometry": { "type": "Polygon", "coordinates": [ ] } },
{ "type": "Feature", "properties": { "HYRIV_ID": 41403093, "NEXT_DOWN": 41403191, "MAIN_RIV": 41403190, "LENGTH_KM": 1.16, "DIST_DN_KM": 11.2, "DIST_UP_KM": 4.9, "CATCH_SKM": 7.23, "UPLAND_SKM": 7.2, "ENDORHEIC": 0, "DIS_AV_CMS": 0.147, "ORD_STRA": 1, "ORD_CLAS": 2, "ORD_FLOW": 7, "HYBAS_L12": 4121157640.0, "Shape_Length": 0.010416666666657193 }, "geometry": { "type": "Polygon", "coordinates": [ ] } },
{ "type": "Feature", "properties": { "HYRIV_ID": 41403094, "NEXT_DOWN": 41403191, "MAIN_RIV": 41403190, "LENGTH_KM": 1.38, "DIST_DN_KM": 11.2, "DIST_UP_KM": 125.8, "CATCH_SKM": 6.3800001, "UPLAND_SKM": 2658.8, "ENDORHEIC": 0, "DIS_AV_CMS": 58.044998, "ORD_STRA": 5, "ORD_CLAS": 1, "ORD_FLOW": 5, "HYBAS_L12": 4121157640.0, "Shape_Length": 0.012499999999988631 }, "geometry": { "type": "Polygon", "coordinates": [ ] } },
{ "type": "Feature", "properties": { "HYRIV_ID": 41403095, "NEXT_DOWN": 41403094, "MAIN_RIV": 41403190, "LENGTH_KM": 2.49, "DIST_DN_KM": 12.7, "DIST_UP_KM": 124.2, "CATCH_SKM": 12.34, "UPLAND_SKM": 2640.3, "ENDORHEIC": 0, "DIS_AV_CMS": 57.698002, "ORD_STRA": 5, "ORD_CLAS": 1, "ORD_FLOW": 5, "HYBAS_L12": 4121157640.0, "Shape_Length": 0.022559223176574238 }, "geometry": { "type": "Polygon", "coordinates": [ ] } },
{ "type": "Feature", "properties": { "HYRIV_ID": 41403096, "NEXT_DOWN": 41403095, "MAIN_RIV": 41403190, "LENGTH_KM": 1.5700001, "DIST_DN_KM": 15.2, "DIST_UP_KM": 121.7, "CATCH_SKM": 2.34, "UPLAND_SKM": 2621.3999, "ENDORHEIC": 0, "DIS_AV_CMS": 57.381001, "ORD_STRA": 5, "ORD_CLAS": 1, "ORD_FLOW": 5, "HYBAS_L12": 4121157640.0, "Shape_Length": 0.014225889843265133 }, "geometry": { "type": "Polygon", "coordinates": [ ] } },
{ "type": "Feature", "properties": { "HYRIV_ID": 41403097, "NEXT_DOWN": 41403096, "MAIN_RIV": 41403190, "LENGTH_KM": 1.96, "DIST_DN_KM": 16.8, "DIST_UP_KM": 120.1, "CATCH_SKM": 4.4699998, "UPLAND_SKM": 2604.5, "ENDORHEIC": 0, "DIS_AV_CMS": 57.064999, "ORD_STRA": 5, "ORD_CLAS": 1, "ORD_FLOW": 5, "HYBAS_L12": 4121157640.0, "Shape_Length": 0.017677669529557172 }, "geometry": { "type": "Polygon", "coordinates": [ ] } },
{ "type": "Feature", "properties": { "HYRIV_ID": 41403098, "NEXT_DOWN": 41403150, "MAIN_RIV": 41403190, "LENGTH_KM": 2.6900001, "DIST_DN_KM": 30.700001, "DIST_UP_KM": 50.599998, "CATCH_SKM": 7.23, "UPLAND_SKM": 352.20001, "ENDORHEIC": 0, "DIS_AV_CMS": 8.0889997, "ORD_STRA": 3, "ORD_CLAS": 2, "ORD_FLOW": 6, "HYBAS_L12": 4121157560.0, "Shape_Length": 0.024285113019813995 }, "geometry": { "type": "Polygon", "coordinates": [ ] } },
{ "type": "Feature", "properties": { "HYRIV_ID": 41403099, "NEXT_DOWN": 41403150, "MAIN_RIV": 41403190, "LENGTH_KM": 0.46, "DIST_DN_KM": 30.700001, "DIST_UP_KM": 8.1, "CATCH_SKM": 0.21, "UPLAND_SKM": 22.6, "ENDORHEIC": 0, "DIS_AV_CMS": 0.496, "ORD_STRA": 2, "ORD_CLAS": 3, "ORD_FLOW": 7, "HYBAS_L12": 4121157560.0, "Shape_Length": 0.0041666666667197205 }, "geometry": { "type": "Polygon", "coordinates": [ ] } },
{ "type": "Feature", "properties": { "HYRIV_ID": 41403100, "NEXT_DOWN": 41403099, "MAIN_RIV": 41403190, "LENGTH_KM": 4.39, "DIST_DN_KM": 31.1, "DIST_UP_KM": 7.6, "CATCH_SKM": 9.79, "UPLAND_SKM": 9.8, "ENDORHEIC": 0, "DIS_AV_CMS": 0.214, "ORD_STRA": 1, "ORD_CLAS": 3, "ORD_FLOW": 7, "HYBAS_L12": 4121157560.0, "Shape_Length": 0.039731391274680158 }, "geometry": { "type": "Polygon", "coordinates": [ ] } },
{ "type": "Feature", "properties": { "HYRIV_ID": 41403101, "NEXT_DOWN": 41403119, "MAIN_RIV": 41403190, "LENGTH_KM": 0.69, "DIST_DN_KM": 45.900002, "DIST_UP_KM": 4.0, "CATCH_SKM": 7.4499998, "UPLAND_SKM": 7.4, "ENDORHEIC": 0, "DIS_AV_CMS": 0.163, "ORD_STRA": 1, "ORD_CLAS": 3, "ORD_FLOW": 7, "HYBAS_L12": 4121601460.0, "Shape_Length": 0.0062499999999943157 }, "geometry": { "type": "Polygon", "coordinates": [ ] } },
{ "type": "Feature", "properties": { "HYRIV_ID": 41403102, "NEXT_DOWN": 41403082, "MAIN_RIV": 41403190, "LENGTH_KM": 0.65, "DIST_DN_KM": 85.199997, "DIST_UP_KM": 51.700001, "CATCH_SKM": 0.85, "UPLAND_SKM": 557.20001, "ENDORHEIC": 0, "DIS_AV_CMS": 14.02, "ORD_STRA": 4, "ORD_CLAS": 1, "ORD_FLOW": 5, "HYBAS_L12": 4121157450.0, "Shape_Length": 0.0058925565098825365 }, "geometry": { "type": "Polygon", "coordinates": [ ] } },
{ "type": "Feature", "properties": { "HYRIV_ID": 41403119, "NEXT_DOWN": 41403037, "MAIN_RIV": 41403190, "LENGTH_KM": 5.1799998, "DIST_DN_KM": 40.700001, "DIST_UP_KM": 40.599998, "CATCH_SKM": 16.809999, "UPLAND_SKM": 271.5, "ENDORHEIC": 0, "DIS_AV_CMS": 6.4029999, "ORD_STRA": 3, "ORD_CLAS": 2, "ORD_FLOW": 6, "HYBAS_L12": 4121601460.0, "Shape_Length": 0.046844336196313729 }, "geometry": { "type": "Polygon", "coordinates": [ ] } },
{ "type": "Feature", "properties": { "HYRIV_ID": 41403120, "NEXT_DOWN": 41403119, "MAIN_RIV": 41403190, "LENGTH_KM": 1.11, "DIST_DN_KM": 45.900002, "DIST_UP_KM": 35.400002, "CATCH_SKM": 1.28, "UPLAND_SKM": 247.3, "ENDORHEIC": 0, "DIS_AV_CMS": 5.8829999, "ORD_STRA": 3, "ORD_CLAS": 2, "ORD_FLOW": 6, "HYBAS_L12": 4121601460.0, "Shape_Length": 0.010059223176565511 }, "geometry": { "type": "Polygon", "coordinates": [ ] } },
{ "type": "Feature", "properties": { "HYRIV_ID": 41403121, "NEXT_DOWN": 41403120, "MAIN_RIV": 41403190, "LENGTH_KM": 1.4400001, "DIST_DN_KM": 47.0, "DIST_UP_KM": 5.0, "CATCH_SKM": 6.6, "UPLAND_SKM": 6.6, "ENDORHEIC": 0, "DIS_AV_CMS": 0.146, "ORD_STRA": 1, "ORD_CLAS": 3, "ORD_FLOW": 7, "HYBAS_L12": 4121601460.0, "Shape_Length": 0.013005501431607266 }, "geometry": { "type": "Polygon", "coordinates": [ ] } },
{ "type": "Feature", "properties": { "HYRIV_ID": 41403131, "NEXT_DOWN": 41403095, "MAIN_RIV": 41403190, "LENGTH_KM": 1.91, "DIST_DN_KM": 15.0, "DIST_UP_KM": 5.8, "CATCH_SKM": 6.6, "UPLAND_SKM": 6.6, "ENDORHEIC": 0, "DIS_AV_CMS": 0.142, "ORD_STRA": 1, "ORD_CLAS": 2, "ORD_FLOW": 7, "HYBAS_L12": 4121157640.0, "Shape_Length": 0.017172168098157883 }, "geometry": { "type": "Polygon", "coordinates": [ ] } },
{ "type": "Feature", "properties": { "HYRIV_ID": 41403132, "NEXT_DOWN": 41403133, "MAIN_RIV": 41403190, "LENGTH_KM": 0.69, "DIST_DN_KM": 86.800003, "DIST_UP_KM": 3.3, "CATCH_SKM": 6.81, "UPLAND_SKM": 6.8, "ENDORHEIC": 0, "DIS_AV_CMS": 0.159, "ORD_STRA": 1, "ORD_CLAS": 3, "ORD_FLOW": 7, "HYBAS_L12": 4121157450.0, "Shape_Length": 0.0062499999999658939 }, "geometry": { "type": "Polygon", "coordinates": [ ] } },
{ "type": "Feature", "properties": { "HYRIV_ID": 41403133, "NEXT_DOWN": 41403102, "MAIN_RIV": 41403190, "LENGTH_KM": 1.12, "DIST_DN_KM": 85.900002, "DIST_UP_KM": 18.9, "CATCH_SKM": 2.34, "UPLAND_SKM": 50.200001, "ENDORHEIC": 0, "DIS_AV_CMS": 1.221, "ORD_STRA": 2, "ORD_CLAS": 2, "ORD_FLOW": 6, "HYBAS_L12": 4121157450.0, "Shape_Length": 0.010059223176565511 }, "geometry": { "type": "Polygon", "coordinates": [ ] } },
{ "type": "Feature", "properties": { "HYRIV_ID": 41403150, "NEXT_DOWN": 41403160, "MAIN_RIV": 41403190, "LENGTH_KM": 2.4200001, "DIST_DN_KM": 28.200001, "DIST_UP_KM": 53.0, "CATCH_SKM": 8.0900002, "UPLAND_SKM": 382.79999, "ENDORHEIC": 0, "DIS_AV_CMS": 8.75, "ORD_STRA": 3, "ORD_CLAS": 2, "ORD_FLOW": 6, "HYBAS_L12": 4121157560.0, "Shape_Length": 0.021844336196330583 }, "geometry": { "type": "Polygon", "coordinates": [ ] } },
{ "type": "Feature", "properties": { "HYRIV_ID": 41403151, "NEXT_DOWN": 41403099, "MAIN_RIV": 41403190, "LENGTH_KM": 3.6600001, "DIST_DN_KM": 31.3, "DIST_UP_KM": 5.6, "CATCH_SKM": 12.55, "UPLAND_SKM": 12.6, "ENDORHEIC": 0, "DIS_AV_CMS": 0.27700001, "ORD_STRA": 1, "ORD_CLAS": 4, "ORD_FLOW": 7, "HYBAS_L12": 4121157560.0, "Shape_Length": 0.03312394778456746 }, "geometry": { "type": "Polygon", "coordinates": [ ] } },
{ "type": "Feature", "properties": { "HYRIV_ID": 41403159, "NEXT_DOWN": 41403094, "MAIN_RIV": 41403190, "LENGTH_KM": 3.6700001, "DIST_DN_KM": 12.5, "DIST_UP_KM": 7.7, "CATCH_SKM": 12.13, "UPLAND_SKM": 12.1, "ENDORHEIC": 0, "DIS_AV_CMS": 0.26100001, "ORD_STRA": 1, "ORD_CLAS": 2, "ORD_FLOW": 7, "HYBAS_L12": 4121157640.0, "Shape_Length": 0.033123947784778188 }, "geometry": { "type": "Polygon", "coordinates": [ ] } },
{ "type": "Feature", "properties": { "HYRIV_ID": 41403160, "NEXT_DOWN": 41403072, "MAIN_RIV": 41403190, "LENGTH_KM": 8.5900002, "DIST_DN_KM": 19.700001, "DIST_UP_KM": 61.599998, "CATCH_SKM": 25.32, "UPLAND_SKM": 418.10001, "ENDORHEIC": 0, "DIS_AV_CMS": 9.4799995, "ORD_STRA": 3, "ORD_CLAS": 2, "ORD_FLOW": 6, "HYBAS_L12": 4121157560.0, "Shape_Length": 0.077736892706336158 }, "geometry": { "type": "Polygon", "coordinates": [ ] } },
{ "type": "Feature", "properties": { "HYRIV_ID": 41403161, "NEXT_DOWN": 41403120, "MAIN_RIV": 41403190, "LENGTH_KM": 3.33, "DIST_DN_KM": 47.200001, "DIST_UP_KM": 34.099998, "CATCH_SKM": 11.06, "UPLAND_SKM": 239.39999, "ENDORHEIC": 0, "DIS_AV_CMS": 5.711, "ORD_STRA": 3, "ORD_CLAS": 2, "ORD_FLOW": 6, "HYBAS_L12": 4121601460.0, "Shape_Length": 0.030177669529666384 }, "geometry": { "type": "Polygon", "coordinates": [ ] } },
{ "type": "Feature", "properties": { "HYRIV_ID": 41403162, "NEXT_DOWN": 41403161, "MAIN_RIV": 41403190, "LENGTH_KM": 1.81, "DIST_DN_KM": 50.3, "DIST_UP_KM": 4.3, "CATCH_SKM": 7.23, "UPLAND_SKM": 7.2, "ENDORHEIC": 0, "DIS_AV_CMS": 0.162, "ORD_STRA": 1, "ORD_CLAS": 3, "ORD_FLOW": 7, "HYBAS_L12": 4121601460.0, "Shape_Length": 0.016309223176612507 }, "geometry": { "type": "Polygon", "coordinates": [ ] } },
{ "type": "Feature", "properties": { "HYRIV_ID": 41403163, "NEXT_DOWN": 41403194, "MAIN_RIV": 41403190, "LENGTH_KM": 2.28, "DIST_DN_KM": 54.5, "DIST_UP_KM": 4.8, "CATCH_SKM": 9.79, "UPLAND_SKM": 9.8, "ENDORHEIC": 0, "DIS_AV_CMS": 0.22, "ORD_STRA": 1, "ORD_CLAS": 4, "ORD_FLOW": 7, "HYBAS_L12": 4121601460.0, "Shape_Length": 0.020623947784558734 }, "geometry": { "type": "Polygon", "coordinates": [ ] } },
{ "type": "Feature", "properties": { "HYRIV_ID": 41403164, "NEXT_DOWN": 41403194, "MAIN_RIV": 41403190, "LENGTH_KM": 3.1800001, "DIST_DN_KM": 54.3, "DIST_UP_KM": 5.8, "CATCH_SKM": 9.5699997, "UPLAND_SKM": 9.6, "ENDORHEIC": 0, "DIS_AV_CMS": 0.218, "ORD_STRA": 1, "ORD_CLAS": 3, "ORD_FLOW": 7, "HYBAS_L12": 4121601460.0, "Shape_Length": 0.028809223176523187 }, "geometry": { "type": "Polygon", "coordinates": [ ] } },
{ "type": "Feature", "properties": { "HYRIV_ID": 41403180, "NEXT_DOWN": 41403096, "MAIN_RIV": 41403190, "LENGTH_KM": 3.76, "DIST_DN_KM": 16.8, "DIST_UP_KM": 7.1, "CATCH_SKM": 14.47, "UPLAND_SKM": 14.5, "ENDORHEIC": 0, "DIS_AV_CMS": 0.315, "ORD_STRA": 1, "ORD_CLAS": 2, "ORD_FLOW": 7, "HYBAS_L12": 4121157640.0, "Shape_Length": 0.033986892706159635 }, "geometry": { "type": "Polygon", "coordinates": [ ] } },
{ "type": "Feature", "properties": { "HYRIV_ID": 41403190, "NEXT_DOWN": 0, "MAIN_RIV": 41403190, "LENGTH_KM": 2.03, "DIST_DN_KM": 0.0, "DIST_UP_KM": 136.7, "CATCH_SKM": 2.55, "UPLAND_SKM": 3473.0, "ENDORHEIC": 0, "DIS_AV_CMS": 77.091003, "ORD_STRA": 5, "ORD_CLAS": 1, "ORD_FLOW": 5, "HYBAS_L12": 4120049130.0, "Shape_Length": 0.018392556509921117 }, "geometry": { "type": "Polygon", "coordinates": [ ] } },
{ "type": "Feature", "properties": { "HYRIV_ID": 41403191, "NEXT_DOWN": 41403190, "MAIN_RIV": 41403190, "LENGTH_KM": 8.8900003, "DIST_DN_KM": 2.3, "DIST_UP_KM": 134.7, "CATCH_SKM": 26.809999, "UPLAND_SKM": 2692.8, "ENDORHEIC": 0, "DIS_AV_CMS": 58.498001, "ORD_STRA": 5, "ORD_CLAS": 1, "ORD_FLOW": 5, "HYBAS_L12": 4121157640.0, "Shape_Length": 0.08047378541250054 }, "geometry": { "type": "Polygon", "coordinates": [ ] } },
{ "type": "Feature", "properties": { "HYRIV_ID": 41403192, "NEXT_DOWN": 41403160, "MAIN_RIV": 41403190, "LENGTH_KM": 2.27, "DIST_DN_KM": 28.200001, "DIST_UP_KM": 5.1, "CATCH_SKM": 10.0, "UPLAND_SKM": 10.0, "ENDORHEIC": 0, "DIS_AV_CMS": 0.222, "ORD_STRA": 1, "ORD_CLAS": 3, "ORD_FLOW": 7, "HYBAS_L12": 4121157560.0, "Shape_Length": 0.020475889843190119 }, "geometry": { "type": "Polygon", "coordinates": [ ] } },
{ "type": "Feature", "properties": { "HYRIV_ID": 41403193, "NEXT_DOWN": 41403161, "MAIN_RIV": 41403190, "LENGTH_KM": 1.76, "DIST_DN_KM": 50.5, "DIST_UP_KM": 30.8, "CATCH_SKM": 3.62, "UPLAND_SKM": 221.10001, "ENDORHEIC": 0, "DIS_AV_CMS": 5.3070002, "ORD_STRA": 3, "ORD_CLAS": 2, "ORD_FLOW": 6, "HYBAS_L12": 4121601460.0, "Shape_Length": 0.015951779686498288 }, "geometry": { "type": "Polygon", "coordinates": [ ] } },
{ "type": "Feature", "properties": { "HYRIV_ID": 41403194, "NEXT_DOWN": 41403193, "MAIN_RIV": 41403190, "LENGTH_KM": 2.22, "DIST_DN_KM": 52.3, "DIST_UP_KM": 7.9, "CATCH_SKM": 3.1900001, "UPLAND_SKM": 22.6, "ENDORHEIC": 0, "DIS_AV_CMS": 0.51, "ORD_STRA": 2, "ORD_CLAS": 3, "ORD_FLOW": 7, "HYBAS_L12": 4121601460.0, "Shape_Length": 0.020118446353120975 }, "geometry": { "type": "Polygon", "coordinates": [ ] } },
{ "type": "Feature", "properties": { "HYRIV_ID": 41403195, "NEXT_DOWN": 41403323, "MAIN_RIV": 41403190, "LENGTH_KM": 0.98, "DIST_DN_KM": 117.1, "DIST_UP_KM": 3.8, "CATCH_SKM": 4.89, "UPLAND_SKM": 4.9, "ENDORHEIC": 0, "DIS_AV_CMS": 0.116, "ORD_STRA": 1, "ORD_CLAS": 3, "ORD_FLOW": 7, "HYBAS_L12": 4121157860.0, "Shape_Length": 0.0088388347648338528 }, "geometry": { "type": "Polygon", "coordinates": [ ] } },
{ "type": "Feature", "properties": { "HYRIV_ID": 41403196, "NEXT_DOWN": 41403323, "MAIN_RIV": 41403190, "LENGTH_KM": 0.98, "DIST_DN_KM": 117.1, "DIST_UP_KM": 4.4, "CATCH_SKM": 5.96, "UPLAND_SKM": 6.0, "ENDORHEIC": 0, "DIS_AV_CMS": 0.141, "ORD_STRA": 1, "ORD_CLAS": 2, "ORD_FLOW": 7, "HYBAS_L12": 4121157860.0, "Shape_Length": 0.0088388347648338528 }, "geometry": { "type": "Polygon", "coordinates": [ ] } },
{ "type": "Feature", "properties": { "HYRIV_ID": 41403209, "NEXT_DOWN": 41403102, "MAIN_RIV": 41403190, "LENGTH_KM": 4.1900001, "DIST_DN_KM": 85.900002, "DIST_UP_KM": 51.0, "CATCH_SKM": 10.0, "UPLAND_SKM": 506.10001, "ENDORHEIC": 0, "DIS_AV_CMS": 12.782, "ORD_STRA": 4, "ORD_CLAS": 1, "ORD_FLOW": 5, "HYBAS_L12": 4121157450.0, "Shape_Length": 0.037796115882808776 }, "geometry": { "type": "Polygon", "coordinates": [ ] } },
{ "type": "Feature", "properties": { "HYRIV_ID": 41403210, "NEXT_DOWN": 41403209, "MAIN_RIV": 41403190, "LENGTH_KM": 1.8, "DIST_DN_KM": 89.900002, "DIST_UP_KM": 5.8, "CATCH_SKM": 11.28, "UPLAND_SKM": 11.3, "ENDORHEIC": 0, "DIS_AV_CMS": 0.266, "ORD_STRA": 1, "ORD_CLAS": 2, "ORD_FLOW": 7, "HYBAS_L12": 4121157450.0, "Shape_Length": 0.016309223176501259 }, "geometry": { "type": "Polygon", "coordinates": [ ] } },
{ "type": "Feature", "properties": { "HYRIV_ID": 41403232, "NEXT_DOWN": 41403029, "MAIN_RIV": 41403190, "LENGTH_KM": 7.4699998, "DIST_DN_KM": 93.0, "DIST_UP_KM": 11.2, "CATCH_SKM": 27.450001, "UPLAND_SKM": 27.4, "ENDORHEIC": 0, "DIS_AV_CMS": 0.64700001, "ORD_STRA": 1, "ORD_CLAS": 3, "ORD_FLOW": 7, "HYBAS_L12": 4121157460.0, "Shape_Length": 0.067320226039574618 }, "geometry": { "type": "Polygon", "coordinates": [ ] } },
{ "type": "Feature", "properties": { "HYRIV_ID": 41403244, "NEXT_DOWN": 41403303, "MAIN_RIV": 41403190, "LENGTH_KM": 1.8, "DIST_DN_KM": 116.2, "DIST_UP_KM": 4.5, "CATCH_SKM": 5.5300002, "UPLAND_SKM": 5.5, "ENDORHEIC": 0, "DIS_AV_CMS": 0.132, "ORD_STRA": 1, "ORD_CLAS": 3, "ORD_FLOW": 7, "HYBAS_L12": 4121157860.0, "Shape_Length": 0.016309223176511307 }, "geometry": { "type": "Polygon", "coordinates": [ ] } },
{ "type": "Feature", "properties": { "HYRIV_ID": 41403257, "NEXT_DOWN": 41403190, "MAIN_RIV": 41403190, "LENGTH_KM": 2.04, "DIST_DN_KM": 2.3, "DIST_UP_KM": 72.0, "CATCH_SKM": 3.1900001, "UPLAND_SKM": 777.90002, "ENDORHEIC": 0, "DIS_AV_CMS": 18.629, "ORD_STRA": 4, "ORD_CLAS": 2, "ORD_FLOW": 5, "HYBAS_L12": 4121157660.0, "Shape_Length": 0.018392556509887102 }, "geometry": { "type": "Polygon", "coordinates": [ ] } },
{ "type": "Feature", "properties": { "HYRIV_ID": 41403258, "NEXT_DOWN": 41403193, "MAIN_RIV": 41403190, "LENGTH_KM": 3.99, "DIST_DN_KM": 52.3, "DIST_UP_KM": 29.0, "CATCH_SKM": 15.11, "UPLAND_SKM": 194.89999, "ENDORHEIC": 0, "DIS_AV_CMS": 4.7179999, "ORD_STRA": 3, "ORD_CLAS": 2, "ORD_FLOW": 6, "HYBAS_L12": 4121601460.0, "Shape_Length": 0.036070226039425189 }, "geometry": { "type": "Polygon", "coordinates": [ ] } },
{ "type": "Feature", "properties": { "HYRIV_ID": 41403259, "NEXT_DOWN": 41403258, "MAIN_RIV": 41403190, "LENGTH_KM": 1.15, "DIST_DN_KM": 56.099998, "DIST_UP_KM": 4.6, "CATCH_SKM": 6.6, "UPLAND_SKM": 6.6, "ENDORHEIC": 0, "DIS_AV_CMS": 0.152, "ORD_STRA": 1, "ORD_CLAS": 3, "ORD_FLOW": 7, "HYBAS_L12": 4121601460.0, "Shape_Length": 0.010416666666671404 }, "geometry": { "type": "Polygon", "coordinates": [ ] } },
{ "type": "Feature", "properties": { "HYRIV_ID": 41403260, "NEXT_DOWN": 41402903, "MAIN_RIV": 41403190, "LENGTH_KM": 11.22, "DIST_DN_KM": 75.900002, "DIST_UP_KM": 38.5, "CATCH_SKM": 44.040001, "UPLAND_SKM": 220.7, "ENDORHEIC": 0, "DIS_AV_CMS": 5.4920001, "ORD_STRA": 3, "ORD_CLAS": 2, "ORD_FLOW": 6, "HYBAS_L12": 4121157380.0, "Shape_Length": 0.10101100286299804 }, "geometry": { "type": "Polygon", "coordinates": [ ] } },
{ "type": "Feature", "properties": { "HYRIV_ID": 41403261, "NEXT_DOWN": 41403260, "MAIN_RIV": 41403190, "LENGTH_KM": 1.4400001, "DIST_DN_KM": 86.900002, "DIST_UP_KM": 4.4, "CATCH_SKM": 6.1700001, "UPLAND_SKM": 6.2, "ENDORHEIC": 0, "DIS_AV_CMS": 0.147, "ORD_STRA": 1, "ORD_CLAS": 3, "ORD_FLOW": 7, "HYBAS_L12": 4121157380.0, "Shape_Length": 0.013005501431383043 }, "geometry": { "type": "Polygon", "coordinates": [ ] } },
{ "type": "Feature", "properties": { "HYRIV_ID": 41403302, "NEXT_DOWN": 41403257, "MAIN_RIV": 41403190, "LENGTH_KM": 8.54, "DIST_DN_KM": 4.3, "DIST_UP_KM": 12.4, "CATCH_SKM": 31.280001, "UPLAND_SKM": 31.3, "ENDORHEIC": 0, "DIS_AV_CMS": 0.68400002, "ORD_STRA": 1, "ORD_CLAS": 3, "ORD_FLOW": 7, "HYBAS_L12": 4121157660.0, "Shape_Length": 0.077379449216064197 }, "geometry": { "type": "Polygon", "coordinates": [ ] } },
{ "type": "Feature", "properties": { "HYRIV_ID": 41403303, "NEXT_DOWN": 41403324, "MAIN_RIV": 41403190, "LENGTH_KM": 2.6900001, "DIST_DN_KM": 113.7, "DIST_UP_KM": 14.0, "CATCH_SKM": 3.62, "UPLAND_SKM": 49.400002, "ENDORHEIC": 0, "DIS_AV_CMS": 1.198, "ORD_STRA": 2, "ORD_CLAS": 2, "ORD_FLOW": 6, "HYBAS_L12": 4121157860.0, "Shape_Length": 0.024285113019816434 }, "geometry": { "type": "Polygon", "coordinates": [ ] } },
{ "type": "Feature", "properties": { "HYRIV_ID": 41403304, "NEXT_DOWN": 41403303, "MAIN_RIV": 41403190, "LENGTH_KM": 3.99, "DIST_DN_KM": 116.4, "DIST_UP_KM": 11.3, "CATCH_SKM": 9.5699997, "UPLAND_SKM": 40.200001, "ENDORHEIC": 0, "DIS_AV_CMS": 0.97899997, "ORD_STRA": 2, "ORD_CLAS": 2, "ORD_FLOW": 7, "HYBAS_L12": 4121157860.0, "Shape_Length": 0.036070226039585665 }, "geometry": { "type": "Polygon", "coordinates": [ ] } },
{ "type": "Feature", "properties": { "HYRIV_ID": 41403305, "NEXT_DOWN": 41403304, "MAIN_RIV": 41403190, "LENGTH_KM": 0.92, "DIST_DN_KM": 120.2, "DIST_UP_KM": 7.5, "CATCH_SKM": 1.49, "UPLAND_SKM": 23.0, "ENDORHEIC": 0, "DIS_AV_CMS": 0.55699998, "ORD_STRA": 2, "ORD_CLAS": 2, "ORD_FLOW": 7, "HYBAS_L12": 4121157860.0, "Shape_Length": 0.0083333333333257542 }, "geometry": { "type": "Polygon", "coordinates": [ ] } },
{ "type": "Feature", "properties": { "HYRIV_ID": 41403306, "NEXT_DOWN": 41403305, "MAIN_RIV": 41403190, "LENGTH_KM": 3.6600001, "DIST_DN_KM": 121.3, "DIST_UP_KM": 6.4, "CATCH_SKM": 16.379999, "UPLAND_SKM": 16.4, "ENDORHEIC": 0, "DIS_AV_CMS": 0.39500001, "ORD_STRA": 1, "ORD_CLAS": 2, "ORD_FLOW": 7, "HYBAS_L12": 4121157860.0, "Shape_Length": 0.032975889843235594 }, "geometry": { "type": "Polygon", "coordinates": [ ] } },
{ "type": "Feature", "properties": { "HYRIV_ID": 41403323, "NEXT_DOWN": 41403471, "MAIN_RIV": 41403190, "LENGTH_KM": 4.08, "DIST_DN_KM": 112.9, "DIST_UP_KM": 8.7, "CATCH_SKM": 9.3599997, "UPLAND_SKM": 20.200001, "ENDORHEIC": 0, "DIS_AV_CMS": 0.48100001, "ORD_STRA": 2, "ORD_CLAS": 2, "ORD_FLOW": 7, "HYBAS_L12": 4121157860.0, "Shape_Length": 0.03678511301978913 }, "geometry": { "type": "Polygon", "coordinates": [ ] } },
{ "type": "Feature", "properties": { "HYRIV_ID": 41403324, "NEXT_DOWN": 41403471, "MAIN_RIV": 41403190, "LENGTH_KM": 0.65, "DIST_DN_KM": 113.1, "DIST_UP_KM": 23.9, "CATCH_SKM": 0.64, "UPLAND_SKM": 179.2, "ENDORHEIC": 0, "DIS_AV_CMS": 4.5580001, "ORD_STRA": 3, "ORD_CLAS": 1, "ORD_FLOW": 6, "HYBAS_L12": 4121157860.0, "Shape_Length": 0.0058925565098724882 }, "geometry": { "type": "Polygon", "coordinates": [ ] } },
{ "type": "Feature", "properties": { "HYRIV_ID": 41403325, "NEXT_DOWN": 41403305, "MAIN_RIV": 41403190, "LENGTH_KM": 0.98, "DIST_DN_KM": 121.3, "DIST_UP_KM": 3.1, "CATCH_SKM": 5.1100001, "UPLAND_SKM": 5.1, "ENDORHEIC": 0, "DIS_AV_CMS": 0.126, "ORD_STRA": 1, "ORD_CLAS": 3, "ORD_FLOW": 7, "HYBAS_L12": 4121157860.0, "Shape_Length": 0.0088388347648037068 }, "geometry": { "type": "Polygon", "coordinates": [ ] } },
{ "type": "Feature", "properties": { "HYRIV_ID": 41403338, "NEXT_DOWN": 41403400, "MAIN_RIV": 41403190, "LENGTH_KM": 1.16, "DIST_DN_KM": 45.099998, "DIST_UP_KM": 3.8, "CATCH_SKM": 5.1100001, "UPLAND_SKM": 5.1, "ENDORHEIC": 0, "DIS_AV_CMS": 0.115, "ORD_STRA": 1, "ORD_CLAS": 4, "ORD_FLOW": 7, "HYBAS_L12": 4121157820.0, "Shape_Length": 0.010416666666642982 }, "geometry": { "type": "Polygon", "coordinates": [ ] } },
{ "type": "Feature", "properties": { "HYRIV_ID": 41403339, "NEXT_DOWN": 41403400, "MAIN_RIV": 41403190, "LENGTH_KM": 0.69, "DIST_DN_KM": 45.099998, "DIST_UP_KM": 4.5, "CATCH_SKM": 5.3200002, "UPLAND_SKM": 5.3, "ENDORHEIC": 0, "DIS_AV_CMS": 0.121, "ORD_STRA": 1, "ORD_CLAS": 3, "ORD_FLOW": 7, "HYBAS_L12": 4121157820.0, "Shape_Length": 0.0062499999999658939 }, "geometry": { "type": "Polygon", "coordinates": [ ] } },
{ "type": "Feature", "properties": { "HYRIV_ID": 41403340, "NEXT_DOWN": 41403359, "MAIN_RIV": 41403190, "LENGTH_KM": 2.9300001, "DIST_DN_KM": 49.200001, "DIST_UP_KM": 5.3, "CATCH_SKM": 8.3, "UPLAND_SKM": 8.3, "ENDORHEIC": 0, "DIS_AV_CMS": 0.188, "ORD_STRA": 1, "ORD_CLAS": 5, "ORD_FLOW": 7, "HYBAS_L12": 4121157820.0, "Shape_Length": 0.026368446353086869 }, "geometry": { "type": "Polygon", "coordinates": [ ] } },
{ "type": "Feature", "properties": { "HYRIV_ID": 41403341, "NEXT_DOWN": 41403359, "MAIN_RIV": 41403190, "LENGTH_KM": 2.74, "DIST_DN_KM": 49.3, "DIST_UP_KM": 5.7, "CATCH_SKM": 8.0900002, "UPLAND_SKM": 8.1, "ENDORHEIC": 0, "DIS_AV_CMS": 0.185, "ORD_STRA": 1, "ORD_CLAS": 4, "ORD_FLOW": 7, "HYBAS_L12": 4121157820.0, "Shape_Length": 0.024790614451318645 }, "geometry": { "type": "Polygon", "coordinates": [ ] } },
{ "type": "Feature", "properties": { "HYRIV_ID": 41403342, "NEXT_DOWN": 41403360, "MAIN_RIV": 41403190, "LENGTH_KM": 10.54, "DIST_DN_KM": 60.900002, "DIST_UP_KM": 13.8, "CATCH_SKM": 45.529999, "UPLAND_SKM": 45.5, "ENDORHEIC": 0, "DIS_AV_CMS": 1.062, "ORD_STRA": 1, "ORD_CLAS": 3, "ORD_FLOW": 6, "HYBAS_L12": 4121601510.0, "Shape_Length": 0.095205176687106402 }, "geometry": { "type": "Polygon", "coordinates": [ ] } },
{ "type": "Feature", "properties": { "HYRIV_ID": 41403343, "NEXT_DOWN": 41403304, "MAIN_RIV": 41403190, "LENGTH_KM": 1.4400001, "DIST_DN_KM": 120.2, "DIST_UP_KM": 4.5, "CATCH_SKM": 7.6599998, "UPLAND_SKM": 7.7, "ENDORHEIC": 0, "DIS_AV_CMS": 0.19, "ORD_STRA": 1, "ORD_CLAS": 3, "ORD_FLOW": 7, "HYBAS_L12": 4121157860.0, "Shape_Length": 0.013005501431438877 }, "geometry": { "type": "Polygon", "coordinates": [ ] } },
{ "type": "Feature", "properties": { "HYRIV_ID": 41403359, "NEXT_DOWN": 41403402, "MAIN_RIV": 41403190, "LENGTH_KM": 0.46, "DIST_DN_KM": 48.700001, "DIST_UP_KM": 6.3, "CATCH_SKM": 0.21, "UPLAND_SKM": 16.6, "ENDORHEIC": 0, "DIS_AV_CMS": 0.37900001, "ORD_STRA": 2, "ORD_CLAS": 4, "ORD_FLOW": 7, "HYBAS_L12": 4121157820.0, "Shape_Length": 0.0041666666666912988 }, "geometry": { "type": "Polygon", "coordinates": [ ] } },
{ "type": "Feature", "properties": { "HYRIV_ID": 41403360, "NEXT_DOWN": 41403258, "MAIN_RIV": 41403190, "LENGTH_KM": 4.8400002, "DIST_DN_KM": 56.200001, "DIST_UP_KM": 25.0, "CATCH_SKM": 15.75, "UPLAND_SKM": 173.2, "ENDORHEIC": 0, "DIS_AV_CMS": 4.2220001, "ORD_STRA": 3, "ORD_CLAS": 2, "ORD_FLOW": 6, "HYBAS_L12": 4121601460.0, "Shape_Length": 0.043688672392750594 }, "geometry": { "type": "Polygon", "coordinates": [ ] } },
{ "type": "Feature", "properties": { "HYRIV_ID": 41403361, "NEXT_DOWN": 41403260, "MAIN_RIV": 41403190, "LENGTH_KM": 3.1600001, "DIST_DN_KM": 87.099998, "DIST_UP_KM": 27.3, "CATCH_SKM": 8.0900002, "UPLAND_SKM": 170.5, "ENDORHEIC": 0, "DIS_AV_CMS": 4.3590002, "ORD_STRA": 3, "ORD_CLAS": 2, "ORD_FLOW": 6, "HYBAS_L12": 4121157380.0, "Shape_Length": 0.02845177968638055 }, "geometry": { "type": "Polygon", "coordinates": [ ] } },
{ "type": "Feature", "properties": { "HYRIV_ID": 41403362, "NEXT_DOWN": 41403209, "MAIN_RIV": 41403190, "LENGTH_KM": 6.8, "DIST_DN_KM": 90.099998, "DIST_UP_KM": 46.8, "CATCH_SKM": 22.98, "UPLAND_SKM": 484.79999, "ENDORHEIC": 0, "DIS_AV_CMS": 12.303, "ORD_STRA": 4, "ORD_CLAS": 1, "ORD_FLOW": 5, "HYBAS_L12": 4121157450.0, "Shape_Length": 0.06136634192232715 }, "geometry": { "type": "Polygon", "coordinates": [ ] } },
{ "type": "Feature", "properties": { "HYRIV_ID": 41403379, "NEXT_DOWN": 41403402, "MAIN_RIV": 41403190, "LENGTH_KM": 6.25, "DIST_DN_KM": 48.900002, "DIST_UP_KM": 9.4, "CATCH_SKM": 17.450001, "UPLAND_SKM": 17.4, "ENDORHEIC": 0, "DIS_AV_CMS": 0.405, "ORD_STRA": 1, "ORD_CLAS": 3, "ORD_FLOW": 7, "HYBAS_L12": 4121157820.0, "Shape_Length": 0.056546115882784118 }, "geometry": { "type": "Polygon", "coordinates": [ ] } },
{ "type": "Feature", "properties": { "HYRIV_ID": 41403380, "NEXT_DOWN": 41403360, "MAIN_RIV": 41403190, "LENGTH_KM": 1.76, "DIST_DN_KM": 61.099998, "DIST_UP_KM": 20.200001, "CATCH_SKM": 2.98, "UPLAND_SKM": 111.9, "ENDORHEIC": 0, "DIS_AV_CMS": 2.793, "ORD_STRA": 3, "ORD_CLAS": 2, "ORD_FLOW": 6, "HYBAS_L12": 4121601510.0, "Shape_Length": 0.015951779686448047 }, "geometry": { "type": "Polygon", "coordinates": [ ] } },
{ "type": "Feature", "properties": { "HYRIV_ID": 41403381, "NEXT_DOWN": 41403380, "MAIN_RIV": 41403190, "LENGTH_KM": 3.27, "DIST_DN_KM": 62.700001, "DIST_UP_KM": 5.8, "CATCH_SKM": 10.21, "UPLAND_SKM": 10.2, "ENDORHEIC": 0, "DIS_AV_CMS": 0.245, "ORD_STRA": 1, "ORD_CLAS": 3, "ORD_FLOW": 7, "HYBAS_L12": 4121601510.0, "Shape_Length": 0.029672168098218578 }, "geometry": { "type": "Polygon", "coordinates": [ ] } },
{ "type": "Feature", "properties": { "HYRIV_ID": 41403382, "NEXT_DOWN": 41403362, "MAIN_RIV": 41403190, "LENGTH_KM": 0.65, "DIST_DN_KM": 96.900002, "DIST_UP_KM": 40.0, "CATCH_SKM": 0.21, "UPLAND_SKM": 457.20001, "ENDORHEIC": 0, "DIS_AV_CMS": 11.666, "ORD_STRA": 4, "ORD_CLAS": 1, "ORD_FLOW": 5, "HYBAS_L12": 4121157450.0, "Shape_Length": 0.0058925565098825365 }, "geometry": { "type": "Polygon", "coordinates": [ ] } },
{ "type": "Feature", "properties": { "HYRIV_ID": 41403383, "NEXT_DOWN": 41403382, "MAIN_RIV": 41403190, "LENGTH_KM": 3.1900001, "DIST_DN_KM": 97.300003, "DIST_UP_KM": 5.7, "CATCH_SKM": 12.55, "UPLAND_SKM": 12.6, "ENDORHEIC": 0, "DIS_AV_CMS": 0.306, "ORD_STRA": 1, "ORD_CLAS": 2, "ORD_FLOW": 7, "HYBAS_L12": 4121157450.0, "Shape_Length": 0.028809223176596975 }, "geometry": { "type": "Polygon", "coordinates": [ ] } },
{ "type": "Feature", "properties": { "HYRIV_ID": 41403400, "NEXT_DOWN": 41403415, "MAIN_RIV": 41403190, "LENGTH_KM": 2.23, "DIST_DN_KM": 42.900002, "DIST_UP_KM": 6.7, "CATCH_SKM": 7.4499998, "UPLAND_SKM": 17.9, "ENDORHEIC": 0, "DIS_AV_CMS": 0.406, "ORD_STRA": 2, "ORD_CLAS": 3, "ORD_FLOW": 7, "HYBAS_L12": 4121157820.0, "Shape_Length": 0.020118446353110924 }, "geometry": { "type": "Polygon", "coordinates": [ ] } },
{ "type": "Feature", "properties": { "HYRIV_ID": 41403401, "NEXT_DOWN": 41403415, "MAIN_RIV": 41403190, "LENGTH_KM": 2.3, "DIST_DN_KM": 42.900002, "DIST_UP_KM": 31.4, "CATCH_SKM": 5.1100001, "UPLAND_SKM": 236.89999, "ENDORHEIC": 0, "DIS_AV_CMS": 5.7210002, "ORD_STRA": 3, "ORD_CLAS": 2, "ORD_FLOW": 6, "HYBAS_L12": 4121157820.0, "Shape_Length": 0.020833333333314386 }, "geometry": { "type": "Polygon", "coordinates": [ ] } },
{ "type": "Feature", "properties": { "HYRIV_ID": 41403402, "NEXT_DOWN": 41403401, "MAIN_RIV": 41403190, "LENGTH_KM": 3.53, "DIST_DN_KM": 45.400002, "DIST_UP_KM": 28.9, "CATCH_SKM": 10.64, "UPLAND_SKM": 226.39999, "ENDORHEIC": 0, "DIS_AV_CMS": 5.4819999, "ORD_STRA": 3, "ORD_CLAS": 2, "ORD_FLOW": 6, "HYBAS_L12": 4121157820.0, "Shape_Length": 0.031903559372822604 }, "geometry": { "type": "Polygon", "coordinates": [ ] } },
{ "type": "Feature", "properties": { "HYRIV_ID": 41403403, "NEXT_DOWN": 41403362, "MAIN_RIV": 41403190, "LENGTH_KM": 1.4400001, "DIST_DN_KM": 96.699997, "DIST_UP_KM": 4.7, "CATCH_SKM": 4.6799998, "UPLAND_SKM": 4.7, "ENDORHEIC": 0, "DIS_AV_CMS": 0.117, "ORD_STRA": 1, "ORD_CLAS": 2, "ORD_FLOW": 7, "HYBAS_L12": 4121157450.0, "Shape_Length": 0.013005501431546974 }, "geometry": { "type": "Polygon", "coordinates": [ ] } },
{ "type": "Feature", "properties": { "HYRIV_ID": 41403414, "NEXT_DOWN": 41403485, "MAIN_RIV": 41403190, "LENGTH_KM": 1.35, "DIST_DN_KM": 41.900002, "DIST_UP_KM": 4.2, "CATCH_SKM": 5.75, "UPLAND_SKM": 5.7, "ENDORHEIC": 0, "DIS_AV_CMS": 0.131, "ORD_STRA": 1, "ORD_CLAS": 3, "ORD_FLOW": 7, "HYBAS_L12": 4121157820.0, "Shape_Length": 0.012142556509876851 }, "geometry": { "type": "Polygon", "coordinates": [ ] } },
{ "type": "Feature", "properties": { "HYRIV_ID": 41403415, "NEXT_DOWN": 41403485, "MAIN_RIV": 41403190, "LENGTH_KM": 1.11, "DIST_DN_KM": 41.900002, "DIST_UP_KM": 32.3, "CATCH_SKM": 1.06, "UPLAND_SKM": 255.8, "ENDORHEIC": 0, "DIS_AV_CMS": 6.1490002, "ORD_STRA": 3, "ORD_CLAS": 2, "ORD_FLOW": 6, "HYBAS_L12": 4121157820.0, "Shape_Length": 0.010059223176602256 }, "geometry": { "type": "Polygon", "coordinates": [ ] } },
{ "type": "Feature", "properties": { "HYRIV_ID": 41403416, "NEXT_DOWN": 41403401, "MAIN_RIV": 41403190, "LENGTH_KM": 0.98, "DIST_DN_KM": 45.400002, "DIST_UP_KM": 3.2, "CATCH_SKM": 5.3200002, "UPLAND_SKM": 5.3, "ENDORHEIC": 0, "DIS_AV_CMS": 0.127, "ORD_STRA": 1, "ORD_CLAS": 3, "ORD_FLOW": 7, "HYBAS_L12": 4121157820.0, "Shape_Length": 0.0088388347647936592 }, "geometry": { "type": "Polygon", "coordinates": [ ] } },
{ "type": "Feature", "properties": { "HYRIV_ID": 41403417, "NEXT_DOWN": 41403402, "MAIN_RIV": 41403190, "LENGTH_KM": 2.6900001, "DIST_DN_KM": 48.700001, "DIST_UP_KM": 25.6, "CATCH_SKM": 5.1100001, "UPLAND_SKM": 181.7, "ENDORHEIC": 0, "DIS_AV_CMS": 4.4619999, "ORD_STRA": 3, "ORD_CLAS": 2, "ORD_FLOW": 6, "HYBAS_L12": 4121157820.0, "Shape_Length": 0.024285113019753703 }, "geometry": { "type": "Polygon", "coordinates": [ ] } },
{ "type": "Feature", "properties": { "HYRIV_ID": 41403418, "NEXT_DOWN": 41403382, "MAIN_RIV": 41403190, "LENGTH_KM": 1.12, "DIST_DN_KM": 97.400002, "DIST_UP_KM": 39.599998, "CATCH_SKM": 1.92, "UPLAND_SKM": 444.39999, "ENDORHEIC": 0, "DIS_AV_CMS": 11.358, "ORD_STRA": 4, "ORD_CLAS": 1, "ORD_FLOW": 5, "HYBAS_L12": 4121157450.0, "Shape_Length": 0.010059223176545413 }, "geometry": { "type": "Polygon", "coordinates": [ ] } },
{ "type": "Feature", "properties": { "HYRIV_ID": 41403428, "NEXT_DOWN": 41403417, "MAIN_RIV": 41403190, "LENGTH_KM": 0.69, "DIST_DN_KM": 51.400002, "DIST_UP_KM": 4.0, "CATCH_SKM": 5.5300002, "UPLAND_SKM": 5.5, "ENDORHEIC": 0, "DIS_AV_CMS": 0.133, "ORD_STRA": 1, "ORD_CLAS": 3, "ORD_FLOW": 7, "HYBAS_L12": 4121157820.0, "Shape_Length": 0.0062500000000227374 }, "geometry": { "type": "Polygon", "coordinates": [ ] } },
{ "type": "Feature", "properties": { "HYRIV_ID": 41403429, "NEXT_DOWN": 41403417, "MAIN_RIV": 41403190, "LENGTH_KM": 1.11, "DIST_DN_KM": 51.599998, "DIST_UP_KM": 22.700001, "CATCH_SKM": 4.2600002, "UPLAND_SKM": 171.10001, "ENDORHEIC": 0, "DIS_AV_CMS": 4.2140002, "ORD_STRA": 3, "ORD_CLAS": 2, "ORD_FLOW": 6, "HYBAS_L12": 4121157820.0, "Shape_Length": 0.010059223176575559 }, "geometry": { "type": "Polygon", "coordinates": [ ] } },
{ "type": "Feature", "properties": { "HYRIV_ID": 41403430, "NEXT_DOWN": 41403457, "MAIN_RIV": 41403190, "LENGTH_KM": 0.69, "DIST_DN_KM": 69.599998, "DIST_UP_KM": 4.4, "CATCH_SKM": 5.5300002, "UPLAND_SKM": 5.5, "ENDORHEIC": 0, "DIS_AV_CMS": 0.133, "ORD_STRA": 1, "ORD_CLAS": 5, "ORD_FLOW": 7, "HYBAS_L12": 4121601510.0, "Shape_Length": 0.0062499999999801048 }, "geometry": { "type": "Polygon", "coordinates": [ ] } },
{ "type": "Feature", "properties": { "HYRIV_ID": 41403431, "NEXT_DOWN": 41403457, "MAIN_RIV": 41403190, "LENGTH_KM": 2.09, "DIST_DN_KM": 69.599998, "DIST_UP_KM": 4.5, "CATCH_SKM": 13.19, "UPLAND_SKM": 13.2, "ENDORHEIC": 0, "DIS_AV_CMS": 0.32300001, "ORD_STRA": 1, "ORD_CLAS": 4, "ORD_FLOW": 7, "HYBAS_L12": 4121601510.0, "Shape_Length": 0.018898057941339072 }, "geometry": { "type": "Polygon", "coordinates": [ ] } },
{ "type": "Feature", "properties": { "HYRIV_ID": 41403432, "NEXT_DOWN": 41403361, "MAIN_RIV": 41403190, "LENGTH_KM": 5.23, "DIST_DN_KM": 90.0, "DIST_UP_KM": 7.8, "CATCH_SKM": 20.219999, "UPLAND_SKM": 20.200001, "ENDORHEIC": 0, "DIS_AV_CMS": 0.49700001, "ORD_STRA": 1, "ORD_CLAS": 3, "ORD_FLOW": 7, "HYBAS_L12": 4121157380.0, "Shape_Length": 0.047349837627956332 }, "geometry": { "type": "Polygon", "coordinates": [ ] } },
{ "type": "Feature", "properties": { "HYRIV_ID": 41403442, "NEXT_DOWN": 41403429, "MAIN_RIV": 41403190, "LENGTH_KM": 4.33, "DIST_DN_KM": 52.5, "DIST_UP_KM": 21.8, "CATCH_SKM": 11.92, "UPLAND_SKM": 111.3, "ENDORHEIC": 0, "DIS_AV_CMS": 2.7279999, "ORD_STRA": 2, "ORD_CLAS": 2, "ORD_FLOW": 6, "HYBAS_L12": 4121601530.0, "Shape_Length": 0.039225889843272542 }, "geometry": { "type": "Polygon", "coordinates": [ ] } },
{ "type": "Feature", "properties": { "HYRIV_ID": 41403443, "NEXT_DOWN": 41403442, "MAIN_RIV": 41403190, "LENGTH_KM": 2.56, "DIST_DN_KM": 56.8, "DIST_UP_KM": 5.6, "CATCH_SKM": 6.3800001, "UPLAND_SKM": 6.4, "ENDORHEIC": 0, "DIS_AV_CMS": 0.15, "ORD_STRA": 1, "ORD_CLAS": 3, "ORD_FLOW": 7, "HYBAS_L12": 4121601530.0, "Shape_Length": 0.023064724608044582 }, "geometry": { "type": "Polygon", "coordinates": [ ] } },
{ "type": "Feature", "properties": { "HYRIV_ID": 41403444, "NEXT_DOWN": 41403442, "MAIN_RIV": 41403190, "LENGTH_KM": 4.9099998, "DIST_DN_KM": 57.0, "DIST_UP_KM": 17.200001, "CATCH_SKM": 17.24, "UPLAND_SKM": 86.0, "ENDORHEIC": 0, "DIS_AV_CMS": 2.1270001, "ORD_STRA": 2, "ORD_CLAS": 2, "ORD_FLOW": 6, "HYBAS_L12": 4121601530.0, "Shape_Length": 0.044403559372924922 }, "geometry": { "type": "Polygon", "coordinates": [ ] } },
{ "type": "Feature", "properties": { "HYRIV_ID": 41403445, "NEXT_DOWN": 41403444, "MAIN_RIV": 41403190, "LENGTH_KM": 0.69, "DIST_DN_KM": 61.700001, "DIST_UP_KM": 4.0, "CATCH_SKM": 8.0900002, "UPLAND_SKM": 8.1, "ENDORHEIC": 0, "DIS_AV_CMS": 0.196, "ORD_STRA": 1, "ORD_CLAS": 3, "ORD_FLOW": 7, "HYBAS_L12": 4121601530.0, "Shape_Length": 0.0062499999999658939 }, "geometry": { "type": "Polygon", "coordinates": [ ] } },
{ "type": "Feature", "properties": { "HYRIV_ID": 41403446, "NEXT_DOWN": 41403324, "MAIN_RIV": 41403190, "LENGTH_KM": 4.6500001, "DIST_DN_KM": 113.7, "DIST_UP_KM": 23.200001, "CATCH_SKM": 12.77, "UPLAND_SKM": 129.2, "ENDORHEIC": 0, "DIS_AV_CMS": 3.345, "ORD_STRA": 3, "ORD_CLAS": 1, "ORD_FLOW": 6, "HYBAS_L12": 4121157860.0, "Shape_Length": 0.041962782549477537 }, "geometry": { "type": "Polygon", "coordinates": [ ] } },
{ "type": "Feature", "properties": { "HYRIV_ID": 41403447, "NEXT_DOWN": 41403446, "MAIN_RIV": 41403190, "LENGTH_KM": 0.98, "DIST_DN_KM": 118.4, "DIST_UP_KM": 3.3, "CATCH_SKM": 4.6799998, "UPLAND_SKM": 4.7, "ENDORHEIC": 0, "DIS_AV_CMS": 0.117, "ORD_STRA": 1, "ORD_CLAS": 2, "ORD_FLOW": 7, "HYBAS_L12": 4121157860.0, "Shape_Length": 0.0088388347648338528 }, "geometry": { "type": "Polygon", "coordinates": [ ] } },
{ "type": "Feature", "properties": { "HYRIV_ID": 41403454, "NEXT_DOWN": 41403483, "MAIN_RIV": 41403190, "LENGTH_KM": 0.98, "DIST_DN_KM": 14.9, "DIST_UP_KM": 5.4, "CATCH_SKM": 6.81, "UPLAND_SKM": 6.8, "ENDORHEIC": 0, "DIS_AV_CMS": 0.154, "ORD_STRA": 1, "ORD_CLAS": 4, "ORD_FLOW": 7, "HYBAS_L12": 4121157660.0, "Shape_Length": 0.008838834764843902 }, "geometry": { "type": "Polygon", "coordinates": [ ] } },
{ "type": "Feature", "properties": { "HYRIV_ID": 41403455, "NEXT_DOWN": 41403442, "MAIN_RIV": 41403190, "LENGTH_KM": 1.9, "DIST_DN_KM": 56.8, "DIST_UP_KM": 4.9, "CATCH_SKM": 7.02, "UPLAND_SKM": 7.0, "ENDORHEIC": 0, "DIS_AV_CMS": 0.17200001, "ORD_STRA": 1, "ORD_CLAS": 4, "ORD_FLOW": 7, "HYBAS_L12": 4121601530.0, "Shape_Length": 0.017172168098119413 }, "geometry": { "type": "Polygon", "coordinates": [ ] } },
{ "type": "Feature", "properties": { "HYRIV_ID": 41403456, "NEXT_DOWN": 41403380, "MAIN_RIV": 41403190, "LENGTH_KM": 3.34, "DIST_DN_KM": 62.8, "DIST_UP_KM": 18.4, "CATCH_SKM": 7.6599998, "UPLAND_SKM": 98.699997, "ENDORHEIC": 0, "DIS_AV_CMS": 2.4790001, "ORD_STRA": 3, "ORD_CLAS": 2, "ORD_FLOW": 6, "HYBAS_L12": 4121601510.0, "Shape_Length": 0.030177669529652177 }, "geometry": { "type": "Polygon", "coordinates": [ ] } },
{ "type": "Feature", "properties": { "HYRIV_ID": 41403457, "NEXT_DOWN": 41403456, "MAIN_RIV": 41403190, "LENGTH_KM": 3.6, "DIST_DN_KM": 66.0, "DIST_UP_KM": 11.2, "CATCH_SKM": 5.3200002, "UPLAND_SKM": 40.0, "ENDORHEIC": 0, "DIS_AV_CMS": 0.98500001, "ORD_STRA": 2, "ORD_CLAS": 3, "ORD_FLOW": 7, "HYBAS_L12": 4121601510.0, "Shape_Length": 0.03261844635316645 }, "geometry": { "type": "Polygon", "coordinates": [ ] } },
{ "type": "Feature", "properties": { "HYRIV_ID": 41403458, "NEXT_DOWN": 41403418, "MAIN_RIV": 41403190, "LENGTH_KM": 2.4200001, "DIST_DN_KM": 98.699997, "DIST_UP_KM": 38.3, "CATCH_SKM": 3.4, "UPLAND_SKM": 431.39999, "ENDORHEIC": 0, "DIS_AV_CMS": 11.036, "ORD_STRA": 4, "ORD_CLAS": 1, "ORD_FLOW": 5, "HYBAS_L12": 4121157450.0, "Shape_Length": 0.021844336196307039 }, "geometry": { "type": "Polygon", "coordinates": [ ] } },
{ "type": "Feature", "properties": { "HYRIV_ID": 41403459, "NEXT_DOWN": 41403458, "MAIN_RIV": 41403190, "LENGTH_KM": 9.9799995, "DIST_DN_KM": 101.1, "DIST_UP_KM": 11.7, "CATCH_SKM": 28.940001, "UPLAND_SKM": 28.9, "ENDORHEIC": 0, "DIS_AV_CMS": 0.70700002, "ORD_STRA": 1, "ORD_CLAS": 2, "ORD_FLOW": 7, "HYBAS_L12": 4121157450.0, "Shape_Length": 0.090027507157634884 }, "geometry": { "type": "Polygon", "coordinates": [ ] } },
{ "type": "Feature", "properties": { "HYRIV_ID": 41403470, "NEXT_DOWN": 41403257, "MAIN_RIV": 41403190, "LENGTH_KM": 6.5900002, "DIST_DN_KM": 4.3, "DIST_UP_KM": 70.0, "CATCH_SKM": 23.620001, "UPLAND_SKM": 743.40002, "ENDORHEIC": 0, "DIS_AV_CMS": 17.896, "ORD_STRA": 4, "ORD_CLAS": 2, "ORD_FLOW": 5, "HYBAS_L12": 4121157660.0, "Shape_Length": 0.059344336196334946 }, "geometry": { "type": "Polygon", "coordinates": [ ] } },
{ "type": "Feature", "properties": { "HYRIV_ID": 41403471, "NEXT_DOWN": 41403540, "MAIN_RIV": 41403190, "LENGTH_KM": 5.12, "DIST_DN_KM": 107.9, "DIST_UP_KM": 29.0, "CATCH_SKM": 12.55, "UPLAND_SKM": 212.0, "ENDORHEIC": 0, "DIS_AV_CMS": 5.336, "ORD_STRA": 3, "ORD_CLAS": 1, "ORD_FLOW": 6, "HYBAS_L12": 4121157860.0, "Shape_Length": 0.046129449216108551 }, "geometry": { "type": "Polygon", "coordinates": [ ] } },
{ "type": "Feature", "properties": { "HYRIV_ID": 41403483, "NEXT_DOWN": 41403470, "MAIN_RIV": 41403190, "LENGTH_KM": 3.79, "DIST_DN_KM": 10.9, "DIST_UP_KM": 10.7, "CATCH_SKM": 5.96, "UPLAND_SKM": 27.0, "ENDORHEIC": 0, "DIS_AV_CMS": 0.61799997, "ORD_STRA": 2, "ORD_CLAS": 3, "ORD_FLOW": 7, "HYBAS_L12": 4121157660.0, "Shape_Length": 0.034344336196289071 }, "geometry": { "type": "Polygon", "coordinates": [ ] } },
{ "type": "Feature", "properties": { "HYRIV_ID": 41403484, "NEXT_DOWN": 41403483, "MAIN_RIV": 41403190, "LENGTH_KM": 3.2, "DIST_DN_KM": 14.9, "DIST_UP_KM": 6.7, "CATCH_SKM": 14.26, "UPLAND_SKM": 14.3, "ENDORHEIC": 0, "DIS_AV_CMS": 0.32800001, "ORD_STRA": 1, "ORD_CLAS": 3, "ORD_FLOW": 7, "HYBAS_L12": 4121157660.0, "Shape_Length": 0.028957281117924678 }, "geometry": { "type": "Polygon", "coordinates": [ ] } },
{ "type": "Feature", "properties": { "HYRIV_ID": 41403485, "NEXT_DOWN": 41403536, "MAIN_RIV": 41403190, "LENGTH_KM": 2.8800001, "DIST_DN_KM": 39.099998, "DIST_UP_KM": 35.200001, "CATCH_SKM": 10.85, "UPLAND_SKM": 272.39999, "ENDORHEIC": 0, "DIS_AV_CMS": 6.5240002, "ORD_STRA": 3, "ORD_CLAS": 2, "ORD_FLOW": 6, "HYBAS_L12": 4121157820.0, "Shape_Length": 0.026011002862991735 }, "geometry": { "type": "Polygon", "coordinates": [ ] } },
{ "type": "Feature", "properties": { "HYRIV_ID": 41403486, "NEXT_DOWN": 41403458, "MAIN_RIV": 41403190, "LENGTH_KM": 1.12, "DIST_DN_KM": 100.9, "DIST_UP_KM": 36.0, "CATCH_SKM": 2.34, "UPLAND_SKM": 399.10001, "ENDORHEIC": 0, "DIS_AV_CMS": 10.256, "ORD_STRA": 4, "ORD_CLAS": 1, "ORD_FLOW": 5, "HYBAS_L12": 4121157450.0, "Shape_Length": 0.010059223176531202 }, "geometry": { "type": "Polygon", "coordinates": [ ] } },
{ "type": "Feature", "properties": { "HYRIV_ID": 41403487, "NEXT_DOWN": 41403540, "MAIN_RIV": 41403190, "LENGTH_KM": 2.36, "DIST_DN_KM": 107.8, "DIST_UP_KM": 5.0, "CATCH_SKM": 8.9399996, "UPLAND_SKM": 8.9, "ENDORHEIC": 0, "DIS_AV_CMS": 0.226, "ORD_STRA": 1, "ORD_CLAS": 2, "ORD_FLOW": 7, "HYBAS_L12": 4121157860.0, "Shape_Length": 0.021338834764872729 }, "geometry": { "type": "Polygon", "coordinates": [ ] } },
{ "type": "Feature", "properties": { "HYRIV_ID": 41403488, "NEXT_DOWN": 41403446, "MAIN_RIV": 41403190, "LENGTH_KM": 1.39, "DIST_DN_KM": 118.2, "DIST_UP_KM": 18.700001, "CATCH_SKM": 1.92, "UPLAND_SKM": 111.7, "ENDORHEIC": 0, "DIS_AV_CMS": 2.9130001, "ORD_STRA": 3, "ORD_CLAS": 1, "ORD_FLOW": 6, "HYBAS_L12": 4121157860.0, "Shape_Length": 0.01249999999997442 }, "geometry": { "type": "Polygon", "coordinates": [ ] } },
{ "type": "Feature", "properties": { "HYRIV_ID": 41403497, "NEXT_DOWN": 41403470, "MAIN_RIV": 41403190, "LENGTH_KM": 0.93, "DIST_DN_KM": 10.9, "DIST_UP_KM": 63.400002, "CATCH_SKM": 2.1300001, "UPLAND_SKM": 692.70001, "ENDORHEIC": 0, "DIS_AV_CMS": 16.812, "ORD_STRA": 4, "ORD_CLAS": 2, "ORD_FLOW": 5, "HYBAS_L12": 4121157660.0, "Shape_Length": 0.0083333333333257542 }, "geometry": { "type": "Polygon", "coordinates": [ ] } },
{ "type": "Feature", "properties": { "HYRIV_ID": 41403498, "NEXT_DOWN": 41403497, "MAIN_RIV": 41403190, "LENGTH_KM": 0.69, "DIST_DN_KM": 11.8, "DIST_UP_KM": 4.9, "CATCH_SKM": 7.02, "UPLAND_SKM": 7.0, "ENDORHEIC": 0, "DIS_AV_CMS": 0.164, "ORD_STRA": 1, "ORD_CLAS": 3, "ORD_FLOW": 7, "HYBAS_L12": 4121157660.0, "Shape_Length": 0.0062500000000795808 }, "geometry": { "type": "Polygon", "coordinates": [ ] } },
{ "type": "Feature", "properties": { "HYRIV_ID": 41403499, "NEXT_DOWN": 41403647, "MAIN_RIV": 41403190, "LENGTH_KM": 3.2, "DIST_DN_KM": 32.400002, "DIST_UP_KM": 5.5, "CATCH_SKM": 10.43, "UPLAND_SKM": 10.4, "ENDORHEIC": 0, "DIS_AV_CMS": 0.23800001, "ORD_STRA": 1, "ORD_CLAS": 4, "ORD_FLOW": 7, "HYBAS_L12": 4121601590.0, "Shape_Length": 0.028809223176542571 }, "geometry": { "type": "Polygon", "coordinates": [ ] } },
{ "type": "Feature", "properties": { "HYRIV_ID": 41403500, "NEXT_DOWN": 41403647, "MAIN_RIV": 41403190, "LENGTH_KM": 6.8200002, "DIST_DN_KM": 32.400002, "DIST_UP_KM": 10.0, "CATCH_SKM": 26.809999, "UPLAND_SKM": 26.8, "ENDORHEIC": 0, "DIS_AV_CMS": 0.611, "ORD_STRA": 1, "ORD_CLAS": 3, "ORD_FLOW": 7, "HYBAS_L12": 4121601590.0, "Shape_Length": 0.061575727470966679 }, "geometry": { "type": "Polygon", "coordinates": [ ] } },
{ "type": "Feature", "properties": { "HYRIV_ID": 41403501, "NEXT_DOWN": 41403536, "MAIN_RIV": 41403190, "LENGTH_KM": 4.02, "DIST_DN_KM": 39.099998, "DIST_UP_KM": 6.7, "CATCH_SKM": 11.28, "UPLAND_SKM": 11.3, "ENDORHEIC": 0, "DIS_AV_CMS": 0.27, "ORD_STRA": 1, "ORD_CLAS": 3, "ORD_FLOW": 7, "HYBAS_L12": 4121157820.0, "Shape_Length": 0.036427669529658979 }, "geometry": { "type": "Polygon", "coordinates": [ ] } },
{ "type": "Feature", "properties": { "HYRIV_ID": 41403502, "NEXT_DOWN": 41403444, "MAIN_RIV": 41403190, "LENGTH_KM": 3.07, "DIST_DN_KM": 61.900002, "DIST_UP_KM": 12.3, "CATCH_SKM": 8.9399996, "UPLAND_SKM": 60.700001, "ENDORHEIC": 0, "DIS_AV_CMS": 1.522, "ORD_STRA": 2, "ORD_CLAS": 2, "ORD_FLOW": 6, "HYBAS_L12": 4121601530.0, "Shape_Length": 0.027736892706256469 }, "geometry": { "type": "Polygon", "coordinates": [ ] } },
{ "type": "Feature", "properties": { "HYRIV_ID": 41403503, "NEXT_DOWN": 41403488, "MAIN_RIV": 41403190, "LENGTH_KM": 2.03, "DIST_DN_KM": 119.6, "DIST_UP_KM": 10.5, "CATCH_SKM": 3.62, "UPLAND_SKM": 38.3, "ENDORHEIC": 0, "DIS_AV_CMS": 0.98100001, "ORD_STRA": 2, "ORD_CLAS": 2, "ORD_FLOW": 7, "HYBAS_L12": 4121157860.0, "Shape_Length": 0.01839255650992801 }, "geometry": { "type": "Polygon", "coordinates": [ ] } },
{ "type": "Feature", "properties": { "HYRIV_ID": 41403504, "NEXT_DOWN": 41403503, "MAIN_RIV": 41403190, "LENGTH_KM": 1.63, "DIST_DN_KM": 121.8, "DIST_UP_KM": 4.3, "CATCH_SKM": 6.6, "UPLAND_SKM": 6.6, "ENDORHEIC": 0, "DIS_AV_CMS": 0.166, "ORD_STRA": 1, "ORD_CLAS": 3, "ORD_FLOW": 7, "HYBAS_L12": 4121157860.0, "Shape_Length": 0.014731391274646051 }, "geometry": { "type": "Polygon", "coordinates": [ ] } },
{ "type": "Feature", "properties": { "HYRIV_ID": 41403514, "NEXT_DOWN": 41403457, "MAIN_RIV": 41403190, "LENGTH_KM": 5.5100002, "DIST_DN_KM": 69.599998, "DIST_UP_KM": 7.6, "CATCH_SKM": 15.96, "UPLAND_SKM": 16.0, "ENDORHEIC": 0, "DIS_AV_CMS": 0.4, "ORD_STRA": 1, "ORD_CLAS": 3, "ORD_FLOW": 7, "HYBAS_L12": 4121601510.0, "Shape_Length": 0.049790614451227296 }, "geometry": { "type": "Polygon", "coordinates": [ ] } },
{ "type": "Feature", "properties": { "HYRIV_ID": 41403515, "NEXT_DOWN": 41403486, "MAIN_RIV": 41403190, "LENGTH_KM": 1.3, "DIST_DN_KM": 102.2, "DIST_UP_KM": 34.700001, "CATCH_SKM": 1.7, "UPLAND_SKM": 388.0, "ENDORHEIC": 0, "DIS_AV_CMS": 9.9799995, "ORD_STRA": 4, "ORD_CLAS": 1, "ORD_FLOW": 6, "HYBAS_L12": 4121157450.0, "Shape_Length": 0.011785113019755026 }, "geometry": { "type": "Polygon", "coordinates": [ ] } },
{ "type": "Feature", "properties": { "HYRIV_ID": 41403536, "NEXT_DOWN": 41403570, "MAIN_RIV": 41403190, "LENGTH_KM": 2.4200001, "DIST_DN_KM": 36.599998, "DIST_UP_KM": 37.599998, "CATCH_SKM": 4.6799998, "UPLAND_SKM": 288.39999, "ENDORHEIC": 0, "DIS_AV_CMS": 6.8969998, "ORD_STRA": 3, "ORD_CLAS": 2, "ORD_FLOW": 6, "HYBAS_L12": 4121157820.0, "Shape_Length": 0.02184433619637078 }, "geometry": { "type": "Polygon", "coordinates": [ ] } },
{ "type": "Feature", "properties": { "HYRIV_ID": 41403537, "NEXT_DOWN": 41403361, "MAIN_RIV": 41403190, "LENGTH_KM": 5.29, "DIST_DN_KM": 90.0, "DIST_UP_KM": 24.3, "CATCH_SKM": 18.09, "UPLAND_SKM": 142.2, "ENDORHEIC": 0, "DIS_AV_CMS": 3.674, "ORD_STRA": 3, "ORD_CLAS": 2, "ORD_FLOW": 6, "HYBAS_L12": 4121157380.0, "Shape_Length": 0.047559223176541453 }, "geometry": { "type": "Polygon", "coordinates": [ ] } },
{ "type": "Feature", "properties": { "HYRIV_ID": 41403538, "NEXT_DOWN": 41403418, "MAIN_RIV": 41403190, "LENGTH_KM": 4.1300001, "DIST_DN_KM": 98.5, "DIST_UP_KM": 7.3, "CATCH_SKM": 11.07, "UPLAND_SKM": 11.1, "ENDORHEIC": 0, "DIS_AV_CMS": 0.28, "ORD_STRA": 1, "ORD_CLAS": 2, "ORD_FLOW": 7, "HYBAS_L12": 4121157450.0, "Shape_Length": 0.037142556509900906 }, "geometry": { "type": "Polygon", "coordinates": [ ] } },
{ "type": "Feature", "properties": { "HYRIV_ID": 41403539, "NEXT_DOWN": 41403515, "MAIN_RIV": 41403190, "LENGTH_KM": 1.11, "DIST_DN_KM": 103.5, "DIST_UP_KM": 33.400002, "CATCH_SKM": 3.4, "UPLAND_SKM": 234.5, "ENDORHEIC": 0, "DIS_AV_CMS": 5.8969998, "ORD_STRA": 3, "ORD_CLAS": 1, "ORD_FLOW": 6, "HYBAS_L12": 4121157860.0, "Shape_Length": 0.010059223176525613 }, "geometry": { "type": "Polygon", "coordinates": [ ] } },
{ "type": "Feature", "properties": { "HYRIV_ID": 41403540, "NEXT_DOWN": 41403539, "MAIN_RIV": 41403190, "LENGTH_KM": 3.34, "DIST_DN_KM": 104.6, "DIST_UP_KM": 32.3, "CATCH_SKM": 5.1100001, "UPLAND_SKM": 226.0, "ENDORHEIC": 0, "DIS_AV_CMS": 5.6830001, "ORD_STRA": 3, "ORD_CLAS": 1, "ORD_FLOW": 6, "HYBAS_L12": 4121157860.0, "Shape_Length": 0.030177669529696534 }, "geometry": { "type": "Polygon", "coordinates": [ ] } },
{ "type": "Feature", "properties": { "HYRIV_ID": 41403551, "NEXT_DOWN": 41403537, "MAIN_RIV": 41403190, "LENGTH_KM": 1.5700001, "DIST_DN_KM": 95.300003, "DIST_UP_KM": 15.4, "CATCH_SKM": 1.92, "UPLAND_SKM": 48.5, "ENDORHEIC": 0, "DIS_AV_CMS": 1.245, "ORD_STRA": 2, "ORD_CLAS": 3, "ORD_FLOW": 6, "HYBAS_L12": 4121157380.0, "Shape_Length": 0.014225889843328874 }, "geometry": { "type": "Polygon", "coordinates": [ ] } },
{ "type": "Feature", "properties": { "HYRIV_ID": 41403552, "NEXT_DOWN": 41403551, "MAIN_RIV": 41403190, "LENGTH_KM": 1.4400001, "DIST_DN_KM": 96.900002, "DIST_UP_KM": 3.8, "CATCH_SKM": 6.1700001, "UPLAND_SKM": 6.2, "ENDORHEIC": 0, "DIS_AV_CMS": 0.156, "ORD_STRA": 1, "ORD_CLAS": 4, "ORD_FLOW": 7, "HYBAS_L12": 4121157380.0, "Shape_Length": 0.01300550143140659 }, "geometry": { "type": "Polygon", "coordinates": [ ] } },
{ "type": "Feature", "properties": { "HYRIV_ID": 41403553, "NEXT_DOWN": 41403486, "MAIN_RIV": 41403190, "LENGTH_KM": 2.46, "DIST_DN_KM": 102.0, "DIST_UP_KM": 6.5, "CATCH_SKM": 8.7299995, "UPLAND_SKM": 8.7, "ENDORHEIC": 0, "DIS_AV_CMS": 0.223, "ORD_STRA": 1, "ORD_CLAS": 2, "ORD_FLOW": 7, "HYBAS_L12": 4121157450.0, "Shape_Length": 0.022201779686361976 }, "geometry": { "type": "Polygon", "coordinates": [ ] } },
{ "type": "Feature", "properties": { "HYRIV_ID": 41403554, "NEXT_DOWN": 41403539, "MAIN_RIV": 41403190, "LENGTH_KM": 0.98, "DIST_DN_KM": 104.6, "DIST_UP_KM": 3.6, "CATCH_SKM": 5.1100001, "UPLAND_SKM": 5.1, "ENDORHEIC": 0, "DIS_AV_CMS": 0.13, "ORD_STRA": 1, "ORD_CLAS": 2, "ORD_FLOW": 7, "HYBAS_L12": 4121157860.0, "Shape_Length": 0.0088388347648840973 }, "geometry": { "type": "Polygon", "coordinates": [ ] } },
{ "type": "Feature", "properties": { "HYRIV_ID": 41403555, "NEXT_DOWN": 41403503, "MAIN_RIV": 41403190, "LENGTH_KM": 1.77, "DIST_DN_KM": 121.6, "DIST_UP_KM": 8.5, "CATCH_SKM": 2.98, "UPLAND_SKM": 28.1, "ENDORHEIC": 0, "DIS_AV_CMS": 0.72399998, "ORD_STRA": 2, "ORD_CLAS": 2, "ORD_FLOW": 7, "HYBAS_L12": 4121157860.0, "Shape_Length": 0.015951779686443887 }, "geometry": { "type": "Polygon", "coordinates": [ ] } },
{ "type": "Feature", "properties": { "HYRIV_ID": 41403556, "NEXT_DOWN": 41403555, "MAIN_RIV": 41403190, "LENGTH_KM": 0.46, "DIST_DN_KM": 123.4, "DIST_UP_KM": 4.8, "CATCH_SKM": 0.64, "UPLAND_SKM": 13.8, "ENDORHEIC": 0, "DIS_AV_CMS": 0.354, "ORD_STRA": 2, "ORD_CLAS": 3, "ORD_FLOW": 7, "HYBAS_L12": 4121157860.0, "Shape_Length": 0.0041666666666628771 }, "geometry": { "type": "Polygon", "coordinates": [ ] } },
{ "type": "Feature", "properties": { "HYRIV_ID": 41403557, "NEXT_DOWN": 41403556, "MAIN_RIV": 41403190, "LENGTH_KM": 0.98, "DIST_DN_KM": 124.0, "DIST_UP_KM": 2.9, "CATCH_SKM": 4.6799998, "UPLAND_SKM": 4.7, "ENDORHEIC": 0, "DIS_AV_CMS": 0.119, "ORD_STRA": 1, "ORD_CLAS": 4, "ORD_FLOW": 7, "HYBAS_L12": 4121157860.0, "Shape_Length": 0.0088388347648338528 }, "geometry": { "type": "Polygon", "coordinates": [ ] } },
{ "type": "Feature", "properties": { "HYRIV_ID": 41403569, "NEXT_DOWN": 41403648, "MAIN_RIV": 41403190, "LENGTH_KM": 8.3, "DIST_DN_KM": 31.9, "DIST_UP_KM": 11.7, "CATCH_SKM": 23.83, "UPLAND_SKM": 23.8, "ENDORHEIC": 0, "DIS_AV_CMS": 0.551, "ORD_STRA": 1, "ORD_CLAS": 3, "ORD_FLOW": 7, "HYBAS_L12": 4121601590.0, "Shape_Length": 0.074938672392515615 }, "geometry": { "type": "Polygon", "coordinates": [ ] } },
{ "type": "Feature", "properties": { "HYRIV_ID": 41403570, "NEXT_DOWN": 41403648, "MAIN_RIV": 41403190, "LENGTH_KM": 4.52, "DIST_DN_KM": 31.9, "DIST_UP_KM": 42.3, "CATCH_SKM": 12.77, "UPLAND_SKM": 489.10001, "ENDORHEIC": 0, "DIS_AV_CMS": 11.953, "ORD_STRA": 4, "ORD_CLAS": 2, "ORD_FLOW": 5, "HYBAS_L12": 4121601590.0, "Shape_Length": 0.040951779686281477 }, "geometry": { "type": "Polygon", "coordinates": [ ] } },
{ "type": "Feature", "properties": { "HYRIV_ID": 41403571, "NEXT_DOWN": 41403570, "MAIN_RIV": 41403190, "LENGTH_KM": 2.6800001, "DIST_DN_KM": 36.5, "DIST_UP_KM": 28.700001, "CATCH_SKM": 6.1700001, "UPLAND_SKM": 187.89999, "ENDORHEIC": 0, "DIS_AV_CMS": 4.757, "ORD_STRA": 3, "ORD_CLAS": 3, "ORD_FLOW": 6, "HYBAS_L12": 4121157840.0, "Shape_Length": 0.024285113019800499 }, "geometry": { "type": "Polygon", "coordinates": [ ] } },
{ "type": "Feature", "properties": { "HYRIV_ID": 41403572, "NEXT_DOWN": 41403429, "MAIN_RIV": 41403190, "LENGTH_KM": 5.9499998, "DIST_DN_KM": 52.5, "DIST_UP_KM": 17.1, "CATCH_SKM": 14.9, "UPLAND_SKM": 55.5, "ENDORHEIC": 0, "DIS_AV_CMS": 1.386, "ORD_STRA": 2, "ORD_CLAS": 3, "ORD_FLOW": 6, "HYBAS_L12": 4121601530.0, "Shape_Length": 0.053747895569245058 }, "geometry": { "type": "Polygon", "coordinates": [ ] } },
{ "type": "Feature", "properties": { "HYRIV_ID": 41403573, "NEXT_DOWN": 41403502, "MAIN_RIV": 41403190, "LENGTH_KM": 3.99, "DIST_DN_KM": 64.800003, "DIST_UP_KM": 9.5, "CATCH_SKM": 14.47, "UPLAND_SKM": 36.400002, "ENDORHEIC": 0, "DIS_AV_CMS": 0.913, "ORD_STRA": 2, "ORD_CLAS": 2, "ORD_FLOW": 7, "HYBAS_L12": 4121601530.0, "Shape_Length": 0.036070226039455339 }, "geometry": { "type": "Polygon", "coordinates": [ ] } },
{ "type": "Feature", "properties": { "HYRIV_ID": 41403574, "NEXT_DOWN": 41403573, "MAIN_RIV": 41403190, "LENGTH_KM": 1.15, "DIST_DN_KM": 68.800003, "DIST_UP_KM": 4.1, "CATCH_SKM": 13.41, "UPLAND_SKM": 13.4, "ENDORHEIC": 0, "DIS_AV_CMS": 0.339, "ORD_STRA": 1, "ORD_CLAS": 3, "ORD_FLOW": 7, "HYBAS_L12": 4121601530.0, "Shape_Length": 0.010416666666685614 }, "geometry": { "type": "Polygon", "coordinates": [ ] } },
{ "type": "Feature", "properties": { "HYRIV_ID": 41403575, "NEXT_DOWN": 41403133, "MAIN_RIV": 41403190, "LENGTH_KM": 15.01, "DIST_DN_KM": 86.800003, "DIST_UP_KM": 17.9, "CATCH_SKM": 41.07, "UPLAND_SKM": 41.099998, "ENDORHEIC": 0, "DIS_AV_CMS": 1.008, "ORD_STRA": 1, "ORD_CLAS": 2, "ORD_FLOW": 6, "HYBAS_L12": 4121157450.0, "Shape_Length": 0.13529401145199466 }, "geometry": { "type": "Polygon", "coordinates": [ ] } },
{ "type": "Feature", "properties": { "HYRIV_ID": 41403582, "NEXT_DOWN": 41403572, "MAIN_RIV": 41403190, "LENGTH_KM": 3.33, "DIST_DN_KM": 58.599998, "DIST_UP_KM": 10.9, "CATCH_SKM": 7.87, "UPLAND_SKM": 33.599998, "ENDORHEIC": 0, "DIS_AV_CMS": 0.84899998, "ORD_STRA": 2, "ORD_CLAS": 3, "ORD_FLOW": 7, "HYBAS_L12": 4121601530.0, "Shape_Length": 0.03017766952978352 }, "geometry": { "type": "Polygon", "coordinates": [ ] } },
{ "type": "Feature", "properties": { "HYRIV_ID": 41403592, "NEXT_DOWN": 41403582, "MAIN_RIV": 41403190, "LENGTH_KM": 0.98, "DIST_DN_KM": 62.0, "DIST_UP_KM": 3.3, "CATCH_SKM": 4.4699998, "UPLAND_SKM": 4.5, "ENDORHEIC": 0, "DIS_AV_CMS": 0.112, "ORD_STRA": 1, "ORD_CLAS": 4, "ORD_FLOW": 7, "HYBAS_L12": 4121601530.0, "Shape_Length": 0.0088388347647735625 }, "geometry": { "type": "Polygon", "coordinates": [ ] } },
{ "type": "Feature", "properties": { "HYRIV_ID": 41403593, "NEXT_DOWN": 41403515, "MAIN_RIV": 41403190, "LENGTH_KM": 2.51, "DIST_DN_KM": 103.3, "DIST_UP_KM": 26.4, "CATCH_SKM": 6.3800001, "UPLAND_SKM": 151.8, "ENDORHEIC": 0, "DIS_AV_CMS": 4.0450001, "ORD_STRA": 3, "ORD_CLAS": 2, "ORD_FLOW": 6, "HYBAS_L12": 4121157850.0, "Shape_Length": 0.022559223176713196 }, "geometry": { "type": "Polygon", "coordinates": [ ] } },
{ "type": "Feature", "properties": { "HYRIV_ID": 41403594, "NEXT_DOWN": 41403556, "MAIN_RIV": 41403190, "LENGTH_KM": 2.28, "DIST_DN_KM": 124.0, "DIST_UP_KM": 4.2, "CATCH_SKM": 8.5100002, "UPLAND_SKM": 8.5, "ENDORHEIC": 0, "DIS_AV_CMS": 0.219, "ORD_STRA": 1, "ORD_CLAS": 3, "ORD_FLOW": 7, "HYBAS_L12": 4121157860.0, "Shape_Length": 0.020623947784558734 }, "geometry": { "type": "Polygon", "coordinates": [ ] } },
{ "type": "Feature", "properties": { "HYRIV_ID": 41403609, "NEXT_DOWN": 41403571, "MAIN_RIV": 41403190, "LENGTH_KM": 1.77, "DIST_DN_KM": 39.3, "DIST_UP_KM": 25.8, "CATCH_SKM": 6.81, "UPLAND_SKM": 176.0, "ENDORHEIC": 0, "DIS_AV_CMS": 4.4710002, "ORD_STRA": 3, "ORD_CLAS": 3, "ORD_FLOW": 6, "HYBAS_L12": 4121157840.0, "Shape_Length": 0.015951779686448047 }, "geometry": { "type": "Polygon", "coordinates": [ ] } },
{ "type": "Feature", "properties": { "HYRIV_ID": 41403610, "NEXT_DOWN": 41403488, "MAIN_RIV": 41403190, "LENGTH_KM": 4.08, "DIST_DN_KM": 119.6, "DIST_UP_KM": 17.4, "CATCH_SKM": 14.05, "UPLAND_SKM": 71.5, "ENDORHEIC": 0, "DIS_AV_CMS": 1.885, "ORD_STRA": 2, "ORD_CLAS": 1, "ORD_FLOW": 6, "HYBAS_L12": 4121157860.0, "Shape_Length": 0.036785113019776647 }, "geometry": { "type": "Polygon", "coordinates": [ ] } },
{ "type": "Feature", "properties": { "HYRIV_ID": 41403623, "NEXT_DOWN": 41403571, "MAIN_RIV": 41403190, "LENGTH_KM": 2.56, "DIST_DN_KM": 39.099998, "DIST_UP_KM": 4.2, "CATCH_SKM": 5.75, "UPLAND_SKM": 5.7, "ENDORHEIC": 0, "DIS_AV_CMS": 0.142, "ORD_STRA": 1, "ORD_CLAS": 4, "ORD_FLOW": 7, "HYBAS_L12": 4121157840.0, "Shape_Length": 0.023064724608000225 }, "geometry": { "type": "Polygon", "coordinates": [ ] } },
{ "type": "Feature", "properties": { "HYRIV_ID": 41403624, "NEXT_DOWN": 41403609, "MAIN_RIV": 41403190, "LENGTH_KM": 1.5700001, "DIST_DN_KM": 40.900002, "DIST_UP_KM": 24.200001, "CATCH_SKM": 2.77, "UPLAND_SKM": 145.8, "ENDORHEIC": 0, "DIS_AV_CMS": 3.7119999, "ORD_STRA": 3, "ORD_CLAS": 3, "ORD_FLOW": 6, "HYBAS_L12": 4121157840.0, "Shape_Length": 0.014225889843248485 }, "geometry": { "type": "Polygon", "coordinates": [ ] } },
{ "type": "Feature", "properties": { "HYRIV_ID": 41403625, "NEXT_DOWN": 41403624, "MAIN_RIV": 41403190, "LENGTH_KM": 0.69, "DIST_DN_KM": 42.5, "DIST_UP_KM": 3.5, "CATCH_SKM": 5.1100001, "UPLAND_SKM": 5.1, "ENDORHEIC": 0, "DIS_AV_CMS": 0.125, "ORD_STRA": 1, "ORD_CLAS": 4, "ORD_FLOW": 7, "HYBAS_L12": 4121157840.0, "Shape_Length": 0.0062499999999658939 }, "geometry": { "type": "Polygon", "coordinates": [ ] } },
{ "type": "Feature", "properties": { "HYRIV_ID": 41403626, "NEXT_DOWN": 41403572, "MAIN_RIV": 41403190, "LENGTH_KM": 2.46, "DIST_DN_KM": 58.400002, "DIST_UP_KM": 4.3, "CATCH_SKM": 7.02, "UPLAND_SKM": 7.0, "ENDORHEIC": 0, "DIS_AV_CMS": 0.176, "ORD_STRA": 1, "ORD_CLAS": 4, "ORD_FLOW": 7, "HYBAS_L12": 4121601530.0, "Shape_Length": 0.022201779686535236 }, "geometry": { "type": "Polygon", "coordinates": [ ] } },
{ "type": "Feature", "properties": { "HYRIV_ID": 41403627, "NEXT_DOWN": 41403551, "MAIN_RIV": 41403190, "LENGTH_KM": 5.3, "DIST_DN_KM": 97.099998, "DIST_UP_KM": 13.6, "CATCH_SKM": 9.1499996, "UPLAND_SKM": 40.400002, "ENDORHEIC": 0, "DIS_AV_CMS": 1.0420001, "ORD_STRA": 2, "ORD_CLAS": 3, "ORD_FLOW": 6, "HYBAS_L12": 4121157380.0, "Shape_Length": 0.047855339059225996 }, "geometry": { "type": "Polygon", "coordinates": [ ] } },
{ "type": "Feature", "properties": { "HYRIV_ID": 41403628, "NEXT_DOWN": 41403627, "MAIN_RIV": 41403190, "LENGTH_KM": 0.98, "DIST_DN_KM": 102.4, "DIST_UP_KM": 4.3, "CATCH_SKM": 5.5300002, "UPLAND_SKM": 5.5, "ENDORHEIC": 0, "DIS_AV_CMS": 0.141, "ORD_STRA": 1, "ORD_CLAS": 4, "ORD_FLOW": 7, "HYBAS_L12": 4121157380.0, "Shape_Length": 0.0088388347649041941 }, "geometry": { "type": "Polygon", "coordinates": [ ] } },
{ "type": "Feature", "properties": { "HYRIV_ID": 41403631, "NEXT_DOWN": 41403624, "MAIN_RIV": 41403190, "LENGTH_KM": 1.5700001, "DIST_DN_KM": 42.700001, "DIST_UP_KM": 22.5, "CATCH_SKM": 2.98, "UPLAND_SKM": 137.89999, "ENDORHEIC": 0, "DIS_AV_CMS": 3.526, "ORD_STRA": 3, "ORD_CLAS": 3, "ORD_FLOW": 6, "HYBAS_L12": 4121157840.0, "Shape_Length": 0.01422588984320829 }, "geometry": { "type": "Polygon", "coordinates": [ ] } },
{ "type": "Feature", "properties": { "HYRIV_ID": 41403632, "NEXT_DOWN": 41403631, "MAIN_RIV": 41403190, "LENGTH_KM": 5.04, "DIST_DN_KM": 44.0, "DIST_UP_KM": 7.4, "CATCH_SKM": 18.52, "UPLAND_SKM": 18.5, "ENDORHEIC": 0, "DIS_AV_CMS": 0.454, "ORD_STRA": 1, "ORD_CLAS": 4, "ORD_FLOW": 7, "HYBAS_L12": 4121157840.0, "Shape_Length": 0.045623947784609487 }, "geometry": { "type": "Polygon", "coordinates": [ ] } },
{ "type": "Feature", "properties": { "HYRIV_ID": 41403633, "NEXT_DOWN": 41403573, "MAIN_RIV": 41403190, "LENGTH_KM": 2.55, "DIST_DN_KM": 68.800003, "DIST_UP_KM": 5.5, "CATCH_SKM": 8.5100002, "UPLAND_SKM": 8.5, "ENDORHEIC": 0, "DIS_AV_CMS": 0.217, "ORD_STRA": 1, "ORD_CLAS": 2, "ORD_FLOW": 7, "HYBAS_L12": 4121601530.0, "Shape_Length": 0.022916666666674246 }, "geometry": { "type": "Polygon", "coordinates": [ ] } },
{ "type": "Feature", "properties": { "HYRIV_ID": 41403634, "NEXT_DOWN": 41403537, "MAIN_RIV": 41403190, "LENGTH_KM": 3.81, "DIST_DN_KM": 95.5, "DIST_UP_KM": 18.8, "CATCH_SKM": 7.2399998, "UPLAND_SKM": 75.599998, "ENDORHEIC": 0, "DIS_AV_CMS": 1.988, "ORD_STRA": 2, "ORD_CLAS": 2, "ORD_FLOW": 6, "HYBAS_L12": 4121157380.0, "Shape_Length": 0.034344336196385397 }, "geometry": { "type": "Polygon", "coordinates": [ ] } },
{ "type": "Feature", "properties": { "HYRIV_ID": 41403635, "NEXT_DOWN": 41403593, "MAIN_RIV": 41403190, "LENGTH_KM": 1.77, "DIST_DN_KM": 106.0, "DIST_UP_KM": 23.700001, "CATCH_SKM": 2.55, "UPLAND_SKM": 115.6, "ENDORHEIC": 0, "DIS_AV_CMS": 3.1070001, "ORD_STRA": 2, "ORD_CLAS": 2, "ORD_FLOW": 6, "HYBAS_L12": 4121157850.0, "Shape_Length": 0.015951779686337514 }, "geometry": { "type": "Polygon", "coordinates": [ ] } },
{ "type": "Feature", "properties": { "HYRIV_ID": 41403636, "NEXT_DOWN": 41403635, "MAIN_RIV": 41403190, "LENGTH_KM": 0.69, "DIST_DN_KM": 107.6, "DIST_UP_KM": 4.1, "CATCH_SKM": 5.75, "UPLAND_SKM": 5.7, "ENDORHEIC": 0, "DIS_AV_CMS": 0.148, "ORD_STRA": 1, "ORD_CLAS": 3, "ORD_FLOW": 7, "HYBAS_L12": 4121157850.0, "Shape_Length": 0.0062500000000227374 }, "geometry": { "type": "Polygon", "coordinates": [ ] } },
{ "type": "Feature", "properties": { "HYRIV_ID": 41403637, "NEXT_DOWN": 41403610, "MAIN_RIV": 41403190, "LENGTH_KM": 1.4400001, "DIST_DN_KM": 123.7, "DIST_UP_KM": 4.2, "CATCH_SKM": 7.02, "UPLAND_SKM": 7.0, "ENDORHEIC": 0, "DIS_AV_CMS": 0.183, "ORD_STRA": 1, "ORD_CLAS": 2, "ORD_FLOW": 7, "HYBAS_L12": 4121157860.0, "Shape_Length": 0.013005501431506779 }, "geometry": { "type": "Polygon", "coordinates": [ ] } },
{ "type": "Feature", "properties": { "HYRIV_ID": 41403638, "NEXT_DOWN": 41403610, "MAIN_RIV": 41403190, "LENGTH_KM": 1.12, "DIST_DN_KM": 123.8, "DIST_UP_KM": 13.1, "CATCH_SKM": 0.85, "UPLAND_SKM": 50.400002, "ENDORHEIC": 0, "DIS_AV_CMS": 1.344, "ORD_STRA": 2, "ORD_CLAS": 1, "ORD_FLOW": 6, "HYBAS_L12": 4121157860.0, "Shape_Length": 0.010059223176545413 }, "geometry": { "type": "Polygon", "coordinates": [ ] } },
{ "type": "Feature", "properties": { "HYRIV_ID": 41403639, "NEXT_DOWN": 41403638, "MAIN_RIV": 41403190, "LENGTH_KM": 2.09, "DIST_DN_KM": 124.8, "DIST_UP_KM": 4.8, "CATCH_SKM": 6.1700001, "UPLAND_SKM": 6.2, "ENDORHEIC": 0, "DIS_AV_CMS": 0.161, "ORD_STRA": 1, "ORD_CLAS": 2, "ORD_FLOW": 7, "HYBAS_L12": 4121157860.0, "Shape_Length": 0.018898057941365769 }, "geometry": { "type": "Polygon", "coordinates": [ ] } },
{ "type": "Feature", "properties": { "HYRIV_ID": 41403647, "NEXT_DOWN": 41403660, "MAIN_RIV": 41403190, "LENGTH_KM": 6.6900001, "DIST_DN_KM": 25.700001, "DIST_UP_KM": 16.700001, "CATCH_SKM": 17.24, "UPLAND_SKM": 54.5, "ENDORHEIC": 0, "DIS_AV_CMS": 1.257, "ORD_STRA": 2, "ORD_CLAS": 3, "ORD_FLOW": 6, "HYBAS_L12": 4121601590.0, "Shape_Length": 0.060355339059374388 }, "geometry": { "type": "Polygon", "coordinates": [ ] } },
{ "type": "Feature", "properties": { "HYRIV_ID": 41403648, "NEXT_DOWN": 41403660, "MAIN_RIV": 41403190, "LENGTH_KM": 6.21, "DIST_DN_KM": 25.700001, "DIST_UP_KM": 48.5, "CATCH_SKM": 14.26, "UPLAND_SKM": 527.20001, "ENDORHEIC": 0, "DIS_AV_CMS": 12.848, "ORD_STRA": 4, "ORD_CLAS": 2, "ORD_FLOW": 5, "HYBAS_L12": 4121601590.0, "Shape_Length": 0.056188672392766634 }, "geometry": { "type": "Polygon", "coordinates": [ ] } },
{ "type": "Feature", "properties": { "HYRIV_ID": 41403649, "NEXT_DOWN": 41403634, "MAIN_RIV": 41403190, "LENGTH_KM": 2.26, "DIST_DN_KM": 99.099998, "DIST_UP_KM": 5.4, "CATCH_SKM": 6.3800001, "UPLAND_SKM": 6.4, "ENDORHEIC": 0, "DIS_AV_CMS": 0.16500001, "ORD_STRA": 1, "ORD_CLAS": 3, "ORD_FLOW": 7, "HYBAS_L12": 4121157380.0, "Shape_Length": 0.02047588984311419 }, "geometry": { "type": "Polygon", "coordinates": [ ] } },
{ "type": "Feature", "properties": { "HYRIV_ID": 41403658, "NEXT_DOWN": 41403497, "MAIN_RIV": 41403190, "LENGTH_KM": 5.6599998, "DIST_DN_KM": 11.8, "DIST_UP_KM": 62.400002, "CATCH_SKM": 14.69, "UPLAND_SKM": 683.59998, "ENDORHEIC": 0, "DIS_AV_CMS": 16.607, "ORD_STRA": 4, "ORD_CLAS": 2, "ORD_FLOW": 5, "HYBAS_L12": 4121157660.0, "Shape_Length": 0.051011002863017518 }, "geometry": { "type": "Polygon", "coordinates": [ ] } },
{ "type": "Feature", "properties": { "HYRIV_ID": 41403659, "NEXT_DOWN": 41403658, "MAIN_RIV": 41403190, "LENGTH_KM": 0.98, "DIST_DN_KM": 17.700001, "DIST_UP_KM": 4.5, "CATCH_SKM": 4.4699998, "UPLAND_SKM": 4.5, "ENDORHEIC": 0, "DIS_AV_CMS": 0.106, "ORD_STRA": 1, "ORD_CLAS": 3, "ORD_FLOW": 7, "HYBAS_L12": 4121157660.0, "Shape_Length": 0.0088388347648238053 }, "geometry": { "type": "Polygon", "coordinates": [ ] } },
{ "type": "Feature", "properties": { "HYRIV_ID": 41403660, "NEXT_DOWN": 41403674, "MAIN_RIV": 41403190, "LENGTH_KM": 1.11, "DIST_DN_KM": 24.8, "DIST_UP_KM": 49.400002, "CATCH_SKM": 0.85, "UPLAND_SKM": 582.5, "ENDORHEIC": 0, "DIS_AV_CMS": 14.126, "ORD_STRA": 4, "ORD_CLAS": 2, "ORD_FLOW": 5, "HYBAS_L12": 4121601590.0, "Shape_Length": 0.010059223176608859 }, "geometry": { "type": "Polygon", "coordinates": [ ] } },
{ "type": "Feature", "properties": { "HYRIV_ID": 41403661, "NEXT_DOWN": 41403634, "MAIN_RIV": 41403190, "LENGTH_KM": 1.12, "DIST_DN_KM": 99.300003, "DIST_UP_KM": 15.0, "CATCH_SKM": 3.62, "UPLAND_SKM": 61.900002, "ENDORHEIC": 0, "DIS_AV_CMS": 1.645, "ORD_STRA": 2, "ORD_CLAS": 2, "ORD_FLOW": 6, "HYBAS_L12": 4121157380.0, "Shape_Length": 0.010059223176658387 }, "geometry": { "type": "Polygon", "coordinates": [ ] } },
{ "type": "Feature", "properties": { "HYRIV_ID": 41403662, "NEXT_DOWN": 41403627, "MAIN_RIV": 41403190, "LENGTH_KM": 2.6900001, "DIST_DN_KM": 102.4, "DIST_UP_KM": 8.3, "CATCH_SKM": 5.96, "UPLAND_SKM": 25.8, "ENDORHEIC": 0, "DIS_AV_CMS": 0.672, "ORD_STRA": 2, "ORD_CLAS": 3, "ORD_FLOW": 7, "HYBAS_L12": 4121157380.0, "Shape_Length": 0.024285113019843131 }, "geometry": { "type": "Polygon", "coordinates": [ ] } },
{ "type": "Feature", "properties": { "HYRIV_ID": 41403663, "NEXT_DOWN": 41403635, "MAIN_RIV": 41403190, "LENGTH_KM": 1.12, "DIST_DN_KM": 107.6, "DIST_UP_KM": 22.1, "CATCH_SKM": 1.49, "UPLAND_SKM": 107.3, "ENDORHEIC": 0, "DIS_AV_CMS": 2.898, "ORD_STRA": 2, "ORD_CLAS": 2, "ORD_FLOW": 6, "HYBAS_L12": 4121157850.0, "Shape_Length": 0.010059223176561348 }, "geometry": { "type": "Polygon", "coordinates": [ ] } },
{ "type": "Feature", "properties": { "HYRIV_ID": 41403664, "NEXT_DOWN": 41403663, "MAIN_RIV": 41403190, "LENGTH_KM": 0.69, "DIST_DN_KM": 108.7, "DIST_UP_KM": 3.6, "CATCH_SKM": 5.5300002, "UPLAND_SKM": 5.5, "ENDORHEIC": 0, "DIS_AV_CMS": 0.144, "ORD_STRA": 1, "ORD_CLAS": 3, "ORD_FLOW": 7, "HYBAS_L12": 4121157850.0, "Shape_Length": 0.0062500000000227374 }, "geometry": { "type": "Polygon", "coordinates": [ ] } },
{ "type": "Feature", "properties": { "HYRIV_ID": 41403665, "NEXT_DOWN": 41403555, "MAIN_RIV": 41403190, "LENGTH_KM": 4.6, "DIST_DN_KM": 123.4, "DIST_UP_KM": 6.7, "CATCH_SKM": 11.28, "UPLAND_SKM": 11.3, "ENDORHEIC": 0, "DIS_AV_CMS": 0.294, "ORD_STRA": 1, "ORD_CLAS": 2, "ORD_FLOW": 7, "HYBAS_L12": 4121157860.0, "Shape_Length": 0.041457281117913317 }, "geometry": { "type": "Polygon", "coordinates": [ ] } },
{ "type": "Feature", "properties": { "HYRIV_ID": 41403674, "NEXT_DOWN": 41403658, "MAIN_RIV": 41403190, "LENGTH_KM": 7.1300001, "DIST_DN_KM": 17.700001, "DIST_UP_KM": 56.599998, "CATCH_SKM": 23.629999, "UPLAND_SKM": 664.40002, "ENDORHEIC": 0, "DIS_AV_CMS": 16.165001, "ORD_STRA": 4, "ORD_CLAS": 2, "ORD_FLOW": 5, "HYBAS_L12": 4121157660.0, "Shape_Length": 0.06452200572607604 }, "geometry": { "type": "Polygon", "coordinates": [ ] } },
{ "type": "Feature", "properties": { "HYRIV_ID": 41403675, "NEXT_DOWN": 41403674, "MAIN_RIV": 41403190, "LENGTH_KM": 2.49, "DIST_DN_KM": 24.6, "DIST_UP_KM": 16.1, "CATCH_SKM": 3.62, "UPLAND_SKM": 58.3, "ENDORHEIC": 0, "DIS_AV_CMS": 1.4630001, "ORD_STRA": 2, "ORD_CLAS": 3, "ORD_FLOW": 6, "HYBAS_L12": 4121601590.0, "Shape_Length": 0.022559223176500748 }, "geometry": { "type": "Polygon", "coordinates": [ ] } },
{ "type": "Feature", "properties": { "HYRIV_ID": 41403676, "NEXT_DOWN": 41403631, "MAIN_RIV": 41403190, "LENGTH_KM": 1.96, "DIST_DN_KM": 44.200001, "DIST_UP_KM": 20.9, "CATCH_SKM": 3.83, "UPLAND_SKM": 116.4, "ENDORHEIC": 0, "DIS_AV_CMS": 3.0039999, "ORD_STRA": 3, "ORD_CLAS": 3, "ORD_FLOW": 6, "HYBAS_L12": 4121157840.0, "Shape_Length": 0.017677669529707903 }, "geometry": { "type": "Polygon", "coordinates": [ ] } },
{ "type": "Feature", "properties": { "HYRIV_ID": 41403677, "NEXT_DOWN": 41403676, "MAIN_RIV": 41403190, "LENGTH_KM": 3.6, "DIST_DN_KM": 46.0, "DIST_UP_KM": 15.5, "CATCH_SKM": 7.4499998, "UPLAND_SKM": 45.099998, "ENDORHEIC": 0, "DIS_AV_CMS": 1.145, "ORD_STRA": 2, "ORD_CLAS": 4, "ORD_FLOW": 6, "HYBAS_L12": 4121157840.0, "Shape_Length": 0.032618446352989314 }, "geometry": { "type": "Polygon", "coordinates": [ ] } },
{ "type": "Feature", "properties": { "HYRIV_ID": 41403678, "NEXT_DOWN": 41403677, "MAIN_RIV": 41403190, "LENGTH_KM": 1.63, "DIST_DN_KM": 49.8, "DIST_UP_KM": 4.5, "CATCH_SKM": 5.3200002, "UPLAND_SKM": 5.3, "ENDORHEIC": 0, "DIS_AV_CMS": 0.133, "ORD_STRA": 1, "ORD_CLAS": 5, "ORD_FLOW": 7, "HYBAS_L12": 4121157840.0, "Shape_Length": 0.014731391274746536 }, "geometry": { "type": "Polygon", "coordinates": [ ] } },
{ "type": "Feature", "properties": { "HYRIV_ID": 41403679, "NEXT_DOWN": 41403502, "MAIN_RIV": 41403190, "LENGTH_KM": 6.3600001, "DIST_DN_KM": 64.800003, "DIST_UP_KM": 9.1, "CATCH_SKM": 15.32, "UPLAND_SKM": 15.3, "ENDORHEIC": 0, "DIS_AV_CMS": 0.389, "ORD_STRA": 1, "ORD_CLAS": 3, "ORD_FLOW": 7, "HYBAS_L12": 4121601530.0, "Shape_Length": 0.057261002863083901 }, "geometry": { "type": "Polygon", "coordinates": [ ] } },
{ "type": "Feature", "properties": { "HYRIV_ID": 41403680, "NEXT_DOWN": 41403456, "MAIN_RIV": 41403190, "LENGTH_KM": 9.4899998, "DIST_DN_KM": 66.199997, "DIST_UP_KM": 15.1, "CATCH_SKM": 30.01, "UPLAND_SKM": 51.099998, "ENDORHEIC": 0, "DIS_AV_CMS": 1.309, "ORD_STRA": 2, "ORD_CLAS": 2, "ORD_FLOW": 6, "HYBAS_L12": 4121601510.0, "Shape_Length": 0.085651454942214933 }, "geometry": { "type": "Polygon", "coordinates": [ ] } },
{ "type": "Feature", "properties": { "HYRIV_ID": 41403681, "NEXT_DOWN": 41403680, "MAIN_RIV": 41403190, "LENGTH_KM": 0.69, "DIST_DN_KM": 75.5, "DIST_UP_KM": 3.8, "CATCH_SKM": 5.3200002, "UPLAND_SKM": 5.3, "ENDORHEIC": 0, "DIS_AV_CMS": 0.137, "ORD_STRA": 1, "ORD_CLAS": 3, "ORD_FLOW": 7, "HYBAS_L12": 4121601510.0, "Shape_Length": 0.0062499999999090505 }, "geometry": { "type": "Polygon", "coordinates": [ ] } },
{ "type": "Feature", "properties": { "HYRIV_ID": 41403682, "NEXT_DOWN": 41403662, "MAIN_RIV": 41403190, "LENGTH_KM": 2.82, "DIST_DN_KM": 104.9, "DIST_UP_KM": 5.8, "CATCH_SKM": 13.2, "UPLAND_SKM": 13.2, "ENDORHEIC": 0, "DIS_AV_CMS": 0.345, "ORD_STRA": 1, "ORD_CLAS": 3, "ORD_FLOW": 7, "HYBAS_L12": 4121157380.0, "Shape_Length": 0.025505501431455215 }, "geometry": { "type": "Polygon", "coordinates": [ ] } },
{ "type": "Feature", "properties": { "HYRIV_ID": 41403683, "NEXT_DOWN": 41403593, "MAIN_RIV": 41403190, "LENGTH_KM": 3.35, "DIST_DN_KM": 106.0, "DIST_UP_KM": 11.9, "CATCH_SKM": 6.1700001, "UPLAND_SKM": 29.8, "ENDORHEIC": 0, "DIS_AV_CMS": 0.78399998, "ORD_STRA": 2, "ORD_CLAS": 3, "ORD_FLOW": 7, "HYBAS_L12": 4121157850.0, "Shape_Length": 0.03017766952976271 }, "geometry": { "type": "Polygon", "coordinates": [ ] } },
{ "type": "Feature", "properties": { "HYRIV_ID": 41403684, "NEXT_DOWN": 41403683, "MAIN_RIV": 41403190, "LENGTH_KM": 0.69, "DIST_DN_KM": 109.2, "DIST_UP_KM": 3.4, "CATCH_SKM": 4.04, "UPLAND_SKM": 4.0, "ENDORHEIC": 0, "DIS_AV_CMS": 0.107, "ORD_STRA": 1, "ORD_CLAS": 4, "ORD_FLOW": 7, "HYBAS_L12": 4121157850.0, "Shape_Length": 0.0062500000000227374 }, "geometry": { "type": "Polygon", "coordinates": [ ] } },
{ "type": "Feature", "properties": { "HYRIV_ID": 41403702, "NEXT_DOWN": 41403582, "MAIN_RIV": 41403190, "LENGTH_KM": 4.7, "DIST_DN_KM": 61.8, "DIST_UP_KM": 7.8, "CATCH_SKM": 21.280001, "UPLAND_SKM": 21.3, "ENDORHEIC": 0, "DIS_AV_CMS": 0.54400003, "ORD_STRA": 1, "ORD_CLAS": 3, "ORD_FLOW": 7, "HYBAS_L12": 4121601530.0, "Shape_Length": 0.042320226039508933 }, "geometry": { "type": "Polygon", "coordinates": [ ] } },
{ "type": "Feature", "properties": { "HYRIV_ID": 41403703, "NEXT_DOWN": 41403638, "MAIN_RIV": 41403190, "LENGTH_KM": 1.85, "DIST_DN_KM": 124.8, "DIST_UP_KM": 12.2, "CATCH_SKM": 4.6799998, "UPLAND_SKM": 43.400002, "ENDORHEIC": 0, "DIS_AV_CMS": 1.161, "ORD_STRA": 2, "ORD_CLAS": 1, "ORD_FLOW": 6, "HYBAS_L12": 4121157860.0, "Shape_Length": 0.016666666666665719 }, "geometry": { "type": "Polygon", "coordinates": [ ] } },
{ "type": "Feature", "properties": { "HYRIV_ID": 41403729, "NEXT_DOWN": 41403675, "MAIN_RIV": 41403190, "LENGTH_KM": 1.91, "DIST_DN_KM": 27.1, "DIST_UP_KM": 4.1, "CATCH_SKM": 7.2399998, "UPLAND_SKM": 7.2, "ENDORHEIC": 0, "DIS_AV_CMS": 0.182, "ORD_STRA": 1, "ORD_CLAS": 4, "ORD_FLOW": 7, "HYBAS_L12": 4121601590.0, "Shape_Length": 0.017172168098185593 }, "geometry": { "type": "Polygon", "coordinates": [ ] } },
{ "type": "Feature", "properties": { "HYRIV_ID": 41403730, "NEXT_DOWN": 41403677, "MAIN_RIV": 41403190, "LENGTH_KM": 2.23, "DIST_DN_KM": 49.8, "DIST_UP_KM": 11.7, "CATCH_SKM": 5.5300002, "UPLAND_SKM": 32.400002, "ENDORHEIC": 0, "DIS_AV_CMS": 0.83, "ORD_STRA": 2, "ORD_CLAS": 4, "ORD_FLOW": 7, "HYBAS_L12": 4121157840.0, "Shape_Length": 0.020118446353080778 }, "geometry": { "type": "Polygon", "coordinates": [ ] } },
{ "type": "Feature", "properties": { "HYRIV_ID": 41403731, "NEXT_DOWN": 41403730, "MAIN_RIV": 41403190, "LENGTH_KM": 1.8, "DIST_DN_KM": 51.8, "DIST_UP_KM": 4.0, "CATCH_SKM": 5.1100001, "UPLAND_SKM": 5.1, "ENDORHEIC": 0, "DIS_AV_CMS": 0.13, "ORD_STRA": 1, "ORD_CLAS": 5, "ORD_FLOW": 7, "HYBAS_L12": 4121157840.0, "Shape_Length": 0.016309223176511307 }, "geometry": { "type": "Polygon", "coordinates": [ ] } },
{ "type": "Feature", "properties": { "HYRIV_ID": 41403732, "NEXT_DOWN": 41403662, "MAIN_RIV": 41403190, "LENGTH_KM": 2.08, "DIST_DN_KM": 104.9, "DIST_UP_KM": 4.3, "CATCH_SKM": 6.6, "UPLAND_SKM": 6.6, "ENDORHEIC": 0, "DIS_AV_CMS": 0.174, "ORD_STRA": 1, "ORD_CLAS": 4, "ORD_FLOW": 7, "HYBAS_L12": 4121157380.0, "Shape_Length": 0.018750000000011369 }, "geometry": { "type": "Polygon", "coordinates": [ ] } },
{ "type": "Feature", "properties": { "HYRIV_ID": 41403733, "NEXT_DOWN": 41403703, "MAIN_RIV": 41403190, "LENGTH_KM": 1.4400001, "DIST_DN_KM": 126.6, "DIST_UP_KM": 3.3, "CATCH_SKM": 5.75, "UPLAND_SKM": 5.7, "ENDORHEIC": 0, "DIS_AV_CMS": 0.152, "ORD_STRA": 1, "ORD_CLAS": 2, "ORD_FLOW": 7, "HYBAS_L12": 4121157860.0, "Shape_Length": 0.013005501431536925 }, "geometry": { "type": "Polygon", "coordinates": [ ] } },
{ "type": "Feature", "properties": { "HYRIV_ID": 41403746, "NEXT_DOWN": 41403675, "MAIN_RIV": 41403190, "LENGTH_KM": 7.6, "DIST_DN_KM": 27.1, "DIST_UP_KM": 13.6, "CATCH_SKM": 25.969999, "UPLAND_SKM": 47.5, "ENDORHEIC": 0, "DIS_AV_CMS": 1.193, "ORD_STRA": 2, "ORD_CLAS": 3, "ORD_FLOW": 6, "HYBAS_L12": 4121601590.0, "Shape_Length": 0.068688672392618624 }, "geometry": { "type": "Polygon", "coordinates": [ ] } },
{ "type": "Feature", "properties": { "HYRIV_ID": 41403747, "NEXT_DOWN": 41403746, "MAIN_RIV": 41403190, "LENGTH_KM": 1.34, "DIST_DN_KM": 34.900002, "DIST_UP_KM": 3.6, "CATCH_SKM": 6.81, "UPLAND_SKM": 6.8, "ENDORHEIC": 0, "DIS_AV_CMS": 0.17, "ORD_STRA": 1, "ORD_CLAS": 4, "ORD_FLOW": 7, "HYBAS_L12": 4121601590.0, "Shape_Length": 0.012142556509982215 }, "geometry": { "type": "Polygon", "coordinates": [ ] } },
{ "type": "Feature", "properties": { "HYRIV_ID": 41403748, "NEXT_DOWN": 41403609, "MAIN_RIV": 41403190, "LENGTH_KM": 5.12, "DIST_DN_KM": 41.099998, "DIST_UP_KM": 8.7, "CATCH_SKM": 12.77, "UPLAND_SKM": 23.4, "ENDORHEIC": 0, "DIS_AV_CMS": 0.593, "ORD_STRA": 2, "ORD_CLAS": 4, "ORD_FLOW": 7, "HYBAS_L12": 4121157840.0, "Shape_Length": 0.046129449216142857 }, "geometry": { "type": "Polygon", "coordinates": [ ] } },
{ "type": "Feature", "properties": { "HYRIV_ID": 41403749, "NEXT_DOWN": 41403748, "MAIN_RIV": 41403190, "LENGTH_KM": 0.69, "DIST_DN_KM": 46.0, "DIST_UP_KM": 3.8, "CATCH_SKM": 5.1100001, "UPLAND_SKM": 5.1, "ENDORHEIC": 0, "DIS_AV_CMS": 0.131, "ORD_STRA": 1, "ORD_CLAS": 4, "ORD_FLOW": 7, "HYBAS_L12": 4121157840.0, "Shape_Length": 0.0062499999999658939 }, "geometry": { "type": "Polygon", "coordinates": [ ] } },
{ "type": "Feature", "properties": { "HYRIV_ID": 41403751, "NEXT_DOWN": 41403663, "MAIN_RIV": 41403190, "LENGTH_KM": 2.51, "DIST_DN_KM": 108.7, "DIST_UP_KM": 21.0, "CATCH_SKM": 6.81, "UPLAND_SKM": 100.3, "ENDORHEIC": 0, "DIS_AV_CMS": 2.7179999, "ORD_STRA": 2, "ORD_CLAS": 2, "ORD_FLOW": 6, "HYBAS_L12": 4121157850.0, "Shape_Length": 0.022559223176552418 }, "geometry": { "type": "Polygon", "coordinates": [ ] } },
{ "type": "Feature", "properties": { "HYRIV_ID": 41403752, "NEXT_DOWN": 41403751, "MAIN_RIV": 41403190, "LENGTH_KM": 0.69, "DIST_DN_KM": 111.2, "DIST_UP_KM": 3.1, "CATCH_SKM": 4.2600002, "UPLAND_SKM": 4.3, "ENDORHEIC": 0, "DIS_AV_CMS": 0.112, "ORD_STRA": 1, "ORD_CLAS": 4, "ORD_FLOW": 7, "HYBAS_L12": 4121157850.0, "Shape_Length": 0.0062500000000227374 }, "geometry": { "type": "Polygon", "coordinates": [ ] } },
{ "type": "Feature", "properties": { "HYRIV_ID": 41403768, "NEXT_DOWN": 41403748, "MAIN_RIV": 41403190, "LENGTH_KM": 0.69, "DIST_DN_KM": 46.0, "DIST_UP_KM": 3.5, "CATCH_SKM": 5.5300002, "UPLAND_SKM": 5.5, "ENDORHEIC": 0, "DIS_AV_CMS": 0.14300001, "ORD_STRA": 1, "ORD_CLAS": 5, "ORD_FLOW": 7, "HYBAS_L12": 4121157840.0, "Shape_Length": 0.0062499999999943157 }, "geometry": { "type": "Polygon", "coordinates": [ ] } },
{ "type": "Feature", "properties": { "HYRIV_ID": 41403785, "NEXT_DOWN": 41403680, "MAIN_RIV": 41403190, "LENGTH_KM": 3.58, "DIST_DN_KM": 75.699997, "DIST_UP_KM": 5.6, "CATCH_SKM": 15.75, "UPLAND_SKM": 15.8, "ENDORHEIC": 0, "DIS_AV_CMS": 0.415, "ORD_STRA": 1, "ORD_CLAS": 2, "ORD_FLOW": 7, "HYBAS_L12": 4121601510.0, "Shape_Length": 0.032261002862986055 }, "geometry": { "type": "Polygon", "coordinates": [ ] } },
{ "type": "Feature", "properties": { "HYRIV_ID": 41403786, "NEXT_DOWN": 41403661, "MAIN_RIV": 41403190, "LENGTH_KM": 4.46, "DIST_DN_KM": 100.3, "DIST_UP_KM": 14.1, "CATCH_SKM": 9.37, "UPLAND_SKM": 43.200001, "ENDORHEIC": 0, "DIS_AV_CMS": 1.151, "ORD_STRA": 2, "ORD_CLAS": 2, "ORD_FLOW": 6, "HYBAS_L12": 4121157380.0, "Shape_Length": 0.040236892706252712 }, "geometry": { "type": "Polygon", "coordinates": [ ] } },
{ "type": "Feature", "properties": { "HYRIV_ID": 41403787, "NEXT_DOWN": 41403786, "MAIN_RIV": 41403190, "LENGTH_KM": 1.15, "DIST_DN_KM": 104.7, "DIST_UP_KM": 3.8, "CATCH_SKM": 6.1700001, "UPLAND_SKM": 6.2, "ENDORHEIC": 0, "DIS_AV_CMS": 0.163, "ORD_STRA": 1, "ORD_CLAS": 3, "ORD_FLOW": 7, "HYBAS_L12": 4121157380.0, "Shape_Length": 0.010416666666685614 }, "geometry": { "type": "Polygon", "coordinates": [ ] } },
{ "type": "Feature", "properties": { "HYRIV_ID": 41403808, "NEXT_DOWN": 41403746, "MAIN_RIV": 41403190, "LENGTH_KM": 3.56, "DIST_DN_KM": 34.900002, "DIST_UP_KM": 5.8, "CATCH_SKM": 14.69, "UPLAND_SKM": 14.7, "ENDORHEIC": 0, "DIS_AV_CMS": 0.376, "ORD_STRA": 1, "ORD_CLAS": 3, "ORD_FLOW": 7, "HYBAS_L12": 4121601590.0, "Shape_Length": 0.032261002862939259 }, "geometry": { "type": "Polygon", "coordinates": [ ] } },
{ "type": "Feature", "properties": { "HYRIV_ID": 41403810, "NEXT_DOWN": 41403703, "MAIN_RIV": 41403190, "LENGTH_KM": 3.1600001, "DIST_DN_KM": 126.8, "DIST_UP_KM": 10.1, "CATCH_SKM": 6.81, "UPLAND_SKM": 33.0, "ENDORHEIC": 0, "DIS_AV_CMS": 0.88599998, "ORD_STRA": 2, "ORD_CLAS": 1, "ORD_FLOW": 7, "HYBAS_L12": 4121157860.0, "Shape_Length": 0.028451779686497682 }, "geometry": { "type": "Polygon", "coordinates": [ ] } },
{ "type": "Feature", "properties": { "HYRIV_ID": 41403820, "NEXT_DOWN": 41403730, "MAIN_RIV": 41403190, "LENGTH_KM": 6.4499998, "DIST_DN_KM": 52.0, "DIST_UP_KM": 9.4, "CATCH_SKM": 21.709999, "UPLAND_SKM": 21.700001, "ENDORHEIC": 0, "DIS_AV_CMS": 0.561, "ORD_STRA": 1, "ORD_CLAS": 4, "ORD_FLOW": 7, "HYBAS_L12": 4121157840.0, "Shape_Length": 0.058272005725993725 }, "geometry": { "type": "Polygon", "coordinates": [ ] } },
{ "type": "Feature", "properties": { "HYRIV_ID": 41403821, "NEXT_DOWN": 41403810, "MAIN_RIV": 41403190, "LENGTH_KM": 1.4400001, "DIST_DN_KM": 129.8, "DIST_UP_KM": 3.8, "CATCH_SKM": 8.3, "UPLAND_SKM": 8.3, "ENDORHEIC": 0, "DIS_AV_CMS": 0.222, "ORD_STRA": 1, "ORD_CLAS": 2, "ORD_FLOW": 7, "HYBAS_L12": 4121157860.0, "Shape_Length": 0.013005501431456536 }, "geometry": { "type": "Polygon", "coordinates": [ ] } },
{ "type": "Feature", "properties": { "HYRIV_ID": 41403842, "NEXT_DOWN": 41403676, "MAIN_RIV": 41403190, "LENGTH_KM": 6.6100001, "DIST_DN_KM": 46.0, "DIST_UP_KM": 19.1, "CATCH_SKM": 19.370001, "UPLAND_SKM": 67.5, "ENDORHEIC": 0, "DIS_AV_CMS": 1.768, "ORD_STRA": 2, "ORD_CLAS": 3, "ORD_FLOW": 6, "HYBAS_L12": 4121157840.0, "Shape_Length": 0.05964045207898061 }, "geometry": { "type": "Polygon", "coordinates": [ ] } },
{ "type": "Feature", "properties": { "HYRIV_ID": 41403843, "NEXT_DOWN": 41403661, "MAIN_RIV": 41403190, "LENGTH_KM": 5.33, "DIST_DN_KM": 100.3, "DIST_UP_KM": 8.0, "CATCH_SKM": 15.11, "UPLAND_SKM": 15.1, "ENDORHEIC": 0, "DIS_AV_CMS": 0.40200001, "ORD_STRA": 1, "ORD_CLAS": 3, "ORD_FLOW": 7, "HYBAS_L12": 4121157380.0, "Shape_Length": 0.047916666666651508 }, "geometry": { "type": "Polygon", "coordinates": [ ] } },
{ "type": "Feature", "properties": { "HYRIV_ID": 41403844, "NEXT_DOWN": 41403683, "MAIN_RIV": 41403190, "LENGTH_KM": 5.62, "DIST_DN_KM": 109.2, "DIST_UP_KM": 8.7, "CATCH_SKM": 19.58, "UPLAND_SKM": 19.6, "ENDORHEIC": 0, "DIS_AV_CMS": 0.52, "ORD_STRA": 1, "ORD_CLAS": 3, "ORD_FLOW": 7, "HYBAS_L12": 4121157850.0, "Shape_Length": 0.050653559372642758 }, "geometry": { "type": "Polygon", "coordinates": [ ] } },
{ "type": "Feature", "properties": { "HYRIV_ID": 41403854, "NEXT_DOWN": 41403786, "MAIN_RIV": 41403190, "LENGTH_KM": 2.6900001, "DIST_DN_KM": 104.7, "DIST_UP_KM": 9.6, "CATCH_SKM": 5.96, "UPLAND_SKM": 27.700001, "ENDORHEIC": 0, "DIS_AV_CMS": 0.74699998, "ORD_STRA": 2, "ORD_CLAS": 2, "ORD_FLOW": 7, "HYBAS_L12": 4121157380.0, "Shape_Length": 0.024285113019716958 }, "geometry": { "type": "Polygon", "coordinates": [ ] } },
{ "type": "Feature", "properties": { "HYRIV_ID": 41403855, "NEXT_DOWN": 41403854, "MAIN_RIV": 41403190, "LENGTH_KM": 0.69, "DIST_DN_KM": 107.4, "DIST_UP_KM": 3.7, "CATCH_SKM": 4.04, "UPLAND_SKM": 4.0, "ENDORHEIC": 0, "DIS_AV_CMS": 0.108, "ORD_STRA": 1, "ORD_CLAS": 3, "ORD_FLOW": 7, "HYBAS_L12": 4121157380.0, "Shape_Length": 0.0062500000000795808 }, "geometry": { "type": "Polygon", "coordinates": [ ] } },
{ "type": "Feature", "properties": { "HYRIV_ID": 41403868, "NEXT_DOWN": 41403842, "MAIN_RIV": 41403190, "LENGTH_KM": 1.63, "DIST_DN_KM": 52.8, "DIST_UP_KM": 4.2, "CATCH_SKM": 6.1700001, "UPLAND_SKM": 6.2, "ENDORHEIC": 0, "DIS_AV_CMS": 0.164, "ORD_STRA": 1, "ORD_CLAS": 4, "ORD_FLOW": 7, "HYBAS_L12": 4121157840.0, "Shape_Length": 0.014731391274796779 }, "geometry": { "type": "Polygon", "coordinates": [ ] } },
{ "type": "Feature", "properties": { "HYRIV_ID": 41403888, "NEXT_DOWN": 41403810, "MAIN_RIV": 41403190, "LENGTH_KM": 4.6799998, "DIST_DN_KM": 129.8, "DIST_UP_KM": 7.1, "CATCH_SKM": 17.879999, "UPLAND_SKM": 17.9, "ENDORHEIC": 0, "DIS_AV_CMS": 0.484, "ORD_STRA": 1, "ORD_CLAS": 1, "ORD_FLOW": 7, "HYBAS_L12": 4121157860.0, "Shape_Length": 0.042320226039490559 }, "geometry": { "type": "Polygon", "coordinates": [ ] } },
{ "type": "Feature", "properties": { "HYRIV_ID": 41403900, "NEXT_DOWN": 41403854, "MAIN_RIV": 41403190, "LENGTH_KM": 4.1300001, "DIST_DN_KM": 107.6, "DIST_UP_KM": 6.8, "CATCH_SKM": 17.67, "UPLAND_SKM": 17.700001, "ENDORHEIC": 0, "DIS_AV_CMS": 0.48, "ORD_STRA": 1, "ORD_CLAS": 2, "ORD_FLOW": 7, "HYBAS_L12": 4121157380.0, "Shape_Length": 0.037290614451310732 }, "geometry": { "type": "Polygon", "coordinates": [ ] } },
{ "type": "Feature", "properties": { "HYRIV_ID": 41403915, "NEXT_DOWN": 41403842, "MAIN_RIV": 41403190, "LENGTH_KM": 6.29, "DIST_DN_KM": 52.599998, "DIST_UP_KM": 12.5, "CATCH_SKM": 18.73, "UPLAND_SKM": 41.900002, "ENDORHEIC": 0, "DIS_AV_CMS": 1.114, "ORD_STRA": 2, "ORD_CLAS": 3, "ORD_FLOW": 6, "HYBAS_L12": 4121157840.0, "Shape_Length": 0.056903559372879248 }, "geometry": { "type": "Polygon", "coordinates": [ ] } },
{ "type": "Feature", "properties": { "HYRIV_ID": 41403916, "NEXT_DOWN": 41403915, "MAIN_RIV": 41403190, "LENGTH_KM": 4.1300001, "DIST_DN_KM": 58.900002, "DIST_UP_KM": 6.2, "CATCH_SKM": 18.73, "UPLAND_SKM": 18.700001, "ENDORHEIC": 0, "DIS_AV_CMS": 0.49900001, "ORD_STRA": 1, "ORD_CLAS": 3, "ORD_FLOW": 7, "HYBAS_L12": 4121157840.0, "Shape_Length": 0.037290614451252875 }, "geometry": { "type": "Polygon", "coordinates": [ ] } },
{ "type": "Feature", "properties": { "HYRIV_ID": 41403928, "NEXT_DOWN": 41403915, "MAIN_RIV": 41403190, "LENGTH_KM": 0.69, "DIST_DN_KM": 58.900002, "DIST_UP_KM": 3.3, "CATCH_SKM": 4.4699998, "UPLAND_SKM": 4.5, "ENDORHEIC": 0, "DIS_AV_CMS": 0.122, "ORD_STRA": 1, "ORD_CLAS": 4, "ORD_FLOW": 7, "HYBAS_L12": 4121157840.0, "Shape_Length": 0.0062499999999943157 }, "geometry": { "type": "Polygon", "coordinates": [ ] } },
{ "type": "Feature", "properties": { "HYRIV_ID": 41403946, "NEXT_DOWN": 41403751, "MAIN_RIV": 41403190, "LENGTH_KM": 6.7800002, "DIST_DN_KM": 111.2, "DIST_UP_KM": 18.5, "CATCH_SKM": 14.69, "UPLAND_SKM": 49.400002, "ENDORHEIC": 0, "DIS_AV_CMS": 1.357, "ORD_STRA": 2, "ORD_CLAS": 2, "ORD_FLOW": 6, "HYBAS_L12": 4121157850.0, "Shape_Length": 0.061070226039516139 }, "geometry": { "type": "Polygon", "coordinates": [ ] } },
{ "type": "Feature", "properties": { "HYRIV_ID": 41403956, "NEXT_DOWN": 41403946, "MAIN_RIV": 41403190, "LENGTH_KM": 0.69, "DIST_DN_KM": 118.0, "DIST_UP_KM": 3.8, "CATCH_SKM": 5.1100001, "UPLAND_SKM": 5.1, "ENDORHEIC": 0, "DIS_AV_CMS": 0.142, "ORD_STRA": 1, "ORD_CLAS": 3, "ORD_FLOW": 7, "HYBAS_L12": 4121157850.0, "Shape_Length": 0.0062499999999943157 }, "geometry": { "type": "Polygon", "coordinates": [ ] } },
{ "type": "Feature", "properties": { "HYRIV_ID": 41403987, "NEXT_DOWN": 41403751, "MAIN_RIV": 41403190, "LENGTH_KM": 11.47, "DIST_DN_KM": 111.4, "DIST_UP_KM": 13.6, "CATCH_SKM": 39.810001, "UPLAND_SKM": 39.8, "ENDORHEIC": 0, "DIS_AV_CMS": 1.077, "ORD_STRA": 1, "ORD_CLAS": 3, "ORD_FLOW": 6, "HYBAS_L12": 4121157850.0, "Shape_Length": 0.10353851002046402 }, "geometry": { "type": "Polygon", "coordinates": [ ] } },
{ "type": "Feature", "properties": { "HYRIV_ID": 41404113, "NEXT_DOWN": 41403946, "MAIN_RIV": 41403190, "LENGTH_KM": 9.6099997, "DIST_DN_KM": 118.2, "DIST_UP_KM": 11.5, "CATCH_SKM": 29.59, "UPLAND_SKM": 29.6, "ENDORHEIC": 0, "DIS_AV_CMS": 0.82700002, "ORD_STRA": 1, "ORD_CLAS": 2, "ORD_FLOW": 7, "HYBAS_L12": 4121157850.0, "Shape_Length": 0.086871843353806627 }, "geometry": { "type": "Polygon", "coordinates": [ ] } }
]
}
