{
"type": "FeatureCollection",
"name": "main_river_41404427",
"crs": { "type": "name", "properties": { "name": "urn:ogc:def:crs:OGC:1.3:CRS84" } },
"features": [
{ "type": "Feature", "properties": { "HYRIV_ID": 41403750, "NEXT_DOWN": 41403869, "MAIN_RIV": 41404427, "LENGTH_KM": 1.4400001, "DIST_DN_KM": 62.8, "DIST_UP_KM": 4.2, "CATCH_SKM": 6.3800001, "UPLAND_SKM": 6.4, "ENDORHEIC": 0, "DIS_AV_CMS": 0.16500001, "ORD_STRA": 1, "ORD_CLAS": 3, "ORD_FLOW": 7, "HYBAS_L12": 4121158060.0, "Shape_Length": 0.013005501431575396 }, "geometry": { "type": "MultiLineString", "coordinates": [ [ [ 80.229166666666373, 7.458333333333222 ], [ 80.222916666666293, 7.452083333333228 ], [ 80.222916666666293, 7.447916666666536 ] ] ] } },
{ "type": "Feature", "properties": { "HYRIV_ID": 41403809, "NEXT_DOWN": 41403869, "MAIN_RIV": 41404427, "LENGTH_KM": 3.3800001, "DIST_DN_KM": 62.8, "DIST_UP_KM": 6.4, "CATCH_SKM": 16.18, "UPLAND_SKM": 16.200001, "ENDORHEIC": 0, "DIS_AV_CMS": 0.428, "ORD_STRA": 1, "ORD_CLAS": 2, "ORD_FLOW": 7, "HYBAS_L12": 4121158060.0, "Shape_Length": 0.030535113019774004 }, "geometry": { "type": "MultiLineString", "coordinates": [ [ [ 80.243749999999665, 7.433333333333231 ], [ 80.243749999999665, 7.439583333333211 ], [ 80.239583333332945, 7.44375 ], [ 80.235416666666282, 7.44375 ], [ 80.231249999999619, 7.447916666666536 ], [ 80.222916666666293, 7.447916666666536 ] ] ] } },
{ "type": "Feature", "properties": { "HYRIV_ID": 41403869, "NEXT_DOWN": 41403886, "MAIN_RIV": 41404427, "LENGTH_KM": 4.08, "DIST_DN_KM": 58.700001, "DIST_UP_KM": 10.5, "CATCH_SKM": 14.9, "UPLAND_SKM": 37.5, "ENDORHEIC": 0, "DIS_AV_CMS": 0.982, "ORD_STRA": 2, "ORD_CLAS": 2, "ORD_FLOW": 7, "HYBAS_L12": 4121158060.0, "Shape_Length": 0.036785113019785681 }, "geometry": { "type": "MultiLineString", "coordinates": [ [ [ 80.222916666666293, 7.447916666666536 ], [ 80.218749999999631, 7.44375 ], [ 80.218749999999631, 7.422916666666531 ], [ 80.214583333332968, 7.41875 ], [ 80.214583333332968, 7.414583333333219 ] ] ] } },
{ "type": "Feature", "properties": { "HYRIV_ID": 41403885, "NEXT_DOWN": 41403997, "MAIN_RIV": 41404427, "LENGTH_KM": 1.63, "DIST_DN_KM": 57.8, "DIST_UP_KM": 3.6, "CATCH_SKM": 5.1100001, "UPLAND_SKM": 5.1, "ENDORHEIC": 0, "DIS_AV_CMS": 0.13500001, "ORD_STRA": 1, "ORD_CLAS": 3, "ORD_FLOW": 7, "HYBAS_L12": 4121158060.0, "Shape_Length": 0.014731391274686246 }, "geometry": { "type": "MultiLineString", "coordinates": [ [ [ 80.195833333333013, 7.420833333333213 ], [ 80.206249999999642, 7.410416666666556 ] ] ] } },
{ "type": "Feature", "properties": { "HYRIV_ID": 41403886, "NEXT_DOWN": 41403997, "MAIN_RIV": 41404427, "LENGTH_KM": 1.11, "DIST_DN_KM": 57.599998, "DIST_UP_KM": 11.6, "CATCH_SKM": 1.06, "UPLAND_SKM": 48.099998, "ENDORHEIC": 0, "DIS_AV_CMS": 1.267, "ORD_STRA": 2, "ORD_CLAS": 2, "ORD_FLOW": 6, "HYBAS_L12": 4121158060.0, "Shape_Length": 0.010059223176545413 }, "geometry": { "type": "MultiLineString", "coordinates": [ [ [ 80.214583333332968, 7.414583333333219 ], [ 80.210416666666305, 7.410416666666556 ], [ 80.206249999999642, 7.410416666666556 ] ] ] } },
{ "type": "Feature", "properties": { "HYRIV_ID": 41403887, "NEXT_DOWN": 41403886, "MAIN_RIV": 41404427, "LENGTH_KM": 1.34, "DIST_DN_KM": 58.900002, "DIST_UP_KM": 4.5, "CATCH_SKM": 9.58, "UPLAND_SKM": 9.6, "ENDORHEIC": 0, "DIS_AV_CMS": 0.258, "ORD_STRA": 1, "ORD_CLAS": 3, "ORD_FLOW": 7, "HYBAS_L12": 4121158060.0, "Shape_Length": 0.01214255650984843 }, "geometry": { "type": "MultiLineString", "coordinates": [ [ [ 80.224999999999596, 7.410416666666556 ], [ 80.218749999999631, 7.410416666666556 ], [ 80.214583333332968, 7.414583333333219 ] ] ] } },
{ "type": "Feature", "properties": { "HYRIV_ID": 41403945, "NEXT_DOWN": 41403970, "MAIN_RIV": 41404427, "LENGTH_KM": 0.69, "DIST_DN_KM": 62.3, "DIST_UP_KM": 4.7, "CATCH_SKM": 6.1700001, "UPLAND_SKM": 6.2, "ENDORHEIC": 0, "DIS_AV_CMS": 0.167, "ORD_STRA": 1, "ORD_CLAS": 4, "ORD_FLOW": 7, "HYBAS_L12": 4121158060.0, "Shape_Length": 0.0062499999999090505 }, "geometry": { "type": "MultiLineString", "coordinates": [ [ [ 80.279166666666271, 7.393749999999891 ], [ 80.272916666666362, 7.393749999999891 ] ] ] } },
{ "type": "Feature", "properties": { "HYRIV_ID": 41403955, "NEXT_DOWN": 41403970, "MAIN_RIV": 41404427, "LENGTH_KM": 3.37, "DIST_DN_KM": 62.5, "DIST_UP_KM": 5.8, "CATCH_SKM": 14.26, "UPLAND_SKM": 14.3, "ENDORHEIC": 0, "DIS_AV_CMS": 0.39, "ORD_STRA": 1, "ORD_CLAS": 3, "ORD_FLOW": 7, "HYBAS_L12": 4121158060.0, "Shape_Length": 0.030535113019719597 }, "geometry": { "type": "MultiLineString", "coordinates": [ [ [ 80.299999999999642, 7.393749999999891 ], [ 80.289583333333013, 7.393749999999891 ], [ 80.28541666666635, 7.389583333333228 ], [ 80.277083333333024, 7.389583333333228 ], [ 80.272916666666362, 7.393749999999891 ] ] ] } },
{ "type": "Feature", "properties": { "HYRIV_ID": 41403969, "NEXT_DOWN": 41403998, "MAIN_RIV": 41404427, "LENGTH_KM": 1.38, "DIST_DN_KM": 56.0, "DIST_UP_KM": 12.3, "CATCH_SKM": 2.77, "UPLAND_SKM": 51.3, "ENDORHEIC": 0, "DIS_AV_CMS": 1.404, "ORD_STRA": 2, "ORD_CLAS": 3, "ORD_FLOW": 6, "HYBAS_L12": 4121158060.0, "Shape_Length": 0.012499999999988631 }, "geometry": { "type": "MultiLineString", "coordinates": [ [ [ 80.235416666666282, 7.385416666666565 ], [ 80.222916666666293, 7.385416666666565 ] ] ] } },
{ "type": "Feature", "properties": { "HYRIV_ID": 41403970, "NEXT_DOWN": 41403969, "MAIN_RIV": 41404427, "LENGTH_KM": 4.9099998, "DIST_DN_KM": 57.5, "DIST_UP_KM": 10.7, "CATCH_SKM": 16.389999, "UPLAND_SKM": 36.8, "ENDORHEIC": 0, "DIS_AV_CMS": 1.003, "ORD_STRA": 2, "ORD_CLAS": 3, "ORD_FLOW": 6, "HYBAS_L12": 4121158060.0, "Shape_Length": 0.044403559372921474 }, "geometry": { "type": "MultiLineString", "coordinates": [ [ [ 80.272916666666362, 7.393749999999891 ], [ 80.268749999999699, 7.393749999999891 ], [ 80.264583333332979, 7.397916666666539 ], [ 80.260416666666316, 7.397916666666539 ], [ 80.25208333333299, 7.389583333333228 ], [ 80.239583333332945, 7.389583333333228 ], [ 80.235416666666282, 7.385416666666565 ] ] ] } },
{ "type": "Feature", "properties": { "HYRIV_ID": 41403997, "NEXT_DOWN": 41404092, "MAIN_RIV": 41404427, "LENGTH_KM": 4.27, "DIST_DN_KM": 53.3, "DIST_UP_KM": 15.9, "CATCH_SKM": 9.79, "UPLAND_SKM": 63.0, "ENDORHEIC": 0, "DIS_AV_CMS": 1.661, "ORD_STRA": 2, "ORD_CLAS": 2, "ORD_FLOW": 6, "HYBAS_L12": 4121158060.0, "Shape_Length": 0.038511002862996302 }, "geometry": { "type": "MultiLineString", "coordinates": [ [ [ 80.206249999999642, 7.410416666666556 ], [ 80.206249999999642, 7.393749999999891 ], [ 80.202083333332979, 7.389583333333228 ], [ 80.206249999999642, 7.385416666666565 ], [ 80.202083333332979, 7.381249999999874 ], [ 80.202083333332979, 7.377083333333211 ] ] ] } },
{ "type": "Feature", "properties": { "HYRIV_ID": 41403998, "NEXT_DOWN": 41404092, "MAIN_RIV": 41404427, "LENGTH_KM": 2.6800001, "DIST_DN_KM": 53.3, "DIST_UP_KM": 15.0, "CATCH_SKM": 6.1700001, "UPLAND_SKM": 62.599998, "ENDORHEIC": 0, "DIS_AV_CMS": 1.7130001, "ORD_STRA": 2, "ORD_CLAS": 3, "ORD_FLOW": 6, "HYBAS_L12": 4121158060.0, "Shape_Length": 0.024285113019773801 }, "geometry": { "type": "MultiLineString", "coordinates": [ [ [ 80.222916666666293, 7.385416666666565 ], [ 80.214583333332968, 7.385416666666565 ], [ 80.206249999999642, 7.377083333333211 ], [ 80.202083333332979, 7.377083333333211 ] ] ] } },
{ "type": "Feature", "properties": { "HYRIV_ID": 41403999, "NEXT_DOWN": 41403998, "MAIN_RIV": 41404427, "LENGTH_KM": 1.16, "DIST_DN_KM": 56.0, "DIST_UP_KM": 3.4, "CATCH_SKM": 5.1100001, "UPLAND_SKM": 5.1, "ENDORHEIC": 0, "DIS_AV_CMS": 0.142, "ORD_STRA": 1, "ORD_CLAS": 4, "ORD_FLOW": 7, "HYBAS_L12": 4121158060.0, "Shape_Length": 0.010416666666685614 }, "geometry": { "type": "MultiLineString", "coordinates": [ [ [ 80.222916666666293, 7.374999999999879 ], [ 80.222916666666293, 7.385416666666565 ] ] ] } },
{ "type": "Feature", "properties": { "HYRIV_ID": 41404027, "NEXT_DOWN": 41404091, "MAIN_RIV": 41404427, "LENGTH_KM": 0.98, "DIST_DN_KM": 51.8, "DIST_UP_KM": 3.8, "CATCH_SKM": 5.1100001, "UPLAND_SKM": 5.1, "ENDORHEIC": 0, "DIS_AV_CMS": 0.14, "ORD_STRA": 1, "ORD_CLAS": 4, "ORD_FLOW": 7, "HYBAS_L12": 4121158060.0, "Shape_Length": 0.0088388347647936592 }, "geometry": { "type": "MultiLineString", "coordinates": [ [ [ 80.170833333332979, 7.374999999999879 ], [ 80.177083333332945, 7.368749999999899 ] ] ] } },
{ "type": "Feature", "properties": { "HYRIV_ID": 41404028, "NEXT_DOWN": 41404091, "MAIN_RIV": 41404427, "LENGTH_KM": 5.98, "DIST_DN_KM": 51.599998, "DIST_UP_KM": 8.8, "CATCH_SKM": 22.139999, "UPLAND_SKM": 22.1, "ENDORHEIC": 0, "DIS_AV_CMS": 0.593, "ORD_STRA": 1, "ORD_CLAS": 3, "ORD_FLOW": 7, "HYBAS_L12": 4121158060.0, "Shape_Length": 0.053809223176453654 }, "geometry": { "type": "MultiLineString", "coordinates": [ [ [ 80.172916666666396, 7.420833333333213 ], [ 80.172916666666396, 7.377083333333211 ], [ 80.177083333332945, 7.372916666666548 ], [ 80.177083333332945, 7.368749999999899 ] ] ] } },
{ "type": "Feature", "properties": { "HYRIV_ID": 41404045, "NEXT_DOWN": 41403969, "MAIN_RIV": 41404427, "LENGTH_KM": 2.9300001, "DIST_DN_KM": 57.5, "DIST_UP_KM": 5.4, "CATCH_SKM": 11.71, "UPLAND_SKM": 11.7, "ENDORHEIC": 0, "DIS_AV_CMS": 0.327, "ORD_STRA": 1, "ORD_CLAS": 4, "ORD_FLOW": 7, "HYBAS_L12": 4121158060.0, "Shape_Length": 0.026368446353173855 }, "geometry": { "type": "MultiLineString", "coordinates": [ [ [ 80.243749999999665, 7.362499999999862 ], [ 80.243749999999665, 7.372916666666548 ], [ 80.239583333332945, 7.377083333333211 ], [ 80.239583333332945, 7.381249999999874 ], [ 80.235416666666282, 7.385416666666565 ] ] ] } },
{ "type": "Feature", "properties": { "HYRIV_ID": 41404056, "NEXT_DOWN": 41404198, "MAIN_RIV": 41404427, "LENGTH_KM": 3.37, "DIST_DN_KM": 74.599998, "DIST_UP_KM": 6.3, "CATCH_SKM": 14.9, "UPLAND_SKM": 14.9, "ENDORHEIC": 0, "DIS_AV_CMS": 0.417, "ORD_STRA": 1, "ORD_CLAS": 3, "ORD_FLOW": 7, "HYBAS_L12": 4121601690.0, "Shape_Length": 0.0305351130196863 }, "geometry": { "type": "MultiLineString", "coordinates": [ [ [ 80.291666666666316, 7.360416666666531 ], [ 80.302083333332945, 7.360416666666531 ], [ 80.306249999999608, 7.364583333333194 ], [ 80.310416666666271, 7.364583333333194 ], [ 80.314583333333047, 7.360416666666531 ], [ 80.318749999999596, 7.360416666666531 ] ] ] } },
{ "type": "Feature", "properties": { "HYRIV_ID": 41404057, "NEXT_DOWN": 41404198, "MAIN_RIV": 41404427, "LENGTH_KM": 2.74, "DIST_DN_KM": 74.599998, "DIST_UP_KM": 6.5, "CATCH_SKM": 12.35, "UPLAND_SKM": 12.3, "ENDORHEIC": 0, "DIS_AV_CMS": 0.34200001, "ORD_STRA": 1, "ORD_CLAS": 2, "ORD_FLOW": 7, "HYBAS_L12": 4121601690.0, "Shape_Length": 0.024642556510000278 }, "geometry": { "type": "MultiLineString", "coordinates": [ [ [ 80.32291666666643, 7.383333333333191 ], [ 80.32291666666643, 7.377083333333211 ], [ 80.318749999999596, 7.372916666666548 ], [ 80.318749999999596, 7.360416666666531 ] ] ] } },
{ "type": "Feature", "properties": { "HYRIV_ID": 41404058, "NEXT_DOWN": 41404198, "MAIN_RIV": 41404427, "LENGTH_KM": 2.53, "DIST_DN_KM": 74.599998, "DIST_UP_KM": 4.5, "CATCH_SKM": 6.39, "UPLAND_SKM": 6.4, "ENDORHEIC": 0, "DIS_AV_CMS": 0.17900001, "ORD_STRA": 1, "ORD_CLAS": 4, "ORD_FLOW": 7, "HYBAS_L12": 4121601690.0, "Shape_Length": 0.022916666666731089 }, "geometry": { "type": "MultiLineString", "coordinates": [ [ [ 80.341666666666328, 7.360416666666531 ], [ 80.318749999999596, 7.360416666666531 ] ] ] } },
{ "type": "Feature", "properties": { "HYRIV_ID": 41404081, "NEXT_DOWN": 41404127, "MAIN_RIV": 41404427, "LENGTH_KM": 6.3400002, "DIST_DN_KM": 82.800003, "DIST_UP_KM": 9.3, "CATCH_SKM": 30.440001, "UPLAND_SKM": 30.4, "ENDORHEIC": 0, "DIS_AV_CMS": 0.83700001, "ORD_STRA": 1, "ORD_CLAS": 3, "ORD_FLOW": 7, "HYBAS_L12": 4121158050.0, "Shape_Length": 0.057261002862942507 }, "geometry": { "type": "MultiLineString", "coordinates": [ [ [ 80.441666666666293, 7.389583333333228 ], [ 80.422916666666396, 7.389583333333228 ], [ 80.418749999999676, 7.385416666666565 ], [ 80.418749999999676, 7.377083333333211 ], [ 80.414583333333013, 7.372916666666548 ], [ 80.414583333333013, 7.364583333333194 ], [ 80.41041666666635, 7.360416666666531 ], [ 80.41041666666635, 7.356249999999882 ] ] ] } },
{ "type": "Feature", "properties": { "HYRIV_ID": 41404091, "NEXT_DOWN": 41404112, "MAIN_RIV": 41404427, "LENGTH_KM": 2.04, "DIST_DN_KM": 49.599998, "DIST_UP_KM": 10.9, "CATCH_SKM": 2.56, "UPLAND_SKM": 29.8, "ENDORHEIC": 0, "DIS_AV_CMS": 0.80299997, "ORD_STRA": 2, "ORD_CLAS": 3, "ORD_FLOW": 7, "HYBAS_L12": 4121158060.0, "Shape_Length": 0.018392556509984143 }, "geometry": { "type": "MultiLineString", "coordinates": [ [ [ 80.177083333332945, 7.368749999999899 ], [ 80.177083333332945, 7.360416666666531 ], [ 80.181249999999721, 7.356249999999882 ], [ 80.181249999999721, 7.352083333333219 ] ] ] } },
{ "type": "Feature", "properties": { "HYRIV_ID": 41404092, "NEXT_DOWN": 41404112, "MAIN_RIV": 41404427, "LENGTH_KM": 3.73, "DIST_DN_KM": 49.8, "DIST_UP_KM": 19.4, "CATCH_SKM": 7.2399998, "UPLAND_SKM": 132.8, "ENDORHEIC": 0, "DIS_AV_CMS": 3.563, "ORD_STRA": 3, "ORD_CLAS": 2, "ORD_FLOW": 6, "HYBAS_L12": 4121158060.0, "Shape_Length": 0.033629449216057899 }, "geometry": { "type": "MultiLineString", "coordinates": [ [ [ 80.202083333332979, 7.377083333333211 ], [ 80.193749999999596, 7.368749999999899 ], [ 80.193749999999596, 7.364583333333194 ], [ 80.181249999999721, 7.352083333333219 ] ] ] } },
{ "type": "Feature", "properties": { "HYRIV_ID": 41404112, "NEXT_DOWN": 41404138, "MAIN_RIV": 41404427, "LENGTH_KM": 0.46, "DIST_DN_KM": 49.099998, "DIST_UP_KM": 20.1, "CATCH_SKM": 1.49, "UPLAND_SKM": 164.10001, "ENDORHEIC": 0, "DIS_AV_CMS": 4.4050002, "ORD_STRA": 3, "ORD_CLAS": 2, "ORD_FLOW": 6, "HYBAS_L12": 4121158060.0, "Shape_Length": 0.0041666666666628771 }, "geometry": { "type": "MultiLineString", "coordinates": [ [ [ 80.181249999999721, 7.352083333333219 ], [ 80.181249999999721, 7.347916666666556 ] ] ] } },
{ "type": "Feature", "properties": { "HYRIV_ID": 41404124, "NEXT_DOWN": 41404182, "MAIN_RIV": 41404427, "LENGTH_KM": 0.98, "DIST_DN_KM": 43.099998, "DIST_UP_KM": 3.3, "CATCH_SKM": 5.1100001, "UPLAND_SKM": 5.1, "ENDORHEIC": 0, "DIS_AV_CMS": 0.142, "ORD_STRA": 1, "ORD_CLAS": 3, "ORD_FLOW": 7, "HYBAS_L12": 4121601680.0, "Shape_Length": 0.008838834764843902 }, "geometry": { "type": "MultiLineString", "coordinates": [ [ [ 80.124999999999631, 7.349999999999888 ], [ 80.131249999999653, 7.343749999999893 ] ] ] } },
{ "type": "Feature", "properties": { "HYRIV_ID": 41404125, "NEXT_DOWN": 41404182, "MAIN_RIV": 41404427, "LENGTH_KM": 2.46, "DIST_DN_KM": 42.900002, "DIST_UP_KM": 4.9, "CATCH_SKM": 7.6599998, "UPLAND_SKM": 7.7, "ENDORHEIC": 0, "DIS_AV_CMS": 0.212, "ORD_STRA": 1, "ORD_CLAS": 2, "ORD_FLOW": 7, "HYBAS_L12": 4121601680.0, "Shape_Length": 0.02220177968644825 }, "geometry": { "type": "MultiLineString", "coordinates": [ [ [ 80.139583333333036, 7.362499999999862 ], [ 80.139583333333036, 7.356249999999882 ], [ 80.131249999999653, 7.347916666666556 ], [ 80.131249999999653, 7.343749999999893 ] ] ] } },
{ "type": "Feature", "properties": { "HYRIV_ID": 41404126, "NEXT_DOWN": 41404183, "MAIN_RIV": 41404427, "LENGTH_KM": 10.07, "DIST_DN_KM": 81.199997, "DIST_UP_KM": 12.2, "CATCH_SKM": 25.76, "UPLAND_SKM": 25.8, "ENDORHEIC": 0, "DIS_AV_CMS": 0.7, "ORD_STRA": 1, "ORD_CLAS": 3, "ORD_FLOW": 7, "HYBAS_L12": 4121158050.0, "Shape_Length": 0.090742394137802315 }, "geometry": { "type": "MultiLineString", "coordinates": [ [ [ 80.391666666666396, 7.424999999999862 ], [ 80.385416666666316, 7.41875 ], [ 80.385416666666316, 7.410416666666556 ], [ 80.389583333332979, 7.40625 ], [ 80.389583333332979, 7.397916666666539 ], [ 80.393749999999642, 7.393749999999891 ], [ 80.393749999999642, 7.364583333333194 ], [ 80.397916666666362, 7.360416666666531 ], [ 80.397916666666362, 7.347916666666556 ], [ 80.402083333333024, 7.343749999999893 ] ] ] } },
{ "type": "Feature", "properties": { "HYRIV_ID": 41404127, "NEXT_DOWN": 41404183, "MAIN_RIV": 41404427, "LENGTH_KM": 1.77, "DIST_DN_KM": 81.199997, "DIST_UP_KM": 19.200001, "CATCH_SKM": 1.7, "UPLAND_SKM": 108.4, "ENDORHEIC": 0, "DIS_AV_CMS": 3.0450001, "ORD_STRA": 3, "ORD_CLAS": 2, "ORD_FLOW": 6, "HYBAS_L12": 4121158050.0, "Shape_Length": 0.015951779686427948 }, "geometry": { "type": "MultiLineString", "coordinates": [ [ [ 80.41041666666635, 7.356249999999882 ], [ 80.406249999999687, 7.352083333333219 ], [ 80.406249999999687, 7.347916666666556 ], [ 80.402083333333024, 7.343749999999893 ] ] ] } },
{ "type": "Feature", "properties": { "HYRIV_ID": 41404137, "NEXT_DOWN": 41404150, "MAIN_RIV": 41404427, "LENGTH_KM": 2.75, "DIST_DN_KM": 47.8, "DIST_UP_KM": 6.0, "CATCH_SKM": 6.81, "UPLAND_SKM": 6.8, "ENDORHEIC": 0, "DIS_AV_CMS": 0.189, "ORD_STRA": 1, "ORD_CLAS": 3, "ORD_FLOW": 7, "HYBAS_L12": 4121158060.0, "Shape_Length": 0.024790614451287787 }, "geometry": { "type": "MultiLineString", "coordinates": [ [ [ 80.15833333333299, 7.358333333333199 ], [ 80.172916666666396, 7.343749999999893 ], [ 80.172916666666396, 7.339583333333245 ] ] ] } },
{ "type": "Feature", "properties": { "HYRIV_ID": 41404138, "NEXT_DOWN": 41404150, "MAIN_RIV": 41404427, "LENGTH_KM": 1.3, "DIST_DN_KM": 48.0, "DIST_UP_KM": 21.200001, "CATCH_SKM": 1.7, "UPLAND_SKM": 188.8, "ENDORHEIC": 0, "DIS_AV_CMS": 5.1020002, "ORD_STRA": 3, "ORD_CLAS": 2, "ORD_FLOW": 6, "HYBAS_L12": 4121158060.0, "Shape_Length": 0.011785113019755026 }, "geometry": { "type": "MultiLineString", "coordinates": [ [ [ 80.181249999999721, 7.347916666666556 ], [ 80.172916666666396, 7.339583333333245 ] ] ] } },
{ "type": "Feature", "properties": { "HYRIV_ID": 41404139, "NEXT_DOWN": 41404153, "MAIN_RIV": 41404427, "LENGTH_KM": 2.28, "DIST_DN_KM": 91.0, "DIST_UP_KM": 4.8, "CATCH_SKM": 7.6599998, "UPLAND_SKM": 7.7, "ENDORHEIC": 0, "DIS_AV_CMS": 0.215, "ORD_STRA": 1, "ORD_CLAS": 3, "ORD_FLOW": 7, "HYBAS_L12": 4121158050.0, "Shape_Length": 0.020623947784558734 }, "geometry": { "type": "MultiLineString", "coordinates": [ [ [ 80.466666666666328, 7.354166666666551 ], [ 80.477083333332956, 7.343749999999893 ], [ 80.472916666666293, 7.339583333333245 ] ] ] } },
{ "type": "Feature", "properties": { "HYRIV_ID": 41404140, "NEXT_DOWN": 41404153, "MAIN_RIV": 41404427, "LENGTH_KM": 2.09, "DIST_DN_KM": 90.800003, "DIST_UP_KM": 4.9, "CATCH_SKM": 8.9399996, "UPLAND_SKM": 8.9, "ENDORHEIC": 0, "DIS_AV_CMS": 0.253, "ORD_STRA": 1, "ORD_CLAS": 4, "ORD_FLOW": 7, "HYBAS_L12": 4121158050.0, "Shape_Length": 0.018898057941419463 }, "geometry": { "type": "MultiLineString", "coordinates": [ [ [ 80.487499999999699, 7.349999999999888 ], [ 80.477083333332956, 7.339583333333245 ], [ 80.472916666666293, 7.339583333333245 ] ] ] } },
{ "type": "Feature", "properties": { "HYRIV_ID": 41404150, "NEXT_DOWN": 41404238, "MAIN_RIV": 41404427, "LENGTH_KM": 0.46, "DIST_DN_KM": 47.3, "DIST_UP_KM": 21.8, "CATCH_SKM": 1.06, "UPLAND_SKM": 196.7, "ENDORHEIC": 0, "DIS_AV_CMS": 5.3179998, "ORD_STRA": 3, "ORD_CLAS": 2, "ORD_FLOW": 6, "HYBAS_L12": 4121158060.0, "Shape_Length": 0.0041666666667055097 }, "geometry": { "type": "MultiLineString", "coordinates": [ [ [ 80.172916666666396, 7.339583333333245 ], [ 80.172916666666396, 7.335416666666539 ] ] ] } },
{ "type": "Feature", "properties": { "HYRIV_ID": 41404151, "NEXT_DOWN": 41404138, "MAIN_RIV": 41404427, "LENGTH_KM": 7.0, "DIST_DN_KM": 49.3, "DIST_UP_KM": 8.7, "CATCH_SKM": 22.99, "UPLAND_SKM": 23.0, "ENDORHEIC": 0, "DIS_AV_CMS": 0.65399998, "ORD_STRA": 1, "ORD_CLAS": 3, "ORD_FLOW": 7, "HYBAS_L12": 4121158060.0, "Shape_Length": 0.063301617314344083 }, "geometry": { "type": "MultiLineString", "coordinates": [ [ [ 80.233333333333036, 7.337499999999871 ], [ 80.227083333332956, 7.343749999999893 ], [ 80.210416666666305, 7.343749999999893 ], [ 80.202083333332979, 7.335416666666539 ], [ 80.197916666666316, 7.335416666666539 ], [ 80.189583333333104, 7.343749999999893 ], [ 80.185416666666271, 7.343749999999893 ], [ 80.181249999999721, 7.347916666666556 ] ] ] } },
{ "type": "Feature", "properties": { "HYRIV_ID": 41404152, "NEXT_DOWN": 41404127, "MAIN_RIV": 41404427, "LENGTH_KM": 7.4, "DIST_DN_KM": 82.800003, "DIST_UP_KM": 17.700001, "CATCH_SKM": 22.780001, "UPLAND_SKM": 76.199997, "ENDORHEIC": 0, "DIS_AV_CMS": 2.1659999, "ORD_STRA": 3, "ORD_CLAS": 2, "ORD_FLOW": 6, "HYBAS_L12": 4121158050.0, "Shape_Length": 0.066962782549382038 }, "geometry": { "type": "MultiLineString", "coordinates": [ [ [ 80.468749999999631, 7.335416666666539 ], [ 80.460416666666305, 7.335416666666539 ], [ 80.456249999999642, 7.339583333333245 ], [ 80.44791666666643, 7.339583333333245 ], [ 80.439583333333047, 7.347916666666556 ], [ 80.435416666666271, 7.347916666666556 ], [ 80.431249999999608, 7.352083333333219 ], [ 80.427083333333059, 7.352083333333219 ], [ 80.422916666666396, 7.356249999999882 ], [ 80.41041666666635, 7.356249999999882 ] ] ] } },
{ "type": "Feature", "properties": { "HYRIV_ID": 41404153, "NEXT_DOWN": 41404152, "MAIN_RIV": 41404427, "LENGTH_KM": 0.65, "DIST_DN_KM": 90.400002, "DIST_UP_KM": 5.5, "CATCH_SKM": 0.64, "UPLAND_SKM": 17.200001, "ENDORHEIC": 0, "DIS_AV_CMS": 0.48500001, "ORD_STRA": 2, "ORD_CLAS": 3, "ORD_FLOW": 7, "HYBAS_L12": 4121158050.0, "Shape_Length": 0.0058925565099126826 }, "geometry": { "type": "MultiLineString", "coordinates": [ [ [ 80.472916666666293, 7.339583333333245 ], [ 80.468749999999631, 7.335416666666539 ] ] ] } },
{ "type": "Feature", "properties": { "HYRIV_ID": 41404168, "NEXT_DOWN": 41404152, "MAIN_RIV": 41404427, "LENGTH_KM": 0.65, "DIST_DN_KM": 90.400002, "DIST_UP_KM": 10.1, "CATCH_SKM": 0.43, "UPLAND_SKM": 36.200001, "ENDORHEIC": 0, "DIS_AV_CMS": 1.045, "ORD_STRA": 2, "ORD_CLAS": 2, "ORD_FLOW": 6, "HYBAS_L12": 4121158050.0, "Shape_Length": 0.0058925565098825365 }, "geometry": { "type": "MultiLineString", "coordinates": [ [ [ 80.472916666666293, 7.331249999999876 ], [ 80.468749999999631, 7.335416666666539 ] ] ] } },
{ "type": "Feature", "properties": { "HYRIV_ID": 41404182, "NEXT_DOWN": 41404257, "MAIN_RIV": 41404427, "LENGTH_KM": 2.4200001, "DIST_DN_KM": 40.700001, "DIST_UP_KM": 7.2, "CATCH_SKM": 7.0300002, "UPLAND_SKM": 19.8, "ENDORHEIC": 0, "DIS_AV_CMS": 0.552, "ORD_STRA": 2, "ORD_CLAS": 2, "ORD_FLOW": 7, "HYBAS_L12": 4121601680.0, "Shape_Length": 0.021844336196316375 }, "geometry": { "type": "MultiLineString", "coordinates": [ [ [ 80.131249999999653, 7.343749999999893 ], [ 80.131249999999653, 7.339583333333245 ], [ 80.122916666666328, 7.331249999999876 ], [ 80.12708333333299, 7.327083333333228 ] ] ] } },
{ "type": "Feature", "properties": { "HYRIV_ID": 41404183, "NEXT_DOWN": 41404200, "MAIN_RIV": 41404427, "LENGTH_KM": 2.61, "DIST_DN_KM": 78.599998, "DIST_UP_KM": 21.9, "CATCH_SKM": 5.54, "UPLAND_SKM": 139.7, "ENDORHEIC": 0, "DIS_AV_CMS": 3.895, "ORD_STRA": 3, "ORD_CLAS": 2, "ORD_FLOW": 6, "HYBAS_L12": 4121158050.0, "Shape_Length": 0.023570226039580391 }, "geometry": { "type": "MultiLineString", "coordinates": [ [ [ 80.402083333333024, 7.343749999999893 ], [ 80.385416666666316, 7.327083333333228 ] ] ] } },
{ "type": "Feature", "properties": { "HYRIV_ID": 41404192, "NEXT_DOWN": 41404302, "MAIN_RIV": 41404427, "LENGTH_KM": 0.69, "DIST_DN_KM": 20.3, "DIST_UP_KM": 4.0, "CATCH_SKM": 8.0900002, "UPLAND_SKM": 8.1, "ENDORHEIC": 0, "DIS_AV_CMS": 0.225, "ORD_STRA": 1, "ORD_CLAS": 2, "ORD_FLOW": 7, "HYBAS_L12": 4120049090.0, "Shape_Length": 0.0062500000000369482 }, "geometry": { "type": "MultiLineString", "coordinates": [ [ [ 79.977083333332956, 7.329166666666559 ], [ 79.977083333332956, 7.322916666666522 ] ] ] } },
{ "type": "Feature", "properties": { "HYRIV_ID": 41404193, "NEXT_DOWN": 41404302, "MAIN_RIV": 41404427, "LENGTH_KM": 0.98, "DIST_DN_KM": 20.5, "DIST_UP_KM": 3.6, "CATCH_SKM": 4.9, "UPLAND_SKM": 4.9, "ENDORHEIC": 0, "DIS_AV_CMS": 0.137, "ORD_STRA": 1, "ORD_CLAS": 3, "ORD_FLOW": 7, "HYBAS_L12": 4120049090.0, "Shape_Length": 0.0088388347649544369 }, "geometry": { "type": "MultiLineString", "coordinates": [ [ [ 79.983333333333093, 7.329166666666559 ], [ 79.977083333332956, 7.322916666666522 ] ] ] } },
{ "type": "Feature", "properties": { "HYRIV_ID": 41404194, "NEXT_DOWN": 41404220, "MAIN_RIV": 41404427, "LENGTH_KM": 0.98, "DIST_DN_KM": 26.700001, "DIST_UP_KM": 3.3, "CATCH_SKM": 4.9, "UPLAND_SKM": 4.9, "ENDORHEIC": 0, "DIS_AV_CMS": 0.137, "ORD_STRA": 1, "ORD_CLAS": 3, "ORD_FLOW": 7, "HYBAS_L12": 4121601680.0, "Shape_Length": 0.0088388347649544369 }, "geometry": { "type": "MultiLineString", "coordinates": [ [ [ 80.029166666666271, 7.329166666666559 ], [ 80.035416666666407, 7.322916666666522 ] ] ] } },
{ "type": "Feature", "properties": { "HYRIV_ID": 41404195, "NEXT_DOWN": 41404220, "MAIN_RIV": 41404427, "LENGTH_KM": 1.8, "DIST_DN_KM": 26.5, "DIST_UP_KM": 4.6, "CATCH_SKM": 9.58, "UPLAND_SKM": 9.6, "ENDORHEIC": 0, "DIS_AV_CMS": 0.27, "ORD_STRA": 1, "ORD_CLAS": 2, "ORD_FLOW": 7, "HYBAS_L12": 4121601680.0, "Shape_Length": 0.016309223176484609 }, "geometry": { "type": "MultiLineString", "coordinates": [ [ [ 80.049999999999642, 7.327083333333228 ], [ 80.043749999999619, 7.327083333333228 ], [ 80.039583333332956, 7.322916666666522 ], [ 80.035416666666407, 7.322916666666522 ] ] ] } },
{ "type": "Feature", "properties": { "HYRIV_ID": 41404196, "NEXT_DOWN": 41404256, "MAIN_RIV": 41404427, "LENGTH_KM": 0.69, "DIST_DN_KM": 38.099998, "DIST_UP_KM": 2.9, "CATCH_SKM": 3.83, "UPLAND_SKM": 3.8, "ENDORHEIC": 0, "DIS_AV_CMS": 0.109, "ORD_STRA": 1, "ORD_CLAS": 4, "ORD_FLOW": 7, "HYBAS_L12": 4121601680.0, "Shape_Length": 0.0062499999999090505 }, "geometry": { "type": "MultiLineString", "coordinates": [ [ [ 80.087499999999721, 7.322916666666522 ], [ 80.093749999999631, 7.322916666666522 ] ] ] } },
{ "type": "Feature", "properties": { "HYRIV_ID": 41404197, "NEXT_DOWN": 41404256, "MAIN_RIV": 41404427, "LENGTH_KM": 1.91, "DIST_DN_KM": 38.099998, "DIST_UP_KM": 4.3, "CATCH_SKM": 5.96, "UPLAND_SKM": 6.0, "ENDORHEIC": 0, "DIS_AV_CMS": 0.167, "ORD_STRA": 1, "ORD_CLAS": 3, "ORD_FLOW": 7, "HYBAS_L12": 4121601680.0, "Shape_Length": 0.017172168098117689 }, "geometry": { "type": "MultiLineString", "coordinates": [ [ [ 80.087499999999721, 7.337499999999871 ], [ 80.093749999999631, 7.331249999999876 ], [ 80.093749999999631, 7.322916666666522 ] ] ] } },
{ "type": "Feature", "properties": { "HYRIV_ID": 41404198, "NEXT_DOWN": 41404222, "MAIN_RIV": 41404427, "LENGTH_KM": 4.9299998, "DIST_DN_KM": 69.699997, "DIST_UP_KM": 11.4, "CATCH_SKM": 14.69, "UPLAND_SKM": 48.3, "ENDORHEIC": 0, "DIS_AV_CMS": 1.351, "ORD_STRA": 2, "ORD_CLAS": 2, "ORD_FLOW": 6, "HYBAS_L12": 4121601690.0, "Shape_Length": 0.044403559372891324 }, "geometry": { "type": "MultiLineString", "coordinates": [ [ [ 80.318749999999596, 7.360416666666531 ], [ 80.318749999999596, 7.356249999999882 ], [ 80.310416666666271, 7.347916666666556 ], [ 80.310416666666271, 7.335416666666539 ], [ 80.318749999999596, 7.327083333333228 ], [ 80.318749999999596, 7.322916666666522 ] ] ] } },
{ "type": "Feature", "properties": { "HYRIV_ID": 41404199, "NEXT_DOWN": 41404226, "MAIN_RIV": 41404427, "LENGTH_KM": 6.7199998, "DIST_DN_KM": 77.5, "DIST_UP_KM": 9.4, "CATCH_SKM": 22.139999, "UPLAND_SKM": 22.1, "ENDORHEIC": 0, "DIS_AV_CMS": 0.61900002, "ORD_STRA": 1, "ORD_CLAS": 3, "ORD_FLOW": 7, "HYBAS_L12": 4121158050.0, "Shape_Length": 0.060564724607987938 }, "geometry": { "type": "MultiLineString", "coordinates": [ [ [ 80.374999999999744, 7.370833333333216 ], [ 80.381249999999653, 7.364583333333194 ], [ 80.381249999999653, 7.352083333333219 ], [ 80.372916666666328, 7.352083333333219 ], [ 80.372916666666328, 7.327083333333228 ], [ 80.37708333333299, 7.322916666666522 ] ] ] } },
{ "type": "Feature", "properties": { "HYRIV_ID": 41404200, "NEXT_DOWN": 41404226, "MAIN_RIV": 41404427, "LENGTH_KM": 1.11, "DIST_DN_KM": 77.5, "DIST_UP_KM": 23.0, "CATCH_SKM": 1.28, "UPLAND_SKM": 151.8, "ENDORHEIC": 0, "DIS_AV_CMS": 4.2389998, "ORD_STRA": 3, "ORD_CLAS": 2, "ORD_FLOW": 6, "HYBAS_L12": 4121158050.0, "Shape_Length": 0.010059223176575559 }, "geometry": { "type": "MultiLineString", "coordinates": [ [ [ 80.385416666666316, 7.327083333333228 ], [ 80.381249999999653, 7.327083333333228 ], [ 80.37708333333299, 7.322916666666522 ] ] ] } },
{ "type": "Feature", "properties": { "HYRIV_ID": 41404201, "NEXT_DOWN": 41404200, "MAIN_RIV": 41404427, "LENGTH_KM": 4.3200002, "DIST_DN_KM": 78.400002, "DIST_UP_KM": 7.1, "CATCH_SKM": 10.86, "UPLAND_SKM": 10.9, "ENDORHEIC": 0, "DIS_AV_CMS": 0.31200001, "ORD_STRA": 1, "ORD_CLAS": 3, "ORD_FLOW": 7, "HYBAS_L12": 4121158050.0, "Shape_Length": 0.039016504294547033 }, "geometry": { "type": "MultiLineString", "coordinates": [ [ [ 80.416666666666316, 7.337499999999871 ], [ 80.41041666666635, 7.331249999999876 ], [ 80.406249999999687, 7.331249999999876 ], [ 80.397916666666362, 7.322916666666522 ], [ 80.393749999999642, 7.322916666666522 ], [ 80.389583333332979, 7.327083333333228 ], [ 80.385416666666316, 7.327083333333228 ] ] ] } },
{ "type": "Feature", "properties": { "HYRIV_ID": 41404218, "NEXT_DOWN": 41404236, "MAIN_RIV": 41404427, "LENGTH_KM": 2.37, "DIST_DN_KM": 22.700001, "DIST_UP_KM": 5.2, "CATCH_SKM": 7.0300002, "UPLAND_SKM": 7.0, "ENDORHEIC": 0, "DIS_AV_CMS": 0.196, "ORD_STRA": 1, "ORD_CLAS": 2, "ORD_FLOW": 7, "HYBAS_L12": 4121601680.0, "Shape_Length": 0.021338834764737934 }, "geometry": { "type": "MultiLineString", "coordinates": [ [ [ 80.012499999999619, 7.337499999999871 ], [ 80.00624999999971, 7.331249999999876 ], [ 80.00624999999971, 7.31875 ] ] ] } },
{ "type": "Feature", "properties": { "HYRIV_ID": 41404219, "NEXT_DOWN": 41404236, "MAIN_RIV": 41404427, "LENGTH_KM": 2.6800001, "DIST_DN_KM": 22.9, "DIST_UP_KM": 96.300003, "CATCH_SKM": 3.62, "UPLAND_SKM": 1332.5, "ENDORHEIC": 0, "DIS_AV_CMS": 37.658001, "ORD_STRA": 4, "ORD_CLAS": 1, "ORD_FLOW": 5, "HYBAS_L12": 4121601680.0, "Shape_Length": 0.024285113019693411 }, "geometry": { "type": "MultiLineString", "coordinates": [ [ [ 80.027083333333024, 7.31875 ], [ 80.018749999999699, 7.31875 ], [ 80.014583333333036, 7.322916666666522 ], [ 80.010416666666373, 7.322916666666522 ], [ 80.00624999999971, 7.31875 ] ] ] } },
{ "type": "Feature", "properties": { "HYRIV_ID": 41404220, "NEXT_DOWN": 41404219, "MAIN_RIV": 41404427, "LENGTH_KM": 1.11, "DIST_DN_KM": 25.4, "DIST_UP_KM": 5.8, "CATCH_SKM": 1.49, "UPLAND_SKM": 16.0, "ENDORHEIC": 0, "DIS_AV_CMS": 0.45, "ORD_STRA": 2, "ORD_CLAS": 2, "ORD_FLOW": 7, "HYBAS_L12": 4121601680.0, "Shape_Length": 0.010059223176572112 }, "geometry": { "type": "MultiLineString", "coordinates": [ [ [ 80.035416666666407, 7.322916666666522 ], [ 80.031249999999744, 7.31875 ], [ 80.027083333333024, 7.31875 ] ] ] } },
{ "type": "Feature", "properties": { "HYRIV_ID": 41404221, "NEXT_DOWN": 41404261, "MAIN_RIV": 41404427, "LENGTH_KM": 1.4400001, "DIST_DN_KM": 65.0, "DIST_UP_KM": 4.8, "CATCH_SKM": 12.35, "UPLAND_SKM": 12.3, "ENDORHEIC": 0, "DIS_AV_CMS": 0.354, "ORD_STRA": 1, "ORD_CLAS": 2, "ORD_FLOW": 7, "HYBAS_L12": 4121601690.0, "Shape_Length": 0.013005501431534488 }, "geometry": { "type": "MultiLineString", "coordinates": [ [ [ 80.274999999999608, 7.329166666666559 ], [ 80.281249999999687, 7.322916666666522 ], [ 80.281249999999687, 7.31875 ] ] ] } },
{ "type": "Feature", "properties": { "HYRIV_ID": 41404222, "NEXT_DOWN": 41404239, "MAIN_RIV": 41404427, "LENGTH_KM": 1.5700001, "DIST_DN_KM": 68.300003, "DIST_UP_KM": 51.0, "CATCH_SKM": 2.56, "UPLAND_SKM": 611.5, "ENDORHEIC": 0, "DIS_AV_CMS": 18.049, "ORD_STRA": 4, "ORD_CLAS": 1, "ORD_FLOW": 5, "HYBAS_L12": 4121601690.0, "Shape_Length": 0.014225889843178146 }, "geometry": { "type": "MultiLineString", "coordinates": [ [ [ 80.318749999999596, 7.322916666666522 ], [ 80.310416666666271, 7.322916666666522 ], [ 80.306249999999608, 7.31875 ] ] ] } },
{ "type": "Feature", "properties": { "HYRIV_ID": 41404223, "NEXT_DOWN": 41404240, "MAIN_RIV": 41404427, "LENGTH_KM": 0.69, "DIST_DN_KM": 75.300003, "DIST_UP_KM": 2.7, "CATCH_SKM": 4.2600002, "UPLAND_SKM": 4.3, "ENDORHEIC": 0, "DIS_AV_CMS": 0.123, "ORD_STRA": 1, "ORD_CLAS": 2, "ORD_FLOW": 7, "HYBAS_L12": 4121601690.0, "Shape_Length": 0.0062499999999943157 }, "geometry": { "type": "MultiLineString", "coordinates": [ [ [ 80.360416666666282, 7.324999999999896 ], [ 80.360416666666282, 7.31875 ] ] ] } },
{ "type": "Feature", "properties": { "HYRIV_ID": 41404224, "NEXT_DOWN": 41404240, "MAIN_RIV": 41404427, "LENGTH_KM": 0.46, "DIST_DN_KM": 75.300003, "DIST_UP_KM": 44.0, "CATCH_SKM": 0.43, "UPLAND_SKM": 540.59998, "ENDORHEIC": 0, "DIS_AV_CMS": 16.173, "ORD_STRA": 4, "ORD_CLAS": 1, "ORD_FLOW": 5, "HYBAS_L12": 4121601690.0, "Shape_Length": 0.0041666666666628771 }, "geometry": { "type": "MultiLineString", "coordinates": [ [ [ 80.364583333332945, 7.31875 ], [ 80.360416666666282, 7.31875 ] ] ] } },
{ "type": "Feature", "properties": { "HYRIV_ID": 41404225, "NEXT_DOWN": 41404224, "MAIN_RIV": 41404427, "LENGTH_KM": 0.92, "DIST_DN_KM": 75.699997, "DIST_UP_KM": 43.599998, "CATCH_SKM": 1.7, "UPLAND_SKM": 530.0, "ENDORHEIC": 0, "DIS_AV_CMS": 15.866, "ORD_STRA": 4, "ORD_CLAS": 1, "ORD_FLOW": 5, "HYBAS_L12": 4121601690.0, "Shape_Length": 0.0083333333333825976 }, "geometry": { "type": "MultiLineString", "coordinates": [ [ [ 80.372916666666328, 7.31875 ], [ 80.364583333332945, 7.31875 ] ] ] } },
{ "type": "Feature", "properties": { "HYRIV_ID": 41404226, "NEXT_DOWN": 41404225, "MAIN_RIV": 41404427, "LENGTH_KM": 0.65, "DIST_DN_KM": 76.800003, "DIST_UP_KM": 23.6, "CATCH_SKM": 3.1900001, "UPLAND_SKM": 177.10001, "ENDORHEIC": 0, "DIS_AV_CMS": 4.9489999, "ORD_STRA": 3, "ORD_CLAS": 2, "ORD_FLOW": 6, "HYBAS_L12": 4121158050.0, "Shape_Length": 0.0058925565098523914 }, "geometry": { "type": "MultiLineString", "coordinates": [ [ [ 80.37708333333299, 7.322916666666522 ], [ 80.372916666666328, 7.31875 ] ] ] } },
{ "type": "Feature", "properties": { "HYRIV_ID": 41404227, "NEXT_DOWN": 41404168, "MAIN_RIV": 41404427, "LENGTH_KM": 2.1, "DIST_DN_KM": 91.0, "DIST_UP_KM": 4.8, "CATCH_SKM": 5.96, "UPLAND_SKM": 6.0, "ENDORHEIC": 0, "DIS_AV_CMS": 0.174, "ORD_STRA": 1, "ORD_CLAS": 3, "ORD_FLOW": 7, "HYBAS_L12": 4121158050.0, "Shape_Length": 0.018898057941341511 }, "geometry": { "type": "MultiLineString", "coordinates": [ [ [ 80.47083333333299, 7.316666666666585 ], [ 80.477083333332956, 7.322916666666522 ], [ 80.477083333332956, 7.327083333333228 ], [ 80.472916666666293, 7.331249999999876 ] ] ] } },
{ "type": "Feature", "properties": { "HYRIV_ID": 41404228, "NEXT_DOWN": 41404168, "MAIN_RIV": 41404427, "LENGTH_KM": 7.2600002, "DIST_DN_KM": 90.800003, "DIST_UP_KM": 9.6, "CATCH_SKM": 29.809999, "UPLAND_SKM": 29.8, "ENDORHEIC": 0, "DIS_AV_CMS": 0.86, "ORD_STRA": 1, "ORD_CLAS": 2, "ORD_FLOW": 7, "HYBAS_L12": 4121158050.0, "Shape_Length": 0.06574239413759668 }, "geometry": { "type": "MultiLineString", "coordinates": [ [ [ 80.529166666666271, 7.316666666666585 ], [ 80.522916666666305, 7.322916666666522 ], [ 80.518749999999642, 7.322916666666522 ], [ 80.514583333332979, 7.31875 ], [ 80.506249999999653, 7.31875 ], [ 80.50208333333299, 7.322916666666522 ], [ 80.493749999999665, 7.322916666666522 ], [ 80.489583333332945, 7.327083333333228 ], [ 80.481249999999619, 7.327083333333228 ], [ 80.477083333332956, 7.331249999999876 ], [ 80.472916666666293, 7.331249999999876 ] ] ] } },
{ "type": "Feature", "properties": { "HYRIV_ID": 41404236, "NEXT_DOWN": 41404304, "MAIN_RIV": 41404427, "LENGTH_KM": 1.11, "DIST_DN_KM": 21.8, "DIST_UP_KM": 97.5, "CATCH_SKM": 1.7, "UPLAND_SKM": 1341.2, "ENDORHEIC": 0, "DIS_AV_CMS": 37.855, "ORD_STRA": 4, "ORD_CLAS": 1, "ORD_FLOW": 5, "HYBAS_L12": 4120049090.0, "Shape_Length": 0.010059223176622355 }, "geometry": { "type": "MultiLineString", "coordinates": [ [ [ 80.00624999999971, 7.31875 ], [ 80.00208333333299, 7.31875 ], [ 79.997916666666328, 7.314583333333211 ] ] ] } },
{ "type": "Feature", "properties": { "HYRIV_ID": 41404237, "NEXT_DOWN": 41404257, "MAIN_RIV": 41404427, "LENGTH_KM": 2.8800001, "DIST_DN_KM": 40.5, "DIST_UP_KM": 78.800003, "CATCH_SKM": 7.8800001, "UPLAND_SKM": 1158.3, "ENDORHEIC": 0, "DIS_AV_CMS": 33.258999, "ORD_STRA": 4, "ORD_CLAS": 1, "ORD_FLOW": 5, "HYBAS_L12": 4121601680.0, "Shape_Length": 0.026011002863050303 }, "geometry": { "type": "MultiLineString", "coordinates": [ [ [ 80.147916666666362, 7.314583333333211 ], [ 80.135416666666373, 7.327083333333228 ], [ 80.12708333333299, 7.327083333333228 ] ] ] } },
{ "type": "Feature", "properties": { "HYRIV_ID": 41404238, "NEXT_DOWN": 41404237, "MAIN_RIV": 41404427, "LENGTH_KM": 3.99, "DIST_DN_KM": 43.3, "DIST_UP_KM": 25.8, "CATCH_SKM": 12.99, "UPLAND_SKM": 228.60001, "ENDORHEIC": 0, "DIS_AV_CMS": 6.2179999, "ORD_STRA": 3, "ORD_CLAS": 2, "ORD_FLOW": 6, "HYBAS_L12": 4121158060.0, "Shape_Length": 0.036070226039581509 }, "geometry": { "type": "MultiLineString", "coordinates": [ [ [ 80.172916666666396, 7.335416666666539 ], [ 80.16458333333307, 7.327083333333228 ], [ 80.16458333333307, 7.322916666666522 ], [ 80.156249999999687, 7.314583333333211 ], [ 80.147916666666362, 7.314583333333211 ] ] ] } },
{ "type": "Feature", "properties": { "HYRIV_ID": 41404239, "NEXT_DOWN": 41404261, "MAIN_RIV": 41404427, "LENGTH_KM": 3.1400001, "DIST_DN_KM": 65.199997, "DIST_UP_KM": 54.099998, "CATCH_SKM": 5.3200002, "UPLAND_SKM": 650.70001, "ENDORHEIC": 0, "DIS_AV_CMS": 19.146, "ORD_STRA": 4, "ORD_CLAS": 1, "ORD_FLOW": 5, "HYBAS_L12": 4121601690.0, "Shape_Length": 0.028451779686399933 }, "geometry": { "type": "MultiLineString", "coordinates": [ [ [ 80.306249999999608, 7.31875 ], [ 80.297916666666396, 7.31875 ], [ 80.293749999999733, 7.314583333333211 ], [ 80.28541666666635, 7.314583333333211 ], [ 80.281249999999687, 7.31875 ] ] ] } },
{ "type": "Feature", "properties": { "HYRIV_ID": 41404240, "NEXT_DOWN": 41404222, "MAIN_RIV": 41404427, "LENGTH_KM": 5.56, "DIST_DN_KM": 69.900002, "DIST_UP_KM": 49.400002, "CATCH_SKM": 15.76, "UPLAND_SKM": 560.70001, "ENDORHEIC": 0, "DIS_AV_CMS": 16.656, "ORD_STRA": 4, "ORD_CLAS": 1, "ORD_FLOW": 5, "HYBAS_L12": 4121601690.0, "Shape_Length": 0.050296115882787658 }, "geometry": { "type": "MultiLineString", "coordinates": [ [ [ 80.360416666666282, 7.31875 ], [ 80.356249999999619, 7.31875 ], [ 80.352083333332956, 7.314583333333211 ], [ 80.347916666666293, 7.31875 ], [ 80.343749999999631, 7.31875 ], [ 80.339583333332968, 7.322916666666522 ], [ 80.331249999999642, 7.322916666666522 ], [ 80.327083333332922, 7.327083333333228 ], [ 80.32291666666643, 7.327083333333228 ], [ 80.318749999999596, 7.322916666666522 ] ] ] } },
{ "type": "Feature", "properties": { "HYRIV_ID": 41404255, "NEXT_DOWN": 41404304, "MAIN_RIV": 41404427, "LENGTH_KM": 0.69, "DIST_DN_KM": 21.6, "DIST_UP_KM": 3.7, "CATCH_SKM": 4.04, "UPLAND_SKM": 4.0, "ENDORHEIC": 0, "DIS_AV_CMS": 0.117, "ORD_STRA": 1, "ORD_CLAS": 2, "ORD_FLOW": 7, "HYBAS_L12": 4120049090.0, "Shape_Length": 0.0062499999999943157 }, "geometry": { "type": "MultiLineString", "coordinates": [ [ [ 79.997916666666328, 7.308333333333216 ], [ 79.997916666666328, 7.314583333333211 ] ] ] } },
{ "type": "Feature", "properties": { "HYRIV_ID": 41404256, "NEXT_DOWN": 41404279, "MAIN_RIV": 41404427, "LENGTH_KM": 1.58, "DIST_DN_KM": 36.5, "DIST_UP_KM": 5.8, "CATCH_SKM": 3.1900001, "UPLAND_SKM": 13.0, "ENDORHEIC": 0, "DIS_AV_CMS": 0.366, "ORD_STRA": 2, "ORD_CLAS": 3, "ORD_FLOW": 7, "HYBAS_L12": 4121601680.0, "Shape_Length": 0.014225889843185756 }, "geometry": { "type": "MultiLineString", "coordinates": [ [ [ 80.093749999999631, 7.322916666666522 ], [ 80.093749999999631, 7.31875 ], [ 80.097916666666293, 7.314583333333211 ], [ 80.097916666666293, 7.310416666666548 ] ] ] } },
{ "type": "Feature", "properties": { "HYRIV_ID": 41404257, "NEXT_DOWN": 41404279, "MAIN_RIV": 41404427, "LENGTH_KM": 3.99, "DIST_DN_KM": 36.700001, "DIST_UP_KM": 82.599998, "CATCH_SKM": 8.7299995, "UPLAND_SKM": 1186.8, "ENDORHEIC": 0, "DIS_AV_CMS": 33.918999, "ORD_STRA": 4, "ORD_CLAS": 1, "ORD_FLOW": 5, "HYBAS_L12": 4121601680.0, "Shape_Length": 0.036070226039579073 }, "geometry": { "type": "MultiLineString", "coordinates": [ [ [ 80.12708333333299, 7.327083333333228 ], [ 80.122916666666328, 7.322916666666522 ], [ 80.110416666666339, 7.322916666666522 ], [ 80.097916666666293, 7.310416666666548 ] ] ] } },
{ "type": "Feature", "properties": { "HYRIV_ID": 41404258, "NEXT_DOWN": 41404238, "MAIN_RIV": 41404427, "LENGTH_KM": 3.73, "DIST_DN_KM": 47.5, "DIST_UP_KM": 7.5, "CATCH_SKM": 8.0900002, "UPLAND_SKM": 18.9, "ENDORHEIC": 0, "DIS_AV_CMS": 0.552, "ORD_STRA": 2, "ORD_CLAS": 3, "ORD_FLOW": 7, "HYBAS_L12": 4121158060.0, "Shape_Length": 0.033629449216017709 }, "geometry": { "type": "MultiLineString", "coordinates": [ [ [ 80.193749999999596, 7.310416666666548 ], [ 80.181249999999721, 7.322916666666522 ], [ 80.181249999999721, 7.327083333333228 ], [ 80.172916666666396, 7.335416666666539 ] ] ] } },
{ "type": "Feature", "properties": { "HYRIV_ID": 41404259, "NEXT_DOWN": 41404258, "MAIN_RIV": 41404427, "LENGTH_KM": 1.34, "DIST_DN_KM": 51.3, "DIST_UP_KM": 3.8, "CATCH_SKM": 5.54, "UPLAND_SKM": 5.5, "ENDORHEIC": 0, "DIS_AV_CMS": 0.161, "ORD_STRA": 1, "ORD_CLAS": 3, "ORD_FLOW": 7, "HYBAS_L12": 4121158060.0, "Shape_Length": 0.012142556509945468 }, "geometry": { "type": "MultiLineString", "coordinates": [ [ [ 80.204166666666339, 7.314583333333211 ], [ 80.197916666666316, 7.314583333333211 ], [ 80.193749999999596, 7.310416666666548 ] ] ] } },
{ "type": "Feature", "properties": { "HYRIV_ID": 41404260, "NEXT_DOWN": 41404305, "MAIN_RIV": 41404427, "LENGTH_KM": 0.69, "DIST_DN_KM": 62.8, "DIST_UP_KM": 3.6, "CATCH_SKM": 3.83, "UPLAND_SKM": 3.8, "ENDORHEIC": 0, "DIS_AV_CMS": 0.111, "ORD_STRA": 1, "ORD_CLAS": 2, "ORD_FLOW": 7, "HYBAS_L12": 4121601730.0, "Shape_Length": 0.0062500000000369482 }, "geometry": { "type": "MultiLineString", "coordinates": [ [ [ 80.264583333332979, 7.316666666666585 ], [ 80.264583333332979, 7.310416666666548 ] ] ] } },
{ "type": "Feature", "properties": { "HYRIV_ID": 41404261, "NEXT_DOWN": 41404305, "MAIN_RIV": 41404427, "LENGTH_KM": 2.22, "DIST_DN_KM": 63.0, "DIST_UP_KM": 56.3, "CATCH_SKM": 6.81, "UPLAND_SKM": 669.90002, "ENDORHEIC": 0, "DIS_AV_CMS": 19.653999, "ORD_STRA": 4, "ORD_CLAS": 1, "ORD_FLOW": 5, "HYBAS_L12": 4121601730.0, "Shape_Length": 0.020118446353151118 }, "geometry": { "type": "MultiLineString", "coordinates": [ [ [ 80.281249999999687, 7.31875 ], [ 80.277083333333024, 7.31875 ], [ 80.272916666666362, 7.314583333333211 ], [ 80.268749999999699, 7.314583333333211 ], [ 80.264583333332979, 7.310416666666548 ] ] ] } },
{ "type": "Feature", "properties": { "HYRIV_ID": 41404270, "NEXT_DOWN": 41404219, "MAIN_RIV": 41404427, "LENGTH_KM": 1.58, "DIST_DN_KM": 25.4, "DIST_UP_KM": 93.800003, "CATCH_SKM": 4.4699998, "UPLAND_SKM": 1312.9, "ENDORHEIC": 0, "DIS_AV_CMS": 37.220001, "ORD_STRA": 4, "ORD_CLAS": 1, "ORD_FLOW": 5, "HYBAS_L12": 4121601680.0, "Shape_Length": 0.014225889843276907 }, "geometry": { "type": "MultiLineString", "coordinates": [ [ [ 80.031249999999744, 7.306249999999885 ], [ 80.031249999999744, 7.310416666666548 ], [ 80.027083333333024, 7.314583333333211 ], [ 80.027083333333024, 7.31875 ] ] ] } },
{ "type": "Feature", "properties": { "HYRIV_ID": 41404271, "NEXT_DOWN": 41404258, "MAIN_RIV": 41404427, "LENGTH_KM": 0.69, "DIST_DN_KM": 51.099998, "DIST_UP_KM": 2.7, "CATCH_SKM": 5.3200002, "UPLAND_SKM": 5.3, "ENDORHEIC": 0, "DIS_AV_CMS": 0.15700001, "ORD_STRA": 1, "ORD_CLAS": 4, "ORD_FLOW": 7, "HYBAS_L12": 4121158060.0, "Shape_Length": 0.0062499999999801048 }, "geometry": { "type": "MultiLineString", "coordinates": [ [ [ 80.193749999999596, 7.304166666666568 ], [ 80.193749999999596, 7.310416666666548 ] ] ] } },
{ "type": "Feature", "properties": { "HYRIV_ID": 41404272, "NEXT_DOWN": 41404239, "MAIN_RIV": 41404427, "LENGTH_KM": 1.77, "DIST_DN_KM": 68.099998, "DIST_UP_KM": 8.0, "CATCH_SKM": 7.8800001, "UPLAND_SKM": 33.900002, "ENDORHEIC": 0, "DIS_AV_CMS": 1.01, "ORD_STRA": 2, "ORD_CLAS": 2, "ORD_FLOW": 6, "HYBAS_L12": 4121601690.0, "Shape_Length": 0.015951779686536761 }, "geometry": { "type": "MultiLineString", "coordinates": [ [ [ 80.314583333333047, 7.306249999999885 ], [ 80.306249999999608, 7.314583333333211 ], [ 80.306249999999608, 7.31875 ] ] ] } },
{ "type": "Feature", "properties": { "HYRIV_ID": 41404279, "NEXT_DOWN": 41404339, "MAIN_RIV": 41404427, "LENGTH_KM": 2.22, "DIST_DN_KM": 34.400002, "DIST_UP_KM": 84.800003, "CATCH_SKM": 4.4699998, "UPLAND_SKM": 1239.6, "ENDORHEIC": 0, "DIS_AV_CMS": 35.391998, "ORD_STRA": 4, "ORD_CLAS": 1, "ORD_FLOW": 5, "HYBAS_L12": 4121601680.0, "Shape_Length": 0.020118446353080778 }, "geometry": { "type": "MultiLineString", "coordinates": [ [ [ 80.097916666666293, 7.310416666666548 ], [ 80.093749999999631, 7.306249999999885 ], [ 80.085416666666305, 7.306249999999885 ], [ 80.081249999999642, 7.302083333333236 ] ] ] } },
{ "type": "Feature", "properties": { "HYRIV_ID": 41404280, "NEXT_DOWN": 41404237, "MAIN_RIV": 41404427, "LENGTH_KM": 1.77, "DIST_DN_KM": 43.3, "DIST_UP_KM": 75.900002, "CATCH_SKM": 2.77, "UPLAND_SKM": 921.79999, "ENDORHEIC": 0, "DIS_AV_CMS": 26.913, "ORD_STRA": 4, "ORD_CLAS": 1, "ORD_FLOW": 5, "HYBAS_L12": 4121158080.0, "Shape_Length": 0.015951779686417901 }, "geometry": { "type": "MultiLineString", "coordinates": [ [ [ 80.147916666666362, 7.302083333333236 ], [ 80.143749999999699, 7.306249999999885 ], [ 80.147916666666362, 7.310416666666548 ], [ 80.147916666666362, 7.314583333333211 ] ] ] } },
{ "type": "Feature", "properties": { "HYRIV_ID": 41404294, "NEXT_DOWN": 41404339, "MAIN_RIV": 41404427, "LENGTH_KM": 1.4400001, "DIST_DN_KM": 34.3, "DIST_UP_KM": 3.7, "CATCH_SKM": 5.3200002, "UPLAND_SKM": 5.3, "ENDORHEIC": 0, "DIS_AV_CMS": 0.15700001, "ORD_STRA": 1, "ORD_CLAS": 2, "ORD_FLOW": 7, "HYBAS_L12": 4121601680.0, "Shape_Length": 0.01300550143149673 }, "geometry": { "type": "MultiLineString", "coordinates": [ [ [ 80.091666666666271, 7.295833333333199 ], [ 80.085416666666305, 7.302083333333236 ], [ 80.081249999999642, 7.302083333333236 ] ] ] } },
{ "type": "Feature", "properties": { "HYRIV_ID": 41404302, "NEXT_DOWN": 41404364, "MAIN_RIV": 41404427, "LENGTH_KM": 4.0, "DIST_DN_KM": 16.3, "DIST_UP_KM": 8.0, "CATCH_SKM": 10.22, "UPLAND_SKM": 23.200001, "ENDORHEIC": 0, "DIS_AV_CMS": 0.65200001, "ORD_STRA": 2, "ORD_CLAS": 2, "ORD_FLOW": 7, "HYBAS_L12": 4120049090.0, "Shape_Length": 0.036070226039486189 }, "geometry": { "type": "MultiLineString", "coordinates": [ [ [ 79.977083333332956, 7.322916666666522 ], [ 79.977083333332956, 7.31875 ], [ 79.960416666666305, 7.302083333333236 ], [ 79.960416666666305, 7.29375 ] ] ] } },
{ "type": "Feature", "properties": { "HYRIV_ID": 41404303, "NEXT_DOWN": 41404364, "MAIN_RIV": 41404427, "LENGTH_KM": 1.38, "DIST_DN_KM": 16.3, "DIST_UP_KM": 103.0, "CATCH_SKM": 2.98, "UPLAND_SKM": 1403.4, "ENDORHEIC": 0, "DIS_AV_CMS": 39.700001, "ORD_STRA": 4, "ORD_CLAS": 1, "ORD_FLOW": 5, "HYBAS_L12": 4120049090.0, "Shape_Length": 0.012499999999988631 }, "geometry": { "type": "MultiLineString", "coordinates": [ [ [ 79.972916666666293, 7.29375 ], [ 79.960416666666305, 7.29375 ] ] ] } },
{ "type": "Feature", "properties": { "HYRIV_ID": 41404304, "NEXT_DOWN": 41404303, "MAIN_RIV": 41404427, "LENGTH_KM": 3.99, "DIST_DN_KM": 17.8, "DIST_UP_KM": 101.4, "CATCH_SKM": 10.01, "UPLAND_SKM": 1355.3, "ENDORHEIC": 0, "DIS_AV_CMS": 38.259998, "ORD_STRA": 4, "ORD_CLAS": 1, "ORD_FLOW": 5, "HYBAS_L12": 4120049090.0, "Shape_Length": 0.036070226039548924 }, "geometry": { "type": "MultiLineString", "coordinates": [ [ [ 79.997916666666328, 7.314583333333211 ], [ 79.993749999999665, 7.314583333333211 ], [ 79.989583333333002, 7.310416666666548 ], [ 79.989583333333002, 7.306249999999885 ], [ 79.985416666666339, 7.306249999999885 ], [ 79.972916666666293, 7.29375 ] ] ] } },
{ "type": "Feature", "properties": { "HYRIV_ID": 41404305, "NEXT_DOWN": 41404430, "MAIN_RIV": 41404427, "LENGTH_KM": 3.53, "DIST_DN_KM": 59.400002, "DIST_UP_KM": 59.8, "CATCH_SKM": 13.63, "UPLAND_SKM": 687.29999, "ENDORHEIC": 0, "DIS_AV_CMS": 20.094999, "ORD_STRA": 4, "ORD_CLAS": 1, "ORD_FLOW": 5, "HYBAS_L12": 4121601730.0, "Shape_Length": 0.031903559372886046 }, "geometry": { "type": "MultiLineString", "coordinates": [ [ [ 80.264583333332979, 7.310416666666548 ], [ 80.260416666666316, 7.306249999999885 ], [ 80.256249999999653, 7.306249999999885 ], [ 80.247916666666328, 7.297916666666531 ], [ 80.243749999999665, 7.297916666666531 ], [ 80.239583333332945, 7.29375 ] ] ] } },
{ "type": "Feature", "properties": { "HYRIV_ID": 41404306, "NEXT_DOWN": 41404224, "MAIN_RIV": 41404427, "LENGTH_KM": 3.2, "DIST_DN_KM": 75.699997, "DIST_UP_KM": 6.2, "CATCH_SKM": 10.22, "UPLAND_SKM": 10.2, "ENDORHEIC": 0, "DIS_AV_CMS": 0.304, "ORD_STRA": 1, "ORD_CLAS": 2, "ORD_FLOW": 7, "HYBAS_L12": 4121601690.0, "Shape_Length": 0.02880922317662956 }, "geometry": { "type": "MultiLineString", "coordinates": [ [ [ 80.368749999999665, 7.291666666666536 ], [ 80.368749999999665, 7.302083333333236 ], [ 80.364583333332945, 7.306249999999885 ], [ 80.364583333332945, 7.31875 ] ] ] } },
{ "type": "Feature", "properties": { "HYRIV_ID": 41404307, "NEXT_DOWN": 41404225, "MAIN_RIV": 41404427, "LENGTH_KM": 3.35, "DIST_DN_KM": 76.800003, "DIST_UP_KM": 42.400002, "CATCH_SKM": 8.9399996, "UPLAND_SKM": 351.20001, "ENDORHEIC": 0, "DIS_AV_CMS": 10.886, "ORD_STRA": 3, "ORD_CLAS": 1, "ORD_FLOW": 5, "HYBAS_L12": 4121158070.0, "Shape_Length": 0.030177669529646289 }, "geometry": { "type": "MultiLineString", "coordinates": [ [ [ 80.385416666666316, 7.29375 ], [ 80.385416666666316, 7.302083333333236 ], [ 80.381249999999653, 7.306249999999885 ], [ 80.381249999999653, 7.310416666666548 ], [ 80.372916666666328, 7.31875 ] ] ] } },
{ "type": "Feature", "properties": { "HYRIV_ID": 41404318, "NEXT_DOWN": 41404280, "MAIN_RIV": 41404427, "LENGTH_KM": 1.62, "DIST_DN_KM": 45.099998, "DIST_UP_KM": 3.8, "CATCH_SKM": 6.6, "UPLAND_SKM": 6.6, "ENDORHEIC": 0, "DIS_AV_CMS": 0.196, "ORD_STRA": 1, "ORD_CLAS": 2, "ORD_FLOW": 7, "HYBAS_L12": 4121158080.0, "Shape_Length": 0.014583333333348492 }, "geometry": { "type": "MultiLineString", "coordinates": [ [ [ 80.147916666666362, 7.287499999999888 ], [ 80.147916666666362, 7.302083333333236 ] ] ] } },
{ "type": "Feature", "properties": { "HYRIV_ID": 41404319, "NEXT_DOWN": 41404272, "MAIN_RIV": 41404427, "LENGTH_KM": 2.46, "DIST_DN_KM": 70.099998, "DIST_UP_KM": 4.7, "CATCH_SKM": 9.58, "UPLAND_SKM": 9.6, "ENDORHEIC": 0, "DIS_AV_CMS": 0.287, "ORD_STRA": 1, "ORD_CLAS": 3, "ORD_FLOW": 7, "HYBAS_L12": 4121601690.0, "Shape_Length": 0.022201779686533515 }, "geometry": { "type": "MultiLineString", "coordinates": [ [ [ 80.306249999999608, 7.287499999999888 ], [ 80.306249999999608, 7.29375 ], [ 80.310416666666271, 7.297916666666531 ], [ 80.310416666666271, 7.302083333333236 ], [ 80.314583333333047, 7.306249999999885 ] ] ] } },
{ "type": "Feature", "properties": { "HYRIV_ID": 41404320, "NEXT_DOWN": 41404272, "MAIN_RIV": 41404427, "LENGTH_KM": 2.23, "DIST_DN_KM": 70.099998, "DIST_UP_KM": 6.0, "CATCH_SKM": 3.83, "UPLAND_SKM": 16.4, "ENDORHEIC": 0, "DIS_AV_CMS": 0.49200001, "ORD_STRA": 2, "ORD_CLAS": 2, "ORD_FLOW": 7, "HYBAS_L12": 4121601690.0, "Shape_Length": 0.020118446353136907 }, "geometry": { "type": "MultiLineString", "coordinates": [ [ [ 80.32291666666643, 7.289583333333219 ], [ 80.32291666666643, 7.297916666666531 ], [ 80.314583333333047, 7.306249999999885 ] ] ] } },
{ "type": "Feature", "properties": { "HYRIV_ID": 41404321, "NEXT_DOWN": 41404307, "MAIN_RIV": 41404427, "LENGTH_KM": 3.4100001, "DIST_DN_KM": 80.199997, "DIST_UP_KM": 39.099998, "CATCH_SKM": 8.5200005, "UPLAND_SKM": 305.60001, "ENDORHEIC": 0, "DIS_AV_CMS": 9.5480003, "ORD_STRA": 3, "ORD_CLAS": 1, "ORD_FLOW": 6, "HYBAS_L12": 4121158070.0, "Shape_Length": 0.03089255650993674 }, "geometry": { "type": "MultiLineString", "coordinates": [ [ [ 80.414583333333013, 7.289583333333219 ], [ 80.389583333332979, 7.289583333333219 ], [ 80.385416666666316, 7.29375 ] ] ] } },
{ "type": "Feature", "properties": { "HYRIV_ID": 41404322, "NEXT_DOWN": 41404321, "MAIN_RIV": 41404427, "LENGTH_KM": 2.27, "DIST_DN_KM": 83.400002, "DIST_UP_KM": 5.1, "CATCH_SKM": 8.9399996, "UPLAND_SKM": 8.9, "ENDORHEIC": 0, "DIS_AV_CMS": 0.26100001, "ORD_STRA": 1, "ORD_CLAS": 2, "ORD_FLOW": 7, "HYBAS_L12": 4121158070.0, "Shape_Length": 0.020475889843262898 }, "geometry": { "type": "MultiLineString", "coordinates": [ [ [ 80.422916666666396, 7.304166666666568 ], [ 80.422916666666396, 7.29375 ], [ 80.418749999999676, 7.289583333333219 ], [ 80.414583333333013, 7.289583333333219 ] ] ] } },
{ "type": "Feature", "properties": { "HYRIV_ID": 41404338, "NEXT_DOWN": 41404270, "MAIN_RIV": 41404427, "LENGTH_KM": 4.1799998, "DIST_DN_KM": 27.200001, "DIST_UP_KM": 92.099998, "CATCH_SKM": 13.41, "UPLAND_SKM": 1295.0, "ENDORHEIC": 0, "DIS_AV_CMS": 36.765999, "ORD_STRA": 4, "ORD_CLAS": 1, "ORD_FLOW": 5, "HYBAS_L12": 4121601680.0, "Shape_Length": 0.037796115882668097 }, "geometry": { "type": "MultiLineString", "coordinates": [ [ [ 80.060416666666271, 7.285416666666556 ], [ 80.047916666666396, 7.297916666666531 ], [ 80.043749999999619, 7.297916666666531 ], [ 80.039583333332956, 7.302083333333236 ], [ 80.035416666666407, 7.302083333333236 ], [ 80.031249999999744, 7.306249999999885 ] ] ] } },
{ "type": "Feature", "properties": { "HYRIV_ID": 41404339, "NEXT_DOWN": 41404338, "MAIN_RIV": 41404427, "LENGTH_KM": 3.07, "DIST_DN_KM": 31.4, "DIST_UP_KM": 87.900002, "CATCH_SKM": 10.01, "UPLAND_SKM": 1255.0, "ENDORHEIC": 0, "DIS_AV_CMS": 35.731998, "ORD_STRA": 4, "ORD_CLAS": 1, "ORD_FLOW": 5, "HYBAS_L12": 4121601680.0, "Shape_Length": 0.027736892706236665 }, "geometry": { "type": "MultiLineString", "coordinates": [ [ [ 80.081249999999642, 7.302083333333236 ], [ 80.068749999999596, 7.289583333333219 ], [ 80.06458333333299, 7.289583333333219 ], [ 80.060416666666271, 7.285416666666556 ] ] ] } },
{ "type": "Feature", "properties": { "HYRIV_ID": 41404340, "NEXT_DOWN": 41404320, "MAIN_RIV": 41404427, "LENGTH_KM": 1.4400001, "DIST_DN_KM": 72.099998, "DIST_UP_KM": 4.0, "CATCH_SKM": 5.3200002, "UPLAND_SKM": 5.3, "ENDORHEIC": 0, "DIS_AV_CMS": 0.161, "ORD_STRA": 1, "ORD_CLAS": 2, "ORD_FLOW": 7, "HYBAS_L12": 4121601690.0, "Shape_Length": 0.013005501431637114 }, "geometry": { "type": "MultiLineString", "coordinates": [ [ [ 80.312499999999631, 7.283333333333225 ], [ 80.318749999999596, 7.289583333333219 ], [ 80.32291666666643, 7.289583333333219 ] ] ] } },
{ "type": "Feature", "properties": { "HYRIV_ID": 41404341, "NEXT_DOWN": 41404320, "MAIN_RIV": 41404427, "LENGTH_KM": 0.98, "DIST_DN_KM": 72.300003, "DIST_UP_KM": 2.9, "CATCH_SKM": 7.2399998, "UPLAND_SKM": 7.2, "ENDORHEIC": 0, "DIS_AV_CMS": 0.218, "ORD_STRA": 1, "ORD_CLAS": 3, "ORD_FLOW": 7, "HYBAS_L12": 4121601690.0, "Shape_Length": 0.0088388347647635132 }, "geometry": { "type": "MultiLineString", "coordinates": [ [ [ 80.329166666666339, 7.283333333333225 ], [ 80.32291666666643, 7.289583333333219 ] ] ] } },
{ "type": "Feature", "properties": { "HYRIV_ID": 41404342, "NEXT_DOWN": 41404369, "MAIN_RIV": 41404427, "LENGTH_KM": 1.4400001, "DIST_DN_KM": 88.099998, "DIST_UP_KM": 3.8, "CATCH_SKM": 4.9, "UPLAND_SKM": 4.9, "ENDORHEIC": 0, "DIS_AV_CMS": 0.144, "ORD_STRA": 1, "ORD_CLAS": 3, "ORD_FLOW": 7, "HYBAS_L12": 4121158070.0, "Shape_Length": 0.013005501431456536 }, "geometry": { "type": "MultiLineString", "coordinates": [ [ [ 80.445833333332956, 7.295833333333199 ], [ 80.452083333332922, 7.289583333333219 ], [ 80.452083333332922, 7.285416666666556 ] ] ] } },
{ "type": "Feature", "properties": { "HYRIV_ID": 41404363, "NEXT_DOWN": 41404389, "MAIN_RIV": 41404427, "LENGTH_KM": 1.16, "DIST_DN_KM": 11.8, "DIST_UP_KM": 4.1, "CATCH_SKM": 5.3200002, "UPLAND_SKM": 5.3, "ENDORHEIC": 0, "DIS_AV_CMS": 0.152, "ORD_STRA": 1, "ORD_CLAS": 2, "ORD_FLOW": 7, "HYBAS_L12": 4120049090.0, "Shape_Length": 0.010416666666642982 }, "geometry": { "type": "MultiLineString", "coordinates": [ [ [ 79.931249999999778, 7.291666666666536 ], [ 79.931249999999778, 7.281249999999893 ] ] ] } },
{ "type": "Feature", "properties": { "HYRIV_ID": 41404364, "NEXT_DOWN": 41404390, "MAIN_RIV": 41404427, "LENGTH_KM": 1.77, "DIST_DN_KM": 14.7, "DIST_UP_KM": 104.6, "CATCH_SKM": 4.4699998, "UPLAND_SKM": 1431.1, "ENDORHEIC": 0, "DIS_AV_CMS": 40.48, "ORD_STRA": 4, "ORD_CLAS": 1, "ORD_FLOW": 5, "HYBAS_L12": 4120049090.0, "Shape_Length": 0.015951779686448047 }, "geometry": { "type": "MultiLineString", "coordinates": [ [ [ 79.960416666666305, 7.29375 ], [ 79.956249999999642, 7.289583333333219 ], [ 79.956249999999642, 7.285416666666556 ], [ 79.952083333332979, 7.281249999999893 ] ] ] } },
{ "type": "Feature", "properties": { "HYRIV_ID": 41404365, "NEXT_DOWN": 41404390, "MAIN_RIV": 41404427, "LENGTH_KM": 0.69, "DIST_DN_KM": 14.5, "DIST_UP_KM": 2.7, "CATCH_SKM": 4.2600002, "UPLAND_SKM": 4.3, "ENDORHEIC": 0, "DIS_AV_CMS": 0.125, "ORD_STRA": 1, "ORD_CLAS": 2, "ORD_FLOW": 7, "HYBAS_L12": 4120049090.0, "Shape_Length": 0.0062500000000795808 }, "geometry": { "type": "MultiLineString", "coordinates": [ [ [ 79.958333333333059, 7.281249999999893 ], [ 79.952083333332979, 7.281249999999893 ] ] ] } },
{ "type": "Feature", "properties": { "HYRIV_ID": 41404366, "NEXT_DOWN": 41404279, "MAIN_RIV": 41404427, "LENGTH_KM": 4.46, "DIST_DN_KM": 36.700001, "DIST_UP_KM": 13.7, "CATCH_SKM": 9.58, "UPLAND_SKM": 35.3, "ENDORHEIC": 0, "DIS_AV_CMS": 1.063, "ORD_STRA": 2, "ORD_CLAS": 2, "ORD_FLOW": 6, "HYBAS_L12": 4121601680.0, "Shape_Length": 0.040236892706219413 }, "geometry": { "type": "MultiLineString", "coordinates": [ [ [ 80.118749999999665, 7.281249999999893 ], [ 80.118749999999665, 7.289583333333219 ], [ 80.114583333333002, 7.29375 ], [ 80.114583333333002, 7.297916666666531 ], [ 80.106249999999619, 7.306249999999885 ], [ 80.102083333332956, 7.306249999999885 ], [ 80.097916666666293, 7.310416666666548 ] ] ] } },
{ "type": "Feature", "properties": { "HYRIV_ID": 41404367, "NEXT_DOWN": 41404280, "MAIN_RIV": 41404427, "LENGTH_KM": 3.53, "DIST_DN_KM": 45.3, "DIST_UP_KM": 74.0, "CATCH_SKM": 8.3, "UPLAND_SKM": 912.40002, "ENDORHEIC": 0, "DIS_AV_CMS": 26.684999, "ORD_STRA": 4, "ORD_CLAS": 1, "ORD_FLOW": 5, "HYBAS_L12": 4121158080.0, "Shape_Length": 0.031903559372852455 }, "geometry": { "type": "MultiLineString", "coordinates": [ [ [ 80.168749999999619, 7.281249999999893 ], [ 80.168749999999619, 7.285416666666556 ], [ 80.16458333333307, 7.289583333333219 ], [ 80.16041666666635, 7.289583333333219 ], [ 80.147916666666362, 7.302083333333236 ] ] ] } },
{ "type": "Feature", "properties": { "HYRIV_ID": 41404368, "NEXT_DOWN": 41404321, "MAIN_RIV": 41404427, "LENGTH_KM": 3.1400001, "DIST_DN_KM": 83.599998, "DIST_UP_KM": 35.700001, "CATCH_SKM": 7.4499998, "UPLAND_SKM": 288.10001, "ENDORHEIC": 0, "DIS_AV_CMS": 9.0719995, "ORD_STRA": 3, "ORD_CLAS": 1, "ORD_FLOW": 6, "HYBAS_L12": 4121158070.0, "Shape_Length": 0.028451779686440127 }, "geometry": { "type": "MultiLineString", "coordinates": [ [ [ 80.439583333333047, 7.281249999999893 ], [ 80.435416666666271, 7.285416666666556 ], [ 80.418749999999676, 7.285416666666556 ], [ 80.414583333333013, 7.289583333333219 ] ] ] } },
{ "type": "Feature", "properties": { "HYRIV_ID": 41404369, "NEXT_DOWN": 41404368, "MAIN_RIV": 41404427, "LENGTH_KM": 1.5700001, "DIST_DN_KM": 86.699997, "DIST_UP_KM": 6.1, "CATCH_SKM": 1.7, "UPLAND_SKM": 23.200001, "ENDORHEIC": 0, "DIS_AV_CMS": 0.68699998, "ORD_STRA": 2, "ORD_CLAS": 2, "ORD_FLOW": 7, "HYBAS_L12": 4121158070.0, "Shape_Length": 0.014225889843127903 }, "geometry": { "type": "MultiLineString", "coordinates": [ [ [ 80.452083333332922, 7.285416666666556 ], [ 80.443749999999596, 7.285416666666556 ], [ 80.439583333333047, 7.281249999999893 ] ] ] } },
{ "type": "Feature", "properties": { "HYRIV_ID": 41404388, "NEXT_DOWN": 41404428, "MAIN_RIV": 41404427, "LENGTH_KM": 1.4400001, "DIST_DN_KM": 8.0, "DIST_UP_KM": 4.0, "CATCH_SKM": 6.6, "UPLAND_SKM": 6.6, "ENDORHEIC": 0, "DIS_AV_CMS": 0.189, "ORD_STRA": 1, "ORD_CLAS": 2, "ORD_FLOW": 7, "HYBAS_L12": 4120049090.0, "Shape_Length": 0.013005501431412179 }, "geometry": { "type": "MultiLineString", "coordinates": [ [ [ 79.90833333333299, 7.287499999999888 ], [ 79.902083333333081, 7.281249999999893 ], [ 79.902083333333081, 7.277083333333245 ] ] ] } },
{ "type": "Feature", "properties": { "HYRIV_ID": 41404389, "NEXT_DOWN": 41404411, "MAIN_RIV": 41404427, "LENGTH_KM": 1.11, "DIST_DN_KM": 10.9, "DIST_UP_KM": 108.4, "CATCH_SKM": 1.28, "UPLAND_SKM": 1448.3, "ENDORHEIC": 0, "DIS_AV_CMS": 40.980999, "ORD_STRA": 4, "ORD_CLAS": 1, "ORD_FLOW": 5, "HYBAS_L12": 4120049090.0, "Shape_Length": 0.010059223176625507 }, "geometry": { "type": "MultiLineString", "coordinates": [ [ [ 79.931249999999778, 7.281249999999893 ], [ 79.927083333332945, 7.281249999999893 ], [ 79.922916666666396, 7.277083333333245 ] ] ] } },
{ "type": "Feature", "properties": { "HYRIV_ID": 41404390, "NEXT_DOWN": 41404389, "MAIN_RIV": 41404427, "LENGTH_KM": 2.6800001, "DIST_DN_KM": 11.8, "DIST_UP_KM": 107.5, "CATCH_SKM": 6.39, "UPLAND_SKM": 1441.7, "ENDORHEIC": 0, "DIS_AV_CMS": 40.792, "ORD_STRA": 4, "ORD_CLAS": 1, "ORD_FLOW": 5, "HYBAS_L12": 4120049090.0, "Shape_Length": 0.024285113019636571 }, "geometry": { "type": "MultiLineString", "coordinates": [ [ [ 79.952083333332979, 7.281249999999893 ], [ 79.947916666666316, 7.277083333333245 ], [ 79.943749999999596, 7.277083333333245 ], [ 79.93958333333299, 7.281249999999893 ], [ 79.931249999999778, 7.281249999999893 ] ] ] } },
{ "type": "Feature", "properties": { "HYRIV_ID": 41404391, "NEXT_DOWN": 41404270, "MAIN_RIV": 41404427, "LENGTH_KM": 4.79, "DIST_DN_KM": 27.0, "DIST_UP_KM": 6.9, "CATCH_SKM": 13.41, "UPLAND_SKM": 13.4, "ENDORHEIC": 0, "DIS_AV_CMS": 0.394, "ORD_STRA": 1, "ORD_CLAS": 2, "ORD_FLOW": 7, "HYBAS_L12": 4121601680.0, "Shape_Length": 0.043183170961151346 }, "geometry": { "type": "MultiLineString", "coordinates": [ [ [ 80.045833333332979, 7.275 ], [ 80.031249999999744, 7.289583333333219 ], [ 80.027083333333024, 7.289583333333219 ], [ 80.027083333333024, 7.297916666666531 ], [ 80.031249999999744, 7.302083333333236 ], [ 80.031249999999744, 7.306249999999885 ] ] ] } },
{ "type": "Feature", "properties": { "HYRIV_ID": 41404392, "NEXT_DOWN": 41404369, "MAIN_RIV": 41404427, "LENGTH_KM": 2.09, "DIST_DN_KM": 88.099998, "DIST_UP_KM": 4.7, "CATCH_SKM": 16.610001, "UPLAND_SKM": 16.6, "ENDORHEIC": 0, "DIS_AV_CMS": 0.494, "ORD_STRA": 1, "ORD_CLAS": 2, "ORD_FLOW": 7, "HYBAS_L12": 4121158070.0, "Shape_Length": 0.018898057941436112 }, "geometry": { "type": "MultiLineString", "coordinates": [ [ [ 80.466666666666328, 7.275 ], [ 80.456249999999642, 7.285416666666556 ], [ 80.452083333332922, 7.285416666666556 ] ] ] } },
{ "type": "Feature", "properties": { "HYRIV_ID": 41404410, "NEXT_DOWN": 41404428, "MAIN_RIV": 41404427, "LENGTH_KM": 1.11, "DIST_DN_KM": 8.2, "DIST_UP_KM": 111.1, "CATCH_SKM": 2.34, "UPLAND_SKM": 1478.1, "ENDORHEIC": 0, "DIS_AV_CMS": 41.862999, "ORD_STRA": 4, "ORD_CLAS": 1, "ORD_FLOW": 5, "HYBAS_L12": 4120049090.0, "Shape_Length": 0.010059223176461872 }, "geometry": { "type": "MultiLineString", "coordinates": [ [ [ 79.910416666666293, 7.272916666666539 ], [ 79.906249999999744, 7.272916666666539 ], [ 79.902083333333081, 7.277083333333245 ] ] ] } },
{ "type": "Feature", "properties": { "HYRIV_ID": 41404411, "NEXT_DOWN": 41404410, "MAIN_RIV": 41404427, "LENGTH_KM": 1.5700001, "DIST_DN_KM": 9.1, "DIST_UP_KM": 110.2, "CATCH_SKM": 2.77, "UPLAND_SKM": 1462.4, "ENDORHEIC": 0, "DIS_AV_CMS": 41.396, "ORD_STRA": 4, "ORD_CLAS": 1, "ORD_FLOW": 5, "HYBAS_L12": 4120049090.0, "Shape_Length": 0.014225889843352123 }, "geometry": { "type": "MultiLineString", "coordinates": [ [ [ 79.922916666666396, 7.277083333333245 ], [ 79.918749999999619, 7.277083333333245 ], [ 79.914583333332956, 7.272916666666539 ], [ 79.910416666666293, 7.272916666666539 ] ] ] } },
{ "type": "Feature", "properties": { "HYRIV_ID": 41404412, "NEXT_DOWN": 41404366, "MAIN_RIV": 41404427, "LENGTH_KM": 1.4400001, "DIST_DN_KM": 40.900002, "DIST_UP_KM": 3.8, "CATCH_SKM": 4.9, "UPLAND_SKM": 4.9, "ENDORHEIC": 0, "DIS_AV_CMS": 0.147, "ORD_STRA": 1, "ORD_CLAS": 3, "ORD_FLOW": 7, "HYBAS_L12": 4121601680.0, "Shape_Length": 0.013005501431442325 }, "geometry": { "type": "MultiLineString", "coordinates": [ [ [ 80.112499999999756, 7.270833333333208 ], [ 80.118749999999665, 7.277083333333245 ], [ 80.118749999999665, 7.281249999999893 ] ] ] } },
{ "type": "Feature", "properties": { "HYRIV_ID": 41404413, "NEXT_DOWN": 41404430, "MAIN_RIV": 41404427, "LENGTH_KM": 3.1500001, "DIST_DN_KM": 59.200001, "DIST_UP_KM": 24.5, "CATCH_SKM": 5.1100001, "UPLAND_SKM": 86.5, "ENDORHEIC": 0, "DIS_AV_CMS": 2.6470001, "ORD_STRA": 2, "ORD_CLAS": 2, "ORD_FLOW": 6, "HYBAS_L12": 4121601730.0, "Shape_Length": 0.02845177968653443 }, "geometry": { "type": "MultiLineString", "coordinates": [ [ [ 80.25208333333299, 7.272916666666539 ], [ 80.25208333333299, 7.277083333333245 ], [ 80.247916666666328, 7.281249999999893 ], [ 80.247916666666328, 7.285416666666556 ], [ 80.243749999999665, 7.289583333333219 ], [ 80.243749999999665, 7.29375 ], [ 80.239583333332945, 7.29375 ] ] ] } },
{ "type": "Feature", "properties": { "HYRIV_ID": 41404414, "NEXT_DOWN": 41404413, "MAIN_RIV": 41404427, "LENGTH_KM": 0.69, "DIST_DN_KM": 62.400002, "DIST_UP_KM": 2.9, "CATCH_SKM": 4.6799998, "UPLAND_SKM": 4.7, "ENDORHEIC": 0, "DIS_AV_CMS": 0.141, "ORD_STRA": 1, "ORD_CLAS": 3, "ORD_FLOW": 7, "HYBAS_L12": 4121601730.0, "Shape_Length": 0.0062499999999658939 }, "geometry": { "type": "MultiLineString", "coordinates": [ [ [ 80.258333333332956, 7.272916666666539 ], [ 80.25208333333299, 7.272916666666539 ] ] ] } },
{ "type": "Feature", "properties": { "HYRIV_ID": 41404427, "NEXT_DOWN": 0, "MAIN_RIV": 41404427, "LENGTH_KM": 1.5700001, "DIST_DN_KM": 0.0, "DIST_UP_KM": 119.0, "CATCH_SKM": 4.0500002, "UPLAND_SKM": 1515.4, "ENDORHEIC": 0, "DIS_AV_CMS": 42.945, "ORD_STRA": 4, "ORD_CLAS": 1, "ORD_FLOW": 5, "HYBAS_L12": 4120049090.0, "Shape_Length": 0.014225889843265133 }, "geometry": { "type": "MultiLineString", "coordinates": [ [ [ 79.856249999999676, 7.268749999999876 ], [ 79.852083333333013, 7.272916666666539 ], [ 79.843749999999631, 7.272916666666539 ] ] ] } },
{ "type": "Feature", "properties": { "HYRIV_ID": 41404428, "NEXT_DOWN": 41404427, "MAIN_RIV": 41404427, "LENGTH_KM": 6.21, "DIST_DN_KM": 2.0, "DIST_UP_KM": 117.3, "CATCH_SKM": 12.78, "UPLAND_SKM": 1497.5, "ENDORHEIC": 0, "DIS_AV_CMS": 42.419998, "ORD_STRA": 4, "ORD_CLAS": 1, "ORD_FLOW": 5, "HYBAS_L12": 4120049090.0, "Shape_Length": 0.056188672392826926 }, "geometry": { "type": "MultiLineString", "coordinates": [ [ [ 79.902083333333081, 7.277083333333245 ], [ 79.893749999999699, 7.277083333333245 ], [ 79.889583333333036, 7.272916666666539 ], [ 79.885416666666373, 7.277083333333245 ], [ 79.881249999999596, 7.277083333333245 ], [ 79.877083333333047, 7.281249999999893 ], [ 79.872916666666328, 7.281249999999893 ], [ 79.864583333333002, 7.272916666666539 ], [ 79.860416666666339, 7.272916666666539 ], [ 79.856249999999676, 7.268749999999876 ] ] ] } },
{ "type": "Feature", "properties": { "HYRIV_ID": 41404429, "NEXT_DOWN": 41404410, "MAIN_RIV": 41404427, "LENGTH_KM": 0.46, "DIST_DN_KM": 9.1, "DIST_UP_KM": 5.8, "CATCH_SKM": 0.21, "UPLAND_SKM": 13.4, "ENDORHEIC": 0, "DIS_AV_CMS": 0.398, "ORD_STRA": 2, "ORD_CLAS": 2, "ORD_FLOW": 7, "HYBAS_L12": 4120049090.0, "Shape_Length": 0.0041666666666628771 }, "geometry": { "type": "MultiLineString", "coordinates": [ [ [ 79.910416666666293, 7.268749999999876 ], [ 79.910416666666293, 7.272916666666539 ] ] ] } },
{ "type": "Feature", "properties": { "HYRIV_ID": 41404430, "NEXT_DOWN": 41404450, "MAIN_RIV": 41404427, "LENGTH_KM": 4.3800001, "DIST_DN_KM": 55.099998, "DIST_UP_KM": 64.199997, "CATCH_SKM": 13.84, "UPLAND_SKM": 787.59998, "ENDORHEIC": 0, "DIS_AV_CMS": 23.059, "ORD_STRA": 4, "ORD_CLAS": 1, "ORD_FLOW": 5, "HYBAS_L12": 4121601730.0, "Shape_Length": 0.039522005725998288 }, "geometry": { "type": "MultiLineString", "coordinates": [ [ [ 80.239583333332945, 7.29375 ], [ 80.227083333332956, 7.281249999999893 ], [ 80.222916666666293, 7.281249999999893 ], [ 80.210416666666305, 7.268749999999876 ] ] ] } },
{ "type": "Feature", "properties": { "HYRIV_ID": 41404449, "NEXT_DOWN": 41404367, "MAIN_RIV": 41404427, "LENGTH_KM": 2.8800001, "DIST_DN_KM": 48.599998, "DIST_UP_KM": 70.599998, "CATCH_SKM": 6.81, "UPLAND_SKM": 876.70001, "ENDORHEIC": 0, "DIS_AV_CMS": 25.684, "ORD_STRA": 4, "ORD_CLAS": 1, "ORD_FLOW": 5, "HYBAS_L12": 4121158080.0, "Shape_Length": 0.026011002863029195 }, "geometry": { "type": "MultiLineString", "coordinates": [ [ [ 80.185416666666271, 7.264583333333228 ], [ 80.177083333332945, 7.272916666666539 ], [ 80.177083333332945, 7.277083333333245 ], [ 80.172916666666396, 7.281249999999893 ], [ 80.168749999999619, 7.281249999999893 ] ] ] } },
{ "type": "Feature", "properties": { "HYRIV_ID": 41404450, "NEXT_DOWN": 41404467, "MAIN_RIV": 41404427, "LENGTH_KM": 0.65, "DIST_DN_KM": 54.400002, "DIST_UP_KM": 64.900002, "CATCH_SKM": 2.1300001, "UPLAND_SKM": 798.90002, "ENDORHEIC": 0, "DIS_AV_CMS": 23.389999, "ORD_STRA": 4, "ORD_CLAS": 1, "ORD_FLOW": 5, "HYBAS_L12": 4121601730.0, "Shape_Length": 0.0058925565098724882 }, "geometry": { "type": "MultiLineString", "coordinates": [ [ [ 80.210416666666305, 7.268749999999876 ], [ 80.206249999999642, 7.264583333333228 ] ] ] } },
{ "type": "Feature", "properties": { "HYRIV_ID": 41404451, "NEXT_DOWN": 41404413, "MAIN_RIV": 41404427, "LENGTH_KM": 1.12, "DIST_DN_KM": 62.400002, "DIST_UP_KM": 21.4, "CATCH_SKM": 2.34, "UPLAND_SKM": 76.699997, "ENDORHEIC": 0, "DIS_AV_CMS": 2.362, "ORD_STRA": 2, "ORD_CLAS": 2, "ORD_FLOW": 6, "HYBAS_L12": 4121601730.0, "Shape_Length": 0.010059223176535365 }, "geometry": { "type": "MultiLineString", "coordinates": [ [ [ 80.256249999999653, 7.264583333333228 ], [ 80.25208333333299, 7.268749999999876 ], [ 80.25208333333299, 7.272916666666539 ] ] ] } },
{ "type": "Feature", "properties": { "HYRIV_ID": 41404452, "NEXT_DOWN": 41404307, "MAIN_RIV": 41404427, "LENGTH_KM": 3.4300001, "DIST_DN_KM": 80.0, "DIST_UP_KM": 10.7, "CATCH_SKM": 10.65, "UPLAND_SKM": 36.599998, "ENDORHEIC": 0, "DIS_AV_CMS": 1.113, "ORD_STRA": 2, "ORD_CLAS": 2, "ORD_FLOW": 6, "HYBAS_L12": 4121158070.0, "Shape_Length": 0.030892556509902431 }, "geometry": { "type": "MultiLineString", "coordinates": [ [ [ 80.381249999999653, 7.264583333333228 ], [ 80.381249999999653, 7.268749999999876 ], [ 80.385416666666316, 7.272916666666539 ], [ 80.385416666666316, 7.29375 ] ] ] } },
{ "type": "Feature", "properties": { "HYRIV_ID": 41404453, "NEXT_DOWN": 41404368, "MAIN_RIV": 41404427, "LENGTH_KM": 2.23, "DIST_DN_KM": 86.5, "DIST_UP_KM": 32.700001, "CATCH_SKM": 3.62, "UPLAND_SKM": 257.5, "ENDORHEIC": 0, "DIS_AV_CMS": 8.1929998, "ORD_STRA": 3, "ORD_CLAS": 1, "ORD_FLOW": 6, "HYBAS_L12": 4121158070.0, "Shape_Length": 0.02011844635313691 }, "geometry": { "type": "MultiLineString", "coordinates": [ [ [ 80.44791666666643, 7.264583333333228 ], [ 80.443749999999596, 7.268749999999876 ], [ 80.443749999999596, 7.272916666666539 ], [ 80.439583333333047, 7.277083333333245 ], [ 80.439583333333047, 7.281249999999893 ] ] ] } },
{ "type": "Feature", "properties": { "HYRIV_ID": 41404461, "NEXT_DOWN": 41404427, "MAIN_RIV": 41404427, "LENGTH_KM": 1.5700001, "DIST_DN_KM": 1.8, "DIST_UP_KM": 6.8, "CATCH_SKM": 1.7, "UPLAND_SKM": 14.1, "ENDORHEIC": 0, "DIS_AV_CMS": 0.415, "ORD_STRA": 2, "ORD_CLAS": 2, "ORD_FLOW": 7, "HYBAS_L12": 4120049090.0, "Shape_Length": 0.014225889843198242 }, "geometry": { "type": "MultiLineString", "coordinates": [ [ [ 79.864583333333002, 7.260416666666565 ], [ 79.864583333333002, 7.264583333333228 ], [ 79.860416666666339, 7.268749999999876 ], [ 79.856249999999676, 7.268749999999876 ] ] ] } },
{ "type": "Feature", "properties": { "HYRIV_ID": 41404462, "NEXT_DOWN": 41404461, "MAIN_RIV": 41404427, "LENGTH_KM": 1.15, "DIST_DN_KM": 3.4, "DIST_UP_KM": 3.8, "CATCH_SKM": 5.1100001, "UPLAND_SKM": 5.1, "ENDORHEIC": 0, "DIS_AV_CMS": 0.15, "ORD_STRA": 1, "ORD_CLAS": 3, "ORD_FLOW": 7, "HYBAS_L12": 4120049090.0, "Shape_Length": 0.010416666666628771 }, "geometry": { "type": "MultiLineString", "coordinates": [ [ [ 79.874999999999631, 7.260416666666565 ], [ 79.864583333333002, 7.260416666666565 ] ] ] } },
{ "type": "Feature", "properties": { "HYRIV_ID": 41404463, "NEXT_DOWN": 41404429, "MAIN_RIV": 41404427, "LENGTH_KM": 1.4400001, "DIST_DN_KM": 9.6, "DIST_UP_KM": 4.2, "CATCH_SKM": 7.0300002, "UPLAND_SKM": 7.0, "ENDORHEIC": 0, "DIS_AV_CMS": 0.20900001, "ORD_STRA": 1, "ORD_CLAS": 3, "ORD_FLOW": 7, "HYBAS_L12": 4120049090.0, "Shape_Length": 0.013005501431522714 }, "geometry": { "type": "MultiLineString", "coordinates": [ [ [ 79.916666666666316, 7.258333333333191 ], [ 79.910416666666293, 7.264583333333228 ], [ 79.910416666666293, 7.268749999999876 ] ] ] } },
{ "type": "Feature", "properties": { "HYRIV_ID": 41404464, "NEXT_DOWN": 41404338, "MAIN_RIV": 41404427, "LENGTH_KM": 3.62, "DIST_DN_KM": 31.200001, "DIST_UP_KM": 9.7, "CATCH_SKM": 8.3, "UPLAND_SKM": 26.6, "ENDORHEIC": 0, "DIS_AV_CMS": 0.8, "ORD_STRA": 2, "ORD_CLAS": 2, "ORD_FLOW": 7, "HYBAS_L12": 4121601680.0, "Shape_Length": 0.032618446353150511 }, "geometry": { "type": "MultiLineString", "coordinates": [ [ [ 80.072916666666316, 7.260416666666565 ], [ 80.068749999999596, 7.264583333333228 ], [ 80.068749999999596, 7.268749999999876 ], [ 80.06458333333299, 7.272916666666539 ], [ 80.06458333333299, 7.285416666666556 ], [ 80.060416666666271, 7.285416666666556 ] ] ] } },
{ "type": "Feature", "properties": { "HYRIV_ID": 41404465, "NEXT_DOWN": 41404464, "MAIN_RIV": 41404427, "LENGTH_KM": 1.4400001, "DIST_DN_KM": 34.8, "DIST_UP_KM": 3.6, "CATCH_SKM": 5.54, "UPLAND_SKM": 5.5, "ENDORHEIC": 0, "DIS_AV_CMS": 0.166, "ORD_STRA": 1, "ORD_CLAS": 3, "ORD_FLOW": 7, "HYBAS_L12": 4121601680.0, "Shape_Length": 0.013005501431536925 }, "geometry": { "type": "MultiLineString", "coordinates": [ [ [ 80.083333333333059, 7.266666666666545 ], [ 80.077083333332979, 7.260416666666565 ], [ 80.072916666666316, 7.260416666666565 ] ] ] } },
{ "type": "Feature", "properties": { "HYRIV_ID": 41404466, "NEXT_DOWN": 41404449, "MAIN_RIV": 41404427, "LENGTH_KM": 0.69, "DIST_DN_KM": 51.5, "DIST_UP_KM": 4.2, "CATCH_SKM": 6.81, "UPLAND_SKM": 6.8, "ENDORHEIC": 0, "DIS_AV_CMS": 0.21, "ORD_STRA": 1, "ORD_CLAS": 2, "ORD_FLOW": 7, "HYBAS_L12": 4121158080.0, "Shape_Length": 0.0062500000000369482 }, "geometry": { "type": "MultiLineString", "coordinates": [ [ [ 80.185416666666271, 7.258333333333191 ], [ 80.185416666666271, 7.264583333333228 ] ] ] } },
{ "type": "Feature", "properties": { "HYRIV_ID": 41404467, "NEXT_DOWN": 41404449, "MAIN_RIV": 41404427, "LENGTH_KM": 2.6800001, "DIST_DN_KM": 51.5, "DIST_UP_KM": 67.800003, "CATCH_SKM": 6.39, "UPLAND_SKM": 863.0, "ENDORHEIC": 0, "DIS_AV_CMS": 25.348, "ORD_STRA": 4, "ORD_CLAS": 1, "ORD_FLOW": 5, "HYBAS_L12": 4121158080.0, "Shape_Length": 0.024285113019860492 }, "geometry": { "type": "MultiLineString", "coordinates": [ [ [ 80.206249999999642, 7.264583333333228 ], [ 80.202083333332979, 7.260416666666565 ], [ 80.193749999999596, 7.260416666666565 ], [ 80.189583333333104, 7.264583333333228 ], [ 80.185416666666271, 7.264583333333228 ] ] ] } },
{ "type": "Feature", "properties": { "HYRIV_ID": 41404478, "NEXT_DOWN": 41404429, "MAIN_RIV": 41404427, "LENGTH_KM": 2.46, "DIST_DN_KM": 9.8, "DIST_UP_KM": 5.1, "CATCH_SKM": 6.1700001, "UPLAND_SKM": 6.2, "ENDORHEIC": 0, "DIS_AV_CMS": 0.183, "ORD_STRA": 1, "ORD_CLAS": 2, "ORD_FLOW": 7, "HYBAS_L12": 4120049090.0, "Shape_Length": 0.022201779686431306 }, "geometry": { "type": "MultiLineString", "coordinates": [ [ [ 79.897916666666362, 7.254166666666528 ], [ 79.897916666666362, 7.260416666666565 ], [ 79.902083333333081, 7.260416666666565 ], [ 79.910416666666293, 7.268749999999876 ] ] ] } },
{ "type": "Feature", "properties": { "HYRIV_ID": 41404479, "NEXT_DOWN": 41404452, "MAIN_RIV": 41404427, "LENGTH_KM": 4.7, "DIST_DN_KM": 83.599998, "DIST_UP_KM": 7.1, "CATCH_SKM": 15.76, "UPLAND_SKM": 15.8, "ENDORHEIC": 0, "DIS_AV_CMS": 0.482, "ORD_STRA": 1, "ORD_CLAS": 2, "ORD_FLOW": 7, "HYBAS_L12": 4121158070.0, "Shape_Length": 0.042468283981046642 }, "geometry": { "type": "MultiLineString", "coordinates": [ [ [ 80.412499999999596, 7.254166666666528 ], [ 80.406249999999687, 7.260416666666565 ], [ 80.402083333333024, 7.256249999999859 ], [ 80.397916666666362, 7.260416666666565 ], [ 80.393749999999642, 7.260416666666565 ], [ 80.389583333332979, 7.256249999999859 ], [ 80.381249999999653, 7.264583333333228 ] ] ] } },
{ "type": "Feature", "properties": { "HYRIV_ID": 41404490, "NEXT_DOWN": 41404450, "MAIN_RIV": 41404427, "LENGTH_KM": 3.57, "DIST_DN_KM": 54.900002, "DIST_UP_KM": 5.8, "CATCH_SKM": 9.1599998, "UPLAND_SKM": 9.2, "ENDORHEIC": 0, "DIS_AV_CMS": 0.28200001, "ORD_STRA": 1, "ORD_CLAS": 2, "ORD_FLOW": 7, "HYBAS_L12": 4121601730.0, "Shape_Length": 0.032261002862973565 }, "geometry": { "type": "MultiLineString", "coordinates": [ [ [ 80.231249999999619, 7.249999999999879 ], [ 80.231249999999619, 7.256249999999859 ], [ 80.227083333332956, 7.260416666666565 ], [ 80.222916666666293, 7.260416666666565 ], [ 80.214583333332968, 7.268749999999876 ], [ 80.210416666666305, 7.268749999999876 ] ] ] } },
{ "type": "Feature", "properties": { "HYRIV_ID": 41404491, "NEXT_DOWN": 41404452, "MAIN_RIV": 41404427, "LENGTH_KM": 2.1, "DIST_DN_KM": 83.599998, "DIST_UP_KM": 4.5, "CATCH_SKM": 10.22, "UPLAND_SKM": 10.2, "ENDORHEIC": 0, "DIS_AV_CMS": 0.31400001, "ORD_STRA": 1, "ORD_CLAS": 3, "ORD_FLOW": 7, "HYBAS_L12": 4121158070.0, "Shape_Length": 0.018898057941341511 }, "geometry": { "type": "MultiLineString", "coordinates": [ [ [ 80.370833333333081, 7.249999999999879 ], [ 80.37708333333299, 7.256249999999859 ], [ 80.37708333333299, 7.260416666666565 ], [ 80.381249999999653, 7.264583333333228 ] ] ] } },
{ "type": "Feature", "properties": { "HYRIV_ID": 41404513, "NEXT_DOWN": 41404461, "MAIN_RIV": 41404427, "LENGTH_KM": 1.81, "DIST_DN_KM": 3.4, "DIST_UP_KM": 5.2, "CATCH_SKM": 7.2399998, "UPLAND_SKM": 7.2, "ENDORHEIC": 0, "DIS_AV_CMS": 0.215, "ORD_STRA": 1, "ORD_CLAS": 2, "ORD_FLOW": 7, "HYBAS_L12": 4120049090.0, "Shape_Length": 0.016309223176572313 }, "geometry": { "type": "MultiLineString", "coordinates": [ [ [ 79.868749999999665, 7.245833333333216 ], [ 79.868749999999665, 7.252083333333211 ], [ 79.864583333333002, 7.256249999999859 ], [ 79.864583333333002, 7.260416666666565 ] ] ] } },
{ "type": "Feature", "properties": { "HYRIV_ID": 41404514, "NEXT_DOWN": 41404411, "MAIN_RIV": 41404427, "LENGTH_KM": 5.4299998, "DIST_DN_KM": 10.7, "DIST_UP_KM": 7.8, "CATCH_SKM": 11.29, "UPLAND_SKM": 11.3, "ENDORHEIC": 0, "DIS_AV_CMS": 0.33500001, "ORD_STRA": 1, "ORD_CLAS": 2, "ORD_FLOW": 7, "HYBAS_L12": 4120049090.0, "Shape_Length": 0.049075727470941008 }, "geometry": { "type": "MultiLineString", "coordinates": [ [ [ 79.945833333333013, 7.245833333333216 ], [ 79.93958333333299, 7.252083333333211 ], [ 79.943749999999596, 7.256249999999859 ], [ 79.943749999999596, 7.260416666666565 ], [ 79.93958333333299, 7.264583333333228 ], [ 79.935416666666271, 7.264583333333228 ], [ 79.931249999999778, 7.268749999999876 ], [ 79.931249999999778, 7.272916666666539 ], [ 79.927083333332945, 7.277083333333245 ], [ 79.922916666666396, 7.277083333333245 ] ] ] } },
{ "type": "Feature", "properties": { "HYRIV_ID": 41404515, "NEXT_DOWN": 41404453, "MAIN_RIV": 41404427, "LENGTH_KM": 4.7199998, "DIST_DN_KM": 88.800003, "DIST_UP_KM": 15.4, "CATCH_SKM": 8.7299995, "UPLAND_SKM": 49.0, "ENDORHEIC": 0, "DIS_AV_CMS": 1.497, "ORD_STRA": 2, "ORD_CLAS": 2, "ORD_FLOW": 6, "HYBAS_L12": 4121158070.0, "Shape_Length": 0.042677669529514635 }, "geometry": { "type": "MultiLineString", "coordinates": [ [ [ 80.481249999999619, 7.247916666666548 ], [ 80.464583333332968, 7.247916666666548 ], [ 80.452083333332922, 7.260416666666565 ], [ 80.44791666666643, 7.260416666666565 ], [ 80.44791666666643, 7.264583333333228 ] ] ] } },
{ "type": "Feature", "properties": { "HYRIV_ID": 41404516, "NEXT_DOWN": 41404515, "MAIN_RIV": 41404427, "LENGTH_KM": 0.69, "DIST_DN_KM": 93.5, "DIST_UP_KM": 3.1, "CATCH_SKM": 4.2600002, "UPLAND_SKM": 4.3, "ENDORHEIC": 0, "DIS_AV_CMS": 0.12800001, "ORD_STRA": 1, "ORD_CLAS": 3, "ORD_FLOW": 7, "HYBAS_L12": 4121158070.0, "Shape_Length": 0.0062499999999801048 }, "geometry": { "type": "MultiLineString", "coordinates": [ [ [ 80.481249999999619, 7.254166666666528 ], [ 80.481249999999619, 7.247916666666548 ] ] ] } },
{ "type": "Feature", "properties": { "HYRIV_ID": 41404533, "NEXT_DOWN": 41404467, "MAIN_RIV": 41404427, "LENGTH_KM": 3.62, "DIST_DN_KM": 54.200001, "DIST_UP_KM": 15.6, "CATCH_SKM": 7.2399998, "UPLAND_SKM": 57.700001, "ENDORHEIC": 0, "DIS_AV_CMS": 1.839, "ORD_STRA": 2, "ORD_CLAS": 2, "ORD_FLOW": 6, "HYBAS_L12": 4121158080.0, "Shape_Length": 0.032618446353112042 }, "geometry": { "type": "MultiLineString", "coordinates": [ [ [ 80.210416666666305, 7.239583333333222 ], [ 80.210416666666305, 7.252083333333211 ], [ 80.214583333332968, 7.256249999999859 ], [ 80.214583333332968, 7.260416666666565 ], [ 80.210416666666305, 7.264583333333228 ], [ 80.206249999999642, 7.264583333333228 ] ] ] } },
{ "type": "Feature", "properties": { "HYRIV_ID": 41404547, "NEXT_DOWN": 41404464, "MAIN_RIV": 41404427, "LENGTH_KM": 3.85, "DIST_DN_KM": 34.8, "DIST_UP_KM": 6.0, "CATCH_SKM": 12.78, "UPLAND_SKM": 12.8, "ENDORHEIC": 0, "DIS_AV_CMS": 0.39, "ORD_STRA": 1, "ORD_CLAS": 2, "ORD_FLOW": 7, "HYBAS_L12": 4121601680.0, "Shape_Length": 0.034701779686510371 }, "geometry": { "type": "MultiLineString", "coordinates": [ [ [ 80.087499999999721, 7.235416666666573 ], [ 80.081249999999642, 7.235416666666573 ], [ 80.081249999999642, 7.239583333333222 ], [ 80.077083333332979, 7.243749999999885 ], [ 80.077083333332979, 7.247916666666548 ], [ 80.072916666666316, 7.252083333333211 ], [ 80.072916666666316, 7.260416666666565 ] ] ] } },
{ "type": "Feature", "properties": { "HYRIV_ID": 41404548, "NEXT_DOWN": 41404451, "MAIN_RIV": 41404427, "LENGTH_KM": 9.21, "DIST_DN_KM": 63.700001, "DIST_UP_KM": 11.9, "CATCH_SKM": 23.42, "UPLAND_SKM": 23.4, "ENDORHEIC": 0, "DIS_AV_CMS": 0.728, "ORD_STRA": 1, "ORD_CLAS": 3, "ORD_FLOW": 7, "HYBAS_L12": 4121601730.0, "Shape_Length": 0.083272005725936668 }, "geometry": { "type": "MultiLineString", "coordinates": [ [ [ 80.308333333332968, 7.235416666666573 ], [ 80.297916666666396, 7.235416666666573 ], [ 80.293749999999733, 7.239583333333222 ], [ 80.272916666666362, 7.239583333333222 ], [ 80.268749999999699, 7.235416666666573 ], [ 80.264583333332979, 7.235416666666573 ], [ 80.260416666666316, 7.239583333333222 ], [ 80.260416666666316, 7.252083333333211 ], [ 80.25208333333299, 7.260416666666565 ], [ 80.256249999999653, 7.264583333333228 ] ] ] } },
{ "type": "Feature", "properties": { "HYRIV_ID": 41404549, "NEXT_DOWN": 41404515, "MAIN_RIV": 41404427, "LENGTH_KM": 2.6900001, "DIST_DN_KM": 93.5, "DIST_UP_KM": 10.7, "CATCH_SKM": 9.37, "UPLAND_SKM": 36.0, "ENDORHEIC": 0, "DIS_AV_CMS": 1.11, "ORD_STRA": 2, "ORD_CLAS": 2, "ORD_FLOW": 6, "HYBAS_L12": 4121158070.0, "Shape_Length": 0.024285113019739492 }, "geometry": { "type": "MultiLineString", "coordinates": [ [ [ 80.497916666666271, 7.235416666666573 ], [ 80.497916666666271, 7.239583333333222 ], [ 80.489583333332945, 7.247916666666548 ], [ 80.481249999999619, 7.247916666666548 ] ] ] } },
{ "type": "Feature", "properties": { "HYRIV_ID": 41404559, "NEXT_DOWN": 41404453, "MAIN_RIV": 41404427, "LENGTH_KM": 4.6500001, "DIST_DN_KM": 89.0, "DIST_UP_KM": 30.3, "CATCH_SKM": 13.42, "UPLAND_SKM": 204.89999, "ENDORHEIC": 0, "DIS_AV_CMS": 6.6059999, "ORD_STRA": 3, "ORD_CLAS": 1, "ORD_FLOW": 6, "HYBAS_L12": 4121158070.0, "Shape_Length": 0.04196278254939715 }, "geometry": { "type": "MultiLineString", "coordinates": [ [ [ 80.452083333332922, 7.231249999999868 ], [ 80.44791666666643, 7.235416666666573 ], [ 80.44791666666643, 7.239583333333222 ], [ 80.443749999999596, 7.243749999999885 ], [ 80.443749999999596, 7.252083333333211 ], [ 80.439583333333047, 7.256249999999859 ], [ 80.44791666666643, 7.264583333333228 ] ] ] } },
{ "type": "Feature", "properties": { "HYRIV_ID": 41404560, "NEXT_DOWN": 41404559, "MAIN_RIV": 41404427, "LENGTH_KM": 2.07, "DIST_DN_KM": 93.400002, "DIST_UP_KM": 5.4, "CATCH_SKM": 7.0300002, "UPLAND_SKM": 7.0, "ENDORHEIC": 0, "DIS_AV_CMS": 0.218, "ORD_STRA": 1, "ORD_CLAS": 2, "ORD_FLOW": 7, "HYBAS_L12": 4121158070.0, "Shape_Length": 0.018750000000068212 }, "geometry": { "type": "MultiLineString", "coordinates": [ [ [ 80.47083333333299, 7.231249999999868 ], [ 80.452083333332922, 7.231249999999868 ] ] ] } },
{ "type": "Feature", "properties": { "HYRIV_ID": 41404576, "NEXT_DOWN": 41404303, "MAIN_RIV": 41404427, "LENGTH_KM": 13.42, "DIST_DN_KM": 17.6, "DIST_UP_KM": 15.5, "CATCH_SKM": 45.139999, "UPLAND_SKM": 45.099998, "ENDORHEIC": 0, "DIS_AV_CMS": 1.353, "ORD_STRA": 1, "ORD_CLAS": 2, "ORD_FLOW": 6, "HYBAS_L12": 4120049090.0, "Shape_Length": 0.12121617955018026 }, "geometry": { "type": "MultiLineString", "coordinates": [ [ [ 80.049999999999642, 7.224999999999888 ], [ 80.039583333332956, 7.235416666666573 ], [ 80.039583333332956, 7.239583333333222 ], [ 80.027083333333024, 7.252083333333211 ], [ 80.014583333333036, 7.252083333333211 ], [ 80.00624999999971, 7.260416666666565 ], [ 79.989583333333002, 7.260416666666565 ], [ 79.981249999999676, 7.268749999999876 ], [ 79.985416666666339, 7.272916666666539 ], [ 79.981249999999676, 7.277083333333245 ], [ 79.981249999999676, 7.281249999999893 ], [ 79.972916666666293, 7.289583333333219 ], [ 79.972916666666293, 7.29375 ] ] ] } },
{ "type": "Feature", "properties": { "HYRIV_ID": 41404577, "NEXT_DOWN": 41404533, "MAIN_RIV": 41404427, "LENGTH_KM": 1.77, "DIST_DN_KM": 58.0, "DIST_UP_KM": 11.8, "CATCH_SKM": 2.77, "UPLAND_SKM": 41.3, "ENDORHEIC": 0, "DIS_AV_CMS": 1.3329999, "ORD_STRA": 2, "ORD_CLAS": 2, "ORD_FLOW": 6, "HYBAS_L12": 4121158080.0, "Shape_Length": 0.015951779686448047 }, "geometry": { "type": "MultiLineString", "coordinates": [ [ [ 80.202083333332979, 7.227083333333205 ], [ 80.202083333332979, 7.231249999999868 ], [ 80.210416666666305, 7.239583333333222 ] ] ] } },
{ "type": "Feature", "properties": { "HYRIV_ID": 41404578, "NEXT_DOWN": 41404533, "MAIN_RIV": 41404427, "LENGTH_KM": 2.0, "DIST_DN_KM": 58.0, "DIST_UP_KM": 4.7, "CATCH_SKM": 9.1599998, "UPLAND_SKM": 9.2, "ENDORHEIC": 0, "DIS_AV_CMS": 0.29, "ORD_STRA": 1, "ORD_CLAS": 3, "ORD_FLOW": 7, "HYBAS_L12": 4121158080.0, "Shape_Length": 0.018035113019765275 }, "geometry": { "type": "MultiLineString", "coordinates": [ [ [ 80.218749999999631, 7.224999999999888 ], [ 80.218749999999631, 7.231249999999868 ], [ 80.210416666666305, 7.239583333333222 ] ] ] } },
{ "type": "Feature", "properties": { "HYRIV_ID": 41404579, "NEXT_DOWN": 41404559, "MAIN_RIV": 41404427, "LENGTH_KM": 0.46, "DIST_DN_KM": 93.400002, "DIST_UP_KM": 25.8, "CATCH_SKM": 0.43, "UPLAND_SKM": 184.39999, "ENDORHEIC": 0, "DIS_AV_CMS": 6.006, "ORD_STRA": 3, "ORD_CLAS": 1, "ORD_FLOW": 6, "HYBAS_L12": 4121158070.0, "Shape_Length": 0.0041666666666628771 }, "geometry": { "type": "MultiLineString", "coordinates": [ [ [ 80.452083333332922, 7.227083333333205 ], [ 80.452083333332922, 7.231249999999868 ] ] ] } },
{ "type": "Feature", "properties": { "HYRIV_ID": 41404585, "NEXT_DOWN": 41404366, "MAIN_RIV": 41404427, "LENGTH_KM": 7.85, "DIST_DN_KM": 41.099998, "DIST_UP_KM": 9.3, "CATCH_SKM": 20.870001, "UPLAND_SKM": 20.9, "ENDORHEIC": 0, "DIS_AV_CMS": 0.639, "ORD_STRA": 1, "ORD_CLAS": 2, "ORD_FLOW": 7, "HYBAS_L12": 4121601680.0, "Shape_Length": 0.070772005726086287 }, "geometry": { "type": "MultiLineString", "coordinates": [ [ [ 80.135416666666373, 7.220833333333225 ], [ 80.135416666666373, 7.227083333333205 ], [ 80.131249999999653, 7.231249999999868 ], [ 80.131249999999653, 7.256249999999859 ], [ 80.135416666666373, 7.260416666666565 ], [ 80.131249999999653, 7.264583333333228 ], [ 80.131249999999653, 7.268749999999876 ], [ 80.118749999999665, 7.281249999999893 ] ] ] } },
{ "type": "Feature", "properties": { "HYRIV_ID": 41404586, "NEXT_DOWN": 41404451, "MAIN_RIV": 41404427, "LENGTH_KM": 17.139999, "DIST_DN_KM": 63.5, "DIST_UP_KM": 20.200001, "CATCH_SKM": 50.889999, "UPLAND_SKM": 50.900002, "ENDORHEIC": 0, "DIS_AV_CMS": 1.5650001, "ORD_STRA": 1, "ORD_CLAS": 2, "ORD_FLOW": 6, "HYBAS_L12": 4121601730.0, "Shape_Length": 0.15511634192241242 }, "geometry": { "type": "MultiLineString", "coordinates": [ [ [ 80.391666666666396, 7.222916666666556 ], [ 80.381249999999653, 7.222916666666556 ], [ 80.37708333333299, 7.227083333333205 ], [ 80.372916666666328, 7.227083333333205 ], [ 80.368749999999665, 7.231249999999868 ], [ 80.360416666666282, 7.231249999999868 ], [ 80.356249999999619, 7.235416666666573 ], [ 80.352083333332956, 7.235416666666573 ], [ 80.343749999999631, 7.243749999999885 ], [ 80.343749999999631, 7.247916666666548 ], [ 80.339583333332968, 7.247916666666548 ], [ 80.335416666666305, 7.252083333333211 ], [ 80.310416666666271, 7.252083333333211 ], [ 80.306249999999608, 7.256249999999859 ], [ 80.297916666666396, 7.256249999999859 ], [ 80.293749999999733, 7.260416666666565 ], [ 80.264583333332979, 7.260416666666565 ], [ 80.260416666666316, 7.264583333333228 ], [ 80.256249999999653, 7.264583333333228 ] ] ] } },
{ "type": "Feature", "properties": { "HYRIV_ID": 41404593, "NEXT_DOWN": 41404579, "MAIN_RIV": 41404427, "LENGTH_KM": 3.37, "DIST_DN_KM": 93.900002, "DIST_UP_KM": 5.4, "CATCH_SKM": 6.6, "UPLAND_SKM": 6.6, "ENDORHEIC": 0, "DIS_AV_CMS": 0.207, "ORD_STRA": 1, "ORD_CLAS": 2, "ORD_FLOW": 7, "HYBAS_L12": 4121158070.0, "Shape_Length": 0.030535113019659603 }, "geometry": { "type": "MultiLineString", "coordinates": [ [ [ 80.424999999999642, 7.218749999999893 ], [ 80.431249999999608, 7.218749999999893 ], [ 80.435416666666271, 7.222916666666556 ], [ 80.443749999999596, 7.222916666666556 ], [ 80.44791666666643, 7.227083333333205 ], [ 80.452083333332922, 7.227083333333205 ] ] ] } },
{ "type": "Feature", "properties": { "HYRIV_ID": 41404594, "NEXT_DOWN": 41404549, "MAIN_RIV": 41404427, "LENGTH_KM": 4.9499998, "DIST_DN_KM": 96.199997, "DIST_UP_KM": 8.0, "CATCH_SKM": 17.040001, "UPLAND_SKM": 17.0, "ENDORHEIC": 0, "DIS_AV_CMS": 0.52700001, "ORD_STRA": 1, "ORD_CLAS": 2, "ORD_FLOW": 7, "HYBAS_L12": 4121158070.0, "Shape_Length": 0.044761002863073447 }, "geometry": { "type": "MultiLineString", "coordinates": [ [ [ 80.531249999999687, 7.216666666666562 ], [ 80.531249999999687, 7.222916666666556 ], [ 80.522916666666305, 7.231249999999868 ], [ 80.514583333332979, 7.231249999999868 ], [ 80.510416666666316, 7.235416666666573 ], [ 80.497916666666271, 7.235416666666573 ] ] ] } },
{ "type": "Feature", "properties": { "HYRIV_ID": 41404609, "NEXT_DOWN": 41404579, "MAIN_RIV": 41404427, "LENGTH_KM": 1.58, "DIST_DN_KM": 93.900002, "DIST_UP_KM": 25.4, "CATCH_SKM": 3.62, "UPLAND_SKM": 177.39999, "ENDORHEIC": 0, "DIS_AV_CMS": 5.789, "ORD_STRA": 3, "ORD_CLAS": 1, "ORD_FLOW": 6, "HYBAS_L12": 4121601750.0, "Shape_Length": 0.014225889843234274 }, "geometry": { "type": "MultiLineString", "coordinates": [ [ [ 80.456249999999642, 7.214583333333231 ], [ 80.456249999999642, 7.218749999999893 ], [ 80.452083333332922, 7.222916666666556 ], [ 80.452083333332922, 7.227083333333205 ] ] ] } },
{ "type": "Feature", "properties": { "HYRIV_ID": 41404628, "NEXT_DOWN": 41404367, "MAIN_RIV": 41404427, "LENGTH_KM": 10.29, "DIST_DN_KM": 48.8, "DIST_UP_KM": 11.5, "CATCH_SKM": 27.469999, "UPLAND_SKM": 27.5, "ENDORHEIC": 0, "DIS_AV_CMS": 0.85100001, "ORD_STRA": 1, "ORD_CLAS": 2, "ORD_FLOW": 7, "HYBAS_L12": 4121158080.0, "Shape_Length": 0.092764399863934491 }, "geometry": { "type": "MultiLineString", "coordinates": [ [ [ 80.174999999999642, 7.20833333333325 ], [ 80.16041666666635, 7.222916666666556 ], [ 80.16041666666635, 7.235416666666573 ], [ 80.16458333333307, 7.239583333333222 ], [ 80.16041666666635, 7.243749999999885 ], [ 80.16458333333307, 7.247916666666548 ], [ 80.16041666666635, 7.252083333333211 ], [ 80.16458333333307, 7.256249999999859 ], [ 80.16458333333307, 7.268749999999876 ], [ 80.172916666666396, 7.277083333333245 ], [ 80.168749999999619, 7.281249999999893 ] ] ] } },
{ "type": "Feature", "properties": { "HYRIV_ID": 41404629, "NEXT_DOWN": 41404577, "MAIN_RIV": 41404427, "LENGTH_KM": 3.57, "DIST_DN_KM": 59.599998, "DIST_UP_KM": 6.7, "CATCH_SKM": 8.7299995, "UPLAND_SKM": 8.7, "ENDORHEIC": 0, "DIS_AV_CMS": 0.278, "ORD_STRA": 1, "ORD_CLAS": 3, "ORD_FLOW": 7, "HYBAS_L12": 4121158080.0, "Shape_Length": 0.03226100286312085 }, "geometry": { "type": "MultiLineString", "coordinates": [ [ [ 80.189583333333104, 7.20833333333325 ], [ 80.189583333333104, 7.214583333333231 ], [ 80.185416666666271, 7.218749999999893 ], [ 80.193749999999596, 7.227083333333205 ], [ 80.202083333332979, 7.227083333333205 ] ] ] } },
{ "type": "Feature", "properties": { "HYRIV_ID": 41404630, "NEXT_DOWN": 41404549, "MAIN_RIV": 41404427, "LENGTH_KM": 3.86, "DIST_DN_KM": 96.199997, "DIST_UP_KM": 6.8, "CATCH_SKM": 9.58, "UPLAND_SKM": 9.6, "ENDORHEIC": 0, "DIS_AV_CMS": 0.3, "ORD_STRA": 1, "ORD_CLAS": 3, "ORD_FLOW": 7, "HYBAS_L12": 4121158070.0, "Shape_Length": 0.034849837627839803 }, "geometry": { "type": "MultiLineString", "coordinates": [ [ [ 80.516666666666282, 7.20833333333325 ], [ 80.510416666666316, 7.214583333333231 ], [ 80.510416666666316, 7.218749999999893 ], [ 80.497916666666271, 7.231249999999868 ], [ 80.497916666666271, 7.235416666666573 ] ] ] } },
{ "type": "Feature", "properties": { "HYRIV_ID": 41404644, "NEXT_DOWN": 41404609, "MAIN_RIV": 41404427, "LENGTH_KM": 4.4899998, "DIST_DN_KM": 95.5, "DIST_UP_KM": 6.8, "CATCH_SKM": 15.76, "UPLAND_SKM": 15.8, "ENDORHEIC": 0, "DIS_AV_CMS": 0.50199997, "ORD_STRA": 1, "ORD_CLAS": 2, "ORD_FLOW": 7, "HYBAS_L12": 4121601750.0, "Shape_Length": 0.040594336196381434 }, "geometry": { "type": "MultiLineString", "coordinates": [ [ [ 80.424999999999642, 7.206249999999876 ], [ 80.435416666666271, 7.206249999999876 ], [ 80.439583333333047, 7.210416666666582 ], [ 80.443749999999596, 7.206249999999876 ], [ 80.452083333332922, 7.206249999999876 ], [ 80.456249999999642, 7.210416666666582 ], [ 80.456249999999642, 7.214583333333231 ] ] ] } },
{ "type": "Feature", "properties": { "HYRIV_ID": 41404645, "NEXT_DOWN": 41404609, "MAIN_RIV": 41404427, "LENGTH_KM": 1.76, "DIST_DN_KM": 95.699997, "DIST_UP_KM": 23.6, "CATCH_SKM": 2.77, "UPLAND_SKM": 158.0, "ENDORHEIC": 0, "DIS_AV_CMS": 5.184, "ORD_STRA": 3, "ORD_CLAS": 1, "ORD_FLOW": 6, "HYBAS_L12": 4121601750.0, "Shape_Length": 0.015951779686448047 }, "geometry": { "type": "MultiLineString", "coordinates": [ [ [ 80.468749999999631, 7.206249999999876 ], [ 80.464583333332968, 7.210416666666582 ], [ 80.460416666666305, 7.210416666666582 ], [ 80.456249999999642, 7.214583333333231 ] ] ] } },
{ "type": "Feature", "properties": { "HYRIV_ID": 41404683, "NEXT_DOWN": 41404577, "MAIN_RIV": 41404427, "LENGTH_KM": 4.0, "DIST_DN_KM": 59.599998, "DIST_UP_KM": 10.2, "CATCH_SKM": 8.7299995, "UPLAND_SKM": 29.8, "ENDORHEIC": 0, "DIS_AV_CMS": 0.97100002, "ORD_STRA": 2, "ORD_CLAS": 2, "ORD_FLOW": 7, "HYBAS_L12": 4121158080.0, "Shape_Length": 0.036070226039510454 }, "geometry": { "type": "MultiLineString", "coordinates": [ [ [ 80.218749999999631, 7.197916666666565 ], [ 80.214583333332968, 7.202083333333213 ], [ 80.214583333332968, 7.206249999999876 ], [ 80.210416666666305, 7.210416666666582 ], [ 80.210416666666305, 7.214583333333231 ], [ 80.202083333332979, 7.222916666666556 ], [ 80.202083333332979, 7.227083333333205 ] ] ] } },
{ "type": "Feature", "properties": { "HYRIV_ID": 41404710, "NEXT_DOWN": 41404645, "MAIN_RIV": 41404427, "LENGTH_KM": 3.8, "DIST_DN_KM": 97.199997, "DIST_UP_KM": 12.5, "CATCH_SKM": 11.29, "UPLAND_SKM": 46.0, "ENDORHEIC": 0, "DIS_AV_CMS": 1.475, "ORD_STRA": 2, "ORD_CLAS": 2, "ORD_FLOW": 6, "HYBAS_L12": 4121601750.0, "Shape_Length": 0.034344336196305718 }, "geometry": { "type": "MultiLineString", "coordinates": [ [ [ 80.497916666666271, 7.19375 ], [ 80.493749999999665, 7.197916666666565 ], [ 80.489583333332945, 7.197916666666565 ], [ 80.485416666666282, 7.202083333333213 ], [ 80.481249999999619, 7.202083333333213 ], [ 80.477083333332956, 7.206249999999876 ], [ 80.468749999999631, 7.206249999999876 ] ] ] } },
{ "type": "Feature", "properties": { "HYRIV_ID": 41404756, "NEXT_DOWN": 41404683, "MAIN_RIV": 41404427, "LENGTH_KM": 2.6500001, "DIST_DN_KM": 63.8, "DIST_UP_KM": 4.9, "CATCH_SKM": 9.58, "UPLAND_SKM": 9.6, "ENDORHEIC": 0, "DIS_AV_CMS": 0.315, "ORD_STRA": 1, "ORD_CLAS": 3, "ORD_FLOW": 7, "HYBAS_L12": 4121158080.0, "Shape_Length": 0.023927669529662021 }, "geometry": { "type": "MultiLineString", "coordinates": [ [ [ 80.231249999999619, 7.179166666666553 ], [ 80.231249999999619, 7.185416666666548 ], [ 80.218749999999631, 7.197916666666565 ] ] ] } },
{ "type": "Feature", "properties": { "HYRIV_ID": 41404771, "NEXT_DOWN": 41404710, "MAIN_RIV": 41404427, "LENGTH_KM": 2.46, "DIST_DN_KM": 101.0, "DIST_UP_KM": 4.7, "CATCH_SKM": 5.75, "UPLAND_SKM": 5.8, "ENDORHEIC": 0, "DIS_AV_CMS": 0.186, "ORD_STRA": 1, "ORD_CLAS": 3, "ORD_FLOW": 7, "HYBAS_L12": 4121601750.0, "Shape_Length": 0.022201779686361976 }, "geometry": { "type": "MultiLineString", "coordinates": [ [ [ 80.497916666666271, 7.174999999999891 ], [ 80.497916666666271, 7.181249999999885 ], [ 80.493749999999665, 7.185416666666548 ], [ 80.497916666666271, 7.189583333333239 ], [ 80.497916666666271, 7.19375 ] ] ] } },
{ "type": "Feature", "properties": { "HYRIV_ID": 41404786, "NEXT_DOWN": 41404683, "MAIN_RIV": 41404427, "LENGTH_KM": 3.86, "DIST_DN_KM": 63.8, "DIST_UP_KM": 6.0, "CATCH_SKM": 11.5, "UPLAND_SKM": 11.5, "ENDORHEIC": 0, "DIS_AV_CMS": 0.37900001, "ORD_STRA": 1, "ORD_CLAS": 2, "ORD_FLOW": 7, "HYBAS_L12": 4121158080.0, "Shape_Length": 0.034849837627875836 }, "geometry": { "type": "MultiLineString", "coordinates": [ [ [ 80.220833333333047, 7.170833333333242 ], [ 80.210416666666305, 7.181249999999885 ], [ 80.210416666666305, 7.189583333333239 ], [ 80.218749999999631, 7.197916666666565 ] ] ] } },
{ "type": "Feature", "properties": { "HYRIV_ID": 41404794, "NEXT_DOWN": 41404795, "MAIN_RIV": 41404427, "LENGTH_KM": 3.37, "DIST_DN_KM": 102.0, "DIST_UP_KM": 5.2, "CATCH_SKM": 12.99, "UPLAND_SKM": 13.0, "ENDORHEIC": 0, "DIS_AV_CMS": 0.42300001, "ORD_STRA": 1, "ORD_CLAS": 2, "ORD_FLOW": 7, "HYBAS_L12": 4121601750.0, "Shape_Length": 0.030535113019756345 }, "geometry": { "type": "MultiLineString", "coordinates": [ [ [ 80.433333333332968, 7.172916666666573 ], [ 80.443749999999596, 7.172916666666573 ], [ 80.44791666666643, 7.177083333333222 ], [ 80.452083333332922, 7.172916666666573 ], [ 80.460416666666305, 7.172916666666573 ] ] ] } },
{ "type": "Feature", "properties": { "HYRIV_ID": 41404795, "NEXT_DOWN": 41404645, "MAIN_RIV": 41404427, "LENGTH_KM": 4.73, "DIST_DN_KM": 97.199997, "DIST_UP_KM": 22.0, "CATCH_SKM": 13.42, "UPLAND_SKM": 109.3, "ENDORHEIC": 0, "DIS_AV_CMS": 3.6300001, "ORD_STRA": 3, "ORD_CLAS": 1, "ORD_FLOW": 6, "HYBAS_L12": 4121601750.0, "Shape_Length": 0.04267766952962071 }, "geometry": { "type": "MultiLineString", "coordinates": [ [ [ 80.460416666666305, 7.172916666666573 ], [ 80.464583333332968, 7.177083333333222 ], [ 80.468749999999631, 7.177083333333222 ], [ 80.472916666666293, 7.181249999999885 ], [ 80.472916666666293, 7.185416666666548 ], [ 80.468749999999631, 7.189583333333239 ], [ 80.468749999999631, 7.206249999999876 ] ] ] } },
{ "type": "Feature", "properties": { "HYRIV_ID": 41404796, "NEXT_DOWN": 41404710, "MAIN_RIV": 41404427, "LENGTH_KM": 2.8800001, "DIST_DN_KM": 101.2, "DIST_UP_KM": 8.5, "CATCH_SKM": 5.54, "UPLAND_SKM": 29.0, "ENDORHEIC": 0, "DIS_AV_CMS": 0.93800002, "ORD_STRA": 2, "ORD_CLAS": 2, "ORD_FLOW": 7, "HYBAS_L12": 4121601750.0, "Shape_Length": 0.026011002863019446 }, "geometry": { "type": "MultiLineString", "coordinates": [ [ [ 80.510416666666316, 7.172916666666573 ], [ 80.510416666666316, 7.177083333333222 ], [ 80.506249999999653, 7.181249999999885 ], [ 80.506249999999653, 7.185416666666548 ], [ 80.497916666666271, 7.19375 ] ] ] } },
{ "type": "Feature", "properties": { "HYRIV_ID": 41404797, "NEXT_DOWN": 41404796, "MAIN_RIV": 41404427, "LENGTH_KM": 0.92, "DIST_DN_KM": 103.9, "DIST_UP_KM": 4.4, "CATCH_SKM": 0.85, "UPLAND_SKM": 12.8, "ENDORHEIC": 0, "DIS_AV_CMS": 0.41, "ORD_STRA": 2, "ORD_CLAS": 3, "ORD_FLOW": 7, "HYBAS_L12": 4121601750.0, "Shape_Length": 0.0083333333333257542 }, "geometry": { "type": "MultiLineString", "coordinates": [ [ [ 80.518749999999642, 7.172916666666573 ], [ 80.510416666666316, 7.172916666666573 ] ] ] } },
{ "type": "Feature", "properties": { "HYRIV_ID": 41404798, "NEXT_DOWN": 41404797, "MAIN_RIV": 41404427, "LENGTH_KM": 0.98, "DIST_DN_KM": 105.0, "DIST_UP_KM": 3.3, "CATCH_SKM": 4.9, "UPLAND_SKM": 4.9, "ENDORHEIC": 0, "DIS_AV_CMS": 0.156, "ORD_STRA": 1, "ORD_CLAS": 3, "ORD_FLOW": 7, "HYBAS_L12": 4121601750.0, "Shape_Length": 0.0088388347647936592 }, "geometry": { "type": "MultiLineString", "coordinates": [ [ [ 80.524999999999608, 7.179166666666553 ], [ 80.518749999999642, 7.172916666666573 ] ] ] } },
{ "type": "Feature", "properties": { "HYRIV_ID": 41404810, "NEXT_DOWN": 41404797, "MAIN_RIV": 41404427, "LENGTH_KM": 1.4400001, "DIST_DN_KM": 104.8, "DIST_UP_KM": 3.1, "CATCH_SKM": 7.0300002, "UPLAND_SKM": 7.0, "ENDORHEIC": 0, "DIS_AV_CMS": 0.227, "ORD_STRA": 1, "ORD_CLAS": 4, "ORD_FLOW": 7, "HYBAS_L12": 4121601750.0, "Shape_Length": 0.01300550143149673 }, "geometry": { "type": "MultiLineString", "coordinates": [ [ [ 80.529166666666271, 7.166666666666536 ], [ 80.522916666666305, 7.172916666666573 ], [ 80.518749999999642, 7.172916666666573 ] ] ] } },
{ "type": "Feature", "properties": { "HYRIV_ID": 41404887, "NEXT_DOWN": 41404795, "MAIN_RIV": 41404427, "LENGTH_KM": 3.1600001, "DIST_DN_KM": 102.0, "DIST_UP_KM": 17.3, "CATCH_SKM": 10.86, "UPLAND_SKM": 82.900002, "ENDORHEIC": 0, "DIS_AV_CMS": 2.793, "ORD_STRA": 3, "ORD_CLAS": 1, "ORD_FLOW": 6, "HYBAS_L12": 4121601750.0, "Shape_Length": 0.028451779686469263 }, "geometry": { "type": "MultiLineString", "coordinates": [ [ [ 80.468749999999631, 7.147916666666539 ], [ 80.464583333332968, 7.152083333333231 ], [ 80.464583333332968, 7.160416666666556 ], [ 80.460416666666305, 7.164583333333205 ], [ 80.460416666666305, 7.172916666666573 ] ] ] } },
{ "type": "Feature", "properties": { "HYRIV_ID": 41404907, "NEXT_DOWN": 41404887, "MAIN_RIV": 41404427, "LENGTH_KM": 1.11, "DIST_DN_KM": 105.3, "DIST_UP_KM": 14.0, "CATCH_SKM": 0.85, "UPLAND_SKM": 63.900002, "ENDORHEIC": 0, "DIS_AV_CMS": 2.1700001, "ORD_STRA": 3, "ORD_CLAS": 1, "ORD_FLOW": 6, "HYBAS_L12": 4121601750.0, "Shape_Length": 0.010059223176545413 }, "geometry": { "type": "MultiLineString", "coordinates": [ [ [ 80.477083333332956, 7.143749999999876 ], [ 80.472916666666293, 7.143749999999876 ], [ 80.468749999999631, 7.147916666666539 ] ] ] } },
{ "type": "Feature", "properties": { "HYRIV_ID": 41404908, "NEXT_DOWN": 41404796, "MAIN_RIV": 41404427, "LENGTH_KM": 4.33, "DIST_DN_KM": 104.1, "DIST_UP_KM": 5.6, "CATCH_SKM": 10.65, "UPLAND_SKM": 10.7, "ENDORHEIC": 0, "DIS_AV_CMS": 0.35, "ORD_STRA": 1, "ORD_CLAS": 2, "ORD_FLOW": 7, "HYBAS_L12": 4121601750.0, "Shape_Length": 0.039016504294500952 }, "geometry": { "type": "MultiLineString", "coordinates": [ [ [ 80.529166666666271, 7.141666666666545 ], [ 80.522916666666305, 7.147916666666539 ], [ 80.522916666666305, 7.152083333333231 ], [ 80.518749999999642, 7.156249999999893 ], [ 80.518749999999642, 7.160416666666556 ], [ 80.514583333332979, 7.164583333333205 ], [ 80.514583333332979, 7.16875 ], [ 80.510416666666316, 7.172916666666573 ] ] ] } },
{ "type": "Feature", "properties": { "HYRIV_ID": 41404923, "NEXT_DOWN": 41404887, "MAIN_RIV": 41404427, "LENGTH_KM": 3.0, "DIST_DN_KM": 105.1, "DIST_UP_KM": 5.0, "CATCH_SKM": 8.0900002, "UPLAND_SKM": 8.1, "ENDORHEIC": 0, "DIS_AV_CMS": 0.273, "ORD_STRA": 1, "ORD_CLAS": 2, "ORD_FLOW": 7, "HYBAS_L12": 4121601750.0, "Shape_Length": 0.027083333333280279 }, "geometry": { "type": "MultiLineString", "coordinates": [ [ [ 80.449999999999676, 7.139583333333213 ], [ 80.468749999999631, 7.139583333333213 ], [ 80.468749999999631, 7.147916666666539 ] ] ] } },
{ "type": "Feature", "properties": { "HYRIV_ID": 41404936, "NEXT_DOWN": 41404907, "MAIN_RIV": 41404427, "LENGTH_KM": 1.12, "DIST_DN_KM": 106.2, "DIST_UP_KM": 13.0, "CATCH_SKM": 1.7, "UPLAND_SKM": 42.599998, "ENDORHEIC": 0, "DIS_AV_CMS": 1.462, "ORD_STRA": 3, "ORD_CLAS": 1, "ORD_FLOW": 6, "HYBAS_L12": 4121601750.0, "Shape_Length": 0.010059223176545413 }, "geometry": { "type": "MultiLineString", "coordinates": [ [ [ 80.472916666666293, 7.135416666666551 ], [ 80.477083333332956, 7.139583333333213 ], [ 80.477083333332956, 7.143749999999876 ] ] ] } },
{ "type": "Feature", "properties": { "HYRIV_ID": 41404950, "NEXT_DOWN": 41404936, "MAIN_RIV": 41404427, "LENGTH_KM": 0.98, "DIST_DN_KM": 107.6, "DIST_UP_KM": 3.7, "CATCH_SKM": 5.33, "UPLAND_SKM": 5.3, "ENDORHEIC": 0, "DIS_AV_CMS": 0.182, "ORD_STRA": 1, "ORD_CLAS": 2, "ORD_FLOW": 7, "HYBAS_L12": 4121601750.0, "Shape_Length": 0.0088388347648238053 }, "geometry": { "type": "MultiLineString", "coordinates": [ [ [ 80.466666666666328, 7.129166666666528 ], [ 80.472916666666293, 7.135416666666551 ] ] ] } },
{ "type": "Feature", "properties": { "HYRIV_ID": 41405003, "NEXT_DOWN": 41404907, "MAIN_RIV": 41404427, "LENGTH_KM": 7.1900001, "DIST_DN_KM": 106.2, "DIST_UP_KM": 10.1, "CATCH_SKM": 20.450001, "UPLAND_SKM": 20.4, "ENDORHEIC": 0, "DIS_AV_CMS": 0.68300003, "ORD_STRA": 1, "ORD_CLAS": 2, "ORD_FLOW": 7, "HYBAS_L12": 4121601750.0, "Shape_Length": 0.064879449216093218 }, "geometry": { "type": "MultiLineString", "coordinates": [ [ [ 80.514583333332979, 7.112499999999891 ], [ 80.514583333332979, 7.118749999999885 ], [ 80.50208333333299, 7.13125 ], [ 80.50208333333299, 7.143749999999876 ], [ 80.497916666666271, 7.147916666666539 ], [ 80.489583333332945, 7.147916666666539 ], [ 80.485416666666282, 7.143749999999876 ], [ 80.477083333332956, 7.143749999999876 ] ] ] } },
{ "type": "Feature", "properties": { "HYRIV_ID": 41405024, "NEXT_DOWN": 41404936, "MAIN_RIV": 41404427, "LENGTH_KM": 3.73, "DIST_DN_KM": 107.6, "DIST_UP_KM": 11.7, "CATCH_SKM": 8.5200005, "UPLAND_SKM": 35.599998, "ENDORHEIC": 0, "DIS_AV_CMS": 1.224, "ORD_STRA": 3, "ORD_CLAS": 1, "ORD_FLOW": 6, "HYBAS_L12": 4121601750.0, "Shape_Length": 0.033629449216125804 }, "geometry": { "type": "MultiLineString", "coordinates": [ [ [ 80.493749999999665, 7.110416666666559 ], [ 80.481249999999619, 7.122916666666534 ], [ 80.481249999999619, 7.127083333333196 ], [ 80.472916666666293, 7.135416666666551 ] ] ] } },
{ "type": "Feature", "properties": { "HYRIV_ID": 41405054, "NEXT_DOWN": 41405024, "MAIN_RIV": 41404427, "LENGTH_KM": 1.12, "DIST_DN_KM": 111.3, "DIST_UP_KM": 4.9, "CATCH_SKM": 2.56, "UPLAND_SKM": 12.4, "ENDORHEIC": 0, "DIS_AV_CMS": 0.428, "ORD_STRA": 2, "ORD_CLAS": 2, "ORD_FLOW": 7, "HYBAS_L12": 4121601750.0, "Shape_Length": 0.010059223176537804 }, "geometry": { "type": "MultiLineString", "coordinates": [ [ [ 80.497916666666271, 7.102083333333205 ], [ 80.497916666666271, 7.10625 ], [ 80.493749999999665, 7.110416666666559 ] ] ] } },
{ "type": "Feature", "properties": { "HYRIV_ID": 41405055, "NEXT_DOWN": 41405054, "MAIN_RIV": 41404427, "LENGTH_KM": 0.69, "DIST_DN_KM": 112.2, "DIST_UP_KM": 4.0, "CATCH_SKM": 6.39, "UPLAND_SKM": 6.4, "ENDORHEIC": 0, "DIS_AV_CMS": 0.221, "ORD_STRA": 1, "ORD_CLAS": 2, "ORD_FLOW": 7, "HYBAS_L12": 4121601750.0, "Shape_Length": 0.0062500000001364242 }, "geometry": { "type": "MultiLineString", "coordinates": [ [ [ 80.504166666666407, 7.102083333333205 ], [ 80.497916666666271, 7.102083333333205 ] ] ] } },
{ "type": "Feature", "properties": { "HYRIV_ID": 41405079, "NEXT_DOWN": 41405080, "MAIN_RIV": 41404427, "LENGTH_KM": 0.69, "DIST_DN_KM": 114.2, "DIST_UP_KM": 2.0, "CATCH_SKM": 3.4100001, "UPLAND_SKM": 3.4, "ENDORHEIC": 0, "DIS_AV_CMS": 0.118, "ORD_STRA": 1, "ORD_CLAS": 2, "ORD_FLOW": 7, "HYBAS_L12": 4121601750.0, "Shape_Length": 0.0062499999999658939 }, "geometry": { "type": "MultiLineString", "coordinates": [ [ [ 80.47083333333299, 7.097916666666542 ], [ 80.477083333332956, 7.097916666666542 ] ] ] } },
{ "type": "Feature", "properties": { "HYRIV_ID": 41405080, "NEXT_DOWN": 41405024, "MAIN_RIV": 41404427, "LENGTH_KM": 3.07, "DIST_DN_KM": 111.1, "DIST_UP_KM": 8.2, "CATCH_SKM": 5.1100001, "UPLAND_SKM": 14.7, "ENDORHEIC": 0, "DIS_AV_CMS": 0.51099998, "ORD_STRA": 2, "ORD_CLAS": 1, "ORD_FLOW": 7, "HYBAS_L12": 4121601750.0, "Shape_Length": 0.027736892706249152 }, "geometry": { "type": "MultiLineString", "coordinates": [ [ [ 80.477083333332956, 7.097916666666542 ], [ 80.481249999999619, 7.102083333333205 ], [ 80.485416666666282, 7.097916666666542 ], [ 80.493749999999665, 7.10625 ], [ 80.493749999999665, 7.110416666666559 ] ] ] } },
{ "type": "Feature", "properties": { "HYRIV_ID": 41405081, "NEXT_DOWN": 41405054, "MAIN_RIV": 41404427, "LENGTH_KM": 0.98, "DIST_DN_KM": 112.4, "DIST_UP_KM": 3.4, "CATCH_SKM": 3.4100001, "UPLAND_SKM": 3.4, "ENDORHEIC": 0, "DIS_AV_CMS": 0.119, "ORD_STRA": 1, "ORD_CLAS": 3, "ORD_FLOW": 7, "HYBAS_L12": 4121601750.0, "Shape_Length": 0.0088388347649242908 }, "geometry": { "type": "MultiLineString", "coordinates": [ [ [ 80.504166666666407, 7.095833333333211 ], [ 80.497916666666271, 7.102083333333205 ] ] ] } },
{ "type": "Feature", "properties": { "HYRIV_ID": 41405139, "NEXT_DOWN": 41405080, "MAIN_RIV": 41404427, "LENGTH_KM": 2.56, "DIST_DN_KM": 114.2, "DIST_UP_KM": 5.1, "CATCH_SKM": 6.1799998, "UPLAND_SKM": 6.2, "ENDORHEIC": 0, "DIS_AV_CMS": 0.217, "ORD_STRA": 1, "ORD_CLAS": 1, "ORD_FLOW": 7, "HYBAS_L12": 4121601750.0, "Shape_Length": 0.023064724608068129 }, "geometry": { "type": "MultiLineString", "coordinates": [ [ [ 80.479166666666373, 7.079166666666588 ], [ 80.472916666666293, 7.085416666666568 ], [ 80.472916666666293, 7.089583333333231 ], [ 80.477083333332956, 7.093749999999893 ], [ 80.477083333332956, 7.097916666666542 ] ] ] } }
]
}
